Date,Open,High,Low,Close,Adj Close,Volume,Dividends,Stock Splits
2015-01-02 00:00:00-05:00,70.58999633789062,70.91000366210938,69.7300033569336,70.12000274658203,54.65380859375,1766400,0.0,0.0
2015-01-05 00:00:00-05:00,69.68000030517578,69.77999877929688,68.63999938964844,68.7300033569336,53.57041549682617,2898800,0.0,0.0
2015-01-06 00:00:00-05:00,69.02999877929688,69.61000061035156,68.44999694824219,68.68000030517578,53.53142166137695,2626800,0.0,0.0
2015-01-07 00:00:00-05:00,69.4000015258789,69.8499984741211,68.81999969482422,69.80999755859375,54.41221618652344,2090200,0.0,0.0
2015-01-08 00:00:00-05:00,70.25,71.1500015258789,70.20999908447266,71.1500015258789,55.45662307739258,2962600,0.0,0.0
2015-01-09 00:00:00-05:00,71.08000183105469,71.12000274658203,70.37000274658203,70.41999816894531,54.887630462646484,2100800,0.0,0.0
2015-01-12 00:00:00-05:00,70.36000061035156,70.62000274658203,69.55999755859375,69.69999694824219,54.326454162597656,1513100,0.0,0.0
2015-01-13 00:00:00-05:00,70.30000305175781,71.19000244140625,69.55999755859375,70.12000274658203,54.65380859375,2239500,0.0,0.0
2015-01-14 00:00:00-05:00,68.95999908447266,69.80000305175781,68.83999633789062,69.43000030517578,54.11598587036133,2692400,0.0,0.0
2015-01-15 00:00:00-05:00,69.44000244140625,69.87999725341797,69.12000274658203,69.2300033569336,53.960113525390625,2057300,0.0,0.0
2015-01-16 00:00:00-05:00,69.81999969482422,70.87999725341797,69.5,70.83999633789062,55.214996337890625,2182800,0.0,0.0
2015-01-20 00:00:00-05:00,71.16000366210938,71.23999786376953,69.88999938964844,70.36000061035156,54.84088134765625,2113700,0.0,0.0
2015-01-21 00:00:00-05:00,70.08999633789062,70.69000244140625,69.61000061035156,70.30000305175781,54.79412078857422,2006800,0.0,0.0
2015-01-22 00:00:00-05:00,70.66999816894531,72.11000061035156,70.38999938964844,71.94999694824219,56.080177307128906,2523000,0.0,0.0
2015-01-23 00:00:00-05:00,72.08000183105469,72.11000061035156,71.41000366210938,71.43000030517578,55.674888610839844,1746700,0.0,0.0
2015-01-26 00:00:00-05:00,71.2699966430664,71.7699966430664,71.05999755859375,71.7300033569336,55.90872573852539,1663500,0.0,0.0
2015-01-27 00:00:00-05:00,71.04000091552734,71.79000091552734,70.91999816894531,71.44000244140625,55.68266296386719,1526200,0.0,0.0
2015-01-28 00:00:00-05:00,71.6500015258789,72.54000091552734,70.30000305175781,70.31999969482422,54.8096923828125,2539200,0.0,0.0
2015-01-29 00:00:00-05:00,70.5199966430664,71.25,70.2699966430664,71.05000305175781,55.37869644165039,2854900,0.0,0.0
2015-01-30 00:00:00-05:00,70.48999786376953,70.83999633789062,69.69999694824219,69.79000091552734,54.39659881591797,2486700,0.0,0.0
2015-02-02 00:00:00-05:00,69.73999786376953,70.98999786376953,69.16999816894531,70.91000366210938,55.269569396972656,3005600,0.0,0.0
2015-02-03 00:00:00-05:00,71.16000366210938,72.05999755859375,70.51000213623047,72.02999877929688,56.14253234863281,2988100,0.0,0.0
2015-02-04 00:00:00-05:00,71.80000305175781,72.87000274658203,71.72000122070312,72.58000183105469,56.571224212646484,3677400,0.0,0.0
2015-02-05 00:00:00-05:00,69.68000030517578,72.5199966430664,69.04000091552734,72.30000305175781,56.35297393798828,4825000,0.0,0.0
2015-02-06 00:00:00-05:00,72.0,72.20999908447266,70.72000122070312,70.93000030517578,55.28515625,4198100,0.0,0.0
2015-02-09 00:00:00-05:00,70.31999969482422,70.69000244140625,69.8499984741211,70.02999877929688,54.58366012573242,3555200,0.0,0.0
2015-02-10 00:00:00-05:00,70.55000305175781,70.58999633789062,69.6500015258789,70.05000305175781,54.5992546081543,3063500,0.0,0.0
2015-02-11 00:00:00-05:00,70.13999938964844,71.41999816894531,69.98999786376953,71.18000030517578,55.48002243041992,3840100,0.0,0.0
2015-02-12 00:00:00-05:00,71.23999786376953,71.69000244140625,71.16000366210938,71.56999969482422,55.783992767333984,2063400,0.0,0.0
2015-02-13 00:00:00-05:00,71.37000274658203,71.73999786376953,71.13999938964844,71.45999908447266,55.69822692871094,2016900,0.0,0.0
2015-02-17 00:00:00-05:00,71.4800033569336,71.86000061035156,71.13999938964844,71.2699966430664,55.550140380859375,2027000,0.0,0.0
2015-02-18 00:00:00-05:00,71.06999969482422,71.2300033569336,70.51000213623047,70.70999908447266,55.11369323730469,2446200,0.0,0.0
2015-02-19 00:00:00-05:00,70.6500015258789,71.2699966430664,70.58999633789062,71.16999816894531,55.47220230102539,2001900,0.0,0.0
2015-02-20 00:00:00-05:00,71.08999633789062,71.72000122070312,70.47000122070312,71.5999984741211,55.8073616027832,2121000,0.0,0.0
2015-02-23 00:00:00-05:00,71.37000274658203,71.4000015258789,71.05000305175781,71.26000213623047,55.54237365722656,1814800,0.0,0.0
2015-02-24 00:00:00-05:00,71.06999969482422,71.87000274658203,71.06999969482422,71.66999816894531,55.861942291259766,1848000,0.0,0.0
2015-02-25 00:00:00-05:00,71.54000091552734,71.7699966430664,71.08999633789062,71.12000274658203,55.43325424194336,2083500,0.0,0.0
2015-02-26 00:00:00-05:00,70.87000274658203,71.41999816894531,70.87000274658203,71.30999755859375,55.81679916381836,1903400,0.3,0.0
2015-02-27 00:00:00-05:00,71.06999969482422,71.2699966430664,70.58999633789062,70.5999984741211,55.26102828979492,2199600,0.0,0.0
2015-03-02 00:00:00-05:00,70.5999984741211,71.18000030517578,70.56999969482422,70.9800033569336,55.558502197265625,1687800,0.0,0.0
2015-03-03 00:00:00-05:00,70.6500015258789,70.9000015258789,70.2699966430664,70.48999786376953,55.174949645996094,1910300,0.0,0.0
2015-03-04 00:00:00-05:00,70.12999725341797,70.2300033569336,69.48999786376953,69.5,54.4000244140625,2344000,0.0,0.0
2015-03-05 00:00:00-05:00,69.79000091552734,69.91000366210938,69.30000305175781,69.55999755859375,54.44700622558594,3138000,0.0,0.0
2015-03-06 00:00:00-05:00,69.36000061035156,69.97000122070312,68.86000061035156,69.13999938964844,54.118247985839844,2637700,0.0,0.0
2015-03-09 00:00:00-04:00,68.87999725341797,69.75,68.75,69.58999633789062,54.47049331665039,1855900,0.0,0.0
2015-03-10 00:00:00-04:00,68.93000030517578,69.13999938964844,68.37999725341797,68.38999938964844,53.53119659423828,2164900,0.0,0.0
2015-03-11 00:00:00-04:00,68.7300033569336,69.44000244140625,68.43000030517578,69.08999633789062,54.07910919189453,2382500,0.0,0.0
2015-03-12 00:00:00-04:00,69.4000015258789,70.41999816894531,69.33000183105469,70.4000015258789,55.104496002197266,1635500,0.0,0.0
2015-03-13 00:00:00-04:00,70.0199966430664,70.22000122070312,69.25,69.55999755859375,54.44700622558594,1955000,0.0,0.0
2015-03-16 00:00:00-04:00,70.0199966430664,70.6500015258789,69.9000015258789,70.48999786376953,55.174949645996094,2061700,0.0,0.0
2015-03-17 00:00:00-04:00,70.0999984741211,70.20999908447266,69.63999938964844,69.9800033569336,54.77574920654297,3156600,0.0,0.0
2015-03-18 00:00:00-04:00,70.18000030517578,70.9000015258789,69.48999786376953,70.62000274658203,55.27668380737305,2683200,0.0,0.0
2015-03-19 00:00:00-04:00,70.69999694824219,71.2699966430664,70.31999969482422,70.5999984741211,55.26102828979492,2623200,0.0,0.0
2015-03-20 00:00:00-04:00,70.80999755859375,71.63999938964844,70.69000244140625,71.45999908447266,55.93416976928711,4189900,0.0,0.0
2015-03-23 00:00:00-04:00,71.83999633789062,72.33000183105469,71.80000305175781,71.88999938964844,56.270774841308594,2478900,0.0,0.0
2015-03-24 00:00:00-04:00,71.7300033569336,71.88999938964844,71.06999969482422,71.33999633789062,55.840248107910156,2522300,0.0,0.0
2015-03-25 00:00:00-04:00,71.55000305175781,71.55000305175781,70.48999786376953,70.55000305175781,55.221900939941406,2055000,0.0,0.0
2015-03-26 00:00:00-04:00,70.30000305175781,70.54000091552734,69.9800033569336,70.19999694824219,54.94795227050781,1933900,0.0,0.0
2015-03-27 00:00:00-04:00,70.18000030517578,70.37000274658203,69.88999938964844,70.05000305175781,54.830543518066406,1734100,0.0,0.0
2015-03-30 00:00:00-04:00,70.36000061035156,71.37000274658203,70.08999633789062,70.94999694824219,55.53498458862305,2331700,0.0,0.0
2015-03-31 00:00:00-04:00,70.4800033569336,71.30000305175781,70.08000183105469,71.16999816894531,55.707183837890625,3560700,0.0,0.0
2015-04-01 00:00:00-04:00,71.18000030517578,71.9000015258789,70.95999908447266,71.29000091552734,55.80113983154297,3369600,0.0,0.0
2015-04-02 00:00:00-04:00,71.29000091552734,71.6500015258789,71.13999938964844,71.44999694824219,55.926361083984375,1971900,0.0,0.0
2015-04-06 00:00:00-04:00,71.06999969482422,72.51000213623047,70.87000274658203,72.12000274658203,56.4508056640625,2408700,0.0,0.0
2015-04-07 00:00:00-04:00,72.1500015258789,72.4000015258789,71.47000122070312,71.47000122070312,55.94202423095703,1310800,0.0,0.0
2015-04-08 00:00:00-04:00,71.5999984741211,72.0,71.44000244140625,71.58000183105469,56.02812957763672,2109000,0.0,0.0
2015-04-09 00:00:00-04:00,71.61000061035156,72.01000213623047,71.61000061035156,71.9000015258789,56.278594970703125,1827600,0.0,0.0
2015-04-10 00:00:00-04:00,72.0,72.23999786376953,71.63999938964844,72.02999877929688,56.38035202026367,1475100,0.0,0.0
2015-04-13 00:00:00-04:00,71.66999816894531,72.38999938964844,71.66999816894531,71.9800033569336,56.34122848510742,1465800,0.0,0.0
2015-04-14 00:00:00-04:00,71.91000366210938,72.0999984741211,71.37999725341797,71.5,55.96549987792969,2263200,0.0,0.0
2015-04-15 00:00:00-04:00,71.61000061035156,72.2699966430664,71.61000061035156,71.94000244140625,56.30989456176758,1810300,0.0,0.0
2015-04-16 00:00:00-04:00,71.86000061035156,72.30999755859375,71.51000213623047,72.04000091552734,56.3881950378418,1490100,0.0,0.0
2015-04-17 00:00:00-04:00,71.4800033569336,71.56999969482422,70.58000183105469,70.87000274658203,55.47237014770508,3084300,0.0,0.0
2015-04-20 00:00:00-04:00,71.31999969482422,71.66999816894531,71.23999786376953,71.3499984741211,55.84809112548828,1571200,0.0,0.0
2015-04-21 00:00:00-04:00,71.33000183105469,71.54000091552734,70.72000122070312,70.81999969482422,55.43324661254883,1566500,0.0,0.0
2015-04-22 00:00:00-04:00,70.7699966430664,71.0199966430664,70.4000015258789,70.87999725341797,55.48020553588867,1718600,0.0,0.0
2015-04-23 00:00:00-04:00,70.68000030517578,71.27999877929688,70.5999984741211,70.80999755859375,55.4254150390625,1916900,0.0,0.0
2015-04-24 00:00:00-04:00,70.62999725341797,71.12000274658203,70.4800033569336,70.94999694824219,55.53498458862305,1592400,0.0,0.0
2015-04-27 00:00:00-04:00,71.27999877929688,71.30000305175781,70.22000122070312,70.30999755859375,55.0340576171875,2185500,0.0,0.0
2015-04-28 00:00:00-04:00,70.23999786376953,70.9800033569336,70.08999633789062,70.69000244140625,55.33147048950195,1745000,0.0,0.0
2015-04-29 00:00:00-04:00,70.25,70.73999786376953,69.75,70.25,54.98709487915039,2132400,0.0,0.0
2015-04-30 00:00:00-04:00,70.13999938964844,70.37999725341797,69.33000183105469,69.66000366210938,54.52528762817383,3440800,0.0,0.0
2015-05-01 00:00:00-04:00,70.12999725341797,70.3499984741211,69.80000305175781,69.94999694824219,54.75225830078125,2423200,0.0,0.0
2015-05-04 00:00:00-04:00,70.0,70.18000030517578,69.66000366210938,69.81999969482422,54.65049362182617,4123000,0.0,0.0
2015-05-05 00:00:00-04:00,69.62000274658203,70.33000183105469,69.62000274658203,70.0,54.79139709472656,2513100,0.0,0.0
2015-05-06 00:00:00-04:00,68.87999725341797,69.25,66.9000015258789,67.30999755859375,52.68583297729492,9737600,0.0,0.0
2015-05-07 00:00:00-04:00,67.2300033569336,67.86000061035156,66.9800033569336,67.72000122070312,53.006778717041016,4320100,0.0,0.0
2015-05-08 00:00:00-04:00,68.4000015258789,68.5,67.08999633789062,67.2699966430664,52.654541015625,3631500,0.0,0.0
2015-05-11 00:00:00-04:00,67.2699966430664,67.4000015258789,66.69000244140625,66.87000274658203,52.34144592285156,3425300,0.0,0.0
2015-05-12 00:00:00-04:00,66.7300033569336,67.0999984741211,66.62000274658203,66.91000366210938,52.37276077270508,2510500,0.0,0.0
2015-05-13 00:00:00-04:00,66.69000244140625,67.05000305175781,66.55999755859375,66.98999786376953,52.43536376953125,2458300,0.0,0.0
2015-05-14 00:00:00-04:00,67.20999908447266,67.66999816894531,67.19000244140625,67.63999938964844,52.94415283203125,2061800,0.0,0.0
2015-05-15 00:00:00-04:00,67.62999725341797,68.0199966430664,67.47000122070312,67.5999984741211,52.91283416748047,1683600,0.0,0.0
2015-05-18 00:00:00-04:00,67.6500015258789,68.19999694824219,67.61000061035156,68.08999633789062,53.2963752746582,1444000,0.0,0.0
2015-05-19 00:00:00-04:00,68.27999877929688,68.8499984741211,68.04000091552734,68.75,53.812984466552734,2560700,0.0,0.0
2015-05-20 00:00:00-04:00,68.6500015258789,68.8499984741211,68.12999725341797,68.7300033569336,53.79734420776367,2607400,0.0,0.0
2015-05-21 00:00:00-04:00,68.41999816894531,68.61000061035156,67.87999725341797,68.0999984741211,53.304203033447266,2538900,0.0,0.0
2015-05-22 00:00:00-04:00,68.02999877929688,68.08999633789062,67.58000183105469,67.5999984741211,52.91283416748047,1807400,0.0,0.0
2015-05-26 00:00:00-04:00,67.41000366210938,67.5199966430664,67.13999938964844,67.37999725341797,52.74063491821289,2563700,0.0,0.0
2015-05-27 00:00:00-04:00,67.43000030517578,67.81999969482422,67.0999984741211,67.61000061035156,53.157325744628906,2057000,0.3,0.0
2015-05-28 00:00:00-04:00,67.4000015258789,67.94000244140625,67.4000015258789,67.80000305175781,53.30673599243164,2044200,0.0,0.0
2015-05-29 00:00:00-04:00,67.69000244140625,67.81999969482422,67.30999755859375,67.31999969482422,52.92932891845703,1990200,0.0,0.0
2015-06-01 00:00:00-04:00,67.6500015258789,67.9800033569336,66.9000015258789,66.91999816894531,52.61484909057617,2633200,0.0,0.0
2015-06-02 00:00:00-04:00,66.91999816894531,67.41999816894531,66.80000305175781,67.12999725341797,52.77994918823242,2332700,0.0,0.0
2015-06-03 00:00:00-04:00,67.33999633789062,67.80999755859375,67.12999725341797,67.72000122070312,53.24383544921875,1773200,0.0,0.0
2015-06-04 00:00:00-04:00,67.37999725341797,67.68000030517578,66.95999908447266,67.05000305175781,52.717063903808594,2392400,0.0,0.0
2015-06-05 00:00:00-04:00,67.41000366210938,67.6500015258789,66.45999908447266,66.4800033569336,52.26890563964844,1851300,0.0,0.0
2015-06-08 00:00:00-04:00,66.55000305175781,66.79000091552734,65.80000305175781,65.81999969482422,51.74998474121094,1990900,0.0,0.0
2015-06-09 00:00:00-04:00,65.81999969482422,66.25,65.5999984741211,65.70999908447266,51.66348648071289,2205900,0.0,0.0
2015-06-10 00:00:00-04:00,65.91999816894531,67.0199966430664,65.9000015258789,66.91000366210938,52.60698699951172,2420000,0.0,0.0
2015-06-11 00:00:00-04:00,67.05000305175781,67.48999786376953,66.91999816894531,67.48999786376953,53.06299591064453,2069600,0.0,0.0
2015-06-12 00:00:00-04:00,67.18000030517578,67.48999786376953,67.06999969482422,67.37000274658203,52.968650817871094,1819800,0.0,0.0
2015-06-15 00:00:00-04:00,66.86000061035156,67.22000122070312,66.6500015258789,66.66999816894531,52.41827392578125,1940400,0.0,0.0
2015-06-16 00:00:00-04:00,66.56999969482422,67.44000244140625,66.44000244140625,67.33000183105469,52.937198638916016,1690100,0.0,0.0
2015-06-17 00:00:00-04:00,67.45999908447266,67.56999969482422,66.94999694824219,67.18000030517578,52.819271087646484,1511200,0.0,0.0
2015-06-18 00:00:00-04:00,67.37999725341797,68.47000122070312,67.33000183105469,68.3499984741211,53.739139556884766,2905900,0.0,0.0
2015-06-19 00:00:00-04:00,68.1500015258789,68.29000091552734,66.44999694824219,66.44999694824219,52.24531173706055,5049100,0.0,0.0
2015-06-22 00:00:00-04:00,66.01000213623047,66.9000015258789,66.01000213623047,66.27999877929688,52.11164855957031,4124700,0.0,0.0
2015-06-23 00:00:00-04:00,66.41000366210938,66.5199966430664,66.18000030517578,66.36000061035156,52.17454528808594,2484200,0.0,0.0
2015-06-24 00:00:00-04:00,66.36000061035156,66.41000366210938,65.93000030517578,65.94999694824219,51.852195739746094,2683700,0.0,0.0
2015-06-25 00:00:00-04:00,66.19000244140625,66.27999877929688,65.02999877929688,65.02999877929688,51.12886047363281,3805800,0.0,0.0
2015-06-26 00:00:00-04:00,65.41999816894531,66.06999969482422,65.23999786376953,65.83000183105469,51.757850646972656,3079300,0.0,0.0
2015-06-29 00:00:00-04:00,65.25,65.54000091552734,64.62000274658203,64.68000030517578,50.853675842285156,2718300,0.0,0.0
2015-06-30 00:00:00-04:00,65.3499984741211,65.61000061035156,64.83000183105469,64.87000274658203,51.003047943115234,3121200,0.0,0.0
2015-07-01 00:00:00-04:00,65.80000305175781,66.52999877929688,65.22000122070312,65.48999786376953,51.49052429199219,4657600,0.0,0.0
2015-07-02 00:00:00-04:00,65.4800033569336,65.69999694824219,64.88999938964844,64.98999786376953,51.09740447998047,2818100,0.0,0.0
2015-07-06 00:00:00-04:00,64.30000305175781,64.91000366210938,64.23999786376953,64.80999755859375,50.95587921142578,2782900,0.0,0.0
2015-07-07 00:00:00-04:00,64.79000091552734,65.7699966430664,64.44000244140625,65.73999786376953,51.68708038330078,2943300,0.0,0.0
2015-07-08 00:00:00-04:00,65.25,65.63999938964844,64.8499984741211,64.91999816894531,51.04237365722656,2631900,0.0,0.0
2015-07-09 00:00:00-04:00,65.76000213623047,65.7699966430664,65.25,65.41000366210938,51.427616119384766,2358900,0.0,0.0
2015-07-10 00:00:00-04:00,66.05000305175781,66.3499984741211,65.76000213623047,66.19000244140625,52.040897369384766,2231400,0.0,0.0
2015-07-13 00:00:00-04:00,67.18000030517578,67.3499984741211,66.7699966430664,67.25,52.874298095703125,2421400,0.0,0.0
2015-07-14 00:00:00-04:00,66.94999694824219,67.72000122070312,66.94999694824219,67.58999633789062,53.14162063598633,2256700,0.0,0.0
2015-07-15 00:00:00-04:00,67.5999984741211,68.06999969482422,67.44000244140625,68.05999755859375,53.51114273071289,2423900,0.0,0.0
2015-07-16 00:00:00-04:00,68.33999633789062,68.48999786376953,67.63999938964844,67.9800033569336,53.448246002197266,1977800,0.0,0.0
2015-07-17 00:00:00-04:00,67.83999633789062,67.87000274658203,67.16999816894531,67.58999633789062,53.14162063598633,2628500,0.0,0.0
2015-07-20 00:00:00-04:00,67.47000122070312,67.94000244140625,67.11000061035156,67.70999908447266,53.2359733581543,2345500,0.0,0.0
2015-07-21 00:00:00-04:00,67.76000213623047,68.11000061035156,67.37000274658203,67.69999694824219,53.228092193603516,1963300,0.0,0.0
2015-07-22 00:00:00-04:00,67.69999694824219,68.45999908447266,67.5,68.37000274658203,53.75489044189453,2524300,0.0,0.0
2015-07-23 00:00:00-04:00,68.4000015258789,68.66000366210938,68.19999694824219,68.36000061035156,53.74702453613281,2112800,0.0,0.0
2015-07-24 00:00:00-04:00,68.25,68.63999938964844,68.18000030517578,68.31999969482422,53.71556091308594,1855800,0.0,0.0
2015-07-27 00:00:00-04:00,67.95999908447266,68.62999725341797,67.94000244140625,68.4000015258789,53.778472900390625,2622800,0.0,0.0
2015-07-28 00:00:00-04:00,68.79000091552734,68.80999755859375,68.27999877929688,68.58000183105469,53.92000198364258,1855500,0.0,0.0
2015-07-29 00:00:00-04:00,68.5,69.05999755859375,68.47000122070312,69.04000091552734,54.28165054321289,2191600,0.0,0.0
2015-07-30 00:00:00-04:00,68.8499984741211,69.27999877929688,68.72000122070312,69.16000366210938,54.376007080078125,1371900,0.0,0.0
2015-07-31 00:00:00-04:00,69.30999755859375,69.4800033569336,68.86000061035156,68.94999694824219,54.21089172363281,1643700,0.0,0.0
2015-08-03 00:00:00-04:00,69.12000274658203,69.4000015258789,68.7300033569336,69.37999725341797,54.54897689819336,2101100,0.0,0.0
2015-08-04 00:00:00-04:00,64.05999755859375,64.66999816894531,61.0,62.34000015258789,49.01388931274414,13215000,0.0,0.0
2015-08-05 00:00:00-04:00,62.900001525878906,63.279998779296875,62.33000183105469,62.5,49.13967514038086,6668700,0.0,0.0
2015-08-06 00:00:00-04:00,62.86000061035156,63.06999969482422,61.59000015258789,61.970001220703125,48.72296905517578,3843300,0.0,0.0
2015-08-07 00:00:00-04:00,61.79999923706055,62.59000015258789,61.650001525878906,62.540000915527344,49.171142578125,3561000,0.0,0.0
2015-08-10 00:00:00-04:00,63.130001068115234,63.599998474121094,62.849998474121094,63.099998474121094,49.61141586303711,3748300,0.0,0.0
2015-08-11 00:00:00-04:00,62.7599983215332,63.540000915527344,62.7599983215332,63.470001220703125,49.902320861816406,2719500,0.0,0.0
2015-08-12 00:00:00-04:00,62.93000030517578,63.779998779296875,62.7400016784668,63.61000061035156,50.01241683959961,2928600,0.0,0.0
2015-08-13 00:00:00-04:00,63.619998931884766,64.04000091552734,63.439998626708984,63.4900016784668,49.91805648803711,2261500,0.0,0.0
2015-08-14 00:00:00-04:00,63.31999969482422,63.869998931884766,63.209999084472656,63.86000061035156,50.20896530151367,2221600,0.0,0.0
2015-08-17 00:00:00-04:00,63.75,64.12000274658203,63.43000030517578,63.849998474121094,50.20109176635742,2068100,0.0,0.0
2015-08-18 00:00:00-04:00,63.7400016784668,63.93000030517578,63.470001220703125,63.56999969482422,49.980953216552734,2503500,0.0,0.0
2015-08-19 00:00:00-04:00,63.40999984741211,64.02999877929688,63.06999969482422,63.65999984741211,50.05171585083008,2990400,0.0,0.0
2015-08-20 00:00:00-04:00,63.13999938964844,63.13999938964844,62.65999984741211,62.70000076293945,49.29692459106445,2536500,0.0,0.0
2015-08-21 00:00:00-04:00,62.310001373291016,62.47999954223633,61.22999954223633,61.25,48.156883239746094,3651500,0.0,0.0
2015-08-24 00:00:00-04:00,60.11000061035156,60.11000061035156,54.119998931884766,58.38999938964844,45.908260345458984,4385000,0.0,0.0
2015-08-25 00:00:00-04:00,59.91999816894531,59.91999816894531,56.9900016784668,56.9900016784668,44.807518005371094,4644300,0.0,0.0
2015-08-26 00:00:00-04:00,58.15999984741211,58.59000015258789,56.68000030517578,57.400001525878906,45.129886627197266,7043400,0.0,0.0
2015-08-27 00:00:00-04:00,57.63999938964844,59.02000045776367,57.5099983215332,58.7400016784668,46.426090240478516,4787100,0.3,0.0
2015-08-28 00:00:00-04:00,58.54999923706055,58.95000076293945,58.2599983215332,58.630001068115234,46.339141845703125,2990600,0.0,0.0
2015-08-31 00:00:00-04:00,58.33000183105469,58.5,58.08000183105469,58.279998779296875,46.062530517578125,2828100,0.0,0.0
2015-09-01 00:00:00-04:00,57.0099983215332,57.459999084472656,56.79999923706055,57.13999938964844,45.161502838134766,3470800,0.0,0.0
2015-09-02 00:00:00-04:00,57.720001220703125,57.939998626708984,57.29999923706055,57.93000030517578,45.78588104248047,2777900,0.0,0.0
2015-09-03 00:00:00-04:00,58.0099983215332,58.54999923706055,57.81999969482422,57.97999954223633,45.825408935546875,2176700,0.0,0.0
2015-09-04 00:00:00-04:00,57.45000076293945,57.689998626708984,56.77000045776367,57.040000915527344,45.082454681396484,2341900,0.0,0.0
2015-09-08 00:00:00-04:00,57.84000015258789,58.2400016784668,57.66999816894531,58.20000076293945,45.999298095703125,2231600,0.0,0.0
2015-09-09 00:00:00-04:00,58.65999984741211,58.84000015258789,57.2400016784668,57.349998474121094,45.327484130859375,2561900,0.0,0.0
2015-09-10 00:00:00-04:00,57.2400016784668,58.040000915527344,57.0099983215332,57.66999816894531,45.58039093017578,2597500,0.0,0.0
2015-09-11 00:00:00-04:00,57.40999984741211,58.209999084472656,57.310001373291016,58.13999938964844,45.95186233520508,2727000,0.0,0.0
2015-09-14 00:00:00-04:00,58.290000915527344,58.310001373291016,58.0,58.2400016784668,46.030906677246094,2100300,0.0,0.0
2015-09-15 00:00:00-04:00,58.38999938964844,59.2599983215332,58.22999954223633,58.97999954223633,46.61577606201172,3461700,0.0,0.0
2015-09-16 00:00:00-04:00,59.040000915527344,59.34000015258789,58.810001373291016,59.20000076293945,46.789649963378906,3589900,0.0,0.0
2015-09-17 00:00:00-04:00,59.25,59.810001373291016,58.83000183105469,58.9900016784668,46.62368392944336,4738400,0.0,0.0
2015-09-18 00:00:00-04:00,58.040000915527344,58.529998779296875,57.439998626708984,57.56999969482422,45.501365661621094,5226700,0.0,0.0
2015-09-21 00:00:00-04:00,58.150001525878906,58.880001068115234,57.95000076293945,58.560001373291016,46.2838249206543,2513600,0.0,0.0
2015-09-22 00:00:00-04:00,58.15999984741211,58.209999084472656,57.689998626708984,58.099998474121094,45.92024612426758,2413500,0.0,0.0
2015-09-23 00:00:00-04:00,58.040000915527344,58.66999816894531,58.029998779296875,58.5099983215332,46.24429702758789,2412600,0.0,0.0
2015-09-24 00:00:00-04:00,58.119998931884766,58.810001373291016,57.77000045776367,58.59000015258789,46.30753707885742,2582500,0.0,0.0
2015-09-25 00:00:00-04:00,59.119998931884766,59.91999816894531,58.869998931884766,58.9900016784668,46.62368392944336,3897100,0.0,0.0
2015-09-28 00:00:00-04:00,58.529998779296875,58.77000045776367,57.459999084472656,57.7400016784668,45.63572311401367,3577400,0.0,0.0
2015-09-29 00:00:00-04:00,57.72999954223633,58.439998626708984,57.470001220703125,58.36000061035156,46.125755310058594,3909600,0.0,0.0
2015-09-30 00:00:00-04:00,58.869998931884766,58.970001220703125,57.790000915527344,58.2400016784668,46.030906677246094,3898000,0.0,0.0
2015-10-01 00:00:00-04:00,58.25,58.439998626708984,57.33000183105469,57.970001220703125,45.817501068115234,3856200,0.0,0.0
2015-10-02 00:00:00-04:00,57.13999938964844,59.150001525878906,56.970001220703125,59.150001525878906,46.75013732910156,3170700,0.0,0.0
2015-10-05 00:00:00-04:00,59.459999084472656,60.13999938964844,59.41999816894531,59.900001525878906,47.34290313720703,2173200,0.0,0.0
2015-10-06 00:00:00-04:00,59.7400016784668,60.27000045776367,59.59000015258789,59.880001068115234,47.32710647583008,2154800,0.0,0.0
2015-10-07 00:00:00-04:00,60.20000076293945,60.70000076293945,59.81999969482422,60.040000915527344,47.453556060791016,2419300,0.0,0.0
2015-10-08 00:00:00-04:00,59.880001068115234,61.22999954223633,59.7400016784668,61.119998931884766,48.307167053222656,2474000,0.0,0.0
2015-10-09 00:00:00-04:00,61.16999816894531,61.33000183105469,60.310001373291016,60.439998626708984,47.769710540771484,2438200,0.0,0.0
2015-10-12 00:00:00-04:00,60.540000915527344,61.13999938964844,60.439998626708984,60.90999984741211,48.14118194580078,1401800,0.0,0.0
2015-10-13 00:00:00-04:00,60.72999954223633,61.13999938964844,60.619998931884766,60.63999938964844,47.927772521972656,1649800,0.0,0.0
2015-10-14 00:00:00-04:00,60.5,60.599998474121094,59.779998779296875,59.86000061035156,47.31128692626953,2427000,0.0,0.0
2015-10-15 00:00:00-04:00,60.43000030517578,61.689998626708984,60.27000045776367,61.59000015258789,48.67863464355469,2906600,0.0,0.0
2015-10-16 00:00:00-04:00,61.439998626708984,61.5099983215332,60.65999984741211,61.20000076293945,48.37038040161133,3285000,0.0,0.0
2015-10-19 00:00:00-04:00,61.029998779296875,61.650001525878906,60.79999923706055,61.59000015258789,48.67863464355469,2427200,0.0,0.0
2015-10-20 00:00:00-04:00,61.63999938964844,62.220001220703125,61.380001068115234,61.439998626708984,48.56006622314453,3255900,0.0,0.0
2015-10-21 00:00:00-04:00,61.63999938964844,61.970001220703125,60.58000183105469,60.650001525878906,47.935672760009766,4371300,0.0,0.0
2015-10-22 00:00:00-04:00,61.0,61.63999938964844,60.619998931884766,61.54999923706055,48.647010803222656,2836200,0.0,0.0
2015-10-23 00:00:00-04:00,61.91999816894531,62.0,61.4900016784668,61.68000030517578,48.74976348876953,3194400,0.0,0.0
2015-10-26 00:00:00-04:00,61.83000183105469,62.09000015258789,61.59000015258789,61.81999969482422,48.860408782958984,2260400,0.0,0.0
2015-10-27 00:00:00-04:00,61.38999938964844,61.59000015258789,60.209999084472656,60.290000915527344,47.65114212036133,4572700,0.0,0.0
2015-10-28 00:00:00-04:00,60.61000061035156,62.310001373291016,60.470001220703125,62.310001373291016,49.2476921081543,3851200,0.0,0.0
2015-10-29 00:00:00-04:00,62.15999984741211,62.93000030517578,62.06999969482422,62.790000915527344,49.627071380615234,2700800,0.0,0.0
2015-10-30 00:00:00-04:00,62.84000015258789,62.939998626708984,61.849998474121094,61.880001068115234,48.9078254699707,3913500,0.0,0.0
2015-11-02 00:00:00-05:00,62.099998474121094,62.33000183105469,61.45000076293945,61.79999923706055,48.84461212158203,5335900,0.0,0.0
2015-11-03 00:00:00-05:00,62.91999816894531,63.36000061035156,61.63999938964844,63.15999984741211,49.91950225830078,6269100,0.0,0.0
2015-11-04 00:00:00-05:00,63.099998474121094,63.310001373291016,62.22999954223633,62.88999938964844,49.70610809326172,3658200,0.0,0.0
2015-11-05 00:00:00-05:00,62.959999084472656,63.720001220703125,62.900001525878906,63.54999923706055,50.22773742675781,3230800,0.0,0.0
2015-11-06 00:00:00-05:00,63.9900016784668,64.5,63.41999816894531,64.06999969482422,50.638729095458984,3067600,0.0,0.0
2015-11-09 00:00:00-05:00,64.02999877929688,64.05000305175781,63.209999084472656,63.52000045776367,50.20403289794922,2454000,0.0,0.0
2015-11-10 00:00:00-05:00,63.4900016784668,63.63999938964844,63.119998931884766,63.31999969482422,50.045963287353516,1813000,0.0,0.0
2015-11-11 00:00:00-05:00,63.52000045776367,63.540000915527344,63.0099983215332,63.119998931884766,49.88787078857422,1451000,0.0,0.0
2015-11-12 00:00:00-05:00,62.43000030517578,62.880001068115234,62.279998779296875,62.54999923706055,49.43738555908203,3045900,0.0,0.0
2015-11-13 00:00:00-05:00,62.540000915527344,62.83000183105469,62.2400016784668,62.40999984741211,49.326725006103516,2312100,0.0,0.0
2015-11-16 00:00:00-05:00,62.22999954223633,63.119998931884766,62.08000183105469,63.119998931884766,49.88787078857422,2566900,0.0,0.0
2015-11-17 00:00:00-05:00,63.130001068115234,63.47999954223633,62.650001525878906,62.709999084472656,49.5638313293457,2153600,0.0,0.0
2015-11-18 00:00:00-05:00,62.75,63.619998931884766,62.75,63.5,50.188232421875,2085900,0.0,0.0
2015-11-19 00:00:00-05:00,63.4900016784668,63.619998931884766,63.209999084472656,63.369998931884766,50.085479736328125,1659600,0.0,0.0
2015-11-20 00:00:00-05:00,63.29999923706055,63.91999816894531,63.15999984741211,63.34000015258789,50.061763763427734,3077700,0.0,0.0
2015-11-23 00:00:00-05:00,63.349998474121094,63.400001525878906,62.959999084472656,63.11000061035156,49.87998580932617,2201000,0.0,0.0
2015-11-24 00:00:00-05:00,62.790000915527344,63.15999984741211,62.54999923706055,62.939998626708984,49.745601654052734,1621900,0.0,0.0
2015-11-25 00:00:00-05:00,62.81999969482422,62.939998626708984,62.349998474121094,62.43000030517578,49.578853607177734,1745400,0.3,0.0
2015-11-27 00:00:00-05:00,62.540000915527344,62.90999984741211,62.439998626708984,62.84000015258789,49.90446090698242,821500,0.0,0.0
2015-11-30 00:00:00-05:00,62.970001220703125,63.150001525878906,62.54999923706055,62.7599983215332,49.840911865234375,3012500,0.0,0.0
2015-12-01 00:00:00-05:00,63.34000015258789,64.2300033569336,63.2599983215332,63.5,50.4286003112793,3411300,0.0,0.0
2015-12-02 00:00:00-05:00,63.54999923706055,63.66999816894531,62.810001373291016,62.88999938964844,49.94416427612305,2680900,0.0,0.0
2015-12-03 00:00:00-05:00,62.95000076293945,63.27000045776367,62.4900016784668,62.77000045776367,49.84886169433594,3197900,0.0,0.0
2015-12-04 00:00:00-05:00,62.970001220703125,64.58000183105469,62.959999084472656,64.48999786376953,51.21479415893555,2647500,0.0,0.0
2015-12-07 00:00:00-05:00,64.3499984741211,64.69000244140625,64.19000244140625,64.38999938964844,51.13538360595703,2675500,0.0,0.0
2015-12-08 00:00:00-05:00,64.37000274658203,64.37999725341797,63.66999816894531,63.86000061035156,50.71448516845703,2433600,0.0,0.0
2015-12-09 00:00:00-05:00,63.5,64.08000183105469,62.72999954223633,62.900001525878906,49.95210266113281,2561200,0.0,0.0
2015-12-10 00:00:00-05:00,62.90999984741211,63.08000183105469,62.29999923706055,62.47999954223633,49.618553161621094,2417100,0.0,0.0
2015-12-11 00:00:00-05:00,61.689998626708984,62.119998931884766,61.18000030517578,61.470001220703125,48.81647491455078,2120700,0.0,0.0
2015-12-14 00:00:00-05:00,61.58000183105469,62.119998931884766,60.91999816894531,61.38999938964844,48.75294494628906,2356300,0.0,0.0
2015-12-15 00:00:00-05:00,61.790000915527344,63.0,61.720001220703125,62.70000076293945,49.793270111083984,3020400,0.0,0.0
2015-12-16 00:00:00-05:00,63.279998779296875,63.5,62.529998779296875,63.380001068115234,50.333290100097656,2177700,0.0,0.0
2015-12-17 00:00:00-05:00,63.40999984741211,63.40999984741211,62.369998931884766,62.369998931884766,49.531192779541016,2161600,0.0,0.0
2015-12-18 00:00:00-05:00,62.11000061035156,62.11000061035156,60.7599983215332,61.33000183105469,48.705299377441406,6688800,0.0,0.0
2015-12-21 00:00:00-05:00,61.560001373291016,61.900001525878906,60.939998626708984,61.29999923706055,48.68144989013672,3117400,0.0,0.0
2015-12-22 00:00:00-05:00,61.709999084472656,62.66999816894531,61.25,62.5,49.634437561035156,2203300,0.0,0.0
2015-12-23 00:00:00-05:00,62.68000030517578,63.02000045776367,62.68000030517578,62.88999938964844,49.94416427612305,1916300,0.0,0.0
2015-12-24 00:00:00-05:00,62.83000183105469,63.45000076293945,62.68000030517578,63.13999938964844,50.1427001953125,1298700,0.0,0.0
2015-12-28 00:00:00-05:00,63.0099983215332,63.060001373291016,62.33000183105469,62.63999938964844,49.74560546875,1833300,0.0,0.0
2015-12-29 00:00:00-05:00,63.09000015258789,63.4900016784668,62.86000061035156,63.189998626708984,50.182403564453125,1495600,0.0,0.0
2015-12-30 00:00:00-05:00,63.150001525878906,63.34000015258789,62.77000045776367,62.810001373291016,49.880638122558594,1523000,0.0,0.0
2015-12-31 00:00:00-05:00,62.619998931884766,62.77000045776367,62.06999969482422,62.09000015258789,49.30884552001953,1573600,0.0,0.0
2016-01-04 00:00:00-05:00,60.880001068115234,60.97999954223633,59.91999816894531,60.66999816894531,48.18114471435547,3339200,0.0,0.0
2016-01-05 00:00:00-05:00,60.709999084472656,60.970001220703125,60.38999938964844,60.529998779296875,48.069950103759766,2808800,0.0,0.0
2016-01-06 00:00:00-05:00,59.790000915527344,60.20000076293945,59.599998474121094,59.849998474121094,47.529937744140625,2868400,0.0,0.0
2016-01-07 00:00:00-05:00,58.790000915527344,59.65999984741211,58.310001373291016,58.439998626708984,46.410186767578125,3982600,0.0,0.0
2016-01-08 00:00:00-05:00,58.79999923706055,58.939998626708984,58.13999938964844,58.22999954223633,46.243408203125,2883900,0.0,0.0
2016-01-11 00:00:00-05:00,58.38999938964844,58.630001068115234,57.59000015258789,58.02000045776367,46.07664489746094,3037300,0.0,0.0
2016-01-12 00:00:00-05:00,58.43000030517578,58.7400016784668,57.810001373291016,58.650001525878906,46.576969146728516,2957900,0.0,0.0
2016-01-13 00:00:00-05:00,58.81999969482422,59.349998474121094,57.81999969482422,57.90999984741211,45.989288330078125,4225600,0.0,0.0
2016-01-14 00:00:00-05:00,57.970001220703125,59.18000030517578,57.970001220703125,58.41999816894531,46.39430236816406,3193200,0.0,0.0
2016-01-15 00:00:00-05:00,56.90999984741211,58.560001373291016,56.029998779296875,58.130001068115234,46.164005279541016,5060200,0.0,0.0
2016-01-19 00:00:00-05:00,59.02000045776367,59.349998474121094,58.060001373291016,58.439998626708984,46.410186767578125,3082900,0.0,0.0
2016-01-20 00:00:00-05:00,57.5,58.47999954223633,57.13999938964844,57.9900016784668,46.05282211303711,4685500,0.0,0.0
2016-01-21 00:00:00-05:00,58.209999084472656,58.65999984741211,57.81999969482422,58.150001525878906,46.17987823486328,3858000,0.0,0.0
2016-01-22 00:00:00-05:00,58.90999984741211,59.0,58.20000076293945,58.529998779296875,46.481666564941406,2699600,0.0,0.0
2016-01-25 00:00:00-05:00,58.310001373291016,58.459999084472656,57.619998931884766,57.70000076293945,45.8225212097168,3852400,0.0,0.0
2016-01-26 00:00:00-05:00,58.04999923706055,58.68000030517578,57.880001068115234,58.18000030517578,46.20370101928711,2184300,0.0,0.0
2016-01-27 00:00:00-05:00,58.18000030517578,59.380001068115234,58.029998779296875,58.40999984741211,46.3863525390625,2891300,0.0,0.0
2016-01-28 00:00:00-05:00,58.83000183105469,59.5,58.41999816894531,59.220001220703125,47.02962875366211,3191000,0.0,0.0
2016-01-29 00:00:00-05:00,59.68000030517578,60.61000061035156,59.43000030517578,60.599998474121094,48.12555694580078,3799200,0.0,0.0
2016-02-01 00:00:00-05:00,60.13999938964844,60.83000183105469,59.81999969482422,60.529998779296875,48.069950103759766,2667500,0.0,0.0
2016-02-02 00:00:00-05:00,60.0099983215332,60.5,59.7599983215332,59.970001220703125,47.625244140625,2540900,0.0,0.0
2016-02-03 00:00:00-05:00,60.290000915527344,60.290000915527344,58.290000915527344,59.63999938964844,47.36317825317383,4765200,0.0,0.0
2016-02-04 00:00:00-05:00,60.47999954223633,62.20000076293945,60.47999954223633,62.04999923706055,49.277076721191406,5520000,0.0,0.0
2016-02-05 00:00:00-05:00,62.09000015258789,63.52000045776367,62.09000015258789,63.369998931884766,50.32535171508789,4617500,0.0,0.0
2016-02-08 00:00:00-05:00,62.869998931884766,63.540000915527344,62.36000061035156,63.33000183105469,50.2935905456543,3008500,0.0,0.0
2016-02-09 00:00:00-05:00,62.810001373291016,63.2599983215332,62.45000076293945,63.0099983215332,50.039451599121094,3743700,0.0,0.0
2016-02-10 00:00:00-05:00,63.27000045776367,63.939998626708984,62.88999938964844,62.97999954223633,50.0156364440918,2987500,0.0,0.0
2016-02-11 00:00:00-05:00,61.95000076293945,62.65999984741211,61.70000076293945,62.31999969482422,49.49149703979492,3020000,0.0,0.0
2016-02-12 00:00:00-05:00,63.02000045776367,64.30999755859375,62.86000061035156,63.90999984741211,50.75420379638672,3615300,0.0,0.0
2016-02-16 00:00:00-05:00,64.47000122070312,64.72000122070312,63.849998474121094,64.56999969482422,51.27832794189453,3502500,0.0,0.0
2016-02-17 00:00:00-05:00,64.69000244140625,65.29000091552734,64.69000244140625,65.0199966430664,51.635684967041016,3342700,0.0,0.0
2016-02-18 00:00:00-05:00,64.91000366210938,65.0,64.06999969482422,64.30000305175781,51.063926696777344,4086400,0.0,0.0
2016-02-19 00:00:00-05:00,63.88999938964844,64.44000244140625,63.79999923706055,64.0,50.82564926147461,4300100,0.0,0.0
2016-02-22 00:00:00-05:00,64.0,64.5999984741211,64.0,64.44000244140625,51.17509078979492,2513100,0.0,0.0
2016-02-23 00:00:00-05:00,64.30999755859375,64.30999755859375,63.560001373291016,63.72999954223633,50.61125564575195,1973500,0.0,0.0
2016-02-24 00:00:00-05:00,63.349998474121094,64.12999725341797,62.779998779296875,63.95000076293945,50.78596496582031,2366700,0.0,0.0
2016-02-25 00:00:00-05:00,63.91999816894531,64.44000244140625,63.66999816894531,64.41000366210938,51.416595458984375,1936100,0.33,0.0
2016-02-26 00:00:00-05:00,64.52999877929688,64.70999908447266,64.20999908447266,64.31999969482422,51.34474563598633,2391400,0.0,0.0
2016-02-29 00:00:00-05:00,64.12000274658203,64.30999755859375,63.45000076293945,63.459999084472656,50.65822982788086,2285100,0.0,0.0
2016-03-01 00:00:00-05:00,63.84000015258789,64.80999755859375,63.59000015258789,64.80999755859375,51.735904693603516,2167700,0.0,0.0
2016-03-02 00:00:00-05:00,64.7300033569336,65.41999816894531,64.63999938964844,65.41000366210938,52.214866638183594,2215600,0.0,0.0
2016-03-03 00:00:00-05:00,65.4000015258789,65.47000122070312,65.0,65.30999755859375,52.13504409790039,1985400,0.0,0.0
2016-03-04 00:00:00-05:00,65.30000305175781,65.58999633789062,64.8499984741211,65.37999725341797,52.19091033935547,1629400,0.0,0.0
2016-03-07 00:00:00-05:00,64.80999755859375,65.31999969482422,64.75,65.02999877929688,51.9115104675293,1609200,0.0,0.0
2016-03-08 00:00:00-05:00,64.76000213623047,65.04000091552734,64.52999877929688,64.58000183105469,51.55229187011719,1797100,0.0,0.0
2016-03-09 00:00:00-05:00,64.79000091552734,64.91999816894531,64.33000183105469,64.52999877929688,51.51238250732422,1496600,0.0,0.0
2016-03-10 00:00:00-05:00,64.58999633789062,65.0199966430664,63.72999954223633,64.26000213623047,51.29685974121094,3071400,0.0,0.0
2016-03-11 00:00:00-05:00,64.93000030517578,65.70999908447266,64.70999908447266,65.5199966430664,52.30265808105469,2235300,0.0,0.0
2016-03-14 00:00:00-04:00,65.19000244140625,65.41000366210938,64.52999877929688,64.94999694824219,51.847652435302734,1744700,0.0,0.0
2016-03-15 00:00:00-04:00,64.51000213623047,66.05999755859375,64.37999725341797,65.91999816894531,52.621978759765625,2367500,0.0,0.0
2016-03-16 00:00:00-04:00,65.72000122070312,66.52999877929688,65.47000122070312,66.27999877929688,52.909358978271484,2163000,0.0,0.0
2016-03-17 00:00:00-04:00,66.33000183105469,67.44999694824219,66.06999969482422,67.19999694824219,53.643760681152344,2338000,0.0,0.0
2016-03-18 00:00:00-04:00,67.4000015258789,67.76000213623047,66.66000366210938,67.2300033569336,53.66771697998047,3777200,0.0,0.0
2016-03-21 00:00:00-04:00,66.93000030517578,67.16000366210938,66.58999633789062,66.83999633789062,53.35637664794922,1258000,0.0,0.0
2016-03-22 00:00:00-04:00,66.9000015258789,67.23999786376953,66.66999816894531,66.91999816894531,53.420257568359375,1551500,0.0,0.0
2016-03-23 00:00:00-04:00,66.91000366210938,67.01000213623047,66.5199966430664,66.66000366210938,53.21270751953125,2080500,0.0,0.0
2016-03-24 00:00:00-04:00,66.47000122070312,66.48999786376953,65.94000244140625,66.19000244140625,52.83751678466797,1396500,0.0,0.0
2016-03-28 00:00:00-04:00,66.33999633789062,66.98999786376953,66.20999908447266,66.81999969482422,53.34041976928711,1730200,0.0,0.0
2016-03-29 00:00:00-04:00,66.81999969482422,67.25,66.52999877929688,67.16000366210938,53.61183547973633,2484200,0.0,0.0
2016-03-30 00:00:00-04:00,67.26000213623047,67.9000015258789,67.1500015258789,67.72000122070312,54.05888748168945,1802900,0.0,0.0
2016-03-31 00:00:00-04:00,67.75,67.91999816894531,67.25,67.37000274658203,53.77949142456055,1692600,0.0,0.0
2016-04-01 00:00:00-04:00,67.23999786376953,68.33000183105469,67.0199966430664,68.2300033569336,54.46599578857422,1479100,0.0,0.0
2016-04-04 00:00:00-04:00,68.1500015258789,68.23999786376953,67.5199966430664,67.63999938964844,53.99502182006836,1323300,0.0,0.0
2016-04-05 00:00:00-04:00,67.31999969482422,67.41000366210938,66.63999938964844,66.69999694824219,53.24462890625,1712100,0.0,0.0
2016-04-06 00:00:00-04:00,66.6500015258789,67.16999816894531,66.5,67.02999877929688,53.50806427001953,1624500,0.0,0.0
2016-04-07 00:00:00-04:00,66.48999786376953,66.80999755859375,66.02999877929688,66.27999877929688,52.909358978271484,1603500,0.0,0.0
2016-04-08 00:00:00-04:00,66.81999969482422,67.44999694824219,66.68000030517578,66.83999633789062,53.35637664794922,1694800,0.0,0.0
2016-04-11 00:00:00-04:00,66.83000183105469,67.4800033569336,66.77999877929688,66.79000091552734,53.316490173339844,1683400,0.0,0.0
2016-04-12 00:00:00-04:00,66.75,67.4000015258789,66.62000274658203,67.20999908447266,53.65175247192383,1571300,0.0,0.0
2016-04-13 00:00:00-04:00,67.54000091552734,67.88999938964844,66.81999969482422,67.52999877929688,53.907188415527344,1687600,0.0,0.0
2016-04-14 00:00:00-04:00,67.1500015258789,67.47000122070312,66.58000183105469,66.66999816894531,53.22068405151367,2457500,0.0,0.0
2016-04-15 00:00:00-04:00,66.63999938964844,67.0999984741211,66.25,66.5999984741211,53.16480255126953,2779200,0.0,0.0
2016-04-18 00:00:00-04:00,66.48999786376953,67.33000183105469,66.30000305175781,67.30000305175781,53.723602294921875,1968900,0.0,0.0
2016-04-19 00:00:00-04:00,67.56999969482422,67.91000366210938,67.37000274658203,67.52999877929688,53.907188415527344,1471900,0.0,0.0
2016-04-20 00:00:00-04:00,67.69000244140625,67.69000244140625,66.62000274658203,66.91999816894531,53.420257568359375,1446200,0.0,0.0
2016-04-21 00:00:00-04:00,65.4000015258789,66.56999969482422,65.23999786376953,65.44999694824219,52.246788024902344,3295900,0.0,0.0
2016-04-22 00:00:00-04:00,65.44000244140625,66.06999969482422,65.36000061035156,65.73999786376953,52.47828674316406,1743300,0.0,0.0
2016-04-25 00:00:00-04:00,65.73999786376953,65.73999786376953,64.9800033569336,65.61000061035156,52.37451171875,1529000,0.0,0.0
2016-04-26 00:00:00-04:00,65.79000091552734,66.01000213623047,65.38999938964844,65.87000274658203,52.582069396972656,1775600,0.0,0.0
2016-04-27 00:00:00-04:00,65.86000061035156,65.94999694824219,65.27999877929688,65.51000213623047,52.29468536376953,1540000,0.0,0.0
2016-04-28 00:00:00-04:00,65.0199966430664,65.55000305175781,64.80000305175781,64.94999694824219,51.847652435302734,1482800,0.0,0.0
2016-04-29 00:00:00-04:00,64.83000183105469,65.2300033569336,64.36000061035156,65.05000305175781,51.927494049072266,2180400,0.0,0.0
2016-05-02 00:00:00-04:00,65.58000183105469,65.58000183105469,65.01000213623047,65.36000061035156,52.1749382019043,2004200,0.0,0.0
2016-05-03 00:00:00-04:00,64.80000305175781,65.58999633789062,64.66999816894531,65.41000366210938,52.214866638183594,1865900,0.0,0.0
2016-05-04 00:00:00-04:00,64.81999969482422,65.55000305175781,64.58999633789062,65.27999877929688,52.111087799072266,2936100,0.0,0.0
2016-05-05 00:00:00-04:00,68.08999633789062,69.23999786376953,67.05000305175781,67.87000274658203,54.17862319946289,4521600,0.0,0.0
2016-05-06 00:00:00-04:00,67.5,67.55000305175781,66.58000183105469,67.0999984741211,53.56394577026367,2213600,0.0,0.0
2016-05-09 00:00:00-04:00,67.0999984741211,67.6500015258789,66.87000274658203,67.20999908447266,53.65175247192383,1836100,0.0,0.0
2016-05-10 00:00:00-04:00,67.58000183105469,68.0,67.3499984741211,67.9800033569336,54.26640701293945,2248800,0.0,0.0
2016-05-11 00:00:00-04:00,67.68000030517578,67.97000122070312,67.31999969482422,67.3499984741211,53.76350784301758,2056700,0.0,0.0
2016-05-12 00:00:00-04:00,67.56999969482422,67.7699966430664,67.08000183105469,67.54000091552734,53.91518020629883,2517300,0.0,0.0
2016-05-13 00:00:00-04:00,67.6500015258789,67.77999877929688,67.27999877929688,67.37999725341797,53.787452697753906,1736100,0.0,0.0
2016-05-16 00:00:00-04:00,67.19000244140625,67.79000091552734,67.12999725341797,67.55000305175781,53.92317581176758,2019800,0.0,0.0
2016-05-17 00:00:00-04:00,67.51000213623047,67.70999908447266,66.88999938964844,67.0999984741211,53.56394577026367,2015400,0.0,0.0
2016-05-18 00:00:00-04:00,66.83999633789062,67.58999633789062,66.76000213623047,67.36000061035156,53.771484375,2431700,0.0,0.0
2016-05-19 00:00:00-04:00,66.9800033569336,67.25,66.58999633789062,66.83999633789062,53.35637664794922,2160700,0.0,0.0
2016-05-20 00:00:00-04:00,67.11000061035156,67.70999908447266,66.95999908447266,67.1500015258789,53.60386276245117,1889000,0.0,0.0
2016-05-23 00:00:00-04:00,67.08999633789062,67.20999908447266,66.68000030517578,66.87999725341797,53.3883171081543,1331300,0.0,0.0
2016-05-24 00:00:00-04:00,67.2699966430664,67.75,66.98999786376953,67.44000244140625,53.83536911010742,1840000,0.0,0.0
2016-05-25 00:00:00-04:00,67.68000030517578,67.83000183105469,67.20999908447266,67.27999877929688,53.7076416015625,1715500,0.0,0.0
2016-05-26 00:00:00-04:00,67.27999877929688,67.58000183105469,67.1500015258789,67.51000213623047,53.891231536865234,1229800,0.0,0.0
2016-05-27 00:00:00-04:00,67.55999755859375,67.87000274658203,67.45999908447266,67.68000030517578,54.026939392089844,839800,0.0,0.0
2016-05-31 00:00:00-04:00,67.75,67.95999908447266,67.16999816894531,67.51000213623047,53.891231536865234,3554400,0.0,0.0
2016-06-01 00:00:00-04:00,67.18000030517578,67.5,66.66999816894531,67.44000244140625,54.099815368652344,1498400,0.33,0.0
2016-06-02 00:00:00-04:00,67.29000091552734,67.44000244140625,67.11000061035156,67.44000244140625,54.099815368652344,1153100,0.0,0.0
2016-06-03 00:00:00-04:00,67.0199966430664,67.70999908447266,66.63999938964844,67.43000030517578,54.09177780151367,1625700,0.0,0.0
2016-06-06 00:00:00-04:00,67.52999877929688,68.0199966430664,67.41999816894531,67.62000274658203,54.24420928955078,1959600,0.0,0.0
2016-06-07 00:00:00-04:00,67.72000122070312,67.87999725341797,67.31999969482422,67.43000030517578,54.09177780151367,1484100,0.0,0.0
2016-06-08 00:00:00-04:00,67.20999908447266,67.87999725341797,67.11000061035156,67.68000030517578,54.292320251464844,1645500,0.0,0.0
2016-06-09 00:00:00-04:00,67.48999786376953,67.95999908447266,67.37000274658203,67.79000091552734,54.38058090209961,1456700,0.0,0.0
2016-06-10 00:00:00-04:00,67.16999816894531,67.86000061035156,67.12999725341797,67.45999908447266,54.11583709716797,1636600,0.0,0.0
2016-06-13 00:00:00-04:00,67.44000244140625,67.87000274658203,66.86000061035156,66.87999725341797,53.650569915771484,1761400,0.0,0.0
2016-06-14 00:00:00-04:00,66.83000183105469,67.04000091552734,66.41999816894531,66.69000244140625,53.4981575012207,1464500,0.0,0.0
2016-06-15 00:00:00-04:00,66.75,66.94999694824219,65.80999755859375,65.87000274658203,52.840362548828125,1991000,0.0,0.0
2016-06-16 00:00:00-04:00,65.48999786376953,66.56999969482422,65.44999694824219,66.47000122070312,53.321685791015625,1564800,0.0,0.0
2016-06-17 00:00:00-04:00,66.44000244140625,66.54000091552734,66.02999877929688,66.41999816894531,53.28156661987305,1858900,0.0,0.0
2016-06-20 00:00:00-04:00,67.05000305175781,67.29000091552734,66.55000305175781,66.56999969482422,53.40188980102539,1120200,0.0,0.0
2016-06-21 00:00:00-04:00,66.83000183105469,67.0,66.56999969482422,66.80000305175781,53.58639907836914,1306200,0.0,0.0
2016-06-22 00:00:00-04:00,66.9000015258789,67.44000244140625,66.76000213623047,67.0199966430664,53.76288604736328,1153300,0.0,0.0
2016-06-23 00:00:00-04:00,67.61000061035156,67.86000061035156,67.41999816894531,67.86000061035156,54.436729431152344,2030600,0.0,0.0
2016-06-24 00:00:00-04:00,65.58000183105469,66.9800033569336,65.31999969482422,66.26000213623047,53.15322494506836,3908800,0.0,0.0
2016-06-27 00:00:00-04:00,65.73999786376953,66.29000091552734,65.2699966430664,66.05999755859375,52.99277877807617,3104100,0.0,0.0
2016-06-28 00:00:00-04:00,66.6500015258789,67.73999786376953,66.33000183105469,67.7300033569336,54.33243942260742,3001500,0.0,0.0
2016-06-29 00:00:00-04:00,67.98999786376953,68.52999877929688,67.52999877929688,68.47000122070312,54.926063537597656,3098300,0.0,0.0
2016-06-30 00:00:00-04:00,68.54000091552734,69.94999694824219,68.5199966430664,69.94999694824219,56.11329650878906,2638000,0.0,0.0
2016-07-01 00:00:00-04:00,69.94999694824219,69.94999694824219,69.4800033569336,69.55999755859375,55.80046081542969,1971600,0.0,0.0
2016-07-05 00:00:00-04:00,69.29000091552734,69.75,69.04000091552734,69.30999755859375,55.59989547729492,2234900,0.0,0.0
2016-07-06 00:00:00-04:00,69.12000274658203,69.68000030517578,69.05000305175781,69.45999908447266,55.720237731933594,2210300,0.0,0.0
2016-07-07 00:00:00-04:00,69.44999694824219,69.7699966430664,68.79000091552734,68.94000244140625,55.30309295654297,1928200,0.0,0.0
2016-07-08 00:00:00-04:00,69.68000030517578,69.69000244140625,69.05999755859375,69.66000366210938,55.88066864013672,1675600,0.0,0.0
2016-07-11 00:00:00-04:00,69.66000366210938,70.12000274658203,69.51000213623047,69.94000244140625,56.10527420043945,1698200,0.0,0.0
2016-07-12 00:00:00-04:00,70.25,70.37999725341797,69.58000183105469,69.5999984741211,55.83253479003906,2316900,0.0,0.0
2016-07-13 00:00:00-04:00,69.70999908447266,69.75,69.22000122070312,69.27999877929688,55.57581329345703,2002600,0.0,0.0
2016-07-14 00:00:00-04:00,69.62000274658203,69.91999816894531,69.25,69.30999755859375,55.59989547729492,1454400,0.0,0.0
2016-07-15 00:00:00-04:00,69.45999908447266,69.69999694824219,69.3499984741211,69.48999786376953,55.74430465698242,1490000,0.0,0.0
2016-07-18 00:00:00-04:00,69.58999633789062,69.75,69.27999877929688,69.3499984741211,55.63199234008789,1280400,0.0,0.0
2016-07-19 00:00:00-04:00,69.05999755859375,69.22000122070312,68.97000122070312,69.12000274658203,55.44747543334961,869400,0.0,0.0
2016-07-20 00:00:00-04:00,69.2699966430664,69.30000305175781,68.98999786376953,69.0999984741211,55.43144226074219,865400,0.0,0.0
2016-07-21 00:00:00-04:00,69.06999969482422,69.12000274658203,68.80000305175781,68.88999938964844,55.26297378540039,1041300,0.0,0.0
2016-07-22 00:00:00-04:00,69.06999969482422,69.30999755859375,68.9800033569336,69.19999694824219,55.511661529541016,1185600,0.0,0.0
2016-07-25 00:00:00-04:00,69.16000366210938,69.30000305175781,69.0,69.22000122070312,55.52771759033203,1011700,0.0,0.0
2016-07-26 00:00:00-04:00,69.2699966430664,69.5,68.86000061035156,69.04000091552734,55.38330841064453,905700,0.0,0.0
2016-07-27 00:00:00-04:00,68.94000244140625,69.16999816894531,68.69999694824219,68.86000061035156,55.238922119140625,1321600,0.0,0.0
2016-07-28 00:00:00-04:00,68.83999633789062,69.37000274658203,68.63999938964844,69.16999816894531,55.487586975097656,903600,0.0,0.0
2016-07-29 00:00:00-04:00,68.91000366210938,68.9800033569336,68.0999984741211,68.33000183105469,54.81374740600586,2614600,0.0,0.0
2016-08-01 00:00:00-04:00,68.44000244140625,68.56999969482422,68.02999877929688,68.38999938964844,54.861881256103516,1728900,0.0,0.0
2016-08-02 00:00:00-04:00,68.33000183105469,68.55000305175781,68.02999877929688,68.11000061035156,54.63727569580078,1344400,0.0,0.0
2016-08-03 00:00:00-04:00,68.27999877929688,68.70999908447266,68.18000030517578,68.62999725341797,55.054420471191406,2032700,0.0,0.0
2016-08-04 00:00:00-04:00,67.98999786376953,69.23999786376953,67.98999786376953,68.62000274658203,55.04641342163086,2149800,0.0,0.0
2016-08-05 00:00:00-04:00,68.72000122070312,68.97000122070312,68.5,68.83999633789062,55.22287368774414,1620200,0.0,0.0
2016-08-08 00:00:00-04:00,68.83999633789062,69.18000030517578,68.70999908447266,69.16999816894531,55.487586975097656,2194500,0.0,0.0
2016-08-09 00:00:00-04:00,69.16999816894531,69.5,69.0,69.37000274658203,55.648040771484375,1053100,0.0,0.0
2016-08-10 00:00:00-04:00,69.37000274658203,69.47000122070312,69.16000366210938,69.41999816894531,55.68812942504883,941800,0.0,0.0
2016-08-11 00:00:00-04:00,69.41999816894531,69.51000213623047,69.04000091552734,69.11000061035156,55.43944549560547,1796700,0.0,0.0
2016-08-12 00:00:00-04:00,69.05999755859375,69.25,68.83999633789062,69.12999725341797,55.45550537109375,903100,0.0,0.0
2016-08-15 00:00:00-04:00,69.12999725341797,69.44999694824219,69.01000213623047,69.38999938964844,55.664085388183594,1537700,0.0,0.0
2016-08-16 00:00:00-04:00,68.91000366210938,69.47000122070312,68.91000366210938,68.94999694824219,55.31110382080078,1436800,0.0,0.0
2016-08-17 00:00:00-04:00,68.94999694824219,69.16000366210938,68.66000366210938,69.12000274658203,55.44747543334961,2091700,0.0,0.0
2016-08-18 00:00:00-04:00,69.16000366210938,69.55000305175781,69.06999969482422,69.44000244140625,55.70418930053711,1657000,0.0,0.0
2016-08-19 00:00:00-04:00,69.12999725341797,69.41999816894531,69.02999877929688,69.16999816894531,55.487586975097656,1269400,0.0,0.0
2016-08-22 00:00:00-04:00,69.04000091552734,69.05000305175781,68.77999877929688,68.87000274658203,55.24694061279297,1171400,0.0,0.0
2016-08-23 00:00:00-04:00,68.91000366210938,69.13999938964844,68.36000061035156,68.36000061035156,54.83781433105469,1716200,0.0,0.0
2016-08-24 00:00:00-04:00,68.30999755859375,68.44999694824219,68.16000366210938,68.26000213623047,54.757591247558594,1004500,0.0,0.0
2016-08-25 00:00:00-04:00,68.22000122070312,68.68000030517578,68.12000274658203,68.54000091552734,54.98221969604492,1145100,0.0,0.0
2016-08-26 00:00:00-04:00,68.7300033569336,68.87999725341797,68.06999969482422,68.31999969482422,54.80572509765625,1427700,0.0,0.0
2016-08-29 00:00:00-04:00,68.2699966430664,68.91999816894531,68.13999938964844,68.73999786376953,55.41028594970703,1647000,0.33,0.0
2016-08-30 00:00:00-04:00,68.73999786376953,69.2300033569336,68.73999786376953,69.16999816894531,55.75690460205078,1439200,0.0,0.0
2016-08-31 00:00:00-04:00,69.19000244140625,69.23999786376953,68.48999786376953,68.95999908447266,55.58762741088867,2133000,0.0,0.0
2016-09-01 00:00:00-04:00,68.97000122070312,69.08000183105469,68.31999969482422,68.66000366210938,55.34580612182617,1699000,0.0,0.0
2016-09-02 00:00:00-04:00,68.8499984741211,69.25,68.5199966430664,68.94999694824219,55.57956314086914,1507300,0.0,0.0
2016-09-06 00:00:00-04:00,68.69999694824219,69.30999755859375,68.5999984741211,69.30999755859375,55.869754791259766,1809000,0.0,0.0
2016-09-07 00:00:00-04:00,69.05000305175781,69.4800033569336,68.94000244140625,69.44000244140625,55.97455978393555,1627500,0.0,0.0
2016-09-08 00:00:00-04:00,69.29000091552734,69.37999725341797,69.05999755859375,69.22000122070312,55.7972297668457,1382500,0.0,0.0
2016-09-09 00:00:00-04:00,68.80999755859375,68.9000015258789,67.95999908447266,67.95999908447266,54.78153991699219,1816200,0.0,0.0
2016-09-12 00:00:00-04:00,67.95999908447266,68.69999694824219,67.68000030517578,68.4800033569336,55.20070266723633,1956600,0.0,0.0
2016-09-13 00:00:00-04:00,67.93000030517578,68.27999877929688,67.72000122070312,67.91999816894531,54.749305725097656,1924600,0.0,0.0
2016-09-14 00:00:00-04:00,67.9000015258789,68.05000305175781,67.29000091552734,67.38999938964844,54.32207489013672,1717800,0.0,0.0
2016-09-15 00:00:00-04:00,67.36000061035156,68.05000305175781,67.2699966430664,67.81999969482422,54.668697357177734,1753200,0.0,0.0
2016-09-16 00:00:00-04:00,67.55999755859375,67.7699966430664,67.23999786376953,67.41000366210938,54.33820343017578,2314200,0.0,0.0
2016-09-19 00:00:00-04:00,67.58000183105469,67.9000015258789,67.31999969482422,67.45999908447266,54.37849044799805,1139500,0.0,0.0
2016-09-20 00:00:00-04:00,67.83999633789062,68.16999816894531,67.7300033569336,67.87000274658203,54.709014892578125,1423400,0.0,0.0
2016-09-21 00:00:00-04:00,67.97000122070312,68.70999908447266,67.97000122070312,68.66000366210938,55.34580612182617,1393400,0.0,0.0
2016-09-22 00:00:00-04:00,68.83999633789062,69.05999755859375,68.7300033569336,68.94000244140625,55.571510314941406,1407000,0.0,0.0
2016-09-23 00:00:00-04:00,68.55999755859375,68.93000030517578,68.33999633789062,68.48999786376953,55.20875930786133,1297200,0.0,0.0
2016-09-26 00:00:00-04:00,68.25,68.62000274658203,68.12000274658203,68.38999938964844,55.1281623840332,1861000,0.0,0.0
2016-09-27 00:00:00-04:00,68.33000183105469,69.08999633789062,68.2699966430664,68.9800033569336,55.603759765625,1747900,0.0,0.0
2016-09-28 00:00:00-04:00,69.0,69.13999938964844,68.61000061035156,69.0999984741211,55.70048522949219,1506400,0.0,0.0
2016-09-29 00:00:00-04:00,68.77999877929688,69.29000091552734,68.43000030517578,68.63999938964844,55.329681396484375,2317900,0.0,0.0
2016-09-30 00:00:00-04:00,68.83000183105469,69.37999725341797,68.81999969482422,69.18000030517578,55.76498031616211,2867200,0.0,0.0
2016-10-03 00:00:00-04:00,68.9000015258789,69.05999755859375,68.29000091552734,68.4000015258789,55.136226654052734,2295200,0.0,0.0
2016-10-04 00:00:00-04:00,68.16999816894531,68.2699966430664,67.12000274658203,67.83999633789062,54.684814453125,3655300,0.0,0.0
2016-10-05 00:00:00-04:00,68.12000274658203,68.43000030517578,67.69999694824219,67.80999755859375,54.660648345947266,1751600,0.0,0.0
2016-10-06 00:00:00-04:00,67.86000061035156,67.93000030517578,67.18000030517578,67.7699966430664,54.62839126586914,2587400,0.0,0.0
2016-10-07 00:00:00-04:00,67.97000122070312,69.05000305175781,67.91000366210938,68.43000030517578,55.160396575927734,2319500,0.0,0.0
2016-10-10 00:00:00-04:00,68.79000091552734,68.95999908447266,68.44000244140625,68.48999786376953,55.20875930786133,1172200,0.0,0.0
2016-10-11 00:00:00-04:00,68.30999755859375,68.47000122070312,67.88999938964844,68.19999694824219,54.975013732910156,1723900,0.0,0.0
2016-10-12 00:00:00-04:00,68.27999877929688,69.12999725341797,68.16000366210938,69.04000091552734,55.65211868286133,1712100,0.0,0.0
2016-10-13 00:00:00-04:00,68.41000366210938,69.2300033569336,68.27999877929688,69.08999633789062,55.692420959472656,1899500,0.0,0.0
2016-10-14 00:00:00-04:00,69.47000122070312,69.81999969482422,69.33000183105469,69.33000183105469,55.88587188720703,2324300,0.0,0.0
2016-10-17 00:00:00-04:00,69.33999633789062,69.58999633789062,69.20999908447266,69.33999633789062,55.893951416015625,1188200,0.0,0.0
2016-10-18 00:00:00-04:00,69.86000061035156,69.94000244140625,69.19000244140625,69.29000091552734,55.85363006591797,1301200,0.0,0.0
2016-10-19 00:00:00-04:00,69.37999725341797,69.4800033569336,68.80000305175781,69.43000030517578,55.96648406982422,1528600,0.0,0.0
2016-10-20 00:00:00-04:00,68.95999908447266,69.12000274658203,68.19999694824219,68.2300033569336,54.99919891357422,2370400,0.0,0.0
2016-10-21 00:00:00-04:00,67.81999969482422,67.9800033569336,67.2300033569336,67.55000305175781,54.45106887817383,2279000,0.0,0.0
2016-10-24 00:00:00-04:00,67.91000366210938,68.12999725341797,67.62999725341797,67.72000122070312,54.588104248046875,967100,0.0,0.0
2016-10-25 00:00:00-04:00,67.72000122070312,67.87999725341797,67.4000015258789,67.61000061035156,54.4994010925293,1114100,0.0,0.0
2016-10-26 00:00:00-04:00,67.48999786376953,68.13999938964844,67.36000061035156,67.94000244140625,54.76542282104492,1437500,0.0,0.0
2016-10-27 00:00:00-04:00,68.12000274658203,68.13999938964844,67.58000183105469,67.58999633789062,54.483314514160156,1366600,0.0,0.0
2016-10-28 00:00:00-04:00,67.76000213623047,68.2699966430664,67.08000183105469,67.52999877929688,54.434913635253906,2435200,0.0,0.0
2016-10-31 00:00:00-04:00,67.76000213623047,68.11000061035156,67.52999877929688,67.9000015258789,54.73317337036133,2271100,0.0,0.0
2016-11-01 00:00:00-04:00,67.8499984741211,67.86000061035156,66.81999969482422,67.20999908447266,54.176979064941406,2763700,0.0,0.0
2016-11-02 00:00:00-04:00,66.91999816894531,67.58999633789062,66.91000366210938,67.33999633789062,54.281768798828125,2867900,0.0,0.0
2016-11-03 00:00:00-04:00,67.97000122070312,68.98999786376953,67.41000366210938,68.08999633789062,54.8863410949707,4516200,0.0,0.0
2016-11-04 00:00:00-04:00,68.0,68.01000213623047,66.6500015258789,66.72000122070312,53.782005310058594,2981100,0.0,0.0
2016-11-07 00:00:00-05:00,67.41000366210938,67.52999877929688,66.55000305175781,66.86000061035156,53.89486312866211,3430600,0.0,0.0
2016-11-08 00:00:00-05:00,66.66000366210938,67.73999786376953,66.66000366210938,67.58000183105469,54.47523880004883,2373900,0.0,0.0
2016-11-09 00:00:00-05:00,67.6500015258789,68.51000213623047,67.29000091552734,68.16999816894531,54.95082092285156,3230800,0.0,0.0
2016-11-10 00:00:00-05:00,68.91999816894531,69.45999908447266,68.12999725341797,69.44999694824219,55.98259735107422,3288200,0.0,0.0
2016-11-11 00:00:00-05:00,69.31999969482422,69.75,68.91999816894531,69.63999938964844,56.13576889038086,2270000,0.0,0.0
2016-11-14 00:00:00-05:00,69.76000213623047,70.87000274658203,69.5999984741211,70.69000244140625,56.98215103149414,2673100,0.0,0.0
2016-11-15 00:00:00-05:00,70.45999908447266,71.41000366210938,70.31999969482422,71.30000305175781,57.4738655090332,3334400,0.0,0.0
2016-11-16 00:00:00-05:00,71.0,71.08000183105469,70.0999984741211,70.72000122070312,57.00634765625,2453700,0.0,0.0
2016-11-17 00:00:00-05:00,70.62000274658203,71.79000091552734,70.47000122070312,71.77999877929688,57.86080551147461,2792300,0.0,0.0
2016-11-18 00:00:00-05:00,71.80000305175781,72.19999694824219,71.41000366210938,72.0199966430664,58.05424499511719,2998300,0.0,0.0
2016-11-21 00:00:00-05:00,72.05999755859375,72.38999938964844,71.7300033569336,72.18000030517578,58.183223724365234,2651400,0.0,0.0
2016-11-22 00:00:00-05:00,72.19000244140625,72.68000030517578,71.91999816894531,72.37000274658203,58.336368560791016,3863800,0.0,0.0
2016-11-23 00:00:00-05:00,72.45999908447266,72.72000122070312,72.13999938964844,72.4000015258789,58.36056137084961,1852800,0.0,0.0
2016-11-25 00:00:00-05:00,72.37999725341797,72.58000183105469,72.12999725341797,72.37999725341797,58.34444808959961,1970600,0.0,0.0
2016-11-28 00:00:00-05:00,71.9800033569336,72.22000122070312,71.87999725341797,72.04000091552734,58.33635330200195,2040800,0.33,0.0
2016-11-29 00:00:00-05:00,71.29000091552734,71.63999938964844,69.04000091552734,69.62999725341797,56.38477325439453,6665400,0.0,0.0
2016-11-30 00:00:00-05:00,70.08000183105469,70.58000183105469,69.4800033569336,69.91999816894531,56.61962127685547,5911900,0.0,0.0
2016-12-01 00:00:00-05:00,69.94999694824219,70.37999725341797,69.76000213623047,70.3499984741211,56.967811584472656,2329000,0.0,0.0
2016-12-02 00:00:00-05:00,70.43000030517578,70.77999877929688,70.26000213623047,70.61000061035156,57.17837142944336,1903300,0.0,0.0
2016-12-05 00:00:00-05:00,70.83999633789062,70.94999694824219,70.22000122070312,70.36000061035156,56.97592544555664,2771600,0.0,0.0
2016-12-06 00:00:00-05:00,70.58000183105469,70.97000122070312,70.44999694824219,70.94999694824219,57.453678131103516,2285600,0.0,0.0
2016-12-07 00:00:00-05:00,71.12999725341797,71.75,70.7300033569336,71.6500015258789,58.02053451538086,1827400,0.0,0.0
2016-12-08 00:00:00-05:00,71.7699966430664,71.9800033569336,71.16999816894531,71.66999816894531,58.03672409057617,1986100,0.0,0.0
2016-12-09 00:00:00-05:00,71.7699966430664,72.5,71.51000213623047,72.47000122070312,58.68455505371094,2168600,0.0,0.0
2016-12-12 00:00:00-05:00,72.44000244140625,72.94999694824219,72.30000305175781,72.81999969482422,58.96797561645508,1982100,0.0,0.0
2016-12-13 00:00:00-05:00,72.6500015258789,73.12999725341797,72.54000091552734,72.93000030517578,59.05704879760742,2613300,0.0,0.0
2016-12-14 00:00:00-05:00,72.91999816894531,73.33000183105469,72.41999816894531,72.61000061035156,58.797916412353516,2195000,0.0,0.0
2016-12-15 00:00:00-05:00,72.66000366210938,73.75,72.43000030517578,73.54000091552734,59.5510139465332,2080200,0.0,0.0
2016-12-16 00:00:00-05:00,73.77999877929688,74.16000366210938,73.54000091552734,74.11000061035156,60.01258850097656,3313400,0.0,0.0
2016-12-19 00:00:00-05:00,74.23999786376953,74.56999969482422,74.16999816894531,74.37000274658203,60.22313690185547,1876900,0.0,0.0
2016-12-20 00:00:00-05:00,74.58999633789062,74.72000122070312,74.30999755859375,74.4800033569336,60.31220245361328,1669200,0.0,0.0
2016-12-21 00:00:00-05:00,74.4800033569336,74.66000366210938,74.30999755859375,74.44000244140625,60.27981185913086,1062500,0.0,0.0
2016-12-22 00:00:00-05:00,74.41999816894531,74.6500015258789,74.06999969482422,74.4800033569336,60.31220245361328,1716000,0.0,0.0
2016-12-23 00:00:00-05:00,74.4800033569336,74.7699966430664,74.31999969482422,74.58000183105469,60.39316177368164,1087600,0.0,0.0
2016-12-27 00:00:00-05:00,74.58000183105469,74.6500015258789,74.30999755859375,74.51000213623047,60.336483001708984,1217600,0.0,0.0
2016-12-28 00:00:00-05:00,74.66000366210938,74.69999694824219,74.20999908447266,74.3499984741211,60.206939697265625,1624700,0.0,0.0
2016-12-29 00:00:00-05:00,74.37999725341797,74.56999969482422,74.19999694824219,74.27999877929688,60.15025329589844,1190100,0.0,0.0
2016-12-30 00:00:00-05:00,74.54000091552734,74.55999755859375,73.93000030517578,74.12000274658203,60.02067184448242,1709600,0.0,0.0
2017-01-03 00:00:00-05:00,74.0,74.55999755859375,73.54000091552734,74.16999816894531,60.061161041259766,2019800,0.0,0.0
2017-01-04 00:00:00-05:00,74.37999725341797,74.94999694824219,74.20999908447266,74.37000274658203,60.22313690185547,1948400,0.0,0.0
2017-01-05 00:00:00-05:00,74.18000030517578,74.44000244140625,73.80000305175781,74.02999877929688,59.94779586791992,1741800,0.0,0.0
2017-01-06 00:00:00-05:00,73.68000030517578,74.45999908447266,73.4800033569336,74.1500015258789,60.04498291015625,1614700,0.0,0.0
2017-01-09 00:00:00-05:00,73.94999694824219,74.05000305175781,73.04000091552734,73.08999633789062,59.18661117553711,1801900,0.0,0.0
2017-01-10 00:00:00-05:00,73.27999877929688,74.30000305175781,73.26000213623047,73.75,59.7210578918457,2350000,0.0,0.0
2017-01-11 00:00:00-05:00,73.94000244140625,74.26000213623047,73.58999633789062,73.94000244140625,59.87493133544922,1738500,0.0,0.0
2017-01-12 00:00:00-05:00,73.55999755859375,73.79000091552734,73.12999725341797,73.68000030517578,59.66437530517578,1110500,0.0,0.0
2017-01-13 00:00:00-05:00,73.91000366210938,74.3499984741211,73.80000305175781,73.88999938964844,59.83443832397461,1220200,0.0,0.0
2017-01-17 00:00:00-05:00,73.61000061035156,73.88999938964844,73.38999938964844,73.8499984741211,59.80204772949219,1180000,0.0,0.0
2017-01-18 00:00:00-05:00,74.0,74.83000183105469,73.91999816894531,74.5199966430664,60.34459686279297,1795800,0.0,0.0
2017-01-19 00:00:00-05:00,74.66000366210938,74.77999877929688,73.9000015258789,74.22000122070312,60.10163497924805,1282100,0.0,0.0
2017-01-20 00:00:00-05:00,74.37000274658203,74.95999908447266,74.37000274658203,74.54000091552734,60.36079406738281,1528400,0.0,0.0
2017-01-23 00:00:00-05:00,74.58999633789062,74.6500015258789,73.95999908447266,74.1500015258789,60.04498291015625,1232700,0.0,0.0
2017-01-24 00:00:00-05:00,74.23999786376953,74.66000366210938,73.97000122070312,74.47000122070312,60.304115295410156,1075500,0.0,0.0
2017-01-25 00:00:00-05:00,74.7699966430664,75.52999877929688,74.73999786376953,75.38999938964844,61.049102783203125,1769100,0.0,0.0
2017-01-26 00:00:00-05:00,75.41999816894531,75.8499984741211,75.20999908447266,75.80999755859375,61.38920211791992,1574900,0.0,0.0
2017-01-27 00:00:00-05:00,75.29000091552734,75.80999755859375,75.22000122070312,75.58999633789062,61.211036682128906,1275500,0.0,0.0
2017-01-30 00:00:00-05:00,75.48999786376953,75.66999816894531,75.12999725341797,75.61000061035156,61.227237701416016,1748100,0.0,0.0
2017-01-31 00:00:00-05:00,75.2699966430664,75.58000183105469,74.73999786376953,75.20999908447266,60.9033317565918,2041900,0.0,0.0
2017-02-01 00:00:00-05:00,75.56999969482422,75.97000122070312,75.0,75.23999786376953,60.92763900756836,2411700,0.0,0.0
2017-02-02 00:00:00-05:00,76.73999786376953,78.12000274658203,76.37999725341797,77.4000015258789,62.676753997802734,3883200,0.0,0.0
2017-02-03 00:00:00-05:00,77.91999816894531,78.0,77.29000091552734,77.4800033569336,62.74153137207031,2109700,0.0,0.0
2017-02-06 00:00:00-05:00,77.43000030517578,78.22000122070312,76.97000122070312,78.08000183105469,63.22738265991211,2348300,0.0,0.0
2017-02-07 00:00:00-05:00,78.5,78.68000030517578,78.06999969482422,78.12000274658203,63.25979995727539,1764900,0.0,0.0
2017-02-08 00:00:00-05:00,78.0999984741211,78.19000244140625,77.80000305175781,77.98999786376953,63.15451431274414,1496600,0.0,0.0
2017-02-09 00:00:00-05:00,77.98999786376953,78.38999938964844,77.7300033569336,78.3499984741211,63.44602966308594,1912700,0.0,0.0
2017-02-10 00:00:00-05:00,78.55000305175781,79.30999755859375,78.12999725341797,78.87999725341797,63.87522506713867,1636700,0.0,0.0
2017-02-13 00:00:00-05:00,78.94999694824219,79.63999938964844,78.80999755859375,79.61000061035156,64.46636199951172,1427500,0.0,0.0
2017-02-14 00:00:00-05:00,79.72000122070312,79.81999969482422,79.0999984741211,79.80000305175781,64.62022399902344,1798000,0.0,0.0
2017-02-15 00:00:00-05:00,80.0,80.72000122070312,79.58999633789062,80.70999908447266,65.35710906982422,1820200,0.0,0.0
2017-02-16 00:00:00-05:00,80.62000274658203,80.81999969482422,80.4000015258789,80.80000305175781,65.43000030517578,1779000,0.0,0.0
2017-02-17 00:00:00-05:00,80.47000122070312,80.4800033569336,80.08000183105469,80.44000244140625,65.13846588134766,1920300,0.0,0.0
2017-02-21 00:00:00-05:00,80.55999755859375,80.80000305175781,80.30999755859375,80.62000274658203,65.28422546386719,2436700,0.0,0.0
2017-02-22 00:00:00-05:00,80.12999725341797,80.77999877929688,80.05999755859375,80.58000183105469,65.25184631347656,2438500,0.0,0.0
2017-02-23 00:00:00-05:00,80.4000015258789,80.9000015258789,80.30999755859375,80.55000305175781,65.2275619506836,3190200,0.0,0.0
2017-02-24 00:00:00-05:00,80.18000030517578,80.91000366210938,79.88999938964844,80.91000366210938,65.82142639160156,1973300,0.37,0.0
2017-02-27 00:00:00-05:00,80.94000244140625,81.51000213623047,80.83999633789062,81.33999633789062,66.1712417602539,2103000,0.0,0.0
2017-02-28 00:00:00-05:00,81.29000091552734,82.29000091552734,81.0,82.16000366210938,66.83832550048828,2550500,0.0,0.0
2017-03-01 00:00:00-05:00,82.5199966430664,82.83000183105469,82.0999984741211,82.69000244140625,67.26944732666016,2721300,0.0,0.0
2017-03-02 00:00:00-05:00,82.88999938964844,83.05000305175781,81.73999786376953,81.75,66.50477600097656,2628200,0.0,0.0
2017-03-03 00:00:00-05:00,81.83000183105469,82.0,81.4000015258789,81.86000061035156,66.59423065185547,2331400,0.0,0.0
2017-03-06 00:00:00-05:00,81.48999786376953,81.75,81.13999938964844,81.33999633789062,66.1712417602539,1657000,0.0,0.0
2017-03-07 00:00:00-05:00,81.31999969482422,81.69999694824219,81.13999938964844,81.45999908447266,66.26882934570312,1621800,0.0,0.0
2017-03-08 00:00:00-05:00,81.87000274658203,81.97000122070312,80.94000244140625,81.12999725341797,66.00038146972656,1661400,0.0,0.0
2017-03-09 00:00:00-05:00,81.31999969482422,81.62999725341797,81.06999969482422,81.56999969482422,66.35830688476562,1708500,0.0,0.0
2017-03-10 00:00:00-05:00,81.81999969482422,82.11000061035156,81.56999969482422,82.05000305175781,66.74883270263672,1560600,0.0,0.0
2017-03-13 00:00:00-04:00,81.87000274658203,82.12999725341797,81.72000122070312,82.0999984741211,66.78950500488281,1256700,0.0,0.0
2017-03-14 00:00:00-04:00,82.05000305175781,82.30999755859375,81.83000183105469,82.18000030517578,66.85456848144531,1437100,0.0,0.0
2017-03-15 00:00:00-04:00,82.04000091552734,82.75,82.04000091552734,82.62000274658203,67.2125244140625,1418800,0.0,0.0
2017-03-16 00:00:00-04:00,82.55999755859375,83.0,82.45999908447266,82.88999938964844,67.43217468261719,1783600,0.0,0.0
2017-03-17 00:00:00-04:00,82.9000015258789,83.08999633789062,82.5999984741211,82.8499984741211,67.39964294433594,2316300,0.0,0.0
2017-03-20 00:00:00-04:00,82.8499984741211,83.05999755859375,82.30000305175781,82.37000274658203,67.00912475585938,1325000,0.0,0.0
2017-03-21 00:00:00-04:00,82.45999908447266,82.69999694824219,81.58999633789062,81.69000244140625,66.45594787597656,2179300,0.0,0.0
2017-03-22 00:00:00-04:00,81.58999633789062,81.81999969482422,81.33000183105469,81.37999725341797,66.20378112792969,1669800,0.0,0.0
2017-03-23 00:00:00-04:00,81.5,81.91999816894531,81.16000366210938,81.26000213623047,66.10615539550781,1480700,0.0,0.0
2017-03-24 00:00:00-04:00,81.2699966430664,81.51000213623047,80.62999725341797,80.98999786376953,65.88648986816406,1368900,0.0,0.0
2017-03-27 00:00:00-04:00,80.37000274658203,81.31999969482422,80.06999969482422,81.08999633789062,65.96785736083984,1428200,0.0,0.0
2017-03-28 00:00:00-04:00,80.80999755859375,82.0999984741211,80.7300033569336,81.88999938964844,66.61863708496094,1219000,0.0,0.0
2017-03-29 00:00:00-04:00,81.94000244140625,82.08000183105469,81.29000091552734,81.38999938964844,66.2118911743164,1019300,0.0,0.0
2017-03-30 00:00:00-04:00,81.30000305175781,81.83000183105469,81.16000366210938,81.63999938964844,66.41529083251953,1159100,0.0,0.0
2017-03-31 00:00:00-04:00,81.44999694824219,81.79000091552734,81.19999694824219,81.48999786376953,66.29325103759766,1547600,0.0,0.0
2017-04-03 00:00:00-04:00,81.54000091552734,81.75,81.08000183105469,81.31999969482422,66.15495300292969,1790100,0.0,0.0
2017-04-04 00:00:00-04:00,81.47000122070312,81.80000305175781,81.4000015258789,81.62999725341797,66.40715026855469,1672300,0.0,0.0
2017-04-05 00:00:00-04:00,81.80999755859375,82.16999816894531,81.29000091552734,81.41999816894531,66.23629760742188,1575200,0.0,0.0
2017-04-06 00:00:00-04:00,81.44999694824219,81.5999984741211,81.05000305175781,81.44000244140625,66.25257110595703,1614200,0.0,0.0
2017-04-07 00:00:00-04:00,81.36000061035156,81.48999786376953,80.94999694824219,81.11000061035156,65.98410034179688,1228400,0.0,0.0
2017-04-10 00:00:00-04:00,81.01000213623047,81.66999816894531,81.0,81.36000061035156,66.18751525878906,1261700,0.0,0.0
2017-04-11 00:00:00-04:00,81.13999938964844,81.29000091552734,80.68000030517578,81.16999816894531,66.0329360961914,1561100,0.0,0.0
2017-04-12 00:00:00-04:00,80.58000183105469,81.12000274658203,80.0999984741211,80.97000122070312,65.8702163696289,2063800,0.0,0.0
2017-04-13 00:00:00-04:00,80.9000015258789,81.26000213623047,80.58000183105469,80.58000183105469,65.5529556274414,1241300,0.0,0.0
2017-04-17 00:00:00-04:00,80.80000305175781,81.62999725341797,80.61000061035156,81.5,66.30138397216797,1646600,0.0,0.0
2017-04-18 00:00:00-04:00,80.79000091552734,81.11000061035156,80.12000274658203,80.30999755859375,65.33330535888672,2486200,0.0,0.0
2017-04-19 00:00:00-04:00,80.29000091552734,80.58999633789062,79.58999633789062,79.75,64.87773895263672,2282500,0.0,0.0
2017-04-20 00:00:00-04:00,79.5999984741211,80.41000366210938,79.08999633789062,80.1500015258789,65.20315551757812,2155800,0.0,0.0
2017-04-21 00:00:00-04:00,80.08999633789062,80.19000244140625,79.54000091552734,79.7300033569336,64.8614730834961,1778800,0.0,0.0
2017-04-24 00:00:00-04:00,80.86000061035156,80.9800033569336,80.37000274658203,80.9000015258789,65.81328582763672,1917900,0.0,0.0
2017-04-25 00:00:00-04:00,80.75,81.37999725341797,80.75,81.22000122070312,66.0736083984375,1697200,0.0,0.0
2017-04-26 00:00:00-04:00,81.1500015258789,82.51000213623047,80.94999694824219,81.80000305175781,66.54544067382812,2880700,0.0,0.0
2017-04-27 00:00:00-04:00,81.83000183105469,82.2300033569336,81.58000183105469,81.9800033569336,66.6918716430664,1163300,0.0,0.0
2017-04-28 00:00:00-04:00,81.83999633789062,81.94000244140625,81.26000213623047,81.29000091552734,66.13054656982422,1058600,0.0,0.0
2017-05-01 00:00:00-04:00,81.48999786376953,81.8499984741211,81.19000244140625,81.5,66.30138397216797,1341900,0.0,0.0
2017-05-02 00:00:00-04:00,81.44999694824219,81.87999725341797,81.44000244140625,81.83000183105469,66.56986236572266,1951100,0.0,0.0
2017-05-03 00:00:00-04:00,83.47000122070312,85.0,83.47000122070312,84.93000030517578,69.09175109863281,4022900,0.0,0.0
2017-05-04 00:00:00-04:00,85.11000061035156,86.02999877929688,85.11000061035156,85.56999969482422,69.61239624023438,2987700,0.0,0.0
2017-05-05 00:00:00-04:00,85.7300033569336,85.87000274658203,85.23999786376953,85.44999694824219,69.5147705078125,1647500,0.0,0.0
2017-05-08 00:00:00-04:00,85.45999908447266,85.48999786376953,84.62999725341797,84.7699966430664,68.9615707397461,1959000,0.0,0.0
2017-05-09 00:00:00-04:00,84.9000015258789,84.9800033569336,84.08999633789062,84.16999816894531,68.47347259521484,1798300,0.0,0.0
2017-05-10 00:00:00-04:00,84.20999908447266,84.62999725341797,84.06999969482422,84.29000091552734,68.57108306884766,1710900,0.0,0.0
2017-05-11 00:00:00-04:00,83.97000122070312,84.23999786376953,83.19000244140625,83.91000366210938,68.26195526123047,2954700,0.0,0.0
2017-05-12 00:00:00-04:00,83.80999755859375,84.5999984741211,83.52999877929688,84.12999725341797,68.44092559814453,1851300,0.0,0.0
2017-05-15 00:00:00-04:00,84.05999755859375,84.6500015258789,84.05999755859375,84.52999877929688,68.76634979248047,1234000,0.0,0.0
2017-05-16 00:00:00-04:00,84.48999786376953,84.77999877929688,84.19999694824219,84.33000183105469,68.60364532470703,1559700,0.0,0.0
2017-05-17 00:00:00-04:00,84.33000183105469,84.70999908447266,83.11000061035156,84.36000061035156,68.6280288696289,2254900,0.0,0.0
2017-05-18 00:00:00-04:00,84.33000183105469,85.30000305175781,83.5999984741211,84.72000122070312,68.92091369628906,2173900,0.0,0.0
2017-05-19 00:00:00-04:00,84.77999877929688,84.80000305175781,84.05999755859375,84.12999725341797,68.44092559814453,2685800,0.0,0.0
2017-05-22 00:00:00-04:00,84.58000183105469,84.87999725341797,84.25,84.79000091552734,68.97785186767578,2085400,0.0,0.0
2017-05-23 00:00:00-04:00,84.69000244140625,85.5,84.55000305175781,85.4000015258789,69.4740982055664,1289100,0.0,0.0
2017-05-24 00:00:00-04:00,85.55000305175781,85.88999938964844,85.4000015258789,85.80999755859375,69.80764770507812,951500,0.0,0.0
2017-05-25 00:00:00-04:00,85.94999694824219,86.38999938964844,85.81999969482422,86.27999877929688,70.18997955322266,1689600,0.0,0.0
2017-05-26 00:00:00-04:00,86.04000091552734,86.62999725341797,85.95999908447266,86.5,70.36894226074219,1083500,0.0,0.0
2017-05-30 00:00:00-04:00,86.12000274658203,86.41999816894531,85.98999786376953,86.0,69.96219635009766,1134300,0.0,0.0
2017-05-31 00:00:00-04:00,86.1500015258789,86.4000015258789,85.93000030517578,86.33999633789062,70.23880004882812,2616500,0.0,0.0
2017-06-01 00:00:00-04:00,86.0199966430664,86.94000244140625,85.88999938964844,86.94000244140625,71.03128814697266,1717900,0.37,0.0
2017-06-02 00:00:00-04:00,86.79000091552734,86.79000091552734,86.41999816894531,86.66999816894531,70.81069946289062,1156200,0.0,0.0
2017-06-05 00:00:00-04:00,86.66999816894531,86.94000244140625,86.4800033569336,86.61000061035156,70.76170349121094,973900,0.0,0.0
2017-06-06 00:00:00-04:00,86.30000305175781,86.5199966430664,85.77999877929688,85.81999969482422,70.11624908447266,1244000,0.0,0.0
2017-06-07 00:00:00-04:00,86.08999633789062,86.12999725341797,85.56999969482422,85.87000274658203,70.15709686279297,1422500,0.0,0.0
2017-06-08 00:00:00-04:00,85.87000274658203,86.69000244140625,85.83999633789062,86.55999755859375,70.7208251953125,1670000,0.0,0.0
2017-06-09 00:00:00-04:00,86.66999816894531,87.43000030517578,86.55000305175781,87.37000274658203,71.38262939453125,1139000,0.0,0.0
2017-06-12 00:00:00-04:00,87.37000274658203,88.0999984741211,87.33000183105469,87.91999816894531,71.83198547363281,2473500,0.0,0.0
2017-06-13 00:00:00-04:00,87.94000244140625,88.19000244140625,87.79000091552734,87.97000122070312,71.87283325195312,2566600,0.0,0.0
2017-06-14 00:00:00-04:00,87.93000030517578,88.88999938964844,87.83000183105469,88.81999969482422,72.56730651855469,1502900,0.0,0.0
2017-06-15 00:00:00-04:00,88.69999694824219,89.88999938964844,88.5,89.79000091552734,73.35980987548828,2164100,0.0,0.0
2017-06-16 00:00:00-04:00,90.37000274658203,90.73999786376953,89.55000305175781,89.81999969482422,73.3843002319336,2684000,0.0,0.0
2017-06-19 00:00:00-04:00,90.02999877929688,90.19000244140625,89.08000183105469,89.41000366210938,73.04933166503906,3264300,0.0,0.0
2017-06-20 00:00:00-04:00,89.41000366210938,89.66000366210938,89.18000030517578,89.26000213623047,72.92677307128906,1153600,0.0,0.0
2017-06-21 00:00:00-04:00,89.41000366210938,89.52999877929688,89.02999877929688,89.23999786376953,72.91044616699219,1646400,0.0,0.0
2017-06-22 00:00:00-04:00,89.01000213623047,89.2300033569336,88.20999908447266,88.30999755859375,72.15059661865234,1750700,0.0,0.0
2017-06-23 00:00:00-04:00,88.72000122070312,88.83000183105469,87.98999786376953,88.08000183105469,71.96269989013672,3969900,0.0,0.0
2017-06-26 00:00:00-04:00,88.31999969482422,88.77999877929688,88.16999816894531,88.41999816894531,72.24049377441406,1780500,0.0,0.0
2017-06-27 00:00:00-04:00,88.55000305175781,88.69000244140625,88.02999877929688,88.16999816894531,72.03622436523438,1831700,0.0,0.0
2017-06-28 00:00:00-04:00,88.68000030517578,88.95999908447266,88.37000274658203,88.58000183105469,72.3712158203125,1375200,0.0,0.0
2017-06-29 00:00:00-04:00,89.2300033569336,89.2300033569336,87.80999755859375,88.12999725341797,72.00355529785156,1648200,0.0,0.0
2017-06-30 00:00:00-04:00,88.44000244140625,88.79000091552734,88.12000274658203,88.44000244140625,72.25682830810547,1508000,0.0,0.0
2017-07-03 00:00:00-04:00,88.8499984741211,89.86000061035156,88.62999725341797,88.62999725341797,72.41205596923828,1007600,0.0,0.0
2017-07-05 00:00:00-04:00,88.80999755859375,88.94000244140625,88.2699966430664,88.80999755859375,72.55911254882812,1040900,0.0,0.0
2017-07-06 00:00:00-04:00,88.93000030517578,89.27999877929688,88.52999877929688,88.72000122070312,72.48558044433594,1450600,0.0,0.0
2017-07-07 00:00:00-04:00,88.80000305175781,89.29000091552734,88.54000091552734,89.19000244140625,72.86958312988281,1117300,0.0,0.0
2017-07-10 00:00:00-04:00,88.83000183105469,89.18000030517578,88.83000183105469,88.8499984741211,72.59182739257812,1445100,0.0,0.0
2017-07-11 00:00:00-04:00,88.72000122070312,88.87999725341797,87.73999786376953,87.94000244140625,71.84832763671875,1958600,0.0,0.0
2017-07-12 00:00:00-04:00,88.01000213623047,88.38999938964844,87.91000366210938,88.19999694824219,72.06070709228516,972300,0.0,0.0
2017-07-13 00:00:00-04:00,88.05999755859375,88.91999816894531,87.94000244140625,88.5999984741211,72.38756561279297,1271900,0.0,0.0
2017-07-14 00:00:00-04:00,88.2699966430664,89.33000183105469,87.91999816894531,89.05000305175781,72.7552261352539,1075600,0.0,0.0
2017-07-17 00:00:00-04:00,88.73999786376953,88.83000183105469,88.30999755859375,88.48999786376953,72.29766082763672,1440200,0.0,0.0
2017-07-18 00:00:00-04:00,87.98999786376953,89.05999755859375,87.98999786376953,88.87999725341797,72.6163101196289,2190400,0.0,0.0
2017-07-19 00:00:00-04:00,89.05000305175781,89.25,88.72000122070312,89.25,72.91858673095703,1208800,0.0,0.0
2017-07-20 00:00:00-04:00,89.01000213623047,89.55999755859375,88.47000122070312,89.22000122070312,72.89410400390625,1319600,0.0,0.0
2017-07-21 00:00:00-04:00,89.0,89.31999969482422,88.58000183105469,89.16000366210938,72.84506225585938,1897600,0.0,0.0
2017-07-24 00:00:00-04:00,89.08000183105469,89.91000366210938,89.0199966430664,89.7699966430664,73.34344482421875,1222100,0.0,0.0
2017-07-25 00:00:00-04:00,90.2699966430664,90.62999725341797,89.9000015258789,90.20999908447266,73.70294189453125,1258400,0.0,0.0
2017-07-26 00:00:00-04:00,90.19999694824219,90.29000091552734,89.23999786376953,89.4000015258789,73.04115295410156,1403900,0.0,0.0
2017-07-27 00:00:00-04:00,89.37000274658203,89.8499984741211,89.05000305175781,89.68000030517578,73.26994323730469,2050200,0.0,0.0
2017-07-28 00:00:00-04:00,89.80000305175781,90.56999969482422,89.5199966430664,90.5,73.93988800048828,1258400,0.0,0.0
2017-07-31 00:00:00-04:00,90.58000183105469,91.25,90.56999969482422,91.0,74.34840393066406,1225300,0.0,0.0
2017-08-01 00:00:00-04:00,91.16999816894531,91.43000030517578,90.80000305175781,91.0,74.34840393066406,2820700,0.0,0.0
2017-08-02 00:00:00-04:00,93.13999938964844,94.30999755859375,92.54000091552734,94.16000366210938,76.93016052246094,3393000,0.0,0.0
2017-08-03 00:00:00-04:00,93.9000015258789,94.0,93.08999633789062,93.93000030517578,76.74222564697266,2053800,0.0,0.0
2017-08-04 00:00:00-04:00,94.08999633789062,94.48999786376953,93.97000122070312,94.22000122070312,76.9791488647461,1486400,0.0,0.0
2017-08-07 00:00:00-04:00,94.22000122070312,94.58999633789062,94.08999633789062,94.23999786376953,76.99552154541016,1667200,0.0,0.0
2017-08-08 00:00:00-04:00,93.9800033569336,94.33000183105469,93.83999633789062,94.20999908447266,76.97100830078125,1608900,0.0,0.0
2017-08-09 00:00:00-04:00,94.11000061035156,94.69999694824219,93.95999908447266,94.69999694824219,77.37133026123047,1548700,0.0,0.0
2017-08-10 00:00:00-04:00,94.20999908447266,94.69000244140625,94.13999938964844,94.16000366210938,76.93016052246094,1459100,0.0,0.0
2017-08-11 00:00:00-04:00,94.08999633789062,94.44999694824219,93.91000366210938,93.94999694824219,76.75859069824219,1111400,0.0,0.0
2017-08-14 00:00:00-04:00,94.77999877929688,94.83000183105469,94.36000061035156,94.41999816894531,77.142578125,1166600,0.0,0.0
2017-08-15 00:00:00-04:00,94.79000091552734,94.80999755859375,94.11000061035156,94.37999725341797,77.10989379882812,1458500,0.0,0.0
2017-08-16 00:00:00-04:00,94.66000366210938,95.25,94.30000305175781,94.37999725341797,77.10989379882812,2062300,0.0,0.0
2017-08-17 00:00:00-04:00,94.38999938964844,94.5,93.16999816894531,93.33000183105469,76.25202178955078,1989700,0.0,0.0
2017-08-18 00:00:00-04:00,93.11000061035156,93.33999633789062,92.55000305175781,92.91999816894531,75.91705322265625,2595300,0.0,0.0
2017-08-21 00:00:00-04:00,92.95999908447266,92.95999908447266,92.27999877929688,92.72000122070312,75.753662109375,2166900,0.0,0.0
2017-08-22 00:00:00-04:00,93.11000061035156,93.81999969482422,92.93000030517578,93.7699966430664,76.61151885986328,1653400,0.0,0.0
2017-08-23 00:00:00-04:00,93.37999725341797,93.8499984741211,93.16000366210938,93.18000030517578,76.12947845458984,1661700,0.0,0.0
2017-08-24 00:00:00-04:00,93.29000091552734,93.48999786376953,91.4000015258789,91.54000091552734,74.78956604003906,3161400,0.0,0.0
2017-08-25 00:00:00-04:00,91.80999755859375,92.27999877929688,91.45999908447266,92.0199966430664,75.1817398071289,2582800,0.0,0.0
2017-08-28 00:00:00-04:00,90.37000274658203,90.9800033569336,89.80999755859375,90.6500015258789,74.06242370605469,3104000,0.0,0.0
2017-08-29 00:00:00-04:00,90.0,91.0999984741211,89.83999633789062,90.81999969482422,74.50540924072266,1826500,0.37,0.0
2017-08-30 00:00:00-04:00,90.83000183105469,91.13999938964844,90.0,90.06999969482422,73.89015197753906,2437200,0.0,0.0
2017-08-31 00:00:00-04:00,90.2699966430664,90.62999725341797,90.04000091552734,90.5,74.2428970336914,2850300,0.0,0.0
2017-09-01 00:00:00-04:00,90.56999969482422,91.12000274658203,89.6500015258789,89.77999877929688,73.65226745605469,2514400,0.0,0.0
2017-09-05 00:00:00-04:00,89.0,89.02999877929688,86.33999633789062,86.48999786376953,70.95323181152344,4633500,0.0,0.0
2017-09-06 00:00:00-04:00,86.7300033569336,88.31999969482422,86.62999725341797,87.5,71.78182220458984,4770500,0.0,0.0
2017-09-07 00:00:00-04:00,87.05999755859375,87.25,85.58999633789062,86.44999694824219,70.92042541503906,3146800,0.0,0.0
2017-09-08 00:00:00-04:00,86.1500015258789,90.41000366210938,86.1500015258789,89.61000061035156,73.5127944946289,4304900,0.0,0.0
2017-09-11 00:00:00-04:00,91.44000244140625,93.54000091552734,90.72000122070312,91.2300033569336,74.84176635742188,3581000,0.0,0.0
2017-09-12 00:00:00-04:00,91.16000366210938,91.98999786376953,90.63999938964844,91.87000274658203,75.36681365966797,2421500,0.0,0.0
2017-09-13 00:00:00-04:00,91.30999755859375,91.47000122070312,90.43000030517578,90.94000244140625,74.60387420654297,2006600,0.0,0.0
2017-09-14 00:00:00-04:00,90.79000091552734,90.87000274658203,90.1500015258789,90.5,74.2428970336914,1976100,0.0,0.0
2017-09-15 00:00:00-04:00,90.47000122070312,91.4000015258789,90.44999694824219,90.87999725341797,74.55464935302734,2915000,0.0,0.0
2017-09-18 00:00:00-04:00,91.05999755859375,91.23999786376953,90.33999633789062,90.4800033569336,74.22650146484375,1914000,0.0,0.0
2017-09-19 00:00:00-04:00,90.55000305175781,91.91000366210938,90.44999694824219,91.13999938964844,74.76793670654297,2478200,0.0,0.0
2017-09-20 00:00:00-04:00,90.87999725341797,91.41000366210938,90.41999816894531,91.37999725341797,74.9648208618164,1704800,0.0,0.0
2017-09-21 00:00:00-04:00,91.4000015258789,92.31999969482422,90.54000091552734,90.66999816894531,74.38236236572266,1450300,0.0,0.0
2017-09-22 00:00:00-04:00,90.44000244140625,90.86000061035156,90.12000274658203,90.52999877929688,74.26753234863281,1155200,0.0,0.0
2017-09-25 00:00:00-04:00,90.27999877929688,91.20999908447266,90.05000305175781,91.04000091552734,74.68589782714844,1311700,0.0,0.0
2017-09-26 00:00:00-04:00,90.9000015258789,91.55000305175781,90.47000122070312,90.7300033569336,74.43160247802734,1652600,0.0,0.0
2017-09-27 00:00:00-04:00,91.69000244140625,91.72000122070312,90.69999694824219,90.88999938964844,74.5628662109375,1414400,0.0,0.0
2017-09-28 00:00:00-04:00,90.83999633789062,91.41000366210938,90.5199966430664,91.29000091552734,74.8909912109375,1122600,0.0,0.0
2017-09-29 00:00:00-04:00,91.30000305175781,91.97000122070312,90.91000366210938,91.91000366210938,75.39961242675781,1407700,0.0,0.0
2017-10-02 00:00:00-04:00,91.6500015258789,92.62999725341797,91.41000366210938,92.37999725341797,75.78520965576172,1416300,0.0,0.0
2017-10-03 00:00:00-04:00,92.20999908447266,92.33999633789062,91.5199966430664,92.0999984741211,75.55548095703125,1554400,0.0,0.0
2017-10-04 00:00:00-04:00,92.12000274658203,92.93000030517578,92.11000061035156,92.86000061035156,76.178955078125,1361100,0.0,0.0
2017-10-05 00:00:00-04:00,92.7300033569336,93.69000244140625,92.66000366210938,93.19000244140625,76.4496841430664,1781800,0.0,0.0
2017-10-06 00:00:00-04:00,93.31999969482422,93.80999755859375,93.12000274658203,93.29000091552734,76.53172302246094,930600,0.0,0.0
2017-10-09 00:00:00-04:00,93.26000213623047,93.51000213623047,92.86000061035156,93.19999694824219,76.45787811279297,619500,0.0,0.0
2017-10-10 00:00:00-04:00,93.19999694824219,93.66999816894531,92.87000274658203,93.33000183105469,76.56453704833984,1715700,0.0,0.0
2017-10-11 00:00:00-04:00,93.12000274658203,93.4000015258789,92.80000305175781,93.08999633789062,76.36763763427734,1289800,0.0,0.0
2017-10-12 00:00:00-04:00,93.2699966430664,93.5199966430664,92.43000030517578,92.54000091552734,75.91643524169922,1294600,0.0,0.0
2017-10-13 00:00:00-04:00,92.70999908447266,93.05999755859375,92.2699966430664,92.33999633789062,75.75238800048828,1655400,0.0,0.0
2017-10-16 00:00:00-04:00,92.33999633789062,92.8499984741211,92.11000061035156,92.45999908447266,75.85079956054688,1831400,0.0,0.0
2017-10-17 00:00:00-04:00,92.45999908447266,92.68000030517578,91.12000274658203,91.41000366210938,74.98942565917969,3196800,0.0,0.0
2017-10-18 00:00:00-04:00,91.4800033569336,91.55000305175781,90.62000274658203,91.25,74.85818481445312,1955300,0.0,0.0
2017-10-19 00:00:00-04:00,91.06999969482422,92.73999786376953,90.7300033569336,92.7300033569336,76.07233428955078,3192100,0.0,0.0
2017-10-20 00:00:00-04:00,93.44999694824219,93.58999633789062,92.5199966430664,92.97000122070312,76.26921081542969,2141500,0.0,0.0
2017-10-23 00:00:00-04:00,92.95999908447266,93.0999984741211,92.55000305175781,92.97000122070312,76.26921081542969,1517800,0.0,0.0
2017-10-24 00:00:00-04:00,93.30000305175781,93.93000030517578,92.98999786376953,93.63999938964844,76.81884765625,1460000,0.0,0.0
2017-10-25 00:00:00-04:00,93.7300033569336,93.8499984741211,92.7699966430664,93.27999877929688,76.52350616455078,1392600,0.0,0.0
2017-10-26 00:00:00-04:00,93.55000305175781,94.2300033569336,93.31999969482422,93.95999908447266,77.08136749267578,1254300,0.0,0.0
2017-10-27 00:00:00-04:00,93.72000122070312,93.95999908447266,92.93000030517578,93.7300033569336,76.89268493652344,1215100,0.0,0.0
2017-10-30 00:00:00-04:00,93.2699966430664,94.43000030517578,93.2699966430664,94.06999969482422,77.17160034179688,1731300,0.0,0.0
2017-10-31 00:00:00-04:00,93.94000244140625,94.6500015258789,93.66999816894531,93.86000061035156,76.99933624267578,2507500,0.0,0.0
2017-11-01 00:00:00-04:00,94.06999969482422,94.54000091552734,93.5199966430664,94.25,77.31925201416016,1980300,0.0,0.0
2017-11-02 00:00:00-04:00,95.88999938964844,98.20999908447266,95.4000015258789,97.8499984741211,80.27256774902344,3935300,0.0,0.0
2017-11-03 00:00:00-04:00,97.62000274658203,97.95999908447266,97.06999969482422,97.83999633789062,80.26436614990234,3027100,0.0,0.0
2017-11-06 00:00:00-05:00,97.80999755859375,99.44000244140625,97.44999694824219,99.08999633789062,81.28983306884766,1632400,0.0,0.0
2017-11-07 00:00:00-05:00,99.41999816894531,100.30999755859375,98.55000305175781,99.18000030517578,81.36366271972656,1631500,0.0,0.0
2017-11-08 00:00:00-05:00,99.2300033569336,99.7300033569336,98.97000122070312,99.08999633789062,81.28983306884766,1921100,0.0,0.0
2017-11-09 00:00:00-05:00,98.73999786376953,99.36000061035156,98.20999908447266,98.94999694824219,81.17496490478516,1768800,0.0,0.0
2017-11-10 00:00:00-05:00,98.87999725341797,99.27999877929688,98.0999984741211,99.12000274658203,81.31443786621094,1389600,0.0,0.0
2017-11-13 00:00:00-05:00,98.9000015258789,99.97000122070312,98.76000213623047,99.44000244140625,81.57698059082031,1851400,0.0,0.0
2017-11-14 00:00:00-05:00,98.88999938964844,100.05000305175781,98.51000213623047,99.94000244140625,81.98715209960938,2148300,0.0,0.0
2017-11-15 00:00:00-05:00,99.4800033569336,101.12000274658203,99.30000305175781,100.37999725341797,82.34809875488281,2548900,0.0,0.0
2017-11-16 00:00:00-05:00,100.51000213623047,100.69999694824219,99.16999816894531,99.56999969482422,81.68358612060547,2138400,0.0,0.0
2017-11-17 00:00:00-05:00,99.05000305175781,100.43000030517578,99.05000305175781,100.16999816894531,82.17582702636719,2880000,0.0,0.0
2017-11-20 00:00:00-05:00,100.26000213623047,100.97000122070312,100.0,100.31999969482422,82.29888916015625,1981000,0.0,0.0
2017-11-21 00:00:00-05:00,100.38999938964844,100.72000122070312,99.56999969482422,99.69999694824219,81.7902603149414,1530200,0.0,0.0
2017-11-22 00:00:00-05:00,99.5999984741211,99.73999786376953,99.18000030517578,99.30000305175781,81.46210479736328,900100,0.0,0.0
2017-11-24 00:00:00-05:00,99.80000305175781,99.80000305175781,98.9800033569336,99.08000183105469,81.28162384033203,623400,0.0,0.0
2017-11-27 00:00:00-05:00,99.2300033569336,99.93000030517578,99.13999938964844,99.41000366210938,81.55233764648438,1459600,0.0,0.0
2017-11-28 00:00:00-05:00,99.38999938964844,100.94000244140625,99.26000213623047,100.88999938964844,82.76649475097656,1858600,0.0,0.0
2017-11-29 00:00:00-05:00,100.62000274658203,102.2300033569336,100.58000183105469,101.95999908447266,83.95214080810547,2031700,0.37,0.0
2017-11-30 00:00:00-05:00,102.37000274658203,103.51000213623047,101.08999633789062,102.66000366210938,84.52852630615234,3340800,0.0,0.0
2017-12-01 00:00:00-05:00,103.0999984741211,103.12000274658203,100.75,103.0999984741211,84.89080810546875,2465600,0.0,0.0
2017-12-04 00:00:00-05:00,103.91000366210938,104.0999984741211,103.01000213623047,103.62000274658203,85.3189697265625,2381000,0.0,0.0
2017-12-05 00:00:00-05:00,103.98999786376953,103.98999786376953,102.69000244140625,102.83999633789062,84.67671966552734,2700100,0.0,0.0
2017-12-06 00:00:00-05:00,102.81999969482422,103.6500015258789,102.56999969482422,102.6500015258789,84.52030181884766,1318500,0.0,0.0
2017-12-07 00:00:00-05:00,102.33000183105469,102.5999984741211,101.7699966430664,102.11000061035156,84.0756607055664,1366000,0.0,0.0
2017-12-08 00:00:00-05:00,102.0,102.51000213623047,101.6500015258789,102.5,84.39678192138672,1308800,0.0,0.0
2017-12-11 00:00:00-05:00,102.33000183105469,102.72000122070312,101.7699966430664,102.37000274658203,84.28975677490234,1086000,0.0,0.0
2017-12-12 00:00:00-05:00,102.33999633789062,103.86000061035156,101.8499984741211,103.54000091552734,85.25312042236328,1954100,0.0,0.0
2017-12-13 00:00:00-05:00,103.30000305175781,104.18000030517578,103.08999633789062,103.31999969482422,85.07194519042969,2297600,0.0,0.0
2017-12-14 00:00:00-05:00,103.70999908447266,103.79000091552734,102.44999694824219,102.6500015258789,84.52030181884766,1467800,0.0,0.0
2017-12-15 00:00:00-05:00,103.08999633789062,104.45999908447266,102.93000030517578,103.97000122070312,85.6071548461914,4167800,0.0,0.0
2017-12-18 00:00:00-05:00,104.45999908447266,105.13999938964844,103.75,104.16000366210938,85.76359558105469,2022000,0.0,0.0
2017-12-19 00:00:00-05:00,104.66999816894531,104.76000213623047,104.0,104.37999725341797,85.94474792480469,2069200,0.0,0.0
2017-12-20 00:00:00-05:00,104.72000122070312,104.91999816894531,104.16000366210938,104.41999816894531,85.9776611328125,1417700,0.0,0.0
2017-12-21 00:00:00-05:00,104.69000244140625,105.16999816894531,104.18000030517578,104.20999908447266,85.8047866821289,1534200,0.0,0.0
2017-12-22 00:00:00-05:00,104.48999786376953,104.66000366210938,103.45999908447266,104.11000061035156,85.72241973876953,783600,0.0,0.0
2017-12-26 00:00:00-05:00,104.05999755859375,104.72000122070312,103.9800033569336,104.33999633789062,85.91179656982422,666800,0.0,0.0
2017-12-27 00:00:00-05:00,104.43000030517578,104.83999633789062,104.12999725341797,104.5999984741211,86.1258773803711,776300,0.0,0.0
2017-12-28 00:00:00-05:00,104.91000366210938,104.93000030517578,104.4800033569336,104.91000366210938,86.38113403320312,736100,0.0,0.0
2017-12-29 00:00:00-05:00,105.05000305175781,105.36000061035156,104.69000244140625,104.70999908447266,86.2164306640625,947500,0.0,0.0
2018-01-02 00:00:00-05:00,104.06999969482422,104.5199966430664,101.68000030517578,101.91999816894531,83.91921997070312,4788200,0.0,0.0
2018-01-03 00:00:00-05:00,101.91999816894531,102.73999786376953,101.6500015258789,101.9800033569336,83.9686050415039,1993300,0.0,0.0
2018-01-04 00:00:00-05:00,102.26000213623047,102.7300033569336,100.69000244140625,100.80000305175781,82.99703216552734,2017400,0.0,0.0
2018-01-05 00:00:00-05:00,101.23999786376953,101.93000030517578,100.22000122070312,101.87000274658203,83.87805938720703,1588000,0.0,0.0
2018-01-08 00:00:00-05:00,101.83999633789062,101.8499984741211,101.08000183105469,101.38999938964844,83.48282623291016,1434900,0.0,0.0
2018-01-09 00:00:00-05:00,100.6500015258789,101.7300033569336,100.5,100.94000244140625,83.11231231689453,2223500,0.0,0.0
2018-01-10 00:00:00-05:00,100.80999755859375,101.23999786376953,100.30999755859375,100.43000030517578,82.69237518310547,2480800,0.0,0.0
2018-01-11 00:00:00-05:00,100.81999969482422,101.16000366210938,100.20999908447266,100.77999877929688,82.9805679321289,1571700,0.0,0.0
2018-01-12 00:00:00-05:00,100.9000015258789,102.31999969482422,99.83000183105469,102.11000061035156,84.0756607055664,2404600,0.0,0.0
2018-01-16 00:00:00-05:00,102.20999908447266,102.7300033569336,101.61000061035156,102.12999725341797,84.09211730957031,1860900,0.0,0.0
2018-01-17 00:00:00-05:00,102.51000213623047,103.98999786376953,102.27999877929688,103.94000244140625,85.58244323730469,1765400,0.0,0.0
2018-01-18 00:00:00-05:00,103.8499984741211,104.33000183105469,102.9800033569336,104.0,85.63184356689453,2909900,0.0,0.0
2018-01-19 00:00:00-05:00,104.41999816894531,104.41999816894531,103.12999725341797,103.69999694824219,85.38481903076172,1549000,0.0,0.0
2018-01-22 00:00:00-05:00,103.69999694824219,104.43000030517578,103.23999786376953,104.43000030517578,85.98591613769531,1358100,0.0,0.0
2018-01-23 00:00:00-05:00,104.22000122070312,104.47000122070312,100.30000305175781,101.25,83.36756896972656,4676600,0.0,0.0
2018-01-24 00:00:00-05:00,101.43000030517578,101.52999877929688,99.58000183105469,99.87000274658203,82.2313003540039,4988000,0.0,0.0
2018-01-25 00:00:00-05:00,100.38999938964844,101.01000213623047,99.5199966430664,100.7300033569336,82.93939971923828,2466900,0.0,0.0
2018-01-26 00:00:00-05:00,100.94000244140625,101.62000274658203,99.88999938964844,100.52999877929688,82.77473449707031,2777100,0.0,0.0
2018-01-29 00:00:00-05:00,100.25,100.58999633789062,98.0,98.04000091552734,80.72451782226562,2215700,0.0,0.0
2018-01-30 00:00:00-05:00,97.73999786376953,99.30000305175781,97.41999816894531,98.44999694824219,81.06207275390625,2100100,0.0,0.0
2018-01-31 00:00:00-05:00,98.5,99.37000274658203,98.33999633789062,98.7699966430664,81.32555389404297,2146600,0.0,0.0
2018-02-01 00:00:00-05:00,98.56999969482422,99.3499984741211,98.01000213623047,98.72000122070312,81.2844009399414,2422100,0.0,0.0
2018-02-02 00:00:00-05:00,98.62000274658203,100.05999755859375,97.83999633789062,97.94000244140625,80.64218139648438,2300800,0.0,0.0
2018-02-05 00:00:00-05:00,97.2699966430664,98.69000244140625,95.0199966430664,95.0199966430664,78.23789978027344,4883500,0.0,0.0
2018-02-06 00:00:00-05:00,93.6500015258789,96.97000122070312,92.72000122070312,96.5999984741211,79.53881072998047,4312400,0.0,0.0
2018-02-07 00:00:00-05:00,96.13999938964844,98.30000305175781,95.91999816894531,96.87000274658203,79.76113891601562,3174300,0.0,0.0
2018-02-08 00:00:00-05:00,96.02999877929688,96.69999694824219,90.0199966430664,90.05999755859375,74.15388488769531,5282200,0.0,0.0
2018-02-09 00:00:00-05:00,91.0,91.41000366210938,88.29000091552734,90.88999938964844,74.83731079101562,5770600,0.0,0.0
2018-02-12 00:00:00-05:00,91.5999984741211,92.73999786376953,90.25,90.7300033569336,74.70556640625,4117000,0.0,0.0
2018-02-13 00:00:00-05:00,90.2300033569336,92.23999786376953,89.58999633789062,92.12999725341797,75.85829162597656,3503800,0.0,0.0
2018-02-14 00:00:00-05:00,91.80999755859375,95.12999725341797,91.80999755859375,95.02999877929688,78.24612426757812,3111400,0.0,0.0
2018-02-15 00:00:00-05:00,94.97000122070312,95.19000244140625,93.27999877929688,94.5199966430664,77.82618713378906,2807400,0.0,0.0
2018-02-16 00:00:00-05:00,94.12000274658203,95.72000122070312,94.06999969482422,95.04000091552734,78.25434112548828,2565400,0.0,0.0
2018-02-20 00:00:00-05:00,94.41999816894531,94.9000015258789,93.25,93.6500015258789,77.10983276367188,2190000,0.0,0.0
2018-02-21 00:00:00-05:00,93.48999786376953,95.04000091552734,93.31999969482422,93.41000366210938,76.9122314453125,1831300,0.0,0.0
2018-02-22 00:00:00-05:00,93.41000366210938,94.76000213623047,92.48999786376953,92.80000305175781,76.40997314453125,2469200,0.0,0.0
2018-02-23 00:00:00-05:00,93.1500015258789,94.44999694824219,93.02999877929688,94.37000274658203,77.70268249511719,2175000,0.0,0.0
2018-02-26 00:00:00-05:00,94.69000244140625,96.04000091552734,94.44999694824219,95.75,78.83894348144531,1979300,0.0,0.0
2018-02-27 00:00:00-05:00,95.45999908447266,96.05000305175781,94.0,94.01000213623047,77.40626525878906,2693300,0.0,0.0
2018-02-28 00:00:00-05:00,94.48999786376953,94.76000213623047,92.22000122070312,92.26000213623047,75.96533203125,3377700,0.0,0.0
2018-03-01 00:00:00-05:00,92.33000183105469,93.81999969482422,91.55999755859375,92.05999755859375,75.80067443847656,3582300,0.0,0.0
2018-03-02 00:00:00-05:00,91.08000183105469,91.75,90.66000366210938,91.61000061035156,75.80892944335938,1917200,0.46,0.0
2018-03-05 00:00:00-05:00,91.18000030517578,93.37000274658203,90.87000274658203,92.88999938964844,76.8681640625,2958600,0.0,0.0
2018-03-06 00:00:00-05:00,93.29000091552734,93.55000305175781,92.16000366210938,93.43000030517578,77.31501770019531,1771500,0.0,0.0
2018-03-07 00:00:00-05:00,92.52999877929688,93.77999877929688,92.45999908447266,93.38999938964844,77.28191375732422,2382600,0.0,0.0
2018-03-08 00:00:00-05:00,93.69999694824219,94.41000366210938,93.0,94.33000183105469,78.05980682373047,2059600,0.0,0.0
2018-03-09 00:00:00-05:00,95.0,96.11000061035156,94.55999755859375,96.02999877929688,79.466552734375,2874100,0.0,0.0
2018-03-12 00:00:00-04:00,95.94999694824219,95.94999694824219,94.62999725341797,94.8499984741211,78.49009704589844,2067500,0.0,0.0
2018-03-13 00:00:00-04:00,95.44000244140625,96.69000244140625,95.05000305175781,96.41000366210938,79.7810287475586,3349600,0.0,0.0
2018-03-14 00:00:00-04:00,96.83000183105469,97.73999786376953,96.12000274658203,96.41000366210938,79.7810287475586,2738500,0.0,0.0
2018-03-15 00:00:00-04:00,96.5999984741211,97.4800033569336,96.05999755859375,96.80999755859375,80.11203002929688,2473800,0.0,0.0
2018-03-16 00:00:00-04:00,97.04000091552734,97.95999908447266,97.0,97.52999877929688,80.70783233642578,3425300,0.0,0.0
2018-03-19 00:00:00-04:00,97.52999877929688,97.73999786376953,96.11000061035156,96.77999877929688,80.08720397949219,2406500,0.0,0.0
2018-03-20 00:00:00-04:00,97.0199966430664,97.69000244140625,96.70999908447266,97.38999938964844,80.59197998046875,1441300,0.0,0.0
2018-03-21 00:00:00-04:00,97.2699966430664,97.79000091552734,96.66999816894531,96.83999633789062,80.13684844970703,1514400,0.0,0.0
2018-03-22 00:00:00-04:00,96.25,97.06999969482422,94.48999786376953,94.6500015258789,78.32460021972656,1999200,0.0,0.0
2018-03-23 00:00:00-04:00,94.76000213623047,95.08999633789062,92.13999938964844,92.25,76.33854675292969,2036500,0.0,0.0
2018-03-26 00:00:00-04:00,93.44999694824219,94.91000366210938,92.87000274658203,94.5199966430664,78.2170181274414,1771600,0.0,0.0
2018-03-27 00:00:00-04:00,94.70999908447266,95.06999969482422,92.91999816894531,93.38999938964844,77.28191375732422,1540400,0.0,0.0
2018-03-28 00:00:00-04:00,93.70999908447266,95.6500015258789,93.4800033569336,94.61000061035156,78.29147338867188,2173600,0.0,0.0
2018-03-29 00:00:00-04:00,95.0999984741211,95.9000015258789,94.80000305175781,94.80000305175781,78.44871520996094,2449300,0.0,0.0
2018-04-02 00:00:00-04:00,95.94000244140625,96.94000244140625,92.11000061035156,93.69999694824219,77.53843688964844,2563400,0.0,0.0
2018-04-03 00:00:00-04:00,93.51000213623047,95.45999908447266,92.98999786376953,95.12000274658203,78.71353149414062,2028700,0.0,0.0
2018-04-04 00:00:00-04:00,94.5199966430664,96.73999786376953,94.27999877929688,96.52999877929688,79.88033294677734,1789300,0.0,0.0
2018-04-05 00:00:00-04:00,97.05999755859375,97.77999877929688,96.75,97.12999725341797,80.37684631347656,1853300,0.0,0.0
2018-04-06 00:00:00-04:00,96.38999938964844,97.22000122070312,95.08999633789062,95.9000015258789,79.35897827148438,2159700,0.0,0.0
2018-04-09 00:00:00-04:00,96.48999786376953,97.48999786376953,95.44000244140625,95.77999877929688,79.25968933105469,1450200,0.0,0.0
2018-04-10 00:00:00-04:00,96.8499984741211,97.5999984741211,96.37000274658203,97.12000274658203,80.36854553222656,1303100,0.0,0.0
2018-04-11 00:00:00-04:00,96.33999633789062,96.81999969482422,95.9800033569336,96.19999694824219,79.60726928710938,1739400,0.0,0.0
2018-04-12 00:00:00-04:00,96.66000366210938,97.44999694824219,96.47000122070312,96.75,80.0624008178711,1649800,0.0,0.0
2018-04-13 00:00:00-04:00,97.66000366210938,97.69000244140625,95.87000274658203,96.36000061035156,79.73966217041016,1685900,0.0,0.0
2018-04-16 00:00:00-04:00,97.08000183105469,97.93000030517578,96.5999984741211,97.52999877929688,80.70783233642578,1765700,0.0,0.0
2018-04-17 00:00:00-04:00,97.95999908447266,99.05000305175781,97.5199966430664,97.75,80.88990020751953,1810500,0.0,0.0
2018-04-18 00:00:00-04:00,97.87999725341797,98.08999633789062,96.55999755859375,97.79000091552734,80.9229965209961,2160200,0.0,0.0
2018-04-19 00:00:00-04:00,98.18000030517578,99.05999755859375,97.55999755859375,97.9800033569336,81.08024597167969,2360800,0.0,0.0
2018-04-20 00:00:00-04:00,98.36000061035156,99.26000213623047,97.76000213623047,98.30999755859375,81.35330200195312,1542700,0.0,0.0
2018-04-23 00:00:00-04:00,98.80999755859375,98.9000015258789,97.80999755859375,98.61000061035156,81.60155487060547,1528400,0.0,0.0
2018-04-24 00:00:00-04:00,98.54000091552734,99.19999694824219,96.87000274658203,97.38999938964844,80.59197998046875,1952600,0.0,0.0
2018-04-25 00:00:00-04:00,97.44999694824219,97.95999908447266,96.41999816894531,97.48999786376953,80.67473602294922,2048800,0.0,0.0
2018-04-26 00:00:00-04:00,97.6500015258789,97.83999633789062,96.77999877929688,97.52999877929688,80.70783233642578,1110900,0.0,0.0
2018-04-27 00:00:00-04:00,97.44999694824219,98.38999938964844,97.43000030517578,98.19000244140625,81.25401306152344,1292700,0.0,0.0
2018-04-30 00:00:00-04:00,98.69999694824219,99.0999984741211,97.81999969482422,97.81999969482422,80.94782257080078,1520000,0.0,0.0
2018-05-01 00:00:00-04:00,97.5999984741211,98.19999694824219,96.62000274658203,98.19999694824219,81.26228332519531,1547200,0.0,0.0
2018-05-02 00:00:00-04:00,97.80000305175781,97.9800033569336,92.33999633789062,94.05999755859375,77.83635711669922,4938800,0.0,0.0
2018-05-03 00:00:00-04:00,93.43000030517578,94.51000213623047,91.77999877929688,94.05000305175781,77.82808685302734,2695600,0.0,0.0
2018-05-04 00:00:00-04:00,93.4000015258789,95.12999725341797,92.86000061035156,94.5199966430664,78.2170181274414,1681800,0.0,0.0
2018-05-07 00:00:00-04:00,94.56999969482422,95.51000213623047,93.9000015258789,95.05999755859375,78.66387176513672,1729900,0.0,0.0
2018-05-08 00:00:00-04:00,95.47000122070312,96.0,95.16000366210938,95.70999908447266,79.20175170898438,2227500,0.0,0.0
2018-05-09 00:00:00-04:00,95.48999786376953,96.45999908447266,95.27999877929688,96.41000366210938,79.7810287475586,2360500,0.0,0.0
2018-05-10 00:00:00-04:00,96.55000305175781,96.56999969482422,95.80000305175781,96.0999984741211,79.52447509765625,1541700,0.0,0.0
2018-05-11 00:00:00-04:00,96.22000122070312,97.77999877929688,96.05999755859375,96.37999725341797,79.75618743896484,1810200,0.0,0.0
2018-05-14 00:00:00-04:00,96.5,96.79000091552734,95.29000091552734,95.45999908447266,78.99488067626953,1987300,0.0,0.0
2018-05-15 00:00:00-04:00,95.51000213623047,96.2699966430664,95.2300033569336,95.86000061035156,79.32589721679688,1900300,0.0,0.0
2018-05-16 00:00:00-04:00,95.83999633789062,96.36000061035156,95.19999694824219,95.62000274658203,79.1272964477539,1482600,0.0,0.0
2018-05-17 00:00:00-04:00,95.45999908447266,95.52999877929688,94.83999633789062,95.0,78.61421966552734,2306900,0.0,0.0
2018-05-18 00:00:00-04:00,95.16999816894531,95.3499984741211,94.5999984741211,94.91999816894531,78.54801940917969,1854100,0.0,0.0
2018-05-21 00:00:00-04:00,95.25,95.93000030517578,94.77999877929688,95.61000061035156,79.1189956665039,1105500,0.0,0.0
2018-05-22 00:00:00-04:00,95.5999984741211,96.5199966430664,95.33999633789062,95.87999725341797,79.34241485595703,968700,0.0,0.0
2018-05-23 00:00:00-04:00,95.5199966430664,95.8499984741211,95.08000183105469,95.58999633789062,79.10245513916016,1448500,0.0,0.0
2018-05-24 00:00:00-04:00,95.55999755859375,95.72000122070312,94.69000244140625,95.5199966430664,79.04454803466797,1127800,0.0,0.0
2018-05-25 00:00:00-04:00,95.30000305175781,95.72000122070312,95.22000122070312,95.44999694824219,78.98658752441406,1313200,0.0,0.0
2018-05-29 00:00:00-04:00,94.6500015258789,95.0,93.66000366210938,94.23999786376953,77.98530578613281,2351100,0.0,0.0
2018-05-30 00:00:00-04:00,94.4000015258789,95.16000366210938,93.9000015258789,94.37000274658203,78.4759292602539,2107100,0.46,0.0
2018-05-31 00:00:00-04:00,94.27999877929688,94.27999877929688,93.20999908447266,93.4800033569336,77.73580932617188,1924700,0.0,0.0
2018-06-01 00:00:00-04:00,94.25,94.4000015258789,93.43000030517578,93.86000061035156,78.05181121826172,1821400,0.0,0.0
2018-06-04 00:00:00-04:00,94.22000122070312,94.37999725341797,93.86000061035156,94.25,78.37617492675781,1031400,0.0,0.0
2018-06-05 00:00:00-04:00,94.16999816894531,94.3499984741211,93.2699966430664,93.69999694824219,77.91876983642578,2179900,0.0,0.0
2018-06-06 00:00:00-04:00,94.08000183105469,94.38999938964844,91.0199966430664,93.01000213623047,77.3449935913086,4230200,0.0,0.0
2018-06-07 00:00:00-04:00,93.1500015258789,93.33999633789062,92.27999877929688,93.19999694824219,77.50300598144531,2140300,0.0,0.0
2018-06-08 00:00:00-04:00,93.38999938964844,93.93000030517578,93.19999694824219,93.70999908447266,77.92708587646484,1476800,0.0,0.0
2018-06-11 00:00:00-04:00,93.62000274658203,93.98999786376953,93.4000015258789,93.62000274658203,77.8522720336914,1290900,0.0,0.0
2018-06-12 00:00:00-04:00,94.06999969482422,94.70999908447266,92.94000244140625,93.5,77.7524642944336,2089400,0.0,0.0
2018-06-13 00:00:00-04:00,93.61000061035156,94.91999816894531,93.23999786376953,93.2699966430664,77.56121063232422,2174300,0.0,0.0
2018-06-14 00:00:00-04:00,93.58999633789062,93.72000122070312,92.4000015258789,92.80000305175781,77.17036437988281,2131100,0.0,0.0
2018-06-15 00:00:00-04:00,92.4000015258789,93.87000274658203,92.37000274658203,93.80999755859375,78.01023864746094,4038500,0.0,0.0
2018-06-18 00:00:00-04:00,93.0199966430664,93.16000366210938,92.5,92.98999786376953,77.32833099365234,1946400,0.0,0.0
2018-06-19 00:00:00-04:00,92.30000305175781,93.70999908447266,92.30000305175781,93.4800033569336,77.73580932617188,1773600,0.0,0.0
2018-06-20 00:00:00-04:00,93.5,93.83000183105469,92.0199966430664,92.18000030517578,76.65479278564453,1464300,0.0,0.0
2018-06-21 00:00:00-04:00,92.01000213623047,92.86000061035156,91.47000122070312,92.2300033569336,76.69636535644531,2333400,0.0,0.0
2018-06-22 00:00:00-04:00,92.73999786376953,92.98999786376953,92.0999984741211,92.23999786376953,76.70467376708984,2228000,0.0,0.0
2018-06-25 00:00:00-04:00,92.19000244140625,92.7300033569336,91.0,91.62999725341797,76.19741821289062,2576300,0.0,0.0
2018-06-26 00:00:00-04:00,91.8499984741211,92.66999816894531,91.51000213623047,92.22000122070312,76.68804168701172,2212800,0.0,0.0
2018-06-27 00:00:00-04:00,92.0999984741211,92.38999938964844,90.20999908447266,90.30999755859375,75.0997314453125,2750300,0.0,0.0
2018-06-28 00:00:00-04:00,90.26000213623047,91.70999908447266,90.20999908447266,91.3499984741211,75.96456909179688,1857600,0.0,0.0
2018-06-29 00:00:00-04:00,91.54000091552734,92.27999877929688,91.12000274658203,91.2699966430664,75.89804077148438,1724900,0.0,0.0
2018-07-02 00:00:00-04:00,91.04000091552734,91.80999755859375,90.91999816894531,91.66999816894531,76.2306900024414,1789500,0.0,0.0
2018-07-03 00:00:00-04:00,91.9000015258789,92.52999877929688,91.83000183105469,91.9000015258789,76.42195129394531,836500,0.0,0.0
2018-07-05 00:00:00-04:00,92.4000015258789,92.43000030517578,91.38999938964844,91.94000244140625,76.45520782470703,1133800,0.0,0.0
2018-07-06 00:00:00-04:00,91.8499984741211,92.58000183105469,91.41000366210938,92.16000366210938,76.63817596435547,1559600,0.0,0.0
2018-07-09 00:00:00-04:00,92.76000213623047,93.66000366210938,92.37999725341797,93.5999984741211,77.83560943603516,1391200,0.0,0.0
2018-07-10 00:00:00-04:00,93.83999633789062,94.16000366210938,93.16999816894531,93.36000061035156,77.63605499267578,1609500,0.0,0.0
2018-07-11 00:00:00-04:00,93.12000274658203,93.27999877929688,92.70999908447266,92.83000183105469,77.19532775878906,1500800,0.0,0.0
2018-07-12 00:00:00-04:00,93.52999877929688,93.52999877929688,92.26000213623047,92.9000015258789,77.25353240966797,1267900,0.0,0.0
2018-07-13 00:00:00-04:00,92.94000244140625,93.11000061035156,92.55999755859375,92.83000183105469,77.19532775878906,1190800,0.0,0.0
2018-07-16 00:00:00-04:00,93.12999725341797,93.75,92.83999633789062,93.45999908447266,77.71916961669922,1406200,0.0,0.0
2018-07-17 00:00:00-04:00,93.80000305175781,94.55999755859375,93.5,94.26000213623047,78.38446044921875,2285000,0.0,0.0
2018-07-18 00:00:00-04:00,94.4000015258789,95.83000183105469,94.16999816894531,95.76000213623047,79.63182830810547,2097600,0.0,0.0
2018-07-19 00:00:00-04:00,95.20999908447266,95.43000030517578,93.37000274658203,93.41999816894531,77.68595886230469,2171500,0.0,0.0
2018-07-20 00:00:00-04:00,93.01000213623047,93.69000244140625,92.58999633789062,93.41999816894531,77.68595886230469,1863000,0.0,0.0
2018-07-23 00:00:00-04:00,93.29000091552734,93.36000061035156,92.37000274658203,93.19000244140625,77.49466705322266,1641000,0.0,0.0
2018-07-24 00:00:00-04:00,92.41999816894531,93.72000122070312,92.41999816894531,93.2300033569336,77.5279541015625,1601400,0.0,0.0
2018-07-25 00:00:00-04:00,92.93000030517578,93.75,92.76000213623047,93.75,77.96033477783203,1488300,0.0,0.0
2018-07-26 00:00:00-04:00,94.26000213623047,95.58000183105469,94.1500015258789,94.76000213623047,78.80023956298828,1674400,0.0,0.0
2018-07-27 00:00:00-04:00,95.06999969482422,95.94999694824219,94.56999969482422,94.63999938964844,78.70047760009766,1005100,0.0,0.0
2018-07-30 00:00:00-04:00,94.55000305175781,95.5199966430664,94.23999786376953,94.58999633789062,78.65887451171875,1434100,0.0,0.0
2018-07-31 00:00:00-04:00,94.77999877929688,95.16999816894531,94.43000030517578,95.12000274658203,79.09961700439453,1813700,0.0,0.0
2018-08-01 00:00:00-04:00,95.1500015258789,95.55999755859375,94.44999694824219,94.6500015258789,78.70878601074219,1567400,0.0,0.0
2018-08-02 00:00:00-04:00,95.83999633789062,97.76000213623047,94.81999969482422,97.54000091552734,81.1120376586914,2730100,0.0,0.0
2018-08-03 00:00:00-04:00,97.52999877929688,98.06999969482422,96.80000305175781,98.05000305175781,81.5361328125,2681300,0.0,0.0
2018-08-06 00:00:00-04:00,98.12999725341797,98.9800033569336,98.12000274658203,98.4000015258789,81.82718658447266,1956100,0.0,0.0
2018-08-07 00:00:00-04:00,98.6500015258789,99.5999984741211,98.3499984741211,98.7699966430664,82.13488006591797,2189100,0.0,0.0
2018-08-08 00:00:00-04:00,98.66000366210938,99.37999725341797,98.26000213623047,99.20999908447266,82.50077056884766,1734800,0.0,0.0
2018-08-09 00:00:00-04:00,98.88999938964844,99.66999816894531,98.62999725341797,99.4800033569336,82.72529602050781,2010500,0.0,0.0
2018-08-10 00:00:00-04:00,98.91999816894531,99.06999969482422,98.25,98.62999725341797,82.01847839355469,1227600,0.0,0.0
2018-08-13 00:00:00-04:00,98.62999725341797,99.08000183105469,97.95999908447266,98.16000366210938,81.62762451171875,1658900,0.0,0.0
2018-08-14 00:00:00-04:00,98.05999755859375,98.7699966430664,97.66000366210938,98.37999725341797,81.8105697631836,2608500,0.0,0.0
2018-08-15 00:00:00-04:00,98.13999938964844,99.27999877929688,98.13999938964844,98.83999633789062,82.19306945800781,1536700,0.0,0.0
2018-08-16 00:00:00-04:00,99.26000213623047,100.16999816894531,99.01000213623047,99.88999938964844,83.06623840332031,3000700,0.0,0.0
2018-08-17 00:00:00-04:00,99.63999938964844,100.19999694824219,99.41000366210938,100.0199966430664,83.17434692382812,1140100,0.0,0.0
2018-08-20 00:00:00-04:00,100.19999694824219,100.98999786376953,100.08000183105469,100.44000244140625,83.52361297607422,1150600,0.0,0.0
2018-08-21 00:00:00-04:00,100.26000213623047,101.75,100.26000213623047,101.44000244140625,84.35519409179688,2725300,0.0,0.0
2018-08-22 00:00:00-04:00,101.11000061035156,101.55999755859375,99.5,99.51000213623047,82.750244140625,1325600,0.0,0.0
2018-08-23 00:00:00-04:00,99.44999694824219,99.61000061035156,98.7300033569336,99.1500015258789,82.45087432861328,1607400,0.0,0.0
2018-08-24 00:00:00-04:00,99.33999633789062,99.8499984741211,99.19999694824219,99.52999877929688,82.76685333251953,1879000,0.0,0.0
2018-08-27 00:00:00-04:00,100.16999816894531,100.45999908447266,99.91000366210938,100.41999816894531,83.50698852539062,1243800,0.0,0.0
2018-08-28 00:00:00-04:00,100.43000030517578,101.11000061035156,100.16999816894531,100.37999725341797,83.47371673583984,1953200,0.0,0.0
2018-08-29 00:00:00-04:00,100.55999755859375,101.04000091552734,100.31999969482422,100.58000183105469,83.64004516601562,1592400,0.0,0.0
2018-08-30 00:00:00-04:00,100.19999694824219,100.23999786376953,99.76000213623047,100.02999877929688,83.56482696533203,1576000,0.46,0.0
2018-08-31 00:00:00-04:00,99.80000305175781,100.66999816894531,99.58000183105469,100.56999969482422,84.01594543457031,1480400,0.0,0.0
2018-09-04 00:00:00-04:00,100.58999633789062,101.12000274658203,100.29000091552734,100.94999694824219,84.33342742919922,2119600,0.0,0.0
2018-09-05 00:00:00-04:00,100.9000015258789,101.94000244140625,100.70999908447266,101.4000015258789,84.70932006835938,1915100,0.0,0.0
2018-09-06 00:00:00-04:00,101.30999755859375,102.11000061035156,100.54000091552734,101.0999984741211,84.45872497558594,1653300,0.0,0.0
2018-09-07 00:00:00-04:00,100.91999816894531,101.43000030517578,99.98999786376953,100.02999877929688,83.56482696533203,1575400,0.0,0.0
2018-09-10 00:00:00-04:00,99.05000305175781,99.43000030517578,97.43000030517578,97.8499984741211,81.74366760253906,2311600,0.0,0.0
2018-09-11 00:00:00-04:00,97.05000305175781,98.43000030517578,95.66999816894531,98.16000366210938,82.00264739990234,1699300,0.0,0.0
2018-09-12 00:00:00-04:00,98.0,98.26000213623047,97.06999969482422,97.58000183105469,81.51813507080078,1559900,0.0,0.0
2018-09-13 00:00:00-04:00,98.33999633789062,99.11000061035156,98.0,99.05000305175781,82.74616241455078,1544300,0.0,0.0
2018-09-14 00:00:00-04:00,99.05000305175781,100.02999877929688,99.02999877929688,99.98999786376953,83.53143310546875,1345900,0.0,0.0
2018-09-17 00:00:00-04:00,100.22000122070312,100.47000122070312,99.95999908447266,100.33000183105469,83.81546020507812,2357600,0.0,0.0
2018-09-18 00:00:00-04:00,100.36000061035156,101.37999725341797,100.23999786376953,101.1500015258789,84.5005111694336,1393300,0.0,0.0
2018-09-19 00:00:00-04:00,100.83000183105469,102.02999877929688,100.83000183105469,101.69999694824219,84.9599380493164,2140700,0.0,0.0
2018-09-20 00:00:00-04:00,101.98999786376953,102.7300033569336,101.73999786376953,102.02999877929688,85.2356185913086,1159500,0.0,0.0
2018-09-21 00:00:00-04:00,102.16999816894531,102.31999969482422,101.22000122070312,101.81999969482422,85.06021881103516,2950300,0.0,0.0
2018-09-24 00:00:00-04:00,101.56999969482422,101.8499984741211,100.19999694824219,100.37999725341797,83.85723114013672,1070300,0.0,0.0
2018-09-25 00:00:00-04:00,100.43000030517578,100.79000091552734,99.70999908447266,99.80000305175781,83.37271118164062,1525200,0.0,0.0
2018-09-26 00:00:00-04:00,99.95999908447266,100.19999694824219,98.70999908447266,98.8499984741211,82.5791015625,1444700,0.0,0.0
2018-09-27 00:00:00-04:00,98.76000213623047,99.05999755859375,98.04000091552734,98.1500015258789,81.99430847167969,1617200,0.0,0.0
2018-09-28 00:00:00-04:00,98.0,98.91999816894531,97.76000213623047,98.69999694824219,82.4537582397461,1445700,0.0,0.0
2018-10-01 00:00:00-04:00,99.12999725341797,99.44999694824219,98.27999877929688,98.52999877929688,82.31175231933594,1658400,0.0,0.0
2018-10-02 00:00:00-04:00,98.63999938964844,98.95999908447266,98.33999633789062,98.8499984741211,82.5791015625,1565200,0.0,0.0
2018-10-03 00:00:00-04:00,99.08999633789062,99.73999786376953,98.63999938964844,98.81999969482422,82.55402374267578,1141000,0.0,0.0
2018-10-04 00:00:00-04:00,98.95999908447266,99.98999786376953,98.93000030517578,99.44000244140625,83.07197570800781,1071400,0.0,0.0
2018-10-05 00:00:00-04:00,99.38999938964844,100.16000366210938,99.30000305175781,99.58999633789062,83.19727325439453,1373200,0.0,0.0
2018-10-08 00:00:00-04:00,99.66000366210938,100.55999755859375,99.30000305175781,100.08999633789062,83.61498260498047,1333900,0.0,0.0
2018-10-09 00:00:00-04:00,99.97000122070312,100.55000305175781,99.41000366210938,100.45999908447266,83.92406463623047,1240500,0.0,0.0
2018-10-10 00:00:00-04:00,99.44999694824219,100.0,96.77999877929688,96.87000274658203,80.92496490478516,2344600,0.0,0.0
2018-10-11 00:00:00-04:00,96.5999984741211,96.75,93.0999984741211,93.16999816894531,77.83401489257812,2045100,0.0,0.0
2018-10-12 00:00:00-04:00,94.69999694824219,94.69999694824219,91.66999816894531,93.16000366210938,77.82567596435547,1860400,0.0,0.0
2018-10-15 00:00:00-04:00,93.13999938964844,93.87999725341797,92.75,92.79000091552734,77.51654052734375,1667000,0.0,0.0
2018-10-16 00:00:00-04:00,93.5,95.19000244140625,93.44999694824219,95.13999938964844,79.4797592163086,3137500,0.0,0.0
2018-10-17 00:00:00-04:00,95.19999694824219,96.38999938964844,94.51000213623047,95.75,79.98932647705078,1737900,0.0,0.0
2018-10-18 00:00:00-04:00,95.80999755859375,97.13999938964844,95.37999725341797,96.61000061035156,80.70780944824219,2424200,0.0,0.0
2018-10-19 00:00:00-04:00,96.70999908447266,98.19999694824219,96.26000213623047,97.31999969482422,81.30091094970703,2384500,0.0,0.0
2018-10-22 00:00:00-04:00,97.6500015258789,97.93000030517578,96.6500015258789,96.73999786376953,80.8163833618164,1346700,0.0,0.0
2018-10-23 00:00:00-04:00,95.25,96.56999969482422,94.91999816894531,96.06999969482422,80.2566909790039,1652900,0.0,0.0
2018-10-24 00:00:00-04:00,95.56999969482422,95.75,91.95999908447266,92.08999633789062,76.93180084228516,2453900,0.0,0.0
2018-10-25 00:00:00-04:00,92.54000091552734,93.2699966430664,91.88999938964844,92.8499984741211,77.56669616699219,1855600,0.0,0.0
2018-10-26 00:00:00-04:00,92.29000091552734,93.0999984741211,91.0199966430664,92.33000183105469,77.13227844238281,2608300,0.0,0.0
2018-10-29 00:00:00-04:00,93.27999877929688,94.98999786376953,92.72000122070312,93.54000091552734,78.14311218261719,2056600,0.0,0.0
2018-10-30 00:00:00-04:00,94.18000030517578,95.69999694824219,93.19999694824219,95.48999786376953,79.77213287353516,2017700,0.0,0.0
2018-10-31 00:00:00-04:00,96.23999786376953,96.95999908447266,95.48999786376953,95.72000122070312,79.96427917480469,2124100,0.0,0.0
2018-11-01 00:00:00-04:00,91.0,91.77999877929688,88.58000183105469,89.97000122070312,75.16075897216797,5007200,0.0,0.0
2018-11-02 00:00:00-04:00,90.37000274658203,90.98999786376953,88.93000030517578,89.55000305175781,74.80986785888672,2738200,0.0,0.0
2018-11-05 00:00:00-05:00,89.63999938964844,90.91000366210938,89.63999938964844,90.38999938964844,75.5116195678711,1742700,0.0,0.0
2018-11-06 00:00:00-05:00,90.18000030517578,91.1500015258789,89.93000030517578,91.02999877929688,76.0462646484375,1705700,0.0,0.0
2018-11-07 00:00:00-05:00,91.58000183105469,92.55999755859375,90.80999755859375,92.5199966430664,77.29100036621094,1715200,0.0,0.0
2018-11-08 00:00:00-05:00,92.16999816894531,93.70999908447266,92.16999816894531,93.69999694824219,78.27676391601562,2539200,0.0,0.0
2018-11-09 00:00:00-05:00,93.72000122070312,94.5999984741211,93.2699966430664,93.72000122070312,78.2934799194336,1640800,0.0,0.0
2018-11-12 00:00:00-05:00,93.48999786376953,93.80000305175781,91.36000061035156,91.55999755859375,76.48900604248047,1354300,0.0,0.0
2018-11-13 00:00:00-05:00,91.4800033569336,92.6500015258789,91.0199966430664,91.37999725341797,76.3386459350586,1360100,0.0,0.0
2018-11-14 00:00:00-05:00,91.06999969482422,91.33000183105469,87.83999633789062,88.63999938964844,74.04964447021484,2157500,0.0,0.0
2018-11-15 00:00:00-05:00,87.86000061035156,89.30999755859375,87.1500015258789,89.29000091552734,74.5926513671875,2029300,0.0,0.0
2018-11-16 00:00:00-05:00,88.94999694824219,89.83000183105469,88.81999969482422,89.5,74.76811981201172,1778600,0.0,0.0
2018-11-19 00:00:00-05:00,89.5,89.7300033569336,87.48999786376953,88.44999694824219,73.89093017578125,2100600,0.0,0.0
2018-11-20 00:00:00-05:00,88.19999694824219,88.48999786376953,87.08000183105469,88.08999633789062,73.59020233154297,1658000,0.0,0.0
2018-11-21 00:00:00-05:00,88.52999877929688,89.12000274658203,87.69999694824219,88.06999969482422,73.57347869873047,2262200,0.0,0.0
2018-11-23 00:00:00-05:00,87.43000030517578,88.69000244140625,87.12000274658203,87.7300033569336,73.28944396972656,567300,0.0,0.0
2018-11-26 00:00:00-05:00,88.41999816894531,88.88999938964844,87.54000091552734,88.41999816894531,73.8658676147461,1827900,0.0,0.0
2018-11-27 00:00:00-05:00,88.02999877929688,88.41000366210938,86.7699966430664,87.5,73.09730529785156,1349900,0.0,0.0
2018-11-28 00:00:00-05:00,87.7699966430664,89.16999816894531,87.41000366210938,89.16000366210938,74.48406982421875,1513800,0.0,0.0
2018-11-29 00:00:00-05:00,88.4000015258789,88.94000244140625,87.95999908447266,88.4800033569336,74.2993392944336,1658400,0.46,0.0
2018-11-30 00:00:00-05:00,88.4800033569336,89.37999725341797,87.94999694824219,89.19000244140625,74.89554595947266,2667100,0.0,0.0
2018-12-03 00:00:00-05:00,89.68000030517578,90.0,87.88999938964844,88.76000213623047,74.53445434570312,2963800,0.0,0.0
2018-12-04 00:00:00-05:00,88.76000213623047,89.04000091552734,86.18000030517578,86.4000015258789,72.55269622802734,3162900,0.0,0.0
2018-12-06 00:00:00-05:00,85.62999725341797,86.06999969482422,83.33999633789062,85.08999633789062,71.45264434814453,2677100,0.0,0.0
2018-12-07 00:00:00-05:00,84.9800033569336,86.04000091552734,83.33000183105469,83.80999755859375,70.37779235839844,2521700,0.0,0.0
2018-12-10 00:00:00-05:00,82.9800033569336,83.7699966430664,81.44999694824219,83.27999877929688,69.93270874023438,2221300,0.0,0.0
2018-12-11 00:00:00-05:00,84.37000274658203,84.58999633789062,81.91000366210938,82.48999786376953,69.26934814453125,2001400,0.0,0.0
2018-12-12 00:00:00-05:00,83.69999694824219,83.94000244140625,82.33999633789062,82.4000015258789,69.19377136230469,1882200,0.0,0.0
2018-12-13 00:00:00-05:00,82.18000030517578,82.62000274658203,80.23999786376953,80.58999633789062,67.67383575439453,2360800,0.0,0.0
2018-12-14 00:00:00-05:00,79.73999786376953,80.37999725341797,78.94000244140625,79.30000305175781,66.59059143066406,2274800,0.0,0.0
2018-12-17 00:00:00-05:00,79.16999816894531,81.29000091552734,78.86000061035156,80.16000366210938,67.31277465820312,3903700,0.0,0.0
2018-12-18 00:00:00-05:00,81.31999969482422,82.61000061035156,81.01000213623047,81.51000213623047,68.4464111328125,3304400,0.0,0.0
2018-12-19 00:00:00-05:00,81.58999633789062,82.94000244140625,80.4000015258789,80.9800033569336,68.00135040283203,3081000,0.0,0.0
2018-12-20 00:00:00-05:00,80.55999755859375,81.12000274658203,79.44999694824219,79.80999755859375,67.01885223388672,3320700,0.0,0.0
2018-12-21 00:00:00-05:00,79.80999755859375,81.94999694824219,79.33000183105469,79.8499984741211,67.05245971679688,4347600,0.0,0.0
2018-12-24 00:00:00-05:00,79.3499984741211,79.80000305175781,77.18000030517578,77.2699966430664,64.88593292236328,1429300,0.0,0.0
2018-12-26 00:00:00-05:00,77.55000305175781,80.94000244140625,77.0,80.80000305175781,67.85018920898438,2452000,0.0,0.0
2018-12-27 00:00:00-05:00,79.80000305175781,81.86000061035156,79.16999816894531,81.79000091552734,68.6815414428711,2851800,0.0,0.0
2018-12-28 00:00:00-05:00,82.2300033569336,82.9800033569336,81.62999725341797,82.0199966430664,68.87466430664062,2236000,0.0,0.0
2018-12-31 00:00:00-05:00,82.23999786376953,82.80999755859375,81.52999877929688,82.62999725341797,69.38692474365234,1775300,0.0,0.0
2019-01-02 00:00:00-05:00,81.44000244140625,82.06999969482422,81.16000366210938,81.63999938964844,68.55558013916016,2208000,0.0,0.0
2019-01-03 00:00:00-05:00,81.2300033569336,81.43000030517578,80.20999908447266,80.30000305175781,67.43034362792969,3034900,0.0,0.0
2019-01-04 00:00:00-05:00,81.37999725341797,82.8499984741211,81.2300033569336,82.66999816894531,69.42050170898438,3061600,0.0,0.0
2019-01-07 00:00:00-05:00,82.12000274658203,83.29000091552734,82.12000274658203,82.54000091552734,69.31130981445312,4135800,0.0,0.0
2019-01-08 00:00:00-05:00,83.23999786376953,83.5199966430664,81.62999725341797,82.52999877929688,69.30293273925781,2627500,0.0,0.0
2019-01-09 00:00:00-05:00,82.98999786376953,83.80000305175781,82.98999786376953,83.16000366210938,69.83195495605469,3309900,0.0,0.0
2019-01-10 00:00:00-05:00,83.12999725341797,83.62000274658203,82.77999877929688,83.54000091552734,70.15106964111328,1617900,0.0,0.0
2019-01-11 00:00:00-05:00,83.11000061035156,83.8499984741211,82.5999984741211,83.44999694824219,70.07546997070312,1821700,0.0,0.0
2019-01-14 00:00:00-05:00,83.02999877929688,83.98999786376953,82.95999908447266,83.80000305175781,70.36940002441406,1868000,0.0,0.0
2019-01-15 00:00:00-05:00,84.16000366210938,84.48999786376953,83.62999725341797,84.2300033569336,70.73046112060547,2553900,0.0,0.0
2019-01-16 00:00:00-05:00,84.56999969482422,85.12999725341797,84.20999908447266,84.54000091552734,70.99079895019531,2727500,0.0,0.0
2019-01-17 00:00:00-05:00,84.41000366210938,84.9000015258789,84.20999908447266,84.56999969482422,71.01598358154297,3475800,0.0,0.0
2019-01-18 00:00:00-05:00,84.93000030517578,85.93000030517578,84.5999984741211,85.69999694824219,71.9648666381836,5067500,0.0,0.0
2019-01-22 00:00:00-05:00,85.41999816894531,86.41999816894531,85.3499984741211,85.86000061035156,72.09923553466797,3783400,0.0,0.0
2019-01-23 00:00:00-05:00,86.01000213623047,86.4800033569336,84.66000366210938,85.88999938964844,72.1244125366211,1804200,0.0,0.0
2019-01-24 00:00:00-05:00,85.83000183105469,86.58000183105469,85.44000244140625,86.25,72.4267349243164,2086600,0.0,0.0
2019-01-25 00:00:00-05:00,86.58000183105469,86.93000030517578,85.94999694824219,86.1500015258789,72.3427505493164,1735700,0.0,0.0
2019-01-28 00:00:00-05:00,85.9000015258789,86.54000091552734,85.55000305175781,86.48999786376953,72.62825775146484,2195000,0.0,0.0
2019-01-29 00:00:00-05:00,86.41000366210938,87.19999694824219,86.41000366210938,86.77999877929688,72.87179565429688,2383900,0.0,0.0
2019-01-30 00:00:00-05:00,86.86000061035156,87.7300033569336,86.12999725341797,87.33999633789062,73.34204864501953,2221600,0.0,0.0
2019-01-31 00:00:00-05:00,86.83999633789062,88.05000305175781,86.80999755859375,87.87000274658203,73.7870864868164,1720000,0.0,0.0
2019-02-01 00:00:00-05:00,88.30000305175781,88.87999725341797,88.0,88.81999969482422,74.58482360839844,1967200,0.0,0.0
2019-02-04 00:00:00-05:00,88.80000305175781,88.97000122070312,88.26000213623047,88.80000305175781,74.56804656982422,2119600,0.0,0.0
2019-02-05 00:00:00-05:00,89.0,89.16000366210938,88.44999694824219,88.95999908447266,74.70240020751953,2143200,0.0,0.0
2019-02-06 00:00:00-05:00,90.88999938964844,92.66999816894531,90.0,92.55999755859375,77.72541046142578,4553500,0.0,0.0
2019-02-07 00:00:00-05:00,92.41999816894531,93.22000122070312,91.37999725341797,92.33000183105469,77.53227996826172,4812400,0.0,0.0
2019-02-08 00:00:00-05:00,91.91000366210938,92.5199966430664,91.12000274658203,92.45999908447266,77.64144897460938,2477200,0.0,0.0
2019-02-11 00:00:00-05:00,92.80999755859375,92.80999755859375,91.5199966430664,92.52999877929688,77.70024108886719,2420500,0.0,0.0
2019-02-12 00:00:00-05:00,93.0199966430664,93.54000091552734,92.83000183105469,92.91000366210938,78.01933288574219,2242500,0.0,0.0
2019-02-13 00:00:00-05:00,93.19999694824219,94.88999938964844,93.0999984741211,94.0,78.93463134765625,2412800,0.0,0.0
2019-02-14 00:00:00-05:00,93.55999755859375,93.94999694824219,92.79000091552734,93.2300033569336,78.28805541992188,1831800,0.0,0.0
2019-02-15 00:00:00-05:00,94.08000183105469,94.56999969482422,93.97000122070312,94.37999725341797,79.25373077392578,1571500,0.0,0.0
2019-02-19 00:00:00-05:00,94.04000091552734,94.98999786376953,93.8499984741211,94.62000274658203,79.45526885986328,2940100,0.0,0.0
2019-02-20 00:00:00-05:00,94.76000213623047,95.33999633789062,94.30000305175781,95.05999755859375,79.82476043701172,2124400,0.0,0.0
2019-02-21 00:00:00-05:00,95.16000366210938,95.33999633789062,94.23999786376953,94.62999725341797,79.4636459350586,1688700,0.0,0.0
2019-02-22 00:00:00-05:00,94.7699966430664,94.94000244140625,94.3499984741211,94.56999969482422,79.41328430175781,1371000,0.0,0.0
2019-02-25 00:00:00-05:00,95.0,95.43000030517578,94.62000274658203,94.9000015258789,79.69038391113281,1703800,0.0,0.0
2019-02-26 00:00:00-05:00,94.69999694824219,95.19999694824219,94.05000305175781,94.08999633789062,79.01022338867188,2155700,0.0,0.0
2019-02-27 00:00:00-05:00,93.36000061035156,94.2699966430664,93.29000091552734,93.9800033569336,79.3394546508789,1751600,0.5,0.0
2019-02-28 00:00:00-05:00,94.0999984741211,94.62000274658203,93.79000091552734,94.37999725341797,79.6771469116211,1981300,0.0,0.0
2019-03-01 00:00:00-05:00,94.7699966430664,95.33000183105469,94.30999755859375,95.01000213623047,80.20901489257812,1605600,0.0,0.0
2019-03-04 00:00:00-05:00,95.19000244140625,95.5,93.55000305175781,94.19999694824219,79.52518463134766,1970500,0.0,0.0
2019-03-05 00:00:00-05:00,94.44999694824219,94.45999908447266,93.5199966430664,94.0,79.35633087158203,1831600,0.0,0.0
2019-03-06 00:00:00-05:00,93.95999908447266,94.44000244140625,93.33000183105469,93.52999877929688,78.95954132080078,1493300,0.0,0.0
2019-03-07 00:00:00-05:00,93.27999877929688,93.80000305175781,92.86000061035156,93.23999786376953,78.71473693847656,1949000,0.0,0.0
2019-03-08 00:00:00-05:00,92.56999969482422,93.38999938964844,92.23999786376953,93.30000305175781,78.76539611816406,1416100,0.0,0.0
2019-03-11 00:00:00-04:00,93.55000305175781,94.16000366210938,93.38999938964844,94.11000061035156,79.44921875,1980300,0.0,0.0
2019-03-12 00:00:00-04:00,94.33000183105469,94.75,93.86000061035156,94.06999969482422,79.41544342041016,2109500,0.0,0.0
2019-03-13 00:00:00-04:00,94.29000091552734,94.38999938964844,93.45999908447266,93.55000305175781,78.97645568847656,2302400,0.0,0.0
2019-03-14 00:00:00-04:00,93.41999816894531,94.4000015258789,93.41000366210938,93.8499984741211,79.22972869873047,1851000,0.0,0.0
2019-03-15 00:00:00-04:00,93.66000366210938,95.19999694824219,93.66000366210938,94.83999633789062,80.06548309326172,4428100,0.0,0.0
2019-03-18 00:00:00-04:00,95.23999786376953,95.61000061035156,94.88999938964844,95.0199966430664,80.21743774414062,2247800,0.0,0.0
2019-03-19 00:00:00-04:00,95.12000274658203,95.55000305175781,93.97000122070312,94.20999908447266,79.53363037109375,1642300,0.0,0.0
2019-03-20 00:00:00-04:00,94.16999816894531,94.30999755859375,93.04000091552734,93.04000091552734,78.54589080810547,2543000,0.0,0.0
2019-03-21 00:00:00-04:00,93.0,94.93000030517578,92.51000213623047,94.58999633789062,79.85444641113281,1950100,0.0,0.0
2019-03-22 00:00:00-04:00,94.33000183105469,94.91999816894531,93.88999938964844,94.16999816894531,79.4998550415039,1524200,0.0,0.0
2019-03-25 00:00:00-04:00,94.36000061035156,94.80000305175781,93.81999969482422,93.98999786376953,79.34789276123047,1386400,0.0,0.0
2019-03-26 00:00:00-04:00,94.08000183105469,94.62999725341797,93.69999694824219,94.0999984741211,79.44076538085938,1769600,0.0,0.0
2019-03-27 00:00:00-04:00,94.05000305175781,94.56999969482422,93.66999816894531,94.1500015258789,79.48297882080078,1349300,0.0,0.0
2019-03-28 00:00:00-04:00,94.41999816894531,94.9000015258789,93.25,93.94000244140625,79.3056869506836,1380000,0.0,0.0
2019-03-29 00:00:00-04:00,94.43000030517578,94.45999908447266,93.66999816894531,94.18000030517578,79.50828552246094,2085200,0.0,0.0
2019-04-01 00:00:00-04:00,94.5199966430664,95.55000305175781,94.45999908447266,95.08999633789062,80.27652740478516,1536700,0.0,0.0
2019-04-02 00:00:00-04:00,95.36000061035156,95.43000030517578,94.75,94.80999755859375,80.04014587402344,1605300,0.0,0.0
2019-04-03 00:00:00-04:00,95.25,95.87000274658203,94.45999908447266,95.63999938964844,80.74085998535156,2522100,0.0,0.0
2019-04-04 00:00:00-04:00,95.43000030517578,96.26000213623047,95.43000030517578,96.06999969482422,81.10386657714844,1549800,0.0,0.0
2019-04-05 00:00:00-04:00,96.44000244140625,97.12000274658203,95.98999786376953,96.30999755859375,81.30650329589844,1411600,0.0,0.0
2019-04-08 00:00:00-04:00,95.66999816894531,96.26000213623047,94.19999694824219,94.87000274658203,80.09080505371094,1572000,0.0,0.0
2019-04-09 00:00:00-04:00,94.41000366210938,94.9000015258789,94.08000183105469,94.36000061035156,79.66024780273438,1079500,0.0,0.0
2019-04-10 00:00:00-04:00,94.58000183105469,95.05000305175781,94.25,95.0,80.20056915283203,1431700,0.0,0.0
2019-04-11 00:00:00-04:00,95.25,95.9000015258789,95.12000274658203,95.80999755859375,80.88439178466797,1168700,0.0,0.0
2019-04-12 00:00:00-04:00,96.30999755859375,97.0999984741211,96.19000244140625,97.01000213623047,81.89743041992188,1416000,0.0,0.0
2019-04-15 00:00:00-04:00,97.0199966430664,97.18000030517578,96.20999908447266,96.4000015258789,81.38245391845703,930000,0.0,0.0
2019-04-16 00:00:00-04:00,96.75,98.23999786376953,96.5999984741211,98.19000244140625,82.89362335205078,1768600,0.0,0.0
2019-04-17 00:00:00-04:00,98.33000183105469,98.5,97.19000244140625,97.43000030517578,82.25202941894531,1337200,0.0,0.0
2019-04-18 00:00:00-04:00,97.33999633789062,98.27999877929688,96.69999694824219,96.72000122070312,81.65262603759766,2533100,0.0,0.0
2019-04-22 00:00:00-04:00,96.23999786376953,97.12000274658203,96.02999877929688,97.06999969482422,81.9480972290039,1049400,0.0,0.0
2019-04-23 00:00:00-04:00,96.75,97.61000061035156,96.52999877929688,97.29000091552734,82.13381958007812,1754300,0.0,0.0
2019-04-24 00:00:00-04:00,97.08000183105469,97.44000244140625,96.37999725341797,96.41000366210938,81.39091491699219,1765000,0.0,0.0
2019-04-25 00:00:00-04:00,96.04000091552734,96.87000274658203,95.5199966430664,96.47000122070312,81.44157409667969,1483200,0.0,0.0
2019-04-26 00:00:00-04:00,96.55999755859375,97.52999877929688,96.37000274658203,97.41000366210938,82.23511505126953,1218500,0.0,0.0
2019-04-29 00:00:00-04:00,97.54000091552734,98.26000213623047,97.54000091552734,97.76000213623047,82.53062438964844,1174200,0.0,0.0
2019-04-30 00:00:00-04:00,97.9000015258789,99.13999938964844,97.73999786376953,99.05999755859375,83.62808227539062,1759600,0.0,0.0
2019-05-01 00:00:00-04:00,99.05000305175781,99.8499984741211,98.0,98.0,82.73321533203125,2089700,0.0,0.0
2019-05-02 00:00:00-04:00,98.9800033569336,100.0,97.18000030517578,98.29000091552734,82.97802734375,1949200,0.0,0.0
2019-05-03 00:00:00-04:00,98.68000030517578,99.0,97.13999938964844,98.58000183105469,83.22285461425781,2028500,0.0,0.0
2019-05-06 00:00:00-04:00,97.51000213623047,98.18000030517578,96.9000015258789,97.68000030517578,82.46306610107422,1619800,0.0,0.0
2019-05-07 00:00:00-04:00,97.25,97.80000305175781,95.26000213623047,95.66000366210938,80.75775146484375,2222400,0.0,0.0
2019-05-08 00:00:00-04:00,95.25,96.19999694824219,94.81999969482422,95.31999969482422,80.47071075439453,2123500,0.0,0.0
2019-05-09 00:00:00-04:00,94.68000030517578,95.08999633789062,93.9800033569336,94.38999938964844,79.68560791015625,2007700,0.0,0.0
2019-05-10 00:00:00-04:00,94.01000213623047,96.51000213623047,93.94999694824219,96.37999725341797,81.36555480957031,1883900,0.0,0.0
2019-05-13 00:00:00-04:00,95.22000122070312,95.33999633789062,93.54000091552734,94.08000183105469,79.42386627197266,1350200,0.0,0.0
2019-05-14 00:00:00-04:00,93.94999694824219,95.7300033569336,93.93000030517578,94.73999786376953,79.9810791015625,2301500,0.0,0.0
2019-05-15 00:00:00-04:00,94.43000030517578,96.08999633789062,94.43000030517578,95.48999786376953,80.61420440673828,1851100,0.0,0.0
2019-05-16 00:00:00-04:00,95.5999984741211,96.73999786376953,95.5,95.87000274658203,80.93504333496094,1950700,0.0,0.0
2019-05-17 00:00:00-04:00,95.0199966430664,96.27999877929688,95.0199966430664,95.63999938964844,80.74085998535156,1416300,0.0,0.0
2019-05-20 00:00:00-04:00,95.52999877929688,96.4800033569336,95.44000244140625,95.94000244140625,80.9941177368164,1236800,0.0,0.0
2019-05-21 00:00:00-04:00,96.4000015258789,97.0,95.80999755859375,96.91000366210938,81.8130111694336,1865300,0.0,0.0
2019-05-22 00:00:00-04:00,96.69000244140625,97.3499984741211,96.08999633789062,97.08999633789062,81.9649658203125,1876200,0.0,0.0
2019-05-23 00:00:00-04:00,96.48999786376953,96.5,95.45999908447266,95.9800033569336,81.02787017822266,1316200,0.0,0.0
2019-05-24 00:00:00-04:00,96.2300033569336,96.5,95.7699966430664,96.37000274658203,81.35714721679688,1049600,0.0,0.0
2019-05-28 00:00:00-04:00,96.31999969482422,96.88999938964844,95.0199966430664,95.08999633789062,80.27652740478516,1894700,0.0,0.0
2019-05-29 00:00:00-04:00,95.9000015258789,96.37999725341797,95.26000213623047,96.2300033569336,81.23895263671875,1828700,0.0,0.0
2019-05-30 00:00:00-04:00,96.08000183105469,96.4000015258789,95.43000030517578,95.88999938964844,81.37472534179688,1395800,0.5,0.0
2019-05-31 00:00:00-04:00,94.93000030517578,95.73999786376953,94.81999969482422,95.51000213623047,81.05226135253906,1403100,0.0,0.0
2019-06-03 00:00:00-04:00,95.33000183105469,96.95999908447266,95.2699966430664,96.7699966430664,82.12151336669922,2059800,0.0,0.0
2019-06-04 00:00:00-04:00,97.5999984741211,98.05999755859375,97.13999938964844,97.87999725341797,83.06348419189453,1747300,0.0,0.0
2019-06-05 00:00:00-04:00,97.91000366210938,99.5,97.80999755859375,99.33000183105469,84.29401397705078,2047100,0.0,0.0
2019-06-06 00:00:00-04:00,99.41999816894531,99.66999816894531,98.94999694824219,99.5,84.4382553100586,1771600,0.0,0.0
2019-06-07 00:00:00-04:00,99.58000183105469,101.12000274658203,99.52999877929688,100.72000122070312,85.47359466552734,2270300,0.0,0.0
2019-06-10 00:00:00-04:00,101.0199966430664,101.26000213623047,100.54000091552734,100.79000091552734,85.53298950195312,1583600,0.0,0.0
2019-06-11 00:00:00-04:00,101.05000305175781,101.37000274658203,99.7300033569336,100.43000030517578,85.22745513916016,1488100,0.0,0.0
2019-06-12 00:00:00-04:00,100.55000305175781,101.16000366210938,100.33000183105469,100.61000061035156,85.38023376464844,1127700,0.0,0.0
2019-06-13 00:00:00-04:00,100.69000244140625,101.25,100.37000274658203,101.0999984741211,85.79605865478516,1881200,0.0,0.0
2019-06-14 00:00:00-04:00,101.18000030517578,102.4800033569336,101.16000366210938,102.13999938964844,86.67864227294922,1019400,0.0,0.0
2019-06-17 00:00:00-04:00,102.25,102.30000305175781,101.05000305175781,101.27999877929688,85.94881439208984,1295000,0.0,0.0
2019-06-18 00:00:00-04:00,101.30000305175781,102.05000305175781,101.06999969482422,101.87000274658203,86.44951629638672,1467300,0.0,0.0
2019-06-19 00:00:00-04:00,102.05000305175781,103.02999877929688,102.05000305175781,102.76000213623047,87.20478820800781,2555300,0.0,0.0
2019-06-20 00:00:00-04:00,102.98999786376953,103.98999786376953,102.5999984741211,103.55000305175781,87.87519836425781,2870900,0.0,0.0
2019-06-21 00:00:00-04:00,103.33000183105469,103.48999786376953,100.93000030517578,101.20999908447266,85.88939666748047,2704700,0.0,0.0
2019-06-24 00:00:00-04:00,101.1500015258789,102.56999969482422,101.11000061035156,102.19000244140625,86.72106170654297,1197500,0.0,0.0
2019-06-25 00:00:00-04:00,102.30000305175781,102.44000244140625,101.61000061035156,101.61000061035156,86.22887420654297,1890200,0.0,0.0
2019-06-26 00:00:00-04:00,101.62000274658203,101.72000122070312,99.37999725341797,99.48999786376953,84.42977142333984,1850200,0.0,0.0
2019-06-27 00:00:00-04:00,99.94999694824219,100.3499984741211,99.58000183105469,100.13999938964844,84.98137664794922,1074900,0.0,0.0
2019-06-28 00:00:00-04:00,100.87000274658203,101.73999786376953,100.73999786376953,101.69000244140625,86.29674530029297,1756000,0.0,0.0
2019-07-01 00:00:00-04:00,102.9800033569336,103.19999694824219,101.91000366210938,103.1500015258789,87.5357666015625,1418000,0.0,0.0
2019-07-02 00:00:00-04:00,102.95999908447266,103.56999969482422,102.5999984741211,103.2699966430664,87.63758087158203,1437100,0.0,0.0
2019-07-03 00:00:00-04:00,103.2699966430664,107.43000030517578,103.2699966430664,104.62999725341797,88.79169464111328,1090800,0.0,0.0
2019-07-05 00:00:00-04:00,104.62999725341797,104.69000244140625,103.55999755859375,104.48999786376953,88.67289733886719,1074000,0.0,0.0
2019-07-08 00:00:00-04:00,104.31999969482422,104.66999816894531,104.02999877929688,104.37999725341797,88.57955932617188,1251600,0.0,0.0
2019-07-09 00:00:00-04:00,104.11000061035156,104.80000305175781,104.01000213623047,104.66000366210938,88.81716918945312,1321900,0.0,0.0
2019-07-10 00:00:00-04:00,104.61000061035156,105.26000213623047,103.80999755859375,104.26000213623047,88.47772979736328,1125200,0.0,0.0
2019-07-11 00:00:00-04:00,103.3499984741211,103.80999755859375,102.29000091552734,103.1500015258789,87.5357666015625,1767300,0.0,0.0
2019-07-12 00:00:00-04:00,103.3499984741211,103.93000030517578,102.88999938964844,103.91000366210938,88.18073272705078,979400,0.0,0.0
2019-07-15 00:00:00-04:00,104.0199966430664,104.38999938964844,103.61000061035156,104.38999938964844,88.5880355834961,1263800,0.0,0.0
2019-07-16 00:00:00-04:00,104.5199966430664,104.91999816894531,104.2300033569336,104.8499984741211,88.97840118408203,1161000,0.0,0.0
2019-07-17 00:00:00-04:00,104.68000030517578,104.68000030517578,102.45999908447266,102.94000244140625,87.35755157470703,1402100,0.0,0.0
2019-07-18 00:00:00-04:00,102.93000030517578,103.37999725341797,102.43000030517578,103.19999694824219,87.57815551757812,1205900,0.0,0.0
2019-07-19 00:00:00-04:00,103.33000183105469,103.33000183105469,101.36000061035156,101.41000366210938,86.05914306640625,1294700,0.0,0.0
2019-07-22 00:00:00-04:00,101.33999633789062,101.97000122070312,101.06999969482422,101.20999908447266,85.88939666748047,1008700,0.0,0.0
2019-07-23 00:00:00-04:00,101.19999694824219,101.61000061035156,100.43000030517578,101.51000213623047,86.14401245117188,1257500,0.0,0.0
2019-07-24 00:00:00-04:00,101.4800033569336,102.16000366210938,100.88999938964844,102.08000183105469,86.6277084350586,1017300,0.0,0.0
2019-07-25 00:00:00-04:00,102.23999786376953,102.43000030517578,101.68000030517578,102.04000091552734,86.59378814697266,1034900,0.0,0.0
2019-07-26 00:00:00-04:00,102.05999755859375,102.9800033569336,101.5199966430664,102.93000030517578,87.34905242919922,893600,0.0,0.0
2019-07-29 00:00:00-04:00,103.0,103.44999694824219,101.72000122070312,101.80999755859375,86.3985824584961,1407600,0.0,0.0
2019-07-30 00:00:00-04:00,101.5,102.5,101.2300033569336,101.83000183105469,86.41555786132812,1265000,0.0,0.0
2019-07-31 00:00:00-04:00,105.29000091552734,109.12999725341797,105.29000091552734,107.4000015258789,91.14239501953125,3523900,0.0,0.0
2019-08-01 00:00:00-04:00,107.69000244140625,107.83999633789062,104.27999877929688,104.87999725341797,89.00385284423828,2090800,0.0,0.0
2019-08-02 00:00:00-04:00,104.68000030517578,105.05999755859375,103.31999969482422,104.51000213623047,88.68988037109375,1727200,0.0,0.0
2019-08-05 00:00:00-04:00,103.69000244140625,104.05999755859375,101.33000183105469,101.77999877929688,86.37310791015625,1853100,0.0,0.0
2019-08-06 00:00:00-04:00,101.88999938964844,103.9000015258789,101.31999969482422,103.87000274658203,88.14674377441406,1913800,0.0,0.0
2019-08-07 00:00:00-04:00,102.48999786376953,104.33999633789062,100.83999633789062,103.33000183105469,87.6884994506836,1771400,0.0,0.0
2019-08-08 00:00:00-04:00,103.9800033569336,105.58999633789062,103.56999969482422,105.30000305175781,89.36028289794922,1462400,0.0,0.0
2019-08-09 00:00:00-04:00,105.0999984741211,105.30999755859375,103.16000366210938,104.08999633789062,88.33344268798828,1984700,0.0,0.0
2019-08-12 00:00:00-04:00,103.76000213623047,104.73999786376953,102.58000183105469,102.8499984741211,87.28116607666016,1027900,0.0,0.0
2019-08-13 00:00:00-04:00,102.52999877929688,104.87999725341797,102.04000091552734,104.44000244140625,88.6304931640625,1444100,0.0,0.0
2019-08-14 00:00:00-04:00,103.38999938964844,103.72000122070312,100.83000183105469,101.69000244140625,86.29674530029297,2244900,0.0,0.0
2019-08-15 00:00:00-04:00,101.86000061035156,102.36000061035156,101.12999725341797,101.83999633789062,86.42404174804688,1244600,0.0,0.0
2019-08-16 00:00:00-04:00,102.3499984741211,103.66999816894531,101.12999725341797,103.22000122070312,87.59515380859375,1939900,0.0,0.0
2019-08-19 00:00:00-04:00,104.45999908447266,104.45999908447266,103.73999786376953,103.98999786376953,88.24858856201172,1640200,0.0,0.0
2019-08-20 00:00:00-04:00,103.70999908447266,104.29000091552734,103.1500015258789,103.22000122070312,87.59515380859375,923700,0.0,0.0
2019-08-21 00:00:00-04:00,103.72000122070312,103.95999908447266,103.30000305175781,103.88999938964844,88.16374206542969,920900,0.0,0.0
2019-08-22 00:00:00-04:00,104.54000091552734,104.83999633789062,103.41999816894531,104.5,88.6813735961914,1098000,0.0,0.0
2019-08-23 00:00:00-04:00,104.0199966430664,105.36000061035156,101.48999786376953,101.9800033569336,86.54286193847656,1418500,0.0,0.0
2019-08-26 00:00:00-04:00,102.5199966430664,103.27999877929688,101.87000274658203,103.20999908447266,87.58666229248047,1230700,0.0,0.0
2019-08-27 00:00:00-04:00,103.70999908447266,104.06999969482422,102.4000015258789,102.62999725341797,87.0944595336914,1274900,0.0,0.0
2019-08-28 00:00:00-04:00,102.2300033569336,102.88999938964844,101.6500015258789,102.41000366210938,86.90776824951172,1433200,0.0,0.0
2019-08-29 00:00:00-04:00,102.69000244140625,102.91000366210938,101.80999755859375,102.22000122070312,87.1721420288086,1296800,0.5,0.0
2019-08-30 00:00:00-04:00,102.91000366210938,103.19000244140625,101.9000015258789,102.38999938964844,87.3171157836914,2077800,0.0,0.0
2019-09-03 00:00:00-04:00,101.80999755859375,102.73999786376953,101.61000061035156,102.54000091552734,87.44501495361328,1969100,0.0,0.0
2019-09-04 00:00:00-04:00,103.51000213623047,104.08000183105469,103.19000244140625,103.9000015258789,88.60479736328125,1236400,0.0,0.0
2019-09-05 00:00:00-04:00,105.0,105.58999633789062,104.2300033569336,104.37999725341797,89.01414489746094,1158400,0.0,0.0
2019-09-06 00:00:00-04:00,104.2699966430664,105.55000305175781,104.02999877929688,105.30999755859375,89.8072509765625,993700,0.0,0.0
2019-09-09 00:00:00-04:00,106.02999877929688,106.0999984741211,104.80000305175781,105.79000091552734,90.21659088134766,1075500,0.0,0.0
2019-09-10 00:00:00-04:00,105.98999786376953,106.0199966430664,103.94000244140625,105.68000030517578,90.12277221679688,1396200,0.0,0.0
2019-09-11 00:00:00-04:00,105.44999694824219,106.16000366210938,104.7300033569336,106.1500015258789,90.52357482910156,1398700,0.0,0.0
2019-09-12 00:00:00-04:00,106.31999969482422,106.8499984741211,105.56999969482422,106.58000183105469,90.89029693603516,1310000,0.0,0.0
2019-09-13 00:00:00-04:00,106.91000366210938,107.2300033569336,105.51000213623047,105.80999755859375,90.23365020751953,1909400,0.0,0.0
2019-09-16 00:00:00-04:00,105.47000122070312,106.41000366210938,105.05000305175781,106.37999725341797,90.71971893310547,1299500,0.0,0.0
2019-09-17 00:00:00-04:00,106.37999725341797,107.97000122070312,106.12000274658203,107.94000244140625,92.05007934570312,1911900,0.0,0.0
2019-09-18 00:00:00-04:00,108.0,108.69999694824219,107.18000030517578,107.98999786376953,92.09272766113281,2078900,0.0,0.0
2019-09-19 00:00:00-04:00,108.16000366210938,109.0999984741211,108.12000274658203,108.36000061035156,92.40824890136719,1601200,0.0,0.0
2019-09-20 00:00:00-04:00,108.66999816894531,109.0199966430664,107.33000183105469,107.91999816894531,92.03301239013672,2087900,0.0,0.0
2019-09-23 00:00:00-04:00,107.56999969482422,108.69999694824219,107.22000122070312,108.41000366210938,92.45089721679688,1080800,0.0,0.0
2019-09-24 00:00:00-04:00,108.87000274658203,109.55000305175781,107.4800033569336,107.76000213623047,91.8965835571289,2146500,0.0,0.0
2019-09-25 00:00:00-04:00,108.0,108.25,107.30000305175781,107.66000366210938,91.8113021850586,2303900,0.0,0.0
2019-09-26 00:00:00-04:00,107.6500015258789,108.63999938964844,107.29000091552734,108.11000061035156,92.19508361816406,1979800,0.0,0.0
2019-09-27 00:00:00-04:00,108.54000091552734,108.54000091552734,107.0999984741211,107.83000183105469,91.9562759399414,1550900,0.0,0.0
2019-09-30 00:00:00-04:00,108.37999725341797,108.86000061035156,107.75,108.68000030517578,92.68115234375,2163500,0.0,0.0
2019-10-01 00:00:00-04:00,109.0,109.44999694824219,106.9800033569336,107.16999816894531,91.3934326171875,2530100,0.0,0.0
2019-10-02 00:00:00-04:00,106.62999725341797,107.12999725341797,104.95999908447266,105.61000061035156,90.0631103515625,1466700,0.0,0.0
2019-10-03 00:00:00-04:00,105.58000183105469,106.18000030517578,104.81999969482422,105.6500015258789,90.09719848632812,1276600,0.0,0.0
2019-10-04 00:00:00-04:00,105.7300033569336,108.5,105.7300033569336,108.45999908447266,92.49354553222656,1715000,0.0,0.0
2019-10-07 00:00:00-04:00,108.16999816894531,108.7300033569336,107.44999694824219,107.45999908447266,91.64075469970703,1336300,0.0,0.0
2019-10-08 00:00:00-04:00,106.72000122070312,106.98999786376953,105.87000274658203,105.9000015258789,90.3104019165039,1422400,0.0,0.0
2019-10-09 00:00:00-04:00,106.5999984741211,107.05999755859375,106.29000091552734,106.56999969482422,90.88176727294922,836100,0.0,0.0
2019-10-10 00:00:00-04:00,106.5199966430664,108.04000091552734,106.51000213623047,107.13999938964844,91.36783599853516,1240800,0.0,0.0
2019-10-11 00:00:00-04:00,108.20999908447266,108.97000122070312,107.87000274658203,107.93000030517578,92.04158020019531,1297000,0.0,0.0
2019-10-14 00:00:00-04:00,107.73999786376953,108.54000091552734,107.5,108.2300033569336,92.29737854003906,1519200,0.0,0.0
2019-10-15 00:00:00-04:00,108.62000274658203,109.12999725341797,108.0199966430664,108.06999969482422,92.16095733642578,1489200,0.0,0.0
2019-10-16 00:00:00-04:00,107.52999877929688,107.75,106.2300033569336,107.48999786376953,91.66632080078125,1336200,0.0,0.0
2019-10-17 00:00:00-04:00,107.79000091552734,108.41000366210938,107.33000183105469,107.73999786376953,91.8795166015625,1051600,0.0,0.0
2019-10-18 00:00:00-04:00,108.19999694824219,108.69000244140625,107.58000183105469,108.41000366210938,92.45089721679688,1671800,0.0,0.0
2019-10-21 00:00:00-04:00,108.94000244140625,109.29000091552734,108.43000030517578,109.12999725341797,93.06491088867188,1399800,0.0,0.0
2019-10-22 00:00:00-04:00,108.66999816894531,108.72000122070312,107.08000183105469,107.5,91.67485809326172,1417900,0.0,0.0
2019-10-23 00:00:00-04:00,107.5,108.4000015258789,107.5,108.18000030517578,92.2547607421875,1060900,0.0,0.0
2019-10-24 00:00:00-04:00,108.4000015258789,108.55000305175781,107.9000015258789,108.26000213623047,92.3229751586914,1104300,0.0,0.0
2019-10-25 00:00:00-04:00,108.19000244140625,108.19999694824219,106.7300033569336,107.23999786376953,91.45311737060547,1758100,0.0,0.0
2019-10-28 00:00:00-04:00,107.62999725341797,108.2699966430664,106.58999633789062,106.5999984741211,90.90734100341797,1937400,0.0,0.0
2019-10-29 00:00:00-04:00,106.80000305175781,108.22000122070312,106.31999969482422,108.22000122070312,92.28886413574219,1784900,0.0,0.0
2019-10-30 00:00:00-04:00,107.47000122070312,107.61000061035156,103.6500015258789,104.94999694824219,89.50025177001953,2267400,0.0,0.0
2019-10-31 00:00:00-04:00,104.47000122070312,106.45999908447266,104.06999969482422,106.41999816894531,90.75384521484375,1600600,0.0,0.0
2019-11-01 00:00:00-04:00,106.9800033569336,107.38999938964844,105.45999908447266,105.9000015258789,90.3104019165039,2281400,0.0,0.0
2019-11-04 00:00:00-05:00,106.55000305175781,107.52999877929688,106.36000061035156,106.48999786376953,90.81356048583984,1379000,0.0,0.0
2019-11-05 00:00:00-05:00,106.93000030517578,107.06999969482422,105.80999755859375,105.83999633789062,90.25921630859375,1554500,0.0,0.0
2019-11-06 00:00:00-05:00,105.87000274658203,106.98999786376953,105.66999816894531,106.94999694824219,91.20581817626953,1948200,0.0,0.0
2019-11-07 00:00:00-05:00,106.94999694824219,108.41000366210938,106.80999755859375,107.72000122070312,91.86247253417969,1974500,0.0,0.0
2019-11-08 00:00:00-05:00,107.54000091552734,108.30999755859375,107.33999633789062,108.19000244140625,92.26327514648438,1374500,0.0,0.0
2019-11-11 00:00:00-05:00,107.69999694824219,109.43000030517578,107.41000366210938,109.37999725341797,93.2780990600586,1011100,0.0,0.0
2019-11-12 00:00:00-05:00,109.62000274658203,111.0,109.29000091552734,110.12999725341797,93.91768646240234,2053000,0.0,0.0
2019-11-13 00:00:00-05:00,109.47000122070312,110.98999786376953,109.05999755859375,110.56999969482422,94.29292297363281,1806200,0.0,0.0
2019-11-14 00:00:00-05:00,110.36000061035156,110.86000061035156,110.0999984741211,110.80000305175781,94.48906707763672,988100,0.0,0.0
2019-11-15 00:00:00-05:00,110.97000122070312,111.31999969482422,110.45999908447266,111.0999984741211,94.74488830566406,1459500,0.0,0.0
2019-11-18 00:00:00-05:00,110.86000061035156,111.51000213623047,110.76000213623047,111.51000213623047,95.09454345703125,1668900,0.0,0.0
2019-11-19 00:00:00-05:00,111.54000091552734,111.7699966430664,110.91000366210938,111.02999877929688,94.6852035522461,1682200,0.0,0.0
2019-11-20 00:00:00-05:00,110.7699966430664,111.18000030517578,109.88999938964844,110.4000015258789,94.14794158935547,1787800,0.0,0.0
2019-11-21 00:00:00-05:00,110.30999755859375,110.63999938964844,109.30000305175781,110.19999694824219,93.97737884521484,1755900,0.0,0.0
2019-11-22 00:00:00-05:00,110.30000305175781,111.0,109.91000366210938,110.04000091552734,93.84095001220703,1036100,0.0,0.0
2019-11-25 00:00:00-05:00,110.25,111.11000061035156,110.25,110.63999938964844,94.35262298583984,956200,0.0,0.0
2019-11-26 00:00:00-05:00,110.88999938964844,112.63999938964844,110.63999938964844,112.62000274658203,96.0411376953125,2127300,0.0,0.0
2019-11-27 00:00:00-05:00,112.36000061035156,112.5,111.5999984741211,112.0199966430664,95.95549011230469,1599900,0.5,0.0
2019-11-29 00:00:00-05:00,112.22000122070312,112.5,111.29000091552734,111.3499984741211,95.38156127929688,817900,0.0,0.0
2019-12-02 00:00:00-05:00,111.70999908447266,111.8499984741211,111.0199966430664,111.13999938964844,95.2016830444336,1180700,0.0,0.0
2019-12-03 00:00:00-05:00,110.29000091552734,110.38999938964844,108.95999908447266,109.44000244140625,93.74547576904297,1191300,0.0,0.0
2019-12-04 00:00:00-05:00,109.36000061035156,110.5199966430664,109.12000274658203,110.13999938964844,94.34508514404297,1209100,0.0,0.0
2019-12-05 00:00:00-05:00,110.16000366210938,110.33000183105469,109.33999633789062,109.54000091552734,93.83114624023438,2608500,0.0,0.0
2019-12-06 00:00:00-05:00,110.16999816894531,111.51000213623047,110.16999816894531,111.0999984741211,95.16740417480469,1805100,0.0,0.0
2019-12-09 00:00:00-05:00,111.05000305175781,111.55000305175781,110.5999984741211,111.31999969482422,95.3558578491211,1789400,0.0,0.0
2019-12-10 00:00:00-05:00,111.33999633789062,111.76000213623047,110.62999725341797,110.73999786376953,94.85905456542969,1031000,0.0,0.0
2019-12-11 00:00:00-05:00,110.54000091552734,110.68000030517578,109.06999969482422,109.58999633789062,93.87394714355469,1489300,0.0,0.0
2019-12-12 00:00:00-05:00,109.38999938964844,110.56999969482422,108.93000030517578,110.3499984741211,94.52494812011719,1757200,0.0,0.0
2019-12-13 00:00:00-05:00,109.80000305175781,110.29000091552734,109.2300033569336,109.69999694824219,93.96817016601562,1523400,0.0,0.0
2019-12-16 00:00:00-05:00,109.9000015258789,110.12000274658203,109.16999816894531,109.62000274658203,93.89966583251953,2329900,0.0,0.0
2019-12-17 00:00:00-05:00,109.88999938964844,110.62000274658203,109.44999694824219,109.8499984741211,94.0966567993164,3208100,0.0,0.0
2019-12-18 00:00:00-05:00,110.18000030517578,110.18000030517578,109.19000244140625,109.6500015258789,93.92536926269531,1672200,0.0,0.0
2019-12-19 00:00:00-05:00,109.44999694824219,111.20999908447266,108.9800033569336,111.20999908447266,95.26165008544922,2351900,0.0,0.0
2019-12-20 00:00:00-05:00,112.43000030517578,113.31999969482422,111.51000213623047,111.58000183105469,95.57857513427734,3457700,0.0,0.0
2019-12-23 00:00:00-05:00,111.81999969482422,112.0,110.38999938964844,110.87999725341797,94.97896575927734,1834700,0.0,0.0
2019-12-24 00:00:00-05:00,110.94999694824219,111.61000061035156,110.94999694824219,111.16999816894531,95.22737121582031,831700,0.0,0.0
2019-12-26 00:00:00-05:00,111.16000366210938,112.12000274658203,111.13999938964844,111.5999984741211,95.59571075439453,822900,0.0,0.0
2019-12-27 00:00:00-05:00,111.87000274658203,112.12000274658203,111.41000366210938,111.87000274658203,95.82699584960938,1041600,0.0,0.0
2019-12-30 00:00:00-05:00,112.0,112.05000305175781,111.33999633789062,111.7699966430664,95.7413330078125,920300,0.0,0.0
2019-12-31 00:00:00-05:00,111.81999969482422,112.4800033569336,111.58999633789062,112.44999694824219,96.3238296508789,1109000,0.0,0.0
2020-01-02 00:00:00-05:00,112.97000122070312,113.0,111.66000366210938,112.81999969482422,96.6407699584961,1212400,0.0,0.0
2020-01-03 00:00:00-05:00,111.83999633789062,113.0999984741211,111.7699966430664,112.83000183105469,96.6493148803711,1047100,0.0,0.0
2020-01-06 00:00:00-05:00,112.33999633789062,113.20999908447266,112.04000091552734,113.16000366210938,96.9319839477539,1214800,0.0,0.0
2020-01-07 00:00:00-05:00,112.68000030517578,112.98999786376953,112.16000366210938,112.19000244140625,96.10108947753906,1641000,0.0,0.0
2020-01-08 00:00:00-05:00,112.55000305175781,113.83000183105469,112.44000244140625,112.5,96.36663818359375,1748900,0.0,0.0
2020-01-09 00:00:00-05:00,113.0,113.91000366210938,112.72000122070312,113.77999877929688,97.46308135986328,1462000,0.0,0.0
2020-01-10 00:00:00-05:00,113.95999908447266,114.16000366210938,113.18000030517578,113.44999694824219,97.18038940429688,1431200,0.0,0.0
2020-01-13 00:00:00-05:00,113.4800033569336,114.48999786376953,113.44999694824219,114.4800033569336,98.06271362304688,1526100,0.0,0.0
2020-01-14 00:00:00-05:00,114.3499984741211,114.38999938964844,113.44000244140625,113.80000305175781,97.48021697998047,1899100,0.0,0.0
2020-01-15 00:00:00-05:00,113.62000274658203,114.62999725341797,113.05000305175781,114.26000213623047,97.87425994873047,1692500,0.0,0.0
2020-01-16 00:00:00-05:00,114.54000091552734,116.16000366210938,114.2699966430664,116.1500015258789,99.49321746826172,1902900,0.0,0.0
2020-01-17 00:00:00-05:00,116.4000015258789,117.62000274658203,115.8499984741211,117.55000305175781,100.69243621826172,1725700,0.0,0.0
2020-01-21 00:00:00-05:00,117.1500015258789,118.2699966430664,117.05999755859375,117.80000305175781,100.90656280517578,1314100,0.0,0.0
2020-01-22 00:00:00-05:00,118.23999786376953,118.69000244140625,117.58999633789062,117.6500015258789,100.77809143066406,1274100,0.0,0.0
2020-01-23 00:00:00-05:00,117.05999755859375,118.38999938964844,116.0999984741211,118.1500015258789,101.20639038085938,1502400,0.0,0.0
2020-01-24 00:00:00-05:00,118.23999786376953,118.75,117.4800033569336,118.27999877929688,101.31774139404297,2152200,0.0,0.0
2020-01-27 00:00:00-05:00,117.0,117.93000030517578,116.55999755859375,116.58000183105469,99.86152648925781,1135200,0.0,0.0
2020-01-28 00:00:00-05:00,116.87999725341797,118.1500015258789,116.87999725341797,117.54000091552734,100.68387603759766,1496500,0.0,0.0
2020-01-29 00:00:00-05:00,118.5,118.72000122070312,117.66999816894531,118.36000061035156,101.38627624511719,1878800,0.0,0.0
2020-01-30 00:00:00-05:00,117.58999633789062,119.9800033569336,117.56999969482422,119.87999725341797,102.68827819824219,1289400,0.0,0.0
2020-01-31 00:00:00-05:00,119.20999908447266,120.11000061035156,118.2699966430664,118.54000091552734,101.54045104980469,1754500,0.0,0.0
2020-02-03 00:00:00-05:00,119.0,120.06999969482422,118.80000305175781,119.05000305175781,101.97732543945312,1439300,0.0,0.0
2020-02-04 00:00:00-05:00,120.16000366210938,121.16000366210938,119.91000366210938,119.94999694824219,102.74825286865234,1848200,0.0,0.0
2020-02-05 00:00:00-05:00,121.06999969482422,124.94000244140625,121.06999969482422,124.66999816894531,106.79136657714844,2718400,0.0,0.0
2020-02-06 00:00:00-05:00,124.7699966430664,125.43000030517578,123.79000091552734,123.88999938964844,106.12323760986328,1506700,0.0,0.0
2020-02-07 00:00:00-05:00,123.87000274658203,124.76000213623047,123.61000061035156,124.43000030517578,106.58578491210938,1331600,0.0,0.0
2020-02-10 00:00:00-05:00,124.33999633789062,124.83000183105469,123.2699966430664,123.94999694824219,106.17462158203125,1534300,0.0,0.0
2020-02-11 00:00:00-05:00,123.9000015258789,125.41000366210938,123.72000122070312,125.0999984741211,107.15970611572266,1739600,0.0,0.0
2020-02-12 00:00:00-05:00,125.25,125.25,122.94999694824219,123.77999877929688,106.02899169921875,1549100,0.0,0.0
2020-02-13 00:00:00-05:00,123.6500015258789,124.91999816894531,123.19999694824219,124.88999938964844,106.97982025146484,1367500,0.0,0.0
2020-02-14 00:00:00-05:00,124.93000030517578,125.58999633789062,124.6500015258789,125.56999969482422,107.56231689453125,1110900,0.0,0.0
2020-02-18 00:00:00-05:00,125.4000015258789,125.91999816894531,124.11000061035156,124.30000305175781,106.47442626953125,1663700,0.0,0.0
2020-02-19 00:00:00-05:00,124.5999984741211,125.0,123.8499984741211,124.26000213623047,106.44017028808594,1414600,0.0,0.0
2020-02-20 00:00:00-05:00,123.98999786376953,124.4800033569336,123.05000305175781,123.45999908447266,105.7549057006836,2146100,0.0,0.0
2020-02-21 00:00:00-05:00,123.29000091552734,124.02999877929688,122.91999816894531,123.62000274658203,105.89193725585938,1477700,0.0,0.0
2020-02-24 00:00:00-05:00,121.44999694824219,122.37000274658203,120.18000030517578,120.54000091552734,103.2536392211914,1745600,0.0,0.0
2020-02-25 00:00:00-05:00,120.75,120.80000305175781,117.13999938964844,117.30999755859375,100.48684692382812,2046400,0.0,0.0
2020-02-26 00:00:00-05:00,117.95999908447266,119.01000213623047,115.72000122070312,115.7300033569336,99.13343811035156,2479000,0.0,0.0
2020-02-27 00:00:00-05:00,114.58999633789062,115.02999877929688,109.87000274658203,109.91999816894531,94.15663146972656,2366900,0.0,0.0
2020-02-28 00:00:00-05:00,106.58000183105469,107.9000015258789,102.91000366210938,105.25,90.6014633178711,4179800,0.54,0.0
2020-03-02 00:00:00-05:00,104.58999633789062,112.76000213623047,104.58999633789062,112.66999816894531,96.98873138427734,2794600,0.0,0.0
2020-03-03 00:00:00-05:00,112.43000030517578,113.58000183105469,108.0,109.19999694824219,94.0016860961914,2810300,0.0,0.0
2020-03-04 00:00:00-05:00,111.33000183105469,114.88999938964844,110.16999816894531,114.51000213623047,98.57263946533203,1905900,0.0,0.0
2020-03-05 00:00:00-05:00,111.1500015258789,112.08999633789062,107.04000091552734,108.45999908447266,93.36468505859375,2459900,0.0,0.0
2020-03-06 00:00:00-05:00,104.20999908447266,107.70999908447266,103.91000366210938,107.13999938964844,92.2283935546875,3277500,0.0,0.0
2020-03-09 00:00:00-04:00,99.56999969482422,100.16000366210938,94.0199966430664,95.61000061035156,82.30314636230469,2527100,0.0,0.0
2020-03-10 00:00:00-04:00,99.36000061035156,100.19999694824219,94.58000183105469,99.26000213623047,85.44512176513672,2511100,0.0,0.0
2020-03-11 00:00:00-04:00,96.25,96.68000030517578,90.55000305175781,92.7699966430664,79.8583984375,2662000,0.0,0.0
2020-03-12 00:00:00-04:00,86.04000091552734,90.37999725341797,83.72000122070312,83.80000305175781,72.1368179321289,4397700,0.0,0.0
2020-03-13 00:00:00-04:00,89.45999908447266,93.05999755859375,83.0999984741211,92.7699966430664,79.8583984375,3606000,0.0,0.0
2020-03-16 00:00:00-04:00,78.0,90.54000091552734,78.0,84.9800033569336,73.152587890625,3607500,0.0,0.0
2020-03-17 00:00:00-04:00,87.16000366210938,90.6500015258789,85.2699966430664,87.94000244140625,75.70063018798828,2917900,0.0,0.0
2020-03-18 00:00:00-04:00,81.63999938964844,83.75,64.12999725341797,75.55000305175781,65.0350570678711,3617400,0.0,0.0
2020-03-19 00:00:00-04:00,74.12999725341797,78.5199966430664,70.7300033569336,74.69000244140625,64.29473114013672,2475800,0.0,0.0
2020-03-20 00:00:00-04:00,76.36000061035156,78.66000366210938,70.76000213623047,73.87000274658203,63.58887481689453,3911100,0.0,0.0
2020-03-23 00:00:00-04:00,71.73999786376953,75.91999816894531,68.86000061035156,73.2300033569336,63.037960052490234,3181100,0.0,0.0
2020-03-24 00:00:00-04:00,78.0999984741211,79.18000030517578,75.69999694824219,77.91999816894531,67.0751953125,3197500,0.0,0.0
2020-03-25 00:00:00-04:00,77.86000061035156,86.70999908447266,75.01000213623047,83.0,71.44815826416016,3539600,0.0,0.0
2020-03-26 00:00:00-04:00,83.11000061035156,90.51000213623047,83.01000213623047,89.5,77.04351043701172,3563500,0.0,0.0
2020-03-27 00:00:00-04:00,86.11000061035156,92.58999633789062,85.12999725341797,88.45999908447266,76.14825439453125,2662500,0.0,0.0
2020-03-30 00:00:00-04:00,88.27999877929688,95.29000091552734,85.4800033569336,94.63999938964844,81.4681396484375,2745400,0.0,0.0
2020-03-31 00:00:00-04:00,93.4000015258789,94.19000244140625,91.20999908447266,91.7300033569336,78.96312713623047,2534900,0.0,0.0
2020-04-01 00:00:00-04:00,86.48999786376953,88.80000305175781,85.3499984741211,86.4000015258789,74.37494659423828,2684000,0.0,0.0
2020-04-02 00:00:00-04:00,86.2699966430664,89.7300033569336,84.04000091552734,85.79000091552734,73.84988403320312,2580000,0.0,0.0
2020-04-03 00:00:00-04:00,85.08999633789062,86.98999786376953,83.75,85.95999908447266,73.99617767333984,3264300,0.0,0.0
2020-04-06 00:00:00-04:00,90.52999877929688,94.62999725341797,88.63999938964844,93.5199966430664,80.5040054321289,2408400,0.0,0.0
2020-04-07 00:00:00-04:00,97.5999984741211,99.56999969482422,92.26000213623047,92.52999877929688,79.65179443359375,2677500,0.0,0.0
2020-04-08 00:00:00-04:00,94.04000091552734,98.37000274658203,91.5,97.25,83.71488952636719,1951900,0.0,0.0
2020-04-09 00:00:00-04:00,98.94000244140625,102.19000244140625,97.80000305175781,100.33999633789062,86.37478637695312,2714200,0.0,0.0
2020-04-13 00:00:00-04:00,101.81999969482422,102.25,97.37999725341797,98.0,84.36048126220703,2225500,0.0,0.0
2020-04-14 00:00:00-04:00,100.11000061035156,103.11000061035156,99.11000061035156,102.44000244140625,88.18254089355469,2393700,0.0,0.0
2020-04-15 00:00:00-04:00,98.7300033569336,99.9000015258789,97.47000122070312,97.94000244140625,84.308837890625,2036600,0.0,0.0
2020-04-16 00:00:00-04:00,97.7699966430664,100.23999786376953,97.61000061035156,99.93000030517578,86.02188110351562,2168600,0.0,0.0
2020-04-17 00:00:00-04:00,103.0,105.79000091552734,100.12000274658203,104.91999816894531,90.3173599243164,3991000,0.0,0.0
2020-04-20 00:00:00-04:00,103.18000030517578,105.2699966430664,101.48999786376953,102.72000122070312,88.42356872558594,2378900,0.0,0.0
2020-04-21 00:00:00-04:00,99.27999877929688,102.2699966430664,98.41999816894531,100.08999633789062,86.15960693359375,1731600,0.0,0.0
2020-04-22 00:00:00-04:00,101.87999725341797,102.8499984741211,99.88999938964844,101.98999786376953,87.79515075683594,1828600,0.0,0.0
2020-04-23 00:00:00-04:00,102.63999938964844,103.29000091552734,99.41999816894531,99.44999694824219,85.60868835449219,1672200,0.0,0.0
2020-04-24 00:00:00-04:00,100.70999908447266,101.75,99.25,101.44000244140625,87.32172393798828,1801100,0.0,0.0
2020-04-27 00:00:00-04:00,101.80999755859375,103.58000183105469,101.6500015258789,103.08999633789062,88.74208068847656,1639800,0.0,0.0
2020-04-28 00:00:00-04:00,105.19000244140625,106.73999786376953,101.68000030517578,101.83999633789062,87.66604614257812,2058400,0.0,0.0
2020-04-29 00:00:00-04:00,104.55000305175781,106.72000122070312,102.7699966430664,105.81999969482422,91.09211730957031,2661100,0.0,0.0
2020-04-30 00:00:00-04:00,103.62000274658203,104.9800033569336,101.22000122070312,101.72000122070312,87.56275177001953,2468700,0.0,0.0
2020-05-01 00:00:00-04:00,99.97000122070312,100.58999633789062,98.9000015258789,99.73999786376953,85.85831451416016,2186100,0.0,0.0
2020-05-04 00:00:00-04:00,98.9800033569336,100.73999786376953,98.16000366210938,100.33999633789062,86.37478637695312,1548000,0.0,0.0
2020-05-05 00:00:00-04:00,101.1500015258789,103.31999969482422,101.1500015258789,102.1500015258789,87.93289947509766,2006900,0.0,0.0
2020-05-06 00:00:00-04:00,102.33000183105469,104.29000091552734,101.02999877929688,101.4800033569336,87.35615539550781,2471500,0.0,0.0
2020-05-07 00:00:00-04:00,102.58000183105469,104.05000305175781,100.16000366210938,100.8499984741211,86.8138198852539,2408500,0.0,0.0
2020-05-08 00:00:00-04:00,102.5999984741211,102.80000305175781,100.63999938964844,100.79000091552734,86.76219177246094,2217700,0.0,0.0
2020-05-11 00:00:00-04:00,99.87000274658203,102.41999816894531,98.77999877929688,101.83999633789062,87.66604614257812,2079100,0.0,0.0
2020-05-12 00:00:00-04:00,102.06999969482422,102.55999755859375,97.52999877929688,97.55000305175781,83.97312927246094,1634100,0.0,0.0
2020-05-13 00:00:00-04:00,96.93000030517578,97.38999938964844,91.44999694824219,92.08000183105469,79.2644271850586,2798200,0.0,0.0
2020-05-14 00:00:00-04:00,91.18000030517578,94.1500015258789,89.51000213623047,93.91999816894531,80.84833526611328,1690400,0.0,0.0
2020-05-15 00:00:00-04:00,93.08000183105469,95.61000061035156,92.05000305175781,95.37999725341797,82.10514068603516,2439700,0.0,0.0
2020-05-18 00:00:00-04:00,98.29000091552734,100.02999877929688,98.05999755859375,99.04000091552734,85.25572204589844,1611800,0.0,0.0
2020-05-19 00:00:00-04:00,98.37000274658203,99.38999938964844,97.22000122070312,97.2699966430664,83.73210906982422,1180200,0.0,0.0
2020-05-20 00:00:00-04:00,98.56999969482422,98.94000244140625,96.75,96.98999786376953,83.49105834960938,2386800,0.0,0.0
2020-05-21 00:00:00-04:00,96.48999786376953,96.83999633789062,92.08000183105469,94.12999725341797,81.02909851074219,2972300,0.0,0.0
2020-05-22 00:00:00-04:00,94.43000030517578,95.05999755859375,92.69000244140625,94.81999969482422,81.6230697631836,1510200,0.0,0.0
2020-05-26 00:00:00-04:00,97.9000015258789,98.12000274658203,93.87000274658203,94.05000305175781,80.9602279663086,2756600,0.0,0.0
2020-05-27 00:00:00-04:00,96.41000366210938,97.75,94.52999877929688,97.7300033569336,84.12805938720703,2711600,0.0,0.0
2020-05-28 00:00:00-04:00,98.58999633789062,99.30999755859375,96.91999816894531,98.26000213623047,85.05426788330078,1932700,0.54,0.0
2020-05-29 00:00:00-04:00,97.69000244140625,98.02999877929688,96.0999984741211,97.80999755859375,84.66472625732422,2112400,0.0,0.0
2020-06-01 00:00:00-04:00,98.36000061035156,99.58999633789062,97.97000122070312,99.06999969482422,85.7553939819336,1601100,0.0,0.0
2020-06-02 00:00:00-04:00,99.4000015258789,99.72000122070312,98.33999633789062,99.0,85.69482421875,1586000,0.0,0.0
2020-06-03 00:00:00-04:00,100.25,100.91000366210938,99.70999908447266,100.41000366210938,86.91532135009766,1673200,0.0,0.0
2020-06-04 00:00:00-04:00,99.9000015258789,102.08999633789062,99.25,101.86000061035156,88.17041778564453,1980800,0.0,0.0
2020-06-05 00:00:00-04:00,106.44999694824219,106.5999984741211,102.86000061035156,105.47000122070312,91.29527282714844,2313500,0.0,0.0
2020-06-08 00:00:00-04:00,105.6500015258789,107.08000183105469,104.7699966430664,106.98999786376953,92.61099243164062,2240200,0.0,0.0
2020-06-09 00:00:00-04:00,105.41000366210938,105.87999725341797,102.80999755859375,103.20999908447266,89.33899688720703,1654900,0.0,0.0
2020-06-10 00:00:00-04:00,102.9800033569336,104.0,101.69000244140625,101.9800033569336,88.2743148803711,2013100,0.0,0.0
2020-06-11 00:00:00-04:00,99.7300033569336,100.2300033569336,94.77999877929688,94.79000091552734,82.05062103271484,2295400,0.0,0.0
2020-06-12 00:00:00-04:00,97.33999633789062,97.5,93.26000213623047,95.69999694824219,82.83830261230469,2198800,0.0,0.0
2020-06-15 00:00:00-04:00,93.08999633789062,98.41000366210938,92.69999694824219,97.83000183105469,84.68205261230469,2049000,0.0,0.0
2020-06-16 00:00:00-04:00,100.62999725341797,101.08000183105469,97.20999908447266,99.12000274658203,85.79867553710938,1850200,0.0,0.0
2020-06-17 00:00:00-04:00,99.12999725341797,99.6500015258789,97.69999694824219,97.94999694824219,84.7859115600586,1566900,0.0,0.0
2020-06-18 00:00:00-04:00,97.45999908447266,99.0199966430664,96.5999984741211,98.75,85.47840881347656,1337000,0.0,0.0
2020-06-19 00:00:00-04:00,101.0,101.0,97.51000213623047,98.7300033569336,85.46110534667969,3654700,0.0,0.0
2020-06-22 00:00:00-04:00,97.88999938964844,98.58000183105469,96.94000244140625,97.16000366210938,84.10208129882812,1465300,0.0,0.0
2020-06-23 00:00:00-04:00,98.91999816894531,99.27999877929688,96.54000091552734,96.66000366210938,83.6692886352539,1672300,0.0,0.0
2020-06-24 00:00:00-04:00,95.80000305175781,95.9000015258789,92.87999725341797,92.94999694824219,80.4579086303711,2743600,0.0,0.0
2020-06-25 00:00:00-04:00,93.37000274658203,95.87999725341797,93.25,95.83000183105469,82.9508285522461,1652400,0.0,0.0
2020-06-26 00:00:00-04:00,94.5,95.69999694824219,93.70999908447266,94.58000183105469,81.86883544921875,2418300,0.0,0.0
2020-06-29 00:00:00-04:00,95.55999755859375,95.87999725341797,94.58000183105469,95.44000244140625,82.6132583618164,1262200,0.0,0.0
2020-06-30 00:00:00-04:00,95.55000305175781,97.68000030517578,95.41000366210938,96.98999786376953,83.95494079589844,1839800,0.0,0.0
2020-07-01 00:00:00-04:00,96.7300033569336,97.43000030517578,95.37000274658203,95.52999877929688,82.69115447998047,1611000,0.0,0.0
2020-07-02 00:00:00-04:00,97.06999969482422,97.26000213623047,93.87000274658203,94.08999633789062,81.44469451904297,1941300,0.0,0.0
2020-07-06 00:00:00-04:00,95.83000183105469,96.81999969482422,95.08999633789062,95.63999938964844,82.786376953125,1451400,0.0,0.0
2020-07-07 00:00:00-04:00,95.05999755859375,95.20999908447266,92.41999816894531,92.6500015258789,80.19822692871094,1312500,0.0,0.0
2020-07-08 00:00:00-04:00,89.19000244140625,90.94999694824219,87.69000244140625,88.22000122070312,76.36360168457031,5064400,0.0,0.0
2020-07-09 00:00:00-04:00,88.56999969482422,88.79000091552734,84.97000122070312,85.81999969482422,74.2861557006836,3216100,0.0,0.0
2020-07-10 00:00:00-04:00,86.23999786376953,87.52999877929688,85.69000244140625,86.97000122070312,75.2815933227539,2793200,0.0,0.0
2020-07-13 00:00:00-04:00,88.2699966430664,89.52999877929688,86.37000274658203,88.5,76.60596466064453,2846200,0.0,0.0
2020-07-14 00:00:00-04:00,88.38999938964844,90.41999816894531,88.30000305175781,89.7300033569336,77.67066955566406,2472100,0.0,0.0
2020-07-15 00:00:00-04:00,91.93000030517578,91.93000030517578,89.3499984741211,90.12999725341797,78.01690673828125,2480500,0.0,0.0
2020-07-16 00:00:00-04:00,89.7699966430664,93.0199966430664,89.6500015258789,91.61000061035156,79.29800415039062,2083400,0.0,0.0
2020-07-17 00:00:00-04:00,92.0199966430664,92.08000183105469,90.16000366210938,91.66999816894531,79.34992980957031,3274500,0.0,0.0
2020-07-20 00:00:00-04:00,91.26000213623047,92.22000122070312,90.81999969482422,90.93000030517578,78.70938873291016,1773400,0.0,0.0
2020-07-21 00:00:00-04:00,91.43000030517578,92.93000030517578,91.27999877929688,91.86000061035156,79.514404296875,1723700,0.0,0.0
2020-07-22 00:00:00-04:00,91.36000061035156,93.76000213623047,91.33000183105469,93.5199966430664,80.95128631591797,1726400,0.0,0.0
2020-07-23 00:00:00-04:00,93.33999633789062,95.41000366210938,93.33999633789062,94.66999816894531,81.94673919677734,3225200,0.0,0.0
2020-07-24 00:00:00-04:00,94.7699966430664,95.47000122070312,92.88999938964844,94.36000061035156,81.67841339111328,1857300,0.0,0.0
2020-07-27 00:00:00-04:00,93.98999786376953,94.16000366210938,91.66999816894531,92.69999694824219,80.24151611328125,1635100,0.0,0.0
2020-07-28 00:00:00-04:00,92.69999694824219,93.05999755859375,91.95999908447266,92.2699966430664,79.8692855834961,1114300,0.0,0.0
2020-07-29 00:00:00-04:00,92.30999755859375,94.38999938964844,92.25,94.0,81.36678314208984,1649800,0.0,0.0
2020-07-30 00:00:00-04:00,92.5,93.16999816894531,91.91999816894531,92.08000183105469,79.704833984375,1712500,0.0,0.0
2020-07-31 00:00:00-04:00,92.05000305175781,94.5199966430664,91.8499984741211,94.38999938964844,81.7043685913086,2077200,0.0,0.0
2020-08-03 00:00:00-04:00,94.52999877929688,97.23999786376953,94.0,96.19000244140625,83.26246643066406,1982700,0.0,0.0
2020-08-04 00:00:00-04:00,96.58000183105469,97.62000274658203,95.83999633789062,96.23999786376953,83.30574035644531,2443300,0.0,0.0
2020-08-05 00:00:00-04:00,98.19000244140625,100.55999755859375,93.88999938964844,94.76000213623047,82.02464294433594,3498800,0.0,0.0
2020-08-06 00:00:00-04:00,94.44999694824219,95.8499984741211,94.20999908447266,94.4800033569336,81.78228759765625,1306000,0.0,0.0
2020-08-07 00:00:00-04:00,94.05999755859375,96.9800033569336,94.05999755859375,96.91000366210938,83.88570404052734,1169400,0.0,0.0
2020-08-10 00:00:00-04:00,97.0999984741211,97.5999984741211,96.62000274658203,97.25,84.18001556396484,1262500,0.0,0.0
2020-08-11 00:00:00-04:00,98.72000122070312,99.16000366210938,96.55999755859375,96.83000183105469,83.81645965576172,1376700,0.0,0.0
2020-08-12 00:00:00-04:00,98.19999694824219,98.58000183105469,95.86000061035156,96.2300033569336,83.29707336425781,1404600,0.0,0.0
2020-08-13 00:00:00-04:00,95.5199966430664,96.91000366210938,95.05999755859375,96.26000213623047,83.32305145263672,1068500,0.0,0.0
2020-08-14 00:00:00-04:00,95.6500015258789,96.70999908447266,95.16999816894531,96.12000274658203,83.20186614990234,1581300,0.0,0.0
2020-08-17 00:00:00-04:00,96.31999969482422,96.66000366210938,95.11000061035156,95.2300033569336,82.43148803710938,1437100,0.0,0.0
2020-08-18 00:00:00-04:00,95.20999908447266,95.66999816894531,94.5,94.68000030517578,81.95539855957031,1367100,0.0,0.0
2020-08-19 00:00:00-04:00,94.98999786376953,95.87000274658203,93.87999725341797,94.27999877929688,81.60916900634766,1177400,0.0,0.0
2020-08-20 00:00:00-04:00,93.63999938964844,96.06999969482422,93.5,95.36000061035156,82.54399871826172,1618800,0.0,0.0
2020-08-21 00:00:00-04:00,95.48999786376953,95.87000274658203,94.02999877929688,94.48999786376953,81.79093933105469,1326200,0.0,0.0
2020-08-24 00:00:00-04:00,94.79000091552734,95.12999725341797,93.08000183105469,95.0,82.23240661621094,2399700,0.0,0.0
2020-08-25 00:00:00-04:00,95.3499984741211,95.55000305175781,93.61000061035156,93.7699966430664,81.16771697998047,1662100,0.0,0.0
2020-08-26 00:00:00-04:00,93.38999938964844,94.08000183105469,92.66000366210938,93.01000213623047,80.50984954833984,1688900,0.0,0.0
2020-08-27 00:00:00-04:00,93.01000213623047,95.12000274658203,92.8499984741211,94.12999725341797,81.95513916015625,2327000,0.54,0.0
2020-08-28 00:00:00-04:00,94.88999938964844,94.88999938964844,93.6500015258789,94.30000305175781,82.1031494140625,2976200,0.0,0.0
2020-08-31 00:00:00-04:00,94.2699966430664,94.30000305175781,92.3499984741211,93.0,80.9712905883789,1571400,0.0,0.0
2020-09-01 00:00:00-04:00,92.9000015258789,93.62999725341797,92.27999877929688,92.95999908447266,80.93647003173828,1890400,0.0,0.0
2020-09-02 00:00:00-04:00,92.7300033569336,95.08000183105469,92.13999938964844,94.58999633789062,82.35564422607422,3079100,0.0,0.0
2020-09-03 00:00:00-04:00,95.19999694824219,97.38999938964844,92.52999877929688,93.33999633789062,81.2673110961914,2022100,0.0,0.0
2020-09-04 00:00:00-04:00,94.62999725341797,95.16999816894531,92.63999938964844,93.80999755859375,81.676513671875,1892500,0.0,0.0
2020-09-08 00:00:00-04:00,93.72000122070312,93.79000091552734,91.06999969482422,91.25,79.44763946533203,1927600,0.0,0.0
2020-09-09 00:00:00-04:00,91.93000030517578,93.69000244140625,91.61000061035156,92.54000091552734,80.57079315185547,1784500,0.0,0.0
2020-09-10 00:00:00-04:00,93.11000061035156,94.08999633789062,92.58000183105469,92.62000274658203,80.64045715332031,1850800,0.0,0.0
2020-09-11 00:00:00-04:00,92.80999755859375,94.13999938964844,92.4800033569336,93.81999969482422,81.68523406982422,1288300,0.0,0.0
2020-09-14 00:00:00-04:00,94.4000015258789,95.56999969482422,94.2699966430664,94.94999694824219,82.66905975341797,1471400,0.0,0.0
2020-09-15 00:00:00-04:00,95.5999984741211,96.58000183105469,93.9800033569336,94.83999633789062,82.57330322265625,2411400,0.0,0.0
2020-09-16 00:00:00-04:00,95.1500015258789,97.55999755859375,94.94000244140625,95.91000366210938,83.50489807128906,1797400,0.0,0.0
2020-09-17 00:00:00-04:00,95.0,95.22000122070312,92.26000213623047,92.80000305175781,80.79716491699219,1539500,0.0,0.0
2020-09-18 00:00:00-04:00,92.54000091552734,92.9800033569336,90.91000366210938,91.27999877929688,79.4737548828125,2549400,0.0,0.0
2020-09-21 00:00:00-04:00,90.04000091552734,92.56999969482422,89.72000122070312,92.02999877929688,80.12673950195312,2608900,0.0,0.0
2020-09-22 00:00:00-04:00,92.72000122070312,94.0,91.61000061035156,92.33999633789062,80.39665222167969,2095300,0.0,0.0
2020-09-23 00:00:00-04:00,92.25,93.05999755859375,89.56999969482422,89.62000274658203,78.02848052978516,1817800,0.0,0.0
2020-09-24 00:00:00-04:00,89.68000030517578,91.19999694824219,88.77999877929688,89.9800033569336,78.34190368652344,1941300,0.0,0.0
2020-09-25 00:00:00-04:00,89.06999969482422,91.5999984741211,88.91999816894531,91.27999877929688,79.4737548828125,2077800,0.0,0.0
2020-09-28 00:00:00-04:00,92.30999755859375,94.12999725341797,91.88999938964844,93.22000122070312,81.16284942626953,1385100,0.0,0.0
2020-09-29 00:00:00-04:00,92.83999633789062,93.79000091552734,92.29000091552734,93.44000244140625,81.35438537597656,2403200,0.0,0.0
2020-09-30 00:00:00-04:00,93.55000305175781,94.68000030517578,93.31999969482422,94.13999938964844,81.96385192871094,2090500,0.0,0.0
2020-10-01 00:00:00-04:00,95.0999984741211,95.1500015258789,91.66000366210938,92.26000213623047,80.32701110839844,2662500,0.0,0.0
2020-10-02 00:00:00-04:00,91.33999633789062,94.36000061035156,91.18000030517578,93.0199966430664,80.98871612548828,1369000,0.0,0.0
2020-10-05 00:00:00-04:00,93.80999755859375,94.94999694824219,93.13999938964844,93.68000030517578,81.56333923339844,1501800,0.0,0.0
2020-10-06 00:00:00-04:00,93.98999786376953,94.83000183105469,92.2699966430664,92.6500015258789,80.66656494140625,2163800,0.0,0.0
2020-10-07 00:00:00-04:00,93.4000015258789,94.83999633789062,93.02999877929688,93.29000091552734,81.22381591796875,1558100,0.0,0.0
2020-10-08 00:00:00-04:00,93.5999984741211,94.91000366210938,93.26000213623047,93.58000183105469,81.47630310058594,1422900,0.0,0.0
2020-10-09 00:00:00-04:00,93.88999938964844,93.97000122070312,92.7699966430664,92.86000061035156,80.84940338134766,1501300,0.0,0.0
2020-10-12 00:00:00-04:00,93.11000061035156,94.8499984741211,92.9000015258789,94.26000213623047,82.06832122802734,1526500,0.0,0.0
2020-10-13 00:00:00-04:00,94.0199966430664,94.66000366210938,91.37000274658203,91.79000091552734,79.91778564453125,2513700,0.0,0.0
2020-10-14 00:00:00-04:00,91.87999725341797,93.0999984741211,91.23999786376953,91.27999877929688,79.4737548828125,2514300,0.0,0.0
2020-10-15 00:00:00-04:00,90.04000091552734,92.2699966430664,89.9000015258789,91.70999908447266,79.84813690185547,1812000,0.0,0.0
2020-10-16 00:00:00-04:00,91.81999969482422,93.2699966430664,91.81999969482422,92.58000183105469,80.60562133789062,3521000,0.0,0.0
2020-10-19 00:00:00-04:00,92.12000274658203,93.0999984741211,91.05000305175781,91.41999816894531,79.59564208984375,1326800,0.0,0.0
2020-10-20 00:00:00-04:00,92.25,92.52999877929688,90.93000030517578,91.08000183105469,79.29962921142578,1621500,0.0,0.0
2020-10-21 00:00:00-04:00,90.91999816894531,91.87000274658203,90.30000305175781,90.76000213623047,79.02102661132812,2483900,0.0,0.0
2020-10-22 00:00:00-04:00,90.8499984741211,91.94999694824219,90.11000061035156,91.69000244140625,79.83071899414062,1479900,0.0,0.0
2020-10-23 00:00:00-04:00,92.5199966430664,92.66000366210938,90.91000366210938,91.25,79.44763946533203,1166200,0.0,0.0
2020-10-26 00:00:00-04:00,90.56999969482422,90.88999938964844,89.52999877929688,90.81999969482422,79.07324981689453,1662700,0.0,0.0
2020-10-27 00:00:00-04:00,90.58000183105469,90.87999725341797,89.0,89.04000091552734,77.52348327636719,1800000,0.0,0.0
2020-10-28 00:00:00-04:00,87.75,88.94999694824219,87.33000183105469,88.0,76.61801147460938,2620500,0.0,0.0
2020-10-29 00:00:00-04:00,87.44000244140625,89.43000030517578,86.51000213623047,88.58999633789062,77.13166809082031,1653800,0.0,0.0
2020-10-30 00:00:00-04:00,88.27999877929688,89.4000015258789,87.69999694824219,88.75,77.27100372314453,1796400,0.0,0.0
2020-11-02 00:00:00-05:00,90.04000091552734,91.23999786376953,89.12000274658203,90.9000015258789,79.14291381835938,1922400,0.0,0.0
2020-11-03 00:00:00-05:00,92.4000015258789,94.31999969482422,92.29000091552734,92.91999816894531,80.90164184570312,1724600,0.0,0.0
2020-11-04 00:00:00-05:00,91.56999969482422,94.0999984741211,90.5999984741211,92.04000091552734,80.13545989990234,2148700,0.0,0.0
2020-11-05 00:00:00-05:00,93.26000213623047,94.13999938964844,90.06999969482422,90.41000366210938,78.71629333496094,2740200,0.0,0.0
2020-11-06 00:00:00-05:00,91.33999633789062,92.4800033569336,90.41999816894531,91.1500015258789,79.36056518554688,1507500,0.0,0.0
2020-11-09 00:00:00-05:00,96.62999725341797,96.98999786376953,91.16000366210938,93.88999938964844,81.74617004394531,3943200,0.0,0.0
2020-11-10 00:00:00-05:00,94.79000091552734,94.91000366210938,93.06999969482422,94.44000244140625,82.22505950927734,2607700,0.0,0.0
2020-11-11 00:00:00-05:00,95.11000061035156,95.3499984741211,93.9800033569336,94.37000274658203,82.1640853881836,1675000,0.0,0.0
2020-11-12 00:00:00-05:00,94.16000366210938,95.5,93.94999694824219,94.80999755859375,82.54716491699219,1794900,0.0,0.0
2020-11-13 00:00:00-05:00,95.19000244140625,97.12000274658203,95.19000244140625,96.70999908447266,84.20144653320312,1669900,0.0,0.0
2020-11-16 00:00:00-05:00,98.48999786376953,98.83000183105469,97.08000183105469,98.05999755859375,85.3768310546875,2023100,0.0,0.0
2020-11-17 00:00:00-05:00,98.05999755859375,99.73999786376953,97.05000305175781,99.37000274658203,86.51740264892578,1756400,0.0,0.0
2020-11-18 00:00:00-05:00,99.55999755859375,102.01000213623047,98.55000305175781,100.06999969482422,87.12684631347656,2517800,0.0,0.0
2020-11-19 00:00:00-05:00,99.19999694824219,100.80999755859375,98.1500015258789,100.37000274658203,87.38805389404297,2155700,0.0,0.0
2020-11-20 00:00:00-05:00,100.3499984741211,101.7300033569336,99.91999816894531,100.18000030517578,87.22261810302734,1817900,0.0,0.0
2020-11-23 00:00:00-05:00,101.19999694824219,101.41000366210938,100.01000213623047,101.30999755859375,88.20646667480469,1878100,0.0,0.0
2020-11-24 00:00:00-05:00,102.55000305175781,105.22000122070312,101.36000061035156,104.87999725341797,91.3147201538086,2627000,0.0,0.0
2020-11-25 00:00:00-05:00,104.16000366210938,104.27999877929688,102.75,103.94999694824219,90.50502014160156,1950600,0.0,0.0
2020-11-27 00:00:00-05:00,103.23999786376953,104.30000305175781,102.81999969482422,104.13999938964844,91.1439208984375,1069400,0.54,0.0
2020-11-30 00:00:00-05:00,103.27999877929688,103.87999725341797,102.1500015258789,102.3499984741211,89.57728576660156,2931800,0.0,0.0
2020-12-01 00:00:00-05:00,103.51000213623047,104.83999633789062,103.2699966430664,104.29000091552734,91.27519226074219,2299000,0.0,0.0
2020-12-02 00:00:00-05:00,104.05999755859375,105.23999786376953,102.95999908447266,103.68000030517578,90.7413101196289,1710400,0.0,0.0
2020-12-03 00:00:00-05:00,103.08999633789062,104.30000305175781,102.69999694824219,103.83000183105469,90.8725814819336,1435600,0.0,0.0
2020-12-04 00:00:00-05:00,104.19999694824219,104.87999725341797,103.72000122070312,104.36000061035156,91.33647155761719,1243800,0.0,0.0
2020-12-07 00:00:00-05:00,103.69999694824219,104.4000015258789,102.70999908447266,103.41000366210938,90.50502014160156,1488800,0.0,0.0
2020-12-08 00:00:00-05:00,102.63999938964844,105.72000122070312,102.44000244140625,105.44999694824219,92.29041290283203,1578100,0.0,0.0
2020-12-09 00:00:00-05:00,105.01000213623047,105.86000061035156,104.83999633789062,105.19000244140625,92.06288146972656,1413800,0.0,0.0
2020-12-10 00:00:00-05:00,104.91000366210938,105.72000122070312,104.31999969482422,105.41999816894531,92.26416778564453,2220700,0.0,0.0
2020-12-11 00:00:00-05:00,104.51000213623047,105.6500015258789,103.81999969482422,104.43000030517578,91.3977279663086,1662100,0.0,0.0
2020-12-14 00:00:00-05:00,105.4000015258789,106.0,104.5999984741211,104.87000274658203,91.78279876708984,1975300,0.0,0.0
2020-12-15 00:00:00-05:00,105.23999786376953,106.55999755859375,104.77999877929688,105.91999816894531,92.70176696777344,1404800,0.0,0.0
2020-12-16 00:00:00-05:00,106.38999938964844,107.48999786376953,106.04000091552734,106.41999816894531,93.13936614990234,1823600,0.0,0.0
2020-12-17 00:00:00-05:00,106.52999877929688,107.05000305175781,105.8499984741211,106.55999755859375,93.26190185546875,1821000,0.0,0.0
2020-12-18 00:00:00-05:00,107.0,108.0999984741211,106.30000305175781,107.4000015258789,93.99708557128906,5276700,0.0,0.0
2020-12-21 00:00:00-05:00,107.5999984741211,107.61000061035156,104.47000122070312,106.16999816894531,92.92057037353516,2140200,0.0,0.0
2020-12-22 00:00:00-05:00,106.55999755859375,107.26000213623047,106.01000213623047,106.19000244140625,92.93807220458984,1513600,0.0,0.0
2020-12-23 00:00:00-05:00,106.43000030517578,107.55000305175781,105.94999694824219,105.98999786376953,92.76302337646484,1083300,0.0,0.0
2020-12-24 00:00:00-05:00,106.19000244140625,107.41000366210938,105.91999816894531,107.19000244140625,93.81329345703125,509000,0.0,0.0
2020-12-28 00:00:00-05:00,108.0199966430664,108.97000122070312,107.4000015258789,107.47000122070312,94.0583267211914,1130000,0.0,0.0
2020-12-29 00:00:00-05:00,107.7300033569336,108.31999969482422,107.33999633789062,107.5199966430664,94.10211181640625,1406000,0.0,0.0
2020-12-30 00:00:00-05:00,108.11000061035156,108.61000061035156,107.7699966430664,108.1500015258789,94.65350341796875,1017200,0.0,0.0
2020-12-31 00:00:00-05:00,108.16999816894531,110.0999984741211,108.0,109.93000030517578,96.2113265991211,1033800,0.0,0.0
2021-01-04 00:00:00-05:00,109.9000015258789,110.25,107.18000030517578,108.08000183105469,94.59221649169922,2124600,0.0,0.0
2021-01-05 00:00:00-05:00,108.3499984741211,108.3499984741211,106.56999969482422,107.2300033569336,93.84829711914062,2054000,0.0,0.0
2021-01-06 00:00:00-05:00,107.87999725341797,111.06999969482422,107.61000061035156,109.98999786376953,96.26385498046875,2174800,0.0,0.0
2021-01-07 00:00:00-05:00,110.2699966430664,110.91000366210938,109.63999938964844,110.06999969482422,96.3338623046875,1545300,0.0,0.0
2021-01-08 00:00:00-05:00,110.5199966430664,110.63999938964844,108.69999694824219,109.94999694824219,96.22883605957031,1260900,0.0,0.0
2021-01-11 00:00:00-05:00,109.12999725341797,110.19000244140625,108.91999816894531,109.1500015258789,95.52870178222656,1290500,0.0,0.0
2021-01-12 00:00:00-05:00,109.58000183105469,110.51000213623047,109.16000366210938,109.77999877929688,96.08006286621094,1219200,0.0,0.0
2021-01-13 00:00:00-05:00,109.36000061035156,110.19000244140625,108.16000366210938,108.87999725341797,95.2923812866211,2023500,0.0,0.0
2021-01-14 00:00:00-05:00,108.98999786376953,109.54000091552734,108.19999694824219,109.05999755859375,95.44992065429688,1432900,0.0,0.0
2021-01-15 00:00:00-05:00,108.69999694824219,109.37000274658203,108.0199966430664,108.4000015258789,94.87227630615234,2126800,0.0,0.0
2021-01-19 00:00:00-05:00,108.5999984741211,110.5,108.3499984741211,110.2699966430664,96.50891876220703,1255100,0.0,0.0
2021-01-20 00:00:00-05:00,110.11000061035156,111.70999908447266,109.77999877929688,111.0,97.1478042602539,1993400,0.0,0.0
2021-01-21 00:00:00-05:00,111.5199966430664,111.9000015258789,110.70999908447266,110.72000122070312,96.90275573730469,1605200,0.0,0.0
2021-01-22 00:00:00-05:00,110.19000244140625,110.95999908447266,109.5,110.43000030517578,96.64893341064453,1238700,0.0,0.0
2021-01-25 00:00:00-05:00,110.05000305175781,111.87999725341797,109.87000274658203,110.94999694824219,97.10405731201172,1124100,0.0,0.0
2021-01-26 00:00:00-05:00,111.0199966430664,111.41000366210938,109.16000366210938,109.5199966430664,95.85252380371094,1078800,0.0,0.0
2021-01-27 00:00:00-05:00,108.80000305175781,112.9000015258789,108.54000091552734,110.51000213623047,96.71895599365234,2797100,0.0,0.0
2021-01-28 00:00:00-05:00,110.23999786376953,111.37999725341797,108.9000015258789,109.30000305175781,95.65996551513672,2741200,0.0,0.0
2021-01-29 00:00:00-05:00,108.55999755859375,109.22000122070312,107.0199966430664,107.18000030517578,93.80452728271484,2144500,0.0,0.0
2021-02-01 00:00:00-05:00,107.04000091552734,109.05999755859375,106.94999694824219,108.70999908447266,95.14360809326172,1548300,0.0,0.0
2021-02-02 00:00:00-05:00,110.33000183105469,111.76000213623047,109.55000305175781,110.79000091552734,96.96403503417969,2057100,0.0,0.0
2021-02-03 00:00:00-05:00,109.88999938964844,110.83999633789062,108.41000366210938,109.0,95.39739990234375,1702700,0.0,0.0
2021-02-04 00:00:00-05:00,108.86000061035156,109.6500015258789,106.06999969482422,107.12999725341797,93.7607650756836,2767000,0.0,0.0
2021-02-05 00:00:00-05:00,107.06999969482422,107.87999725341797,106.51000213623047,106.91999816894531,93.57697296142578,1742700,0.0,0.0
2021-02-08 00:00:00-05:00,107.0,107.45999908447266,105.94999694824219,107.37999725341797,93.97956085205078,1909200,0.0,0.0
2021-02-09 00:00:00-05:00,107.4800033569336,108.48999786376953,107.2699966430664,107.87999725341797,94.41718292236328,1054700,0.0,0.0
2021-02-10 00:00:00-05:00,107.5999984741211,107.8499984741211,105.37000274658203,105.5999984741211,92.42170715332031,1879200,0.0,0.0
2021-02-11 00:00:00-05:00,105.0,105.62000274658203,103.3499984741211,104.4800033569336,91.44148254394531,2020300,0.0,0.0
2021-02-12 00:00:00-05:00,104.12000274658203,105.12000274658203,103.52999877929688,104.43000030517578,91.3977279663086,1202600,0.0,0.0
2021-02-16 00:00:00-05:00,105.0,105.0,103.08999633789062,103.20999908447266,90.3299560546875,2086200,0.0,0.0
2021-02-17 00:00:00-05:00,102.93000030517578,105.08999633789062,102.55000305175781,104.86000061035156,91.77406311035156,1961600,0.0,0.0
2021-02-18 00:00:00-05:00,104.69000244140625,105.5,104.1500015258789,105.08000183105469,91.96659851074219,1690900,0.0,0.0
2021-02-19 00:00:00-05:00,105.19999694824219,105.19999694824219,103.30000305175781,103.44999694824219,90.54000854492188,2574500,0.0,0.0
2021-02-22 00:00:00-05:00,103.26000213623047,106.25,102.56999969482422,105.30999755859375,92.16790771484375,2217800,0.0,0.0
2021-02-23 00:00:00-05:00,106.37999725341797,108.54000091552734,105.33999633789062,108.01000213623047,94.53096008300781,2525100,0.0,0.0
2021-02-24 00:00:00-05:00,107.66000366210938,109.33999633789062,107.55000305175781,108.36000061035156,94.83728790283203,1578800,0.0,0.0
2021-02-25 00:00:00-05:00,109.0,110.38999938964844,108.79000091552734,108.83000183105469,95.2486343383789,1886700,0.0,0.0
2021-02-26 00:00:00-05:00,108.54000091552734,109.12000274658203,106.58000183105469,106.5999984741211,93.29692077636719,2795400,0.0,0.0
2021-03-01 00:00:00-05:00,107.6500015258789,110.62000274658203,107.48999786376953,109.72000122070312,96.02755737304688,1827700,0.0,0.0
2021-03-02 00:00:00-05:00,109.81999969482422,111.30000305175781,109.01000213623047,110.48999786376953,96.70145416259766,1337300,0.0,0.0
2021-03-03 00:00:00-05:00,109.93000030517578,112.68000030517578,109.5199966430664,111.26000213623047,98.09449005126953,2045800,0.81,0.0
2021-03-04 00:00:00-05:00,111.5199966430664,112.41999816894531,107.94000244140625,109.3499984741211,96.41049194335938,2241000,0.0,0.0
2021-03-05 00:00:00-05:00,110.4000015258789,112.33000183105469,109.48999786376953,111.62000274658203,98.41191101074219,2158300,0.0,0.0
2021-03-08 00:00:00-05:00,112.72000122070312,116.68000030517578,112.13999938964844,113.27999877929688,99.8754653930664,2971400,0.0,0.0
2021-03-09 00:00:00-05:00,112.31999969482422,112.81999969482422,111.04000091552734,111.58999633789062,98.38545227050781,2272700,0.0,0.0
2021-03-10 00:00:00-05:00,111.69000244140625,113.75,110.9000015258789,113.70999908447266,100.25459289550781,3212200,0.0,0.0
2021-03-11 00:00:00-05:00,112.9800033569336,114.91999816894531,112.77999877929688,113.76000213623047,100.29866027832031,2330100,0.0,0.0
2021-03-12 00:00:00-05:00,115.0,115.81999969482422,114.6500015258789,115.73999786376953,102.04436492919922,1698400,0.0,0.0
2021-03-15 00:00:00-04:00,115.68000030517578,117.30000305175781,115.5999984741211,117.2699966430664,103.39332580566406,2110100,0.0,0.0
2021-03-16 00:00:00-04:00,116.5999984741211,117.01000213623047,115.04000091552734,115.83999633789062,102.13253784179688,3758600,0.0,0.0
2021-03-17 00:00:00-04:00,116.5199966430664,116.5199966430664,114.61000061035156,115.83999633789062,102.13253784179688,2179800,0.0,0.0
2021-03-18 00:00:00-04:00,116.5,117.80000305175781,115.52999877929688,116.04000091552734,102.30885314941406,3051400,0.0,0.0
2021-03-19 00:00:00-04:00,115.31999969482422,115.86000061035156,113.0199966430664,113.23999786376953,99.8402099609375,8756500,0.0,0.0
2021-03-22 00:00:00-04:00,112.1500015258789,112.8499984741211,111.12999725341797,112.23999786376953,98.95852661132812,2714100,0.0,0.0
2021-03-23 00:00:00-04:00,111.7699966430664,112.83999633789062,111.47000122070312,111.86000061035156,98.62349700927734,1801800,0.0,0.0
2021-03-24 00:00:00-04:00,112.47000122070312,113.56999969482422,112.16999816894531,112.8499984741211,99.49635314941406,2653400,0.0,0.0
2021-03-25 00:00:00-04:00,113.69000244140625,114.77999877929688,112.8499984741211,114.70999908447266,101.1362533569336,1560700,0.0,0.0
2021-03-26 00:00:00-04:00,114.94999694824219,116.1500015258789,114.58000183105469,116.02999877929688,102.30005645751953,1459300,0.0,0.0
2021-03-29 00:00:00-04:00,116.05000305175781,117.26000213623047,115.72000122070312,116.80000305175781,102.97893524169922,2648100,0.0,0.0
2021-03-30 00:00:00-04:00,117.5,118.05000305175781,116.79000091552734,117.11000061035156,103.25225830078125,1531700,0.0,0.0
2021-03-31 00:00:00-04:00,116.61000061035156,117.0999984741211,114.80000305175781,114.9000015258789,101.30376434326172,2111500,0.0,0.0
2021-04-01 00:00:00-04:00,114.58999633789062,116.30999755859375,114.37999725341797,116.02999877929688,102.30005645751953,2293000,0.0,0.0
2021-04-05 00:00:00-04:00,116.79000091552734,117.61000061035156,116.55000305175781,117.48999786376953,103.58729553222656,1266700,0.0,0.0
2021-04-06 00:00:00-04:00,117.77999877929688,118.30000305175781,117.12999725341797,117.83000183105469,103.88704681396484,1439000,0.0,0.0
2021-04-07 00:00:00-04:00,117.80999755859375,117.8499984741211,115.69999694824219,116.37999725341797,102.60863494873047,1891600,0.0,0.0
2021-04-08 00:00:00-04:00,116.0,117.37000274658203,115.87000274658203,117.05000305175781,103.1993637084961,1516000,0.0,0.0
2021-04-09 00:00:00-04:00,117.69000244140625,118.19000244140625,116.6500015258789,117.0999984741211,103.24343872070312,1630700,0.0,0.0
2021-04-12 00:00:00-04:00,117.52999877929688,119.62000274658203,117.41999816894531,119.36000061035156,105.23601531982422,1894000,0.0,0.0
2021-04-13 00:00:00-04:00,118.52999877929688,119.91999816894531,118.29000091552734,119.19000244140625,105.08611297607422,1720900,0.0,0.0
2021-04-14 00:00:00-04:00,119.36000061035156,120.47000122070312,119.12000274658203,120.41999816894531,106.17058563232422,1683000,0.0,0.0
2021-04-15 00:00:00-04:00,120.38999938964844,121.62999725341797,119.77999877929688,121.58999633789062,107.20211029052734,1792800,0.0,0.0
2021-04-16 00:00:00-04:00,122.0,122.70999908447266,121.75,122.19999694824219,107.73994445800781,1856200,0.0,0.0
2021-04-19 00:00:00-04:00,122.52999877929688,122.95999908447266,121.33999633789062,122.83999633789062,108.30420684814453,1169600,0.0,0.0
2021-04-20 00:00:00-04:00,122.69999694824219,123.56999969482422,122.25,122.87000274658203,108.33067321777344,1759200,0.0,0.0
2021-04-21 00:00:00-04:00,123.2300033569336,124.23999786376953,123.19000244140625,123.9000015258789,109.23880767822266,1032800,0.0,0.0
2021-04-22 00:00:00-04:00,123.25,124.11000061035156,122.93000030517578,123.66000366210938,109.02719116210938,1159700,0.0,0.0
2021-04-23 00:00:00-04:00,124.08999633789062,125.2699966430664,123.69000244140625,125.05000305175781,110.25271606445312,1181800,0.0,0.0
2021-04-26 00:00:00-04:00,125.25,126.2699966430664,125.08999633789062,125.30000305175781,110.47312927246094,1537200,0.0,0.0
2021-04-27 00:00:00-04:00,125.29000091552734,125.91999816894531,125.06999969482422,125.83999633789062,110.94922637939453,1360200,0.0,0.0
2021-04-28 00:00:00-04:00,126.43000030517578,126.87999725341797,125.12000274658203,125.3499984741211,110.5171890258789,1600100,0.0,0.0
2021-04-29 00:00:00-04:00,125.5199966430664,127.97000122070312,125.5199966430664,127.87000274658203,112.739013671875,1066300,0.0,0.0
2021-04-30 00:00:00-04:00,128.0,128.0,126.38999938964844,126.80000305175781,111.79564666748047,1404800,0.0,0.0
2021-05-03 00:00:00-04:00,127.54000091552734,129.08999633789062,127.2300033569336,128.1300048828125,112.96825408935547,1575500,0.0,0.0
2021-05-04 00:00:00-04:00,128.25,128.57000732421875,127.41999816894531,127.83999633789062,112.71257019042969,2195600,0.0,0.0
2021-05-05 00:00:00-04:00,127.5199966430664,127.76000213623047,125.77999877929688,127.44999694824219,112.36873626708984,2032800,0.0,0.0
2021-05-06 00:00:00-04:00,128.11000061035156,132.8800048828125,128.0399932861328,132.6199951171875,116.92692565917969,2624100,0.0,0.0
2021-05-07 00:00:00-04:00,129.74000549316406,132.82000732421875,128.57000732421875,132.25999450683594,116.60955047607422,2104800,0.0,0.0
2021-05-10 00:00:00-04:00,133.0,136.17999267578125,133.0,134.49000549316406,118.57566833496094,2377400,0.0,0.0
2021-05-11 00:00:00-04:00,134.77000427246094,135.0,132.60000610351562,134.1300048828125,118.25828552246094,2307800,0.0,0.0
2021-05-12 00:00:00-04:00,134.9600067138672,135.7100067138672,132.63999938964844,132.75,117.04154205322266,2117000,0.0,0.0
2021-05-13 00:00:00-04:00,132.16000366210938,138.0800018310547,131.6199951171875,137.52000427246094,121.24714660644531,2217600,0.0,0.0
2021-05-14 00:00:00-04:00,137.74000549316406,139.8800048828125,137.05999755859375,139.25999450683594,122.78121185302734,2518800,0.0,0.0
2021-05-17 00:00:00-04:00,138.75,139.72000122070312,138.05999755859375,139.02000427246094,122.56961059570312,4020000,0.0,0.0
2021-05-18 00:00:00-04:00,138.27999877929688,138.86000061035156,136.94000244140625,137.1300048828125,120.90327453613281,1764800,0.0,0.0
2021-05-19 00:00:00-04:00,136.5500030517578,136.5500030517578,133.25,135.69000244140625,119.6336669921875,2108100,0.0,0.0
2021-05-20 00:00:00-04:00,135.10000610351562,136.72999572753906,134.3000030517578,136.08999633789062,119.98634338378906,1597000,0.0,0.0
2021-05-21 00:00:00-04:00,136.38999938964844,137.8300018310547,136.24000549316406,137.42999267578125,121.16778564453125,2741400,0.0,0.0
2021-05-24 00:00:00-04:00,137.4199981689453,138.32000732421875,136.9499969482422,137.24000549316406,121.00025939941406,1499200,0.0,0.0
2021-05-25 00:00:00-04:00,137.1300048828125,137.35000610351562,134.91000366210938,135.14999389648438,119.15754699707031,1492600,0.0,0.0
2021-05-26 00:00:00-04:00,135.61000061035156,140.0,135.0,135.57000732421875,119.52787780761719,3187200,0.0,0.0
2021-05-27 00:00:00-04:00,136.33999633789062,136.60000610351562,134.3300018310547,136.3000030517578,120.1715087890625,3993900,0.0,0.0
2021-05-28 00:00:00-04:00,137.1699981689453,137.61000061035156,135.6999969482422,136.61000061035156,120.4448013305664,2095500,0.0,0.0
2021-06-01 00:00:00-04:00,137.5800018310547,139.44000244140625,137.3800048828125,138.02000427246094,121.68791961669922,1501400,0.0,0.0
2021-06-02 00:00:00-04:00,138.6699981689453,138.9199981689453,137.30999755859375,138.13999938964844,121.79377746582031,1520100,0.0,0.0
2021-06-03 00:00:00-04:00,135.5,137.0500030517578,135.49000549316406,136.25999450683594,120.84479522705078,1993300,0.81,0.0
2021-06-04 00:00:00-04:00,136.00999450683594,136.57000732421875,134.7899932861328,136.22999572753906,120.81818389892578,1361700,0.0,0.0
2021-06-07 00:00:00-04:00,136.3300018310547,136.47999572753906,134.4499969482422,134.49000549316406,119.2750473022461,2389600,0.0,0.0
2021-06-08 00:00:00-04:00,134.00999450683594,134.99000549316406,133.44000244140625,134.5800018310547,119.3548583984375,1624700,0.0,0.0
2021-06-09 00:00:00-04:00,134.1699981689453,134.4199981689453,132.97999572753906,133.02999877929688,117.980224609375,1256300,0.0,0.0
2021-06-10 00:00:00-04:00,133.5,134.25999450683594,131.32000732421875,131.41000366210938,116.5434799194336,1359700,0.0,0.0
2021-06-11 00:00:00-04:00,131.92999267578125,132.8300018310547,131.4199981689453,131.72999572753906,116.82728576660156,1538300,0.0,0.0
2021-06-14 00:00:00-04:00,131.0,131.61000061035156,129.5500030517578,130.97999572753906,116.1621322631836,1491300,0.0,0.0
2021-06-15 00:00:00-04:00,131.47000122070312,132.72999572753906,130.30999755859375,132.11000061035156,117.1642837524414,1623000,0.0,0.0
2021-06-16 00:00:00-04:00,130.5,131.6300048828125,129.66000366210938,130.44000244140625,115.6832275390625,1880900,0.0,0.0
2021-06-17 00:00:00-04:00,131.0,131.0,126.16999816894531,126.55000305175781,112.23331451416016,1953500,0.0,0.0
2021-06-18 00:00:00-04:00,125.22000122070312,125.75,123.81999969482422,124.04000091552734,110.00726318359375,3910600,0.0,0.0
2021-06-21 00:00:00-04:00,125.05999755859375,128.47000122070312,125.05999755859375,128.16000366210938,113.66116333007812,1581600,0.0,0.0
2021-06-22 00:00:00-04:00,128.22999572753906,129.25999450683594,127.25,128.5,113.96269226074219,1329000,0.0,0.0
2021-06-23 00:00:00-04:00,128.47999572753906,128.69000244140625,127.80000305175781,127.81999969482422,113.35963439941406,994600,0.0,0.0
2021-06-24 00:00:00-04:00,127.93000030517578,129.33999633789062,127.69999694824219,128.92999267578125,114.34405517578125,1136000,0.0,0.0
2021-06-25 00:00:00-04:00,129.1300048828125,131.02999877929688,128.82000732421875,130.77999877929688,115.9847640991211,1409700,0.0,0.0
2021-06-28 00:00:00-04:00,130.72999572753906,130.77999877929688,129.10000610351562,129.75,115.0712890625,1574200,0.0,0.0
2021-06-29 00:00:00-04:00,129.63999938964844,130.6999969482422,129.24000549316406,129.57000732421875,114.9116439819336,1357300,0.0,0.0
2021-06-30 00:00:00-04:00,129.8300018310547,130.6199951171875,129.2899932861328,130.44000244140625,115.6832275390625,1206300,0.0,0.0
2021-07-01 00:00:00-04:00,131.00999450683594,133.69000244140625,130.57000732421875,132.7899932861328,117.76737213134766,1648500,0.0,0.0
2021-07-02 00:00:00-04:00,132.52000427246094,133.5,131.9600067138672,133.22999572753906,118.1575927734375,954100,0.0,0.0
2021-07-06 00:00:00-04:00,132.75999450683594,132.75999450683594,130.44000244140625,131.6999969482422,116.80068969726562,1991300,0.0,0.0
2021-07-07 00:00:00-04:00,130.9600067138672,133.39999389648438,129.92999267578125,133.08999633789062,118.033447265625,1168600,0.0,0.0
2021-07-08 00:00:00-04:00,132.02999877929688,132.88999938964844,129.75999450683594,130.39999389648438,115.64775848388672,1650800,0.0,0.0
2021-07-09 00:00:00-04:00,132.3699951171875,133.77000427246094,131.82000732421875,133.47000122070312,118.37045288085938,1189700,0.0,0.0
2021-07-12 00:00:00-04:00,133.1199951171875,134.8300018310547,132.25,134.57000732421875,119.34603118896484,1478500,0.0,0.0
2021-07-13 00:00:00-04:00,134.57000732421875,134.57000732421875,132.08999633789062,132.27999877929688,117.31505584716797,1126000,0.0,0.0
2021-07-14 00:00:00-04:00,132.8300018310547,133.22000122070312,130.61000061035156,131.69000244140625,116.79181671142578,1317300,0.0,0.0
2021-07-15 00:00:00-04:00,128.82000732421875,130.7899932861328,125.04000091552734,130.49000549316406,115.72758483886719,2880800,0.0,0.0
2021-07-16 00:00:00-04:00,130.41000366210938,131.3699951171875,129.97000122070312,130.4499969482422,115.69210052490234,1631500,0.0,0.0
2021-07-19 00:00:00-04:00,128.88999938964844,129.50999450683594,125.93000030517578,127.48999786376953,113.06696319580078,1983900,0.0,0.0
2021-07-20 00:00:00-04:00,127.5199966430664,129.88999938964844,127.08999633789062,127.83000183105469,113.36849975585938,1918100,0.0,0.0
2021-07-21 00:00:00-04:00,128.5,130.27999877929688,128.5,128.7899932861328,114.21989440917969,1168800,0.0,0.0
2021-07-22 00:00:00-04:00,128.4600067138672,128.6999969482422,127.4000015258789,128.25,113.740966796875,1304300,0.0,0.0
2021-07-23 00:00:00-04:00,129.19000244140625,130.0,128.55999755859375,129.74000549316406,115.06241607666016,1011800,0.0,0.0
2021-07-26 00:00:00-04:00,129.9499969482422,131.0399932861328,129.8000030517578,130.5,115.73645782470703,830400,0.0,0.0
2021-07-27 00:00:00-04:00,130.0,131.9600067138672,129.3699951171875,131.4499969482422,116.57896423339844,717100,0.0,0.0
2021-07-28 00:00:00-04:00,131.55999755859375,132.11000061035156,128.99000549316406,130.41000366210938,115.6566162109375,1083300,0.0,0.0
2021-07-29 00:00:00-04:00,131.5800018310547,133.05999755859375,130.5,132.52000427246094,117.52790832519531,1003800,0.0,0.0
2021-07-30 00:00:00-04:00,131.9499969482422,131.99000549316406,129.63999938964844,130.0500030517578,115.33735656738281,1423800,0.0,0.0
2021-08-02 00:00:00-04:00,130.75999450683594,132.07000732421875,129.64999389648438,129.75999450683594,115.08016204833984,1022200,0.0,0.0
2021-08-03 00:00:00-04:00,130.1999969482422,130.88999938964844,128.66000366210938,130.7100067138672,115.92268371582031,1674100,0.0,0.0
2021-08-04 00:00:00-04:00,130.02000427246094,130.66000366210938,128.92999267578125,128.92999267578125,114.34405517578125,1109100,0.0,0.0
2021-08-05 00:00:00-04:00,127.75,128.0,124.80000305175781,127.93000030517578,113.45718383789062,1941600,0.0,0.0
2021-08-06 00:00:00-04:00,128.57000732421875,131.5399932861328,128.57000732421875,130.82000732421875,116.0202407836914,2029200,0.0,0.0
2021-08-09 00:00:00-04:00,131.1699981689453,133.5500030517578,130.6199951171875,132.67999267578125,117.6697998046875,1458700,0.0,0.0
2021-08-10 00:00:00-04:00,132.6999969482422,134.97999572753906,132.14999389648438,134.3300018310547,119.13316345214844,1455200,0.0,0.0
2021-08-11 00:00:00-04:00,134.61000061035156,135.74000549316406,133.74000549316406,135.61000061035156,120.26832580566406,1105500,0.0,0.0
2021-08-12 00:00:00-04:00,135.9600067138672,136.75999450683594,134.9600067138672,135.25,119.94908905029297,979500,0.0,0.0
2021-08-13 00:00:00-04:00,135.64999389648438,136.27000427246094,134.25999450683594,135.05999755859375,119.7805404663086,846300,0.0,0.0
2021-08-16 00:00:00-04:00,134.86000061035156,136.6300048828125,134.0,136.5399932861328,121.09314727783203,984600,0.0,0.0
2021-08-17 00:00:00-04:00,134.11000061035156,135.39999389648438,133.69000244140625,134.72999572753906,119.48789978027344,1929700,0.0,0.0
2021-08-18 00:00:00-04:00,134.1999969482422,136.4600067138672,134.08999633789062,134.30999755859375,119.11539459228516,1374900,0.0,0.0
2021-08-19 00:00:00-04:00,133.22000122070312,134.97999572753906,132.9199981689453,134.02999877929688,118.86708068847656,1038900,0.0,0.0
2021-08-20 00:00:00-04:00,134.0399932861328,135.17999267578125,133.6199951171875,134.55999755859375,119.33711242675781,1353800,0.0,0.0
2021-08-23 00:00:00-04:00,135.3800048828125,138.77999877929688,135.00999450683594,137.3300018310547,121.79376220703125,2385700,0.0,0.0
2021-08-24 00:00:00-04:00,137.5399932861328,138.0,136.86000061035156,136.9499969482422,121.45673370361328,1227200,0.0,0.0
2021-08-25 00:00:00-04:00,137.41000366210938,139.4499969482422,137.33999633789062,137.8699951171875,122.2726821899414,1457500,0.0,0.0
2021-08-26 00:00:00-04:00,137.94000244140625,138.22999572753906,136.17999267578125,136.22000122070312,120.80934143066406,1425000,0.0,0.0
2021-08-27 00:00:00-04:00,136.49000549316406,137.5800018310547,136.35000610351562,137.50999450683594,121.95338439941406,1067500,0.0,0.0
2021-08-30 00:00:00-04:00,136.57000732421875,136.94000244140625,134.47999572753906,134.52000427246094,120.00856018066406,1155300,0.81,0.0
2021-08-31 00:00:00-04:00,134.19000244140625,135.8699951171875,133.4199981689453,135.27999877929688,120.68656921386719,1825500,0.0,0.0
2021-09-01 00:00:00-04:00,135.36000061035156,135.52000427246094,133.75,134.27000427246094,119.78553771972656,1992100,0.0,0.0
2021-09-02 00:00:00-04:00,134.55999755859375,135.4600067138672,133.63999938964844,133.97000122070312,119.51788330078125,1438000,0.0,0.0
2021-09-03 00:00:00-04:00,133.97000122070312,134.3300018310547,133.02999877929688,133.97000122070312,119.51788330078125,1405300,0.0,0.0
2021-09-07 00:00:00-04:00,133.75999450683594,133.91000366210938,131.39999389648438,131.47000122070312,117.28760528564453,1370700,0.0,0.0
2021-09-08 00:00:00-04:00,131.4600067138672,133.22000122070312,131.2100067138672,132.82000732421875,118.49195861816406,1195700,0.0,0.0
2021-09-09 00:00:00-04:00,132.67999267578125,134.30999755859375,132.00999450683594,132.08999633789062,117.84069061279297,1441900,0.0,0.0
2021-09-10 00:00:00-04:00,132.7100067138672,132.97000122070312,130.94000244140625,131.5500030517578,117.35896301269531,1311400,0.0,0.0
2021-09-13 00:00:00-04:00,132.64999389648438,133.49000549316406,131.9199981689453,133.27000427246094,118.8934097290039,1603600,0.0,0.0
2021-09-14 00:00:00-04:00,133.6699981689453,134.14999389648438,131.64999389648438,132.1300048828125,117.87639617919922,2118900,0.0,0.0
2021-09-15 00:00:00-04:00,132.16000366210938,133.6199951171875,131.00999450683594,131.69000244140625,117.48384857177734,1914200,0.0,0.0
2021-09-16 00:00:00-04:00,131.49000549316406,132.30999755859375,130.77000427246094,131.47999572753906,117.29650115966797,1515600,0.0,0.0
2021-09-17 00:00:00-04:00,130.72000122070312,132.07000732421875,130.16000366210938,131.02999877929688,116.89506530761719,3401200,0.0,0.0
2021-09-20 00:00:00-04:00,129.1199951171875,129.72999572753906,127.72000122070312,129.58999633789062,115.6103744506836,2009400,0.0,0.0
2021-09-21 00:00:00-04:00,130.1300048828125,131.02999877929688,129.1699981689453,129.60000610351562,115.61933135986328,1631400,0.0,0.0
2021-09-22 00:00:00-04:00,130.7100067138672,131.4499969482422,130.3000030517578,130.36000061035156,116.2973403930664,1476100,0.0,0.0
2021-09-23 00:00:00-04:00,131.0800018310547,132.3000030517578,130.66000366210938,130.80999755859375,116.69878387451172,1237000,0.0,0.0
2021-09-24 00:00:00-04:00,130.7899932861328,131.66000366210938,130.42999267578125,130.5,116.42222595214844,1162900,0.0,0.0
2021-09-27 00:00:00-04:00,131.02999877929688,131.99000549316406,130.3699951171875,130.39999389648438,116.3330307006836,1156100,0.0,0.0
2021-09-28 00:00:00-04:00,130.3800048828125,131.22999572753906,127.7699966430664,127.98999786376953,114.18299865722656,1453600,0.0,0.0
2021-09-29 00:00:00-04:00,128.02999877929688,130.11000061035156,128.02999877929688,129.3300018310547,115.37843322753906,908600,0.0,0.0
2021-09-30 00:00:00-04:00,129.97000122070312,130.3699951171875,127.25,127.30999755859375,113.57634735107422,1463500,0.0,0.0
2021-10-01 00:00:00-04:00,127.5,128.9499969482422,126.5199966430664,127.72000122070312,113.942138671875,1553200,0.0,0.0
2021-10-04 00:00:00-04:00,127.76000213623047,129.3300018310547,126.4000015258789,126.61000061035156,112.95186614990234,1539600,0.0,0.0
2021-10-05 00:00:00-04:00,126.83000183105469,128.88999938964844,125.88999938964844,128.1300048828125,114.3078842163086,1864200,0.0,0.0
2021-10-06 00:00:00-04:00,127.33999633789062,128.0,125.79000091552734,127.48999786376953,113.73693084716797,1247200,0.0,0.0
2021-10-07 00:00:00-04:00,128.1300048828125,129.3000030517578,127.18000030517578,127.33999633789062,113.6031265258789,1309500,0.0,0.0
2021-10-08 00:00:00-04:00,127.54000091552734,127.93000030517578,126.33999633789062,126.87999725341797,113.1927261352539,970000,0.0,0.0
2021-10-11 00:00:00-04:00,127.44999694824219,130.05999755859375,127.44999694824219,127.95999908447266,114.1562271118164,1265000,0.0,0.0
2021-10-12 00:00:00-04:00,128.13999938964844,128.85000610351562,126.51000213623047,126.80999755859375,113.13028717041016,1443900,0.0,0.0
2021-10-13 00:00:00-04:00,126.72000122070312,126.80999755859375,124.19999694824219,125.69999694824219,112.14002990722656,1277100,0.0,0.0
2021-10-14 00:00:00-04:00,126.26000213623047,126.91000366210938,125.19999694824219,126.80999755859375,113.13028717041016,1358200,0.0,0.0
2021-10-15 00:00:00-04:00,127.41999816894531,128.0500030517578,126.38999938964844,126.76000213623047,113.08568572998047,1378100,0.0,0.0
2021-10-18 00:00:00-04:00,126.26000213623047,126.6500015258789,125.22000122070312,126.05000305175781,112.45228576660156,1057300,0.0,0.0
2021-10-19 00:00:00-04:00,126.58000183105469,126.7699966430664,125.27999877929688,126.5,112.85372161865234,1419100,0.0,0.0
2021-10-20 00:00:00-04:00,126.41999816894531,128.4600067138672,126.29000091552734,128.33999633789062,114.4952392578125,1347400,0.0,0.0
2021-10-21 00:00:00-04:00,128.30999755859375,128.30999755859375,125.45999908447266,126.7699966430664,113.09461212158203,1379800,0.0,0.0
2021-10-22 00:00:00-04:00,127.26000213623047,128.4600067138672,126.45999908447266,128.0,114.19190979003906,1837600,0.0,0.0
2021-10-25 00:00:00-04:00,128.35000610351562,129.17999267578125,127.79000091552734,129.0,115.08405303955078,1355600,0.0,0.0
2021-10-26 00:00:00-04:00,129.1199951171875,129.99000549316406,128.30999755859375,128.32000732421875,114.4773941040039,1179300,0.0,0.0
2021-10-27 00:00:00-04:00,128.3699951171875,128.5399932861328,124.80999755859375,124.9000015258789,111.42633819580078,1260000,0.0,0.0
2021-10-28 00:00:00-04:00,125.30000305175781,126.41000366210938,124.81999969482422,126.22000122070312,112.60393524169922,1418400,0.0,0.0
2021-10-29 00:00:00-04:00,126.12999725341797,126.18000030517578,122.94000244140625,123.66999816894531,110.32901000976562,2162900,0.0,0.0
2021-11-01 00:00:00-04:00,124.18000030517578,125.08000183105469,122.66999816894531,123.51000213623047,110.18626403808594,2072200,0.0,0.0
2021-11-02 00:00:00-04:00,123.51000213623047,125.41000366210938,122.0,125.18000030517578,111.67611694335938,2097300,0.0,0.0
2021-11-03 00:00:00-04:00,125.18000030517578,127.83999633789062,125.0,126.12000274658203,112.51471710205078,1693000,0.0,0.0
2021-11-04 00:00:00-04:00,121.0,121.94000244140625,115.18000030517578,117.0999984741211,104.46776580810547,4434500,0.0,0.0
2021-11-05 00:00:00-04:00,117.75,118.80000305175781,114.6500015258789,117.16000366210938,104.52127838134766,2580200,0.0,0.0
2021-11-08 00:00:00-05:00,118.0,118.48999786376953,116.37999725341797,117.05999755859375,104.43206787109375,1610500,0.0,0.0
2021-11-09 00:00:00-05:00,116.30999755859375,117.81999969482422,115.06999969482422,115.19000244140625,102.76380920410156,1558000,0.0,0.0
2021-11-10 00:00:00-05:00,114.08000183105469,115.62000274658203,113.91000366210938,114.11000061035156,101.80030822753906,2113700,0.0,0.0
2021-11-11 00:00:00-05:00,114.12000274658203,115.08999633789062,112.7699966430664,114.66000366210938,102.2909927368164,1534500,0.0,0.0
2021-11-12 00:00:00-05:00,114.63999938964844,115.94999694824219,114.37999725341797,114.70999908447266,102.33558654785156,2372900,0.0,0.0
2021-11-15 00:00:00-05:00,115.1500015258789,115.44000244140625,114.43000030517578,114.80000305175781,102.41587829589844,1774100,0.0,0.0
2021-11-16 00:00:00-05:00,115.2300033569336,116.66000366210938,114.69999694824219,115.3499984741211,102.90653991699219,3627700,0.0,0.0
2021-11-17 00:00:00-05:00,115.06999969482422,115.2699966430664,113.16000366210938,113.2300033569336,101.0152359008789,2592700,0.0,0.0
2021-11-18 00:00:00-05:00,113.37999725341797,113.76000213623047,111.48999786376953,113.05999755859375,100.86357116699219,2445300,0.0,0.0
2021-11-19 00:00:00-05:00,112.77999877929688,113.61000061035156,111.86000061035156,111.94000244140625,99.86439514160156,2084100,0.0,0.0
2021-11-22 00:00:00-05:00,112.25,114.18000030517578,111.51000213623047,113.55000305175781,101.30072021484375,2216400,0.0,0.0
2021-11-23 00:00:00-05:00,112.31999969482422,115.81999969482422,112.12999725341797,114.9000015258789,102.50508117675781,3013000,0.0,0.0
2021-11-24 00:00:00-05:00,115.1500015258789,115.88999938964844,114.4000015258789,114.69999694824219,102.32665252685547,2676600,0.0,0.0
2021-11-26 00:00:00-05:00,111.91999816894531,115.4800033569336,111.30000305175781,115.12000274658203,102.70135498046875,1929900,0.0,0.0
2021-11-29 00:00:00-05:00,114.4800033569336,114.66999816894531,112.41999816894531,113.13999938964844,101.6501693725586,2656200,0.81,0.0
2021-11-30 00:00:00-05:00,112.0999984741211,112.30000305175781,108.19999694824219,108.72000122070312,97.67904663085938,8377100,0.0,0.0
2021-12-01 00:00:00-05:00,109.61000061035156,111.12000274658203,107.12000274658203,107.12999725341797,96.2505111694336,2690200,0.0,0.0
2021-12-02 00:00:00-05:00,108.23999786376953,110.6500015258789,107.55999755859375,109.68000030517578,98.54154968261719,2201400,0.0,0.0
2021-12-03 00:00:00-05:00,109.7699966430664,110.80999755859375,107.7300033569336,108.31999969482422,97.31965637207031,2814700,0.0,0.0
2021-12-06 00:00:00-05:00,109.52999877929688,111.51000213623047,109.25,109.77999877929688,98.63139343261719,2334700,0.0,0.0
2021-12-07 00:00:00-05:00,109.76000213623047,110.98999786376953,108.97000122070312,110.23999786376953,99.04468536376953,2660100,0.0,0.0
2021-12-08 00:00:00-05:00,110.1500015258789,110.4800033569336,108.20999908447266,109.0199966430664,97.94857025146484,2176700,0.0,0.0
2021-12-09 00:00:00-05:00,106.4800033569336,108.44000244140625,106.11000061035156,107.66999816894531,96.73567199707031,2155600,0.0,0.0
2021-12-10 00:00:00-05:00,108.66000366210938,108.66000366210938,107.41000366210938,108.0199966430664,97.05011749267578,1392100,0.0,0.0
2021-12-13 00:00:00-05:00,107.88999938964844,108.62000274658203,106.41999816894531,108.19999694824219,97.21186065673828,1705200,0.0,0.0
2021-12-14 00:00:00-05:00,108.4800033569336,111.52999877929688,108.05000305175781,110.70999908447266,99.46692657470703,2208900,0.0,0.0
2021-12-15 00:00:00-05:00,111.19999694824219,114.01000213623047,110.55999755859375,113.5199966430664,101.99159240722656,2988000,0.0,0.0
2021-12-16 00:00:00-05:00,114.18000030517578,116.23999786376953,114.06999969482422,115.81999969482422,104.05799102783203,2556100,0.0,0.0
2021-12-17 00:00:00-05:00,115.37000274658203,115.69000244140625,113.83999633789062,114.13999938964844,102.54861450195312,4978400,0.0,0.0
2021-12-20 00:00:00-05:00,113.04000091552734,113.6500015258789,111.45999908447266,112.30999755859375,100.90447235107422,1979500,0.0,0.0
2021-12-21 00:00:00-05:00,112.9800033569336,114.81999969482422,112.9800033569336,113.31999969482422,101.81187438964844,1365000,0.0,0.0
2021-12-22 00:00:00-05:00,113.18000030517578,113.94999694824219,112.87999725341797,113.41999816894531,101.9017562866211,1092000,0.0,0.0
2021-12-23 00:00:00-05:00,114.05999755859375,115.19999694824219,113.75,114.12999725341797,102.53963470458984,1063100,0.0,0.0
2021-12-27 00:00:00-05:00,114.16000366210938,116.12999725341797,113.76000213623047,116.08000183105469,104.2916030883789,1116300,0.0,0.0
2021-12-28 00:00:00-05:00,115.91999816894531,117.44999694824219,115.91000366210938,117.08999633789062,105.19902038574219,1311100,0.0,0.0
2021-12-29 00:00:00-05:00,117.19000244140625,118.41999816894531,116.94999694824219,117.94999694824219,105.9717025756836,1511300,0.0,0.0
2021-12-30 00:00:00-05:00,118.48999786376953,118.9800033569336,117.58000183105469,117.68000030517578,105.7291259765625,1251900,0.0,0.0
2021-12-31 00:00:00-05:00,117.58000183105469,118.66000366210938,117.58000183105469,117.6500015258789,105.7021713256836,1144000,0.0,0.0
2022-01-03 00:00:00-05:00,117.75,119.70999908447266,117.37000274658203,118.2699966430664,106.25921630859375,1924600,0.0,0.0
2022-01-04 00:00:00-05:00,119.41000366210938,121.48999786376953,119.0,121.12999725341797,108.82875061035156,1878400,0.0,0.0
2022-01-05 00:00:00-05:00,121.79000091552734,123.0,120.9800033569336,121.0199966430664,108.72992706298828,1840100,0.0,0.0
2022-01-06 00:00:00-05:00,122.93000030517578,123.7699966430664,121.22000122070312,122.4000015258789,109.96977996826172,1510900,0.0,0.0
2022-01-07 00:00:00-05:00,122.80999755859375,126.19999694824219,122.1500015258789,125.94999694824219,113.15927124023438,2314100,0.0,0.0
2022-01-10 00:00:00-05:00,126.51000213623047,127.2300033569336,123.0199966430664,123.54000091552734,110.99401092529297,2672400,0.0,0.0
2022-01-11 00:00:00-05:00,124.36000061035156,124.69999694824219,121.8499984741211,123.81999969482422,111.24557495117188,2019000,0.0,0.0
2022-01-12 00:00:00-05:00,123.4000015258789,124.26000213623047,122.5,123.79000091552734,111.21862030029297,1593100,0.0,0.0
2022-01-13 00:00:00-05:00,124.30999755859375,125.44000244140625,123.87000274658203,124.16000366210938,111.55103302001953,1723900,0.0,0.0
2022-01-14 00:00:00-05:00,123.9000015258789,124.47000122070312,122.5,124.08000183105469,111.47917938232422,1991100,0.0,0.0
2022-01-18 00:00:00-05:00,123.63999938964844,124.29000091552734,121.11000061035156,123.22000122070312,110.70651245117188,2362000,0.0,0.0
2022-01-19 00:00:00-05:00,123.69999694824219,123.69999694824219,120.4000015258789,120.93000030517578,108.64906311035156,1845800,0.0,0.0
2022-01-20 00:00:00-05:00,121.31999969482422,122.95999908447266,119.30999755859375,119.48999786376953,107.35531616210938,2436000,0.0,0.0
2022-01-21 00:00:00-05:00,119.80000305175781,121.30999755859375,119.04000091552734,119.41000366210938,107.28343200683594,3810400,0.0,0.0
2022-01-24 00:00:00-05:00,119.68000030517578,122.2699966430664,117.94999694824219,121.91999816894531,109.53852081298828,2780400,0.0,0.0
2022-01-25 00:00:00-05:00,120.20999908447266,122.83999633789062,118.58000183105469,121.93000030517578,109.5475082397461,2202000,0.0,0.0
2022-01-26 00:00:00-05:00,121.37999725341797,122.33999633789062,119.2300033569336,120.30000305175781,108.08304595947266,2634200,0.0,0.0
2022-01-27 00:00:00-05:00,121.04000091552734,123.55999755859375,119.45999908447266,120.25,108.0381088256836,2184200,0.0,0.0
2022-01-28 00:00:00-05:00,120.0,120.97000122070312,118.2699966430664,120.86000061035156,108.58616638183594,1981000,0.0,0.0
2022-01-31 00:00:00-05:00,119.37000274658203,121.08000183105469,118.18000030517578,120.66999816894531,108.41547393798828,3607800,0.0,0.0
2022-02-01 00:00:00-05:00,119.2300033569336,119.5,116.4000015258789,118.72000122070312,106.66351318359375,3367300,0.0,0.0
2022-02-02 00:00:00-05:00,118.69000244140625,119.75,117.19000244140625,117.69000244140625,105.73810577392578,5549600,0.0,0.0
2022-02-03 00:00:00-05:00,117.94999694824219,122.0999984741211,115.61000061035156,121.66999816894531,109.31391906738281,5012100,0.0,0.0
2022-02-04 00:00:00-05:00,120.44000244140625,123.26000213623047,120.44000244140625,122.12000274658203,109.71822357177734,2637300,0.0,0.0
2022-02-07 00:00:00-05:00,122.9800033569336,125.83999633789062,122.36000061035156,124.76000213623047,112.09011840820312,3108700,0.0,0.0
2022-02-08 00:00:00-05:00,125.58000183105469,127.54000091552734,125.4000015258789,127.18000030517578,114.26434326171875,2871000,0.0,0.0
2022-02-09 00:00:00-05:00,126.97000122070312,127.23999786376953,124.55000305175781,124.68000030517578,112.01824188232422,1983400,0.0,0.0
2022-02-10 00:00:00-05:00,124.05999755859375,125.93000030517578,122.94999694824219,123.27999877929688,110.76042175292969,2199600,0.0,0.0
2022-02-11 00:00:00-05:00,122.76000213623047,124.48999786376953,122.02999877929688,123.37999725341797,110.85025787353516,2841600,0.0,0.0
2022-02-14 00:00:00-05:00,125.30999755859375,126.31999969482422,123.08000183105469,124.80000305175781,112.12604522705078,3268800,0.0,0.0
2022-02-15 00:00:00-05:00,125.31999969482422,126.12000274658203,123.48999786376953,124.20999908447266,111.5959701538086,2209800,0.0,0.0
2022-02-16 00:00:00-05:00,123.69999694824219,124.9000015258789,123.31999969482422,123.4800033569336,110.94011688232422,1796800,0.0,0.0
2022-02-17 00:00:00-05:00,122.66999816894531,123.19999694824219,121.22000122070312,122.63999938964844,110.1854248046875,1801900,0.0,0.0
2022-02-18 00:00:00-05:00,122.51000213623047,126.2699966430664,122.30000305175781,125.88999938964844,113.1053466796875,5359400,0.0,0.0
2022-02-22 00:00:00-05:00,125.4800033569336,126.19999694824219,124.13999938964844,125.08999633789062,112.38658142089844,2961300,0.0,0.0
2022-02-23 00:00:00-05:00,125.66999816894531,126.16000366210938,123.05999755859375,123.27999877929688,110.76042175292969,2100100,0.0,0.0
2022-02-24 00:00:00-05:00,120.52999877929688,121.26000213623047,117.5,120.81999969482422,108.55023193359375,3220300,0.0,0.0
2022-02-25 00:00:00-05:00,120.9000015258789,124.30000305175781,120.70999908447266,124.16999816894531,112.35041809082031,1787900,0.85,0.0
2022-02-28 00:00:00-05:00,121.11000061035156,123.12000274658203,120.77999877929688,122.36000061035156,110.71273803710938,2648700,0.0,0.0
2022-03-01 00:00:00-05:00,122.2300033569336,122.94999694824219,118.68000030517578,119.86000061035156,108.4507064819336,1757500,0.0,0.0
2022-03-02 00:00:00-05:00,121.36000061035156,124.26000213623047,121.3499984741211,123.87999725341797,112.08804321289062,1843300,0.0,0.0
2022-03-03 00:00:00-05:00,123.8499984741211,126.08999633789062,122.69000244140625,125.68000030517578,113.7166976928711,2447200,0.0,0.0
2022-03-04 00:00:00-05:00,123.55000305175781,127.5999984741211,123.36000061035156,127.55000305175781,115.40870666503906,2862400,0.0,0.0
2022-03-07 00:00:00-05:00,126.41000366210938,128.57000732421875,125.08999633789062,125.16999816894531,113.2552719116211,2605800,0.0,0.0
2022-03-08 00:00:00-05:00,125.68000030517578,126.2699966430664,122.0,122.02999877929688,110.41415405273438,2356200,0.0,0.0
2022-03-09 00:00:00-05:00,123.62999725341797,124.12999725341797,121.44999694824219,122.41999816894531,110.76702117919922,1918700,0.0,0.0
2022-03-10 00:00:00-05:00,122.3499984741211,123.44000244140625,121.5199966430664,122.91000366210938,111.21038818359375,1563500,0.0,0.0
2022-03-11 00:00:00-05:00,123.43000030517578,125.12999725341797,122.77999877929688,123.37999725341797,111.63565826416016,1475900,0.0,0.0
2022-03-14 00:00:00-04:00,125.58999633789062,127.16999816894531,124.44999694824219,125.87999725341797,113.89767456054688,1974600,0.0,0.0
2022-03-15 00:00:00-04:00,126.73999786376953,127.3499984741211,125.08999633789062,127.12999725341797,115.0286865234375,1699600,0.0,0.0
2022-03-16 00:00:00-04:00,127.5,127.66999816894531,124.02999877929688,126.48999786376953,114.4496078491211,1940600,0.0,0.0
2022-03-17 00:00:00-04:00,126.5999984741211,130.9499969482422,126.5,130.9199981689453,118.45789337158203,2343800,0.0,0.0
2022-03-18 00:00:00-04:00,132.44000244140625,133.7899932861328,130.0800018310547,133.5,120.7923355102539,6081800,0.0,0.0
2022-03-21 00:00:00-04:00,133.86000061035156,134.89999389648438,131.97000122070312,134.52999877929688,121.72430419921875,2523600,0.0,0.0
2022-03-22 00:00:00-04:00,135.0,137.47999572753906,134.60000610351562,137.0399932861328,123.99536895751953,2475700,0.0,0.0
2022-03-23 00:00:00-04:00,136.9199981689453,138.05999755859375,135.86000061035156,137.0500030517578,124.0044174194336,2855500,0.0,0.0
2022-03-24 00:00:00-04:00,136.75,138.82000732421875,136.6999969482422,138.75,125.54261016845703,1653300,0.0,0.0
2022-03-25 00:00:00-04:00,138.86000061035156,141.82000732421875,138.75,141.8000030517578,128.30227661132812,1897900,0.0,0.0
2022-03-28 00:00:00-04:00,141.32000732421875,141.5,139.83999633789062,140.60000610351562,127.21649169921875,2542900,0.0,0.0
2022-03-29 00:00:00-04:00,140.86000061035156,140.91000366210938,138.3699951171875,139.58999633789062,126.30264282226562,1627000,0.0,0.0
2022-03-30 00:00:00-04:00,140.0,141.19000244140625,139.6300048828125,140.38999938964844,127.02648162841797,1310500,0.0,0.0
2022-03-31 00:00:00-04:00,140.47000122070312,141.57000732421875,138.47999572753906,138.50999450683594,125.32542419433594,2346400,0.0,0.0
2022-04-01 00:00:00-04:00,139.52000427246094,140.02000427246094,138.3300018310547,139.5399932861328,126.25736999511719,1276300,0.0,0.0
2022-04-04 00:00:00-04:00,139.22999572753906,139.52999877929688,136.8300018310547,137.08999633789062,124.04056549072266,1815800,0.0,0.0
2022-04-05 00:00:00-04:00,137.0399932861328,139.05999755859375,137.00999450683594,137.24000549316406,124.17633819580078,1394800,0.0,0.0
2022-04-06 00:00:00-04:00,137.1199951171875,140.08999633789062,136.32000732421875,139.02000427246094,125.78691101074219,1610500,0.0,0.0
2022-04-07 00:00:00-04:00,139.3699951171875,140.97000122070312,138.24000549316406,140.41000366210938,127.04460144042969,1703200,0.0,0.0
2022-04-08 00:00:00-04:00,142.0,142.47000122070312,140.39999389648438,141.92999267578125,128.41989135742188,1682300,0.0,0.0
2022-04-11 00:00:00-04:00,142.66000366210938,144.41000366210938,142.66000366210938,142.89999389648438,129.29754638671875,1896800,0.0,0.0
2022-04-12 00:00:00-04:00,142.86000061035156,143.89999389648438,141.47000122070312,142.1199951171875,128.5918426513672,1872600,0.0,0.0
2022-04-13 00:00:00-04:00,141.3699951171875,143.7100067138672,140.17999267578125,141.8800048828125,128.3746795654297,1367700,0.0,0.0
2022-04-14 00:00:00-04:00,141.64999389648438,141.64999389648438,139.89999389648438,141.16000366210938,127.72319793701172,3787400,0.0,0.0
2022-04-18 00:00:00-04:00,139.88999938964844,141.0399932861328,139.24000549316406,139.72999572753906,126.4292984008789,1440200,0.0,0.0
2022-04-19 00:00:00-04:00,139.86000061035156,142.0500030517578,138.77000427246094,141.74000549316406,128.24801635742188,1807000,0.0,0.0
2022-04-20 00:00:00-04:00,142.13999938964844,144.10000610351562,141.74000549316406,143.86000061035156,130.16619873046875,1437100,0.0,0.0
2022-04-21 00:00:00-04:00,144.22999572753906,144.4600067138672,141.02000427246094,141.1300048828125,127.69601440429688,1276000,0.0,0.0
2022-04-22 00:00:00-04:00,139.0,140.02999877929688,131.94000244140625,132.07000732421875,119.49847412109375,2305700,0.0,0.0
2022-04-25 00:00:00-04:00,131.6300048828125,132.47000122070312,129.1300048828125,131.82000732421875,119.27226257324219,1903100,0.0,0.0
2022-04-26 00:00:00-04:00,130.52999877929688,132.5,128.89999389648438,128.97999572753906,116.70257568359375,1600600,0.0,0.0
2022-04-27 00:00:00-04:00,129.19000244140625,129.69000244140625,127.75,128.3699951171875,116.1506576538086,1403600,0.0,0.0
2022-04-28 00:00:00-04:00,129.6699981689453,131.11000061035156,128.75999450683594,130.33999633789062,117.93310546875,1355200,0.0,0.0
2022-04-29 00:00:00-04:00,129.27000427246094,129.88999938964844,126.16999816894531,126.54000091552734,114.49484252929688,1614100,0.0,0.0
2022-05-02 00:00:00-04:00,127.38999938964844,129.41000366210938,125.43000030517578,127.7300033569336,115.57157897949219,1587800,0.0,0.0
2022-05-03 00:00:00-04:00,128.66000366210938,132.05999755859375,128.3300018310547,129.77999877929688,117.42642974853516,1662300,0.0,0.0
2022-05-04 00:00:00-04:00,129.75,133.89999389648438,128.69000244140625,133.67999267578125,120.95519256591797,1688600,0.0,0.0
2022-05-05 00:00:00-04:00,131.30999755859375,133.08999633789062,129.61000061035156,131.5800018310547,119.05509948730469,2465100,0.0,0.0
2022-05-06 00:00:00-04:00,131.25999450683594,132.0,129.4600067138672,130.55999755859375,118.13218688964844,1851900,0.0,0.0
2022-05-09 00:00:00-04:00,129.8699951171875,130.02999877929688,127.91000366210938,128.9600067138672,116.68450164794922,1405400,0.0,0.0
2022-05-10 00:00:00-04:00,129.86000061035156,132.0800018310547,128.38999938964844,129.58999633789062,117.2545166015625,1739500,0.0,0.0
2022-05-11 00:00:00-04:00,129.63999938964844,131.64999389648438,128.41000366210938,128.5500030517578,116.31352996826172,1585500,0.0,0.0
2022-05-12 00:00:00-04:00,128.5500030517578,129.35000610351562,125.4800033569336,127.55000305175781,115.40870666503906,1867200,0.0,0.0
2022-05-13 00:00:00-04:00,128.1199951171875,128.89999389648438,127.0999984741211,128.19000244140625,115.98780059814453,1384700,0.0,0.0
2022-05-16 00:00:00-04:00,128.58999633789062,128.8300018310547,126.98999786376953,127.25,115.13725280761719,1465900,0.0,0.0
2022-05-17 00:00:00-04:00,128.22999572753906,129.3699951171875,127.18000030517578,129.2100067138672,116.91069030761719,1208300,0.0,0.0
2022-05-18 00:00:00-04:00,128.49000549316406,130.02999877929688,127.58000183105469,128.00999450683594,115.82491302490234,1604600,0.0,0.0
2022-05-19 00:00:00-04:00,126.51000213623047,127.44000244140625,123.95999908447266,125.79000091552734,113.81624603271484,1470300,0.0,0.0
2022-05-20 00:00:00-04:00,125.19999694824219,125.91999816894531,120.56999969482422,123.02999877929688,111.31896209716797,2070000,0.0,0.0
2022-05-23 00:00:00-04:00,124.54000091552734,126.23999786376953,122.83000183105469,125.66000366210938,113.6986083984375,1498100,0.0,0.0
2022-05-24 00:00:00-04:00,126.72000122070312,128.99000549316406,124.95999908447266,128.8300018310547,116.56687927246094,1540200,0.0,0.0
2022-05-25 00:00:00-04:00,128.3300018310547,131.57000732421875,127.87000274658203,130.9499969482422,118.48506927490234,2035600,0.0,0.0
2022-05-26 00:00:00-04:00,132.05999755859375,134.1300048828125,131.58999633789062,133.69000244140625,120.9642333984375,1676300,0.0,0.0
2022-05-27 00:00:00-04:00,133.63999938964844,136.91000366210938,132.72000122070312,136.88999938964844,123.85962677001953,1539500,0.0,0.0
2022-05-31 00:00:00-04:00,135.1999969482422,137.5,133.82000732421875,136.69000244140625,123.67868041992188,6403500,0.0,0.0
2022-06-01 00:00:00-04:00,137.32000732421875,137.5399932861328,133.1999969482422,134.6999969482422,121.87812042236328,1476900,0.0,0.0
2022-06-02 00:00:00-04:00,134.19000244140625,134.25,132.6300048828125,134.14999389648438,122.1512680053711,1205600,0.85,0.0
2022-06-03 00:00:00-04:00,133.4499969482422,134.02000427246094,131.8800048828125,131.97000122070312,120.16627502441406,1031600,0.0,0.0
2022-06-06 00:00:00-04:00,133.1699981689453,133.75999450683594,131.64999389648438,132.35000610351562,120.51226043701172,1445800,0.0,0.0
2022-06-07 00:00:00-04:00,131.50999450683594,132.5399932861328,130.1199951171875,132.5399932861328,120.685302734375,1604500,0.0,0.0
2022-06-08 00:00:00-04:00,132.19000244140625,132.47999572753906,130.4199981689453,131.05999755859375,119.33766174316406,957000,0.0,0.0
2022-06-09 00:00:00-04:00,131.22999572753906,131.94000244140625,127.83999633789062,127.86000061035156,116.42386627197266,1137300,0.0,0.0
2022-06-10 00:00:00-04:00,125.54000091552734,125.88999938964844,124.3499984741211,124.58999633789062,113.44634246826172,1582900,0.0,0.0
2022-06-13 00:00:00-04:00,121.63999938964844,125.62000274658203,121.63999938964844,123.0999984741211,112.08960723876953,1970400,0.0,0.0
2022-06-14 00:00:00-04:00,123.62000274658203,124.56999969482422,121.3499984741211,121.98999786376953,111.07890319824219,1634000,0.0,0.0
2022-06-15 00:00:00-04:00,122.8499984741211,123.87999725341797,119.87999725341797,121.66999816894531,110.78752899169922,1661400,0.0,0.0
2022-06-16 00:00:00-04:00,119.91999816894531,120.36000061035156,117.63999938964844,119.52999877929688,108.83892059326172,2362100,0.0,0.0
2022-06-17 00:00:00-04:00,119.86000061035156,121.36000061035156,118.2699966430664,120.55999755859375,109.77680969238281,4120600,0.0,0.0
2022-06-21 00:00:00-04:00,122.33000183105469,122.52999877929688,120.77999877929688,121.80000305175781,110.90589904785156,1161200,0.0,0.0
2022-06-22 00:00:00-04:00,120.30999755859375,123.05999755859375,119.86000061035156,122.06999969482422,111.15174102783203,1245600,0.0,0.0
2022-06-23 00:00:00-04:00,122.33999633789062,123.2699966430664,120.62000274658203,121.80999755859375,110.91500091552734,1368800,0.0,0.0
2022-06-24 00:00:00-04:00,122.70999908447266,127.7699966430664,122.2300033569336,127.16000366210938,115.78648376464844,5383200,0.0,0.0
2022-06-27 00:00:00-04:00,126.5199966430664,127.56999969482422,125.52999877929688,126.19000244140625,114.90323638916016,953600,0.0,0.0
2022-06-28 00:00:00-04:00,127.22000122070312,128.13999938964844,125.61000061035156,125.69999694824219,114.45707702636719,1341300,0.0,0.0
2022-06-29 00:00:00-04:00,126.16000366210938,126.52999877929688,124.93000030517578,125.41999816894531,114.20211791992188,1101300,0.0,0.0
2022-06-30 00:00:00-04:00,124.4800033569336,127.11000061035156,123.7300033569336,126.7300033569336,115.39492797851562,1472700,0.0,0.0
2022-07-01 00:00:00-04:00,127.13999938964844,131.32000732421875,126.5,130.6999969482422,119.0098648071289,2525800,0.0,0.0
2022-07-05 00:00:00-04:00,128.9499969482422,129.35000610351562,125.16000366210938,128.89999389648438,117.37086486816406,2336900,0.0,0.0
2022-07-06 00:00:00-04:00,128.3800048828125,132.08999633789062,128.07000732421875,131.13999938964844,119.4104995727539,1853600,0.0,0.0
2022-07-07 00:00:00-04:00,131.89999389648438,133.32000732421875,131.00999450683594,131.1999969482422,119.46515655517578,1295800,0.0,0.0
2022-07-08 00:00:00-04:00,132.1999969482422,132.22999572753906,130.8000030517578,130.8699951171875,119.16466522216797,1116900,0.0,0.0
2022-07-11 00:00:00-04:00,130.27000427246094,131.39999389648438,129.77999877929688,130.3300018310547,118.67294311523438,1442500,0.0,0.0
2022-07-12 00:00:00-04:00,129.13999938964844,130.1699981689453,127.94000244140625,128.02999877929688,116.57865905761719,1704700,0.0,0.0
2022-07-13 00:00:00-04:00,127.2699966430664,128.5,126.7300033569336,126.86000061035156,115.5133285522461,1855000,0.0,0.0
2022-07-14 00:00:00-04:00,123.72000122070312,124.04000091552734,120.33000183105469,120.91999816894531,110.10460662841797,2481300,0.0,0.0
2022-07-15 00:00:00-04:00,122.48999786376953,123.37000274658203,121.7699966430664,122.4000015258789,111.45222473144531,4448600,0.0,0.0
2022-07-18 00:00:00-04:00,122.88999938964844,123.33999633789062,119.41000366210938,119.7699966430664,109.05745697021484,1531600,0.0,0.0
2022-07-19 00:00:00-04:00,121.0,122.93000030517578,120.6500015258789,122.62999725341797,111.66166687011719,1345200,0.0,0.0
2022-07-20 00:00:00-04:00,122.76000213623047,123.55000305175781,121.6500015258789,122.33999633789062,111.39759826660156,1581900,0.0,0.0
2022-07-21 00:00:00-04:00,118.58999633789062,119.3499984741211,111.8499984741211,115.9000015258789,105.53359985351562,4386800,0.0,0.0
2022-07-22 00:00:00-04:00,116.12000274658203,118.20999908447266,115.76000213623047,116.19999694824219,105.80677795410156,2157900,0.0,0.0
2022-07-25 00:00:00-04:00,117.16000366210938,117.6500015258789,116.16999816894531,116.72000122070312,106.28026580810547,1239300,0.0,0.0
2022-07-26 00:00:00-04:00,116.41000366210938,117.33999633789062,115.05999755859375,115.12000274658203,104.82337188720703,1457800,0.0,0.0
2022-07-27 00:00:00-04:00,114.93000030517578,117.06999969482422,114.12999725341797,116.9800033569336,106.51702117919922,2099900,0.0,0.0
2022-07-28 00:00:00-04:00,116.94000244140625,117.4000015258789,113.88999938964844,115.73999786376953,105.38790893554688,1849100,0.0,0.0
2022-07-29 00:00:00-04:00,116.13999938964844,117.54000091552734,116.11000061035156,116.97000122070312,106.50790405273438,1332100,0.0,0.0
2022-08-01 00:00:00-04:00,115.8499984741211,116.44000244140625,114.3499984741211,116.16000366210938,105.77035522460938,1871600,0.0,0.0
2022-08-02 00:00:00-04:00,116.55000305175781,117.25,115.62999725341797,115.69999694824219,105.35148620605469,1501600,0.0,0.0
2022-08-03 00:00:00-04:00,116.0,116.0999984741211,113.44000244140625,115.05999755859375,104.76873779296875,2062800,0.0,0.0
2022-08-04 00:00:00-04:00,113.95999908447266,116.69000244140625,112.05000305175781,113.91999816894531,103.73070526123047,2168400,0.0,0.0
2022-08-05 00:00:00-04:00,113.9000015258789,117.05000305175781,113.45999908447266,117.0,106.53523254394531,1454300,0.0,0.0
2022-08-08 00:00:00-04:00,117.55999755859375,119.4800033569336,117.43000030517578,118.29000091552734,107.70984649658203,1346100,0.0,0.0
2022-08-09 00:00:00-04:00,118.9000015258789,120.0,118.44000244140625,119.73999786376953,109.0301513671875,1159700,0.0,0.0
2022-08-10 00:00:00-04:00,120.70999908447266,123.87999725341797,120.37999725341797,123.79000091552734,112.71790313720703,1675000,0.0,0.0
2022-08-11 00:00:00-04:00,124.48999786376953,127.79000091552734,124.33000183105469,126.94000244140625,115.58615112304688,1926200,0.0,0.0
2022-08-12 00:00:00-04:00,127.66000366210938,129.6300048828125,127.20999908447266,129.44000244140625,117.862548828125,1834400,0.0,0.0
2022-08-15 00:00:00-04:00,128.27000427246094,129.42999267578125,127.41999816894531,127.76000213623047,116.33281707763672,1615500,0.0,0.0
2022-08-16 00:00:00-04:00,127.5199966430664,130.32000732421875,127.27999877929688,129.72999572753906,118.1266098022461,1590400,0.0,0.0
2022-08-17 00:00:00-04:00,128.8300018310547,132.66000366210938,128.8300018310547,132.0399932861328,120.23001098632812,1907500,0.0,0.0
2022-08-18 00:00:00-04:00,132.13999938964844,133.1199951171875,131.82000732421875,133.02000427246094,121.12235260009766,1145100,0.0,0.0
2022-08-19 00:00:00-04:00,132.75,133.07000732421875,130.11000061035156,130.1999969482422,118.55458068847656,1289200,0.0,0.0
2022-08-22 00:00:00-04:00,128.9199981689453,128.9199981689453,125.29000091552734,125.55000305175781,114.32049560546875,1474100,0.0,0.0
2022-08-23 00:00:00-04:00,125.66999816894531,126.37000274658203,125.26000213623047,125.5,114.27497100830078,1445400,0.0,0.0
2022-08-24 00:00:00-04:00,125.41000366210938,127.3499984741211,125.0999984741211,126.95999908447266,115.60436248779297,1295400,0.0,0.0
2022-08-25 00:00:00-04:00,127.18000030517578,128.07000732421875,126.16999816894531,128.0,116.55136108398438,912200,0.0,0.0
2022-08-26 00:00:00-04:00,128.22999572753906,128.3300018310547,125.02999877929688,125.05000305175781,113.86520385742188,1079900,0.0,0.0
2022-08-29 00:00:00-04:00,124.13999938964844,125.05000305175781,122.95999908447266,124.08999633789062,112.9910659790039,1343000,0.0,0.0
2022-08-30 00:00:00-04:00,123.2300033569336,123.83000183105469,121.83000183105469,122.33999633789062,112.1659164428711,1582000,0.85,0.0
2022-08-31 00:00:00-04:00,122.93000030517578,123.02999877929688,120.43000030517578,120.5,110.47893524169922,2548900,0.0,0.0
2022-09-01 00:00:00-04:00,120.70999908447266,121.79000091552734,119.88999938964844,121.38999938964844,111.294921875,1719400,0.0,0.0
2022-09-02 00:00:00-04:00,122.27999877929688,124.44999694824219,120.94999694824219,121.4800033569336,111.37743377685547,1374300,0.0,0.0
2022-09-06 00:00:00-04:00,122.12999725341797,123.06999969482422,121.1500015258789,121.48999786376953,111.3865966796875,1211900,0.0,0.0
2022-09-07 00:00:00-04:00,121.58000183105469,125.18000030517578,121.36000061035156,125.12000274658203,114.71472930908203,1296000,0.0,0.0
2022-09-08 00:00:00-04:00,124.75,127.01000213623047,123.97000122070312,126.93000030517578,116.37419891357422,1590800,0.0,0.0
2022-09-09 00:00:00-04:00,127.05999755859375,127.79000091552734,126.38999938964844,126.44000244140625,115.92495727539062,1475300,0.0,0.0
2022-09-12 00:00:00-04:00,126.62999725341797,128.0,125.95999908447266,127.0999984741211,116.53006744384766,1063300,0.0,0.0
2022-09-13 00:00:00-04:00,125.41999816894531,126.0,122.1500015258789,122.54000091552734,112.34928894042969,1189900,0.0,0.0
2022-09-14 00:00:00-04:00,122.93000030517578,124.12000274658203,121.83000183105469,124.0,113.68788146972656,1933600,0.0,0.0
2022-09-15 00:00:00-04:00,124.93000030517578,129.77000427246094,124.19000244140625,129.02000427246094,118.29041290283203,2584300,0.0,0.0
2022-09-16 00:00:00-04:00,128.9600067138672,130.16000366210938,127.72000122070312,129.4199981689453,118.65713500976562,4847200,0.0,0.0
2022-09-19 00:00:00-04:00,128.41000366210938,132.17999267578125,128.22999572753906,132.0800018310547,121.09590911865234,1728000,0.0,0.0
2022-09-20 00:00:00-04:00,131.4499969482422,131.89999389648438,128.6999969482422,130.0800018310547,119.26221466064453,1677900,0.0,0.0
2022-09-21 00:00:00-04:00,130.85000610351562,131.82000732421875,127.83999633789062,127.8499984741211,117.21769714355469,1744400,0.0,0.0
2022-09-22 00:00:00-04:00,127.95999908447266,131.07000732421875,125.77999877929688,127.97000122070312,117.32770538330078,1751000,0.0,0.0
2022-09-23 00:00:00-04:00,127.02999877929688,127.94999694824219,125.79000091552734,127.62000274658203,117.0068130493164,1777800,0.0,0.0
2022-09-26 00:00:00-04:00,126.66000366210938,127.61000061035156,123.80999755859375,123.93000030517578,113.62368774414062,1583600,0.0,0.0
2022-09-27 00:00:00-04:00,124.33000183105469,124.91000366210938,121.76000213623047,123.81999969482422,113.52284240722656,1822600,0.0,0.0
2022-09-28 00:00:00-04:00,124.62000274658203,127.12999725341797,123.70999908447266,126.41000366210938,115.8974609375,1403600,0.0,0.0
2022-09-29 00:00:00-04:00,126.05999755859375,126.66999816894531,123.63999938964844,126.12999725341797,115.64073944091797,1968400,0.0,0.0
2022-09-30 00:00:00-04:00,126.29000091552734,126.9800033569336,124.23999786376953,124.52999877929688,114.17379760742188,2601500,0.0,0.0
2022-10-03 00:00:00-04:00,126.18000030517578,128.3300018310547,124.19000244140625,128.27999877929688,117.6119384765625,1933400,0.0,0.0
2022-10-04 00:00:00-04:00,129.16000366210938,132.92999267578125,129.16000366210938,132.80999755859375,121.76519012451172,2098300,0.0,0.0
2022-10-05 00:00:00-04:00,131.3000030517578,133.97999572753906,130.85000610351562,133.0,121.93941497802734,1620600,0.0,0.0
2022-10-06 00:00:00-04:00,132.74000549316406,132.8300018310547,130.2899932861328,130.5399932861328,119.68399047851562,1546800,0.0,0.0
2022-10-07 00:00:00-04:00,130.25999450683594,130.72000122070312,128.2100067138672,130.63999938964844,119.77566528320312,2223300,0.0,0.0
2022-10-10 00:00:00-04:00,131.27000427246094,132.25,130.1300048828125,131.38999938964844,120.46331787109375,1237300,0.0,0.0
2022-10-11 00:00:00-04:00,131.3699951171875,135.2100067138672,130.99000549316406,132.97000122070312,121.91191864013672,1570200,0.0,0.0
2022-10-12 00:00:00-04:00,133.80999755859375,135.05999755859375,130.99000549316406,131.1300048828125,120.22492980957031,2256100,0.0,0.0
2022-10-13 00:00:00-04:00,127.86000061035156,135.4600067138672,122.9000015258789,134.9600067138672,123.7364273071289,3423000,0.0,0.0
2022-10-14 00:00:00-04:00,136.24000549316406,136.8800048828125,132.27000427246094,132.44000244140625,121.42598724365234,1837700,0.0,0.0
2022-10-17 00:00:00-04:00,134.32000732421875,136.30999755859375,133.0399932861328,133.5,122.3978271484375,1193900,0.0,0.0
2022-10-18 00:00:00-04:00,136.08999633789062,137.4600067138672,135.24000549316406,137.3800048828125,125.95516967773438,1615000,0.0,0.0
2022-10-19 00:00:00-04:00,137.80999755859375,138.92999267578125,134.61000061035156,135.14999389648438,123.91058349609375,2068600,0.0,0.0
2022-10-20 00:00:00-04:00,116.55999755859375,122.79000091552734,116.51000213623047,117.70999908447266,107.92096710205078,9420300,0.0,0.0
2022-10-21 00:00:00-04:00,118.30999755859375,123.56999969482422,117.94000244140625,120.08000183105469,110.09386444091797,3193700,0.0,0.0
2022-10-24 00:00:00-04:00,120.80000305175781,125.37999725341797,120.80000305175781,124.87000274658203,114.48551940917969,2682000,0.0,0.0
2022-10-25 00:00:00-04:00,123.63999938964844,125.12999725341797,122.5199966430664,124.6500015258789,114.28382110595703,1665900,0.0,0.0
2022-10-26 00:00:00-04:00,125.63999938964844,127.3499984741211,124.20999908447266,124.2699966430664,113.93540954589844,1799200,0.0,0.0
2022-10-27 00:00:00-04:00,125.0,125.70999908447266,122.36000061035156,122.56999969482422,112.37678527832031,2234800,0.0,0.0
2022-10-28 00:00:00-04:00,123.12000274658203,126.63999938964844,122.75,126.38999938964844,115.87910461425781,2222600,0.0,0.0
2022-10-31 00:00:00-04:00,126.38999938964844,127.29000091552734,125.83000183105469,126.25,115.7507553100586,1892200,0.0,0.0
2022-11-01 00:00:00-04:00,127.11000061035156,127.12000274658203,125.41000366210938,125.75,115.29234313964844,1508000,0.0,0.0
2022-11-02 00:00:00-04:00,125.72000122070312,126.58000183105469,122.95999908447266,123.33999633789062,113.0827407836914,2446000,0.0,0.0
2022-11-03 00:00:00-04:00,120.88999938964844,125.30000305175781,119.01000213623047,123.95999908447266,113.65119934082031,2815400,0.0,0.0
2022-11-04 00:00:00-04:00,128.1999969482422,129.91000366210938,125.83000183105469,129.1199951171875,118.38207244873047,2337800,0.0,0.0
2022-11-07 00:00:00-05:00,129.7100067138672,129.7100067138672,127.0199966430664,128.82000732421875,118.10704040527344,1284600,0.0,0.0
2022-11-08 00:00:00-05:00,128.88999938964844,131.6699981689453,127.7699966430664,130.25999450683594,119.42728424072266,1362500,0.0,0.0
2022-11-09 00:00:00-05:00,129.85000610351562,131.36000061035156,127.80999755859375,127.94000244140625,117.30022430419922,1178800,0.0,0.0
2022-11-10 00:00:00-05:00,131.00999450683594,131.39999389648438,128.19000244140625,130.19000244140625,119.36311340332031,1631800,0.0,0.0
2022-11-11 00:00:00-05:00,130.3800048828125,132.7100067138672,127.86000061035156,132.08999633789062,121.10507202148438,1533400,0.0,0.0
2022-11-14 00:00:00-05:00,132.33999633789062,133.1199951171875,128.9199981689453,129.0399932861328,118.3087387084961,1075000,0.0,0.0
2022-11-15 00:00:00-05:00,129.67999267578125,132.8699951171875,128.8000030517578,132.02999877929688,121.05010223388672,2004100,0.0,0.0
2022-11-16 00:00:00-05:00,131.4199981689453,133.0,130.9600067138672,132.30999755859375,121.30677032470703,1531300,0.0,0.0
2022-11-17 00:00:00-05:00,131.63999938964844,134.74000549316406,131.07000732421875,134.61000061035156,123.41551971435547,1190500,0.0,0.0
2022-11-18 00:00:00-05:00,136.02999877929688,136.8699951171875,132.08999633789062,132.74000549316406,121.7010269165039,1756000,0.0,0.0
2022-11-21 00:00:00-05:00,132.5399932861328,134.75999450683594,131.72999572753906,134.25999450683594,123.0946044921875,1629800,0.0,0.0
2022-11-22 00:00:00-05:00,135.24000549316406,135.67999267578125,133.75,133.8699951171875,122.73706817626953,877700,0.0,0.0
2022-11-23 00:00:00-05:00,133.72999572753906,134.3699951171875,132.6300048828125,134.35000610351562,123.17713165283203,935000,0.0,0.0
2022-11-25 00:00:00-05:00,134.9600067138672,135.5399932861328,134.1199951171875,135.4199981689453,124.15814971923828,513800,0.0,0.0
2022-11-28 00:00:00-05:00,135.22000122070312,135.27999877929688,132.5800018310547,132.72000122070312,121.68270874023438,1206800,0.0,0.0
2022-11-29 00:00:00-05:00,131.33999633789062,133.52000427246094,130.02999877929688,133.3800048828125,123.07605743408203,1263700,0.85,0.0
2022-11-30 00:00:00-05:00,132.5399932861328,134.02999877929688,130.1199951171875,133.89999389648438,123.5558853149414,3212800,0.0,0.0
2022-12-01 00:00:00-05:00,134.5399932861328,134.5399932861328,130.9199981689453,132.00999450683594,121.81185913085938,1925600,0.0,0.0
2022-12-02 00:00:00-05:00,130.80999755859375,131.8800048828125,129.88999938964844,130.85000610351562,120.74148559570312,1298100,0.0,0.0
2022-12-05 00:00:00-05:00,130.1699981689453,130.1699981689453,127.16999816894531,128.44000244140625,118.5176773071289,1246600,0.0,0.0
2022-12-06 00:00:00-05:00,128.44000244140625,130.58999633789062,127.97000122070312,130.30999755859375,120.24320220947266,1464800,0.0,0.0
2022-12-07 00:00:00-05:00,130.22999572753906,132.75999450683594,128.97000122070312,130.11000061035156,120.05866241455078,1717500,0.0,0.0
2022-12-08 00:00:00-05:00,130.85000610351562,131.6999969482422,129.5399932861328,130.02999877929688,119.98486328125,1194900,0.0,0.0
2022-12-09 00:00:00-05:00,129.58999633789062,130.22999572753906,127.83000183105469,128.5500030517578,118.61917877197266,1237600,0.0,0.0
2022-12-12 00:00:00-05:00,128.80999755859375,129.22000122070312,127.41000366210938,128.8300018310547,118.87754821777344,1220300,0.0,0.0
2022-12-13 00:00:00-05:00,131.47000122070312,132.22999572753906,128.9600067138672,130.32000732421875,120.25243377685547,2135800,0.0,0.0
2022-12-14 00:00:00-05:00,130.5500030517578,132.24000549316406,128.92999267578125,129.89999389648438,119.8648910522461,1524500,0.0,0.0
2022-12-15 00:00:00-05:00,128.5500030517578,133.60000610351562,128.27000427246094,132.2899932861328,122.07025146484375,2416300,0.0,0.0
2022-12-16 00:00:00-05:00,130.75,132.19000244140625,129.82000732421875,131.19000244140625,121.05522155761719,4120000,0.0,0.0
2022-12-19 00:00:00-05:00,131.0,132.42999267578125,130.39999389648438,130.99000549316406,120.87067413330078,1188900,0.0,0.0
2022-12-20 00:00:00-05:00,131.61000061035156,134.4499969482422,130.57000732421875,133.67999267578125,123.35285949707031,1616000,0.0,0.0
2022-12-21 00:00:00-05:00,135.00999450683594,136.4499969482422,134.5500030517578,134.63999938964844,124.23871612548828,1261500,0.0,0.0
2022-12-22 00:00:00-05:00,134.36000061035156,135.52999877929688,133.2899932861328,135.42999267578125,124.96766662597656,1382500,0.0,0.0
2022-12-23 00:00:00-05:00,135.58999633789062,136.58999633789062,134.9199981689453,136.3699951171875,125.83505249023438,872600,0.0,0.0
2022-12-27 00:00:00-05:00,136.47000122070312,136.97999572753906,135.5399932861328,136.02000427246094,125.5120849609375,737500,0.0,0.0
2022-12-28 00:00:00-05:00,136.22000122070312,136.74000549316406,135.3300018310547,135.42999267578125,124.96766662597656,661300,0.0,0.0
2022-12-29 00:00:00-05:00,135.97999572753906,136.85000610351562,135.27000427246094,136.4199981689453,125.88117218017578,629100,0.0,0.0
2022-12-30 00:00:00-05:00,135.72999572753906,136.41000366210938,134.75999450683594,135.60000610351562,125.12457275390625,706000,0.0,0.0
2023-01-03 00:00:00-05:00,135.5399932861328,137.22000122070312,135.2100067138672,136.66000366210938,126.10264587402344,1248300,0.0,0.0
2023-01-04 00:00:00-05:00,137.32000732421875,139.5399932861328,136.8800048828125,138.9600067138672,128.2249755859375,1466000,0.0,0.0
2023-01-05 00:00:00-05:00,138.25999450683594,139.52000427246094,137.1999969482422,139.33999633789062,128.57562255859375,1108800,0.0,0.0
2023-01-06 00:00:00-05:00,140.0,142.0500030517578,139.2899932861328,141.3699951171875,130.4487762451172,1308100,0.0,0.0
2023-01-09 00:00:00-05:00,141.72999572753906,142.05999755859375,139.3300018310547,140.00999450683594,129.19386291503906,1534200,0.0,0.0
2023-01-10 00:00:00-05:00,140.4600067138672,142.14999389648438,140.13999938964844,141.25999450683594,130.34727478027344,905700,0.0,0.0
2023-01-11 00:00:00-05:00,140.38999938964844,140.9199981689453,137.8699951171875,138.22999572753906,127.55136108398438,1553500,0.0,0.0
2023-01-12 00:00:00-05:00,138.61000061035156,139.0800018310547,136.89999389648438,137.07000732421875,126.48098754882812,1365600,0.0,0.0
2023-01-13 00:00:00-05:00,136.24000549316406,139.33999633789062,135.6999969482422,138.97000122070312,128.23419189453125,1203300,0.0,0.0
2023-01-17 00:00:00-05:00,138.85000610351562,138.85000610351562,134.1999969482422,135.52000427246094,125.05072784423828,1798400,0.0,0.0
2023-01-18 00:00:00-05:00,135.35000610351562,135.6300048828125,131.9199981689453,132.42999267578125,122.19942474365234,1900100,0.0,0.0
2023-01-19 00:00:00-05:00,126.05000305175781,127.16000366210938,122.0,124.63999938964844,115.01122283935547,4888600,0.0,0.0
2023-01-20 00:00:00-05:00,125.05999755859375,125.9800033569336,123.27999877929688,125.6500015258789,115.94319915771484,2522200,0.0,0.0
2023-01-23 00:00:00-05:00,125.72000122070312,126.66000366210938,124.81999969482422,125.23999786376953,115.56488037109375,2064900,0.0,0.0
2023-01-24 00:00:00-05:00,125.0,127.77999877929688,124.61000061035156,127.26000213623047,117.42884063720703,1852900,0.0,0.0
2023-01-25 00:00:00-05:00,126.70999908447266,129.47999572753906,126.01000213623047,128.6199951171875,118.68376159667969,1454300,0.0,0.0
2023-01-26 00:00:00-05:00,128.77999877929688,128.9600067138672,127.62000274658203,128.60000610351562,118.6653060913086,1256500,0.0,0.0
2023-01-27 00:00:00-05:00,128.27999877929688,129.1199951171875,127.54000091552734,127.83000183105469,117.95479583740234,1075600,0.0,0.0
2023-01-30 00:00:00-05:00,127.94999694824219,128.64999389648438,127.43000030517578,128.0,118.11166381835938,1159200,0.0,0.0
2023-01-31 00:00:00-05:00,128.82000732421875,128.82000732421875,127.01000213623047,128.47000122070312,118.54535675048828,1414400,0.0,0.0
2023-02-01 00:00:00-05:00,127.44999694824219,128.85000610351562,126.06999969482422,128.16000366210938,118.25931549072266,1794100,0.0,0.0
2023-02-02 00:00:00-05:00,125.0,132.11000061035156,123.08000183105469,131.88999938964844,121.7011489868164,4016400,0.0,0.0
2023-02-03 00:00:00-05:00,131.75999450683594,132.22000122070312,128.4499969482422,131.3300018310547,121.18441009521484,1760800,0.0,0.0
2023-02-06 00:00:00-05:00,131.3000030517578,135.0399932861328,130.67999267578125,134.97999572753906,124.55243682861328,2233700,0.0,0.0
2023-02-07 00:00:00-05:00,134.7100067138672,137.64999389648438,134.05999755859375,136.72000122070312,126.15801239013672,1493300,0.0,0.0
2023-02-08 00:00:00-05:00,135.99000549316406,138.25,135.86000061035156,136.8300018310547,126.25951385498047,1483300,0.0,0.0
2023-02-09 00:00:00-05:00,137.5,137.8300018310547,132.35000610351562,133.55999755859375,123.24214172363281,1842000,0.0,0.0
2023-02-10 00:00:00-05:00,133.58999633789062,135.63999938964844,133.14999389648438,135.41000366210938,124.94923400878906,1391700,0.0,0.0
2023-02-13 00:00:00-05:00,135.66000366210938,137.27999877929688,135.5399932861328,136.50999450683594,125.96424865722656,1215800,0.0,0.0
2023-02-14 00:00:00-05:00,136.3699951171875,136.91000366210938,133.99000549316406,135.0399932861328,124.60781860351562,1276500,0.0,0.0
2023-02-15 00:00:00-05:00,134.42999267578125,137.44000244140625,134.35000610351562,137.14999389648438,126.5548095703125,1308400,0.0,0.0
2023-02-16 00:00:00-05:00,136.0,139.02000427246094,135.72999572753906,137.10000610351562,126.50869750976562,1539200,0.0,0.0
2023-02-17 00:00:00-05:00,136.72000122070312,136.94000244140625,134.63999938964844,135.0500030517578,124.61703491210938,1460000,0.0,0.0
2023-02-21 00:00:00-05:00,134.41000366210938,134.9499969482422,132.8000030517578,134.41000366210938,124.02649688720703,1808700,0.0,0.0
2023-02-22 00:00:00-05:00,135.1999969482422,135.1999969482422,133.11000061035156,133.27999877929688,122.9837875366211,1439500,0.0,0.0
2023-02-23 00:00:00-05:00,133.69000244140625,134.42999267578125,130.69000244140625,131.85000610351562,121.66423034667969,1318800,0.0,0.0
2023-02-24 00:00:00-05:00,131.10000610351562,132.02999877929688,130.00999450683594,131.58999633789062,121.42433166503906,1365700,0.0,0.0
2023-02-27 00:00:00-05:00,131.1300048828125,131.66000366210938,128.47999572753906,128.9499969482422,119.79853057861328,1847800,0.89,0.0
2023-02-28 00:00:00-05:00,129.10000610351562,129.49000549316406,127.63999938964844,128.77999877929688,119.64058685302734,2013000,0.0,0.0
2023-03-01 00:00:00-05:00,128.14999389648438,128.75,126.86000061035156,127.61000061035156,118.5536117553711,1681600,0.0,0.0
2023-03-02 00:00:00-05:00,126.88999938964844,126.98999786376953,125.45999908447266,126.27999877929688,117.31800079345703,1730000,0.0,0.0
2023-03-03 00:00:00-05:00,126.38999938964844,128.1300048828125,125.56999969482422,128.1300048828125,119.0367202758789,1592300,0.0,0.0
2023-03-06 00:00:00-05:00,128.49000549316406,129.49000549316406,127.30999755859375,127.5999984741211,118.5443344116211,1372400,0.0,0.0
2023-03-07 00:00:00-05:00,127.70999908447266,127.70999908447266,124.55000305175781,124.58000183105469,115.73865509033203,1222000,0.0,0.0
2023-03-08 00:00:00-05:00,125.19999694824219,125.19999694824219,121.16000366210938,122.4000015258789,113.71337890625,1824800,0.0,0.0
2023-03-09 00:00:00-05:00,122.4800033569336,122.52999877929688,118.44000244140625,119.4000015258789,110.92628479003906,1651700,0.0,0.0
2023-03-10 00:00:00-05:00,118.68000030517578,120.69999694824219,117.68000030517578,118.19999694824219,109.81143951416016,1979700,0.0,0.0
2023-03-13 00:00:00-04:00,115.94999694824219,117.16000366210938,113.80000305175781,114.18000030517578,106.07674407958984,3208000,0.0,0.0
2023-03-14 00:00:00-04:00,117.11000061035156,118.01000213623047,112.93000030517578,114.36000061035156,106.24397277832031,2513800,0.0,0.0
2023-03-15 00:00:00-04:00,111.16000366210938,111.7699966430664,107.86000061035156,110.61000061035156,102.76010131835938,2826400,0.0,0.0
2023-03-16 00:00:00-04:00,110.27999877929688,112.7300033569336,108.75,112.0999984741211,104.14435577392578,2727900,0.0,0.0
2023-03-17 00:00:00-04:00,110.77999877929688,111.0199966430664,104.31999969482422,105.11000061035156,97.65044403076172,9352100,0.0,0.0
2023-03-20 00:00:00-04:00,105.80000305175781,110.13999938964844,105.80000305175781,109.19999694824219,101.45016479492188,2990200,0.0,0.0
2023-03-21 00:00:00-04:00,111.18000030517578,114.05999755859375,110.41999816894531,112.54000091552734,104.5531234741211,2577000,0.0,0.0
2023-03-22 00:00:00-04:00,112.31999969482422,113.0199966430664,108.51000213623047,108.52999877929688,100.82771301269531,1856400,0.0,0.0
2023-03-23 00:00:00-04:00,108.44000244140625,108.66999816894531,105.23999786376953,105.58000183105469,98.08708953857422,2139700,0.0,0.0
2023-03-24 00:00:00-04:00,104.30999755859375,105.62000274658203,103.19999694824219,105.58999633789062,98.09635162353516,2893000,0.0,0.0
2023-03-27 00:00:00-04:00,107.55999755859375,108.0,106.08999633789062,106.98999786376953,99.39701080322266,1771400,0.0,0.0
2023-03-28 00:00:00-04:00,106.29000091552734,107.31999969482422,105.6500015258789,106.33999633789062,98.79313659667969,1585200,0.0,0.0
2023-03-29 00:00:00-04:00,107.58999633789062,109.8499984741211,107.05000305175781,109.69999694824219,101.9146728515625,2263500,0.0,0.0
2023-03-30 00:00:00-04:00,110.25,110.4000015258789,108.0,109.08999633789062,101.34796905517578,1324100,0.0,0.0
2023-03-31 00:00:00-04:00,109.97000122070312,111.27999877929688,109.8499984741211,110.80999755859375,102.94589233398438,1901100,0.0,0.0
2023-04-03 00:00:00-04:00,112.68000030517578,115.30999755859375,112.20999908447266,114.25,106.14176940917969,2381600,0.0,0.0
2023-04-04 00:00:00-04:00,114.44999694824219,114.9800033569336,111.58999633789062,113.16999816894531,105.13842010498047,1421900,0.0,0.0
2023-04-05 00:00:00-04:00,111.69000244140625,115.47000122070312,111.13999938964844,114.87999725341797,106.7270736694336,1396600,0.0,0.0
2023-04-06 00:00:00-04:00,115.37000274658203,116.5999984741211,114.80000305175781,115.22000122070312,107.04292297363281,1414500,0.0,0.0
2023-04-10 00:00:00-04:00,115.30999755859375,116.20999908447266,115.19999694824219,116.11000061035156,107.8697738647461,989500,0.0,0.0
2023-04-11 00:00:00-04:00,115.76000213623047,117.0,115.12999725341797,116.0999984741211,107.86048889160156,1062200,0.0,0.0
2023-04-12 00:00:00-04:00,116.38999938964844,117.88999938964844,115.6500015258789,116.08000183105469,107.8418960571289,1377100,0.0,0.0
2023-04-13 00:00:00-04:00,114.11000061035156,114.86000061035156,113.0,114.11000061035156,106.01171112060547,2889600,0.0,0.0
2023-04-14 00:00:00-04:00,114.29000091552734,115.12000274658203,111.2699966430664,112.12999725341797,104.17222595214844,2287600,0.0,0.0
2023-04-17 00:00:00-04:00,112.3499984741211,114.91000366210938,111.41999816894531,114.88999938964844,106.7363510131836,2210600,0.0,0.0
2023-04-18 00:00:00-04:00,114.98999786376953,115.41999816894531,113.36000061035156,114.13999938964844,106.03958129882812,1856400,0.0,0.0
2023-04-19 00:00:00-04:00,114.77999877929688,116.80999755859375,113.76000213623047,116.51000213623047,108.24137878417969,1962400,0.0,0.0
2023-04-20 00:00:00-04:00,118.3499984741211,122.5,117.08999633789062,117.37999725341797,109.04962921142578,3165400,0.0,0.0
2023-04-21 00:00:00-04:00,116.69999694824219,117.06999969482422,115.70999908447266,115.77999877929688,107.56319427490234,1503900,0.0,0.0
2023-04-24 00:00:00-04:00,115.8499984741211,117.37000274658203,115.75,115.9000015258789,107.67466735839844,1034400,0.0,0.0
2023-04-25 00:00:00-04:00,115.19999694824219,116.12000274658203,114.31999969482422,114.91000366210938,106.75494384765625,963300,0.0,0.0
2023-04-26 00:00:00-04:00,114.12999725341797,115.61000061035156,113.44000244140625,114.05999755859375,105.96525573730469,1141000,0.0,0.0
2023-04-27 00:00:00-04:00,113.86000061035156,115.70999908447266,113.62000274658203,115.25,107.07081604003906,1155500,0.0,0.0
2023-04-28 00:00:00-04:00,115.7699966430664,116.66999816894531,115.36000061035156,115.76000213623047,107.54461669921875,2228700,0.0,0.0
2023-05-01 00:00:00-04:00,115.55000305175781,117.25,115.38999938964844,115.86000061035156,107.63751220703125,1188800,0.0,0.0
2023-05-02 00:00:00-04:00,115.12999725341797,115.33000183105469,110.55999755859375,112.38999938964844,104.41378021240234,2224300,0.0,0.0
2023-05-03 00:00:00-04:00,112.98999786376953,112.98999786376953,111.0199966430664,111.5,103.5869369506836,2979700,0.0,0.0
2023-05-04 00:00:00-04:00,109.97000122070312,114.72000122070312,109.5,114.0199966430664,105.92809295654297,3413800,0.0,0.0
2023-05-05 00:00:00-04:00,115.45999908447266,117.98999786376953,115.45999908447266,115.7300033569336,107.51673889160156,2244500,0.0,0.0
2023-05-08 00:00:00-04:00,115.91999816894531,116.8499984741211,115.11000061035156,116.12000274658203,107.87905883789062,1323900,0.0,0.0
2023-05-09 00:00:00-04:00,115.54000091552734,118.58000183105469,115.45999908447266,118.41999816894531,110.0158462524414,1945200,0.0,0.0
2023-05-10 00:00:00-04:00,118.55999755859375,119.44000244140625,116.4800033569336,117.66999816894531,109.31905364990234,1642800,0.0,0.0
2023-05-11 00:00:00-04:00,117.01000213623047,118.5,116.43000030517578,118.33000183105469,109.9322280883789,1730900,0.0,0.0
2023-05-12 00:00:00-04:00,119.13999938964844,119.63999938964844,117.70999908447266,118.26000213623047,109.8671875,1689700,0.0,0.0
2023-05-15 00:00:00-04:00,118.54000091552734,118.58999633789062,117.19999694824219,117.93000030517578,109.56060028076172,2144500,0.0,0.0
2023-05-16 00:00:00-04:00,118.0199966430664,118.08999633789062,116.43000030517578,116.80999755859375,108.52008819580078,1196700,0.0,0.0
2023-05-17 00:00:00-04:00,117.0,119.47000122070312,116.72000122070312,119.0,110.55467224121094,1719100,0.0,0.0
2023-05-18 00:00:00-04:00,118.58000183105469,119.06999969482422,117.4800033569336,118.88999938964844,110.45246887207031,1512400,0.0,0.0
2023-05-19 00:00:00-04:00,119.83000183105469,119.98999786376953,117.75,117.77999877929688,109.42124938964844,2027600,0.0,0.0
2023-05-22 00:00:00-04:00,117.5,118.58000183105469,117.30000305175781,118.08999633789062,109.7092514038086,1579200,0.0,0.0
2023-05-23 00:00:00-04:00,118.16999816894531,118.61000061035156,115.87000274658203,116.26000213623047,108.00912475585938,1848200,0.0,0.0
2023-05-24 00:00:00-04:00,115.4800033569336,116.11000061035156,113.33999633789062,113.4000015258789,105.35208892822266,1730500,0.0,0.0
2023-05-25 00:00:00-04:00,112.55999755859375,113.56999969482422,110.69999694824219,111.04000091552734,103.15958404541016,2013600,0.0,0.0
2023-05-26 00:00:00-04:00,110.80000305175781,111.16000366210938,108.62999725341797,109.52999877929688,101.75674438476562,1697200,0.0,0.0
2023-05-30 00:00:00-04:00,109.13999938964844,110.77999877929688,108.52999877929688,110.66000366210938,102.80655670166016,1607900,0.0,0.0
2023-05-31 00:00:00-04:00,110.27999877929688,110.80000305175781,108.31999969482422,108.44999694824219,100.75341033935547,3870900,0.0,0.0
2023-06-01 00:00:00-04:00,108.19999694824219,109.94999694824219,106.31999969482422,109.19999694824219,102.28961181640625,1618900,0.89,0.0
2023-06-02 00:00:00-04:00,109.94000244140625,110.8499984741211,109.30000305175781,110.08000183105469,103.11392211914062,1119200,0.0,0.0
2023-06-05 00:00:00-04:00,110.56999969482422,111.22000122070312,109.26000213623047,109.4800033569336,102.55189514160156,1307300,0.0,0.0
2023-06-06 00:00:00-04:00,109.51000213623047,110.62000274658203,109.43000030517578,109.98999786376953,103.02961730957031,1693300,0.0,0.0
2023-06-07 00:00:00-04:00,110.27999877929688,112.61000061035156,109.66000366210938,112.22000122070312,105.1185073852539,1337800,0.0,0.0
2023-06-08 00:00:00-04:00,112.12000274658203,112.20999908447266,110.62999725341797,111.91000366210938,104.82813262939453,1213500,0.0,0.0
2023-06-09 00:00:00-04:00,111.20999908447266,112.94999694824219,110.5,111.95999908447266,104.87495422363281,1602900,0.0,0.0
2023-06-12 00:00:00-04:00,111.87000274658203,113.19000244140625,111.66000366210938,112.3499984741211,105.24027252197266,1119100,0.0,0.0
2023-06-13 00:00:00-04:00,112.41000366210938,114.97000122070312,112.41000366210938,113.44999694824219,106.27066040039062,1308900,0.0,0.0
2023-06-14 00:00:00-04:00,113.5,113.79000091552734,111.30999755859375,111.4000015258789,104.35039520263672,2878600,0.0,0.0
2023-06-15 00:00:00-04:00,110.52999877929688,111.88999938964844,109.56999969482422,110.54000091552734,103.54483032226562,3260100,0.0,0.0
2023-06-16 00:00:00-04:00,111.0,111.6500015258789,109.95999908447266,111.16999816894531,104.13494110107422,3778800,0.0,0.0
2023-06-20 00:00:00-04:00,109.86000061035156,110.22000122070312,108.08000183105469,108.61000061035156,101.7369384765625,3393800,0.0,0.0
2023-06-21 00:00:00-04:00,108.19999694824219,108.58999633789062,105.54000091552734,107.7300033569336,100.91263580322266,4040100,0.0,0.0
2023-06-22 00:00:00-04:00,108.20999908447266,108.20999908447266,106.80999755859375,108.0,101.16556549072266,1801100,0.0,0.0
2023-06-23 00:00:00-04:00,107.5,107.75,106.58999633789062,107.52999877929688,100.72528839111328,3587800,0.0,0.0
2023-06-26 00:00:00-04:00,107.6500015258789,109.0,107.3499984741211,108.95999908447266,102.06480407714844,1693300,0.0,0.0
2023-06-27 00:00:00-04:00,109.0999984741211,109.66999816894531,108.33999633789062,108.63999938964844,101.76504516601562,990100,0.0,0.0
2023-06-28 00:00:00-04:00,108.38999938964844,108.91000366210938,107.4000015258789,108.86000061035156,101.97113037109375,2185100,0.0,0.0
2023-06-29 00:00:00-04:00,109.06999969482422,109.43000030517578,108.62000274658203,109.08999633789062,102.18656921386719,1416900,0.0,0.0
2023-06-30 00:00:00-04:00,109.62000274658203,109.80999755859375,108.72000122070312,109.04000091552734,102.13972473144531,1825900,0.0,0.0
2023-07-03 00:00:00-04:00,108.97000122070312,111.73999786376953,108.87999725341797,110.51000213623047,103.5167007446289,952100,0.0,0.0
2023-07-05 00:00:00-04:00,109.63999938964844,110.06999969482422,108.12999725341797,110.04000091552734,103.07645416259766,2430800,0.0,0.0
2023-07-06 00:00:00-04:00,109.56999969482422,109.76000213623047,108.13999938964844,108.76000213623047,101.87745666503906,2118100,0.0,0.0
2023-07-07 00:00:00-04:00,107.97000122070312,109.4000015258789,107.97000122070312,108.2699966430664,101.41845703125,1850500,0.0,0.0
2023-07-10 00:00:00-04:00,107.83000183105469,108.69999694824219,106.44000244140625,106.75,99.9946517944336,1541000,0.0,0.0
2023-07-11 00:00:00-04:00,106.77999877929688,109.16000366210938,106.69000244140625,109.06999969482422,102.16783905029297,2003300,0.0,0.0
2023-07-12 00:00:00-04:00,109.68000030517578,110.08999633789062,106.75,107.5999984741211,100.79085540771484,1745600,0.0,0.0
2023-07-13 00:00:00-04:00,104.05000305175781,106.80000305175781,103.91000366210938,104.83000183105469,98.19613647460938,3209400,0.0,0.0
2023-07-14 00:00:00-04:00,104.8499984741211,104.8499984741211,100.97000122070312,101.18000030517578,94.7771224975586,3465000,0.0,0.0
2023-07-17 00:00:00-04:00,101.30000305175781,102.55999755859375,100.56999969482422,102.41000366210938,95.9292984008789,1950900,0.0,0.0
2023-07-18 00:00:00-04:00,102.0999984741211,104.5199966430664,102.0999984741211,103.41999816894531,96.87538146972656,1742600,0.0,0.0
2023-07-19 00:00:00-04:00,103.69000244140625,106.04000091552734,103.55999755859375,105.79000091552734,99.09539794921875,2726700,0.0,0.0
2023-07-20 00:00:00-04:00,106.8499984741211,112.0999984741211,106.4000015258789,111.9800033569336,104.89368438720703,3263200,0.0,0.0
2023-07-21 00:00:00-04:00,112.0199966430664,112.33999633789062,110.23999786376953,110.81999969482422,103.8071060180664,1467900,0.0,0.0
2023-07-24 00:00:00-04:00,111.13999938964844,113.02999877929688,111.02999877929688,112.11000061035156,105.01545715332031,1138000,0.0,0.0
2023-07-25 00:00:00-04:00,111.75,112.62000274658203,110.16999816894531,110.47000122070312,103.47924041748047,1064800,0.0,0.0
2023-07-26 00:00:00-04:00,111.36000061035156,113.44000244140625,110.45999908447266,112.95999908447266,105.8116683959961,1282400,0.0,0.0
2023-07-27 00:00:00-04:00,113.20999908447266,113.20999908447266,112.01000213623047,112.77999877929688,105.64305114746094,1088300,0.0,0.0
2023-07-28 00:00:00-04:00,113.8499984741211,114.08999633789062,111.77999877929688,112.45999908447266,105.34332275390625,1165500,0.0,0.0
2023-07-31 00:00:00-04:00,112.66000366210938,113.81999969482422,112.05999755859375,112.68000030517578,105.54938507080078,890400,0.0,0.0
2023-08-01 00:00:00-04:00,112.44000244140625,113.36000061035156,111.54000091552734,113.02999877929688,105.87722778320312,1459700,0.0,0.0
2023-08-02 00:00:00-04:00,111.73999786376953,112.2300033569336,105.4000015258789,106.51000213623047,99.76983642578125,2844000,0.0,0.0
2023-08-03 00:00:00-04:00,105.94999694824219,111.91999816894531,105.8499984741211,111.36000061035156,104.31291198730469,2727100,0.0,0.0
2023-08-04 00:00:00-04:00,111.31999969482422,111.33000183105469,109.5,109.87000274658203,102.9172134399414,1518200,0.0,0.0
2023-08-07 00:00:00-04:00,110.47000122070312,111.9800033569336,110.0,110.73999786376953,103.7321548461914,905700,0.0,0.0
2023-08-08 00:00:00-04:00,109.44000244140625,111.08999633789062,108.52999877929688,110.44000244140625,103.45114135742188,1432900,0.0,0.0
2023-08-09 00:00:00-04:00,110.2699966430664,111.58999633789062,109.51000213623047,109.5999984741211,102.66429901123047,1053600,0.0,0.0
2023-08-10 00:00:00-04:00,110.38999938964844,112.36000061035156,110.38999938964844,110.69000244140625,103.6853256225586,1002000,0.0,0.0
2023-08-11 00:00:00-04:00,110.7300033569336,111.12000274658203,108.69999694824219,109.04000091552734,102.13972473144531,1365500,0.0,0.0
2023-08-14 00:00:00-04:00,108.98999786376953,109.41999816894531,106.30000305175781,106.9000015258789,100.1351547241211,1524200,0.0,0.0
2023-08-15 00:00:00-04:00,105.19000244140625,106.1500015258789,104.6500015258789,105.06999969482422,98.42096710205078,1474100,0.0,0.0
2023-08-16 00:00:00-04:00,107.0,110.66000366210938,106.45999908447266,109.73999786376953,102.79544067382812,2269100,0.0,0.0
2023-08-17 00:00:00-04:00,110.58000183105469,111.5199966430664,107.70999908447266,107.91000366210938,101.08125305175781,1724500,0.0,0.0
2023-08-18 00:00:00-04:00,107.23999786376953,108.33000183105469,106.06999969482422,106.19000244140625,99.47010040283203,1464000,0.0,0.0
2023-08-21 00:00:00-04:00,106.05000305175781,106.55999755859375,104.29000091552734,105.29000091552734,98.62704467773438,1547900,0.0,0.0
2023-08-22 00:00:00-04:00,105.05999755859375,106.19000244140625,104.56999969482422,105.12000274658203,98.46782684326172,1001800,0.0,0.0
2023-08-23 00:00:00-04:00,105.12999725341797,106.47000122070312,105.12999725341797,105.62000274658203,98.93616485595703,897100,0.0,0.0
2023-08-24 00:00:00-04:00,105.33000183105469,107.18000030517578,105.08999633789062,105.33999633789062,98.67387390136719,1104600,0.0,0.0
2023-08-25 00:00:00-04:00,105.37999725341797,106.75,104.83999633789062,105.13999938964844,98.48652648925781,1217300,0.0,0.0
2023-08-28 00:00:00-04:00,105.52999877929688,106.27999877929688,104.69999694824219,105.41999816894531,98.74880981445312,1027800,0.0,0.0
2023-08-29 00:00:00-04:00,105.81999969482422,106.94999694824219,105.01000213623047,106.55999755859375,99.81668090820312,1178000,0.0,0.0
2023-08-30 00:00:00-04:00,105.56999969482422,109.45999908447266,105.56999969482422,109.26000213623047,103.20782470703125,1855900,0.89,0.0
2023-08-31 00:00:00-04:00,109.73999786376953,109.73999786376953,107.68000030517578,107.80999755859375,101.83814239501953,2218900,0.0,0.0
2023-09-01 00:00:00-04:00,108.58999633789062,110.91000366210938,108.1500015258789,110.55999755859375,104.43579864501953,1330000,0.0,0.0
2023-09-05 00:00:00-04:00,110.33999633789062,110.55999755859375,107.1500015258789,107.22000122070312,101.28082275390625,1444800,0.0,0.0
2023-09-06 00:00:00-04:00,107.31999969482422,108.93000030517578,106.87999725341797,107.93000030517578,101.95149230957031,1360300,0.0,0.0
2023-09-07 00:00:00-04:00,108.05999755859375,109.05999755859375,107.5,107.7300033569336,101.7625732421875,1493800,0.0,0.0
2023-09-08 00:00:00-04:00,107.6500015258789,107.75,105.8499984741211,106.19999694824219,100.31730651855469,1707500,0.0,0.0
2023-09-11 00:00:00-04:00,107.04000091552734,108.47000122070312,106.73999786376953,107.77999877929688,101.8097915649414,1386700,0.0,0.0
2023-09-12 00:00:00-04:00,108.05999755859375,109.93000030517578,107.8499984741211,109.48999786376953,103.42506408691406,1305400,0.0,0.0
2023-09-13 00:00:00-04:00,110.0,110.48999786376953,108.12000274658203,108.9000015258789,102.86775970458984,2446800,0.0,0.0
2023-09-14 00:00:00-04:00,109.7699966430664,111.02999877929688,109.05000305175781,110.55000305175781,104.42636108398438,2585300,0.0,0.0
2023-09-15 00:00:00-04:00,109.95999908447266,110.04000091552734,108.66000366210938,108.77999877929688,102.75440216064453,2901900,0.0,0.0
2023-09-18 00:00:00-04:00,109.23999786376953,111.3499984741211,108.16000366210938,111.04000091552734,104.88922882080078,2140500,0.0,0.0
2023-09-19 00:00:00-04:00,111.51000213623047,114.44999694824219,111.12000274658203,113.37999725341797,107.09959411621094,2654500,0.0,0.0
2023-09-20 00:00:00-04:00,113.97000122070312,115.79000091552734,113.38999938964844,114.1500015258789,107.82695007324219,2142200,0.0,0.0
2023-09-21 00:00:00-04:00,114.06999969482422,115.05999755859375,112.51000213623047,113.8499984741211,107.54356384277344,1935400,0.0,0.0
2023-09-22 00:00:00-04:00,114.4000015258789,114.87000274658203,113.5199966430664,114.08999633789062,107.770263671875,1741100,0.0,0.0
2023-09-25 00:00:00-04:00,113.70999908447266,116.12000274658203,113.02999877929688,115.23999786376953,108.8565673828125,1983400,0.0,0.0
2023-09-26 00:00:00-04:00,114.83000183105469,115.36000061035156,112.7300033569336,113.2699966430664,106.99568939208984,1247100,0.0,0.0
2023-09-27 00:00:00-04:00,112.75,113.44999694824219,111.41999816894531,113.0199966430664,106.7595443725586,1262800,0.0,0.0
2023-09-28 00:00:00-04:00,113.16000366210938,113.62000274658203,112.33999633789062,112.48999786376953,106.25889587402344,910000,0.0,0.0
2023-09-29 00:00:00-04:00,112.41000366210938,112.69000244140625,111.25,111.41000366210938,105.23873138427734,1206900,0.0,0.0
2023-10-02 00:00:00-04:00,110.93000030517578,111.4800033569336,110.02999877929688,110.91000366210938,104.76642608642578,1338000,0.0,0.0
2023-10-03 00:00:00-04:00,110.29000091552734,111.27999877929688,109.33000183105469,109.91000366210938,103.82182312011719,1192800,0.0,0.0
2023-10-04 00:00:00-04:00,110.12000274658203,111.62999725341797,109.01000213623047,111.44999694824219,105.27650451660156,1009800,0.0,0.0
2023-10-05 00:00:00-04:00,111.41999816894531,112.83000183105469,110.73999786376953,112.37000274658203,106.14553833007812,1014700,0.0,0.0
2023-10-06 00:00:00-04:00,112.18000030517578,113.97000122070312,111.83999633789062,113.1500015258789,106.88233947753906,1186100,0.0,0.0
2023-10-09 00:00:00-04:00,112.75,114.4000015258789,112.41999816894531,114.16999816894531,107.84583282470703,831800,0.0,0.0
2023-10-10 00:00:00-04:00,114.44000244140625,115.45999908447266,113.94000244140625,114.72000122070312,108.36537170410156,1247900,0.0,0.0
2023-10-11 00:00:00-04:00,114.76000213623047,115.6500015258789,114.0199966430664,114.7699966430664,108.41258239746094,941200,0.0,0.0
2023-10-12 00:00:00-04:00,115.27999877929688,115.29000091552734,113.04000091552734,113.9800033569336,107.66637420654297,1125200,0.0,0.0
2023-10-13 00:00:00-04:00,115.63999938964844,120.88999938964844,115.63999938964844,120.31999969482422,113.6551742553711,2897400,0.0,0.0
2023-10-16 00:00:00-04:00,121.0,127.87000274658203,119.61000061035156,124.91999816894531,118.0003662109375,3982700,0.0,0.0
2023-10-17 00:00:00-04:00,125.1500015258789,129.25,125.13999938964844,127.91999816894531,120.83419036865234,3391500,0.0,0.0
2023-10-18 00:00:00-04:00,128.1300048828125,128.9199981689453,126.98999786376953,127.41000366210938,120.3524398803711,1647500,0.0,0.0
2023-10-19 00:00:00-04:00,126.91000366210938,129.10000610351562,124.44000244140625,124.73999786376953,117.83035278320312,1863300,0.0,0.0
2023-10-20 00:00:00-04:00,125.05999755859375,125.77999877929688,123.1500015258789,123.19000244140625,116.3661880493164,1511600,0.0,0.0
2023-10-23 00:00:00-04:00,122.52999877929688,123.30000305175781,121.69999694824219,121.83000183105469,115.08152770996094,1004900,0.0,0.0
2023-10-24 00:00:00-04:00,123.43000030517578,124.5199966430664,122.47000122070312,124.29000091552734,117.40526580810547,2456200,0.0,0.0
2023-10-25 00:00:00-04:00,124.98999786376953,126.94999694824219,124.5199966430664,125.19000244140625,118.25542449951172,2001700,0.0,0.0
2023-10-26 00:00:00-04:00,125.58999633789062,126.55999755859375,124.87999725341797,125.62000274658203,118.66161346435547,1828000,0.0,0.0
2023-10-27 00:00:00-04:00,124.62000274658203,124.80999755859375,122.52999877929688,123.30000305175781,116.47010803222656,2431500,0.0,0.0
2023-10-30 00:00:00-04:00,124.05000305175781,125.56999969482422,123.41999816894531,125.47000122070312,118.51990509033203,1767700,0.0,0.0
2023-10-31 00:00:00-04:00,125.62999725341797,128.63999938964844,125.62999725341797,128.1300048828125,121.03255462646484,2475000,0.0,0.0
2023-11-01 00:00:00-04:00,129.0,130.47999572753906,127.58999633789062,129.75,122.56282043457031,2992500,0.0,0.0
2023-11-02 00:00:00-04:00,135.24000549316406,137.99000549316406,129.47999572753906,131.36000061035156,124.08364868164062,3689200,0.0,0.0
2023-11-03 00:00:00-04:00,132.1699981689453,133.32000732421875,131.4199981689453,131.72999572753906,124.43313598632812,2006600,0.0,0.0
2023-11-06 00:00:00-05:00,131.8000030517578,132.3000030517578,129.47000122070312,130.52000427246094,123.2901840209961,1266100,0.0,0.0
2023-11-07 00:00:00-05:00,130.52000427246094,130.6199951171875,128.9199981689453,129.66000366210938,122.47781372070312,1353100,0.0,0.0
2023-11-08 00:00:00-05:00,129.4199981689453,129.77999877929688,127.93000030517578,129.27999877929688,122.11886596679688,795700,0.0,0.0
2023-11-09 00:00:00-05:00,129.4600067138672,129.85000610351562,128.6199951171875,128.99000549316406,121.84493255615234,1133600,0.0,0.0
2023-11-10 00:00:00-05:00,129.50999450683594,130.42999267578125,128.3300018310547,130.32000732421875,123.10125732421875,818100,0.0,0.0
2023-11-13 00:00:00-05:00,130.6699981689453,131.1199951171875,129.1699981689453,129.85000610351562,122.65729522705078,1133100,0.0,0.0
2023-11-14 00:00:00-05:00,129.9199981689453,132.30999755859375,129.17999267578125,131.64999389648438,124.3575668334961,1091300,0.0,0.0
2023-11-15 00:00:00-05:00,131.55999755859375,132.83999633789062,130.77000427246094,131.57000732421875,124.28202819824219,1279400,0.0,0.0
2023-11-16 00:00:00-05:00,131.99000549316406,135.3000030517578,131.64999389648438,134.75,127.28590393066406,2361000,0.0,0.0
2023-11-17 00:00:00-05:00,135.0,135.67999267578125,133.3000030517578,134.19000244140625,126.75688934326172,1125500,0.0,0.0
2023-11-20 00:00:00-05:00,133.2100067138672,134.8800048828125,132.74000549316406,134.63999938964844,127.18195343017578,1205600,0.0,0.0
2023-11-21 00:00:00-05:00,135.00999450683594,135.72999572753906,134.38999938964844,134.9600067138672,127.48421478271484,1119900,0.0,0.0
2023-11-22 00:00:00-05:00,135.3800048828125,136.6199951171875,134.77000427246094,136.08999633789062,128.55165100097656,1034300,0.0,0.0
2023-11-24 00:00:00-05:00,136.1999969482422,136.97000122070312,135.86000061035156,136.61000061035156,129.0428466796875,443200,0.0,0.0
2023-11-27 00:00:00-05:00,136.4499969482422,137.82000732421875,136.27999877929688,137.47000122070312,129.8551788330078,1167700,0.0,0.0
2023-11-28 00:00:00-05:00,137.3800048828125,137.39999389648438,135.9199981689453,136.42999267578125,128.872802734375,754300,0.0,0.0
2023-11-29 00:00:00-05:00,135.4600067138672,136.35000610351562,134.60000610351562,135.49000549316406,128.82525634765625,1041400,0.89,0.0
2023-11-30 00:00:00-05:00,134.97000122070312,137.99000549316406,134.97000122070312,137.8699951171875,131.08819580078125,2574300,0.0,0.0
2023-12-01 00:00:00-05:00,136.94000244140625,138.0,136.52999877929688,137.67999267578125,130.90753173828125,1033500,0.0,0.0
2023-12-04 00:00:00-05:00,136.88999938964844,139.7100067138672,136.57000732421875,138.63999938964844,131.8203125,1320600,0.0,0.0
2023-12-05 00:00:00-05:00,138.6999969482422,139.67999267578125,137.47999572753906,138.67999267578125,131.85833740234375,1504400,0.0,0.0
2023-12-06 00:00:00-05:00,138.82000732421875,139.97999572753906,138.19000244140625,138.49000549316406,131.67767333984375,1008100,0.0,0.0
2023-12-07 00:00:00-05:00,138.82000732421875,139.89999389648438,138.02000427246094,139.02000427246094,132.18162536621094,1685800,0.0,0.0
2023-12-08 00:00:00-05:00,139.77999877929688,139.97999572753906,138.55999755859375,139.32000732421875,132.46688842773438,806300,0.0,0.0
2023-12-11 00:00:00-05:00,140.99000549316406,144.99000549316406,140.0,143.07000732421875,136.03240966796875,2447900,0.0,0.0
2023-12-12 00:00:00-05:00,143.0,144.52000427246094,142.0800018310547,144.36000061035156,137.2589569091797,1809500,0.0,0.0
2023-12-13 00:00:00-05:00,143.74000549316406,144.55999755859375,143.05999755859375,144.35000610351562,137.2494354248047,1397500,0.0,0.0
2023-12-14 00:00:00-05:00,143.9499969482422,144.08999633789062,139.02000427246094,139.24000549316406,132.3908233642578,2535500,0.0,0.0
2023-12-15 00:00:00-05:00,138.11000061035156,141.9499969482422,138.0,139.05999755859375,132.21966552734375,3198700,0.0,0.0
2023-12-18 00:00:00-05:00,139.10000610351562,139.63999938964844,137.6999969482422,138.75,131.92491149902344,1612600,0.0,0.0
2023-12-19 00:00:00-05:00,138.75,138.8699951171875,137.67999267578125,138.25,131.44949340820312,1738300,0.0,0.0
2023-12-20 00:00:00-05:00,137.47999572753906,137.8699951171875,135.5500030517578,135.6199951171875,128.9488525390625,1508700,0.0,0.0
2023-12-21 00:00:00-05:00,135.6999969482422,135.9199981689453,134.1699981689453,135.39999389648438,128.73968505859375,1511800,0.0,0.0
2023-12-22 00:00:00-05:00,135.85000610351562,137.67999267578125,135.2899932861328,137.39999389648438,130.64129638671875,1227300,0.0,0.0
2023-12-26 00:00:00-05:00,137.39999389648438,138.69000244140625,137.07000732421875,138.0800018310547,131.28787231445312,704800,0.0,0.0
2023-12-27 00:00:00-05:00,137.60000610351562,138.4199981689453,137.42999267578125,138.38999938964844,131.58261108398438,714400,0.0,0.0
2023-12-28 00:00:00-05:00,138.07000732421875,139.8699951171875,138.07000732421875,139.82000732421875,132.94227600097656,900500,0.0,0.0
2023-12-29 00:00:00-05:00,139.8300018310547,140.38999938964844,139.41000366210938,139.97999572753906,133.09437561035156,723400,0.0,0.0
2024-01-02 00:00:00-05:00,140.3300018310547,143.91000366210938,140.3300018310547,143.80999755859375,136.7360076904297,2263600,0.0,0.0
2024-01-03 00:00:00-05:00,144.0800018310547,145.4499969482422,143.8000030517578,145.0,137.86746215820312,1701200,0.0,0.0
2024-01-04 00:00:00-05:00,147.0800018310547,151.4600067138672,147.0800018310547,148.5,141.19529724121094,3176500,0.0,0.0
2024-01-05 00:00:00-05:00,149.33999633789062,150.22000122070312,147.60000610351562,149.97999572753906,142.60247802734375,1551200,0.0,0.0
2024-01-08 00:00:00-05:00,149.94000244140625,150.7899932861328,148.5800018310547,149.3800048828125,142.03199768066406,2398600,0.0,0.0
2024-01-09 00:00:00-05:00,150.25,151.36000061035156,148.66000366210938,150.97999572753906,143.5532989501953,1599700,0.0,0.0
2024-01-10 00:00:00-05:00,151.0500030517578,152.0,149.91000366210938,150.30999755859375,142.91627502441406,1335100,0.0,0.0
2024-01-11 00:00:00-05:00,149.86000061035156,150.60000610351562,148.22999572753906,150.3699951171875,142.97329711914062,1532400,0.0,0.0
2024-01-12 00:00:00-05:00,151.0,151.1999969482422,148.86000061035156,151.02999877929688,143.60084533691406,1115400,0.0,0.0
2024-01-16 00:00:00-05:00,151.42999267578125,152.39999389648438,150.44000244140625,151.5,144.0477294921875,1187500,0.0,0.0
2024-01-17 00:00:00-05:00,151.55999755859375,153.8800048828125,150.97000122070312,152.5500030517578,145.0460662841797,1615300,0.0,0.0
2024-01-18 00:00:00-05:00,151.77999877929688,153.3000030517578,150.1699981689453,152.9199981689453,145.39788818359375,1573700,0.0,0.0
2024-01-19 00:00:00-05:00,155.0,156.52000427246094,154.1300048828125,154.8800048828125,147.261474609375,1989700,0.0,0.0
2024-01-22 00:00:00-05:00,155.42999267578125,156.32000732421875,155.1699981689453,155.38999938964844,147.74639892578125,940600,0.0,0.0
2024-01-23 00:00:00-05:00,155.38999938964844,156.7899932861328,153.83999633789062,154.11000061035156,146.5293426513672,1140700,0.0,0.0
2024-01-24 00:00:00-05:00,155.6300048828125,159.60000610351562,155.57000732421875,157.4199981689453,149.67652893066406,2374600,0.0,0.0
2024-01-25 00:00:00-05:00,158.38999938964844,159.36000061035156,156.92999267578125,159.05999755859375,151.23585510253906,1253300,0.0,0.0
2024-01-26 00:00:00-05:00,158.8800048828125,159.02000427246094,157.88999938964844,158.3699951171875,150.5797882080078,1034900,0.0,0.0
2024-01-29 00:00:00-05:00,157.27999877929688,158.1199951171875,155.72999572753906,156.05999755859375,148.3834228515625,1277000,0.0,0.0
2024-01-30 00:00:00-05:00,155.9600067138672,156.85000610351562,154.97000122070312,156.49000549316406,148.7922821044922,1135500,0.0,0.0
2024-01-31 00:00:00-05:00,156.85000610351562,157.2899932861328,154.99000549316406,155.25,147.61329650878906,1349800,0.0,0.0
2024-02-01 00:00:00-05:00,154.33999633789062,156.52999877929688,153.4199981689453,156.19000244140625,148.5070343017578,1005100,0.0,0.0
2024-02-02 00:00:00-05:00,156.99000549316406,158.1999969482422,156.6199951171875,157.3699951171875,149.6289825439453,1088300,0.0,0.0
2024-02-05 00:00:00-05:00,156.4600067138672,157.44000244140625,155.69000244140625,156.8300018310547,149.1155548095703,1331400,0.0,0.0
2024-02-06 00:00:00-05:00,156.4499969482422,157.85000610351562,156.02000427246094,157.35000610351562,149.60997009277344,965300,0.0,0.0
2024-02-07 00:00:00-05:00,157.6999969482422,159.3300018310547,157.5399932861328,158.60000610351562,150.79849243164062,1871300,0.0,0.0
2024-02-08 00:00:00-05:00,163.0,168.0500030517578,159.9499969482422,161.75,153.7935333251953,3791900,0.0,0.0
2024-02-09 00:00:00-05:00,160.35000610351562,160.58999633789062,158.52999877929688,160.02999877929688,152.15814208984375,1563900,0.0,0.0
2024-02-12 00:00:00-05:00,160.7899932861328,160.99000549316406,158.91000366210938,159.32000732421875,151.48309326171875,1196300,0.0,0.0
2024-02-13 00:00:00-05:00,160.8300018310547,160.8300018310547,157.1300048828125,158.5800018310547,150.7794647216797,1383300,0.0,0.0
2024-02-14 00:00:00-05:00,159.1699981689453,161.75999450683594,157.9499969482422,161.38999938964844,153.45126342773438,1467600,0.0,0.0
2024-02-15 00:00:00-05:00,162.22999572753906,162.61000061035156,160.13999938964844,161.88999938964844,153.92665100097656,1757300,0.0,0.0
2024-02-16 00:00:00-05:00,162.0,164.42999267578125,161.5,161.77999877929688,153.82208251953125,1777700,0.0,0.0
2024-02-20 00:00:00-05:00,161.5,162.9499969482422,159.6300048828125,159.72000122070312,151.86338806152344,1740600,0.0,0.0
2024-02-21 00:00:00-05:00,160.3000030517578,161.11000061035156,158.17999267578125,159.1699981689453,151.34042358398438,1977700,0.0,0.0
2024-02-22 00:00:00-05:00,159.1699981689453,160.99000549316406,156.4499969482422,160.19000244140625,152.31028747558594,1851600,0.0,0.0
2024-02-23 00:00:00-05:00,160.16000366210938,161.1999969482422,158.8699951171875,159.1300048828125,151.3024139404297,1636300,0.0,0.0
2024-02-26 00:00:00-05:00,159.42999267578125,160.69000244140625,158.80999755859375,159.8000030517578,151.939453125,1311900,0.0,0.0
2024-02-27 00:00:00-05:00,159.44000244140625,160.1699981689453,158.25999450683594,159.5399932861328,151.69224548339844,1270600,0.0,0.0
2024-02-28 00:00:00-05:00,159.55999755859375,160.9600067138672,159.55999755859375,160.58999633789062,152.69058227539062,1083500,0.0,0.0
2024-02-29 00:00:00-05:00,160.88999938964844,160.88999938964844,158.3000030517578,159.52000427246094,151.67324829101562,2637200,0.0,0.0
2024-03-01 00:00:00-05:00,158.4600067138672,158.8000030517578,154.6199951171875,155.14999389648438,148.37391662597656,2931100,0.92,0.0
2024-03-04 00:00:00-05:00,154.32000732421875,156.4499969482422,153.8699951171875,156.3800048828125,149.55020141601562,1661800,0.0,0.0
2024-03-05 00:00:00-05:00,156.42999267578125,157.9199981689453,155.99000549316406,156.77000427246094,149.92315673828125,1356500,0.0,0.0
2024-03-06 00:00:00-05:00,156.41000366210938,157.2100067138672,154.75999450683594,157.0399932861328,150.1813507080078,1804100,0.0,0.0
2024-03-07 00:00:00-05:00,156.97999572753906,157.10000610351562,155.39999389648438,156.63999938964844,149.79881286621094,1316700,0.0,0.0
2024-03-08 00:00:00-05:00,156.1699981689453,157.42999267578125,155.58999633789062,156.9199981689453,150.06661987304688,1145300,0.0,0.0
2024-03-11 00:00:00-04:00,156.57000732421875,159.97999572753906,156.4499969482422,159.94000244140625,152.95472717285156,1582100,0.0,0.0
2024-03-12 00:00:00-04:00,160.0,160.6999969482422,158.02000427246094,159.60000610351562,152.62957763671875,1798600,0.0,0.0
2024-03-13 00:00:00-04:00,160.1199951171875,160.49000549316406,158.5399932861328,160.0800018310547,153.08859252929688,1457600,0.0,0.0
2024-03-14 00:00:00-04:00,159.75999450683594,160.55999755859375,158.1199951171875,159.3800048828125,152.41917419433594,1596700,0.0,0.0
2024-03-15 00:00:00-04:00,157.86000061035156,162.7100067138672,157.4600067138672,162.1999969482422,155.11598205566406,9247300,0.0,0.0
2024-03-18 00:00:00-04:00,161.3300018310547,163.3300018310547,160.8300018310547,163.00999450683594,155.89060974121094,1525800,0.0,0.0
2024-03-19 00:00:00-04:00,164.10000610351562,164.3000030517578,161.27000427246094,162.36000061035156,155.26898193359375,1994900,0.0,0.0
2024-03-20 00:00:00-04:00,162.11000061035156,162.86000061035156,160.52000427246094,161.1699981689453,154.13096618652344,1548400,0.0,0.0
2024-03-21 00:00:00-04:00,160.11000061035156,162.72999572753906,159.7100067138672,162.1699981689453,155.08729553222656,1954600,0.0,0.0
2024-03-22 00:00:00-04:00,163.0,165.57000732421875,162.5,165.25,158.0327911376953,1572500,0.0,0.0
2024-03-25 00:00:00-04:00,166.52000427246094,169.66000366210938,166.22000122070312,168.97000122070312,161.59033203125,2459700,0.0,0.0
2024-03-26 00:00:00-04:00,169.3699951171875,171.61000061035156,169.1300048828125,170.80999755859375,163.34996032714844,1704600,0.0,0.0
2024-03-27 00:00:00-04:00,171.0800018310547,171.60000610351562,168.4499969482422,169.83999633789062,162.42234802246094,1469600,0.0,0.0
2024-03-28 00:00:00-04:00,172.02999877929688,173.47000122070312,171.10000610351562,173.00999450683594,165.4539031982422,1735800,0.0,0.0
2024-04-01 00:00:00-04:00,173.0800018310547,173.5,171.2899932861328,172.57000732421875,165.03309631347656,1397800,0.0,0.0
2024-04-02 00:00:00-04:00,173.00999450683594,173.77000427246094,171.92999267578125,172.5399932861328,165.00439453125,1503100,0.0,0.0
2024-04-03 00:00:00-04:00,172.63999938964844,173.8000030517578,172.3000030517578,173.4199981689453,165.84597778320312,930300,0.0,0.0
2024-04-04 00:00:00-04:00,174.0500030517578,174.57000732421875,170.38999938964844,171.22999572753906,163.75161743164062,1242300,0.0,0.0
2024-04-05 00:00:00-04:00,171.92999267578125,173.4600067138672,171.25,172.82000732421875,165.27220153808594,999000,0.0,0.0
2024-04-08 00:00:00-04:00,173.30999755859375,173.58999633789062,172.0,172.36000061035156,164.832275390625,1004400,0.0,0.0
2024-04-09 00:00:00-04:00,172.44000244140625,172.9199981689453,166.92999267578125,168.3300018310547,160.97828674316406,1218600,0.0,0.0
2024-04-10 00:00:00-04:00,167.72000122070312,170.0,167.0800018310547,169.75,162.3362579345703,1288100,0.0,0.0
2024-04-11 00:00:00-04:00,168.8800048828125,168.8800048828125,165.52999877929688,165.61000061035156,158.3770751953125,1270300,0.0,0.0
2024-04-12 00:00:00-04:00,166.0,168.99000549316406,165.8699951171875,166.80999755859375,159.52464294433594,1711200,0.0,0.0
2024-04-15 00:00:00-04:00,168.77999877929688,168.86000061035156,165.47000122070312,165.75999450683594,158.52052307128906,1127000,0.0,0.0
2024-04-16 00:00:00-04:00,166.41000366210938,166.72000122070312,164.0800018310547,164.2100067138672,157.0382080078125,974800,0.0,0.0
2024-04-17 00:00:00-04:00,162.27000427246094,164.00999450683594,161.05999755859375,162.9199981689453,155.8045654296875,1581500,0.0,0.0
2024-04-18 00:00:00-04:00,165.10000610351562,169.52999877929688,164.67999267578125,169.11000061035156,161.72421264648438,2068300,0.0,0.0
2024-04-19 00:00:00-04:00,170.00999450683594,173.85000610351562,169.77000427246094,172.9600067138672,165.4060821533203,2368200,0.0,0.0
2024-04-22 00:00:00-04:00,173.16000366210938,176.1199951171875,172.41000366210938,175.41000366210938,167.74905395507812,1698300,0.0,0.0
2024-04-23 00:00:00-04:00,176.14999389648438,176.92999267578125,174.6699981689453,175.27999877929688,167.62472534179688,1410800,0.0,0.0
2024-04-24 00:00:00-04:00,174.85000610351562,174.85000610351562,171.32000732421875,172.27000427246094,164.74620056152344,1772400,0.0,0.0
2024-04-25 00:00:00-04:00,172.3000030517578,173.0800018310547,171.2899932861328,172.33999633789062,164.81314086914062,1161200,0.0,0.0
2024-04-26 00:00:00-04:00,170.75,170.9199981689453,168.02999877929688,170.07000732421875,162.64230346679688,1279000,0.0,0.0
2024-04-29 00:00:00-04:00,170.61000061035156,170.77999877929688,169.0500030517578,169.5800018310547,162.17369079589844,1238400,0.0,0.0
2024-04-30 00:00:00-04:00,169.74000549316406,170.67999267578125,168.5399932861328,170.05999755859375,162.63270568847656,1124600,0.0,0.0
2024-05-01 00:00:00-04:00,170.05999755859375,173.7899932861328,170.05999755859375,171.55999755859375,164.0671844482422,1693800,0.0,0.0
2024-05-02 00:00:00-04:00,176.0,177.3699951171875,168.2899932861328,169.17999267578125,161.79115295410156,3182100,0.0,0.0
2024-05-03 00:00:00-04:00,167.9600067138672,169.05999755859375,165.24000549316406,168.17999267578125,160.83480834960938,1668300,0.0,0.0
2024-05-06 00:00:00-04:00,169.52000427246094,170.86000061035156,168.85000610351562,170.0800018310547,162.65185546875,1183300,0.0,0.0
2024-05-07 00:00:00-04:00,170.35000610351562,170.74000549316406,167.8000030517578,168.19000244140625,160.84437561035156,1743400,0.0,0.0
2024-05-08 00:00:00-04:00,168.94000244140625,171.16000366210938,168.94000244140625,170.27999877929688,162.84310913085938,1295200,0.0,0.0
2024-05-09 00:00:00-04:00,169.77999877929688,171.67999267578125,169.38999938964844,171.4600067138672,163.97157287597656,986300,0.0,0.0
2024-05-10 00:00:00-04:00,172.1999969482422,173.02999877929688,171.32000732421875,172.7100067138672,165.16700744628906,901000,0.0,0.0
2024-05-13 00:00:00-04:00,172.91000366210938,173.75999450683594,169.66000366210938,169.8800048828125,162.46058654785156,1096000,0.0,0.0
2024-05-14 00:00:00-04:00,170.39999389648438,170.86000061035156,168.64999389648438,169.0800018310547,161.69552612304688,1135200,0.0,0.0
2024-05-15 00:00:00-04:00,167.69000244140625,169.24000549316406,165.10000610351562,166.27000427246094,159.00823974609375,1482300,0.0,0.0
2024-05-16 00:00:00-04:00,167.64999389648438,169.66000366210938,167.1300048828125,169.0800018310547,161.69552612304688,1173700,0.0,0.0
2024-05-17 00:00:00-04:00,170.5500030517578,170.6999969482422,168.9600067138672,169.50999450683594,162.10675048828125,988200,0.0,0.0
2024-05-20 00:00:00-04:00,169.50999450683594,169.75,167.55999755859375,167.86000061035156,160.52880859375,823400,0.0,0.0
2024-05-21 00:00:00-04:00,168.32000732421875,170.0500030517578,167.83999633789062,168.19000244140625,160.84437561035156,1901000,0.0,0.0
2024-05-22 00:00:00-04:00,168.14999389648438,168.99000549316406,165.08999633789062,166.1699981689453,158.91261291503906,1144600,0.0,0.0
2024-05-23 00:00:00-04:00,165.0,165.85000610351562,163.50999450683594,164.0,156.83738708496094,2039800,0.0,0.0
2024-05-24 00:00:00-04:00,164.5,164.97999572753906,164.0,164.83999633789062,157.64068603515625,988500,0.0,0.0
2024-05-28 00:00:00-04:00,164.36000061035156,165.24000549316406,162.80999755859375,164.6699981689453,157.47813415527344,1460200,0.0,0.0
2024-05-29 00:00:00-04:00,164.30999755859375,164.55999755859375,162.9199981689453,163.5,156.3592529296875,827900,0.0,0.0
2024-05-30 00:00:00-04:00,163.22000122070312,165.22000122070312,162.5500030517578,164.97999572753906,157.77456665039062,1366200,0.0,0.0
2024-05-31 00:00:00-04:00,164.57000732421875,167.77000427246094,164.2899932861328,167.52000427246094,161.10202026367188,2329200,0.92,0.0
2024-06-03 00:00:00-04:00,166.8800048828125,167.7100067138672,162.72000122070312,164.1199951171875,157.832275390625,1503800,0.0,0.0
2024-06-04 00:00:00-04:00,163.1699981689453,164.60000610351562,162.22999572753906,163.4199981689453,157.1591033935547,1680300,0.0,0.0
2024-06-05 00:00:00-04:00,163.50999450683594,164.41000366210938,160.83999633789062,163.3000030517578,157.043701171875,1181700,0.0,0.0
2024-06-06 00:00:00-04:00,163.52999877929688,164.52999877929688,161.94000244140625,163.1199951171875,156.87057495117188,942100,0.0,0.0
2024-06-07 00:00:00-04:00,163.99000549316406,166.33999633789062,163.13999938964844,165.05999755859375,158.7362518310547,1351800,0.0,0.0
2024-06-10 00:00:00-04:00,165.00999450683594,165.07000732421875,162.9499969482422,163.80999755859375,157.53414916992188,818900,0.0,0.0
2024-06-11 00:00:00-04:00,163.5399932861328,163.5399932861328,161.19000244140625,161.60000610351562,155.40882873535156,1111100,0.0,0.0
2024-06-12 00:00:00-04:00,161.0,163.3000030517578,159.83999633789062,160.6300048828125,154.4759979248047,1280700,0.0,0.0
2024-06-13 00:00:00-04:00,160.60000610351562,160.91000366210938,158.42999267578125,160.8300018310547,154.6683349609375,1188100,0.0,0.0
2024-06-14 00:00:00-04:00,158.4499969482422,159.27999877929688,156.75999450683594,157.07000732421875,151.05239868164062,1986600,0.0,0.0
2024-06-17 00:00:00-04:00,157.52999877929688,158.75,156.66000366210938,158.74000549316406,152.6584014892578,2557800,0.0,0.0
2024-06-18 00:00:00-04:00,157.27999877929688,161.83999633789062,156.8699951171875,160.05999755859375,153.92784118652344,1920000,0.0,0.0
2024-06-20 00:00:00-04:00,164.1699981689453,164.5500030517578,160.27999877929688,162.58999633789062,156.36090087890625,1909800,0.0,0.0
2024-06-21 00:00:00-04:00,161.0500030517578,161.0500030517578,158.67999267578125,160.50999450683594,154.36058044433594,2016600,0.0,0.0
2024-06-24 00:00:00-04:00,160.6699981689453,164.10000610351562,160.5500030517578,162.41000366210938,156.1877899169922,1301700,0.0,0.0
2024-06-25 00:00:00-04:00,162.89999389648438,163.0399932861328,160.4499969482422,161.33999633789062,155.15879821777344,1165000,0.0,0.0
2024-06-26 00:00:00-04:00,160.91000366210938,160.91000366210938,157.47999572753906,158.36000061035156,152.29296875,1196900,0.0,0.0
2024-06-27 00:00:00-04:00,158.7100067138672,160.14999389648438,157.88999938964844,160.00999450683594,153.87973022460938,1222200,0.0,0.0
2024-06-28 00:00:00-04:00,160.25,160.9600067138672,158.57000732421875,159.66000366210938,153.54315185546875,2576300,0.0,0.0
2024-07-01 00:00:00-04:00,161.33999633789062,161.74000549316406,159.60000610351562,160.5399932861328,154.389404296875,1187300,0.0,0.0
2024-07-02 00:00:00-04:00,159.2899932861328,160.22000122070312,158.27000427246094,160.17999267578125,154.04322814941406,1245800,0.0,0.0
2024-07-03 00:00:00-04:00,159.89999389648438,160.74000549316406,158.77000427246094,159.44000244140625,153.33157348632812,701200,0.0,0.0
2024-07-05 00:00:00-04:00,159.19000244140625,159.19000244140625,157.5,158.42999267578125,152.3602752685547,920100,0.0,0.0
2024-07-08 00:00:00-04:00,158.8800048828125,160.58999633789062,158.38999938964844,159.5399932861328,153.42774963378906,1278700,0.0,0.0
2024-07-09 00:00:00-04:00,159.17999267578125,160.89999389648438,158.5399932861328,158.72000122070312,152.63917541503906,1050900,0.0,0.0
2024-07-10 00:00:00-04:00,159.2899932861328,160.42999267578125,158.17999267578125,159.97000122070312,153.84127807617188,1172700,0.0,0.0
2024-07-11 00:00:00-04:00,159.44000244140625,162.16000366210938,158.0399932861328,162.0399932861328,155.8319549560547,1085300,0.0,0.0
2024-07-12 00:00:00-04:00,162.5,164.25999450683594,161.82000732421875,163.69000244140625,157.41876220703125,1097000,0.0,0.0
2024-07-15 00:00:00-04:00,164.25,167.22000122070312,164.0500030517578,166.91000366210938,160.51536560058594,1259900,0.0,0.0
2024-07-16 00:00:00-04:00,168.07000732421875,169.22999572753906,166.8800048828125,167.80999755859375,161.3809356689453,1307200,0.0,0.0
2024-07-17 00:00:00-04:00,168.63999938964844,171.0399932861328,168.63999938964844,170.6999969482422,164.16018676757812,1079000,0.0,0.0
2024-07-18 00:00:00-04:00,173.5,179.92999267578125,173.07000732421875,176.69000244140625,169.9207000732422,2535100,0.0,0.0
2024-07-19 00:00:00-04:00,177.5399932861328,177.5399932861328,174.02999877929688,174.3800048828125,167.69920349121094,1239500,0.0,0.0
2024-07-22 00:00:00-04:00,175.5,175.7100067138672,174.00999450683594,174.8300018310547,168.13197326660156,960700,0.0,0.0
2024-07-23 00:00:00-04:00,174.50999450683594,175.88999938964844,173.38999938964844,173.60000610351562,166.94908142089844,903500,0.0,0.0
2024-07-24 00:00:00-04:00,174.6199951171875,176.44000244140625,172.25,172.33999633789062,165.73739624023438,1232700,0.0,0.0
2024-07-25 00:00:00-04:00,172.88999938964844,176.22000122070312,162.27000427246094,165.39999389648438,159.06324768066406,3802300,0.0,0.0
2024-07-26 00:00:00-04:00,166.4600067138672,171.17999267578125,166.4600067138672,169.1699981689453,162.68881225585938,1913700,0.0,0.0
2024-07-29 00:00:00-04:00,169.47999572753906,171.27999877929688,168.2899932861328,169.22999572753906,162.7465057373047,1471600,0.0,0.0
2024-07-30 00:00:00-04:00,169.99000549316406,173.91000366210938,169.99000549316406,173.58999633789062,166.93946838378906,1172900,0.0,0.0
2024-07-31 00:00:00-04:00,172.9600067138672,173.61000061035156,171.0,171.1199951171875,164.5640869140625,1194200,0.0,0.0
2024-08-01 00:00:00-04:00,174.5,180.8699951171875,173.0,177.3800048828125,170.5842742919922,2443500,0.0,0.0
2024-08-02 00:00:00-04:00,176.52000427246094,179.9600067138672,173.88999938964844,176.82000732421875,170.04574584960938,1699600,0.0,0.0
2024-08-05 00:00:00-04:00,176.85000610351562,176.85000610351562,168.36000061035156,169.02000427246094,162.5445556640625,1922600,0.0,0.0
2024-08-06 00:00:00-04:00,169.27999877929688,172.22000122070312,169.2100067138672,169.7899932861328,163.28501892089844,2327900,0.0,0.0
2024-08-07 00:00:00-04:00,170.47000122070312,174.75,170.14999389648438,170.6699981689453,164.13134765625,1155000,0.0,0.0
2024-08-08 00:00:00-04:00,169.94000244140625,171.5800018310547,169.1999969482422,170.52000427246094,163.98707580566406,1006800,0.0,0.0
2024-08-09 00:00:00-04:00,170.6699981689453,171.6699981689453,170.13999938964844,171.02999877929688,164.47755432128906,1000100,0.0,0.0
2024-08-12 00:00:00-04:00,172.83999633789062,173.02999877929688,170.5399932861328,171.36000061035156,164.79489135742188,1026100,0.0,0.0
2024-08-13 00:00:00-04:00,171.5800018310547,173.42999267578125,169.9499969482422,171.9600067138672,165.37191772460938,1066500,0.0,0.0
2024-08-14 00:00:00-04:00,176.0,181.33999633789062,175.75999450683594,180.9499969482422,174.0175018310547,2231000,0.0,0.0
2024-08-15 00:00:00-04:00,182.8800048828125,184.30999755859375,177.60000610351562,178.11000061035156,171.2863006591797,2263300,0.0,0.0
2024-08-16 00:00:00-04:00,178.5399932861328,180.17999267578125,176.89999389648438,179.63999938964844,172.75767517089844,1236000,0.0,0.0
2024-08-19 00:00:00-04:00,179.0399932861328,180.83999633789062,179.0399932861328,180.6199951171875,173.7001495361328,1039000,0.0,0.0
2024-08-20 00:00:00-04:00,180.74000549316406,181.14999389648438,179.39999389648438,180.41000366210938,173.49818420410156,1261500,0.0,0.0
2024-08-21 00:00:00-04:00,181.55999755859375,182.27000427246094,178.33999633789062,178.83999633789062,171.98831176757812,1866000,0.0,0.0
2024-08-22 00:00:00-04:00,179.41000366210938,181.3000030517578,178.35000610351562,181.22999572753906,174.28675842285156,2559700,0.0,0.0
2024-08-23 00:00:00-04:00,181.85000610351562,181.8800048828125,179.00999450683594,180.50999450683594,173.59434509277344,1527500,0.0,0.0
2024-08-26 00:00:00-04:00,180.4499969482422,184.00999450683594,180.14999389648438,183.08999633789062,176.07550048828125,1858100,0.0,0.0
2024-08-27 00:00:00-04:00,183.60000610351562,185.52000427246094,183.00999450683594,185.13999938964844,178.04698181152344,1204400,0.0,0.0
2024-08-28 00:00:00-04:00,185.27999877929688,187.60000610351562,184.74000549316406,187.05999755859375,179.89340209960938,1569700,0.0,0.0
2024-08-29 00:00:00-04:00,186.8000030517578,188.8000030517578,185.52000427246094,188.35000610351562,181.13401794433594,1397700,0.0,0.0
2024-08-30 00:00:00-04:00,187.4600067138672,189.25999450683594,186.82000732421875,188.94000244140625,182.59327697753906,1430400,0.92,0.0
2024-09-03 00:00:00-04:00,190.0,191.3300018310547,188.8699951171875,189.1999969482422,182.84454345703125,2314600,0.0,0.0
2024-09-04 00:00:00-04:00,190.7100067138672,190.75,188.1699981689453,189.8699951171875,183.49203491210938,1212700,0.0,0.0
2024-09-05 00:00:00-04:00,190.1699981689453,190.1699981689453,183.8300018310547,185.75999450683594,179.52008056640625,1723700,0.0,0.0
2024-09-06 00:00:00-04:00,187.63999938964844,188.44000244140625,184.35000610351562,185.36000061035156,179.13352966308594,1687600,0.0,0.0
2024-09-09 00:00:00-04:00,186.4199981689453,189.0500030517578,185.49000549316406,187.1999969482422,180.91172790527344,1274300,0.0,0.0
2024-09-10 00:00:00-04:00,187.69000244140625,188.1699981689453,184.3300018310547,184.8699951171875,178.6599884033203,1298100,0.0,0.0
2024-09-11 00:00:00-04:00,184.4600067138672,184.99000549316406,181.08999633789062,184.38999938964844,178.1961212158203,1765600,0.0,0.0
2024-09-12 00:00:00-04:00,183.75999450683594,186.38999938964844,182.97000122070312,186.10000610351562,179.84866333007812,994200,0.0,0.0
2024-09-13 00:00:00-04:00,187.5,188.63999938964844,186.6199951171875,188.3000030517578,181.9747772216797,1058500,0.0,0.0
2024-09-16 00:00:00-04:00,189.60000610351562,191.3000030517578,188.5,190.55999755859375,184.15884399414062,994900,0.0,0.0
2024-09-17 00:00:00-04:00,190.39999389648438,191.17999267578125,187.4199981689453,190.25999450683594,183.86891174316406,948800,0.0,0.0
2024-09-18 00:00:00-04:00,190.24000549316406,191.55999755859375,189.42999267578125,191.00999450683594,184.59373474121094,1235400,0.0,0.0
2024-09-19 00:00:00-04:00,191.5,192.5,187.3000030517578,190.67999267578125,184.2748260498047,1594900,0.0,0.0
2024-09-20 00:00:00-04:00,191.10000610351562,193.19000244140625,190.13999938964844,191.0,184.5840606689453,4397100,0.0,0.0
2024-09-23 00:00:00-04:00,191.63999938964844,193.97000122070312,191.47000122070312,192.88999938964844,186.41061401367188,1712000,0.0,0.0
2024-09-24 00:00:00-04:00,193.0,193.0,190.5399932861328,191.82000732421875,185.37655639648438,1339700,0.0,0.0
2024-09-25 00:00:00-04:00,192.5800018310547,192.97000122070312,189.6999969482422,190.0,183.61766052246094,1234900,0.0,0.0
2024-09-26 00:00:00-04:00,189.16000366210938,190.92999267578125,188.0,188.69000244140625,182.35165405273438,835700,0.0,0.0
2024-09-27 00:00:00-04:00,188.0,189.52000427246094,188.0,188.36000061035156,182.0327606201172,890700,0.0,0.0
2024-09-30 00:00:00-04:00,189.0,189.8800048828125,186.0,189.64999389648438,183.2794189453125,1024500,0.0,0.0
2024-10-01 00:00:00-04:00,189.22000122070312,191.55999755859375,188.0,189.8800048828125,183.50172424316406,1142500,0.0,0.0
2024-10-02 00:00:00-04:00,189.57000732421875,190.8699951171875,189.3800048828125,190.22000122070312,183.83029174804688,729700,0.0,0.0
2024-10-03 00:00:00-04:00,190.3300018310547,190.50999450683594,187.05999755859375,187.83999633789062,181.53021240234375,1295500,0.0,0.0
2024-10-04 00:00:00-04:00,187.3800048828125,190.7899932861328,187.16000366210938,190.57000732421875,184.1685333251953,704700,0.0,0.0
2024-10-07 00:00:00-04:00,189.9499969482422,190.07000732421875,179.0500030517578,181.25,175.1615753173828,2924000,0.0,0.0
2024-10-08 00:00:00-04:00,182.24000549316406,183.91000366210938,181.63999938964844,182.8699951171875,176.7271728515625,1167900,0.0,0.0
2024-10-09 00:00:00-04:00,182.0399932861328,185.6699981689453,181.02999877929688,184.91000366210938,178.69866943359375,1003200,0.0,0.0
2024-10-10 00:00:00-04:00,191.75999450683594,191.75999450683594,185.10000610351562,185.7899932861328,179.54905700683594,1271600,0.0,0.0
2024-10-11 00:00:00-04:00,187.60000610351562,188.67999267578125,186.36000061035156,188.27999877929688,181.95545959472656,1240600,0.0,0.0
2024-10-14 00:00:00-04:00,188.30999755859375,191.19000244140625,186.97000122070312,190.52999877929688,184.12986755371094,1200100,0.0,0.0
2024-10-15 00:00:00-04:00,191.97999572753906,195.8699951171875,190.97999572753906,193.00999450683594,186.52655029296875,2423500,0.0,0.0
2024-10-16 00:00:00-04:00,192.1999969482422,195.8699951171875,192.1999969482422,195.64999389648438,189.07786560058594,1459200,0.0,0.0
2024-10-17 00:00:00-04:00,197.5,198.7899932861328,193.58999633789062,195.50999450683594,188.94256591796875,1918200,0.0,0.0
2024-10-18 00:00:00-04:00,194.82000732421875,195.72000122070312,193.52000427246094,195.3699951171875,188.80726623535156,1051600,0.0,0.0
2024-10-21 00:00:00-04:00,194.9499969482422,195.27999877929688,192.4199981689453,192.63999938964844,186.1689910888672,1163200,0.0,0.0
2024-10-22 00:00:00-04:00,191.69000244140625,193.1300048828125,190.32000732421875,192.77999877929688,186.30429077148438,777700,0.0,0.0
2024-10-23 00:00:00-04:00,192.00999450683594,193.8000030517578,191.47000122070312,192.77999877929688,186.30429077148438,1166600,0.0,0.0
2024-10-24 00:00:00-04:00,193.41000366210938,194.4600067138672,191.60000610351562,192.0,185.55047607421875,977700,0.0,0.0
2024-10-25 00:00:00-04:00,192.0,193.1199951171875,187.94000244140625,188.1199951171875,181.80081176757812,1154000,0.0,0.0
2024-10-28 00:00:00-04:00,189.0,189.94000244140625,188.25,189.2100067138672,182.8542022705078,1778300,0.0,0.0
2024-10-29 00:00:00-04:00,189.13999938964844,189.6300048828125,186.4600067138672,186.57000732421875,180.30291748046875,1207200,0.0,0.0
2024-10-30 00:00:00-04:00,187.38999938964844,189.75999450683594,187.38999938964844,189.44000244140625,183.0764923095703,1469100,0.0,0.0
2024-10-31 00:00:00-04:00,195.0,195.10000610351562,185.6199951171875,186.52000427246094,180.2545623779297,3914800,0.0,0.0
2024-11-01 00:00:00-04:00,186.14999389648438,187.52999877929688,183.75,184.14999389648438,177.9641876220703,1533700,0.0,0.0
2024-11-04 00:00:00-05:00,185.17999267578125,185.17999267578125,182.00999450683594,182.3699951171875,176.2439727783203,1431200,0.0,0.0
2024-11-05 00:00:00-05:00,182.52999877929688,185.49000549316406,181.24000549316406,185.05999755859375,178.84359741210938,1626500,0.0,0.0
2024-11-06 00:00:00-05:00,195.19000244140625,195.19000244140625,186.94000244140625,188.7899932861328,182.44830322265625,2349500,0.0,0.0
2024-11-07 00:00:00-05:00,189.60000610351562,191.1999969482422,186.86000061035156,190.5500030517578,184.14920043945312,1282300,0.0,0.0
2024-11-08 00:00:00-05:00,193.50999450683594,198.55999755859375,191.75,196.89999389648438,190.285888671875,2018600,0.0,0.0
2024-11-11 00:00:00-05:00,197.99000549316406,201.0,197.1699981689453,197.52000427246094,190.8850555419922,1339700,0.0,0.0
2024-11-12 00:00:00-05:00,197.6300048828125,199.22000122070312,196.57000732421875,198.10000610351562,191.44558715820312,959600,0.0,0.0
2024-11-13 00:00:00-05:00,198.0,199.75,196.99000549316406,197.3000030517578,190.67245483398438,1128100,0.0,0.0
2024-11-14 00:00:00-05:00,196.72000122070312,197.91000366210938,194.9600067138672,195.77999877929688,189.20352172851562,953100,0.0,0.0
2024-11-15 00:00:00-05:00,196.02000427246094,198.4199981689453,196.02000427246094,196.8800048828125,190.26657104492188,1397400,0.0,0.0
2024-11-18 00:00:00-05:00,196.6199951171875,200.07000732421875,196.3800048828125,199.97000122070312,193.2527618408203,1108700,0.0,0.0
2024-11-19 00:00:00-05:00,198.88999938964844,199.5,196.35000610351562,196.60000610351562,189.9959716796875,1134400,0.0,0.0
2024-11-20 00:00:00-05:00,197.6999969482422,198.6300048828125,196.13999938964844,197.2899932861328,190.6627960205078,983200,0.0,0.0
2024-11-21 00:00:00-05:00,199.63999938964844,203.5399932861328,197.8800048828125,203.47999572753906,196.6448516845703,2437200,0.0,0.0
2024-11-22 00:00:00-05:00,202.85000610351562,205.35000610351562,202.2100067138672,203.8000030517578,196.95411682128906,2346300,0.0,0.0
2024-11-25 00:00:00-05:00,202.83999633789062,205.17999267578125,201.77999877929688,202.02999877929688,195.2435760498047,4504400,0.0,0.0
2024-11-26 00:00:00-05:00,204.3800048828125,208.22999572753906,202.38999938964844,207.8699951171875,200.8873748779297,2010500,0.0,0.0
2024-11-27 00:00:00-05:00,207.75,209.8800048828125,206.6300048828125,208.1999969482422,201.206298828125,1429600,0.0,0.0
2024-11-29 00:00:00-05:00,207.8800048828125,208.72000122070312,207.02999877929688,207.38999938964844,201.31307983398438,698700,0.92,0.0
2024-12-02 00:00:00-05:00,207.80999755859375,208.30999755859375,204.25999450683594,204.38999938964844,198.40098571777344,1282900,0.0,0.0
2024-12-03 00:00:00-05:00,205.27999877929688,205.50999450683594,202.58999633789062,203.39999389648438,197.4400177001953,1277300,0.0,0.0
2024-12-04 00:00:00-05:00,203.17999267578125,205.8300018310547,202.0399932861328,204.9499969482422,198.944580078125,1360900,0.0,0.0
2024-12-05 00:00:00-05:00,205.75,206.88999938964844,204.11000061035156,204.22999572753906,198.24566650390625,1165000,0.0,0.0
2024-12-06 00:00:00-05:00,203.27999877929688,204.88999938964844,201.5399932861328,203.63999938964844,197.6729736328125,1050700,0.0,0.0
2024-12-09 00:00:00-05:00,202.7100067138672,204.4199981689453,198.89999389648438,199.0399932861328,193.20773315429688,2307200,0.0,0.0
2024-12-10 00:00:00-05:00,199.4499969482422,199.69000244140625,194.8000030517578,195.05999755859375,189.34437561035156,1667300,0.0,0.0
2024-12-11 00:00:00-05:00,195.11000061035156,196.07000732421875,191.13999938964844,193.3000030517578,187.6359405517578,1541400,0.0,0.0
2024-12-12 00:00:00-05:00,194.52000427246094,195.1300048828125,191.94000244140625,192.3000030517578,186.6652374267578,1113000,0.0,0.0
2024-12-13 00:00:00-05:00,193.82000732421875,197.69000244140625,193.6300048828125,196.25999450683594,190.50921630859375,1803000,0.0,0.0
2024-12-16 00:00:00-05:00,197.00999450683594,198.60000610351562,194.8800048828125,195.02000427246094,189.30555725097656,1409100,0.0,0.0
2024-12-17 00:00:00-05:00,194.16000366210938,194.50999450683594,191.6300048828125,193.39999389648438,187.73301696777344,1324400,0.0,0.0
2024-12-18 00:00:00-05:00,192.49000549316406,193.69000244140625,189.08999633789062,189.25,183.70462036132812,1378400,0.0,0.0
2024-12-19 00:00:00-05:00,189.66000366210938,192.1300048828125,188.3800048828125,189.7899932861328,184.22879028320312,1478500,0.0,0.0
2024-12-20 00:00:00-05:00,188.42999267578125,194.9199981689453,187.41000366210938,193.55999755859375,187.88833618164062,2351800,0.0,0.0
2024-12-23 00:00:00-05:00,192.5500030517578,193.83999633789062,191.6999969482422,193.6300048828125,187.95628356933594,1336100,0.0,0.0
2024-12-24 00:00:00-05:00,193.8699951171875,195.82000732421875,192.9199981689453,195.52000427246094,189.7908935546875,453200,0.0,0.0
2024-12-26 00:00:00-05:00,195.4600067138672,195.9199981689453,194.52000427246094,195.6199951171875,189.88796997070312,563300,0.0,0.0
2024-12-27 00:00:00-05:00,194.16000366210938,195.7899932861328,192.58999633789062,193.8000030517578,188.1212921142578,1094400,0.0,0.0
2024-12-30 00:00:00-05:00,192.85000610351562,193.1300048828125,189.75999450683594,192.5500030517578,186.90792846679688,1041700,0.0,0.0
2024-12-31 00:00:00-05:00,192.52999877929688,193.39999389648438,191.8000030517578,192.7899932861328,187.14089965820312,758000,0.0,0.0
2025-01-02 00:00:00-05:00,193.02999877929688,193.75999450683594,190.4199981689453,191.9499969482422,186.32550048828125,1721900,0.0,0.0
2025-01-03 00:00:00-05:00,192.72000122070312,193.5,190.83999633789062,191.4499969482422,185.8401641845703,1431600,0.0,0.0
2025-01-06 00:00:00-05:00,191.6199951171875,192.5500030517578,185.35000610351562,185.91000366210938,180.46249389648438,2622900,0.0,0.0
2025-01-07 00:00:00-05:00,186.08999633789062,187.60000610351562,184.19000244140625,186.0399932861328,180.58865356445312,2265500,0.0,0.0
2025-01-08 00:00:00-05:00,188.72000122070312,191.83999633789062,185.02000427246094,191.8000030517578,186.17990112304688,2401700,0.0,0.0
2025-01-10 00:00:00-05:00,188.6199951171875,190.75,176.4600067138672,180.99000549316406,175.68666076660156,4642100,0.0,0.0
2025-01-13 00:00:00-05:00,178.39999389648438,184.35000610351562,178.1300048828125,182.5399932861328,177.1912078857422,2381500,0.0,0.0
2025-01-14 00:00:00-05:00,183.2899932861328,187.07000732421875,181.94000244140625,186.80999755859375,181.33612060546875,1554500,0.0,0.0
2025-01-15 00:00:00-05:00,189.0,190.16000366210938,186.9499969482422,188.02999877929688,182.52037048339844,1672300,0.0,0.0
2025-01-16 00:00:00-05:00,188.41000366210938,191.9600067138672,187.77999877929688,191.10000610351562,185.50042724609375,1502000,0.0,0.0
2025-01-17 00:00:00-05:00,191.30999755859375,192.88999938964844,188.6300048828125,188.89999389648438,183.36488342285156,1519000,0.0,0.0
2025-01-21 00:00:00-05:00,190.22999572753906,193.32000732421875,189.50999450683594,189.75,184.18997192382812,1609200,0.0,0.0
2025-01-22 00:00:00-05:00,191.02000427246094,191.88999938964844,184.89999389648438,185.25,179.8218231201172,1856800,0.0,0.0
2025-01-23 00:00:00-05:00,185.25,188.02000427246094,184.2100067138672,184.66000366210938,179.24911499023438,2241700,0.0,0.0
2025-01-24 00:00:00-05:00,184.5500030517578,186.5,183.89999389648438,186.07000732421875,180.61781311035156,1215500,0.0,0.0
2025-01-27 00:00:00-05:00,187.32000732421875,193.27000427246094,187.2100067138672,193.19000244140625,187.52919006347656,1518700,0.0,0.0
2025-01-28 00:00:00-05:00,192.0800018310547,192.9199981689453,190.22999572753906,190.9600067138672,185.36451721191406,875600,0.0,0.0
2025-01-29 00:00:00-05:00,189.97000122070312,192.9499969482422,189.80999755859375,190.80999755859375,185.2189178466797,724800,0.0,0.0
2025-01-30 00:00:00-05:00,192.82000732421875,194.41000366210938,191.7899932861328,193.8300018310547,188.15040588378906,879600,0.0,0.0
2025-01-31 00:00:00-05:00,194.0,194.5800018310547,192.27999877929688,192.3300018310547,186.69436645507812,1619400,0.0,0.0
2025-02-03 00:00:00-05:00,190.8800048828125,192.77000427246094,187.49000549316406,191.97999572753906,186.35462951660156,1223700,0.0,0.0
2025-02-04 00:00:00-05:00,191.17999267578125,193.47999572753906,190.47999572753906,190.8699951171875,185.27716064453125,1109100,0.0,0.0
2025-02-05 00:00:00-05:00,193.3300018310547,193.3300018310547,190.9199981689453,193.00999450683594,187.3544464111328,1288600,0.0,0.0
2025-02-06 00:00:00-05:00,195.0,199.0399932861328,189.91000366210938,191.8800048828125,186.25755310058594,2641200,0.0,0.0
2025-02-07 00:00:00-05:00,192.0,192.75999450683594,188.02999877929688,190.24000549316406,184.66561889648438,1928100,0.0,0.0
2025-02-10 00:00:00-05:00,189.72999572753906,190.14999389648438,185.52999877929688,186.5800018310547,181.1128692626953,1544200,0.0,0.0
2025-02-11 00:00:00-05:00,186.89999389648438,190.86000061035156,184.74000549316406,189.42999267578125,183.87933349609375,1374600,0.0,0.0
2025-02-12 00:00:00-05:00,188.08999633789062,189.4600067138672,186.02999877929688,189.3300018310547,183.78225708007812,2641300,0.0,0.0
2025-02-13 00:00:00-05:00,190.0,193.0800018310547,188.2100067138672,192.77000427246094,187.12147521972656,1889100,0.0,0.0
2025-02-14 00:00:00-05:00,192.11000061035156,192.69000244140625,185.8000030517578,187.6300048828125,182.13209533691406,3917900,0.0,0.0
2025-02-18 00:00:00-05:00,188.24000549316406,190.85000610351562,187.72999572753906,188.9499969482422,183.4134063720703,3622000,0.0,0.0
2025-02-19 00:00:00-05:00,188.6999969482422,191.7899932861328,187.97999572753906,191.60000610351562,185.9857635498047,1142800,0.0,0.0
2025-02-20 00:00:00-05:00,190.0,190.49000549316406,185.60000610351562,189.17999267578125,183.63665771484375,1382200,0.0,0.0
2025-02-21 00:00:00-05:00,188.92999267578125,189.75,185.39999389648438,185.66000366210938,180.21981811523438,1428000,0.0,0.0
2025-02-24 00:00:00-05:00,186.63999938964844,190.3000030517578,186.49000549316406,188.75,183.2192840576172,2009400,0.0,0.0
2025-02-25 00:00:00-05:00,190.25,191.4199981689453,188.9199981689453,190.47999572753906,184.89857482910156,912200,0.0,0.0
2025-02-26 00:00:00-05:00,190.11000061035156,190.9499969482422,187.5500030517578,188.42999267578125,182.9086151123047,1269200,0.0,0.0
2025-02-27 00:00:00-05:00,190.47000122070312,195.17999267578125,189.38999938964844,195.05999755859375,189.34437561035156,1397600,0.0,0.0
2025-02-28 00:00:00-05:00,196.94000244140625,199.94000244140625,195.6699981689453,199.14999389648438,193.3145294189453,3365900,0.0,0.0
2025-03-03 00:00:00-05:00,199.52999877929688,203.3000030517578,199.52999877929688,202.05999755859375,196.13926696777344,1775200,0.0,0.0
2025-03-04 00:00:00-05:00,202.25999450683594,202.5,198.4199981689453,199.02999877929688,193.19805908203125,2513400,0.0,0.0
2025-03-05 00:00:00-05:00,200.9499969482422,201.49000549316406,196.92999267578125,199.55999755859375,193.71250915527344,1598200,0.0,0.0
2025-03-06 00:00:00-05:00,198.14999389648438,198.5399932861328,195.5399932861328,197.42999267578125,191.6449432373047,1460100,0.0,0.0
2025-03-07 00:00:00-05:00,197.3000030517578,201.4199981689453,195.77999877929688,200.72999572753906,194.84825134277344,1957900,0.0,0.0
2025-03-10 00:00:00-04:00,198.6300048828125,203.52999877929688,197.32000732421875,198.74000549316406,193.88243103027344,2711800,1.0,0.0
2025-03-11 00:00:00-04:00,198.49000549316406,203.60000610351562,194.16000366210938,201.5800018310547,196.6529998779297,3412600,0.0,0.0
2025-03-12 00:00:00-04:00,201.2100067138672,201.4199981689453,192.8300018310547,198.25,193.4044189453125,2688800,0.0,0.0
2025-03-13 00:00:00-04:00,199.0,202.25,199.0,202.0,197.06275939941406,1674200,0.0,0.0
2025-03-14 00:00:00-04:00,202.64999389648438,207.86000061035156,201.25,207.49000549316406,202.41856384277344,2546000,0.0,0.0
2025-03-17 00:00:00-04:00,206.1199951171875,211.14999389648438,205.7100067138672,210.10000610351562,204.9647674560547,3318900,0.0,0.0
2025-03-18 00:00:00-04:00,209.4600067138672,209.9499969482422,204.97000122070312,205.33999633789062,200.3211212158203,1894300,0.0,0.0
2025-03-19 00:00:00-04:00,204.57000732421875,205.3000030517578,202.8000030517578,204.8699951171875,199.86260986328125,1787800,0.0,0.0
2025-03-20 00:00:00-04:00,207.13999938964844,212.91000366210938,207.13999938964844,210.17999267578125,205.04281616210938,2542700,0.0,0.0
2025-03-21 00:00:00-04:00,208.4600067138672,210.9199981689453,205.50999450683594,206.47000122070312,201.4235076904297,2888200,0.0,0.0
2025-03-24 00:00:00-04:00,207.0,208.00999450683594,205.72999572753906,207.3000030517578,202.2332000732422,1240800,0.0,0.0
2025-03-25 00:00:00-04:00,207.85000610351562,209.35000610351562,206.11000061035156,208.1199951171875,203.0331573486328,1064600,0.0,0.0
2025-03-26 00:00:00-04:00,209.32000732421875,211.22999572753906,208.02999877929688,209.27999877929688,204.16482543945312,1086700,0.0,0.0
2025-03-27 00:00:00-04:00,210.6199951171875,210.6199951171875,207.5,209.2899932861328,204.17459106445312,1827500,0.0,0.0
2025-03-28 00:00:00-04:00,209.83999633789062,209.83999633789062,204.8000030517578,206.4499969482422,201.4039764404297,2113400,0.0,0.0
2025-03-31 00:00:00-04:00,206.0399932861328,208.4600067138672,205.08999633789062,207.07000732421875,202.00885009765625,1926300,0.0,0.0
2025-04-01 00:00:00-04:00,207.7899932861328,210.17999267578125,206.36000061035156,207.5,202.42831420898438,1583600,0.0,0.0
2025-04-02 00:00:00-04:00,206.63999938964844,207.52999877929688,203.77000427246094,205.42999267578125,200.40890502929688,1674700,0.0,0.0
2025-04-03 00:00:00-04:00,202.47000122070312,208.44000244140625,202.27999877929688,205.32000732421875,200.30162048339844,2010700,0.0,0.0
2025-04-04 00:00:00-04:00,202.35000610351562,203.64999389648438,186.22999572753906,186.57000732421875,182.00990295410156,3352200,0.0,0.0
2025-04-07 00:00:00-04:00,183.1999969482422,187.38999938964844,176.0,180.52999877929688,176.11752319335938,4062000,0.0,0.0
2025-04-08 00:00:00-04:00,186.80999755859375,189.58999633789062,180.80999755859375,183.47000122070312,178.98565673828125,3087000,0.0,0.0
2025-04-09 00:00:00-04:00,180.0,194.22999572753906,180.0,193.0,188.28271484375,2844000,0.0,0.0
2025-04-10 00:00:00-04:00,191.80999755859375,193.99000549316406,186.6300048828125,190.7899932861328,186.12673950195312,1895500,0.0,0.0
2025-04-11 00:00:00-04:00,189.4199981689453,193.3699951171875,187.02999877929688,192.5500030517578,187.84371948242188,1876900,0.0,0.0
2025-04-14 00:00:00-04:00,194.22000122070312,197.44000244140625,193.3699951171875,195.5,190.72161865234375,1631900,0.0,0.0
2025-04-15 00:00:00-04:00,196.2100067138672,197.9199981689453,194.33999633789062,194.5399932861328,189.7850799560547,1691600,0.0,0.0
2025-04-16 00:00:00-04:00,196.0800018310547,197.72000122070312,192.9199981689453,194.24000549316406,189.49241638183594,1596100,0.0,0.0
2025-04-17 00:00:00-04:00,195.8000030517578,196.8300018310547,193.16000366210938,194.66000366210938,189.9021759033203,1905800,0.0,0.0
2025-04-21 00:00:00-04:00,192.05999755859375,192.99000549316406,184.6199951171875,186.9499969482422,182.38059997558594,1296100,0.0,0.0
2025-04-22 00:00:00-04:00,190.4199981689453,194.47999572753906,188.9499969482422,193.89999389648438,189.1607208251953,1499300,0.0,0.0
2025-04-23 00:00:00-04:00,194.6999969482422,196.41000366210938,192.85000610351562,194.72999572753906,189.970458984375,1137700,0.0,0.0
2025-04-24 00:00:00-04:00,193.89999389648438,195.88999938964844,192.33999633789062,194.86000061035156,190.09727478027344,914300,0.0,0.0
2025-04-25 00:00:00-04:00,194.74000549316406,194.86000061035156,190.6300048828125,192.91000366210938,188.19493103027344,1156100,0.0,0.0
2025-04-28 00:00:00-04:00,193.66000366210938,195.6300048828125,192.33999633789062,195.41000366210938,190.6338348388672,1504100,0.0,0.0
2025-04-29 00:00:00-04:00,194.74000549316406,199.35000610351562,194.72999572753906,198.7899932861328,193.9311981201172,1462300,0.0,0.0
2025-04-30 00:00:00-04:00,197.72999572753906,198.61000061035156,194.52999877929688,198.38999938964844,193.54098510742188,2307700,0.0,0.0
2025-05-01 00:00:00-04:00,194.69000244140625,198.3800048828125,192.52000427246094,197.24000549316406,192.41908264160156,2985100,0.0,0.0
2025-05-02 00:00:00-04:00,198.1300048828125,200.75999450683594,196.41000366210938,199.3000030517578,194.4287567138672,1508500,0.0,0.0
2025-05-05 00:00:00-04:00,198.6699981689453,201.49000549316406,197.16000366210938,200.25,195.35552978515625,1292700,0.0,0.0
2025-05-06 00:00:00-04:00,200.0,202.58999633789062,199.6199951171875,202.05999755859375,197.1212921142578,1119900,0.0,0.0
2025-05-07 00:00:00-04:00,202.75,204.55999755859375,202.0800018310547,204.07000732421875,199.08218383789062,1170000,0.0,0.0
2025-05-08 00:00:00-04:00,203.55999755859375,206.11000061035156,202.5500030517578,202.6199951171875,197.66758728027344,1185900,0.0,0.0
2025-05-09 00:00:00-04:00,202.6199951171875,203.27999877929688,202.11000061035156,202.63999938964844,197.68711853027344,707200,0.0,0.0
2025-05-12 00:00:00-04:00,203.5,204.77999877929688,199.35000610351562,202.49000549316406,197.54078674316406,1331600,0.0,0.0
2025-05-13 00:00:00-04:00,202.7899932861328,204.25999450683594,201.3000030517578,202.55999755859375,197.6090545654297,1077500,0.0,0.0
2025-05-14 00:00:00-04:00,203.0,203.0,197.42999267578125,200.58999633789062,195.68719482421875,1458800,0.0,0.0
2025-05-15 00:00:00-04:00,201.58999633789062,205.60000610351562,200.85000610351562,205.27000427246094,200.25283813476562,1126000,0.0,0.0
2025-05-16 00:00:00-04:00,205.6300048828125,209.13999938964844,204.67999267578125,209.05999755859375,203.95018005371094,1111000,0.0,0.0
2025-05-19 00:00:00-04:00,209.27000427246094,210.67999267578125,208.36000061035156,209.9499969482422,204.81845092773438,1029900,0.0,0.0
2025-05-20 00:00:00-04:00,209.02999877929688,210.22999572753906,207.9499969482422,208.1199951171875,203.0331573486328,1058600,0.0,0.0
2025-05-21 00:00:00-04:00,207.2899932861328,207.80999755859375,204.47000122070312,205.30999755859375,200.29185485839844,1516000,0.0,0.0
2025-05-22 00:00:00-04:00,205.4499969482422,205.4499969482422,200.5,202.52000427246094,197.57005310058594,1180000,0.0,0.0
2025-05-23 00:00:00-04:00,202.52000427246094,204.08999633789062,201.4199981689453,203.24000549316406,198.2724609375,821300,0.0,0.0
2025-05-27 00:00:00-04:00,204.74000549316406,207.39999389648438,203.0500030517578,207.25,202.18443298339844,1095400,0.0,0.0
2025-05-28 00:00:00-04:00,206.5399932861328,207.8699951171875,204.69000244140625,204.92999267578125,199.92112731933594,931100,0.0,0.0
2025-05-29 00:00:00-04:00,204.9600067138672,206.7899932861328,204.0,206.75999450683594,201.70640563964844,839000,0.0,0.0
2025-05-30 00:00:00-04:00,206.14999389648438,210.38999938964844,205.0,209.8699951171875,204.74038696289062,2491900,0.0,0.0
2025-06-02 00:00:00-04:00,208.42999267578125,212.6699981689453,206.9199981689453,212.63999938964844,207.44268798828125,1567800,0.0,0.0
2025-06-03 00:00:00-04:00,211.88999938964844,213.17999267578125,207.24000549316406,211.25999450683594,206.09642028808594,1263500,0.0,0.0
2025-06-04 00:00:00-04:00,211.05999755859375,212.4499969482422,206.7100067138672,206.7899932861328,201.73565673828125,1346600,0.0,0.0
2025-06-05 00:00:00-04:00,207.5399932861328,207.5399932861328,204.88999938964844,206.64999389648438,201.59909057617188,1000000,0.0,0.0
2025-06-06 00:00:00-04:00,208.0500030517578,209.19000244140625,207.0399932861328,208.05999755859375,202.97462463378906,1174000,0.0,0.0
2025-06-09 00:00:00-04:00,206.10000610351562,206.9600067138672,197.1999969482422,200.77000427246094,196.80874633789062,2427000,1.0,0.0
2025-06-10 00:00:00-04:00,200.0399932861328,200.1999969482422,195.47000122070312,196.39999389648438,192.5249481201172,1303100,0.0,0.0
2025-06-11 00:00:00-04:00,195.89999389648438,197.1199951171875,193.50999450683594,196.17999267578125,192.30929565429688,1904000,0.0,0.0
2025-06-12 00:00:00-04:00,196.1699981689453,200.49000549316406,195.63999938964844,200.32000732421875,196.36761474609375,1088900,0.0,0.0
2025-06-13 00:00:00-04:00,200.38999938964844,201.6699981689453,198.44000244140625,198.9199981689453,194.99522399902344,1330200,0.0,0.0
2025-06-16 00:00:00-04:00,199.5,201.85000610351562,199.14999389648438,199.61000061035156,195.67161560058594,1199800,0.0,0.0
2025-06-17 00:00:00-04:00,198.74000549316406,199.3699951171875,197.0,198.19000244140625,194.27964782714844,1060800,0.0,0.0
2025-06-18 00:00:00-04:00,195.4499969482422,196.72999572753906,191.0,195.6699981689453,191.80935668945312,3093600,0.0,0.0
2025-06-20 00:00:00-04:00,196.07000732421875,198.41000366210938,195.1999969482422,195.3300018310547,191.47607421875,3101500,0.0,0.0
2025-06-23 00:00:00-04:00,196.05999755859375,198.42999267578125,194.83999633789062,198.3300018310547,194.41688537597656,1448000,0.0,0.0
2025-06-24 00:00:00-04:00,198.02000427246094,198.02000427246094,195.3800048828125,196.0500030517578,192.18186950683594,1771600,0.0,0.0
2025-06-25 00:00:00-04:00,195.0,195.75,190.33999633789062,190.94000244140625,187.1726837158203,2291400,0.0,0.0
2025-06-26 00:00:00-04:00,191.97999572753906,194.4499969482422,191.27999877929688,194.14999389648438,190.3193359375,1611600,0.0,0.0
2025-06-27 00:00:00-04:00,194.27999877929688,196.1699981689453,192.94000244140625,195.75999450683594,191.8975830078125,3249500,0.0,0.0
2025-06-30 00:00:00-04:00,196.47000122070312,201.92999267578125,196.22999572753906,201.30999755859375,197.3380889892578,2385800,0.0,0.0
2025-07-01 00:00:00-04:00,201.32000732421875,201.99000549316406,197.72000122070312,200.13999938964844,196.191162109375,1533500,0.0,0.0
2025-07-02 00:00:00-04:00,200.25,200.25,192.27000427246094,194.69000244140625,190.8487091064453,1516100,0.0,0.0
2025-07-03 00:00:00-04:00,195.85000610351562,198.0,195.42999267578125,198.0,194.09339904785156,963000,0.0,0.0
2025-07-07 00:00:00-04:00,197.38999938964844,198.5,193.57000732421875,194.5399932861328,190.70164489746094,1597800,0.0,0.0
2025-07-08 00:00:00-04:00,193.1999969482422,195.55999755859375,192.3000030517578,193.39999389648438,189.5841522216797,2182200,0.0,0.0
2025-07-09 00:00:00-04:00,194.5,194.5,192.22000122070312,194.08999633789062,190.26052856445312,1018300,0.0,0.0
2025-07-10 00:00:00-04:00,193.7899932861328,194.72000122070312,192.61000061035156,194.67999267578125,190.83888244628906,1379200,0.0,0.0
2025-07-11 00:00:00-04:00,193.8300018310547,194.19000244140625,192.33999633789062,193.3300018310547,189.51553344726562,1049200,0.0,0.0
2025-07-14 00:00:00-04:00,192.57000732421875,196.38999938964844,192.5,196.1999969482422,192.3289031982422,1287100,0.0,0.0
2025-07-15 00:00:00-04:00,195.11000061035156,196.1999969482422,191.47999572753906,192.42999267578125,188.63327026367188,1964400,0.0,0.0
2025-07-16 00:00:00-04:00,193.7899932861328,196.1999969482422,193.17999267578125,195.6199951171875,191.7603302001953,1448200,0.0,0.0
2025-07-17 00:00:00-04:00,193.25999450683594,194.0399932861328,189.10000610351562,193.02000427246094,189.21163940429688,2082100,0.0,0.0
2025-07-18 00:00:00-04:00,193.27999877929688,194.83999633789062,192.91000366210938,194.0800018310547,190.250732421875,1617500,0.0,0.0
2025-07-21 00:00:00-04:00,193.4499969482422,195.25999450683594,192.72999572753906,192.9199981689453,189.11363220214844,1211400,0.0,0.0
2025-07-22 00:00:00-04:00,193.38999938964844,197.6999969482422,193.25,197.42999267578125,193.5346221923828,1413500,0.0,0.0
2025-07-23 00:00:00-04:00,198.33999633789062,198.47000122070312,195.89999389648438,197.61000061035156,193.71107482910156,1742600,0.0,0.0
2025-07-24 00:00:00-04:00,196.75999450683594,196.8300018310547,193.83999633789062,193.94000244140625,190.11349487304688,1601000,0.0,0.0
2025-07-25 00:00:00-04:00,194.27999877929688,196.7100067138672,194.27999877929688,195.6999969482422,191.83876037597656,1370900,0.0,0.0
2025-07-28 00:00:00-04:00,195.1199951171875,195.72999572753906,191.5500030517578,192.0,188.21176147460938,1583600,0.0,0.0
2025-07-29 00:00:00-04:00,193.4199981689453,194.5500030517578,192.25,193.89999389648438,190.0742645263672,1419200,0.0,0.0
2025-07-30 00:00:00-04:00,195.00999450683594,195.00999450683594,191.47000122070312,192.27999877929688,188.4862518310547,1892000,0.0,0.0
2025-07-31 00:00:00-04:00,197.08999633789062,207.08999633789062,196.6699981689453,203.25,199.23980712890625,4538200,0.0,0.0
2025-08-01 00:00:00-04:00,202.0,203.17999267578125,198.27000427246094,199.77000427246094,195.82847595214844,2041500,0.0,0.0
2025-08-04 00:00:00-04:00,201.4499969482422,203.3300018310547,199.22999572753906,203.02999877929688,199.02415466308594,1531300,0.0,0.0
2025-08-05 00:00:00-04:00,203.99000549316406,207.1999969482422,203.9600067138672,205.5500030517578,201.4944305419922,1785600,0.0,0.0
2025-08-06 00:00:00-04:00,206.9600067138672,209.83999633789062,205.3699951171875,209.00999450683594,204.8861541748047,1422200,0.0,0.0
2025-08-07 00:00:00-04:00,209.27999877929688,209.86000061035156,203.89999389648438,205.0,200.9552764892578,1213300,0.0,0.0
2025-08-08 00:00:00-04:00,205.8300018310547,207.63999938964844,205.10000610351562,206.8000030517578,202.7197723388672,1189400,0.0,0.0
2025-08-11 00:00:00-04:00,207.08999633789062,208.2899932861328,206.0,206.5,202.42567443847656,843800,0.0,0.0
2025-08-12 00:00:00-04:00,207.16000366210938,207.52000427246094,205.14999389648438,206.75999450683594,202.6805419921875,1246100,0.0,0.0
2025-08-13 00:00:00-04:00,207.2899932861328,209.97000122070312,206.74000549316406,208.80999755859375,204.69009399414062,975500,0.0,0.0
2025-08-14 00:00:00-04:00,208.64999389648438,209.72999572753906,207.3300018310547,208.6999969482422,204.58226013183594,879300,0.0,0.0
2025-08-15 00:00:00-04:00,209.8300018310547,209.8300018310547,206.49000549316406,206.77999877929688,202.70016479492188,1049500,0.0,0.0
2025-08-18 00:00:00-04:00,206.1199951171875,207.8000030517578,205.5399932861328,207.08999633789062,203.0040283203125,922000,0.0,0.0
2025-08-19 00:00:00-04:00,207.1999969482422,210.47000122070312,207.1999969482422,210.3800048828125,206.2291259765625,1324500,0.0,0.0
2025-08-20 00:00:00-04:00,210.3699951171875,214.75999450683594,210.3000030517578,213.6199951171875,209.40518188476562,1720000,0.0,0.0
2025-08-21 00:00:00-04:00,212.74000549316406,212.99000549316406,206.42999267578125,206.5500030517578,202.47470092773438,1991800,0.0,0.0
2025-08-22 00:00:00-04:00,208.2100067138672,209.00999450683594,204.94000244140625,205.52000427246094,201.4650115966797,1278600,0.0,0.0
2025-08-25 00:00:00-04:00,205.75,205.75,202.00999450683594,202.0800018310547,198.0928955078125,1068800,0.0,0.0
2025-08-26 00:00:00-04:00,201.17999267578125,203.17999267578125,201.17999267578125,203.17999267578125,199.1711883544922,1498100,0.0,0.0
2025-08-27 00:00:00-04:00,202.72000122070312,204.4499969482422,202.60000610351562,203.80999755859375,199.7887420654297,859500,0.0,0.0
2025-08-28 00:00:00-04:00,203.14999389648438,204.25999450683594,202.8300018310547,203.75999450683594,199.73971557617188,1016000,0.0,0.0
2025-08-29 00:00:00-04:00,203.35000610351562,204.8699951171875,202.97999572753906,203.4499969482422,200.41944885253906,993200,1.0,0.0
2025-09-02 00:00:00-04:00,204.32000732421875,205.13999938964844,202.0399932861328,203.33999633789062,200.31109619140625,1100100,0.0,0.0
2025-09-03 00:00:00-04:00,202.17999267578125,204.61000061035156,201.99000549316406,204.57000732421875,201.52279663085938,1057800,0.0,0.0
2025-09-04 00:00:00-04:00,206.1999969482422,208.4600067138672,205.6300048828125,208.3300018310547,205.22677612304688,1213900,0.0,0.0
2025-09-05 00:00:00-04:00,207.94000244140625,208.14999389648438,200.8000030517578,201.52999877929688,198.52806091308594,1405000,0.0,0.0
2025-09-08 00:00:00-04:00,201.0399932861328,201.0399932861328,198.0,200.30999755859375,197.3262176513672,1536600,0.0,0.0
2025-09-09 00:00:00-04:00,200.55999755859375,201.77999877929688,200.00999450683594,200.1199951171875,197.13905334472656,1541100,0.0,0.0
2025-09-10 00:00:00-04:00,199.1999969482422,200.99000549316406,198.5800018310547,200.02999877929688,197.05039978027344,1176100,0.0,0.0
2025-09-11 00:00:00-04:00,199.6699981689453,202.75999450683594,199.6699981689453,202.47000122070312,199.4540557861328,1293000,0.0,0.0
2025-09-12 00:00:00-04:00,201.63999938964844,202.57000732421875,200.25,200.38999938964844,197.40504455566406,1136400,0.0,0.0
2025-09-15 00:00:00-04:00,200.47000122070312,201.0399932861328,196.69000244140625,196.88999938964844,193.95718383789062,1542400,0.0,0.0
2025-09-16 00:00:00-04:00,198.0500030517578,198.5500030517578,194.77999877929688,196.3000030517578,193.3759765625,1489200,0.0,0.0
2025-09-17 00:00:00-04:00,196.7100067138672,199.1199951171875,196.1999969482422,197.25,194.3118133544922,1628100,0.0,0.0
2025-09-18 00:00:00-04:00,199.0,207.27000427246094,198.19000244140625,205.67999267578125,202.61624145507812,2215700,0.0,0.0
2025-09-19 00:00:00-04:00,206.3800048828125,206.49000549316406,203.89999389648438,206.0399932861328,202.9708709716797,3162100,0.0,0.0
2025-09-22 00:00:00-04:00,204.22999572753906,207.0399932861328,204.22999572753906,206.4600067138672,203.38462829589844,1821900,0.0,0.0
2025-09-23 00:00:00-04:00,205.66000366210938,209.22999572753906,205.66000366210938,207.72999572753906,204.6356964111328,1241500,0.0,0.0
2025-09-24 00:00:00-04:00,207.25,209.58999633789062,207.11000061035156,209.41000366210938,206.2906951904297,967900,0.0,0.0
2025-09-25 00:00:00-04:00,209.42999267578125,210.60000610351562,208.1699981689453,209.82000732421875,206.69459533691406,1227000,0.0,0.0
2025-09-26 00:00:00-04:00,211.97999572753906,214.25,211.0500030517578,212.75999450683594,209.5907745361328,1156600,0.0,0.0
2025-09-29 00:00:00-04:00,212.9499969482422,213.5,209.99000549316406,211.27999877929688,208.13282775878906,1146000,0.0,0.0
2025-09-30 00:00:00-04:00,211.60000610351562,215.6999969482422,211.60000610351562,214.64999389648438,211.45262145996094,1563500,0.0,0.0
2025-10-01 00:00:00-04:00,213.0,214.44000244140625,210.64999389648438,210.67999267578125,207.54176330566406,1622600,0.0,0.0
2025-10-02 00:00:00-04:00,211.0,211.1699981689453,208.64999389648438,210.00999450683594,206.88174438476562,1369400,0.0,0.0
2025-10-03 00:00:00-04:00,209.77999877929688,211.72000122070312,209.3300018310547,210.82000732421875,207.6796875,962400,0.0,0.0
2025-10-06 00:00:00-04:00,211.0,211.47000122070312,208.0399932861328,208.8300018310547,205.7193145751953,1102100,0.0,0.0
2025-10-07 00:00:00-04:00,209.99000549316406,213.30999755859375,208.99000549316406,211.7899932861328,208.63523864746094,1277000,0.0,0.0
2025-10-08 00:00:00-04:00,212.8699951171875,214.16000366210938,211.11000061035156,212.35000610351562,209.1868896484375,952500,0.0,0.0
2025-10-09 00:00:00-04:00,212.88999938964844,213.24000549316406,208.22999572753906,208.99000549316406,205.876953125,1103600,0.0,0.0
2025-10-10 00:00:00-04:00,209.25999450683594,210.38999938964844,205.36000061035156,205.6699981689453,202.6063995361328,990000,0.0,0.0
2025-10-13 00:00:00-04:00,204.49000549316406,206.69000244140625,203.27999877929688,205.63999938964844,202.57684326171875,773500,0.0,0.0
2025-10-14 00:00:00-04:00,206.57000732421875,209.91000366210938,206.3300018310547,209.52000427246094,206.3990478515625,994800,0.0,0.0
2025-10-15 00:00:00-04:00,206.07000732421875,206.5,198.13999938964844,200.4199981689453,197.43460083007812,2509100,0.0,0.0
2025-10-16 00:00:00-04:00,197.10000610351562,199.13999938964844,194.67999267578125,194.8800048828125,191.9771270751953,2560900,0.0,0.0
2025-10-17 00:00:00-04:00,195.02000427246094,196.74000549316406,194.27999877929688,195.8699951171875,192.95236206054688,1081900,0.0,0.0
2025-10-20 00:00:00-04:00,196.1199951171875,196.57000732421875,193.02999877929688,193.7899932861328,190.90335083007812,1139700,0.0,0.0
2025-10-21 00:00:00-04:00,195.2899932861328,195.2899932861328,193.69000244140625,193.74000549316406,190.85409545898438,1241000,0.0,0.0
2025-10-22 00:00:00-04:00,193.9600067138672,194.9600067138672,191.8699951171875,194.7899932861328,191.88845825195312,1549500,0.0,0.0
2025-10-23 00:00:00-04:00,196.11000061035156,196.11000061035156,193.60000610351562,194.4600067138672,191.56338500976562,965800,0.0,0.0
2025-10-24 00:00:00-04:00,193.8699951171875,194.8300018310547,193.05999755859375,193.19000244140625,190.3123016357422,1125700,0.0,0.0
2025-10-27 00:00:00-04:00,193.00999450683594,193.8000030517578,191.86000061035156,193.1999969482422,190.3221435546875,1128800,0.0,0.0
2025-10-28 00:00:00-04:00,192.3699951171875,193.07000732421875,190.14999389648438,190.85000610351562,188.0071563720703,942200,0.0,0.0
2025-10-29 00:00:00-04:00,189.8000030517578,190.39999389648438,188.0800018310547,190.0,187.1697998046875,1302200,0.0,0.0
2025-10-30 00:00:00-04:00,190.91000366210938,193.00999450683594,190.86000061035156,191.8800048828125,189.02182006835938,1127200,0.0,0.0
2025-10-31 00:00:00-04:00,191.2100067138672,192.22000122070312,190.0800018310547,191.52000427246094,188.66717529296875,1425900,0.0,0.0
2025-11-03 00:00:00-05:00,191.6699981689453,192.0399932861328,188.14999389648438,191.25,188.40118408203125,1706800,0.0,0.0
2025-11-04 00:00:00-05:00,192.1999969482422,195.4199981689453,191.42999267578125,195.25999450683594,192.35145568847656,1565500,0.0,0.0
2025-11-05 00:00:00-05:00,195.83999633789062,197.4499969482422,194.47999572753906,194.75,191.8490447998047,1381000,0.0,0.0
2025-11-06 00:00:00-05:00,202.0,202.74000549316406,194.7100067138672,198.00999450683594,195.06048583984375,1697500,0.0,0.0
2025-11-07 00:00:00-05:00,199.32000732421875,203.16000366210938,199.0,202.2899932861328,199.2767333984375,1360100,0.0,0.0
2025-11-10 00:00:00-05:00,200.72000122070312,204.85000610351562,200.3800048828125,203.88999938964844,200.8529052734375,1133700,0.0,0.0
2025-11-11 00:00:00-05:00,204.8699951171875,207.58999633789062,203.30999755859375,207.36000061035156,204.27120971679688,921000,0.0,0.0
2025-11-12 00:00:00-05:00,207.2899932861328,209.5399932861328,206.6999969482422,209.2100067138672,206.0936737060547,961500,0.0,0.0
2025-11-13 00:00:00-05:00,209.5800018310547,211.75,207.97000122070312,211.16000366210938,208.01463317871094,1669700,0.0,0.0
2025-11-14 00:00:00-05:00,212.2100067138672,215.07000732421875,211.32000732421875,214.3000030517578,211.10784912109375,2489700,0.0,0.0
2025-11-17 00:00:00-05:00,215.1999969482422,215.44000244140625,208.2899932861328,209.2100067138672,206.0936737060547,1738700,0.0,0.0
2025-11-18 00:00:00-05:00,209.9499969482422,212.11000061035156,209.2100067138672,209.9600067138672,206.83250427246094,1507800,0.0,0.0
2025-11-19 00:00:00-05:00,210.5,212.57000732421875,208.33999633789062,209.92999267578125,206.80291748046875,1749900,0.0,0.0
2025-11-20 00:00:00-05:00,211.80999755859375,213.0500030517578,210.36000061035156,211.74000549316406,208.5859832763672,1772200,0.0,0.0
2025-11-21 00:00:00-05:00,213.33999633789062,215.88999938964844,212.00999450683594,214.32000732421875,211.12754821777344,1633400,0.0,0.0
2025-11-24 00:00:00-05:00,215.0500030517578,215.1999969482422,212.32000732421875,212.3699951171875,209.20657348632812,2505100,0.0,0.0
2025-11-25 00:00:00-05:00,212.86000061035156,214.50999450683594,212.4600067138672,212.64999389648438,209.482421875,1732800,0.0,0.0
2025-11-26 00:00:00-05:00,212.60000610351562,215.02999877929688,212.5500030517578,213.8699951171875,210.68423461914062,1373500,0.0,0.0
2025-11-28 00:00:00-05:00,214.0,215.3699951171875,212.75,212.97999572753906,209.8074951171875,623300,0.0,0.0
2025-12-01 00:00:00-05:00,212.64999389648438,213.5800018310547,209.8699951171875,210.0,207.84779357910156,1696900,1.0,0.0
2025-12-02 00:00:00-05:00,210.02999877929688,210.38999938964844,208.52000427246094,208.91000366210938,206.76898193359375,2089900,0.0,0.0
2025-12-03 00:00:00-05:00,209.25,211.1300048828125,206.97000122070312,208.6199951171875,206.48194885253906,1825900,0.0,0.0
2025-12-04 00:00:00-05:00,208.99000549316406,210.4199981689453,206.27000427246094,206.3699951171875,204.2550048828125,1470000,0.0,0.0
2025-12-05 00:00:00-05:00,206.47000122070312,206.47000122070312,201.82000732421875,202.27000427246094,200.19703674316406,1575400,0.0,0.0
2025-12-08 00:00:00-05:00,203.88999938964844,203.88999938964844,199.25999450683594,200.8699951171875,198.81137084960938,2049900,0.0,0.0
2025-12-09 00:00:00-05:00,201.0,203.27999877929688,200.6199951171875,201.0500030517578,198.98953247070312,1023500,0.0,0.0
2025-12-10 00:00:00-05:00,201.1300048828125,202.58999633789062,199.97000122070312,201.19000244140625,199.1280975341797,1565200,0.0,0.0
2025-12-11 00:00:00-05:00,202.22999572753906,207.72999572753906,201.7100067138672,206.82000732421875,204.70040893554688,1318100,0.0,0.0
2025-12-12 00:00:00-05:00,207.64999389648438,207.8800048828125,206.39999389648438,207.17999267578125,205.05670166015625,1443000,0.0,0.0
2025-12-15 00:00:00-05:00,208.36000061035156,211.99000549316406,207.72999572753906,211.94000244140625,209.76791381835938,1532500,0.0,0.0
2025-12-16 00:00:00-05:00,210.74000549316406,212.75999450683594,208.39999389648438,209.50999450683594,207.36282348632812,1709400,0.0,0.0
2025-12-17 00:00:00-05:00,208.35000610351562,209.77000427246094,206.63999938964844,209.0800018310547,206.93724060058594,1919600,0.0,0.0
2025-12-18 00:00:00-05:00,208.36000061035156,208.36000061035156,203.7100067138672,204.92999267578125,202.8297576904297,2542100,0.0,0.0
2025-12-19 00:00:00-05:00,204.97000122070312,206.44000244140625,203.57000732421875,205.0,202.8990478515625,4280600,0.0,0.0
2025-12-22 00:00:00-05:00,203.8699951171875,208.3300018310547,203.5500030517578,208.27999877929688,206.1454315185547,1453600,0.0,0.0
2025-12-23 00:00:00-05:00,208.1999969482422,210.35000610351562,208.1699981689453,209.5500030517578,207.4024200439453,1297000,0.0,0.0
2025-12-24 00:00:00-05:00,209.5500030517578,210.10000610351562,208.85000610351562,209.0500030517578,206.9075469970703,411400,0.0,0.0
2025-12-26 00:00:00-05:00,208.72999572753906,209.9499969482422,207.38999938964844,207.8000030517578,205.67034912109375,521100,0.0,0.0
2025-12-29 00:00:00-05:00,208.50999450683594,209.39999389648438,207.16000366210938,208.66000366210938,206.5215301513672,830800,0.0,0.0
2025-12-30 00:00:00-05:00,209.22000122070312,209.69000244140625,208.14999389648438,209.10000610351562,206.95703125,632200,0.0,0.0
2025-12-31 00:00:00-05:00,208.75,209.8300018310547,208.08999633789062,208.14999389648438,206.01675415039062,817400,0.0,0.0
2026-01-02 00:00:00-05:00,207.0399932861328,208.35000610351562,203.1300048828125,203.82000732421875,201.73114013671875,1482900,0.0,0.0
2026-01-05 00:00:00-05:00,202.3699951171875,206.49000549316406,201.30999755859375,205.57000732421875,203.4632110595703,1516400,0.0,0.0
2026-01-06 00:00:00-05:00,204.3000030517578,209.4600067138672,204.3000030517578,207.9199981689453,205.78912353515625,1623400,0.0,0.0
2026-01-07 00:00:00-05:00,208.52999877929688,210.10000610351562,206.82000732421875,207.27000427246094,205.14578247070312,1287500,0.0,0.0
2026-01-08 00:00:00-05:00,208.00999450683594,211.49000549316406,207.50999450683594,211.10000610351562,208.9365234375,1640100,0.0,0.0
2026-01-09 00:00:00-05:00,210.83999633789062,215.0,210.27000427246094,212.2100067138672,210.03515625,1891000,0.0,0.0
2026-01-12 00:00:00-05:00,208.8800048828125,210.72999572753906,205.14999389648438,208.66000366210938,206.5215301513672,3476200,0.0,0.0
2026-01-13 00:00:00-05:00,208.52999877929688,210.10000610351562,197.0,197.64999389648438,195.62435913085938,4468000,0.0,0.0
2026-01-14 00:00:00-05:00,197.1699981689453,200.1999969482422,194.55999755859375,196.02000427246094,194.01107788085938,3071100,0.0,0.0
2026-01-15 00:00:00-05:00,197.75,198.85000610351562,195.0399932861328,195.47000122070312,193.46670532226562,1709400,0.0,0.0
2026-01-16 00:00:00-05:00,195.0500030517578,195.72999572753906,191.8000030517578,192.27999877929688,190.3094024658203,2401300,0.0,0.0
2026-01-20 00:00:00-05:00,191.5,196.0399932861328,191.5,193.5500030517578,191.56639099121094,1786000,0.0,0.0
2026-01-21 00:00:00-05:00,194.39999389648438,196.08999633789062,191.55999755859375,193.66000366210938,191.67527770996094,1986900,0.0,0.0
2026-01-22 00:00:00-05:00,192.58999633789062,195.49000549316406,191.1300048828125,195.27999877929688,193.27865600585938,1572200,0.0,0.0
2026-01-23 00:00:00-05:00,194.33999633789062,194.83999633789062,191.6300048828125,193.64999389648438,191.6653594970703,1460600,0.0,0.0
2026-01-26 00:00:00-05:00,194.6300048828125,196.8300018310547,194.4499969482422,196.02000427246094,194.01107788085938,1058300,0.0,0.0
2026-01-27 00:00:00-05:00,196.0,196.25,192.6699981689453,194.77000427246094,192.7738800048828,1233100,0.0,0.0
2026-01-28 00:00:00-05:00,194.0,198.3300018310547,193.0,197.3300018310547,195.3076629638672,1151500,0.0,0.0
2026-01-29 00:00:00-05:00,198.80999755859375,200.0399932861328,196.10000610351562,198.38999938964844,196.35678100585938,1490200,0.0,0.0
2026-01-30 00:00:00-05:00,197.36000061035156,199.1999969482422,196.52000427246094,198.99000549316406,196.9506378173828,1199000,0.0,0.0
2026-02-02 00:00:00-05:00,199.9499969482422,202.35000610351562,198.22000122070312,200.75999450683594,198.70249938964844,1462400,0.0,0.0
2026-02-03 00:00:00-05:00,201.10000610351562,204.13999938964844,199.5,201.77000427246094,199.7021484375,1234600,0.0,0.0
2026-02-04 00:00:00-05:00,201.86000061035156,208.44000244140625,201.8300018310547,207.1199951171875,204.997314453125,2430900,0.0,0.0
2026-02-05 00:00:00-05:00,212.44000244140625,216.75,210.5800018310547,215.19000244140625,212.984619140625,3404700,0.0,0.0
2026-02-06 00:00:00-05:00,215.0,215.74000549316406,205.36000061035156,207.5500030517578,205.42291259765625,2325300,0.0,0.0
2026-02-09 00:00:00-05:00,207.0,208.58999633789062,199.1699981689453,199.94000244140625,197.8909149169922,2159000,0.0,0.0
2026-02-10 00:00:00-05:00,200.0800018310547,201.80999755859375,198.1699981689453,201.14999389648438,199.08848571777344,2184800,0.0,0.0
2026-02-11 00:00:00-05:00,201.0,206.1699981689453,198.47999572753906,204.72999572753906,202.63180541992188,1718600,0.0,0.0
2026-02-12 00:00:00-05:00,205.8800048828125,208.3000030517578,203.97000122070312,206.55999755859375,204.44305419921875,1715100,0.0,0.0
2026-02-13 00:00:00-05:00,206.44000244140625,207.72999572753906,204.16000366210938,207.50999450683594,205.38331604003906,1591700,0.0,0.0
2026-02-17 00:00:00-05:00,210.1300048828125,213.24000549316406,208.25,212.32000732421875,210.14402770996094,2381500,0.0,0.0
2026-02-18 00:00:00-05:00,212.0,213.63999938964844,205.3000030517578,209.42999267578125,207.28363037109375,2234900,0.0,0.0
2026-02-19 00:00:00-05:00,208.85000610351562,208.85000610351562,202.6199951171875,203.22000122070312,201.1372833251953,1754800,0.0,0.0
2026-02-20 00:00:00-05:00,204.7100067138672,206.57000732421875,201.22000122070312,206.3699951171875,204.2550048828125,1226200,0.0,0.0
2026-02-23 00:00:00-05:00,206.30999755859375,208.10000610351562,204.77999877929688,206.16000366210938,204.04714965820312,1692400,0.0,0.0
2026-02-24 00:00:00-05:00,206.0,210.35000610351562,205.0399932861328,209.82000732421875,207.66966247558594,1385900,0.0,0.0
2026-02-25 00:00:00-05:00,210.89999389648438,211.2100067138672,206.7100067138672,209.3300018310547,207.18466186523438,1407800,0.0,0.0
2026-02-26 00:00:00-05:00,210.89999389648438,213.85000610351562,210.0,212.75999450683594,210.5795135498047,1265700,0.0,0.0
2026-02-27 00:00:00-05:00,210.8699951171875,215.50999450683594,210.8699951171875,214.52000427246094,212.3214874267578,2318500,0.0,0.0
2026-03-02 00:00:00-05:00,213.50999450683594,214.72000122070312,211.25,212.75999450683594,211.64503479003906,1437200,1.08,0.0
2026-03-03 00:00:00-05:00,210.13999938964844,214.80999755859375,209.88999938964844,213.61000061035156,212.49058532714844,1545500,0.0,0.0
2026-03-04 00:00:00-05:00,214.35000610351562,215.1300048828125,210.3800048828125,214.17999267578125,213.05760192871094,1232900,0.0,0.0
2026-03-05 00:00:00-05:00,211.24000549316406,213.8699951171875,209.60000610351562,211.6199951171875,210.51101684570312,1537800,0.0,0.0
2026-03-06 00:00:00-05:00,211.2899932861328,212.83999633789062,207.47000122070312,212.32000732421875,211.2073516845703,950300,0.0,0.0
2026-03-09 00:00:00-04:00,211.3000030517578,211.63999938964844,205.75999450683594,207.69000244140625,206.6016082763672,1407700,0.0,0.0
2026-03-10 00:00:00-04:00,207.07000732421875,210.3800048828125,206.1999969482422,207.5,206.41261291503906,1099800,0.0,0.0
2026-03-11 00:00:00-04:00,206.27000427246094,207.66000366210938,204.32000732421875,205.58999633789062,204.5126190185547,1401400,0.0,0.0
2026-03-12 00:00:00-04:00,203.50999450683594,208.1199951171875,203.02999877929688,205.02999877929688,203.95555114746094,1387400,0.0,0.0
2026-03-13 00:00:00-04:00,207.49000549316406,208.55999755859375,205.92999267578125,206.1699981689453,205.08956909179688,950400,0.0,0.0
2026-03-16 00:00:00-04:00,206.99000549316406,210.1699981689453,206.99000549316406,207.80999755859375,206.72097778320312,1416200,0.0,0.0
2026-03-17 00:00:00-04:00,211.05999755859375,212.14999389648438,207.00999450683594,207.27000427246094,206.18382263183594,1369400,0.0,0.0
2026-03-18 00:00:00-04:00,207.00999450683594,207.52999877929688,204.1999969482422,204.3800048828125,203.3089599609375,1352700,0.0,0.0
2026-03-19 00:00:00-04:00,206.57000732421875,207.2899932861328,203.25,204.07000732421875,203.00059509277344,1443000,0.0,0.0
2026-03-20 00:00:00-04:00,204.05999755859375,207.0800018310547,203.3300018310547,205.6199951171875,204.54244995117188,3378900,0.0,0.0
2026-03-23 00:00:00-04:00,209.4600067138672,209.72999572753906,206.50999450683594,207.75999450683594,206.67123413085938,1352400,0.0,0.0
2026-03-24 00:00:00-04:00,207.83999633789062,210.3000030517578,207.11000061035156,207.30999755859375,206.22360229492188,1298100,0.0,0.0
2026-03-25 00:00:00-04:00,207.41000366210938,208.67999267578125,204.1999969482422,204.7100067138672,203.63723754882812,1507700,0.0,0.0
2026-03-26 00:00:00-04:00,205.0800018310547,207.2100067138672,203.99000549316406,207.16000366210938,206.0743865966797,972100,0.0,0.0
2026-03-27 00:00:00-04:00,209.39999389648438,209.39999389648438,201.61000061035156,202.7100067138672,201.64772033691406,1288300,0.0,0.0
2026-03-30 00:00:00-04:00,204.5500030517578,209.0500030517578,203.4199981689453,207.27000427246094,206.18382263183594,1128100,0.0,0.0
2026-03-31 00:00:00-04:00,208.17999267578125,208.8800048828125,204.1199951171875,207.33999633789062,206.25344848632812,1442400,0.0,0.0
2026-04-01 00:00:00-04:00,206.0500030517578,206.83999633789062,203.4199981689453,204.10000610351562,203.03042602539062,1659900,0.0,0.0
2026-04-02 00:00:00-04:00,204.9600067138672,207.83999633789062,204.16000366210938,207.02999877929688,205.945068359375,1383100,0.0,0.0
2026-04-06 00:00:00-04:00,206.0500030517578,208.5,205.92999267578125,208.36000061035156,207.26809692382812,798700,0.0,0.0
2026-04-07 00:00:00-04:00,208.50999450683594,210.80999755859375,207.2899932861328,210.52999877929688,209.42672729492188,1384200,0.0,0.0
2026-04-08 00:00:00-04:00,210.0,212.33999633789062,209.27999877929688,212.07000732421875,210.9586639404297,1150700,0.0,0.0
2026-04-09 00:00:00-04:00,210.91000366210938,216.14999389648438,210.39999389648438,214.52000427246094,213.3958282470703,1060600,0.0,0.0
2026-04-10 00:00:00-04:00,214.02999877929688,214.32000732421875,208.3000030517578,210.99000549316406,209.8843231201172,1017300,0.0,0.0
2026-04-13 00:00:00-04:00,210.6699981689453,215.24000549316406,210.25999450683594,215.08999633789062,213.96282958984375,1017000,0.0,0.0
2026-04-14 00:00:00-04:00,213.80999755859375,215.92999267578125,213.0,214.8800048828125,213.75393676757812,1563500,0.0,0.0
2026-04-15 00:00:00-04:00,214.35000610351562,219.47999572753906,213.6300048828125,218.22999572753906,217.0863800048828,1215700,0.0,0.0
2026-04-16 00:00:00-04:00,217.1199951171875,217.17999267578125,212.39999389648438,213.8699951171875,212.7492218017578,1553100,0.0,0.0
2026-04-17 00:00:00-04:00,213.9600067138672,218.0800018310547,212.49000549316406,216.16000366210938,215.02723693847656,1233600,0.0,0.0
2026-04-20 00:00:00-04:00,216.13999938964844,218.57000732421875,214.4600067138672,215.14999389648438,214.0225067138672,1281600,0.0,0.0
2026-04-21 00:00:00-04:00,215.3800048828125,219.0,215.3800048828125,216.33999633789062,215.20628356933594,1415400,0.0,0.0
2026-04-22 00:00:00-04:00,215.25,216.35000610351562,212.8800048828125,214.16000366210938,213.03770446777344,1166000,0.0,0.0
2026-04-23 00:00:00-04:00,214.0500030517578,217.86000061035156,213.86000061035156,216.55999755859375,215.4251251220703,926500,0.0,0.0
2026-04-24 00:00:00-04:00,215.47999572753906,216.3000030517578,212.75,212.8800048828125,211.76441955566406,1070700,0.0,0.0
2026-04-27 00:00:00-04:00,211.92999267578125,216.58999633789062,210.36000061035156,214.1999969482422,213.07749938964844,1424700,0.0,0.0
2026-04-28 00:00:00-04:00,216.19000244140625,218.17999267578125,215.19000244140625,216.39999389648438,215.26596069335938,1210400,0.0,0.0
2026-04-29 00:00:00-04:00,216.10000610351562,217.25999450683594,211.67999267578125,212.3300018310547,211.21730041503906,1374400,0.0,0.0
2026-04-30 00:00:00-04:00,213.36000061035156,218.19000244140625,209.50999450683594,217.25999450683594,216.1214599609375,2235200,0.0,0.0
2026-05-01 00:00:00-04:00,218.8000030517578,221.19000244140625,216.5800018310547,216.58999633789062,215.45497131347656,1486100,0.0,0.0
2026-05-04 00:00:00-04:00,215.60000610351562,219.97000122070312,214.24000549316406,219.8699951171875,218.7177734375,1757600,0.0,0.0
2026-05-05 00:00:00-04:00,220.0,222.22999572753906,217.83999633789062,218.50999450683594,217.36489868164062,1505800,0.0,0.0
2026-05-06 00:00:00-04:00,219.0,221.13999938964844,216.6199951171875,217.9199981689453,216.7779998779297,1760100,0.0,0.0
2026-05-07 00:00:00-04:00,213.00999450683594,214.52999877929688,209.66000366210938,213.6699981689453,212.55027770996094,2837500,0.0,0.0
2026-05-08 00:00:00-04:00,214.7100067138672,216.69000244140625,211.25999450683594,213.14999389648438,212.03298950195312,1482600,0.0,0.0
2026-05-11 00:00:00-04:00,214.69000244140625,216.0,212.3000030517578,213.8000030517578,212.67959594726562,1288500,0.0,0.0
2026-05-12 00:00:00-04:00,214.97000122070312,217.9600067138672,213.49000549316406,215.47000122070312,214.34085083007812,1639100,0.0,0.0
2026-05-13 00:00:00-04:00,213.27999877929688,217.8800048828125,212.39999389648438,215.5399932861328,214.41046142578125,1586400,0.0,0.0
2026-05-14 00:00:00-04:00,216.00999450683594,217.3000030517578,213.57000732421875,216.4499969482422,215.31570434570312,1695100,0.0,0.0
2026-05-15 00:00:00-04:00,218.22000122070312,220.30999755859375,216.33999633789062,217.3699951171875,216.2308807373047,1483300,0.0,0.0
2026-05-18 00:00:00-04:00,217.5500030517578,222.69000244140625,216.8800048828125,221.2100067138672,220.05076599121094,1741400,0.0,0.0
2026-05-19 00:00:00-04:00,222.0,227.6199951171875,220.38999938964844,224.5800018310547,223.40310668945312,3937600,0.0,0.0
2026-05-20 00:00:00-04:00,224.74000549316406,224.97000122070312,221.02999877929688,221.97999572753906,220.8167266845703,1220700,0.0,0.0
2026-05-21 00:00:00-04:00,219.1199951171875,220.3300018310547,212.47999572753906,214.44000244140625,213.3162384033203,2193000,0.0,0.0
2026-05-22 00:00:00-04:00,216.39999389648438,217.82000732421875,214.5500030517578,216.60000610351562,215.4649200439453,1247400,0.0,0.0
2026-05-26 00:00:00-04:00,215.3000030517578,217.8699951171875,212.77999877929688,212.82000732421875,211.70474243164062,1298700,0.0,0.0
2026-05-27 00:00:00-04:00,212.61000061035156,214.49000549316406,208.52000427246094,208.85000610351562,207.7555389404297,1226200,0.0,0.0
2026-05-28 00:00:00-04:00,207.91000366210938,210.3300018310547,207.24000549316406,207.27999877929688,206.19375610351562,1377900,0.0,0.0
2026-05-29 00:00:00-04:00,207.39999389648438,208.17999267578125,204.80999755859375,206.08999633789062,205.00999450683594,2863300,0.0,0.0
2026-06-01 00:00:00-04:00,202.91000366210938,208.0800018310547,202.2100067138672,207.2100067138672,207.2100067138672,1753200,1.08,0.0
2026-06-02 00:00:00-04:00,208.02000427246094,212.27000427246094,206.2899932861328,210.4600067138672,210.4600067138672,1941700,0.0,0.0
2026-06-03 00:00:00-04:00,209.77000427246094,214.3699951171875,208.9600067138672,209.33999633789062,209.33999633789062,1768000,0.0,0.0
2026-06-04 00:00:00-04:00,211.89999389648438,214.6300048828125,209.77000427246094,210.83999633789062,210.83999633789062,1417600,0.0,0.0
2026-06-05 00:00:00-04:00,213.47999572753906,221.7100067138672,212.5800018310547,221.00999450683594,221.00999450683594,1638200,0.0,0.0
2026-06-08 00:00:00-04:00,216.94000244140625,218.25999450683594,214.4499969482422,215.02000427246094,215.02000427246094,1524700,0.0,0.0
2026-06-09 00:00:00-04:00,215.75999450683594,219.52999877929688,214.25999450683594,217.17999267578125,217.17999267578125,1459400,0.0,0.0
2026-06-10 00:00:00-04:00,220.32000732421875,225.27000427246094,217.5399932861328,223.33999633789062,223.33999633789062,1735800,0.0,0.0
2026-06-11 00:00:00-04:00,224.44000244140625,224.44000244140625,219.3699951171875,219.57000732421875,219.57000732421875,1198400,0.0,0.0
2026-06-12 00:00:00-04:00,219.13999938964844,221.94000244140625,218.2899932861328,221.6300048828125,221.6300048828125,1023100,0.0,0.0
2026-06-15 00:00:00-04:00,219.82000732421875,222.67999267578125,218.8300018310547,221.80999755859375,221.80999755859375,1310400,0.0,0.0
2026-06-16 00:00:00-04:00,221.8300018310547,224.86000061035156,221.8300018310547,223.08999633789062,223.08999633789062,1161300,0.0,0.0
2026-06-17 00:00:00-04:00,221.0800018310547,224.6300048828125,221.0800018310547,221.66000366210938,221.66000366210938,1577200,0.0,0.0
2026-06-18 00:00:00-04:00,221.64999389648438,222.2100067138672,218.2899932861328,221.1699981689453,221.1699981689453,5024700,0.0,0.0
2026-06-22 00:00:00-04:00,222.52999877929688,226.25999450683594,221.11000061035156,222.55999755859375,222.55999755859375,2909500,0.0,0.0
2026-06-23 00:00:00-04:00,226.47000122070312,232.38999938964844,224.64999389648438,231.5500030517578,231.5500030517578,1810900,0.0,0.0
2026-06-24 00:00:00-04:00,232.47999572753906,236.38999938964844,230.0,233.5399932861328,233.5399932861328,2708000,0.0,0.0
2026-06-25 00:00:00-04:00,234.86000061035156,237.10000610351562,230.97999572753906,231.60000610351562,231.60000610351562,1576900,0.0,0.0
2026-06-26 00:00:00-04:00,234.4600067138672,240.16000366210938,233.3800048828125,239.61000061035156,239.61000061035156,2880100,0.0,0.0
2026-06-29 00:00:00-04:00,237.74000549316406,241.77999877929688,236.82000732421875,241.3800048828125,241.3800048828125,1498500,0.0,0.0
2026-06-30 00:00:00-04:00,241.47000122070312,242.6699981689453,237.4600067138672,237.94000244140625,237.94000244140625,2092700,0.0,0.0
2026-07-01 00:00:00-04:00,237.66000366210938,243.75,236.5,243.1199951171875,243.1199951171875,1670200,0.0,0.0
2026-07-02 00:00:00-04:00,243.39999389648438,250.3800048828125,242.27999877929688,250.3300018310547,250.3300018310547,1602500,0.0,0.0
2026-07-06 00:00:00-04:00,249.0500030517578,249.25999450683594,246.64999389648438,248.3699951171875,248.3699951171875,1516200,0.0,0.0
2026-07-07 00:00:00-04:00,252.58999633789062,257.6700134277344,251.27000427246094,251.4600067138672,251.4600067138672,2298400,0.0,0.0
2026-07-08 00:00:00-04:00,254.14999389648438,254.16000366210938,249.3800048828125,251.1699981689453,251.1699981689453,1642600,0.0,0.0
2026-07-09 00:00:00-04:00,251.8300018310547,251.8300018310547,247.8800048828125,248.63999938964844,248.63999938964844,1764000,0.0,0.0
2026-07-10 00:00:00-04:00,249.8699951171875,251.8699951171875,249.0,251.61000061035156,251.61000061035156,1041600,0.0,0.0
2026-07-13 00:00:00-04:00,253.32000732421875,256.6400146484375,251.97000122070312,256.45001220703125,256.45001220703125,1384900,0.0,0.0
2026-07-14 00:00:00-04:00,252.38999938964844,256.0899963378906,250.05999755859375,250.35000610351562,250.35000610351562,1455700,0.0,0.0
2026-07-15 00:00:00-04:00,241.1300048828125,243.83999633789062,236.22000122070312,239.47999572753906,239.47999572753906,3127800,0.0,0.0
2026-07-16 00:00:00-04:00,241.4199981689453,244.77999877929688,238.88999938964844,241.86000061035156,241.86000061035156,2027700,0.0,0.0
2026-07-17 00:00:00-04:00,245.5399932861328,250.5800018310547,244.0,249.89999389648438,249.89999389648438,1857400,0.0,0.0
2026-07-20 00:00:00-04:00,248.8699951171875,254.32000732421875,247.2899932861328,253.72999572753906,253.72999572753906,1313300,0.0,0.0
2026-07-21 00:00:00-04:00,251.7899932861328,252.7899932861328,249.63999938964844,251.74000549316406,251.74000549316406,1064500,0.0,0.0
2026-07-22 00:00:00-04:00,250.52999877929688,252.49000549316406,249.3699951171875,251.8300018310547,251.8300018310547,1292800,0.0,0.0
2026-07-23 00:00:00-04:00,252.80999755859375,255.27000427246094,250.25999450683594,254.52000427246094,254.52000427246094,1362700,0.0,0.0
2026-07-24 00:00:00-04:00,254.3800048828125,260.6499938964844,254.3300018310547,259.9700012207031,259.9700012207031,1070000,0.0,0.0
2026-07-27 00:00:00-04:00,260.70001220703125,262.239990234375,258.8999938964844,261.2699890136719,261.2699890136719,1102900,0.0,0.0
2026-07-28 00:00:00-04:00,263.25,272.6099853515625,263.25,272.4200134277344,272.4200134277344,2460300,0.0,0.0
2026-07-29 00:00:00-04:00,271.0,277.2200012207031,270.0799865722656,274.3900146484375,274.3900146484375,1513100,0.0,0.0
2026-07-30 00:00:00-04:00,270.2900085449219,271.4700012207031,261.92999267578125,265.3800048828125,265.3800048828125,1694200,0.0,0.0
2026-07-31 00:00:00-04:00,262.79998779296875,267.25,262.5899963378906,264.0799865722656,264.0799865722656,1309700,0.0,0.0
2026-08-03 00:00:00-04:00,264.07000732421875,266.8800048828125,260.989990234375,262.67999267578125,262.67999267578125,1302700,0.0,0.0
2026-08-04 00:00:00-04:00,257.260009765625,263.2300109863281,255.11000061035156,262.55999755859375,262.55999755859375,1931600,0.0,0.0
2026-08-05 00:00:00-04:00,264.6499938964844,266.9200134277344,263.1199951171875,264.5899963378906,264.5899963378906,1433700,0.0,0.0
2026-08-06 00:00:00-04:00,273.7799987792969,275.3900146484375,268.29998779296875,275.1099853515625,275.1099853515625,1913300,0.0,0.0
2026-08-07 00:00:00-04:00,272.0899963378906,272.3699951171875,266.20001220703125,267.0,267.0,2751200,0.0,0.0
2026-08-10 00:00:00-04:00,266.95001220703125,271.6300048828125,262.0199890136719,269.6700134277344,269.6700134277344,1723000,0.0,0.0
2026-08-11 00:00:00-04:00,266.9200134277344,268.1000061035156,261.3500061035156,262.2300109863281,262.2300109863281,2859900,0.0,0.0
2026-08-12 00:00:00-04:00,259.54998779296875,264.4599914550781,255.4499969482422,255.83999633789062,255.83999633789062,2591100,0.0,0.0
2026-08-13 00:00:00-04:00,257.5,261.239990234375,255.4600067138672,260.4800109863281,260.4800109863281,1423100,0.0,0.0
2026-08-14 00:00:00-04:00,261.2099914550781,261.6700134277344,259.0799865722656,261.4100036621094,261.4100036621094,1544100,0.0,0.0
