Date,Open,High,Low,Close,Adj Close,Volume,Dividends,Stock Splits
2015-01-02 00:00:00-05:00,160.16000366210938,162.58999633789062,158.60000610351562,159.88999938964844,114.7685775756836,2605400,0.0,0.0
2015-01-05 00:00:00-05:00,157.42999267578125,159.60000610351562,154.25999450683594,157.99000549316406,113.40482330322266,4080300,0.0,0.0
2015-01-06 00:00:00-05:00,158.77999877929688,158.8800048828125,152.3300018310547,152.89999389648438,109.75117492675781,5075800,0.0,0.0
2015-01-07 00:00:00-05:00,154.08999633789062,158.5800018310547,153.00999450683594,158.24000549316406,113.58425903320312,3502400,0.0,0.0
2015-01-08 00:00:00-05:00,159.60000610351562,162.75999450683594,155.14999389648438,157.6699981689453,113.17509460449219,4560200,0.0,0.0
2015-01-09 00:00:00-05:00,158.75999450683594,158.75999450683594,154.6300048828125,155.72999572753906,111.78253173828125,3949100,0.0,0.0
2015-01-12 00:00:00-05:00,156.22000122070312,157.99000549316406,154.99000549316406,156.22000122070312,112.1343002319336,2700700,0.0,0.0
2015-01-13 00:00:00-05:00,158.88999938964844,160.9600067138672,153.41000366210938,155.13999938964844,111.35903930664062,4570400,0.0,0.0
2015-01-14 00:00:00-05:00,152.8699951171875,155.5399932861328,152.57000732421875,155.16000366210938,111.37345123291016,3426400,0.0,0.0
2015-01-15 00:00:00-05:00,156.14999389648438,157.74000549316406,151.52999877929688,151.9199981689453,109.04776000976562,2894000,0.0,0.0
2015-01-16 00:00:00-05:00,152.42999267578125,158.44000244140625,152.02999877929688,158.42999267578125,113.72064208984375,3513200,0.0,0.0
2015-01-20 00:00:00-05:00,159.2100067138672,159.72999572753906,154.64999389648438,157.60000610351562,113.12486267089844,3664400,0.0,0.0
2015-01-21 00:00:00-05:00,155.3800048828125,158.27000427246094,155.3800048828125,157.3800048828125,112.96694946289062,2804900,0.0,0.0
2015-01-22 00:00:00-05:00,158.1699981689453,159.77999877929688,154.11000061035156,159.57000732421875,114.53893280029297,3783100,0.0,0.0
2015-01-23 00:00:00-05:00,159.8000030517578,160.00999450683594,158.25,159.80999755859375,114.711181640625,2249400,0.0,0.0
2015-01-26 00:00:00-05:00,159.6199951171875,161.47999572753906,157.6699981689453,159.72999572753906,114.65379333496094,3149600,0.0,0.0
2015-01-27 00:00:00-05:00,158.52999877929688,160.74000549316406,158.27999877929688,158.88999938964844,114.05081939697266,2876300,0.0,0.0
2015-01-28 00:00:00-05:00,158.32000732421875,160.91000366210938,154.50999450683594,154.63999938964844,111.0001449584961,4927100,0.0,0.0
2015-01-29 00:00:00-05:00,154.88999938964844,156.83999633789062,153.75999450683594,156.3699951171875,112.2419662475586,3435500,0.0,0.0
2015-01-30 00:00:00-05:00,155.5500030517578,156.8699951171875,151.52999877929688,152.25999450683594,109.29180145263672,5318200,0.0,0.0
2015-02-02 00:00:00-05:00,153.41000366210938,153.97000122070312,149.39999389648438,152.5,109.46408081054688,3832500,0.0,0.0
2015-02-03 00:00:00-05:00,153.75999450683594,153.75999450683594,148.8699951171875,152.22999572753906,109.27024841308594,4298400,0.0,0.0
2015-02-04 00:00:00-05:00,150.1300048828125,153.14999389648438,147.4199981689453,151.4499969482422,108.71037292480469,5827100,0.0,0.0
2015-02-05 00:00:00-05:00,152.2899932861328,153.89999389648438,151.02000427246094,153.36000061035156,110.0813980102539,3564400,0.0,0.0
2015-02-06 00:00:00-05:00,154.32000732421875,154.75999450683594,150.60000610351562,151.39999389648438,108.67449188232422,3242700,0.0,0.0
2015-02-09 00:00:00-05:00,150.0,151.8300018310547,149.1999969482422,150.00999450683594,107.67679595947266,3236400,0.0,0.0
2015-02-10 00:00:00-05:00,150.5,152.6300048828125,149.0500030517578,152.57000732421875,110.0941390991211,4108600,0.79,0.0
2015-02-11 00:00:00-05:00,153.3000030517578,155.24000549316406,152.25999450683594,153.11000061035156,110.48380279541016,3998700,0.0,0.0
2015-02-12 00:00:00-05:00,154.8300018310547,154.8300018310547,151.1199951171875,153.17999267578125,110.53431701660156,2935800,0.0,0.0
2015-02-13 00:00:00-05:00,153.6199951171875,153.80999755859375,150.2100067138672,153.47999572753906,110.75079345703125,3591400,0.0,0.0
2015-02-17 00:00:00-05:00,153.52000427246094,154.85000610351562,153.0,154.24000549316406,111.29915618896484,3895600,0.0,0.0
2015-02-18 00:00:00-05:00,154.22000122070312,156.22999572753906,153.63999938964844,155.77999877929688,112.4104995727539,3297900,0.0,0.0
2015-02-19 00:00:00-05:00,155.97000122070312,156.4199981689453,155.0399932861328,156.0500030517578,112.60525512695312,3913900,0.0,0.0
2015-02-20 00:00:00-05:00,156.42999267578125,157.75,155.05999755859375,157.66000366210938,113.76705169677734,4411100,0.0,0.0
2015-02-23 00:00:00-05:00,158.07000732421875,159.1999969482422,157.80999755859375,158.4199981689453,114.31547546386719,3094300,0.0,0.0
2015-02-24 00:00:00-05:00,159.0,159.11000061035156,156.25,157.3699951171875,113.55779266357422,2060500,0.0,0.0
2015-02-25 00:00:00-05:00,157.75999450683594,158.77999877929688,155.74000549316406,158.0800018310547,114.07011413574219,3262800,0.0,0.0
2015-02-26 00:00:00-05:00,158.47999572753906,159.39999389648438,156.0,158.97000122070312,114.71236419677734,3379800,0.0,0.0
2015-02-27 00:00:00-05:00,159.10000610351562,159.24000549316406,157.1999969482422,157.72000122070312,113.81037139892578,2472000,0.0,0.0
2015-03-02 00:00:00-05:00,159.2899932861328,159.89999389648438,157.6199951171875,159.6300048828125,115.18860626220703,3483500,0.0,0.0
2015-03-03 00:00:00-05:00,159.39999389648438,159.39999389648438,157.50999450683594,158.55999755859375,114.41650390625,2334900,0.0,0.0
2015-03-04 00:00:00-05:00,158.0500030517578,159.74000549316406,156.80999755859375,159.19000244140625,114.87108612060547,3098600,0.0,0.0
2015-03-05 00:00:00-05:00,160.0,161.47999572753906,158.86000061035156,159.60000610351562,115.16694641113281,2470900,0.0,0.0
2015-03-06 00:00:00-05:00,158.5,159.9199981689453,154.0,154.8800048828125,111.76103973388672,4091400,0.0,0.0
2015-03-09 00:00:00-04:00,154.85000610351562,155.74000549316406,152.77999877929688,155.00999450683594,111.8548355102539,2135000,0.0,0.0
2015-03-10 00:00:00-04:00,152.8699951171875,155.6300048828125,152.2899932861328,153.5800018310547,110.8228988647461,3509600,0.0,0.0
2015-03-11 00:00:00-04:00,154.1199951171875,154.27000427246094,152.4199981689453,152.6999969482422,110.18791961669922,2487100,0.0,0.0
2015-03-12 00:00:00-04:00,154.25999450683594,154.77000427246094,152.9499969482422,154.25,111.30638885498047,1889400,0.0,0.0
2015-03-13 00:00:00-04:00,153.27999877929688,154.75,152.5800018310547,154.25999450683594,111.31362915039062,2737900,0.0,0.0
2015-03-16 00:00:00-04:00,157.72999572753906,163.1999969482422,156.74000549316406,163.02999877929688,117.64202880859375,5201600,0.0,0.0
2015-03-17 00:00:00-04:00,162.25,163.75999450683594,161.74000549316406,163.07000732421875,117.67088317871094,2620800,0.0,0.0
2015-03-18 00:00:00-04:00,162.97000122070312,167.60000610351562,161.8300018310547,166.5399932861328,120.17483520507812,3690100,0.0,0.0
2015-03-19 00:00:00-04:00,167.6699981689453,169.22000122070312,166.97000122070312,169.11000061035156,122.02935028076172,3756600,0.0,0.0
2015-03-20 00:00:00-04:00,170.39999389648438,172.36000061035156,168.50999450683594,170.10000610351562,122.74371337890625,9040600,0.0,0.0
2015-03-23 00:00:00-04:00,168.89999389648438,169.2100067138672,165.6999969482422,166.5399932861328,120.17483520507812,3879900,0.0,0.0
2015-03-24 00:00:00-04:00,166.05999755859375,168.25,165.39999389648438,166.00999450683594,119.79235076904297,2555600,0.0,0.0
2015-03-25 00:00:00-04:00,166.0,166.7899932861328,160.57000732421875,160.6199951171875,115.90296936035156,4010100,0.0,0.0
2015-03-26 00:00:00-04:00,158.83999633789062,162.69000244140625,157.36000061035156,160.5500030517578,115.85249328613281,3146500,0.0,0.0
2015-03-27 00:00:00-04:00,161.25999450683594,163.4499969482422,161.0,162.58999633789062,117.32453155517578,2438900,0.0,0.0
2015-03-30 00:00:00-04:00,164.50999450683594,165.82000732421875,163.0500030517578,164.30999755859375,118.56568145751953,2388100,0.0,0.0
2015-03-31 00:00:00-04:00,163.32000732421875,164.08999633789062,159.72000122070312,159.85000610351562,115.34736633300781,3111000,0.0,0.0
2015-04-01 00:00:00-04:00,159.3699951171875,159.38999938964844,154.63999938964844,157.10000610351562,113.36293029785156,5135000,0.0,0.0
2015-04-02 00:00:00-04:00,157.1199951171875,158.17999267578125,155.02999877929688,155.8800048828125,112.48262023925781,3015200,0.0,0.0
2015-04-06 00:00:00-04:00,154.8000030517578,157.27000427246094,154.60000610351562,155.27999877929688,112.04966735839844,3185700,0.0,0.0
2015-04-07 00:00:00-04:00,155.6199951171875,159.47000122070312,155.27999877929688,157.27999877929688,113.49285125732422,2942600,0.0,0.0
2015-04-08 00:00:00-04:00,157.67999267578125,160.99000549316406,157.66000366210938,160.3300018310547,115.69374084472656,3031200,0.0,0.0
2015-04-09 00:00:00-04:00,161.22999572753906,161.8000030517578,159.07000732421875,161.49000549316406,116.53076171875,2860600,0.0,0.0
2015-04-10 00:00:00-04:00,161.58999633789062,163.69000244140625,160.30999755859375,163.3800048828125,117.89461517333984,2407200,0.0,0.0
2015-04-13 00:00:00-04:00,162.82000732421875,164.72000122070312,162.33999633789062,162.49000549316406,117.25237274169922,1767700,0.0,0.0
2015-04-14 00:00:00-04:00,162.5,163.47000122070312,160.55999755859375,162.57000732421875,117.31013488769531,2099400,0.0,0.0
2015-04-15 00:00:00-04:00,163.1199951171875,165.91000366210938,162.86000061035156,165.47000122070312,119.4027099609375,3659300,0.0,0.0
2015-04-16 00:00:00-04:00,166.39999389648438,167.63999938964844,165.07000732421875,166.8699951171875,120.41297912597656,3085600,0.0,0.0
2015-04-17 00:00:00-04:00,165.0,165.5,161.72000122070312,163.5800018310547,118.03893280029297,4249700,0.0,0.0
2015-04-20 00:00:00-04:00,164.63999938964844,166.0500030517578,163.05999755859375,165.97000122070312,119.76356506347656,2760900,0.0,0.0
2015-04-21 00:00:00-04:00,167.08999633789062,168.8800048828125,167.07000732421875,168.4600067138672,121.56027221679688,3794800,0.0,0.0
2015-04-22 00:00:00-04:00,173.0399932861328,173.60000610351562,167.00999450683594,169.10000610351562,122.0221176147461,5352200,0.0,0.0
2015-04-23 00:00:00-04:00,167.94000244140625,169.5500030517578,166.5800018310547,169.1699981689453,122.07266235351562,3668100,0.0,0.0
2015-04-24 00:00:00-04:00,168.14999389648438,169.25,166.05999755859375,167.91000366210938,121.16343688964844,2548300,0.0,0.0
2015-04-27 00:00:00-04:00,168.49000549316406,168.72000122070312,161.5500030517578,162.3800048828125,117.17300415039062,4386200,0.0,0.0
2015-04-28 00:00:00-04:00,162.14999389648438,165.3000030517578,160.6300048828125,162.49000549316406,117.25237274169922,4262800,0.0,0.0
2015-04-29 00:00:00-04:00,161.27999877929688,163.4600067138672,159.52999877929688,160.97999572753906,116.16277313232422,3281800,0.0,0.0
2015-04-30 00:00:00-04:00,159.83999633789062,161.7100067138672,156.47000122070312,157.91000366210938,113.94747161865234,4444300,0.0,0.0
2015-05-01 00:00:00-04:00,159.5,161.69000244140625,158.64999389648438,160.36000061035156,115.71534729003906,3259800,0.0,0.0
2015-05-04 00:00:00-04:00,161.5,163.9600067138672,161.4499969482422,162.11000061035156,116.97814178466797,3496200,0.0,0.0
2015-05-05 00:00:00-04:00,161.30999755859375,162.19000244140625,159.24000549316406,159.44000244140625,115.05150604248047,3086000,0.0,0.0
2015-05-06 00:00:00-04:00,160.0,160.38999938964844,156.64999389648438,158.9499969482422,114.69791412353516,3762700,0.0,0.0
2015-05-07 00:00:00-04:00,159.24000549316406,159.82000732421875,157.1999969482422,157.89999389648438,113.94023895263672,4374000,0.0,0.0
2015-05-08 00:00:00-04:00,159.77999877929688,162.86000061035156,159.1300048828125,162.33999633789062,117.14409637451172,4664200,0.0,0.0
2015-05-11 00:00:00-04:00,162.30999755859375,162.99000549316406,161.0,161.0500030517578,116.21324157714844,2723800,0.0,0.0
2015-05-12 00:00:00-04:00,159.0,159.25999450683594,155.7100067138672,158.24000549316406,114.74846649169922,4359700,0.79,0.0
2015-05-13 00:00:00-04:00,159.74000549316406,161.24000549316406,157.64999389648438,158.38999938964844,114.85722351074219,2727000,0.0,0.0
2015-05-14 00:00:00-04:00,159.89999389648438,162.16000366210938,158.19000244140625,161.97999572753906,117.46054077148438,2717500,0.0,0.0
2015-05-15 00:00:00-04:00,163.27000427246094,163.6300048828125,161.67999267578125,162.36000061035156,117.73607635498047,2384600,0.0,0.0
2015-05-18 00:00:00-04:00,161.6999969482422,163.89999389648438,161.27000427246094,163.44000244140625,118.5192642211914,2153900,0.0,0.0
2015-05-19 00:00:00-04:00,163.86000061035156,164.1199951171875,162.4600067138672,163.55999755859375,118.60626983642578,1746600,0.0,0.0
2015-05-20 00:00:00-04:00,163.97000122070312,165.58999633789062,162.39999389648438,163.97999572753906,118.91085052490234,2027300,0.0,0.0
2015-05-21 00:00:00-04:00,163.52000427246094,164.72999572753906,162.82000732421875,163.83999633789062,118.80931854248047,2156600,0.0,0.0
2015-05-22 00:00:00-04:00,163.5800018310547,164.57000732421875,163.02999877929688,163.5800018310547,118.62079620361328,1636000,0.0,0.0
2015-05-26 00:00:00-04:00,160.64999389648438,162.4600067138672,158.0,159.00999450683594,115.30683898925781,4078300,0.0,0.0
2015-05-27 00:00:00-04:00,159.9600067138672,161.0,159.27999877929688,160.44000244140625,116.34382629394531,3336300,0.0,0.0
2015-05-28 00:00:00-04:00,159.60000610351562,159.60000610351562,155.8300018310547,157.35000610351562,114.10309600830078,4205300,0.0,0.0
2015-05-29 00:00:00-04:00,156.7899932861328,157.97000122070312,155.5800018310547,156.25999450683594,113.31266021728516,4414300,0.0,0.0
2015-06-01 00:00:00-04:00,157.58999633789062,158.0,155.5,157.02999877929688,113.87100982666016,2849800,0.0,0.0
2015-06-02 00:00:00-04:00,156.8800048828125,157.97000122070312,154.8000030517578,156.44000244140625,113.44322204589844,2497200,0.0,0.0
2015-06-03 00:00:00-04:00,157.4499969482422,157.86000061035156,156.39999389648438,157.1300048828125,113.94355010986328,2160500,0.0,0.0
2015-06-04 00:00:00-04:00,156.60000610351562,158.47000122070312,156.3000030517578,158.08999633789062,114.63965606689453,3917700,0.0,0.0
2015-06-05 00:00:00-04:00,158.5,159.39999389648438,156.02999877929688,157.25,114.03057861328125,3431100,0.0,0.0
2015-06-08 00:00:00-04:00,157.3000030517578,158.47000122070312,155.6300048828125,156.47000122070312,113.46495056152344,2081700,0.0,0.0
2015-06-09 00:00:00-04:00,156.5500030517578,157.11000061035156,153.91000366210938,154.8000030517578,112.25392150878906,2766000,0.0,0.0
2015-06-10 00:00:00-04:00,153.39999389648438,155.8800048828125,150.85000610351562,155.5500030517578,112.79777526855469,5972800,0.0,0.0
2015-06-11 00:00:00-04:00,157.91000366210938,158.97000122070312,156.44000244140625,157.9600067138672,114.54541778564453,3633400,0.0,0.0
2015-06-12 00:00:00-04:00,157.22999572753906,157.74000549316406,155.00999450683594,156.1199951171875,113.21110534667969,2398100,0.0,0.0
2015-06-15 00:00:00-04:00,154.75,156.3699951171875,153.57000732421875,156.10000610351562,113.19660949707031,2585200,0.0,0.0
2015-06-16 00:00:00-04:00,155.80999755859375,156.80999755859375,155.08999633789062,156.22999572753906,113.2908935546875,1723300,0.0,0.0
2015-06-17 00:00:00-04:00,156.86000061035156,156.97999572753906,154.8800048828125,155.64999389648438,112.87030792236328,3008600,0.0,0.0
2015-06-18 00:00:00-04:00,156.3300018310547,160.77000427246094,156.30999755859375,160.1199951171875,116.11172485351562,3454500,0.0,0.0
2015-06-19 00:00:00-04:00,160.1300048828125,162.22999572753906,159.77000427246094,160.72000122070312,116.54686737060547,5182000,0.0,0.0
2015-06-22 00:00:00-04:00,161.6199951171875,163.25999450683594,161.4499969482422,162.22000122070312,117.63455200195312,1926600,0.0,0.0
2015-06-23 00:00:00-04:00,163.4499969482422,163.5,161.0399932861328,161.69000244140625,117.2502212524414,2451800,0.0,0.0
2015-06-24 00:00:00-04:00,161.52999877929688,161.83999633789062,159.27999877929688,159.88999938964844,115.94495391845703,2522600,0.0,0.0
2015-06-25 00:00:00-04:00,160.82000732421875,160.83999633789062,158.02000427246094,158.75999450683594,115.12555694580078,2411400,0.0,0.0
2015-06-26 00:00:00-04:00,159.41000366210938,159.7899932861328,157.22999572753906,158.02000427246094,114.58890533447266,3537900,0.0,0.0
2015-06-29 00:00:00-04:00,156.6300048828125,157.9600067138672,151.42999267578125,151.60000610351562,109.93343353271484,4784800,0.0,0.0
2015-06-30 00:00:00-04:00,153.24000549316406,154.22000122070312,151.50999450683594,153.52000427246094,111.32569885253906,3893300,0.0,0.0
2015-07-01 00:00:00-04:00,154.94000244140625,155.75,153.42999267578125,154.99000549316406,112.39171600341797,2299100,0.0,0.0
2015-07-02 00:00:00-04:00,155.14999389648438,155.57000732421875,153.00999450683594,153.25999450683594,111.13722229003906,2119800,0.0,0.0
2015-07-06 00:00:00-04:00,152.13999938964844,156.07000732421875,151.88999938964844,154.5,112.03639221191406,2773500,0.0,0.0
2015-07-07 00:00:00-04:00,155.25,155.6999969482422,152.17999267578125,155.38999938964844,112.6817398071289,2253200,0.0,0.0
2015-07-08 00:00:00-04:00,154.11000061035156,154.85000610351562,151.92999267578125,152.30999755859375,110.44830322265625,2393500,0.0,0.0
2015-07-09 00:00:00-04:00,152.44000244140625,153.89999389648438,151.0399932861328,151.30999755859375,109.72312927246094,4146300,0.0,0.0
2015-07-10 00:00:00-04:00,153.99000549316406,154.52999877929688,152.49000549316406,154.10000610351562,111.74629974365234,3976600,0.0,0.0
2015-07-13 00:00:00-04:00,155.27999877929688,156.55999755859375,154.9199981689453,155.75999450683594,112.95008087158203,1803400,0.0,0.0
2015-07-14 00:00:00-04:00,156.33999633789062,160.30999755859375,155.75999450683594,159.32000732421875,115.5316390991211,3624800,0.0,0.0
2015-07-15 00:00:00-04:00,160.4600067138672,162.5500030517578,159.5800018310547,160.4499969482422,116.3510513305664,2618600,0.0,0.0
2015-07-16 00:00:00-04:00,161.72999572753906,163.75,161.07000732421875,163.0399932861328,118.22920989990234,2487500,0.0,0.0
2015-07-17 00:00:00-04:00,163.0500030517578,163.5,160.60000610351562,163.27000427246094,118.39598846435547,3248500,0.0,0.0
2015-07-20 00:00:00-04:00,163.55999755859375,165.39999389648438,162.88999938964844,164.33999633789062,119.17192840576172,2692400,0.0,0.0
2015-07-21 00:00:00-04:00,164.72000122070312,165.32000732421875,162.3699951171875,163.6999969482422,118.707763671875,2690000,0.0,0.0
2015-07-22 00:00:00-04:00,161.47000122070312,164.67999267578125,161.47000122070312,164.25,119.10665130615234,2106900,0.0,0.0
2015-07-23 00:00:00-04:00,165.0,165.1199951171875,162.7899932861328,164.10000610351562,118.99784851074219,1716300,0.0,0.0
2015-07-24 00:00:00-04:00,162.11000061035156,163.72999572753906,157.2100067138672,158.58999633789062,115.00225830078125,4410700,0.0,0.0
2015-07-27 00:00:00-04:00,159.3699951171875,165.94000244140625,159.16000366210938,165.5399932861328,120.04203033447266,5757200,0.0,0.0
2015-07-28 00:00:00-04:00,166.1199951171875,174.8000030517578,166.1199951171875,172.74000549316406,125.26317596435547,8553600,0.0,0.0
2015-07-29 00:00:00-04:00,172.9199981689453,173.67999267578125,169.1199951171875,171.47000122070312,124.34224700927734,5112300,0.0,0.0
2015-07-30 00:00:00-04:00,170.08999633789062,172.47999572753906,168.2100067138672,171.69000244140625,124.5018539428711,4044100,0.0,0.0
2015-07-31 00:00:00-04:00,177.5,181.80999755859375,176.0,176.58999633789062,128.05503845214844,7289400,0.0,0.0
2015-08-03 00:00:00-04:00,176.8000030517578,177.0500030517578,174.02000427246094,175.58999633789062,127.32989501953125,2922600,0.0,0.0
2015-08-04 00:00:00-04:00,175.7899932861328,176.22000122070312,173.6199951171875,174.8000030517578,126.75697326660156,2474200,0.0,0.0
2015-08-05 00:00:00-04:00,175.52999877929688,177.52000427246094,175.3800048828125,176.44000244140625,127.9462661743164,2146700,0.0,0.0
2015-08-06 00:00:00-04:00,176.94000244140625,176.9600067138672,168.25,169.66000366210938,123.02970886230469,3775400,0.0,0.0
2015-08-07 00:00:00-04:00,169.6699981689453,172.47000122070312,166.39999389648438,172.30999755859375,124.95137786865234,4156000,0.0,0.0
2015-08-10 00:00:00-04:00,172.89999389648438,174.69000244140625,170.4499969482422,170.60000610351562,123.71138763427734,2729600,0.0,0.0
2015-08-11 00:00:00-04:00,169.6699981689453,169.72999572753906,166.88999938964844,168.55999755859375,122.23199462890625,2924900,0.0,0.0
2015-08-12 00:00:00-04:00,167.69000244140625,171.19000244140625,164.6199951171875,170.6199951171875,123.72587585449219,4486400,0.0,0.0
2015-08-13 00:00:00-04:00,170.5,170.99000549316406,168.02999877929688,168.5800018310547,122.81522369384766,1897000,0.79,0.0
2015-08-14 00:00:00-04:00,168.08999633789062,169.6300048828125,166.66000366210938,167.72000122070312,122.18867492675781,2704500,0.0,0.0
2015-08-17 00:00:00-04:00,167.0500030517578,169.88999938964844,166.0,169.7899932861328,123.69674682617188,1988800,0.0,0.0
2015-08-18 00:00:00-04:00,170.00999450683594,170.24000549316406,167.10000610351562,167.72000122070312,122.18867492675781,2273400,0.0,0.0
2015-08-19 00:00:00-04:00,166.82000732421875,167.72000122070312,164.4499969482422,166.57000732421875,121.35088348388672,3139800,0.0,0.0
2015-08-20 00:00:00-04:00,164.3300018310547,165.5,161.02999877929688,161.14999389648438,117.40222930908203,3491800,0.0,0.0
2015-08-21 00:00:00-04:00,158.97000122070312,163.9199981689453,155.19000244140625,155.19000244140625,113.06021881103516,6208400,0.0,0.0
2015-08-24 00:00:00-04:00,145.3300018310547,154.4199981689453,140.0,147.63999938964844,107.55984497070312,8697500,0.0,0.0
2015-08-25 00:00:00-04:00,152.5,153.8800048828125,144.8800048828125,145.19000244140625,105.77493286132812,6701100,0.0,0.0
2015-08-26 00:00:00-04:00,151.22999572753906,154.11000061035156,147.1300048828125,153.97999572753906,112.1786880493164,5251300,0.0,0.0
2015-08-27 00:00:00-04:00,154.8800048828125,157.10000610351562,151.36000061035156,155.72000122070312,113.44631958007812,4910500,0.0,0.0
2015-08-28 00:00:00-04:00,156.3800048828125,158.0,153.7100067138672,155.88999938964844,113.57022094726562,4649300,0.0,0.0
2015-08-31 00:00:00-04:00,155.3300018310547,156.35000610351562,151.3000030517578,151.77999877929688,110.57594299316406,4354500,0.0,0.0
2015-09-01 00:00:00-04:00,149.22999572753906,150.99000549316406,146.9499969482422,147.4600067138672,107.42871856689453,5523000,0.0,0.0
2015-09-02 00:00:00-04:00,149.07000732421875,152.35000610351562,147.25,152.2899932861328,110.94747924804688,4339100,0.0,0.0
2015-09-03 00:00:00-04:00,152.67999267578125,154.1199951171875,148.92999267578125,149.22999572753906,108.7182388305664,2868400,0.0,0.0
2015-09-04 00:00:00-04:00,147.49000549316406,148.9600067138672,145.75,147.02000427246094,107.1081314086914,3362800,0.0,0.0
2015-09-08 00:00:00-04:00,151.60000610351562,154.66000366210938,151.0,154.55999755859375,112.60122680664062,4508400,0.0,0.0
2015-09-09 00:00:00-04:00,156.19000244140625,156.75999450683594,150.6199951171875,151.0800018310547,110.06597137451172,2987600,0.0,0.0
2015-09-10 00:00:00-04:00,150.83999633789062,154.32000732421875,150.55999755859375,153.13999938964844,111.56674194335938,3477900,0.0,0.0
2015-09-11 00:00:00-04:00,152.0500030517578,153.4499969482422,150.92999267578125,153.2100067138672,111.61775970458984,2422700,0.0,0.0
2015-09-14 00:00:00-04:00,153.88999938964844,153.88999938964844,150.0500030517578,151.0,110.00768280029297,2896200,0.0,0.0
2015-09-15 00:00:00-04:00,152.02000427246094,152.7899932861328,150.24000549316406,152.13999938964844,110.83820343017578,2560200,0.0,0.0
2015-09-16 00:00:00-04:00,151.97000122070312,152.8800048828125,148.47000122070312,151.17999267578125,110.1387939453125,4004200,0.0,0.0
2015-09-17 00:00:00-04:00,151.6999969482422,156.33999633789062,151.0,153.91000366210938,112.12772369384766,3519500,0.0,0.0
2015-09-18 00:00:00-04:00,151.1199951171875,153.3699951171875,149.02999877929688,150.58999633789062,109.708984375,6487300,0.0,0.0
2015-09-21 00:00:00-04:00,151.97000122070312,152.8000030517578,146.32000732421875,147.08999633789062,107.15917205810547,4702600,0.0,0.0
2015-09-22 00:00:00-04:00,145.0,146.77999877929688,142.82000732421875,145.92999267578125,106.31402587890625,4518000,0.0,0.0
2015-09-23 00:00:00-04:00,146.0800018310547,147.0399932861328,144.02999877929688,145.72000122070312,106.16105651855469,2785400,0.0,0.0
2015-09-24 00:00:00-04:00,144.72000122070312,145.6300048828125,141.36000061035156,143.50999450683594,104.55097961425781,3519200,0.0,0.0
2015-09-25 00:00:00-04:00,146.05999755859375,146.75,136.75999450683594,138.52999877929688,100.9229507446289,5243700,0.0,0.0
2015-09-28 00:00:00-04:00,137.99000549316406,138.19000244140625,130.08999633789062,132.24000549316406,96.34051513671875,7514700,0.0,0.0
2015-09-29 00:00:00-04:00,132.0,138.0,131.42999267578125,133.82000732421875,97.49156951904297,6251500,0.0,0.0
2015-09-30 00:00:00-04:00,136.66000366210938,139.25,135.86000061035156,138.32000732421875,100.76995849609375,6209500,0.0,0.0
2015-10-01 00:00:00-04:00,138.5500030517578,140.63999938964844,136.60000610351562,140.22999572753906,102.1613998413086,4675900,0.0,0.0
2015-10-02 00:00:00-04:00,138.25999450683594,142.5399932861328,135.63999938964844,142.47000122070312,103.79335021972656,4803500,0.0,0.0
2015-10-05 00:00:00-04:00,144.0,144.91000366210938,142.22000122070312,143.8000030517578,104.7623062133789,4367100,0.0,0.0
2015-10-06 00:00:00-04:00,142.1199951171875,143.3699951171875,138.05999755859375,141.22000122070312,102.88270568847656,4759700,0.0,0.0
2015-10-07 00:00:00-04:00,142.64999389648438,148.30999755859375,140.24000549316406,148.0500030517578,107.8585433959961,8002400,0.0,0.0
2015-10-08 00:00:00-04:00,147.67999267578125,150.99000549316406,145.02999877929688,149.89999389648438,109.20631408691406,6638500,0.0,0.0
2015-10-09 00:00:00-04:00,149.25,150.75,148.00999450683594,149.58999633789062,108.9804916381836,3080900,0.0,0.0
2015-10-12 00:00:00-04:00,152.77999877929688,155.1199951171875,151.6300048828125,153.02999877929688,111.4865493774414,5473000,0.0,0.0
2015-10-13 00:00:00-04:00,151.5399932861328,152.97999572753906,147.44000244140625,147.5800018310547,107.51615905761719,4143900,0.0,0.0
2015-10-14 00:00:00-04:00,148.3800048828125,150.92999267578125,147.1300048828125,147.80999755859375,107.68370056152344,3197400,0.0,0.0
2015-10-15 00:00:00-04:00,147.4499969482422,152.77999877929688,146.97000122070312,152.5399932861328,111.1296157836914,3269600,0.0,0.0
2015-10-16 00:00:00-04:00,153.19000244140625,154.1199951171875,150.5800018310547,152.61000061035156,111.18060302734375,4793100,0.0,0.0
2015-10-19 00:00:00-04:00,152.61000061035156,156.13999938964844,152.4600067138672,154.47000122070312,112.53568267822266,3271700,0.0,0.0
2015-10-20 00:00:00-04:00,154.19000244140625,155.0,149.47000122070312,150.4499969482422,109.60698699951172,3385300,0.0,0.0
2015-10-21 00:00:00-04:00,152.3699951171875,152.75,147.3000030517578,150.08999633789062,109.34473419189453,3832600,0.0,0.0
2015-10-22 00:00:00-04:00,152.10000610351562,152.94000244140625,148.57000732421875,152.30999755859375,110.96207427978516,4079800,0.0,0.0
2015-10-23 00:00:00-04:00,153.61000061035156,156.1999969482422,151.86000061035156,155.75,113.46820068359375,3657300,0.0,0.0
2015-10-26 00:00:00-04:00,156.0,159.91000366210938,154.64999389648438,158.5800018310547,115.52993774414062,4346600,0.0,0.0
2015-10-27 00:00:00-04:00,158.5800018310547,162.1199951171875,157.8300018310547,161.97999572753906,118.0069351196289,3877200,0.0,0.0
2015-10-28 00:00:00-04:00,162.72000122070312,162.8699951171875,158.72999572753906,162.6699981689453,118.50957489013672,4878900,0.0,0.0
2015-10-29 00:00:00-04:00,164.99000549316406,165.0,158.94000244140625,160.5800018310547,116.98697662353516,4870200,0.0,0.0
2015-10-30 00:00:00-04:00,161.05999755859375,162.0,158.1300048828125,158.17999267578125,115.23851013183594,4589700,0.0,0.0
2015-11-02 00:00:00-05:00,159.00999450683594,162.75,158.3699951171875,162.30999755859375,118.247314453125,3222500,0.0,0.0
2015-11-03 00:00:00-05:00,160.97000122070312,163.14999389648438,160.5,162.4600067138672,118.35660552978516,2411500,0.0,0.0
2015-11-04 00:00:00-05:00,162.85000610351562,163.99000549316406,160.77000427246094,161.8800048828125,117.9341049194336,3059500,0.0,0.0
2015-11-05 00:00:00-05:00,162.1999969482422,162.47999572753906,158.82000732421875,161.22000122070312,117.45327758789062,2202400,0.0,0.0
2015-11-06 00:00:00-05:00,160.8699951171875,160.8699951171875,156.83999633789062,160.4600067138672,116.8995590209961,3344000,0.0,0.0
2015-11-09 00:00:00-05:00,159.75,160.61000061035156,158.32000732421875,159.6300048828125,116.29489135742188,2722200,0.0,0.0
2015-11-10 00:00:00-05:00,160.25,161.1699981689453,158.0500030517578,158.3699951171875,115.37694549560547,2871300,0.0,0.0
2015-11-11 00:00:00-05:00,159.25999450683594,159.57000732421875,156.75999450683594,156.86000061035156,114.27685546875,1920400,0.0,0.0
2015-11-12 00:00:00-05:00,155.94000244140625,157.6999969482422,150.82000732421875,150.97999572753906,110.5499038696289,4767200,0.79,0.0
2015-11-13 00:00:00-05:00,150.67999267578125,153.52000427246094,148.0,151.5500030517578,110.96723937988281,3855000,0.0,0.0
2015-11-16 00:00:00-05:00,152.02000427246094,154.77999877929688,151.10000610351562,154.5,113.1272964477539,2443200,0.0,0.0
2015-11-17 00:00:00-05:00,154.91000366210938,159.1300048828125,153.6999969482422,157.60000610351562,115.39713287353516,3644300,0.0,0.0
2015-11-18 00:00:00-05:00,158.11000061035156,161.1199951171875,156.35000610351562,160.9199981689453,117.82809448242188,2975800,0.0,0.0
2015-11-19 00:00:00-05:00,159.88999938964844,161.52000427246094,158.8300018310547,159.49000549316406,116.7810287475586,2041000,0.0,0.0
2015-11-20 00:00:00-05:00,160.74000549316406,161.33999633789062,159.5500030517578,159.91000366210938,117.08856964111328,2728000,0.0,0.0
2015-11-23 00:00:00-05:00,159.6300048828125,163.1300048828125,159.6300048828125,162.47000122070312,118.96300506591797,4168400,0.0,0.0
2015-11-24 00:00:00-05:00,161.00999450683594,163.33999633789062,161.0,162.77999877929688,119.19004821777344,3687000,0.0,0.0
2015-11-25 00:00:00-05:00,163.0500030517578,164.58999633789062,162.7100067138672,163.9499969482422,120.0467300415039,2134200,0.0,0.0
2015-11-27 00:00:00-05:00,164.75999450683594,165.0,163.13999938964844,163.52000427246094,119.73184204101562,1052400,0.0,0.0
2015-11-30 00:00:00-05:00,163.49000549316406,164.0,160.36000061035156,161.10000610351562,117.95989990234375,2982600,0.0,0.0
2015-12-01 00:00:00-05:00,162.7100067138672,163.42999267578125,160.52000427246094,161.97999572753906,118.60429382324219,2429000,0.0,0.0
2015-12-02 00:00:00-05:00,161.6199951171875,162.38999938964844,160.10000610351562,160.52000427246094,117.53523254394531,2871600,0.0,0.0
2015-12-03 00:00:00-05:00,160.27000427246094,160.52000427246094,153.7100067138672,154.64999389648438,113.23711395263672,4468600,0.0,0.0
2015-12-04 00:00:00-05:00,154.9600067138672,161.9499969482422,154.9499969482422,161.42999267578125,118.20152282714844,3920900,0.0,0.0
2015-12-07 00:00:00-05:00,162.91000366210938,162.97000122070312,157.5399932861328,158.3000030517578,115.90968322753906,3566700,0.0,0.0
2015-12-08 00:00:00-05:00,156.61000061035156,160.6699981689453,156.0399932861328,159.35000610351562,116.67852783203125,2249200,0.0,0.0
2015-12-09 00:00:00-05:00,158.35000610351562,159.80999755859375,156.1199951171875,157.88999938964844,115.60948181152344,2995600,0.0,0.0
2015-12-10 00:00:00-05:00,158.97000122070312,160.85000610351562,157.0,159.6699981689453,116.912841796875,2814000,0.0,0.0
2015-12-11 00:00:00-05:00,157.82000732421875,158.77999877929688,154.7899932861328,155.14999389648438,113.60318756103516,3005700,0.0,0.0
2015-12-14 00:00:00-05:00,155.97999572753906,158.33999633789062,153.42999267578125,158.11000061035156,115.77056121826172,2780600,0.0,0.0
2015-12-15 00:00:00-05:00,161.64999389648438,164.4499969482422,161.55999755859375,162.6199951171875,119.07289123535156,5365600,0.0,0.0
2015-12-16 00:00:00-05:00,164.30999755859375,165.22999572753906,162.10000610351562,164.5800018310547,120.50799560546875,3923600,0.0,0.0
2015-12-17 00:00:00-05:00,164.5800018310547,164.99000549316406,159.80999755859375,161.42999267578125,118.20152282714844,3699400,0.0,0.0
2015-12-18 00:00:00-05:00,160.5,161.82000732421875,158.6199951171875,158.8000030517578,116.27584075927734,6227000,0.0,0.0
2015-12-21 00:00:00-05:00,159.8800048828125,160.3800048828125,157.3800048828125,159.27999877929688,116.62728118896484,3818900,0.0,0.0
2015-12-22 00:00:00-05:00,160.5,163.3699951171875,160.0399932861328,162.3000030517578,118.83860778808594,3125500,0.0,0.0
2015-12-23 00:00:00-05:00,163.02999877929688,163.5,161.64999389648438,162.72000122070312,119.14610290527344,2202100,0.0,0.0
2015-12-24 00:00:00-05:00,163.6999969482422,164.36000061035156,162.22000122070312,163.5500030517578,119.75382232666016,943000,0.0,0.0
2015-12-28 00:00:00-05:00,162.91000366210938,163.1300048828125,160.60000610351562,161.72999572753906,118.42120361328125,1513000,0.0,0.0
2015-12-29 00:00:00-05:00,162.9199981689453,164.9600067138672,162.0500030517578,164.44000244140625,120.40550231933594,2171100,0.0,0.0
2015-12-30 00:00:00-05:00,164.6300048828125,164.75,162.91000366210938,163.2899932861328,119.56346130371094,1493000,0.0,0.0
2015-12-31 00:00:00-05:00,162.14999389648438,164.11000061035156,162.0500030517578,162.3300018310547,118.86053466796875,1775900,0.0,0.0
2016-01-04 00:00:00-05:00,159.0,159.22000122070312,156.08999633789062,158.33999633789062,115.93896484375,5083200,0.0,0.0
2016-01-05 00:00:00-05:00,159.0,160.2100067138672,157.25,158.1699981689453,115.81452941894531,2678900,0.0,0.0
2016-01-06 00:00:00-05:00,155.00999450683594,157.92999267578125,154.89999389648438,156.72000122070312,114.75281524658203,3826900,0.0,0.0
2016-01-07 00:00:00-05:00,153.05999755859375,156.4499969482422,152.88999938964844,152.97999572753906,112.01431274414062,4162500,0.0,0.0
2016-01-08 00:00:00-05:00,153.1199951171875,154.86000061035156,150.4600067138672,150.7100067138672,110.35221862792969,4179600,0.0,0.0
2016-01-11 00:00:00-05:00,151.3300018310547,151.58999633789062,144.1699981689453,147.69000244140625,108.14090728759766,4747400,0.0,0.0
2016-01-12 00:00:00-05:00,148.42999267578125,151.24000549316406,146.9199981689453,150.7899932861328,110.4107437133789,4410600,0.0,0.0
2016-01-13 00:00:00-05:00,151.13999938964844,152.8300018310547,145.27999877929688,145.4600067138672,106.50807189941406,3982100,0.0,0.0
2016-01-14 00:00:00-05:00,146.02000427246094,155.3000030517578,144.57000732421875,153.16000366210938,112.14612579345703,5649000,0.0,0.0
2016-01-15 00:00:00-05:00,147.69000244140625,152.3000030517578,147.69000244140625,151.3000030517578,110.7841567993164,6213000,0.0,0.0
2016-01-19 00:00:00-05:00,153.4499969482422,154.6199951171875,148.22999572753906,151.3000030517578,110.7841567993164,4382200,0.0,0.0
2016-01-20 00:00:00-05:00,149.0,156.83999633789062,148.0500030517578,155.02000427246094,113.508056640625,7338600,0.0,0.0
2016-01-21 00:00:00-05:00,154.75,155.02000427246094,150.24000549316406,152.77999877929688,111.8678970336914,4674000,0.0,0.0
2016-01-22 00:00:00-05:00,156.4499969482422,156.9600067138672,154.24000549316406,156.0800018310547,114.28417205810547,4577300,0.0,0.0
2016-01-25 00:00:00-05:00,156.17999267578125,158.0,153.0,153.42999267578125,112.34381103515625,4765100,0.0,0.0
2016-01-26 00:00:00-05:00,152.77999877929688,155.22999572753906,151.08999633789062,153.77999877929688,112.60009765625,3645500,0.0,0.0
2016-01-27 00:00:00-05:00,154.88999938964844,154.88999938964844,148.8699951171875,150.47000122070312,110.17642974853516,3752300,0.0,0.0
2016-01-28 00:00:00-05:00,151.10000610351562,151.7100067138672,145.4199981689453,148.35000610351562,108.6241683959961,4246500,0.0,0.0
2016-01-29 00:00:00-05:00,149.39999389648438,153.0,145.25,152.72999572753906,111.8312759399414,7174400,0.0,0.0
2016-02-01 00:00:00-05:00,151.30999755859375,153.72000122070312,149.33999633789062,152.75,111.84590911865234,4602200,0.0,0.0
2016-02-02 00:00:00-05:00,150.47999572753906,151.49000549316406,148.47999572753906,150.11000061035156,109.91287231445312,3881400,0.0,0.0
2016-02-03 00:00:00-05:00,150.5,151.17999267578125,147.07000732421875,150.69000244140625,110.33755493164062,4530600,0.0,0.0
2016-02-04 00:00:00-05:00,150.5,151.9600067138672,148.8000030517578,149.91000366210938,109.76644134521484,3685200,0.0,0.0
2016-02-05 00:00:00-05:00,148.92999267578125,149.38999938964844,143.69000244140625,145.0399932861328,106.20050048828125,6451900,0.0,0.0
2016-02-08 00:00:00-05:00,143.5,144.57000732421875,140.16000366210938,143.0,104.706787109375,4627300,0.0,0.0
2016-02-09 00:00:00-05:00,141.02000427246094,145.6300048828125,140.82000732421875,143.16000366210938,104.82395935058594,4211100,0.0,0.0
2016-02-10 00:00:00-05:00,145.2100067138672,147.1300048828125,143.9600067138672,144.80999755859375,106.03213500976562,4273500,0.0,0.0
2016-02-11 00:00:00-05:00,140.75999450683594,143.49000549316406,140.0399932861328,141.4600067138672,104.29948425292969,4374400,1.0,0.0
2016-02-12 00:00:00-05:00,143.1300048828125,144.97000122070312,141.13999938964844,144.72000122070312,106.70304107666016,3218000,0.0,0.0
2016-02-16 00:00:00-05:00,146.88999938964844,148.05999755859375,145.67999267578125,147.14999389648438,108.49472045898438,3371300,0.0,0.0
2016-02-17 00:00:00-05:00,148.3000030517578,151.52000427246094,147.39999389648438,151.07000732421875,111.38500213623047,3811100,0.0,0.0
2016-02-18 00:00:00-05:00,150.7899932861328,152.36000061035156,149.0800018310547,149.3000030517578,110.07991027832031,2892100,0.0,0.0
2016-02-19 00:00:00-05:00,148.97999572753906,151.75999450683594,148.25999450683594,150.1199951171875,110.68453216552734,2796800,0.0,0.0
2016-02-22 00:00:00-05:00,148.72000122070312,149.77000427246094,146.94000244140625,148.55999755859375,109.53431701660156,4603300,0.0,0.0
2016-02-23 00:00:00-05:00,148.14999389648438,149.72000122070312,146.86000061035156,147.25999450683594,108.57582092285156,3315200,0.0,0.0
2016-02-24 00:00:00-05:00,145.5,147.27000427246094,143.91000366210938,147.11000061035156,108.46522521972656,3316100,0.0,0.0
2016-02-25 00:00:00-05:00,147.36000061035156,148.38999938964844,145.25999450683594,146.75,108.19978332519531,3446800,0.0,0.0
2016-02-26 00:00:00-05:00,148.50999450683594,149.5,146.9499969482422,147.60000610351562,108.82650756835938,3411500,0.0,0.0
2016-02-29 00:00:00-05:00,146.9600067138672,147.6699981689453,142.22000122070312,142.27999877929688,104.90404510498047,5193800,0.0,0.0
2016-03-01 00:00:00-05:00,144.3000030517578,148.4499969482422,142.27999877929688,148.38999938964844,109.40896606445312,4477700,0.0,0.0
2016-03-02 00:00:00-05:00,148.0,148.6300048828125,146.2100067138672,147.49000549316406,108.74537658691406,3689900,0.0,0.0
2016-03-03 00:00:00-05:00,147.22000122070312,147.2899932861328,145.32000732421875,145.83999633789062,107.52885437011719,2988900,0.0,0.0
2016-03-04 00:00:00-05:00,147.02999877929688,147.3000030517578,144.5399932861328,145.97999572753906,107.63207244873047,3471400,0.0,0.0
2016-03-07 00:00:00-05:00,144.97999572753906,147.8699951171875,144.75999450683594,147.30999755859375,108.61265563964844,3278800,0.0,0.0
2016-03-08 00:00:00-05:00,146.88999938964844,147.0,144.32000732421875,144.6300048828125,106.63668823242188,3064100,0.0,0.0
2016-03-09 00:00:00-05:00,144.0,144.0800018310547,139.91000366210938,140.89999389648438,103.88655853271484,6075400,0.0,0.0
2016-03-10 00:00:00-05:00,142.05999755859375,143.47999572753906,139.02000427246094,141.02999877929688,103.98239135742188,4572900,0.0,0.0
2016-03-11 00:00:00-05:00,142.9499969482422,144.99000549316406,142.1699981689453,144.57000732421875,106.59247589111328,4861700,0.0,0.0
2016-03-14 00:00:00-04:00,143.86000061035156,145.30999755859375,143.19000244140625,144.6199951171875,106.62934112548828,3013800,0.0,0.0
2016-03-15 00:00:00-04:00,144.83999633789062,145.3000030517578,142.8000030517578,143.2100067138672,105.5897445678711,3034200,0.0,0.0
2016-03-16 00:00:00-04:00,143.0,147.0,141.92999267578125,143.97999572753906,106.15745544433594,6104700,0.0,0.0
2016-03-17 00:00:00-04:00,143.72000122070312,145.8000030517578,141.83999633789062,144.1300048828125,106.26807403564453,4899700,0.0,0.0
2016-03-18 00:00:00-04:00,144.97000122070312,146.39999389648438,142.50999450683594,145.50999450683594,107.28553009033203,6802600,0.0,0.0
2016-03-21 00:00:00-04:00,145.3000030517578,147.9499969482422,145.02000427246094,147.00999450683594,108.3915023803711,3176800,0.0,0.0
2016-03-22 00:00:00-04:00,147.0500030517578,150.99000549316406,146.8300018310547,150.6199951171875,111.05318450927734,4213900,0.0,0.0
2016-03-23 00:00:00-04:00,150.30999755859375,151.91000366210938,148.13999938964844,148.75999450683594,109.68177795410156,3107600,0.0,0.0
2016-03-24 00:00:00-04:00,148.75999450683594,150.9499969482422,147.60000610351562,149.24000549316406,110.03568267822266,3025800,0.0,0.0
2016-03-28 00:00:00-04:00,149.32000732421875,150.36000061035156,147.32000732421875,148.3699951171875,109.39423370361328,2111000,0.0,0.0
2016-03-29 00:00:00-04:00,148.4600067138672,149.69000244140625,146.8000030517578,149.49000549316406,110.22005462646484,2735700,0.0,0.0
2016-03-30 00:00:00-04:00,149.61000061035156,150.8800048828125,148.3000030517578,149.47999572753906,110.2126693725586,2324500,0.0,0.0
2016-03-31 00:00:00-04:00,149.3300018310547,150.9600067138672,149.1300048828125,149.92999267578125,110.54447174072266,2799600,0.0,0.0
2016-04-01 00:00:00-04:00,150.02000427246094,154.44000244140625,149.10000610351562,154.16000366210938,113.66326141357422,3972200,0.0,0.0
2016-04-04 00:00:00-04:00,154.0,155.9600067138672,153.6999969482422,154.66000366210938,114.03192138671875,2314200,0.0,0.0
2016-04-05 00:00:00-04:00,153.67999267578125,155.16000366210938,152.6199951171875,152.9499969482422,112.77110290527344,2604600,0.0,0.0
2016-04-06 00:00:00-04:00,154.24000549316406,159.85000610351562,153.52000427246094,159.66000366210938,117.71846771240234,4067000,0.0,0.0
2016-04-07 00:00:00-04:00,159.0500030517578,159.97999572753906,156.57000732421875,157.3800048828125,116.03738403320312,3363900,0.0,0.0
2016-04-08 00:00:00-04:00,158.24000549316406,159.0,155.4199981689453,156.4600067138672,115.35904693603516,2522100,0.0,0.0
2016-04-11 00:00:00-04:00,156.39999389648438,157.75,155.27999877929688,156.38999938964844,115.30744171142578,2732800,0.0,0.0
2016-04-12 00:00:00-04:00,156.13999938964844,159.1999969482422,156.11000061035156,158.60000610351562,116.93690490722656,2763400,0.0,0.0
2016-04-13 00:00:00-04:00,159.02000427246094,160.88999938964844,158.22999572753906,160.05999755859375,118.01333618164062,3860600,0.0,0.0
2016-04-14 00:00:00-04:00,159.80999755859375,160.77000427246094,159.3699951171875,160.1199951171875,118.05755615234375,2406800,0.0,0.0
2016-04-15 00:00:00-04:00,160.14999389648438,160.38999938964844,158.4600067138672,160.1300048828125,118.06494903564453,2824300,0.0,0.0
2016-04-18 00:00:00-04:00,159.49000549316406,162.10000610351562,159.39999389648438,161.6999969482422,119.2225341796875,2081100,0.0,0.0
2016-04-19 00:00:00-04:00,160.8000030517578,162.5,160.33999633789062,162.10000610351562,119.51748657226562,2693000,0.0,0.0
2016-04-20 00:00:00-04:00,163.02000427246094,163.83999633789062,161.8000030517578,162.75999450683594,120.00408172607422,2374300,0.0,0.0
2016-04-21 00:00:00-04:00,162.44000244140625,164.5399932861328,162.02999877929688,164.35000610351562,121.17642211914062,2348400,0.0,0.0
2016-04-22 00:00:00-04:00,164.52000427246094,164.6999969482422,162.17999267578125,163.19000244140625,120.32115936279297,2757200,0.0,0.0
2016-04-25 00:00:00-04:00,163.14999389648438,163.75,162.24000549316406,163.4600067138672,120.52017974853516,1596300,0.0,0.0
2016-04-26 00:00:00-04:00,163.38999938964844,163.91000366210938,162.02000427246094,162.85000610351562,120.07044219970703,2156600,0.0,0.0
2016-04-27 00:00:00-04:00,162.72000122070312,162.89999389648438,160.5,161.0,118.70640563964844,2729500,0.0,0.0
2016-04-28 00:00:00-04:00,160.22000122070312,163.67999267578125,159.36000061035156,160.55999755859375,118.38196563720703,3354100,0.0,0.0
2016-04-29 00:00:00-04:00,159.38999938964844,161.9199981689453,156.3800048828125,158.3000030517578,116.71565246582031,5386600,0.0,0.0
2016-05-02 00:00:00-04:00,158.6199951171875,159.4199981689453,157.2100067138672,158.99000549316406,117.22442626953125,2433700,0.0,0.0
2016-05-03 00:00:00-04:00,158.3699951171875,158.4600067138672,156.0,156.35000610351562,115.27796936035156,2862900,0.0,0.0
2016-05-04 00:00:00-04:00,155.27999877929688,155.86000061035156,153.52999877929688,154.17999267578125,113.67796325683594,3048400,0.0,0.0
2016-05-05 00:00:00-04:00,154.1300048828125,156.2100067138672,153.36000061035156,154.25,113.7296142578125,2325400,0.0,0.0
2016-05-06 00:00:00-04:00,153.49000549316406,154.4499969482422,151.36000061035156,153.19000244140625,112.94804382324219,3004800,0.0,0.0
2016-05-09 00:00:00-04:00,153.6999969482422,156.0800018310547,153.02000427246094,155.41000366210938,114.5848617553711,2990100,0.0,0.0
2016-05-10 00:00:00-04:00,155.9499969482422,157.5,154.9499969482422,157.24000549316406,115.93415832519531,2585000,0.0,0.0
2016-05-11 00:00:00-04:00,157.72999572753906,158.25,154.08999633789062,154.17999267578125,113.67796325683594,2741800,0.0,0.0
2016-05-12 00:00:00-04:00,154.67999267578125,155.0,151.97000122070312,152.89999389648438,112.73419952392578,2981600,0.0,0.0
2016-05-13 00:00:00-04:00,151.22000122070312,154.0800018310547,151.22000122070312,152.35000610351562,113.0682373046875,2451200,1.0,0.0
2016-05-16 00:00:00-04:00,152.35000610351562,153.86000061035156,151.6999969482422,153.27000427246094,113.75100708007812,2415100,0.0,0.0
2016-05-17 00:00:00-04:00,152.4499969482422,152.91000366210938,149.44000244140625,150.11000061035156,111.40573120117188,4486500,0.0,0.0
2016-05-18 00:00:00-04:00,149.91000366210938,151.42999267578125,149.2100067138672,150.8300018310547,111.94013977050781,3234500,0.0,0.0
2016-05-19 00:00:00-04:00,149.4499969482422,150.22999572753906,147.1199951171875,148.6699981689453,110.33704376220703,3023600,0.0,0.0
2016-05-20 00:00:00-04:00,148.9199981689453,151.7100067138672,148.64999389648438,150.17999267578125,111.45769500732422,3075800,0.0,0.0
2016-05-23 00:00:00-04:00,150.0399932861328,150.75,149.14999389648438,149.3000030517578,110.80464935302734,1543400,0.0,0.0
2016-05-24 00:00:00-04:00,150.7100067138672,152.94000244140625,150.38999938964844,152.72000122070312,113.34280395507812,2581000,0.0,0.0
2016-05-25 00:00:00-04:00,153.5399932861328,155.83999633789062,153.14999389648438,155.57000732421875,115.45796966552734,3053100,0.0,0.0
2016-05-26 00:00:00-04:00,154.9199981689453,156.27999877929688,154.5500030517578,155.5500030517578,115.4431381225586,1808600,0.0,0.0
2016-05-27 00:00:00-04:00,156.1999969482422,156.8800048828125,155.11000061035156,156.74000549316406,116.32625579833984,1364000,0.0,0.0
2016-05-31 00:00:00-04:00,157.4199981689453,158.42999267578125,156.86000061035156,157.9499969482422,117.22428894042969,3204400,0.0,0.0
2016-06-01 00:00:00-04:00,157.61000061035156,158.83999633789062,156.6699981689453,158.0500030517578,117.29852294921875,1716400,0.0,0.0
2016-06-02 00:00:00-04:00,158.22999572753906,159.8699951171875,157.9499969482422,159.8699951171875,118.64924621582031,2386300,0.0,0.0
2016-06-03 00:00:00-04:00,159.86000061035156,159.99000549316406,156.82000732421875,159.19000244140625,118.1446304321289,2149300,0.0,0.0
2016-06-06 00:00:00-04:00,159.5800018310547,160.75,158.88999938964844,160.19000244140625,118.88675689697266,1897600,0.0,0.0
2016-06-07 00:00:00-04:00,159.1300048828125,159.63999938964844,158.27999877929688,158.88999938964844,117.92196655273438,1896700,0.0,0.0
2016-06-08 00:00:00-04:00,158.47999572753906,158.94000244140625,157.5399932861328,158.0,117.26143646240234,2476000,0.0,0.0
2016-06-09 00:00:00-04:00,157.75999450683594,158.97999572753906,156.0,156.77999877929688,116.35595703125,2383200,0.0,0.0
2016-06-10 00:00:00-04:00,155.25999450683594,156.32000732421875,153.63999938964844,154.77999877929688,114.8717041015625,2626100,0.0,0.0
2016-06-13 00:00:00-04:00,155.05999755859375,156.1199951171875,152.99000549316406,153.0800018310547,113.61001586914062,2340300,0.0,0.0
2016-06-14 00:00:00-04:00,152.74000549316406,153.47999572753906,151.63999938964844,152.99000549316406,113.54322052001953,2115200,0.0,0.0
2016-06-15 00:00:00-04:00,153.1300048828125,154.0800018310547,151.82000732421875,151.89999389648438,112.7342300415039,2443700,0.0,0.0
2016-06-16 00:00:00-04:00,151.67999267578125,152.89999389648438,150.6999969482422,152.3000030517578,113.03112030029297,2321700,0.0,0.0
2016-06-17 00:00:00-04:00,152.61000061035156,152.75999450683594,149.5500030517578,149.6199951171875,111.04212188720703,4681500,0.0,0.0
2016-06-20 00:00:00-04:00,151.7899932861328,152.69000244140625,150.3699951171875,150.64999389648438,111.80653381347656,3250500,0.0,0.0
2016-06-21 00:00:00-04:00,151.13999938964844,151.47000122070312,148.5,149.4199981689453,110.8936996459961,2622200,0.0,0.0
2016-06-22 00:00:00-04:00,149.0800018310547,152.17999267578125,149.0,149.80999755859375,111.1831283569336,4470100,0.0,0.0
2016-06-23 00:00:00-04:00,151.2100067138672,152.39999389648438,150.6300048828125,152.27000427246094,113.00883483886719,3000400,0.0,0.0
2016-06-24 00:00:00-04:00,147.1999969482422,149.3000030517578,146.02999877929688,146.4499969482422,108.68944549560547,4919200,0.0,0.0
2016-06-27 00:00:00-04:00,146.16000366210938,147.07000732421875,143.82000732421875,144.5800018310547,107.30162811279297,4176700,0.0,0.0
2016-06-28 00:00:00-04:00,145.88999938964844,148.4199981689453,145.60000610351562,148.4199981689453,110.15155792236328,4348000,0.0,0.0
2016-06-29 00:00:00-04:00,149.11000061035156,150.75,148.6300048828125,150.10000610351562,111.39833068847656,3771100,0.0,0.0
2016-06-30 00:00:00-04:00,150.8300018310547,152.42999267578125,149.8300018310547,152.14999389648438,112.91979217529297,3480700,0.0,0.0
2016-07-01 00:00:00-04:00,152.42999267578125,154.9499969482422,152.25,154.27999877929688,114.50057983398438,2758100,0.0,0.0
2016-07-05 00:00:00-04:00,154.2899932861328,154.94000244140625,153.3800048828125,154.27000427246094,114.49319458007812,2349100,0.0,0.0
2016-07-06 00:00:00-04:00,153.44000244140625,156.82000732421875,152.9499969482422,156.0500030517578,115.81419372558594,3834000,0.0,0.0
2016-07-07 00:00:00-04:00,155.86000061035156,156.75999450683594,155.25,156.58999633789062,116.21501922607422,2437100,0.0,0.0
2016-07-08 00:00:00-04:00,157.6199951171875,161.11000061035156,156.1999969482422,161.10000610351562,119.56211853027344,3741500,0.0,0.0
2016-07-11 00:00:00-04:00,161.36000061035156,162.32000732421875,160.0,160.17999267578125,118.87928009033203,2464700,0.0,0.0
2016-07-12 00:00:00-04:00,160.6199951171875,162.27999877929688,160.50999450683594,161.9600067138672,120.20040893554688,2407200,0.0,0.0
2016-07-13 00:00:00-04:00,162.63999938964844,162.66000366210938,160.30999755859375,160.52000427246094,119.13167572021484,2691800,0.0,0.0
2016-07-14 00:00:00-04:00,162.0,162.99000549316406,160.74000549316406,162.74000549316406,120.77924346923828,2444800,0.0,0.0
2016-07-15 00:00:00-04:00,163.4499969482422,164.57000732421875,161.55999755859375,163.27999877929688,121.1800308227539,3179700,0.0,0.0
2016-07-18 00:00:00-04:00,163.82000732421875,164.0,162.7899932861328,162.92999267578125,120.92028045654297,1815600,0.0,0.0
2016-07-19 00:00:00-04:00,163.1999969482422,164.7100067138672,161.94000244140625,162.49000549316406,120.59371185302734,2249500,0.0,0.0
2016-07-20 00:00:00-04:00,162.4499969482422,163.64999389648438,161.82000732421875,163.25,121.15779113769531,2161400,0.0,0.0
2016-07-21 00:00:00-04:00,163.38999938964844,164.25999450683594,162.7100067138672,164.19000244140625,121.85540771484375,1971800,0.0,0.0
2016-07-22 00:00:00-04:00,164.77999877929688,166.3300018310547,164.0,165.6699981689453,122.95379638671875,2500400,0.0,0.0
2016-07-25 00:00:00-04:00,165.6999969482422,166.9499969482422,164.07000732421875,166.55999755859375,123.61434173583984,2704900,0.0,0.0
2016-07-26 00:00:00-04:00,165.88999938964844,168.0500030517578,165.77000427246094,167.6699981689453,124.43809509277344,2883600,0.0,0.0
2016-07-27 00:00:00-04:00,167.4499969482422,171.08999633789062,167.44000244140625,170.67999267578125,126.67195892333984,4200200,0.0,0.0
2016-07-28 00:00:00-04:00,168.92999267578125,171.8000030517578,166.50999450683594,171.27999877929688,127.1173324584961,5192500,0.0,0.0
2016-07-29 00:00:00-04:00,171.57000732421875,172.25999450683594,170.52999877929688,172.02999877929688,127.67393493652344,3121600,0.0,0.0
2016-08-01 00:00:00-04:00,172.91000366210938,174.97999572753906,172.27999877929688,174.16000366210938,129.25474548339844,3571900,0.0,0.0
2016-08-02 00:00:00-04:00,175.0500030517578,176.5,173.1699981689453,174.14999389648438,129.24729919433594,6589000,0.0,0.0
2016-08-03 00:00:00-04:00,173.74000549316406,174.38999938964844,172.27999877929688,173.42999267578125,128.7129669189453,3911800,0.0,0.0
2016-08-04 00:00:00-04:00,173.3000030517578,173.6699981689453,172.0399932861328,172.6699981689453,128.1488800048828,2122200,0.0,0.0
2016-08-05 00:00:00-04:00,173.35000610351562,174.52000427246094,172.50999450683594,173.66000366210938,128.8836669921875,2228300,0.0,0.0
2016-08-08 00:00:00-04:00,173.30999755859375,174.16000366210938,171.8300018310547,172.33999633789062,127.90401458740234,2706500,0.0,0.0
2016-08-09 00:00:00-04:00,172.66000366210938,173.3000030517578,171.67999267578125,172.0800018310547,127.71104431152344,2094200,0.0,0.0
2016-08-10 00:00:00-04:00,171.88999938964844,172.1999969482422,170.7100067138672,171.22999572753906,127.08025360107422,2476600,0.0,0.0
2016-08-11 00:00:00-04:00,172.24000549316406,172.77999877929688,171.0500030517578,172.42999267578125,127.97080993652344,2142800,0.0,0.0
2016-08-12 00:00:00-04:00,171.24000549316406,173.14999389648438,170.67999267578125,173.02000427246094,128.40869140625,1863200,0.0,0.0
2016-08-15 00:00:00-04:00,171.47999572753906,174.72000122070312,171.47999572753906,174.5800018310547,130.3196563720703,2784300,1.0,0.0
2016-08-16 00:00:00-04:00,174.5399932861328,174.91000366210938,172.07000732421875,172.16000366210938,128.51321411132812,2622800,0.0,0.0
2016-08-17 00:00:00-04:00,172.00999450683594,174.5,171.67999267578125,174.30999755859375,130.1180877685547,2580900,0.0,0.0
2016-08-18 00:00:00-04:00,174.42999267578125,176.63999938964844,173.57000732421875,174.75,130.44656372070312,3422400,0.0,0.0
2016-08-19 00:00:00-04:00,174.10000610351562,174.9600067138672,172.25999450683594,173.6199951171875,129.60308837890625,2696400,0.0,0.0
2016-08-22 00:00:00-04:00,173.74000549316406,175.17999267578125,173.22000122070312,174.35000610351562,130.14796447753906,2603700,0.0,0.0
2016-08-23 00:00:00-04:00,174.44000244140625,175.99000549316406,173.66000366210938,174.39999389648438,130.185302734375,2375700,0.0,0.0
2016-08-24 00:00:00-04:00,174.0,174.8699951171875,170.27999877929688,170.83999633789062,127.52783203125,3055000,0.0,0.0
2016-08-25 00:00:00-04:00,169.9199981689453,171.4600067138672,168.75999450683594,170.22999572753906,127.07244873046875,2623800,0.0,0.0
2016-08-26 00:00:00-04:00,170.8000030517578,172.99000549316406,169.77000427246094,171.97000122070312,128.37136840820312,2925300,0.0,0.0
2016-08-29 00:00:00-04:00,172.3699951171875,172.5,171.1199951171875,171.50999450683594,128.02798461914062,2512200,0.0,0.0
2016-08-30 00:00:00-04:00,171.16000366210938,171.94000244140625,170.1199951171875,170.75999450683594,127.46810150146484,1803100,0.0,0.0
2016-08-31 00:00:00-04:00,170.72999572753906,171.38999938964844,169.82000732421875,170.05999755859375,126.94560241699219,2936400,0.0,0.0
2016-09-01 00:00:00-04:00,170.5500030517578,170.55999755859375,168.6199951171875,170.1300048828125,126.99785614013672,1876100,0.0,0.0
2016-09-02 00:00:00-04:00,170.5500030517578,171.0500030517578,168.91000366210938,169.77000427246094,126.7291259765625,2083800,0.0,0.0
2016-09-06 00:00:00-04:00,169.85000610351562,171.77000427246094,169.38999938964844,170.83999633789062,127.52783203125,1919700,0.0,0.0
2016-09-07 00:00:00-04:00,169.77999877929688,171.44000244140625,169.1999969482422,170.6300048828125,127.37112426757812,2013000,0.0,0.0
2016-09-08 00:00:00-04:00,170.07000732421875,171.36000061035156,169.72999572753906,170.97000122070312,127.6248550415039,2611200,0.0,0.0
2016-09-09 00:00:00-04:00,169.69000244140625,169.75999450683594,166.52999877929688,166.5500030517578,124.32549285888672,3131400,0.0,0.0
2016-09-12 00:00:00-04:00,166.0800018310547,172.5800018310547,165.92999267578125,172.0399932861328,128.42361450195312,4451500,0.0,0.0
2016-09-13 00:00:00-04:00,171.24000549316406,171.5,167.80999755859375,169.3000030517578,126.37824249267578,3162600,0.0,0.0
2016-09-14 00:00:00-04:00,169.64999389648438,171.77000427246094,169.5,170.13999938964844,127.00525665283203,2799000,0.0,0.0
2016-09-15 00:00:00-04:00,170.0399932861328,173.38999938964844,169.47000122070312,172.63999938964844,128.87149047851562,2923900,0.0,0.0
2016-09-16 00:00:00-04:00,172.58999633789062,173.38999938964844,171.0500030517578,172.9600067138672,129.11038208007812,4028300,0.0,0.0
2016-09-19 00:00:00-04:00,173.25,173.5,171.17999267578125,171.3800048828125,127.93096160888672,2226800,0.0,0.0
2016-09-20 00:00:00-04:00,172.94000244140625,174.25999450683594,172.4600067138672,173.3800048828125,129.4238739013672,2607700,0.0,0.0
2016-09-21 00:00:00-04:00,174.24000549316406,174.25,171.61000061035156,173.85000610351562,129.77476501464844,2516400,0.0,0.0
2016-09-22 00:00:00-04:00,174.60000610351562,175.72999572753906,173.75,175.6199951171875,131.095947265625,2338300,0.0,0.0
2016-09-23 00:00:00-04:00,176.27000427246094,176.85000610351562,174.61000061035156,174.8000030517578,130.48385620117188,2238700,0.0,0.0
2016-09-26 00:00:00-04:00,174.22000122070312,174.4499969482422,172.8300018310547,173.52999877929688,129.5358428955078,1798500,0.0,0.0
2016-09-27 00:00:00-04:00,170.24000549316406,171.97999572753906,169.5,171.6300048828125,128.11753845214844,4798900,0.0,0.0
2016-09-28 00:00:00-04:00,172.22000122070312,172.22000122070312,169.0500030517578,169.7100067138672,126.68436431884766,3300700,0.0,0.0
2016-09-29 00:00:00-04:00,170.38999938964844,170.38999938964844,165.3300018310547,165.4499969482422,123.50431823730469,3804000,0.0,0.0
2016-09-30 00:00:00-04:00,166.3800048828125,167.72000122070312,165.27000427246094,166.80999755859375,124.51953125,3999600,0.0,0.0
2016-10-03 00:00:00-04:00,166.0500030517578,167.5800018310547,164.44000244140625,167.33999633789062,124.91519927978516,2514600,0.0,0.0
2016-10-04 00:00:00-04:00,167.33999633789062,168.69000244140625,167.13999938964844,167.5500030517578,125.07190704345703,2797600,0.0,0.0
2016-10-05 00:00:00-04:00,167.5500030517578,168.38999938964844,166.9199981689453,167.24000549316406,124.84050750732422,1953400,0.0,0.0
2016-10-06 00:00:00-04:00,166.3300018310547,167.7899932861328,165.7899932861328,166.89999389648438,124.58673858642578,1904100,0.0,0.0
2016-10-07 00:00:00-04:00,167.94000244140625,168.14999389648438,166.3000030517578,167.5,125.03460693359375,1679800,0.0,0.0
2016-10-10 00:00:00-04:00,168.1999969482422,168.58999633789062,167.6699981689453,168.30999755859375,125.63926696777344,1628200,0.0,0.0
2016-10-11 00:00:00-04:00,167.82000732421875,167.82000732421875,163.50999450683594,164.32000732421875,122.66083526611328,2761900,0.0,0.0
2016-10-12 00:00:00-04:00,164.32000732421875,165.58999633789062,163.61000061035156,163.8800048828125,122.3323745727539,2250600,0.0,0.0
2016-10-13 00:00:00-04:00,162.85000610351562,165.08999633789062,162.50999450683594,164.2899932861328,122.63842010498047,2430900,0.0,0.0
2016-10-14 00:00:00-04:00,165.0500030517578,165.25,161.83999633789062,161.89999389648438,120.85435485839844,2817500,0.0,0.0
2016-10-17 00:00:00-04:00,162.1999969482422,163.4499969482422,161.13999938964844,162.6199951171875,121.39180755615234,2348400,0.0,0.0
2016-10-18 00:00:00-04:00,163.74000549316406,163.86000061035156,162.75,162.8000030517578,121.52620697021484,2001800,0.0,0.0
2016-10-19 00:00:00-04:00,163.4199981689453,163.61000061035156,161.02000427246094,161.0800018310547,120.24225616455078,2502700,0.0,0.0
2016-10-20 00:00:00-04:00,161.0,163.35000610351562,161.0,161.5,120.55572509765625,2922600,0.0,0.0
2016-10-21 00:00:00-04:00,160.69000244140625,161.22000122070312,158.35000610351562,158.50999450683594,118.32374572753906,3541000,0.0,0.0
2016-10-24 00:00:00-04:00,159.36000061035156,159.6999969482422,158.24000549316406,158.75999450683594,118.51042175292969,2920200,0.0,0.0
2016-10-25 00:00:00-04:00,158.83999633789062,159.27000427246094,157.8000030517578,157.89999389648438,117.86844635009766,2414300,0.0,0.0
2016-10-26 00:00:00-04:00,158.67999267578125,160.0500030517578,158.02999877929688,158.99000549316406,118.68217468261719,2716800,0.0,0.0
2016-10-27 00:00:00-04:00,159.7100067138672,161.60000610351562,159.63999938964844,160.57000732421875,119.86153411865234,3366900,0.0,0.0
2016-10-28 00:00:00-04:00,151.69000244140625,151.75999450683594,142.63999938964844,145.17999267578125,108.3732681274414,18311600,0.0,0.0
2016-10-31 00:00:00-04:00,146.5500030517578,146.67999267578125,140.94000244140625,141.16000366210938,105.37244415283203,8693700,0.0,0.0
2016-11-01 00:00:00-04:00,141.1699981689453,142.41000366210938,139.30999755859375,140.75999450683594,105.07386779785156,5589300,0.0,0.0
2016-11-02 00:00:00-04:00,140.30999755859375,140.61000061035156,138.63999938964844,138.6999969482422,103.53609466552734,4622500,0.0,0.0
2016-11-03 00:00:00-04:00,139.6999969482422,139.77000427246094,135.0,135.22000122070312,100.9383773803711,5791200,0.0,0.0
2016-11-04 00:00:00-04:00,133.7100067138672,137.61000061035156,133.63999938964844,135.39999389648438,101.07275390625,5051500,0.0,0.0
2016-11-07 00:00:00-05:00,137.85000610351562,140.22999572753906,137.16000366210938,139.2100067138672,103.91680908203125,5146000,0.0,0.0
2016-11-08 00:00:00-05:00,139.5500030517578,140.0,137.35000610351562,138.4499969482422,103.34950256347656,3668500,0.0,0.0
2016-11-09 00:00:00-05:00,146.75,152.85000610351562,142.75,146.4199981689453,109.29888153076172,11793400,0.0,0.0
2016-11-10 00:00:00-05:00,150.39999389648438,152.22999572753906,148.75999450683594,151.57000732421875,113.1432876586914,8933400,0.0,0.0
2016-11-11 00:00:00-05:00,150.0500030517578,150.83999633789062,146.8000030517578,149.0399932861328,111.25465393066406,5159400,0.0,0.0
2016-11-14 00:00:00-05:00,148.47000122070312,149.14999389648438,146.00999450683594,146.4199981689453,110.03723907470703,5060000,1.0,0.0
2016-11-15 00:00:00-05:00,146.8699951171875,148.4600067138672,145.00999450683594,147.05999755859375,110.51820373535156,4515100,0.0,0.0
2016-11-16 00:00:00-05:00,147.57000732421875,148.5,146.44000244140625,147.22999572753906,110.64595031738281,4108200,0.0,0.0
2016-11-17 00:00:00-05:00,147.72999572753906,148.4499969482422,146.50999450683594,147.36000061035156,110.74365234375,3957300,0.0,0.0
2016-11-18 00:00:00-05:00,147.0500030517578,148.35000610351562,144.89999389648438,145.22999572753906,109.1429443359375,3764600,0.0,0.0
2016-11-21 00:00:00-05:00,145.99000549316406,146.1699981689453,145.11000061035156,145.5500030517578,109.38336944580078,2860500,0.0,0.0
2016-11-22 00:00:00-05:00,146.82000732421875,146.9499969482422,142.82000732421875,144.3300018310547,108.4665298461914,3586200,0.0,0.0
2016-11-23 00:00:00-05:00,142.94000244140625,145.1699981689453,142.83999633789062,145.02999877929688,108.99261474609375,3216900,0.0,0.0
2016-11-25 00:00:00-05:00,145.22000122070312,146.0,144.75999450683594,145.42999267578125,109.2931900024414,2004000,0.0,0.0
2016-11-28 00:00:00-05:00,145.25,145.9199981689453,144.5,145.07000732421875,109.02265930175781,2411700,0.0,0.0
2016-11-29 00:00:00-05:00,145.36000061035156,146.7899932861328,145.30999755859375,146.0,109.72159576416016,2939100,0.0,0.0
2016-11-30 00:00:00-05:00,145.6999969482422,146.32000732421875,144.07000732421875,144.07000732421875,108.27113342285156,4296900,0.0,0.0
2016-12-01 00:00:00-05:00,144.24000549316406,144.24000549316406,142.13999938964844,142.38999938964844,107.00862121582031,3894000,0.0,0.0
2016-12-02 00:00:00-05:00,142.2899932861328,144.91000366210938,141.5,144.00999450683594,108.2260513305664,3517300,0.0,0.0
2016-12-05 00:00:00-05:00,145.4499969482422,146.3699951171875,143.72000122070312,145.2899932861328,109.1880111694336,3855500,0.0,0.0
2016-12-06 00:00:00-05:00,145.8000030517578,145.99000549316406,144.27999877929688,145.11000061035156,109.05274200439453,2399000,0.0,0.0
2016-12-07 00:00:00-05:00,143.52000427246094,143.8800048828125,139.66000366210938,141.19000244140625,106.10677337646484,7031300,0.0,0.0
2016-12-08 00:00:00-05:00,140.8300018310547,141.10000610351562,138.8300018310547,140.58999633789062,105.65585327148438,4387600,0.0,0.0
2016-12-09 00:00:00-05:00,141.5,144.5800018310547,141.0,143.4499969482422,107.80520629882812,4637300,0.0,0.0
2016-12-12 00:00:00-05:00,142.9199981689453,146.0399932861328,142.7899932861328,145.75999450683594,109.54122924804688,3310100,0.0,0.0
2016-12-13 00:00:00-05:00,146.80999755859375,149.97000122070312,146.5500030517578,148.3699951171875,111.50269317626953,4308700,0.0,0.0
2016-12-14 00:00:00-05:00,148.16000366210938,149.5500030517578,147.4199981689453,148.69000244140625,111.74315643310547,3196700,0.0,0.0
2016-12-15 00:00:00-05:00,149.17999267578125,150.47000122070312,148.77999877929688,150.38999938964844,113.02074432373047,2950500,0.0,0.0
2016-12-16 00:00:00-05:00,150.9199981689453,151.2100067138672,148.80999755859375,149.3699951171875,112.25418853759766,6356800,0.0,0.0
2016-12-19 00:00:00-05:00,149.75,150.35000610351562,147.2100067138672,147.74000549316406,111.02923583984375,3013800,0.0,0.0
2016-12-20 00:00:00-05:00,146.82000732421875,147.99000549316406,146.47000122070312,147.22000122070312,110.63843536376953,2615600,0.0,0.0
2016-12-21 00:00:00-05:00,147.07000732421875,147.6300048828125,145.6999969482422,146.1699981689453,109.84933471679688,2491800,0.0,0.0
2016-12-22 00:00:00-05:00,146.30999755859375,146.61000061035156,145.1199951171875,146.36000061035156,109.99212646484375,1820500,0.0,0.0
2016-12-23 00:00:00-05:00,146.35000610351562,147.72999572753906,146.24000549316406,147.5500030517578,110.8864517211914,2169700,0.0,0.0
2016-12-27 00:00:00-05:00,147.77000427246094,150.11000061035156,147.77000427246094,148.36000061035156,111.49517822265625,1941000,0.0,0.0
2016-12-28 00:00:00-05:00,148.6300048828125,149.14999389648438,147.36000061035156,147.6699981689453,110.97661590576172,1804000,0.0,0.0
2016-12-29 00:00:00-05:00,147.3699951171875,148.69000244140625,147.3699951171875,147.77999877929688,111.0593032836914,1655500,0.0,0.0
2016-12-30 00:00:00-05:00,147.6300048828125,148.75,145.6199951171875,146.2100067138672,109.87944030761719,3193100,0.0,0.0
2017-01-03 00:00:00-05:00,147.86000061035156,151.0,147.1199951171875,150.72999572753906,113.2762451171875,3640900,0.0,0.0
2017-01-04 00:00:00-05:00,152.08999633789062,153.72000122070312,151.77000427246094,152.8699951171875,114.8844985961914,3945900,0.0,0.0
2017-01-05 00:00:00-05:00,152.72000122070312,153.39999389648438,151.50999450683594,152.97999572753906,114.96721649169922,3441700,0.0,0.0
2017-01-06 00:00:00-05:00,159.8800048828125,161.0,156.6699981689453,156.77999877929688,117.82295227050781,9899300,0.0,0.0
2017-01-09 00:00:00-05:00,157.00999450683594,158.9499969482422,156.6300048828125,158.83999633789062,119.37103271484375,4247700,0.0,0.0
2017-01-10 00:00:00-05:00,158.49000549316406,159.1300048828125,157.24000549316406,158.75999450683594,119.31096649169922,3324400,0.0,0.0
2017-01-11 00:00:00-05:00,159.16000366210938,159.16000366210938,154.5,156.6199951171875,117.70270538330078,4821300,0.0,0.0
2017-01-12 00:00:00-05:00,155.44000244140625,156.14999389648438,154.55999755859375,155.36000061035156,116.7557601928711,3234800,0.0,0.0
2017-01-13 00:00:00-05:00,155.27999877929688,157.2100067138672,154.88999938964844,156.1199951171875,117.32694244384766,2637500,0.0,0.0
2017-01-17 00:00:00-05:00,155.13999938964844,156.1199951171875,153.52999877929688,154.8000030517578,116.3349609375,3404900,0.0,0.0
2017-01-18 00:00:00-05:00,155.69000244140625,155.94000244140625,154.50999450683594,155.77000427246094,117.06385803222656,2432600,0.0,0.0
2017-01-19 00:00:00-05:00,155.1300048828125,155.69000244140625,153.25,153.8000030517578,115.58340454101562,2571900,0.0,0.0
2017-01-20 00:00:00-05:00,154.7100067138672,155.35000610351562,153.82000732421875,154.6699981689453,116.23725128173828,3067400,0.0,0.0
2017-01-23 00:00:00-05:00,154.2100067138672,154.5500030517578,152.39999389648438,152.72000122070312,114.77177429199219,2458200,0.0,0.0
2017-01-24 00:00:00-05:00,152.82000732421875,153.0,150.3800048828125,151.85000610351562,114.11795043945312,3027700,0.0,0.0
2017-01-25 00:00:00-05:00,152.52999877929688,154.82000732421875,151.77000427246094,154.10000610351562,115.80887603759766,3479500,0.0,0.0
2017-01-26 00:00:00-05:00,155.0,155.8000030517578,152.89999389648438,152.97999572753906,114.96721649169922,3366900,0.0,0.0
2017-01-27 00:00:00-05:00,153.22999572753906,157.5,152.75999450683594,157.16000366210938,118.10851287841797,4885200,0.0,0.0
2017-01-30 00:00:00-05:00,157.10000610351562,157.17999267578125,153.77000427246094,154.42999267578125,116.0568618774414,3758400,0.0,0.0
2017-01-31 00:00:00-05:00,153.6999969482422,156.9600067138672,153.14999389648438,156.67999267578125,117.74779510498047,3351300,0.0,0.0
2017-02-01 00:00:00-05:00,158.58999633789062,159.75,157.0500030517578,159.6699981689453,119.9948501586914,3924800,0.0,0.0
2017-02-02 00:00:00-05:00,159.72999572753906,159.94000244140625,156.91000366210938,159.5800018310547,119.92719268798828,4445400,0.0,0.0
2017-02-03 00:00:00-05:00,166.10000610351562,167.85000610351562,164.86000061035156,167.52999877929688,125.90171813964844,7366600,0.0,0.0
2017-02-06 00:00:00-05:00,166.17999267578125,166.88999938964844,165.1300048828125,166.5800018310547,125.18783569335938,4389200,0.0,0.0
2017-02-07 00:00:00-05:00,167.0,167.72000122070312,165.60000610351562,166.82000732421875,125.36820220947266,3584300,0.0,0.0
2017-02-08 00:00:00-05:00,166.5,168.35000610351562,166.32000732421875,168.1199951171875,126.34513854980469,3493400,0.0,0.0
2017-02-09 00:00:00-05:00,165.75,167.7899932861328,165.5,167.47000122070312,125.856689453125,4281400,0.0,0.0
2017-02-10 00:00:00-05:00,167.8000030517578,168.30999755859375,167.02999877929688,167.88999938964844,126.17225646972656,2931200,0.0,0.0
2017-02-13 00:00:00-05:00,167.72000122070312,168.25999450683594,166.67999267578125,167.66000366210938,126.86849212646484,3602800,1.15,0.0
2017-02-14 00:00:00-05:00,167.07000732421875,168.07000732421875,165.57000732421875,168.0500030517578,127.16358184814453,3116700,0.0,0.0
2017-02-15 00:00:00-05:00,167.32000732421875,172.0,167.0,171.7899932861328,129.99362182617188,4058800,0.0,0.0
2017-02-16 00:00:00-05:00,171.55999755859375,172.1699981689453,170.3000030517578,172.11000061035156,130.2357940673828,2660600,0.0,0.0
2017-02-17 00:00:00-05:00,171.35000610351562,173.36000061035156,168.88999938964844,173.2899932861328,131.12867736816406,4154900,0.0,0.0
2017-02-21 00:00:00-05:00,172.85000610351562,173.5,171.86000061035156,173.13999938964844,131.01522827148438,3941200,0.0,0.0
2017-02-22 00:00:00-05:00,172.3300018310547,174.6999969482422,171.88999938964844,172.61000061035156,130.6141357421875,2579800,0.0,0.0
2017-02-23 00:00:00-05:00,172.75,174.00999450683594,171.88999938964844,174.00999450683594,131.67349243164062,2190800,0.0,0.0
2017-02-24 00:00:00-05:00,173.2899932861328,174.72000122070312,172.47999572753906,174.55999755859375,132.08969116210938,2677300,0.0,0.0
2017-02-27 00:00:00-05:00,174.2100067138672,176.27000427246094,173.7100067138672,176.1300048828125,133.27769470214844,2850700,0.0,0.0
2017-02-28 00:00:00-05:00,175.4600067138672,178.25,175.4199981689453,176.52999877929688,133.58041381835938,3370400,0.0,0.0
2017-03-01 00:00:00-05:00,178.0,179.67999267578125,175.75999450683594,178.24000549316406,134.87435913085938,3532300,0.0,0.0
2017-03-02 00:00:00-05:00,177.72000122070312,178.86000061035156,176.82000732421875,178.07000732421875,134.7457275390625,3493000,0.0,0.0
2017-03-03 00:00:00-05:00,178.4600067138672,180.52999877929688,177.5500030517578,180.1999969482422,136.35752868652344,2893800,0.0,0.0
2017-03-06 00:00:00-05:00,179.5500030517578,180.33999633789062,178.16000366210938,179.4600067138672,135.79750061035156,3280100,0.0,0.0
2017-03-07 00:00:00-05:00,177.39999389648438,178.58999633789062,176.27999877929688,177.3800048828125,134.22361755371094,3328900,0.0,0.0
2017-03-08 00:00:00-05:00,177.25,178.75999450683594,177.13999938964844,177.77999877929688,134.52630615234375,2320800,0.0,0.0
2017-03-09 00:00:00-05:00,178.0500030517578,179.1199951171875,177.07000732421875,178.9199981689453,135.388916015625,2505300,0.0,0.0
2017-03-10 00:00:00-05:00,179.47000122070312,181.92999267578125,179.11000061035156,181.44000244140625,137.29579162597656,4589000,0.0,0.0
2017-03-13 00:00:00-04:00,181.92999267578125,182.0,180.32000732421875,181.0500030517578,137.00071716308594,2531000,0.0,0.0
2017-03-14 00:00:00-04:00,180.4199981689453,181.55999755859375,179.6300048828125,180.1199951171875,136.29698181152344,2746300,0.0,0.0
2017-03-15 00:00:00-04:00,180.30999755859375,184.2100067138672,180.30999755859375,182.60000610351562,138.173583984375,4197300,0.0,0.0
2017-03-16 00:00:00-04:00,181.60000610351562,181.83999633789062,178.02000427246094,180.11000061035156,136.28939819335938,6014400,0.0,0.0
2017-03-17 00:00:00-04:00,167.3699951171875,171.58999633789062,165.9499969482422,168.61000061035156,127.58733367919922,23936800,0.0,0.0
2017-03-20 00:00:00-04:00,169.6300048828125,169.7100067138672,167.75999450683594,169.24000549316406,128.0640869140625,5831500,0.0,0.0
2017-03-21 00:00:00-04:00,170.0500030517578,170.2100067138672,166.49000549316406,166.85000610351562,126.25555419921875,4922700,0.0,0.0
2017-03-22 00:00:00-04:00,167.92999267578125,167.97999572753906,166.58999633789062,167.4499969482422,126.70957946777344,5070400,0.0,0.0
2017-03-23 00:00:00-04:00,167.47999572753906,168.02000427246094,165.57000732421875,166.0399932861328,125.64260864257812,4432200,0.0,0.0
2017-03-24 00:00:00-04:00,166.69000244140625,166.92999267578125,165.0800018310547,165.74000549316406,125.41561889648438,3175600,0.0,0.0
2017-03-27 00:00:00-04:00,164.77000427246094,166.61000061035156,163.0,164.91000366210938,124.78755950927734,4734000,0.0,0.0
2017-03-28 00:00:00-04:00,164.11000061035156,166.25999450683594,163.72999572753906,164.7100067138672,124.63617706298828,6526400,0.0,0.0
2017-03-29 00:00:00-04:00,164.47000122070312,165.22000122070312,162.94000244140625,163.05999755859375,123.38764190673828,4070800,0.0,0.0
2017-03-30 00:00:00-04:00,164.07000732421875,164.8000030517578,163.2100067138672,164.3800048828125,124.38646697998047,2262300,0.0,0.0
2017-03-31 00:00:00-04:00,164.32000732421875,165.47999572753906,163.85000610351562,164.07000732421875,124.15192413330078,2811800,0.0,0.0
2017-04-03 00:00:00-04:00,164.6300048828125,165.02000427246094,163.52000427246094,163.88999938964844,124.01570129394531,3047800,0.0,0.0
2017-04-04 00:00:00-04:00,163.77999877929688,164.49000549316406,163.1199951171875,164.36000061035156,124.37135314941406,2239400,0.0,0.0
2017-04-05 00:00:00-04:00,163.27000427246094,164.75999450683594,161.67999267578125,162.24000549316406,122.76713562011719,3542300,0.0,0.0
2017-04-06 00:00:00-04:00,162.1999969482422,163.4499969482422,161.61000061035156,162.25,122.77468872070312,3024200,0.0,0.0
2017-04-07 00:00:00-04:00,162.91000366210938,164.24000549316406,162.25,163.3800048828125,123.62982177734375,2204400,0.0,0.0
2017-04-10 00:00:00-04:00,163.85000610351562,164.24000549316406,162.6199951171875,162.7899932861328,123.18336486816406,1772000,0.0,0.0
2017-04-11 00:00:00-04:00,162.88999938964844,163.39999389648438,161.55999755859375,163.11000061035156,123.42550659179688,1990300,0.0,0.0
2017-04-12 00:00:00-04:00,164.0800018310547,164.10000610351562,162.16000366210938,163.0500030517578,123.38004302978516,2248600,0.0,0.0
2017-04-13 00:00:00-04:00,163.27999877929688,163.6300048828125,161.3300018310547,161.61000061035156,122.29045867919922,2568800,0.0,0.0
2017-04-17 00:00:00-04:00,161.33999633789062,162.52000427246094,161.25999450683594,162.11000061035156,122.66876983642578,2364900,0.0,0.0
2017-04-18 00:00:00-04:00,161.92999267578125,161.92999267578125,160.27999877929688,161.25,122.01805114746094,2532100,0.0,0.0
2017-04-19 00:00:00-04:00,162.10000610351562,162.63999938964844,161.1300048828125,161.25999450683594,122.02558898925781,2344100,0.0,0.0
2017-04-20 00:00:00-04:00,161.0500030517578,162.77000427246094,161.00999450683594,162.0399932861328,122.61579132080078,2070200,0.0,0.0
2017-04-21 00:00:00-04:00,162.14999389648438,162.72999572753906,160.25,160.41000366210938,121.38237762451172,2906900,0.0,0.0
2017-04-24 00:00:00-04:00,162.5,163.60000610351562,161.89999389648438,163.13999938964844,123.44818878173828,3498400,0.0,0.0
2017-04-25 00:00:00-04:00,163.52000427246094,165.3000030517578,163.39999389648438,164.6999969482422,124.62861633300781,3529400,0.0,0.0
2017-04-26 00:00:00-04:00,165.61000061035156,165.61000061035156,164.33999633789062,164.61000061035156,124.5605239868164,4175500,0.0,0.0
2017-04-27 00:00:00-04:00,160.1300048828125,163.42999267578125,160.0,162.72000122070312,123.1303482055664,5699200,0.0,0.0
2017-04-28 00:00:00-04:00,162.38999938964844,163.47999572753906,161.52999877929688,163.32000732421875,123.58438873291016,2942200,0.0,0.0
2017-05-01 00:00:00-04:00,163.67999267578125,164.44000244140625,162.4499969482422,162.60000610351562,123.0395736694336,2522000,0.0,0.0
2017-05-02 00:00:00-04:00,163.91000366210938,163.94000244140625,162.41000366210938,163.49000549316406,123.71305847167969,3737800,0.0,0.0
2017-05-03 00:00:00-04:00,163.82000732421875,164.0800018310547,163.0,163.80999755859375,123.95516204833984,2855100,0.0,0.0
2017-05-04 00:00:00-04:00,164.1699981689453,164.82000732421875,163.52000427246094,164.2899932861328,124.31837463378906,2543400,0.0,0.0
2017-05-05 00:00:00-04:00,164.80999755859375,164.80999755859375,162.4199981689453,163.80999755859375,123.95516204833984,2970400,0.0,0.0
2017-05-08 00:00:00-04:00,163.72999572753906,163.80999755859375,162.47000122070312,163.02999877929688,123.36494445800781,2291900,0.0,0.0
2017-05-09 00:00:00-04:00,163.1699981689453,164.0800018310547,162.8300018310547,163.22000122070312,123.50869750976562,2305500,0.0,0.0
2017-05-10 00:00:00-04:00,163.25,163.47999572753906,159.6999969482422,160.50999450683594,121.45806121826172,5201000,0.0,0.0
2017-05-11 00:00:00-04:00,159.86000061035156,160.52000427246094,158.2899932861328,160.0800018310547,121.13265991210938,3510200,0.0,0.0
2017-05-12 00:00:00-04:00,160.49000549316406,160.6199951171875,159.4600067138672,160.22000122070312,121.23860168457031,2706000,0.0,0.0
2017-05-15 00:00:00-04:00,158.8800048828125,160.14999389648438,158.7100067138672,159.97000122070312,121.92459106445312,3318700,1.15,0.0
2017-05-16 00:00:00-04:00,159.77000427246094,160.49000549316406,159.4600067138672,159.99000549316406,121.9397964477539,2281200,0.0,0.0
2017-05-17 00:00:00-04:00,158.77000427246094,159.2899932861328,156.92999267578125,157.05999755859375,119.70668029785156,3073200,0.0,0.0
2017-05-18 00:00:00-04:00,157.3699951171875,158.7899932861328,156.2899932861328,157.9600067138672,120.39259338378906,2163300,0.0,0.0
2017-05-19 00:00:00-04:00,157.58999633789062,158.5800018310547,156.35000610351562,156.50999450683594,119.2874526977539,2577300,0.0,0.0
2017-05-22 00:00:00-04:00,153.58999633789062,154.60000610351562,152.4499969482422,153.02000427246094,116.62748718261719,6911700,0.0,0.0
2017-05-23 00:00:00-04:00,152.64999389648438,154.57000732421875,152.16000366210938,154.07000732421875,117.42777252197266,3582000,0.0,0.0
2017-05-24 00:00:00-04:00,154.77000427246094,154.99000549316406,153.7899932861328,154.60000610351562,117.83170318603516,2667500,0.0,0.0
2017-05-25 00:00:00-04:00,155.19000244140625,156.0399932861328,154.6199951171875,155.42999267578125,118.46428680419922,2965800,0.0,0.0
2017-05-26 00:00:00-04:00,155.60000610351562,156.1300048828125,154.7899932861328,155.00999450683594,118.14418029785156,2731600,0.0,0.0
2017-05-30 00:00:00-04:00,155.00999450683594,155.3699951171875,153.55999755859375,153.85000610351562,117.26006317138672,2716700,0.0,0.0
2017-05-31 00:00:00-04:00,153.6699981689453,155.3699951171875,153.6699981689453,155.24000549316406,118.3194808959961,3891300,0.0,0.0
2017-06-01 00:00:00-04:00,155.39999389648438,156.77000427246094,155.24000549316406,156.24000549316406,119.08168029785156,3005300,0.0,0.0
2017-06-02 00:00:00-04:00,157.27000427246094,159.6199951171875,157.0,159.14999389648438,121.2995834350586,3320800,0.0,0.0
2017-06-05 00:00:00-04:00,160.2899932861328,161.1199951171875,158.27000427246094,160.22000122070312,122.11511993408203,4611100,0.0,0.0
2017-06-06 00:00:00-04:00,160.1300048828125,160.9199981689453,159.24000549316406,159.52999877929688,121.58919525146484,3002500,0.0,0.0
2017-06-07 00:00:00-04:00,159.82000732421875,162.0500030517578,159.75,161.66000366210938,123.212646484375,3571500,0.0,0.0
2017-06-08 00:00:00-04:00,161.97999572753906,163.1699981689453,161.41000366210938,162.64999389648438,123.9671401977539,3555100,0.0,0.0
2017-06-09 00:00:00-04:00,162.75,166.13999938964844,162.6300048828125,164.05999755859375,125.04188537597656,4086800,0.0,0.0
2017-06-12 00:00:00-04:00,165.0,167.22999572753906,163.27999877929688,164.8800048828125,125.66681671142578,4344500,0.0,0.0
2017-06-13 00:00:00-04:00,164.47000122070312,165.08999633789062,163.77000427246094,164.42999267578125,125.32388305664062,2568200,0.0,0.0
2017-06-14 00:00:00-04:00,164.36000061035156,165.8800048828125,163.97000122070312,165.10000610351562,125.8344955444336,2594800,0.0,0.0
2017-06-15 00:00:00-04:00,164.24000549316406,164.89999389648438,162.5500030517578,164.11000061035156,125.0799789428711,3585000,0.0,0.0
2017-06-16 00:00:00-04:00,163.83999633789062,164.10000610351562,161.1300048828125,162.4199981689453,123.79187774658203,5887200,0.0,0.0
2017-06-19 00:00:00-04:00,163.10000610351562,165.22000122070312,162.69000244140625,165.08999633789062,125.82687377929688,3043900,0.0,0.0
2017-06-20 00:00:00-04:00,165.42999267578125,168.6999969482422,164.7899932861328,166.2899932861328,126.74149322509766,3857900,0.0,0.0
2017-06-21 00:00:00-04:00,167.1999969482422,171.75999450683594,166.36000061035156,171.35000610351562,130.59808349609375,5490800,0.0,0.0
2017-06-22 00:00:00-04:00,172.44000244140625,175.4499969482422,172.10000610351562,173.82000732421875,132.4806671142578,5745800,0.0,0.0
2017-06-23 00:00:00-04:00,173.24000549316406,174.1300048828125,170.9600067138672,172.5,131.47459411621094,14368500,0.0,0.0
2017-06-26 00:00:00-04:00,173.38999938964844,174.72000122070312,172.41000366210938,173.6699981689453,132.36630249023438,3037600,0.0,0.0
2017-06-27 00:00:00-04:00,173.02000427246094,173.9199981689453,170.77000427246094,170.85000610351562,130.2169952392578,2941500,0.0,0.0
2017-06-28 00:00:00-04:00,171.4199981689453,174.5399932861328,170.8300018310547,174.07000732421875,132.6712188720703,2890500,0.0,0.0
2017-06-29 00:00:00-04:00,174.49000549316406,174.72000122070312,171.02000427246094,172.58999633789062,131.5431671142578,2491800,0.0,0.0
2017-06-30 00:00:00-04:00,173.61000061035156,174.25,172.00999450683594,172.22999572753906,131.26876831054688,2695500,0.0,0.0
2017-07-03 00:00:00-04:00,172.6300048828125,174.3300018310547,172.6300048828125,172.8000030517578,131.70323181152344,1395100,0.0,0.0
2017-07-05 00:00:00-04:00,172.6699981689453,174.3800048828125,171.9199981689453,174.25999450683594,132.81597900390625,2830000,0.0,0.0
2017-07-06 00:00:00-04:00,173.10000610351562,173.61000061035156,171.30999755859375,171.72000122070312,130.88009643554688,2566400,0.0,0.0
2017-07-07 00:00:00-04:00,171.63999938964844,172.02999877929688,170.58999633789062,171.42999267578125,130.65904235839844,2612900,0.0,0.0
2017-07-10 00:00:00-04:00,171.58999633789062,172.5500030517578,171.0,172.1999969482422,131.24594116210938,2070600,0.0,0.0
2017-07-11 00:00:00-04:00,174.17999267578125,174.44000244140625,172.07000732421875,173.32000732421875,132.0995635986328,2198000,0.0,0.0
2017-07-12 00:00:00-04:00,173.7100067138672,174.24000549316406,172.6699981689453,173.27000427246094,132.06146240234375,1976900,0.0,0.0
2017-07-13 00:00:00-04:00,173.27999877929688,176.1999969482422,173.08999633789062,175.0399932861328,133.41046142578125,2999900,0.0,0.0
2017-07-14 00:00:00-04:00,175.42999267578125,177.67999267578125,174.41000366210938,177.1300048828125,135.00341796875,2720600,0.0,0.0
2017-07-17 00:00:00-04:00,176.83999633789062,178.89999389648438,176.67999267578125,177.39999389648438,135.20921325683594,2692400,0.0,0.0
2017-07-18 00:00:00-04:00,176.66000366210938,177.6300048828125,176.13999938964844,177.47999572753906,135.27015686035156,1820100,0.0,0.0
2017-07-19 00:00:00-04:00,178.10000610351562,179.1999969482422,176.52000427246094,179.17999267578125,136.56591796875,2440700,0.0,0.0
2017-07-20 00:00:00-04:00,179.0500030517578,180.72999572753906,178.8800048828125,179.32000732421875,136.67259216308594,3039300,0.0,0.0
2017-07-21 00:00:00-04:00,179.25999450683594,180.5500030517578,179.16000366210938,180.2100067138672,137.35092163085938,2674700,0.0,0.0
2017-07-24 00:00:00-04:00,180.19000244140625,181.4600067138672,178.66000366210938,181.05999755859375,137.998779296875,2503100,0.0,0.0
2017-07-25 00:00:00-04:00,182.0500030517578,182.60000610351562,180.33999633789062,180.88999938964844,137.8691864013672,3343200,0.0,0.0
2017-07-26 00:00:00-04:00,176.00999450683594,178.86000061035156,175.1999969482422,175.88999938964844,134.05831909179688,5446100,0.0,0.0
2017-07-27 00:00:00-04:00,175.0,175.47999572753906,170.52999877929688,172.14999389648438,131.2078399658203,5523200,0.0,0.0
2017-07-28 00:00:00-04:00,171.97999572753906,175.05999755859375,171.7100067138672,174.5399932861328,133.02940368652344,2463500,0.0,0.0
2017-07-31 00:00:00-04:00,174.50999450683594,176.7899932861328,174.25,174.50999450683594,133.0065460205078,2424800,0.0,0.0
2017-08-01 00:00:00-04:00,174.80999755859375,175.11000061035156,173.66000366210938,174.1300048828125,132.71693420410156,2069600,0.0,0.0
2017-08-02 00:00:00-04:00,173.57000732421875,174.58999633789062,173.2100067138672,174.4600067138672,132.96844482421875,2209200,0.0,0.0
2017-08-03 00:00:00-04:00,173.52000427246094,174.7100067138672,173.25999450683594,174.17999267578125,132.75503540039062,1725900,0.0,0.0
2017-08-04 00:00:00-04:00,174.27000427246094,174.82000732421875,172.89999389648438,173.85000610351562,132.50350952148438,1915600,0.0,0.0
2017-08-07 00:00:00-04:00,173.8699951171875,174.64999389648438,173.25999450683594,174.5800018310547,133.0598602294922,1193800,0.0,0.0
2017-08-08 00:00:00-04:00,173.9600067138672,174.89999389648438,172.97999572753906,173.69000244140625,132.381591796875,2325200,0.0,0.0
2017-08-09 00:00:00-04:00,173.10000610351562,174.17999267578125,172.64999389648438,173.5500030517578,132.2748565673828,1972200,0.0,0.0
2017-08-10 00:00:00-04:00,172.07000732421875,172.6699981689453,168.58999633789062,169.11000061035156,128.8908233642578,3443800,0.0,0.0
2017-08-11 00:00:00-04:00,169.82000732421875,170.6300048828125,168.75999450683594,169.42999267578125,129.1346893310547,1571600,0.0,0.0
2017-08-14 00:00:00-04:00,170.27999877929688,172.0800018310547,169.97000122070312,171.6699981689453,130.8419952392578,1915800,0.0,0.0
2017-08-15 00:00:00-04:00,171.10000610351562,171.4499969482422,169.75999450683594,170.0399932861328,130.47372436523438,1956300,1.15,0.0
2017-08-16 00:00:00-04:00,170.25999450683594,172.63999938964844,170.13999938964844,171.38999938964844,131.50950622558594,1618800,0.0,0.0
2017-08-17 00:00:00-04:00,170.69000244140625,171.0,167.8000030517578,167.80999755859375,128.76254272460938,2630600,0.0,0.0
2017-08-18 00:00:00-04:00,167.3699951171875,168.42999267578125,166.52000427246094,167.2899932861328,128.36354064941406,1741900,0.0,0.0
2017-08-21 00:00:00-04:00,167.4600067138672,168.63999938964844,167.00999450683594,168.16000366210938,129.03111267089844,1533300,0.0,0.0
2017-08-22 00:00:00-04:00,168.86000061035156,170.94000244140625,168.8300018310547,170.07000732421875,130.4967041015625,1933500,0.0,0.0
2017-08-23 00:00:00-04:00,169.66000366210938,169.94000244140625,168.75999450683594,169.0,129.67568969726562,1279400,0.0,0.0
2017-08-24 00:00:00-04:00,169.27999877929688,170.69000244140625,168.57000732421875,169.9499969482422,130.4045867919922,1922400,0.0,0.0
2017-08-25 00:00:00-04:00,170.82000732421875,171.57000732421875,169.39999389648438,169.74000549316406,130.2434539794922,1510800,0.0,0.0
2017-08-28 00:00:00-04:00,170.86000061035156,172.63999938964844,170.25999450683594,171.77999877929688,131.80880737304688,2359500,0.0,0.0
2017-08-29 00:00:00-04:00,170.66000366210938,172.35000610351562,170.35000610351562,172.22999572753906,132.15403747558594,1483000,0.0,0.0
2017-08-30 00:00:00-04:00,172.19000244140625,175.0800018310547,171.5399932861328,173.64999389648438,133.24365234375,2310900,0.0,0.0
2017-08-31 00:00:00-04:00,173.74000549316406,178.63999938964844,173.74000549316406,177.77000427246094,136.40499877929688,3977500,0.0,0.0
2017-09-01 00:00:00-04:00,178.13999938964844,179.72999572753906,177.3000030517578,178.7100067138672,137.12625122070312,2431900,0.0,0.0
2017-09-05 00:00:00-04:00,178.0,178.5,175.36000061035156,176.74000549316406,135.6146240234375,1959900,0.0,0.0
2017-09-06 00:00:00-04:00,177.58999633789062,179.0800018310547,176.36000061035156,178.3800048828125,136.87306213378906,2242300,0.0,0.0
2017-09-07 00:00:00-04:00,178.5,182.77000427246094,177.27999877929688,180.7100067138672,138.66087341308594,2985300,0.0,0.0
2017-09-08 00:00:00-04:00,180.92999267578125,182.66000366210938,179.52000427246094,180.63999938964844,138.607177734375,1993900,0.0,0.0
2017-09-11 00:00:00-04:00,182.5399932861328,186.7100067138672,182.5399932861328,186.49000549316406,143.09597778320312,3791200,0.0,0.0
2017-09-12 00:00:00-04:00,187.0,191.0399932861328,186.77999877929688,191.0,146.55650329589844,3894300,0.0,0.0
2017-09-13 00:00:00-04:00,189.89999389648438,190.94000244140625,187.7100067138672,189.6999969482422,145.5590362548828,3031400,0.0,0.0
2017-09-14 00:00:00-04:00,188.3699951171875,191.10000610351562,187.80999755859375,189.44000244140625,145.35952758789062,2318400,0.0,0.0
2017-09-15 00:00:00-04:00,189.66000366210938,189.66000366210938,186.30999755859375,187.47000122070312,143.84793090820312,5349000,0.0,0.0
2017-09-18 00:00:00-04:00,187.7899932861328,188.55999755859375,186.1199951171875,186.47000122070312,143.08058166503906,2443800,0.0,0.0
2017-09-19 00:00:00-04:00,186.80999755859375,187.44000244140625,185.80999755859375,186.32000732421875,142.96548461914062,2066100,0.0,0.0
2017-09-20 00:00:00-04:00,186.0800018310547,188.5500030517578,185.4199981689453,188.1699981689453,144.38497924804688,2685400,0.0,0.0
2017-09-21 00:00:00-04:00,188.32000732421875,188.9600067138672,186.5,186.63999938964844,143.21104431152344,2082200,0.0,0.0
2017-09-22 00:00:00-04:00,185.47999572753906,186.82000732421875,184.0,185.75999450683594,142.5358428955078,2275600,0.0,0.0
2017-09-25 00:00:00-04:00,185.50999450683594,188.02999877929688,185.50999450683594,186.2899932861328,142.94247436523438,2545400,0.0,0.0
2017-09-26 00:00:00-04:00,186.50999450683594,187.5500030517578,185.39999389648438,185.60000610351562,142.41299438476562,2307900,0.0,0.0
2017-09-27 00:00:00-04:00,185.0500030517578,186.8800048828125,183.89999389648438,184.8800048828125,141.86056518554688,2436700,0.0,0.0
2017-09-28 00:00:00-04:00,184.2899932861328,187.82000732421875,184.1300048828125,185.4600067138672,142.30563354492188,2576900,0.0,0.0
2017-09-29 00:00:00-04:00,185.6999969482422,186.5399932861328,183.1699981689453,186.4499969482422,143.06527709960938,3017300,0.0,0.0
2017-10-02 00:00:00-04:00,187.02999877929688,187.72999572753906,185.55999755859375,187.1699981689453,143.61773681640625,2682700,0.0,0.0
2017-10-03 00:00:00-04:00,188.0500030517578,188.22000122070312,185.6300048828125,187.22999572753906,143.6637420654297,1514200,0.0,0.0
2017-10-04 00:00:00-04:00,186.5500030517578,188.72000122070312,186.02000427246094,188.58999633789062,144.70726013183594,1660300,0.0,0.0
2017-10-05 00:00:00-04:00,189.0500030517578,190.0,184.30999755859375,186.85000610351562,143.37220764160156,4506600,0.0,0.0
2017-10-06 00:00:00-04:00,186.4600067138672,188.24000549316406,185.16000366210938,185.82000732421875,142.58187866210938,2032500,0.0,0.0
2017-10-09 00:00:00-04:00,185.9499969482422,186.83999633789062,184.39999389648438,185.4600067138672,142.30563354492188,1519600,0.0,0.0
2017-10-10 00:00:00-04:00,185.4600067138672,186.5800018310547,184.4600067138672,185.7899932861328,142.55880737304688,2036400,0.0,0.0
2017-10-11 00:00:00-04:00,185.27999877929688,185.5,182.67999267578125,184.14999389648438,141.30043029785156,3273200,0.0,0.0
2017-10-12 00:00:00-04:00,183.38999938964844,184.38999938964844,182.0399932861328,182.75999450683594,140.23387145996094,2223800,0.0,0.0
2017-10-13 00:00:00-04:00,182.63999938964844,183.35000610351562,182.00999450683594,183.00999450683594,140.42564392089844,2331500,0.0,0.0
2017-10-16 00:00:00-04:00,182.9600067138672,184.1999969482422,181.1999969482422,181.89999389648438,139.573974609375,2211500,0.0,0.0
2017-10-17 00:00:00-04:00,182.02999877929688,187.05999755859375,181.1300048828125,186.19000244140625,142.86572265625,3753700,0.0,0.0
2017-10-18 00:00:00-04:00,187.85000610351562,188.83999633789062,185.8300018310547,186.27999877929688,142.93482971191406,2580200,0.0,0.0
2017-10-19 00:00:00-04:00,185.99000549316406,186.97999572753906,183.25,184.1199951171875,141.27743530273438,2563600,0.0,0.0
2017-10-20 00:00:00-04:00,184.08999633789062,184.82000732421875,181.2899932861328,182.9600067138672,140.3873291015625,3179200,0.0,0.0
2017-10-23 00:00:00-04:00,183.25,183.6199951171875,180.3699951171875,180.52999877929688,138.5227508544922,2571200,0.0,0.0
2017-10-24 00:00:00-04:00,181.25999450683594,181.5399932861328,177.22999572753906,180.3699951171875,138.40000915527344,3449800,0.0,0.0
2017-10-25 00:00:00-04:00,179.10000610351562,180.0399932861328,176.55999755859375,177.5,136.19781494140625,4052500,0.0,0.0
2017-10-26 00:00:00-04:00,170.8699951171875,177.44000244140625,169.67999267578125,176.52000427246094,135.44586181640625,5998500,0.0,0.0
2017-10-27 00:00:00-04:00,175.35000610351562,176.42999267578125,173.2899932861328,175.27999877929688,134.494384765625,3478600,0.0,0.0
2017-10-30 00:00:00-04:00,175.5,176.8000030517578,173.5800018310547,174.58999633789062,133.96493530273438,2550800,0.0,0.0
2017-10-31 00:00:00-04:00,174.14999389648438,176.19000244140625,174.14999389648438,175.22000122070312,134.44837951660156,2906600,0.0,0.0
2017-11-01 00:00:00-04:00,175.3000030517578,177.30999755859375,174.72000122070312,175.4199981689453,134.60182189941406,2734900,0.0,0.0
2017-11-02 00:00:00-04:00,174.77000427246094,175.3800048828125,171.25999450683594,172.41000366210938,132.2921905517578,4029300,0.0,0.0
2017-11-03 00:00:00-04:00,172.10000610351562,174.02999877929688,171.60000610351562,173.44000244140625,133.08253479003906,2433100,0.0,0.0
2017-11-06 00:00:00-05:00,172.86000061035156,173.3300018310547,170.69000244140625,170.8000030517578,131.05679321289062,2692000,0.0,0.0
2017-11-07 00:00:00-05:00,170.61000061035156,174.75,170.61000061035156,173.47999572753906,133.11322021484375,3097100,0.0,0.0
2017-11-08 00:00:00-05:00,174.0,174.64999389648438,173.17999267578125,173.5800018310547,133.18997192382812,2003400,0.0,0.0
2017-11-09 00:00:00-05:00,172.75,174.22999572753906,171.30999755859375,174.0,133.51220703125,2005100,0.0,0.0
2017-11-10 00:00:00-05:00,173.14999389648438,173.47999572753906,171.19000244140625,172.35000610351562,132.24615478515625,1927400,0.0,0.0
2017-11-13 00:00:00-05:00,171.5800018310547,172.94000244140625,171.10000610351562,171.5,131.5939483642578,2119800,0.0,0.0
2017-11-14 00:00:00-05:00,170.88999938964844,171.49000549316406,168.30999755859375,170.1300048828125,130.54270935058594,2604700,0.0,0.0
2017-11-15 00:00:00-05:00,170.19000244140625,170.52000427246094,168.3300018310547,169.3800048828125,129.96722412109375,3150600,0.0,0.0
2017-11-16 00:00:00-05:00,168.91000366210938,171.14999389648438,168.75,170.77000427246094,131.9295196533203,3131000,1.15,0.0
2017-11-17 00:00:00-05:00,170.6699981689453,171.08999633789062,169.5399932861328,170.0,131.33468627929688,2039700,0.0,0.0
2017-11-20 00:00:00-05:00,169.89999389648438,170.22000122070312,168.14999389648438,168.7899932861328,130.39987182617188,2012300,0.0,0.0
2017-11-21 00:00:00-05:00,169.35000610351562,170.49000549316406,168.88999938964844,169.83999633789062,131.21107482910156,2629600,0.0,0.0
2017-11-22 00:00:00-05:00,169.86000061035156,170.72999572753906,169.3300018310547,169.9600067138672,131.3037567138672,1533000,0.0,0.0
2017-11-24 00:00:00-05:00,169.5,170.75999450683594,169.49000549316406,170.1199951171875,131.42738342285156,999800,0.0,0.0
2017-11-27 00:00:00-05:00,170.55999755859375,171.25999450683594,169.55999755859375,169.7100067138672,131.11062622070312,2150100,0.0,0.0
2017-11-28 00:00:00-05:00,170.57000732421875,170.66000366210938,169.42999267578125,170.25999450683594,131.5355224609375,2658700,0.0,0.0
2017-11-29 00:00:00-05:00,171.0,174.0,170.58999633789062,172.22999572753906,133.0574493408203,3244500,0.0,0.0
2017-11-30 00:00:00-05:00,172.6300048828125,176.05999755859375,172.6300048828125,175.66000366210938,135.70733642578125,3819400,0.0,0.0
2017-12-01 00:00:00-05:00,174.16000366210938,177.86000061035156,174.0500030517578,177.1999969482422,136.89707946777344,3389900,0.0,0.0
2017-12-04 00:00:00-05:00,178.4600067138672,180.74000549316406,178.16000366210938,178.69000244140625,138.04815673828125,4417100,0.0,0.0
2017-12-05 00:00:00-05:00,179.00999450683594,180.72999572753906,177.94000244140625,178.6699981689453,138.0327606201172,3589400,0.0,0.0
2017-12-06 00:00:00-05:00,179.4499969482422,179.47999572753906,174.67999267578125,176.22000122070312,136.13995361328125,2519700,0.0,0.0
2017-12-07 00:00:00-05:00,175.67999267578125,176.94000244140625,173.42999267578125,173.9600067138672,134.3939971923828,3102100,0.0,0.0
2017-12-08 00:00:00-05:00,174.42999267578125,175.97000122070312,173.42999267578125,175.41000366210938,135.51416015625,3336300,0.0,0.0
2017-12-11 00:00:00-05:00,176.08999633789062,177.69000244140625,175.00999450683594,176.8300018310547,136.61122131347656,1874000,0.0,0.0
2017-12-12 00:00:00-05:00,176.8300018310547,176.99000549316406,174.1300048828125,176.25999450683594,136.1708526611328,2193700,0.0,0.0
2017-12-13 00:00:00-05:00,176.8699951171875,178.22000122070312,175.97000122070312,177.3800048828125,137.0361785888672,3166900,0.0,0.0
2017-12-14 00:00:00-05:00,177.44000244140625,177.97000122070312,174.5500030517578,174.9199981689453,135.13563537597656,2723600,0.0,0.0
2017-12-15 00:00:00-05:00,176.38999938964844,177.41000366210938,174.13999938964844,177.0399932861328,136.77345275878906,5796800,0.0,0.0
2017-12-18 00:00:00-05:00,177.86000061035156,178.6300048828125,176.02999877929688,176.13999938964844,136.07818603515625,2799200,0.0,0.0
2017-12-19 00:00:00-05:00,176.1199951171875,177.27999877929688,175.41000366210938,176.8699951171875,136.6421356201172,2705000,0.0,0.0
2017-12-20 00:00:00-05:00,177.60000610351562,179.1699981689453,177.0399932861328,177.11000061035156,136.82752990722656,3246100,0.0,0.0
2017-12-21 00:00:00-05:00,177.57000732421875,178.22999572753906,176.4600067138672,176.67999267578125,136.4953155517578,2106400,0.0,0.0
2017-12-22 00:00:00-05:00,176.6199951171875,177.49000549316406,175.77000427246094,176.4199981689453,136.29446411132812,1477900,0.0,0.0
2017-12-26 00:00:00-05:00,176.17999267578125,176.9199981689453,175.5,176.08999633789062,136.03955078125,1339200,0.0,0.0
2017-12-27 00:00:00-05:00,176.44000244140625,177.27999877929688,176.08999633789062,176.2100067138672,136.13223266601562,1403900,0.0,0.0
2017-12-28 00:00:00-05:00,176.77000427246094,177.0,175.05999755859375,175.25,135.39056396484375,1637700,0.0,0.0
2017-12-29 00:00:00-05:00,175.25,176.05999755859375,173.75999450683594,173.89999389648438,134.34767150878906,1948600,0.0,0.0
2018-01-02 00:00:00-05:00,175.35000610351562,177.82000732421875,174.4199981689453,177.0,136.7425537109375,2301100,0.0,0.0
2018-01-03 00:00:00-05:00,176.91000366210938,181.44000244140625,175.75999450683594,180.33999633789062,139.3229217529297,3084000,0.0,0.0
2018-01-04 00:00:00-05:00,180.6300048828125,180.86000061035156,178.75,179.5800018310547,138.73577880859375,2021100,0.0,0.0
2018-01-05 00:00:00-05:00,180.83999633789062,180.8800048828125,179.02999877929688,180.64999389648438,139.56239318847656,2211400,0.0,0.0
2018-01-08 00:00:00-05:00,180.47999572753906,181.25,178.42999267578125,180.60000610351562,139.52378845214844,2356200,0.0,0.0
2018-01-09 00:00:00-05:00,180.52999877929688,184.52999877929688,180.1199951171875,183.3800048828125,141.6714630126953,3031700,0.0,0.0
2018-01-10 00:00:00-05:00,182.66000366210938,183.6999969482422,180.3699951171875,182.86000061035156,141.269775390625,2542700,0.0,0.0
2018-01-11 00:00:00-05:00,182.86000061035156,182.86000061035156,181.10000610351562,181.9600067138672,140.574462890625,2101300,0.0,0.0
2018-01-12 00:00:00-05:00,182.33999633789062,185.61000061035156,181.75,185.0399932861328,142.9539337158203,3111400,0.0,0.0
2018-01-16 00:00:00-05:00,185.6199951171875,187.4499969482422,184.1699981689453,185.5399932861328,143.34022521972656,3374600,0.0,0.0
2018-01-17 00:00:00-05:00,187.6999969482422,189.3000030517578,185.89999389648438,188.00999450683594,145.24839782714844,4018200,0.0,0.0
2018-01-18 00:00:00-05:00,187.4499969482422,188.55999755859375,185.5,187.58999633789062,144.9239501953125,3084900,0.0,0.0
2018-01-19 00:00:00-05:00,188.36000061035156,189.72000122070312,187.60000610351562,189.27999877929688,146.22955322265625,3652300,0.0,0.0
2018-01-22 00:00:00-05:00,189.72999572753906,192.57000732421875,189.42999267578125,192.3300018310547,148.58587646484375,3579800,0.0,0.0
2018-01-23 00:00:00-05:00,193.0,196.02999877929688,191.60000610351562,191.99000549316406,148.3231964111328,3486700,0.0,0.0
2018-01-24 00:00:00-05:00,192.75,192.94000244140625,189.50999450683594,190.6300048828125,147.27252197265625,2765700,0.0,0.0
2018-01-25 00:00:00-05:00,191.39999389648438,191.8000030517578,188.89999389648438,190.0800018310547,146.84759521484375,2470300,0.0,0.0
2018-01-26 00:00:00-05:00,191.0500030517578,196.8000030517578,190.99000549316406,196.00999450683594,151.42881774902344,3920300,0.0,0.0
2018-01-29 00:00:00-05:00,196.2100067138672,201.22999572753906,195.64999389648438,198.0,152.9662322998047,4565700,0.0,0.0
2018-01-30 00:00:00-05:00,196.17999267578125,196.47000122070312,190.5500030517578,191.27000427246094,147.7669677734375,3990800,0.0,0.0
2018-01-31 00:00:00-05:00,191.63999938964844,192.27000427246094,184.64999389648438,186.0500030517578,143.73419189453125,4677700,0.0,0.0
2018-02-01 00:00:00-05:00,185.0,186.8300018310547,182.3300018310547,185.55999755859375,143.35565185546875,4078100,0.0,0.0
2018-02-02 00:00:00-05:00,183.4600067138672,192.60000610351562,183.00999450683594,187.00999450683594,144.47581481933594,7029400,0.0,0.0
2018-02-05 00:00:00-05:00,186.82000732421875,188.60000610351562,174.6199951171875,174.75,135.00433349609375,6922800,0.0,0.0
2018-02-06 00:00:00-05:00,177.99000549316406,180.27999877929688,172.0399932861328,176.64999389648438,136.47215270996094,7527700,0.0,0.0
2018-02-07 00:00:00-05:00,176.25,180.99000549316406,176.0,177.47000122070312,137.1056671142578,5715700,0.0,0.0
2018-02-08 00:00:00-05:00,177.92999267578125,180.4199981689453,173.0,173.1199951171875,133.74505615234375,6026800,0.0,0.0
2018-02-09 00:00:00-05:00,174.1300048828125,175.4600067138672,168.25,173.4600067138672,134.0076904296875,6093900,0.0,0.0
2018-02-12 00:00:00-05:00,174.3000030517578,176.6699981689453,173.0,174.8699951171875,135.09701538085938,4324800,0.0,0.0
2018-02-13 00:00:00-05:00,173.8699951171875,176.6999969482422,172.4600067138672,175.94000244140625,135.92367553710938,3834700,0.0,0.0
2018-02-14 00:00:00-05:00,174.0800018310547,180.30999755859375,174.05999755859375,179.52000427246094,139.73777770996094,5958700,1.32,0.0
2018-02-15 00:00:00-05:00,180.0,185.0,179.89999389648438,183.60000610351562,142.9136199951172,4493400,0.0,0.0
2018-02-16 00:00:00-05:00,183.8000030517578,186.1199951171875,182.67999267578125,183.5500030517578,142.87477111816406,4365800,0.0,0.0
2018-02-20 00:00:00-05:00,182.88999938964844,184.30999755859375,182.13999938964844,182.97999572753906,142.43104553222656,4078400,0.0,0.0
2018-02-21 00:00:00-05:00,183.19000244140625,185.5,182.39999389648438,182.42999267578125,142.00289916992188,4054600,0.0,0.0
2018-02-22 00:00:00-05:00,182.50999450683594,185.16000366210938,182.00999450683594,182.4499969482422,142.01852416992188,3868200,0.0,0.0
2018-02-23 00:00:00-05:00,183.6300048828125,186.7899932861328,182.77000427246094,186.6699981689453,145.30332946777344,4163400,0.0,0.0
2018-02-26 00:00:00-05:00,187.4600067138672,190.3699951171875,187.02999877929688,188.5,146.72776794433594,4943600,0.0,0.0
2018-02-27 00:00:00-05:00,188.8300018310547,190.10000610351562,185.5500030517578,185.7899932861328,144.6183624267578,5016100,0.0,0.0
2018-02-28 00:00:00-05:00,185.8800048828125,187.38999938964844,183.69000244140625,183.77000427246094,143.04598999023438,4544000,0.0,0.0
2018-03-01 00:00:00-05:00,184.2100067138672,185.57000732421875,180.3800048828125,183.2899932861328,142.67234802246094,11757800,0.0,0.0
2018-03-02 00:00:00-05:00,181.05999755859375,185.8000030517578,181.0500030517578,185.0800018310547,144.065673828125,19115500,0.0,0.0
2018-03-05 00:00:00-05:00,185.0500030517578,190.69000244140625,185.0,190.1300048828125,147.99661254882812,15187800,0.0,0.0
2018-03-06 00:00:00-05:00,188.1999969482422,191.63999938964844,186.92999267578125,190.35000610351562,148.1678466796875,18446500,0.0,0.0
2018-03-07 00:00:00-05:00,189.72999572753906,190.22000122070312,186.41000366210938,187.52999877929688,145.97274780273438,7009900,0.0,0.0
2018-03-08 00:00:00-05:00,187.89999389648438,188.39999389648438,185.50999450683594,187.16000366210938,145.6847381591797,9192600,0.0,0.0
2018-03-09 00:00:00-05:00,188.0,191.3800048828125,186.32000732421875,191.10000610351562,148.75164794921875,5674100,0.0,0.0
2018-03-12 00:00:00-04:00,189.5,190.38999938964844,188.32000732421875,189.3000030517578,147.3505096435547,6972400,0.0,0.0
2018-03-13 00:00:00-04:00,189.60000610351562,190.8300018310547,188.6300048828125,189.75,147.70082092285156,4712900,0.0,0.0
2018-03-14 00:00:00-04:00,191.17999267578125,192.6199951171875,189.8000030517578,190.57000732421875,148.33909606933594,3613300,0.0,0.0
2018-03-15 00:00:00-04:00,190.0500030517578,190.8800048828125,187.91000366210938,189.75,147.70082092285156,3320500,0.0,0.0
2018-03-16 00:00:00-04:00,189.75,190.25,187.22999572753906,188.24000549316406,146.52545166015625,16878400,0.0,0.0
2018-03-19 00:00:00-04:00,187.2899932861328,187.92999267578125,180.6699981689453,182.5500030517578,142.09632873535156,3970400,0.0,0.0
2018-03-20 00:00:00-04:00,183.05999755859375,184.02000427246094,181.1699981689453,182.02999877929688,141.69151306152344,2582200,0.0,0.0
2018-03-21 00:00:00-04:00,181.42999267578125,184.0399932861328,181.39999389648438,181.58999633789062,141.3490753173828,2531100,0.0,0.0
2018-03-22 00:00:00-04:00,179.9199981689453,180.75,176.0,176.0800018310547,137.06015014648438,3553000,0.0,0.0
2018-03-23 00:00:00-04:00,176.57000732421875,179.17999267578125,169.35000610351562,169.42999267578125,131.8837432861328,4529600,0.0,0.0
2018-03-26 00:00:00-04:00,172.77999877929688,175.8699951171875,170.11000061035156,175.19000244140625,136.36732482910156,4217100,0.0,0.0
2018-03-27 00:00:00-04:00,176.16000366210938,176.36000061035156,169.82000732421875,171.14999389648438,133.22262573242188,3963100,0.0,0.0
2018-03-28 00:00:00-04:00,171.35000610351562,172.5,168.02000427246094,170.4600067138672,132.68553161621094,4545900,0.0,0.0
2018-03-29 00:00:00-04:00,170.99000549316406,172.24000549316406,169.63999938964844,170.47999572753906,132.70108032226562,3769800,0.0,0.0
2018-04-02 00:00:00-04:00,169.9199981689453,170.5800018310547,163.30999755859375,166.0500030517578,129.2528076171875,4759800,0.0,0.0
2018-04-03 00:00:00-04:00,166.97000122070312,169.22000122070312,165.0800018310547,168.22000122070312,130.94192504882812,3374000,0.0,0.0
2018-04-04 00:00:00-04:00,166.1699981689453,174.27000427246094,165.8800048828125,173.52000427246094,135.06741333007812,3796700,0.0,0.0
2018-04-05 00:00:00-04:00,174.0,174.42999267578125,170.99000549316406,172.0,133.88421630859375,2766600,0.0,0.0
2018-04-06 00:00:00-04:00,170.86000061035156,171.72000122070312,166.1999969482422,168.13999938964844,130.879638671875,3747800,0.0,0.0
2018-04-09 00:00:00-04:00,169.1999969482422,172.9499969482422,167.99000549316406,169.6199951171875,132.03167724609375,3856800,0.0,0.0
2018-04-10 00:00:00-04:00,170.88999938964844,173.8800048828125,170.11000061035156,173.1300048828125,134.7638397216797,2872300,0.0,0.0
2018-04-11 00:00:00-04:00,171.8000030517578,174.07000732421875,171.60000610351562,172.41000366210938,134.2034149169922,2575900,0.0,0.0
2018-04-12 00:00:00-04:00,172.67999267578125,174.11000061035156,170.9600067138672,171.02000427246094,133.12139892578125,3471400,0.0,0.0
2018-04-13 00:00:00-04:00,172.11000061035156,172.42999267578125,170.7899932861328,171.47999572753906,133.4794921875,2656400,0.0,0.0
2018-04-16 00:00:00-04:00,172.75,173.1300048828125,171.07000732421875,171.3800048828125,133.4016571044922,2656400,0.0,0.0
2018-04-17 00:00:00-04:00,173.0,175.6300048828125,171.5800018310547,174.8800048828125,136.12606811523438,3283900,0.0,0.0
2018-04-18 00:00:00-04:00,174.61000061035156,176.16000366210938,174.44000244140625,175.11000061035156,136.30508422851562,2205600,0.0,0.0
2018-04-19 00:00:00-04:00,174.47000122070312,175.39999389648438,171.7899932861328,172.92999267578125,134.60813903808594,2269400,0.0,0.0
2018-04-20 00:00:00-04:00,173.10000610351562,173.47000122070312,170.57000732421875,171.55999755859375,133.54177856445312,2958600,0.0,0.0
2018-04-23 00:00:00-04:00,171.6199951171875,176.97000122070312,171.25,174.66000366210938,135.9547882080078,3568700,0.0,0.0
2018-04-24 00:00:00-04:00,175.5500030517578,175.75999450683594,170.52999877929688,171.94000244140625,133.8375701904297,4389400,0.0,0.0
2018-04-25 00:00:00-04:00,173.66000366210938,175.44000244140625,170.33999633789062,174.8300018310547,136.08706665039062,4693800,0.0,0.0
2018-04-26 00:00:00-04:00,175.4199981689453,176.67999267578125,171.7899932861328,175.3699951171875,136.50746154785156,3682400,0.0,0.0
2018-04-27 00:00:00-04:00,174.9199981689453,177.9199981689453,174.86000061035156,177.4600067138672,138.13430786132812,2424800,0.0,0.0
2018-04-30 00:00:00-04:00,177.91000366210938,178.74000549316406,174.35000610351562,174.47999572753906,135.81466674804688,3608700,0.0,0.0
2018-05-01 00:00:00-04:00,172.14999389648438,173.99000549316406,167.97999572753906,169.27999877929688,131.7669677734375,4799400,0.0,0.0
2018-05-02 00:00:00-04:00,169.3000030517578,171.07000732421875,168.3000030517578,169.42999267578125,131.8837432861328,4085700,0.0,0.0
2018-05-03 00:00:00-04:00,169.27999877929688,170.33999633789062,166.0500030517578,166.38999938964844,129.51748657226562,4152900,0.0,0.0
2018-05-04 00:00:00-04:00,165.9600067138672,169.5,165.22000122070312,167.97999572753906,130.75509643554688,3430000,0.0,0.0
2018-05-07 00:00:00-04:00,168.5800018310547,169.92999267578125,167.5,168.05999755859375,130.8173828125,3175800,0.0,0.0
2018-05-08 00:00:00-04:00,168.80999755859375,170.5,167.5,168.49000549316406,131.152099609375,3937700,0.0,0.0
2018-05-09 00:00:00-04:00,168.6999969482422,170.52999877929688,167.08999633789062,169.63999938964844,132.0472412109375,2861400,0.0,0.0
2018-05-10 00:00:00-04:00,170.25999450683594,171.49000549316406,169.36000061035156,170.77000427246094,132.92681884765625,2947100,0.0,0.0
2018-05-11 00:00:00-04:00,170.3800048828125,174.35000610351562,170.02999877929688,173.88999938964844,135.35540771484375,3740500,0.0,0.0
2018-05-14 00:00:00-04:00,174.10000610351562,177.8000030517578,173.0399932861328,175.9600067138672,136.96669006347656,3370600,0.0,0.0
2018-05-15 00:00:00-04:00,174.80999755859375,175.30999755859375,171.10000610351562,172.33999633789062,134.14891052246094,4491700,0.0,0.0
2018-05-16 00:00:00-04:00,171.35000610351562,174.5800018310547,170.6199951171875,173.8000030517578,136.32955932617188,2494200,1.32,0.0
2018-05-17 00:00:00-04:00,173.30999755859375,175.42999267578125,172.52999877929688,174.64999389648438,136.9962921142578,2268400,0.0,0.0
2018-05-18 00:00:00-04:00,176.50999450683594,177.33999633789062,174.69000244140625,176.3000030517578,138.29052734375,3377200,0.0,0.0
2018-05-21 00:00:00-04:00,177.1199951171875,177.94000244140625,175.89999389648438,176.47000122070312,138.4239044189453,2557200,0.0,0.0
2018-05-22 00:00:00-04:00,176.7100067138672,179.57000732421875,176.50999450683594,178.36000061035156,139.90643310546875,2742700,0.0,0.0
2018-05-23 00:00:00-04:00,177.1199951171875,179.99000549316406,176.66000366210938,179.94000244140625,141.1458282470703,2242000,0.0,0.0
2018-05-24 00:00:00-04:00,180.0,180.25999450683594,176.99000549316406,177.9600067138672,139.59266662597656,2386100,0.0,0.0
2018-05-25 00:00:00-04:00,177.9600067138672,179.0800018310547,177.60000610351562,178.24000549316406,139.8123016357422,1812000,0.0,0.0
2018-05-29 00:00:00-04:00,176.99000549316406,178.3800048828125,175.77000427246094,177.44000244140625,139.18479919433594,2382000,0.0,0.0
2018-05-30 00:00:00-04:00,178.2899932861328,181.77999877929688,178.00999450683594,180.24000549316406,141.381103515625,3419200,0.0,0.0
2018-05-31 00:00:00-04:00,180.30999755859375,180.9499969482422,178.3800048828125,179.6199951171875,140.89479064941406,5247200,0.0,0.0
2018-06-01 00:00:00-04:00,180.75,184.77000427246094,180.36000061035156,183.57000732421875,143.99317932128906,2892800,0.0,0.0
2018-06-04 00:00:00-04:00,183.17999267578125,185.97000122070312,182.8300018310547,185.44000244140625,145.4600372314453,2298800,0.0,0.0
2018-06-05 00:00:00-04:00,182.8000030517578,184.7100067138672,179.7899932861328,181.72999572753906,142.5498809814453,3980800,0.0,0.0
2018-06-06 00:00:00-04:00,182.00999450683594,184.14999389648438,180.8699951171875,183.5500030517578,143.97750854492188,2213100,0.0,0.0
2018-06-07 00:00:00-04:00,183.47000122070312,184.0500030517578,182.50999450683594,183.3000030517578,143.7814178466797,2729600,0.0,0.0
2018-06-08 00:00:00-04:00,183.88999938964844,185.64999389648438,183.60000610351562,184.3000030517578,144.56581115722656,2865000,0.0,0.0
2018-06-11 00:00:00-04:00,184.13999938964844,184.82000732421875,182.92999267578125,184.61000061035156,144.8089599609375,2409400,0.0,0.0
2018-06-12 00:00:00-04:00,184.27000427246094,185.1199951171875,183.41000366210938,185.07000732421875,145.16983032226562,2045300,0.0,0.0
2018-06-13 00:00:00-04:00,185.36000061035156,186.57000732421875,183.4499969482422,183.67999267578125,144.0794677734375,2243900,0.0,0.0
2018-06-14 00:00:00-04:00,184.08999633789062,186.07000732421875,182.6999969482422,185.7899932861328,145.7345733642578,2289600,0.0,0.0
2018-06-15 00:00:00-04:00,186.47000122070312,186.74000549316406,184.02000427246094,185.00999450683594,145.12271118164062,6474500,0.0,0.0
2018-06-18 00:00:00-04:00,184.1300048828125,184.5,182.3800048828125,183.9499969482422,144.29122924804688,2370700,0.0,0.0
2018-06-19 00:00:00-04:00,182.8300018310547,186.33999633789062,182.8300018310547,186.19000244140625,146.04832458496094,2538500,0.0,0.0
2018-06-20 00:00:00-04:00,186.25,187.50999450683594,184.74000549316406,186.50999450683594,146.29933166503906,2415200,0.0,0.0
2018-06-21 00:00:00-04:00,186.50999450683594,186.50999450683594,184.4199981689453,185.99000549316406,145.8914337158203,2206400,0.0,0.0
2018-06-22 00:00:00-04:00,186.30999755859375,188.08999633789062,184.8300018310547,185.14999389648438,145.23251342773438,11153100,0.0,0.0
2018-06-25 00:00:00-04:00,185.00999450683594,186.69000244140625,184.07000732421875,185.36000061035156,145.39724731445312,2678200,0.0,0.0
2018-06-26 00:00:00-04:00,185.33999633789062,185.9499969482422,183.97999572753906,184.58999633789062,144.7932891845703,2070600,0.0,0.0
2018-06-27 00:00:00-04:00,184.9199981689453,187.36000061035156,183.47000122070312,183.52999877929688,143.96182250976562,2354800,0.0,0.0
2018-06-28 00:00:00-04:00,183.16000366210938,184.5800018310547,181.6999969482422,183.33999633789062,143.81277465820312,2286300,0.0,0.0
2018-06-29 00:00:00-04:00,183.58999633789062,186.0500030517578,183.58999633789062,184.58999633789062,144.7932891845703,2606200,0.0,0.0
2018-07-02 00:00:00-04:00,184.08999633789062,185.4600067138672,182.6999969482422,185.2899932861328,145.34237670898438,2069800,0.0,0.0
2018-07-03 00:00:00-04:00,186.4499969482422,187.39999389648438,185.57000732421875,185.7100067138672,145.67178344726562,1348000,0.0,0.0
2018-07-05 00:00:00-04:00,186.13999938964844,188.1699981689453,185.61000061035156,187.36000061035156,146.96607971191406,1801000,0.0,0.0
2018-07-06 00:00:00-04:00,188.57000732421875,191.49000549316406,188.00999450683594,191.00999450683594,149.8291015625,2751600,0.0,0.0
2018-07-09 00:00:00-04:00,191.5,194.38999938964844,191.1699981689453,194.1699981689453,152.30787658691406,3065500,0.0,0.0
2018-07-10 00:00:00-04:00,194.1699981689453,196.14999389648438,192.5399932861328,195.69000244140625,153.50013732910156,2757000,0.0,0.0
2018-07-11 00:00:00-04:00,194.60000610351562,195.19000244140625,192.52000427246094,193.14999389648438,151.5077667236328,2431400,0.0,0.0
2018-07-12 00:00:00-04:00,194.19000244140625,194.25999450683594,192.55999755859375,194.0800018310547,152.2372589111328,2251900,0.0,0.0
2018-07-13 00:00:00-04:00,194.99000549316406,196.75,193.3800048828125,195.91000366210938,153.6727752685547,2232000,0.0,0.0
2018-07-16 00:00:00-04:00,195.7100067138672,196.57000732421875,194.11000061035156,194.8800048828125,152.8648223876953,1824800,0.0,0.0
2018-07-17 00:00:00-04:00,192.3699951171875,194.89999389648438,192.11000061035156,193.9199981689453,152.1117706298828,2567300,0.0,0.0
2018-07-18 00:00:00-04:00,193.25,194.0,192.0500030517578,192.8000030517578,151.23326110839844,2215800,0.0,0.0
2018-07-19 00:00:00-04:00,191.86000061035156,192.85000610351562,190.2899932861328,191.75999450683594,150.41741943359375,2539200,0.0,0.0
2018-07-20 00:00:00-04:00,191.47999572753906,191.47999572753906,189.49000549316406,190.49000549316406,149.42129516601562,2252200,0.0,0.0
2018-07-23 00:00:00-04:00,190.11000061035156,190.97000122070312,189.16000366210938,189.97000122070312,149.0133819580078,1767000,0.0,0.0
2018-07-24 00:00:00-04:00,191.25,193.1999969482422,190.5,191.39999389648438,150.13507080078125,2440400,0.0,0.0
2018-07-25 00:00:00-04:00,191.6199951171875,193.4600067138672,190.77000427246094,193.0399932861328,151.42149353027344,2009300,0.0,0.0
2018-07-26 00:00:00-04:00,195.02999877929688,195.58999633789062,192.67999267578125,194.0500030517578,152.21371459960938,2835800,0.0,0.0
2018-07-27 00:00:00-04:00,196.0,196.22000122070312,189.57000732421875,192.44000244140625,150.95086669921875,4100200,0.0,0.0
2018-07-30 00:00:00-04:00,191.5,192.2100067138672,189.94000244140625,190.6300048828125,149.53106689453125,2984700,0.0,0.0
2018-07-31 00:00:00-04:00,191.0,197.49000549316406,190.8699951171875,196.5500030517578,154.17474365234375,4429300,0.0,0.0
2018-08-01 00:00:00-04:00,196.3300018310547,196.97999572753906,194.6999969482422,195.83999633789062,153.61781311035156,2632800,0.0,0.0
2018-08-02 00:00:00-04:00,194.63999938964844,197.4199981689453,192.72999572753906,196.3800048828125,154.04141235351562,2500400,0.0,0.0
2018-08-03 00:00:00-04:00,196.27000427246094,198.41000366210938,196.10000610351562,197.99000549316406,155.3042755126953,2176200,0.0,0.0
2018-08-06 00:00:00-04:00,197.44000244140625,199.8300018310547,196.52000427246094,197.61000061035156,155.00621032714844,1913800,0.0,0.0
2018-08-07 00:00:00-04:00,197.69000244140625,200.89999389648438,197.63999938964844,200.39999389648438,157.19468688964844,2349800,0.0,0.0
2018-08-08 00:00:00-04:00,198.5,198.5,195.07000732421875,196.1999969482422,153.90025329589844,3145900,0.0,0.0
2018-08-09 00:00:00-04:00,195.42999267578125,196.32000732421875,193.8300018310547,193.97000122070312,152.15103149414062,2766500,0.0,0.0
2018-08-10 00:00:00-04:00,193.3000030517578,195.17999267578125,192.25999450683594,194.4199981689453,152.50396728515625,1769100,0.0,0.0
2018-08-13 00:00:00-04:00,194.69000244140625,196.32000732421875,193.72000122070312,195.61000061035156,153.43743896484375,1802900,0.0,0.0
2018-08-14 00:00:00-04:00,195.94000244140625,196.9600067138672,194.88999938964844,195.75999450683594,153.55506896972656,1240200,0.0,0.0
2018-08-15 00:00:00-04:00,194.8300018310547,195.47999572753906,192.88999938964844,195.25999450683594,153.1628875732422,1900200,0.0,0.0
2018-08-16 00:00:00-04:00,194.4600067138672,197.1300048828125,192.72999572753906,196.44000244140625,155.13723754882812,2361700,1.32,0.0
2018-08-17 00:00:00-04:00,196.24000549316406,198.50999450683594,195.27999877929688,197.4199981689453,155.9111785888672,2183800,0.0,0.0
2018-08-20 00:00:00-04:00,197.88999938964844,198.5,196.8699951171875,197.55999755859375,156.0217742919922,1747900,0.0,0.0
2018-08-21 00:00:00-04:00,197.92999267578125,198.39999389648438,196.72999572753906,197.30999755859375,155.82427978515625,1666900,0.0,0.0
2018-08-22 00:00:00-04:00,197.14999389648438,198.75,195.8300018310547,197.83999633789062,156.2428436279297,1709300,0.0,0.0
2018-08-23 00:00:00-04:00,197.3699951171875,197.75,195.6199951171875,196.60000610351562,155.2636260986328,1351200,0.0,0.0
2018-08-24 00:00:00-04:00,196.8800048828125,197.5,195.60000610351562,196.63999938964844,155.29515075683594,1358500,0.0,0.0
2018-08-27 00:00:00-04:00,197.52000427246094,198.66000366210938,196.7899932861328,198.60000610351562,156.8430938720703,2034400,0.0,0.0
2018-08-28 00:00:00-04:00,199.02000427246094,199.8300018310547,198.0,198.6199951171875,156.85887145996094,1644200,0.0,0.0
2018-08-29 00:00:00-04:00,197.7899932861328,200.0,196.9199981689453,199.75,157.75131225585938,1775100,0.0,0.0
2018-08-30 00:00:00-04:00,199.5800018310547,200.69000244140625,198.6999969482422,200.35000610351562,158.22511291503906,1992500,0.0,0.0
2018-08-31 00:00:00-04:00,199.8300018310547,200.47000122070312,198.38999938964844,199.80999755859375,157.79869079589844,2981400,0.0,0.0
2018-09-04 00:00:00-04:00,199.25,199.75,195.3300018310547,196.72999572753906,155.3662872314453,2293500,0.0,0.0
2018-09-05 00:00:00-04:00,197.1300048828125,198.6699981689453,196.85000610351562,197.75,156.1718292236328,1809000,0.0,0.0
2018-09-06 00:00:00-04:00,197.5500030517578,198.58999633789062,195.1199951171875,196.14999389648438,154.90821838378906,1797300,0.0,0.0
2018-09-07 00:00:00-04:00,195.42999267578125,197.5500030517578,194.75,196.3000030517578,155.0266876220703,2604100,0.0,0.0
2018-09-10 00:00:00-04:00,197.36000061035156,203.69000244140625,196.38999938964844,202.5,159.92308044433594,4310800,0.0,0.0
2018-09-11 00:00:00-04:00,201.0,203.0,199.27000427246094,199.47000122070312,157.53018188476562,3386000,0.0,0.0
2018-09-12 00:00:00-04:00,199.67999267578125,201.5,198.13999938964844,199.5,157.5538787841797,2133500,0.0,0.0
2018-09-13 00:00:00-04:00,200.24000549316406,203.08999633789062,199.41000366210938,202.92999267578125,160.2626953125,2780200,0.0,0.0
2018-09-14 00:00:00-04:00,203.63999938964844,204.4199981689453,200.0,200.5800018310547,158.40676879882812,2504200,0.0,0.0
2018-09-17 00:00:00-04:00,200.2899932861328,201.4499969482422,199.50999450683594,200.80999755859375,158.58839416503906,1950100,0.0,0.0
2018-09-18 00:00:00-04:00,200.4199981689453,203.8699951171875,199.1999969482422,202.33999633789062,159.79673767089844,1982300,0.0,0.0
2018-09-19 00:00:00-04:00,202.69000244140625,204.39999389648438,201.57000732421875,203.1999969482422,160.47592163085938,2204600,0.0,0.0
2018-09-20 00:00:00-04:00,203.60000610351562,205.25,203.02000427246094,205.10000610351562,161.97640991210938,2225000,0.0,0.0
2018-09-21 00:00:00-04:00,205.66000366210938,206.6199951171875,204.1699981689453,205.10000610351562,161.97640991210938,7314000,0.0,0.0
2018-09-24 00:00:00-04:00,204.52999877929688,207.6699981689453,204.11000061035156,207.2100067138672,163.64279174804688,2642000,0.0,0.0
2018-09-25 00:00:00-04:00,208.27999877929688,208.89999389648438,206.25999450683594,206.4600067138672,163.05047607421875,2556200,0.0,0.0
2018-09-26 00:00:00-04:00,206.2899932861328,208.8800048828125,206.2899932861328,206.8300018310547,163.34271240234375,2162600,0.0,0.0
2018-09-27 00:00:00-04:00,207.41000366210938,210.19000244140625,206.83999633789062,208.88999938964844,164.96954345703125,2571200,0.0,0.0
2018-09-28 00:00:00-04:00,208.5399932861328,208.8000030517578,206.77000427246094,207.2899932861328,163.70594787597656,3238200,0.0,0.0
2018-10-01 00:00:00-04:00,207.72999572753906,209.33999633789062,206.6199951171875,206.91000366210938,163.40585327148438,2518100,0.0,0.0
2018-10-02 00:00:00-04:00,206.4199981689453,208.10000610351562,206.08999633789062,207.6699981689453,164.0060577392578,2172100,0.0,0.0
2018-10-03 00:00:00-04:00,208.25,208.25,206.63999938964844,206.89999389648438,163.39794921875,2258800,0.0,0.0
2018-10-04 00:00:00-04:00,206.08999633789062,207.14999389648438,200.80999755859375,203.47000122070312,160.6891326904297,3219800,0.0,0.0
2018-10-05 00:00:00-04:00,204.4499969482422,206.08999633789062,201.8300018310547,204.02000427246094,161.12351989746094,2481000,0.0,0.0
2018-10-08 00:00:00-04:00,203.3699951171875,206.1300048828125,203.22999572753906,205.57000732421875,162.34759521484375,2878100,0.0,0.0
2018-10-09 00:00:00-04:00,205.75,208.0800018310547,204.49000549316406,206.0,162.68716430664062,2509100,0.0,0.0
2018-10-10 00:00:00-04:00,205.0,206.35000610351562,200.77000427246094,201.1999969482422,158.8964385986328,4148000,0.0,0.0
2018-10-11 00:00:00-04:00,201.5500030517578,202.9600067138672,192.3800048828125,193.85000610351562,153.09182739257812,4175000,0.0,0.0
2018-10-12 00:00:00-04:00,195.6199951171875,198.08999633789062,194.14999389648438,197.38999938964844,155.887451171875,3231400,0.0,0.0
2018-10-15 00:00:00-04:00,196.1999969482422,198.41000366210938,195.0,195.58999633789062,154.46592712402344,2091100,0.0,0.0
2018-10-16 00:00:00-04:00,197.22000122070312,202.67999267578125,196.22000122070312,202.33999633789062,159.79673767089844,2261500,0.0,0.0
2018-10-17 00:00:00-04:00,201.41000366210938,203.30999755859375,198.94000244140625,202.77000427246094,160.13629150390625,2459700,0.0,0.0
2018-10-18 00:00:00-04:00,203.1699981689453,204.50999450683594,200.27999877929688,202.72000122070312,160.0968475341797,2433600,0.0,0.0
2018-10-19 00:00:00-04:00,202.74000549316406,205.1199951171875,201.4499969482422,201.8000030517578,159.37020874023438,2692500,0.0,0.0
2018-10-22 00:00:00-04:00,201.16000366210938,201.8000030517578,197.47000122070312,198.02000427246094,156.385009765625,2717500,0.0,0.0
2018-10-23 00:00:00-04:00,196.3000030517578,199.08999633789062,193.72000122070312,197.63999938964844,156.08489990234375,2553500,0.0,0.0
2018-10-24 00:00:00-04:00,196.94000244140625,197.9600067138672,187.3699951171875,187.8800048828125,148.37701416015625,4288300,0.0,0.0
2018-10-25 00:00:00-04:00,188.66000366210938,190.5,181.30999755859375,188.10000610351562,148.55078125,4983700,0.0,0.0
2018-10-26 00:00:00-04:00,185.39999389648438,187.3300018310547,183.27999877929688,185.97999572753906,146.8765411376953,4580400,0.0,0.0
2018-10-29 00:00:00-04:00,189.32000732421875,190.91000366210938,184.8000030517578,188.19000244140625,148.62188720703125,3829500,0.0,0.0
2018-10-30 00:00:00-04:00,189.42999267578125,191.0,187.02999877929688,189.0800018310547,149.32470703125,4040600,0.0,0.0
2018-10-31 00:00:00-04:00,189.0800018310547,195.3300018310547,189.0399932861328,192.7899932861328,152.25473022460938,4541000,0.0,0.0
2018-11-01 00:00:00-04:00,192.80999755859375,194.3800048828125,190.9600067138672,192.89999389648438,152.34152221679688,2827300,0.0,0.0
2018-11-02 00:00:00-04:00,194.2899932861328,195.35000610351562,185.8300018310547,187.05999755859375,147.7294464111328,3696300,0.0,0.0
2018-11-05 00:00:00-05:00,187.67999267578125,190.72000122070312,187.5500030517578,189.9199981689453,149.9880828857422,2713500,0.0,0.0
2018-11-06 00:00:00-05:00,190.2100067138672,192.6999969482422,189.52000427246094,190.75,150.64358520507812,2139000,0.0,0.0
2018-11-07 00:00:00-05:00,192.80999755859375,197.72999572753906,192.00999450683594,197.6199951171875,156.06910705566406,3077800,0.0,0.0
2018-11-08 00:00:00-05:00,197.5399932861328,198.27999877929688,195.27999877929688,196.02000427246094,154.80552673339844,2636600,0.0,0.0
2018-11-09 00:00:00-05:00,195.3699951171875,196.91000366210938,192.17999267578125,193.16000366210938,152.54685974121094,2344900,0.0,0.0
2018-11-12 00:00:00-05:00,193.64999389648438,194.72000122070312,190.47999572753906,191.55999755859375,151.28326416015625,2109100,0.0,0.0
2018-11-13 00:00:00-05:00,192.91000366210938,194.82000732421875,191.02999877929688,191.5500030517578,151.275390625,2232200,0.0,0.0
2018-11-14 00:00:00-05:00,192.02999877929688,193.39999389648438,189.66000366210938,190.36000061035156,150.33560180664062,2850300,0.0,0.0
2018-11-15 00:00:00-05:00,188.33999633789062,192.6300048828125,187.1199951171875,192.4499969482422,153.04739379882812,2607100,1.32,0.0
2018-11-16 00:00:00-05:00,192.36000061035156,195.24000549316406,191.69000244140625,194.17999267578125,154.42320251464844,3862300,0.0,0.0
2018-11-19 00:00:00-05:00,194.9199981689453,196.77000427246094,192.8699951171875,194.91000366210938,155.00376892089844,2629900,0.0,0.0
2018-11-20 00:00:00-05:00,196.32000732421875,198.67999267578125,192.75999450683594,196.44000244140625,156.22052001953125,3288800,0.0,0.0
2018-11-21 00:00:00-05:00,195.1699981689453,197.5500030517578,192.61000061035156,192.77000427246094,153.30197143554688,2173600,0.0,0.0
2018-11-23 00:00:00-05:00,191.25,194.47999572753906,190.77000427246094,192.57000732421875,153.14288330078125,1349200,0.0,0.0
2018-11-26 00:00:00-05:00,194.94000244140625,196.30999755859375,192.49000549316406,194.3000030517578,154.51869201660156,2194600,0.0,0.0
2018-11-27 00:00:00-05:00,193.16000366210938,197.22999572753906,191.8699951171875,197.10000610351562,156.74537658691406,2329200,0.0,0.0
2018-11-28 00:00:00-05:00,196.9600067138672,202.02000427246094,196.05999755859375,201.4199981689453,160.18087768554688,2617800,0.0,0.0
2018-11-29 00:00:00-05:00,199.77999877929688,204.0,199.52999877929688,202.3699951171875,160.93638610839844,1937800,0.0,0.0
2018-11-30 00:00:00-05:00,202.14999389648438,208.99000549316406,201.7899932861328,208.25,165.6125030517578,4537200,0.0,0.0
2018-12-03 00:00:00-05:00,208.10000610351562,208.3000030517578,200.3800048828125,202.92999267578125,161.38174438476562,4035300,0.0,0.0
2018-12-04 00:00:00-05:00,204.60000610351562,205.74000549316406,197.2899932861328,197.75999450683594,157.27024841308594,3881100,0.0,0.0
2018-12-06 00:00:00-05:00,195.72000122070312,199.00999450683594,193.1999969482422,199.00999450683594,158.26429748535156,3437300,0.0,0.0
2018-12-07 00:00:00-05:00,197.88999938964844,198.39999389648438,191.0500030517578,191.44000244140625,152.2441864013672,3152400,0.0,0.0
2018-12-10 00:00:00-05:00,193.02999877929688,194.7899932861328,188.19000244140625,194.08999633789062,154.3516387939453,2718300,0.0,0.0
2018-12-11 00:00:00-05:00,195.91000366210938,198.41000366210938,194.33999633789062,196.17999267578125,156.0137481689453,3047500,0.0,0.0
2018-12-12 00:00:00-05:00,198.08999633789062,199.44000244140625,196.3000030517578,196.41000366210938,156.1966094970703,2665600,0.0,0.0
2018-12-13 00:00:00-05:00,196.77000427246094,197.66000366210938,195.22000122070312,197.52999877929688,157.08734130859375,2129800,0.0,0.0
2018-12-14 00:00:00-05:00,195.0399932861328,196.14999389648438,191.66000366210938,192.07000732421875,152.74525451660156,2981300,0.0,0.0
2018-12-17 00:00:00-05:00,192.24000549316406,194.4499969482422,188.63999938964844,190.0800018310547,151.1626739501953,2919400,0.0,0.0
2018-12-18 00:00:00-05:00,191.44000244140625,191.94000244140625,184.41000366210938,187.10000610351562,148.79283142089844,3164300,0.0,0.0
2018-12-19 00:00:00-05:00,187.02000427246094,191.75999450683594,182.52999877929688,185.49000549316406,147.5124053955078,3995400,0.0,0.0
2018-12-20 00:00:00-05:00,185.05999755859375,186.5399932861328,182.72000122070312,184.9600067138672,147.0909423828125,3806200,0.0,0.0
2018-12-21 00:00:00-05:00,183.85000610351562,187.61000061035156,179.2100067138672,180.2100067138672,143.3134765625,7829800,0.0,0.0
2018-12-24 00:00:00-05:00,179.5,182.92999267578125,178.2899932861328,178.39999389648438,141.87405395507812,2205100,0.0,0.0
2018-12-26 00:00:00-05:00,179.0399932861328,188.02999877929688,178.8800048828125,187.86000061035156,149.3971710205078,2868200,0.0,0.0
2018-12-27 00:00:00-05:00,185.36000061035156,190.41000366210938,183.6199951171875,190.3300018310547,151.36148071289062,3137900,0.0,0.0
2018-12-28 00:00:00-05:00,191.6300048828125,194.58999633789062,190.05999755859375,190.72999572753906,151.67958068847656,2477500,0.0,0.0
2018-12-31 00:00:00-05:00,191.92999267578125,195.8000030517578,191.61000061035156,194.6699981689453,154.81292724609375,2764800,0.0,0.0
2019-01-02 00:00:00-05:00,192.52000427246094,193.1999969482422,188.9499969482422,191.89999389648438,152.61001586914062,3009100,0.0,0.0
2019-01-03 00:00:00-05:00,192.14999389648438,194.17999267578125,188.6699981689453,188.97999572753906,150.28787231445312,3973900,0.0,0.0
2019-01-04 00:00:00-05:00,191.4600067138672,196.52000427246094,190.83999633789062,195.44000244140625,155.42526245117188,4193400,0.0,0.0
2019-01-07 00:00:00-05:00,194.75999450683594,199.36000061035156,194.0,198.07000732421875,157.5167999267578,3032500,0.0,0.0
2019-01-08 00:00:00-05:00,199.1999969482422,201.1199951171875,196.67999267578125,200.61000061035156,159.53672790527344,3290300,0.0,0.0
2019-01-09 00:00:00-05:00,202.36000061035156,202.89999389648438,199.6300048828125,200.3699951171875,159.34580993652344,2869700,0.0,0.0
2019-01-10 00:00:00-05:00,200.3699951171875,203.52000427246094,199.47000122070312,202.67999267578125,161.18289184570312,3131300,0.0,0.0
2019-01-11 00:00:00-05:00,200.63999938964844,200.99000549316406,198.0,200.55999755859375,159.49700927734375,3379700,0.0,0.0
2019-01-14 00:00:00-05:00,199.49000549316406,200.0,196.66000366210938,196.77999877929688,156.49087524414062,3378600,0.0,0.0
2019-01-15 00:00:00-05:00,196.3000030517578,199.99000549316406,196.0399932861328,199.3800048828125,158.55856323242188,2859800,0.0,0.0
2019-01-16 00:00:00-05:00,199.3000030517578,200.44000244140625,197.60000610351562,198.88999938964844,158.16888427734375,3302400,0.0,0.0
2019-01-17 00:00:00-05:00,198.3800048828125,202.52999877929688,197.97999572753906,201.9199981689453,160.57850646972656,2440200,0.0,0.0
2019-01-18 00:00:00-05:00,203.3300018310547,204.3300018310547,201.0399932861328,203.8800048828125,162.13720703125,3095000,0.0,0.0
2019-01-22 00:00:00-05:00,202.6199951171875,203.47999572753906,200.77999877929688,201.97999572753906,160.62620544433594,3173100,0.0,0.0
2019-01-23 00:00:00-05:00,201.99000549316406,203.9499969482422,200.1300048828125,201.55999755859375,160.29222106933594,1917500,0.0,0.0
2019-01-24 00:00:00-05:00,201.61000061035156,202.39999389648438,199.74000549316406,200.97000122070312,159.82305908203125,2390800,0.0,0.0
2019-01-25 00:00:00-05:00,201.9499969482422,202.22999572753906,196.8800048828125,198.77000427246094,158.073486328125,4383600,0.0,0.0
2019-01-28 00:00:00-05:00,194.97000122070312,194.97000122070312,190.00999450683594,191.9499969482422,152.64979553222656,4186200,0.0,0.0
2019-01-29 00:00:00-05:00,192.17999267578125,193.6699981689453,190.8000030517578,192.11000061035156,152.7770538330078,3182100,0.0,0.0
2019-01-30 00:00:00-05:00,188.88999938964844,189.75999450683594,179.64999389648438,184.86000061035156,147.01144409179688,8089100,0.0,0.0
2019-01-31 00:00:00-05:00,184.77999877929688,187.60000610351562,183.91000366210938,187.11000061035156,148.80075073242188,4397900,0.0,0.0
2019-02-01 00:00:00-05:00,186.50999450683594,187.8300018310547,185.55999755859375,187.07000732421875,148.76893615722656,2488900,0.0,0.0
2019-02-04 00:00:00-05:00,186.9600067138672,187.13999938964844,184.2899932861328,186.17999267578125,148.0611572265625,2930900,0.0,0.0
2019-02-05 00:00:00-05:00,186.1999969482422,189.05999755859375,185.72000122070312,188.30999755859375,149.7550506591797,4933300,0.0,0.0
2019-02-06 00:00:00-05:00,188.30999755859375,191.8699951171875,188.11000061035156,190.75999450683594,151.7034454345703,3322400,0.0,0.0
2019-02-07 00:00:00-05:00,190.6699981689453,190.6699981689453,182.6699981689453,184.22999572753906,146.5104217529297,4188100,0.0,0.0
2019-02-08 00:00:00-05:00,183.41000366210938,186.0500030517578,183.41000366210938,186.0,147.9180145263672,2601000,0.0,0.0
2019-02-11 00:00:00-05:00,186.7899932861328,187.11000061035156,185.50999450683594,185.7899932861328,147.75100708007812,2867300,0.0,0.0
2019-02-12 00:00:00-05:00,187.3300018310547,188.9600067138672,186.42999267578125,188.42999267578125,149.8504638671875,2412400,0.0,0.0
2019-02-13 00:00:00-05:00,189.22000122070312,190.1199951171875,188.39999389648438,188.97999572753906,150.28787231445312,2166000,0.0,0.0
2019-02-14 00:00:00-05:00,187.58999633789062,187.8000030517578,185.75999450683594,186.67999267578125,149.60667419433594,2611500,1.45,0.0
2019-02-15 00:00:00-05:00,188.07000732421875,189.10000610351562,185.99000549316406,188.33999633789062,150.93701171875,3314600,0.0,0.0
2019-02-19 00:00:00-05:00,187.7899932861328,188.47000122070312,186.85000610351562,186.97000122070312,149.83909606933594,2267500,0.0,0.0
2019-02-20 00:00:00-05:00,187.19000244140625,189.22000122070312,186.47999572753906,186.9199981689453,149.7989959716797,3046400,0.0,0.0
2019-02-21 00:00:00-05:00,186.38999938964844,187.39999389648438,184.75,185.5,148.66102600097656,2947600,0.0,0.0
2019-02-22 00:00:00-05:00,185.88999938964844,188.86000061035156,185.80999755859375,187.5,150.26385498046875,2774100,0.0,0.0
2019-02-25 00:00:00-05:00,188.66000366210938,190.47000122070312,187.88999938964844,189.80999755859375,152.11509704589844,3182600,0.0,0.0
2019-02-26 00:00:00-05:00,189.55999755859375,191.64999389648438,189.36000061035156,190.0800018310547,152.33148193359375,2431000,0.0,0.0
2019-02-27 00:00:00-05:00,188.74000549316406,192.19000244140625,188.66000366210938,191.4199981689453,153.4053955078125,1886200,0.0,0.0
2019-02-28 00:00:00-05:00,191.3800048828125,191.6300048828125,189.72999572753906,190.0800018310547,152.33148193359375,2776200,0.0,0.0
2019-03-01 00:00:00-05:00,191.38999938964844,192.05999755859375,190.47000122070312,191.16000366210938,153.19700622558594,2409400,0.0,0.0
2019-03-04 00:00:00-05:00,191.82000732421875,192.1199951171875,187.41000366210938,189.77999877929688,152.09104919433594,2274800,0.0,0.0
2019-03-05 00:00:00-05:00,190.0,190.6699981689453,188.7899932861328,188.82000732421875,151.3217010498047,3445200,0.0,0.0
2019-03-06 00:00:00-05:00,188.8800048828125,189.3699951171875,182.42999267578125,183.14999389648438,146.77772521972656,3956100,0.0,0.0
2019-03-07 00:00:00-05:00,182.9199981689453,183.16000366210938,180.60000610351562,181.4600067138672,145.42337036132812,3421700,0.0,0.0
2019-03-08 00:00:00-05:00,180.60000610351562,181.30999755859375,179.00999450683594,180.8699951171875,144.95054626464844,2750900,0.0,0.0
2019-03-11 00:00:00-04:00,181.83999633789062,184.60000610351562,181.39999389648438,184.13999938964844,147.5710906982422,2816900,0.0,0.0
2019-03-12 00:00:00-04:00,184.61000061035156,184.9499969482422,183.52000427246094,184.17999267578125,147.6031494140625,2677500,0.0,0.0
2019-03-13 00:00:00-04:00,184.6999969482422,188.33999633789062,184.19000244140625,187.35000610351562,150.14361572265625,2719700,0.0,0.0
2019-03-14 00:00:00-04:00,187.52999877929688,188.86000061035156,185.88999938964844,187.75999450683594,150.47219848632812,2909600,0.0,0.0
2019-03-15 00:00:00-04:00,188.4600067138672,191.63999938964844,188.10000610351562,191.24000549316406,153.26112365722656,6865000,0.0,0.0
2019-03-18 00:00:00-04:00,191.0800018310547,192.52000427246094,190.19000244140625,191.30999755859375,153.31716918945312,2430200,0.0,0.0
2019-03-19 00:00:00-04:00,191.92999267578125,192.75999450683594,190.9199981689453,191.49000549316406,153.46145629882812,2268700,0.0,0.0
2019-03-20 00:00:00-04:00,191.5,192.77000427246094,189.8699951171875,191.1199951171875,153.1649169921875,2378700,0.0,0.0
2019-03-21 00:00:00-04:00,189.72999572753906,192.3699951171875,189.17999267578125,191.88999938964844,153.7820281982422,2292900,0.0,0.0
2019-03-22 00:00:00-04:00,190.9600067138672,192.8699951171875,186.5500030517578,186.6999969482422,149.62269592285156,3144700,0.0,0.0
2019-03-25 00:00:00-04:00,186.63999938964844,187.77999877929688,185.0399932861328,186.58999633789062,149.5345916748047,2523700,0.0,0.0
2019-03-26 00:00:00-04:00,187.5500030517578,189.58999633789062,187.02999877929688,188.27000427246094,150.8809356689453,2359100,0.0,0.0
2019-03-27 00:00:00-04:00,188.25,188.60000610351562,185.22000122070312,186.32000732421875,149.31817626953125,2022600,0.0,0.0
2019-03-28 00:00:00-04:00,187.0800018310547,187.88999938964844,186.0,187.64999389648438,150.384033203125,1885600,0.0,0.0
2019-03-29 00:00:00-04:00,189.3699951171875,191.0,188.5,189.97999572753906,152.2513427734375,3189700,0.0,0.0
2019-04-01 00:00:00-04:00,191.13999938964844,192.55999755859375,190.50999450683594,191.77000427246094,153.68582153320312,2660500,0.0,0.0
2019-04-02 00:00:00-04:00,191.80999755859375,192.82000732421875,191.1999969482422,192.42999267578125,154.2147979736328,2141800,0.0,0.0
2019-04-03 00:00:00-04:00,193.17999267578125,193.8699951171875,191.7100067138672,192.9199981689453,154.6074676513672,1948100,0.0,0.0
2019-04-04 00:00:00-04:00,192.85000610351562,194.42999267578125,190.99000549316406,192.3300018310547,154.13462829589844,1785900,0.0,0.0
2019-04-05 00:00:00-04:00,193.8800048828125,196.8699951171875,193.3000030517578,195.41000366210938,156.6029510498047,2163300,0.0,0.0
2019-04-08 00:00:00-04:00,194.52999877929688,195.30999755859375,192.55999755859375,194.8800048828125,156.17823791503906,1629800,0.0,0.0
2019-04-09 00:00:00-04:00,193.58999633789062,194.0,192.50999450683594,192.97999572753906,154.65553283691406,1872600,0.0,0.0
2019-04-10 00:00:00-04:00,194.14999389648438,195.0,192.33999633789062,193.88999938964844,155.3848114013672,1653200,0.0,0.0
2019-04-11 00:00:00-04:00,194.57000732421875,194.7899932861328,190.64999389648438,192.11000061035156,153.95835876464844,2082600,0.0,0.0
2019-04-12 00:00:00-04:00,193.02000427246094,193.47999572753906,190.7899932861328,191.4199981689453,153.4053955078125,2060800,0.0,0.0
2019-04-15 00:00:00-04:00,191.83999633789062,193.17999267578125,189.85000610351562,191.1999969482422,153.22903442382812,2038300,0.0,0.0
2019-04-16 00:00:00-04:00,192.27000427246094,192.57000732421875,187.44000244140625,188.0500030517578,150.70455932617188,2727300,0.0,0.0
2019-04-17 00:00:00-04:00,188.35000610351562,188.74000549316406,181.52999877929688,182.47000122070312,146.23277282714844,5242100,0.0,0.0
2019-04-18 00:00:00-04:00,183.24000549316406,183.49000549316406,176.85000610351562,177.47000122070312,142.22572326660156,8266600,0.0,0.0
2019-04-22 00:00:00-04:00,177.10000610351562,177.57000732421875,174.8699951171875,176.36000061035156,141.33615112304688,3215800,0.0,0.0
2019-04-23 00:00:00-04:00,176.94000244140625,180.64999389648438,175.75,179.75999450683594,144.06094360351562,3471700,0.0,0.0
2019-04-24 00:00:00-04:00,180.13999938964844,180.8300018310547,178.25999450683594,178.3000030517578,142.8909149169922,2711600,0.0,0.0
2019-04-25 00:00:00-04:00,177.0800018310547,181.02000427246094,175.9199981689453,180.47999572753906,144.63795471191406,2453700,0.0,0.0
2019-04-26 00:00:00-04:00,180.6999969482422,181.85000610351562,180.02999877929688,181.47000122070312,145.4313507080078,2445400,0.0,0.0
2019-04-29 00:00:00-04:00,181.4499969482422,182.47000122070312,179.58999633789062,181.1699981689453,145.19091796875,2662500,0.0,0.0
2019-04-30 00:00:00-04:00,181.6300048828125,182.0399932861328,177.8800048828125,179.32000732421875,143.7083282470703,3963000,0.0,0.0
2019-05-01 00:00:00-04:00,175.39999389648438,178.5,171.25,176.13999938964844,141.15989685058594,6109100,0.0,0.0
2019-05-02 00:00:00-04:00,176.05999755859375,178.3000030517578,174.3000030517578,176.5,141.44834899902344,3014000,0.0,0.0
2019-05-03 00:00:00-04:00,176.92999267578125,177.77000427246094,176.47000122070312,177.30999755859375,142.09751892089844,2944500,0.0,0.0
2019-05-06 00:00:00-04:00,175.49000549316406,177.24000549316406,173.8800048828125,177.05999755859375,141.8971405029297,2735000,0.0,0.0
2019-05-07 00:00:00-04:00,175.13999938964844,176.41000366210938,172.5,173.8699951171875,139.3406524658203,2797000,0.0,0.0
2019-05-08 00:00:00-04:00,173.5,175.5,171.6999969482422,172.14999389648438,137.96226501464844,3368400,0.0,0.0
2019-05-09 00:00:00-04:00,171.24000549316406,173.17999267578125,169.44000244140625,172.8699951171875,138.53927612304688,2854400,0.0,0.0
2019-05-10 00:00:00-04:00,172.4600067138672,172.4600067138672,168.44000244140625,171.85000610351562,137.72181701660156,2942300,0.0,0.0
2019-05-13 00:00:00-04:00,169.24000549316406,169.60000610351562,167.1699981689453,167.60000610351562,134.3158721923828,3371800,0.0,0.0
2019-05-14 00:00:00-04:00,167.67999267578125,169.72000122070312,167.3000030517578,167.80999755859375,134.48414611816406,2525300,0.0,0.0
2019-05-15 00:00:00-04:00,167.22999572753906,170.60000610351562,166.3000030517578,169.8699951171875,136.13502502441406,2860200,0.0,0.0
2019-05-16 00:00:00-04:00,169.39999389648438,172.02000427246094,169.33999633789062,169.9199981689453,137.34747314453125,2716200,1.45,0.0
2019-05-17 00:00:00-04:00,169.27000427246094,171.24000549316406,169.11000061035156,169.91000366210938,137.33944702148438,2266600,0.0,0.0
2019-05-20 00:00:00-04:00,168.67999267578125,170.39999389648438,168.14999389648438,168.38999938964844,136.11074829101562,2144300,0.0,0.0
2019-05-21 00:00:00-04:00,169.77000427246094,170.02000427246094,168.52999877929688,169.69000244140625,137.16156005859375,2249300,0.0,0.0
2019-05-22 00:00:00-04:00,169.35000610351562,172.0500030517578,168.5800018310547,171.3000030517578,138.4629364013672,2615500,0.0,0.0
2019-05-23 00:00:00-04:00,171.33999633789062,173.05999755859375,170.49000549316406,172.11000061035156,139.11766052246094,2902500,0.0,0.0
2019-05-24 00:00:00-04:00,172.6199951171875,173.77000427246094,171.08999633789062,171.27999877929688,138.44679260253906,2417100,0.0,0.0
2019-05-28 00:00:00-04:00,171.55999755859375,172.77000427246094,168.75999450683594,168.85000610351562,136.48257446289062,4066200,0.0,0.0
2019-05-29 00:00:00-04:00,168.0,169.75999450683594,167.3300018310547,169.17999267578125,136.74932861328125,2671600,0.0,0.0
2019-05-30 00:00:00-04:00,169.44000244140625,170.0500030517578,168.1999969482422,169.0399932861328,136.63616943359375,1943300,0.0,0.0
2019-05-31 00:00:00-04:00,168.05999755859375,168.8699951171875,166.67999267578125,166.6999969482422,134.7447509765625,2808900,0.0,0.0
2019-06-03 00:00:00-04:00,172.0,176.80999755859375,170.55999755859375,172.36000061035156,139.3197479248047,5774800,0.0,0.0
2019-06-04 00:00:00-04:00,174.02999877929688,175.36000061035156,170.55999755859375,174.72999572753906,141.2354736328125,4553200,0.0,0.0
2019-06-05 00:00:00-04:00,175.67999267578125,175.77000427246094,173.08999633789062,174.5500030517578,141.08998107910156,2606400,0.0,0.0
2019-06-06 00:00:00-04:00,174.77999877929688,176.05999755859375,174.08999633789062,174.4499969482422,141.00909423828125,2396800,0.0,0.0
2019-06-07 00:00:00-04:00,175.6300048828125,176.0,173.27999877929688,175.50999450683594,141.8659210205078,2072000,0.0,0.0
2019-06-10 00:00:00-04:00,175.9499969482422,176.16000366210938,174.0500030517578,175.5800018310547,141.92251586914062,2091400,0.0,0.0
2019-06-11 00:00:00-04:00,176.27000427246094,177.14999389648438,174.1999969482422,174.6199951171875,141.14649963378906,2313800,0.0,0.0
2019-06-12 00:00:00-04:00,175.3000030517578,176.69000244140625,174.16000366210938,175.60000610351562,141.93870544433594,1888600,0.0,0.0
2019-06-13 00:00:00-04:00,175.8300018310547,177.4499969482422,175.22999572753906,176.7100067138672,142.83587646484375,1675800,0.0,0.0
2019-06-14 00:00:00-04:00,176.97000122070312,177.89999389648438,175.5500030517578,176.0800018310547,142.32669067382812,1621800,0.0,0.0
2019-06-17 00:00:00-04:00,176.0399932861328,178.5500030517578,175.39999389648438,178.38999938964844,144.19384765625,1916800,0.0,0.0
2019-06-18 00:00:00-04:00,179.27000427246094,182.82000732421875,179.1199951171875,181.61000061035156,146.79661560058594,3125500,0.0,0.0
2019-06-19 00:00:00-04:00,181.47999572753906,183.1199951171875,180.63999938964844,182.77000427246094,147.73426818847656,2396500,0.0,0.0
2019-06-20 00:00:00-04:00,184.77999877929688,185.2899932861328,182.11000061035156,184.0800018310547,148.7931365966797,2780400,0.0,0.0
2019-06-21 00:00:00-04:00,183.88999938964844,187.1300048828125,182.91000366210938,187.11000061035156,151.24227905273438,6948100,0.0,0.0
2019-06-24 00:00:00-04:00,186.07000732421875,187.0,184.6999969482422,184.8300018310547,149.3993682861328,2948300,0.0,0.0
2019-06-25 00:00:00-04:00,184.60000610351562,186.77999877929688,183.1699981689453,184.44000244140625,149.08407592773438,2264700,0.0,0.0
2019-06-26 00:00:00-04:00,184.7100067138672,184.94000244140625,182.74000549316406,183.1699981689453,148.05755615234375,2124600,0.0,0.0
2019-06-27 00:00:00-04:00,183.35000610351562,185.44000244140625,183.02999877929688,184.02000427246094,148.74462890625,2193700,0.0,0.0
2019-06-28 00:00:00-04:00,184.1699981689453,186.10000610351562,183.66000366210938,184.27999877929688,148.95480346679688,3753200,0.0,0.0
2019-07-01 00:00:00-04:00,186.8800048828125,187.3000030517578,185.10000610351562,186.35000610351562,150.62799072265625,2079800,0.0,0.0
2019-07-02 00:00:00-04:00,186.02999877929688,186.6699981689453,184.1999969482422,186.63999938964844,150.86236572265625,1796300,0.0,0.0
2019-07-03 00:00:00-04:00,187.5800018310547,189.4199981689453,187.1999969482422,188.5800018310547,152.43045043945312,1932600,0.0,0.0
2019-07-05 00:00:00-04:00,187.42999267578125,188.8800048828125,185.24000549316406,185.94000244140625,150.29661560058594,2225800,0.0,0.0
2019-07-08 00:00:00-04:00,184.66000366210938,185.00999450683594,180.52000427246094,182.24000549316406,147.3058319091797,2700900,0.0,0.0
2019-07-09 00:00:00-04:00,181.2100067138672,182.27000427246094,180.50999450683594,181.58999633789062,146.7804412841797,2273700,0.0,0.0
2019-07-10 00:00:00-04:00,182.1699981689453,183.2899932861328,181.02999877929688,182.27000427246094,147.33006286621094,1775700,0.0,0.0
2019-07-11 00:00:00-04:00,180.86000061035156,181.0,175.9499969482422,178.0,143.87863159179688,3621900,0.0,0.0
2019-07-12 00:00:00-04:00,177.82000732421875,178.08999633789062,174.19000244140625,174.92999267578125,141.39707946777344,4488700,0.0,0.0
2019-07-15 00:00:00-04:00,174.89999389648438,177.44000244140625,174.61000061035156,176.1199951171875,142.35899353027344,3256800,0.0,0.0
2019-07-16 00:00:00-04:00,176.33999633789062,177.77000427246094,175.91000366210938,177.47000122070312,143.4501953125,2260100,0.0,0.0
2019-07-17 00:00:00-04:00,178.13999938964844,179.4499969482422,177.00999450683594,177.05999755859375,143.11880493164062,1945200,0.0,0.0
2019-07-18 00:00:00-04:00,177.1300048828125,180.42999267578125,176.8000030517578,179.5399932861328,145.12344360351562,2374400,0.0,0.0
2019-07-19 00:00:00-04:00,180.6699981689453,181.5800018310547,178.19000244140625,178.38999938964844,144.19384765625,2987200,0.0,0.0
2019-07-22 00:00:00-04:00,177.8300018310547,178.80999755859375,175.72000122070312,175.88999938964844,142.17306518554688,2556800,0.0,0.0
2019-07-23 00:00:00-04:00,176.42999267578125,176.77000427246094,175.52000427246094,176.00999450683594,142.2700958251953,2081800,0.0,0.0
2019-07-24 00:00:00-04:00,176.02000427246094,176.75,174.8800048828125,175.77000427246094,142.07606506347656,1898000,0.0,0.0
2019-07-25 00:00:00-04:00,175.77999877929688,176.5,173.77000427246094,174.11000061035156,140.7342987060547,2145500,0.0,0.0
2019-07-26 00:00:00-04:00,174.27000427246094,175.50999450683594,173.1199951171875,175.33999633789062,141.72853088378906,3070400,0.0,0.0
2019-07-29 00:00:00-04:00,175.27000427246094,177.16000366210938,174.83999633789062,176.0800018310547,142.32669067382812,1985400,0.0,0.0
2019-07-30 00:00:00-04:00,174.9199981689453,176.72000122070312,174.27000427246094,176.4499969482422,142.62574768066406,2005100,0.0,0.0
2019-07-31 00:00:00-04:00,180.0,188.0,177.89999389648438,186.5800018310547,150.8138885498047,7157600,0.0,0.0
2019-08-01 00:00:00-04:00,186.39999389648438,189.4600067138672,184.13999938964844,186.0,150.3450469970703,3484700,0.0,0.0
2019-08-02 00:00:00-04:00,186.0,187.86000061035156,185.00999450683594,187.22000122070312,151.33119201660156,2966500,0.0,0.0
2019-08-05 00:00:00-04:00,185.5800018310547,185.9600067138672,180.52000427246094,181.5,146.70767211914062,4060000,0.0,0.0
2019-08-06 00:00:00-04:00,181.10000610351562,184.60000610351562,180.02999877929688,184.4600067138672,149.10031127929688,3172900,0.0,0.0
2019-08-07 00:00:00-04:00,183.0399932861328,184.13999938964844,179.61000061035156,183.5399932861328,148.3566131591797,3308900,0.0,0.0
2019-08-08 00:00:00-04:00,183.47000122070312,185.4199981689453,183.0500030517578,185.22999572753906,149.7226104736328,2449000,0.0,0.0
2019-08-09 00:00:00-04:00,185.14999389648438,200.0,182.82000732421875,196.25,158.63018798828125,8417100,0.0,0.0
2019-08-12 00:00:00-04:00,197.89999389648438,208.77999877929688,197.25,205.77999877929688,166.33338928222656,10599300,0.0,0.0
2019-08-13 00:00:00-04:00,203.42999267578125,211.89999389648438,203.0,206.1199951171875,166.6082000732422,5586400,0.0,0.0
2019-08-14 00:00:00-04:00,202.80999755859375,205.39999389648438,198.72000122070312,198.8699951171875,161.88681030273438,4507100,1.45,0.0
2019-08-15 00:00:00-04:00,200.0,201.0,198.6300048828125,199.30999755859375,162.24496459960938,3065800,0.0,0.0
2019-08-16 00:00:00-04:00,201.8300018310547,205.4600067138672,200.36000061035156,204.02000427246094,166.0791015625,2922500,0.0,0.0
2019-08-19 00:00:00-04:00,203.22999572753906,206.5,201.11000061035156,206.0,167.69081115722656,2974900,0.0,0.0
2019-08-20 00:00:00-04:00,205.89999389648438,206.1199951171875,202.9499969482422,203.1699981689453,165.3871307373047,2710800,0.0,0.0
2019-08-21 00:00:00-04:00,204.4499969482422,205.3699951171875,203.5800018310547,203.94000244140625,166.01397705078125,1755200,0.0,0.0
2019-08-22 00:00:00-04:00,205.27000427246094,206.35000610351562,202.0,203.4199981689453,165.59063720703125,2677600,0.0,0.0
2019-08-23 00:00:00-04:00,203.08999633789062,203.6199951171875,198.00999450683594,199.0800018310547,162.0577392578125,3416200,0.0,0.0
2019-08-26 00:00:00-04:00,200.60000610351562,206.39999389648438,199.6699981689453,205.41000366210938,167.21060180664062,4005200,0.0,0.0
2019-08-27 00:00:00-04:00,206.5399932861328,208.9499969482422,205.27000427246094,206.49000549316406,168.0897216796875,3394000,0.0,0.0
2019-08-28 00:00:00-04:00,205.50999450683594,210.13999938964844,205.3300018310547,207.52000427246094,168.92819213867188,3789300,0.0,0.0
2019-08-29 00:00:00-04:00,209.0,209.83999633789062,205.25999450683594,206.97999572753906,168.4886016845703,2391600,0.0,0.0
2019-08-30 00:00:00-04:00,208.99000549316406,210.97000122070312,206.8800048828125,208.6199951171875,169.82363891601562,2621300,0.0,0.0
2019-09-03 00:00:00-04:00,207.3000030517578,207.88999938964844,204.67999267578125,205.52000427246094,167.30015563964844,2193000,0.0,0.0
2019-09-04 00:00:00-04:00,206.6999969482422,207.3699951171875,203.0,206.32000732421875,167.9513702392578,1935700,0.0,0.0
2019-09-05 00:00:00-04:00,206.6300048828125,208.47000122070312,205.97000122070312,207.64999389648438,169.0340118408203,1685300,0.0,0.0
2019-09-06 00:00:00-04:00,208.63999938964844,209.35000610351562,206.10000610351562,207.72999572753906,169.09915161132812,2388000,0.0,0.0
2019-09-09 00:00:00-04:00,202.52999877929688,202.9499969482422,198.7899932861328,202.33999633789062,164.7115020751953,4353200,0.0,0.0
2019-09-10 00:00:00-04:00,200.80999755859375,201.97000122070312,195.36000061035156,196.8699951171875,160.25875854492188,4866300,0.0,0.0
2019-09-11 00:00:00-04:00,197.1300048828125,198.4600067138672,195.1699981689453,195.83999633789062,159.42027282714844,2875300,0.0,0.0
2019-09-12 00:00:00-04:00,196.08999633789062,196.8300018310547,193.89999389648438,194.0,157.9224395751953,4448000,0.0,0.0
2019-09-13 00:00:00-04:00,194.41000366210938,196.6699981689453,194.3300018310547,195.47000122070312,159.1190948486328,2428800,0.0,0.0
2019-09-16 00:00:00-04:00,196.16000366210938,196.16000366210938,193.50999450683594,194.0800018310547,157.9875946044922,1597400,0.0,0.0
2019-09-17 00:00:00-04:00,194.0399932861328,196.77999877929688,194.0399932861328,196.72000122070312,160.1366424560547,2447400,0.0,0.0
2019-09-18 00:00:00-04:00,196.36000061035156,196.8300018310547,193.25999450683594,195.0399932861328,158.76907348632812,1897800,0.0,0.0
2019-09-19 00:00:00-04:00,195.72000122070312,196.3699951171875,194.52000427246094,195.64999389648438,159.26560974121094,1483400,0.0,0.0
2019-09-20 00:00:00-04:00,196.0,199.32000732421875,195.75,196.94000244140625,160.31573486328125,6680400,0.0,0.0
2019-09-23 00:00:00-04:00,197.75,198.80999755859375,197.30999755859375,197.75999450683594,160.98324584960938,1683900,0.0,0.0
2019-09-24 00:00:00-04:00,198.97999572753906,199.8000030517578,195.61000061035156,196.5500030517578,159.9982452392578,2322500,0.0,0.0
2019-09-25 00:00:00-04:00,197.5800018310547,198.3300018310547,195.9199981689453,196.05999755859375,159.599365234375,1779900,0.0,0.0
2019-09-26 00:00:00-04:00,195.91000366210938,196.30999755859375,193.0800018310547,195.3800048828125,159.0458526611328,1877800,0.0,0.0
2019-09-27 00:00:00-04:00,195.55999755859375,196.85000610351562,193.83999633789062,194.94000244140625,158.68765258789062,1770300,0.0,0.0
2019-09-30 00:00:00-04:00,192.8000030517578,196.67999267578125,191.69000244140625,193.50999450683594,157.5235595703125,2492300,0.0,0.0
2019-10-01 00:00:00-04:00,192.5800018310547,195.8800048828125,192.10000610351562,193.19000244140625,157.2630615234375,2331000,0.0,0.0
2019-10-02 00:00:00-04:00,193.5800018310547,193.5800018310547,188.77999877929688,189.2100067138672,154.0232391357422,2250800,0.0,0.0
2019-10-03 00:00:00-04:00,189.60000610351562,192.6699981689453,189.0,192.6199951171875,156.79913330078125,1888500,0.0,0.0
2019-10-04 00:00:00-04:00,193.13999938964844,196.00999450683594,193.13999938964844,195.58999633789062,159.21676635742188,2158200,0.0,0.0
2019-10-07 00:00:00-04:00,194.5399932861328,198.82000732421875,194.4499969482422,197.1699981689453,160.50296020507812,2199300,0.0,0.0
2019-10-08 00:00:00-04:00,196.5500030517578,198.0,195.0,196.0800018310547,159.61566162109375,2032600,0.0,0.0
2019-10-09 00:00:00-04:00,198.67999267578125,198.67999267578125,195.9600067138672,196.69000244140625,160.11224365234375,1292900,0.0,0.0
2019-10-10 00:00:00-04:00,198.0,199.36000061035156,197.02000427246094,198.67999267578125,161.73216247558594,1297500,0.0,0.0
2019-10-11 00:00:00-04:00,200.22999572753906,203.88999938964844,199.97999572753906,200.8000030517578,163.45790100097656,2472200,0.0,0.0
2019-10-14 00:00:00-04:00,201.25,204.89999389648438,201.22999572753906,202.88999938964844,165.1592254638672,1638200,0.0,0.0
2019-10-15 00:00:00-04:00,203.4600067138672,204.8000030517578,202.60000610351562,204.66000366210938,166.6000518798828,1492800,0.0,0.0
2019-10-16 00:00:00-04:00,204.14999389648438,204.97999572753906,202.17999267578125,203.2100067138672,165.41973876953125,1758500,0.0,0.0
2019-10-17 00:00:00-04:00,201.58999633789062,204.75,201.52000427246094,203.55999755859375,165.70462036132812,1380800,0.0,0.0
2019-10-18 00:00:00-04:00,204.11000061035156,204.1199951171875,200.80999755859375,202.72000122070312,165.02084350585938,2043400,0.0,0.0
2019-10-21 00:00:00-04:00,203.57000732421875,203.61000061035156,200.77999877929688,202.92999267578125,165.1917724609375,1564000,0.0,0.0
2019-10-22 00:00:00-04:00,204.6300048828125,206.05999755859375,203.22000122070312,204.8300018310547,166.7384796142578,2136700,0.0,0.0
2019-10-23 00:00:00-04:00,204.22999572753906,205.88999938964844,203.0399932861328,203.32000732421875,165.50926208496094,1805800,0.0,0.0
2019-10-24 00:00:00-04:00,203.9499969482422,204.3000030517578,201.66000366210938,203.05999755859375,165.29759216308594,1220800,0.0,0.0
2019-10-25 00:00:00-04:00,202.58999633789062,203.7100067138672,201.50999450683594,203.0500030517578,165.2894744873047,1321500,0.0,0.0
2019-10-28 00:00:00-04:00,203.1699981689453,205.97999572753906,202.67999267578125,205.00999450683594,166.88494873046875,1652800,0.0,0.0
2019-10-29 00:00:00-04:00,205.25999450683594,211.25,204.91000366210938,208.99000549316406,170.1248016357422,4460000,0.0,0.0
2019-10-30 00:00:00-04:00,206.35000610351562,211.0,204.16000366210938,210.8800048828125,171.66331481933594,3793500,0.0,0.0
2019-10-31 00:00:00-04:00,210.10000610351562,213.6699981689453,209.60000610351562,213.25,173.59259033203125,3255800,0.0,0.0
2019-11-01 00:00:00-04:00,214.25999450683594,219.3800048828125,214.0,217.9499969482422,177.4185333251953,3685500,0.0,0.0
2019-11-04 00:00:00-05:00,218.72999572753906,219.83999633789062,214.35000610351562,214.41000366210938,174.536865234375,2646600,0.0,0.0
2019-11-05 00:00:00-05:00,215.9199981689453,219.49000549316406,213.19000244140625,215.0800018310547,175.08226013183594,3012000,0.0,0.0
2019-11-06 00:00:00-05:00,215.4499969482422,218.5800018310547,215.4499969482422,216.39999389648438,176.1567840576172,2540200,0.0,0.0
2019-11-07 00:00:00-05:00,216.91000366210938,218.50999450683594,215.4600067138672,217.99000549316406,177.45111083984375,2498300,0.0,0.0
2019-11-08 00:00:00-05:00,218.2100067138672,221.25,217.4600067138672,221.11000061035156,179.9909210205078,2069900,0.0,0.0
2019-11-11 00:00:00-05:00,220.24000549316406,221.3800048828125,218.6999969482422,220.6999969482422,179.65713500976562,1364300,0.0,0.0
2019-11-12 00:00:00-05:00,221.30999755859375,225.25999450683594,219.8699951171875,221.30999755859375,180.15370178222656,2704500,0.0,0.0
2019-11-13 00:00:00-05:00,220.42999267578125,221.69000244140625,218.5399932861328,219.6699981689453,178.81871032714844,2333000,0.0,0.0
2019-11-14 00:00:00-05:00,218.22000122070312,218.74000549316406,213.5500030517578,218.5,179.0481414794922,2749300,1.45,0.0
2019-11-15 00:00:00-05:00,219.58999633789062,220.92999267578125,217.2100067138672,220.86000061035156,180.98202514648438,2028600,0.0,0.0
2019-11-18 00:00:00-05:00,221.05999755859375,221.58999633789062,219.2100067138672,220.6699981689453,180.82632446289062,2239500,0.0,0.0
2019-11-19 00:00:00-05:00,221.24000549316406,224.67999267578125,220.6999969482422,224.5,183.96478271484375,2551600,0.0,0.0
2019-11-20 00:00:00-05:00,224.3800048828125,226.5500030517578,223.1300048828125,225.50999450683594,184.7924346923828,3524300,0.0,0.0
2019-11-21 00:00:00-05:00,227.1199951171875,228.8000030517578,225.02000427246094,227.82000732421875,186.68533325195312,2659300,0.0,0.0
2019-11-22 00:00:00-05:00,228.0800018310547,230.8699951171875,227.8300018310547,230.74000549316406,189.07815551757812,1975000,0.0,0.0
2019-11-25 00:00:00-05:00,231.0800018310547,235.8000030517578,231.0800018310547,234.5399932861328,192.19195556640625,2637400,0.0,0.0
2019-11-26 00:00:00-05:00,233.97999572753906,234.88999938964844,232.00999450683594,234.38999938964844,192.06907653808594,3300800,0.0,0.0
2019-11-27 00:00:00-05:00,234.64999389648438,235.27999877929688,231.85000610351562,234.5399932861328,192.19195556640625,1579800,0.0,0.0
2019-11-29 00:00:00-05:00,234.1300048828125,235.47000122070312,233.75,234.72000122070312,192.33950805664062,945600,0.0,0.0
2019-12-02 00:00:00-05:00,234.5399932861328,235.8000030517578,232.6300048828125,233.47999572753906,191.3233642578125,1633600,0.0,0.0
2019-12-03 00:00:00-05:00,231.47999572753906,233.17999267578125,230.77999877929688,232.77000427246094,190.7415771484375,1825400,0.0,0.0
2019-12-04 00:00:00-05:00,232.72999572753906,234.88999938964844,232.0,233.8800048828125,191.65115356445312,1908500,0.0,0.0
2019-12-05 00:00:00-05:00,233.69000244140625,233.77000427246094,231.4600067138672,233.41000366210938,191.26597595214844,2083600,0.0,0.0
2019-12-06 00:00:00-05:00,234.67999267578125,235.0,233.19000244140625,233.77000427246094,191.56100463867188,1860900,0.0,0.0
2019-12-09 00:00:00-05:00,234.9600067138672,235.0500030517578,232.6300048828125,232.82000732421875,190.7825469970703,1867900,0.0,0.0
2019-12-10 00:00:00-05:00,231.9199981689453,235.1199951171875,231.50999450683594,233.83999633789062,191.618408203125,1494700,0.0,0.0
2019-12-11 00:00:00-05:00,234.02999877929688,234.97000122070312,233.02999877929688,234.00999450683594,191.75767517089844,1754100,0.0,0.0
2019-12-12 00:00:00-05:00,234.5800018310547,237.24000549316406,234.05999755859375,235.99000549316406,193.38014221191406,1851500,0.0,0.0
2019-12-13 00:00:00-05:00,235.60000610351562,238.1199951171875,235.13999938964844,236.74000549316406,193.99473571777344,2041200,0.0,0.0
2019-12-16 00:00:00-05:00,239.5,244.52999877929688,239.5,243.1999969482422,199.28836059570312,3047600,0.0,0.0
2019-12-17 00:00:00-05:00,243.5800018310547,244.99000549316406,241.27999877929688,242.83999633789062,198.99339294433594,2382500,0.0,0.0
2019-12-18 00:00:00-05:00,242.2100067138672,243.22000122070312,241.02000427246094,241.94000244140625,198.25588989257812,2956700,0.0,0.0
2019-12-19 00:00:00-05:00,242.77999877929688,243.3000030517578,239.92999267578125,241.83999633789062,198.1739044189453,2070800,0.0,0.0
2019-12-20 00:00:00-05:00,244.57000732421875,244.57000732421875,240.6999969482422,243.05999755859375,199.17364501953125,5091600,0.0,0.0
2019-12-23 00:00:00-05:00,243.97999572753906,244.0,241.58999633789062,243.02999877929688,199.1490478515625,1686200,0.0,0.0
2019-12-24 00:00:00-05:00,242.82000732421875,243.10000610351562,241.72000122070312,242.3300018310547,198.57545471191406,612800,0.0,0.0
2019-12-26 00:00:00-05:00,242.72000122070312,243.63999938964844,241.32000732421875,241.89999389648438,198.22311401367188,1098300,0.0,0.0
2019-12-27 00:00:00-05:00,242.24000549316406,242.99000549316406,240.16000366210938,241.52999877929688,197.91989135742188,1085000,0.0,0.0
2019-12-30 00:00:00-05:00,241.39999389648438,242.97999572753906,239.39999389648438,240.27000427246094,196.88742065429688,1454400,0.0,0.0
2019-12-31 00:00:00-05:00,240.27999877929688,241.4600067138672,238.5,241.07000732421875,197.54295349121094,1748300,0.0,0.0
2020-01-02 00:00:00-05:00,243.0,243.19000244140625,238.97999572753906,240.10000610351562,196.7481231689453,2088000,0.0,0.0
2020-01-03 00:00:00-05:00,237.16000366210938,240.25999450683594,236.24000549316406,238.47000122070312,195.41241455078125,1879000,0.0,0.0
2020-01-06 00:00:00-05:00,237.1999969482422,240.4499969482422,236.55999755859375,240.3000030517578,196.9119873046875,1802800,0.0,0.0
2020-01-07 00:00:00-05:00,239.30999755859375,240.0,237.58999633789062,238.0399932861328,195.0600128173828,1518900,0.0,0.0
2020-01-08 00:00:00-05:00,237.92999267578125,239.5800018310547,236.61000061035156,238.22000122070312,195.20753479003906,2214700,0.0,0.0
2020-01-09 00:00:00-05:00,239.69000244140625,239.69000244140625,237.97000122070312,238.92999267578125,195.7893524169922,1629000,0.0,0.0
2020-01-10 00:00:00-05:00,238.67999267578125,240.92999267578125,237.61000061035156,238.25999450683594,195.24032592773438,1777600,0.0,0.0
2020-01-13 00:00:00-05:00,238.25999450683594,238.3300018310547,234.7899932861328,236.9199981689453,194.14224243164062,2004400,0.0,0.0
2020-01-14 00:00:00-05:00,235.8000030517578,240.67999267578125,235.1699981689453,240.0,196.6661376953125,2239100,0.0,0.0
2020-01-15 00:00:00-05:00,240.6699981689453,242.60000610351562,240.0500030517578,241.6999969482422,198.05917358398438,1920700,0.0,0.0
2020-01-16 00:00:00-05:00,242.17999267578125,243.85000610351562,239.85000610351562,240.5,197.0758819580078,2085700,0.0,0.0
2020-01-17 00:00:00-05:00,242.11000061035156,242.13999938964844,239.27000427246094,241.49000549316406,197.8871307373047,2582800,0.0,0.0
2020-01-21 00:00:00-05:00,240.97000122070312,242.00999450683594,237.25999450683594,237.60000610351562,194.6995086669922,3094200,0.0,0.0
2020-01-22 00:00:00-05:00,238.75,239.6999969482422,235.75999450683594,236.75,194.00291442871094,1998200,0.0,0.0
2020-01-23 00:00:00-05:00,237.05999755859375,237.05999755859375,233.07000732421875,235.0399932861328,192.6017303466797,2088700,0.0,0.0
2020-01-24 00:00:00-05:00,235.8000030517578,235.8800048828125,224.5,225.58999633789062,184.8579559326172,5019900,0.0,0.0
2020-01-27 00:00:00-05:00,223.67999267578125,224.92999267578125,221.1699981689453,222.9499969482422,182.6946563720703,2843600,0.0,0.0
2020-01-28 00:00:00-05:00,223.57000732421875,226.6999969482422,222.85000610351562,224.83999633789062,184.24337768554688,2103900,0.0,0.0
2020-01-29 00:00:00-05:00,225.5,228.92999267578125,225.0,227.14999389648438,186.13629150390625,2001100,0.0,0.0
2020-01-30 00:00:00-05:00,226.0,226.97000122070312,223.30999755859375,226.14999389648438,185.31686401367188,2581600,0.0,0.0
2020-01-31 00:00:00-05:00,218.75999450683594,219.0800018310547,210.00999450683594,216.0500030517578,177.04051208496094,5968900,0.0,0.0
2020-02-03 00:00:00-05:00,216.38999938964844,219.6199951171875,215.55999755859375,216.8800048828125,177.7206573486328,2565400,0.0,0.0
2020-02-04 00:00:00-05:00,220.77000427246094,223.85000610351562,220.47999572753906,221.80999755859375,181.76048278808594,2765300,0.0,0.0
2020-02-05 00:00:00-05:00,223.74000549316406,234.63999938964844,223.74000549316406,231.94000244140625,190.06143188476562,3669500,0.0,0.0
2020-02-06 00:00:00-05:00,233.72000122070312,233.88999938964844,229.33999633789062,231.4499969482422,189.659912109375,2007500,0.0,0.0
2020-02-07 00:00:00-05:00,231.41000366210938,232.17999267578125,227.6699981689453,229.3300018310547,187.92271423339844,2295100,0.0,0.0
2020-02-10 00:00:00-05:00,228.14999389648438,228.9600067138672,226.25999450683594,227.4199981689453,186.35755920410156,2144700,0.0,0.0
2020-02-11 00:00:00-05:00,227.6999969482422,229.47000122070312,226.8000030517578,228.9600067138672,187.61949157714844,1934500,0.0,0.0
2020-02-12 00:00:00-05:00,229.47000122070312,230.22999572753906,225.8800048828125,227.0,186.01336669921875,2501300,0.0,0.0
2020-02-13 00:00:00-05:00,224.99000549316406,226.52000427246094,222.82000732421875,223.0399932861328,184.0657501220703,1946500,1.6,0.0
2020-02-14 00:00:00-05:00,222.92999267578125,223.49000549316406,221.33999633789062,223.47999572753906,184.4289093017578,1611900,0.0,0.0
2020-02-18 00:00:00-05:00,224.14999389648438,224.35000610351562,220.9199981689453,221.69000244140625,182.9517059326172,1936400,0.0,0.0
2020-02-19 00:00:00-05:00,222.94000244140625,224.0500030517578,222.0500030517578,222.9600067138672,183.999755859375,1322900,0.0,0.0
2020-02-20 00:00:00-05:00,223.1999969482422,223.47999572753906,218.50999450683594,222.13999938964844,183.32305908203125,1638000,0.0,0.0
2020-02-21 00:00:00-05:00,222.24000549316406,223.8000030517578,220.99000549316406,222.7899932861328,183.85946655273438,2047500,0.0,0.0
2020-02-24 00:00:00-05:00,219.8800048828125,223.99000549316406,215.75999450683594,217.8800048828125,179.80743408203125,3049600,0.0,0.0
2020-02-25 00:00:00-05:00,218.0800018310547,219.55999755859375,209.82000732421875,210.3800048828125,173.6179962158203,3915500,0.0,0.0
2020-02-26 00:00:00-05:00,216.17999267578125,216.6999969482422,212.02000427246094,214.5399932861328,177.05108642578125,3314000,0.0,0.0
2020-02-27 00:00:00-05:00,214.9199981689453,215.27999877929688,203.22000122070312,203.5,167.94024658203125,4071100,0.0,0.0
2020-02-28 00:00:00-05:00,198.0500030517578,203.0,195.17999267578125,199.72999572753906,164.8289794921875,5316100,0.0,0.0
2020-03-02 00:00:00-05:00,199.89999389648438,212.3699951171875,198.7100067138672,212.1999969482422,175.11997985839844,4245700,0.0,0.0
2020-03-03 00:00:00-05:00,210.33999633789062,216.16000366210938,202.66000366210938,204.4199981689453,168.69947814941406,3975100,0.0,0.0
2020-03-04 00:00:00-05:00,209.52999877929688,215.2899932861328,207.6199951171875,215.11000061035156,177.52146911621094,3880200,0.0,0.0
2020-03-05 00:00:00-05:00,207.66000366210938,216.38999938964844,207.5800018310547,212.1199951171875,175.053955078125,3185400,0.0,0.0
2020-03-06 00:00:00-05:00,203.97000122070312,211.61000061035156,203.82000732421875,210.64999389648438,173.84083557128906,3100500,0.0,0.0
2020-03-09 00:00:00-04:00,197.74000549316406,203.6199951171875,190.75,198.3699951171875,163.70660400390625,4065600,0.0,0.0
2020-03-10 00:00:00-04:00,203.36000061035156,207.10000610351562,194.6699981689453,206.8000030517578,170.66357421875,3928700,0.0,0.0
2020-03-11 00:00:00-04:00,201.0,203.9199981689453,195.80999755859375,198.64999389648438,163.93771362304688,3777000,0.0,0.0
2020-03-12 00:00:00-04:00,184.6300048828125,196.25999450683594,181.77000427246094,182.24000549316406,150.39520263671875,4902600,0.0,0.0
2020-03-13 00:00:00-04:00,189.75999450683594,203.1699981689453,188.52000427246094,202.10000610351562,166.7848358154297,6903900,0.0,0.0
2020-03-16 00:00:00-04:00,184.6699981689453,204.72000122070312,182.9600067138672,188.67999267578125,155.7098846435547,4932400,0.0,0.0
2020-03-17 00:00:00-04:00,192.2100067138672,210.91000366210938,191.64999389648438,207.8000030517578,171.48883056640625,5912800,0.0,0.0
2020-03-18 00:00:00-04:00,198.55999755859375,210.89999389648438,196.74000549316406,204.8800048828125,169.07907104492188,5597900,0.0,0.0
2020-03-19 00:00:00-04:00,201.0,208.75,195.27000427246094,198.75999450683594,164.02850341796875,4796500,0.0,0.0
2020-03-20 00:00:00-04:00,198.88999938964844,201.97000122070312,186.0,188.25,155.35496520996094,5726800,0.0,0.0
2020-03-23 00:00:00-04:00,188.88999938964844,191.9600067138672,177.0500030517578,185.92999267578125,153.44044494628906,4396600,0.0,0.0
2020-03-24 00:00:00-04:00,191.47000122070312,202.85000610351562,190.00999450683594,202.33999633789062,166.98292541503906,5288200,0.0,0.0
2020-03-25 00:00:00-04:00,197.77000427246094,201.36000061035156,190.00999450683594,193.13999938964844,159.39053344726562,5301000,0.0,0.0
2020-03-26 00:00:00-04:00,193.1199951171875,199.72000122070312,190.5,198.49000549316406,163.80569458007812,5162200,0.0,0.0
2020-03-27 00:00:00-04:00,194.4199981689453,205.8699951171875,194.00999450683594,198.27000427246094,163.62413024902344,4119600,0.0,0.0
2020-03-30 00:00:00-04:00,200.0500030517578,209.4499969482422,200.0500030517578,208.47999572753906,172.0500030517578,3219000,0.0,0.0
2020-03-31 00:00:00-04:00,203.49000549316406,207.25,200.6999969482422,202.72999572753906,167.3047637939453,2929000,0.0,0.0
2020-04-01 00:00:00-04:00,197.55999755859375,201.3800048828125,194.99000549316406,197.80999755859375,163.24447631835938,2747900,0.0,0.0
2020-04-02 00:00:00-04:00,194.41000366210938,209.52999877929688,194.2100067138672,208.8800048828125,172.380126953125,3867300,0.0,0.0
2020-04-03 00:00:00-04:00,207.42999267578125,209.75,203.02999877929688,205.41000366210938,169.5164794921875,2281400,0.0,0.0
2020-04-06 00:00:00-04:00,212.0,212.7100067138672,206.85000610351562,211.5800018310547,174.6083221435547,3702100,0.0,0.0
2020-04-07 00:00:00-04:00,213.4499969482422,215.17999267578125,207.3300018310547,208.77999877929688,172.29759216308594,2447500,0.0,0.0
2020-04-08 00:00:00-04:00,208.89999389648438,219.82000732421875,207.33999633789062,219.19000244140625,180.8885498046875,2861500,0.0,0.0
2020-04-09 00:00:00-04:00,217.39999389648438,219.35000610351562,215.6999969482422,218.2100067138672,180.0797576904297,2503300,0.0,0.0
2020-04-13 00:00:00-04:00,216.97999572753906,219.17999267578125,215.14999389648438,218.27000427246094,180.12936401367188,2168000,0.0,0.0
2020-04-14 00:00:00-04:00,221.00999450683594,228.32000732421875,220.25,226.8000030517578,187.1687774658203,3029000,0.0,0.0
2020-04-15 00:00:00-04:00,224.99000549316406,225.50999450683594,219.30999755859375,221.8000030517578,183.04246520996094,3107000,0.0,0.0
2020-04-16 00:00:00-04:00,225.0,232.10000610351562,223.22000122070312,230.89999389648438,190.55233764648438,2617300,0.0,0.0
2020-04-17 00:00:00-04:00,236.8300018310547,236.99000549316406,229.22000122070312,234.97000122070312,193.91110229492188,2864200,0.0,0.0
2020-04-20 00:00:00-04:00,234.1999969482422,239.55999755859375,232.38999938964844,236.60000610351562,195.2562713623047,2824000,0.0,0.0
2020-04-21 00:00:00-04:00,235.0,235.77000427246094,229.0,230.75,190.4285125732422,2672900,0.0,0.0
2020-04-22 00:00:00-04:00,233.35000610351562,234.0,227.58999633789062,229.2899932861328,189.2236328125,2845100,0.0,0.0
2020-04-23 00:00:00-04:00,229.08999633789062,235.64999389648438,228.8800048828125,232.49000549316406,191.86451721191406,3226400,0.0,0.0
2020-04-24 00:00:00-04:00,234.0399932861328,236.92999267578125,230.8000030517578,236.27999877929688,194.99224853515625,1946200,0.0,0.0
2020-04-27 00:00:00-04:00,236.6300048828125,243.0,235.0,242.42999267578125,200.06756591796875,2472600,0.0,0.0
2020-04-28 00:00:00-04:00,243.0,244.9499969482422,236.86000061035156,237.6699981689453,196.13937377929688,2548900,0.0,0.0
2020-04-29 00:00:00-04:00,238.89999389648438,239.30999755859375,235.24000549316406,235.69000244140625,194.5053253173828,3365100,0.0,0.0
2020-04-30 00:00:00-04:00,236.02000427246094,240.07000732421875,231.91000366210938,239.22000122070312,197.41845703125,5704500,0.0,0.0
2020-05-01 00:00:00-04:00,233.0,237.0500030517578,228.0,230.97999572753906,190.61834716796875,3045400,0.0,0.0
2020-05-04 00:00:00-04:00,232.44000244140625,232.9199981689453,228.10000610351562,230.91000366210938,190.56057739257812,2035800,0.0,0.0
2020-05-05 00:00:00-04:00,231.27999877929688,237.97999572753906,229.1699981689453,236.36000061035156,195.05821228027344,1975500,0.0,0.0
2020-05-06 00:00:00-04:00,237.30999755859375,239.67999267578125,235.69000244140625,236.58999633789062,195.24803161621094,1980500,0.0,0.0
2020-05-07 00:00:00-04:00,236.89999389648438,237.97000122070312,232.10000610351562,233.3300018310547,192.55772399902344,2451200,0.0,0.0
2020-05-08 00:00:00-04:00,234.9499969482422,235.72999572753906,231.60000610351562,234.82000732421875,193.787353515625,1534300,0.0,0.0
2020-05-11 00:00:00-04:00,233.07000732421875,243.49000549316406,232.50999450683594,242.74000549316406,200.32342529296875,2163700,0.0,0.0
2020-05-12 00:00:00-04:00,242.67999267578125,244.5,237.0500030517578,237.2100067138672,195.75967407226562,2241000,0.0,0.0
2020-05-13 00:00:00-04:00,235.22000122070312,243.94000244140625,235.22000122070312,236.8300018310547,195.4460906982422,2292700,0.0,0.0
2020-05-14 00:00:00-04:00,235.9499969482422,238.97000122070312,233.8000030517578,237.97999572753906,196.39517211914062,3322700,0.0,0.0
2020-05-15 00:00:00-04:00,234.42999267578125,240.42999267578125,233.88999938964844,240.1999969482422,199.56898498535156,3111500,1.6,0.0
2020-05-18 00:00:00-04:00,243.66000366210938,244.38999938964844,231.8000030517578,233.19000244140625,193.74473571777344,5631400,0.0,0.0
2020-05-19 00:00:00-04:00,232.63999938964844,233.44000244140625,227.1699981689453,227.42999267578125,188.95909118652344,3835800,0.0,0.0
2020-05-20 00:00:00-04:00,229.27000427246094,230.1199951171875,225.63999938964844,227.8699951171875,189.32464599609375,3714600,0.0,0.0
2020-05-21 00:00:00-04:00,228.11000061035156,228.24000549316406,224.0,224.77999877929688,186.7573699951172,2377500,0.0,0.0
2020-05-22 00:00:00-04:00,224.1699981689453,226.77000427246094,223.61000061035156,226.42999267578125,188.1282196044922,2334300,0.0,0.0
2020-05-26 00:00:00-04:00,227.52999877929688,228.35000610351562,221.72999572753906,222.39999389648438,184.77993774414062,2397800,0.0,0.0
2020-05-27 00:00:00-04:00,222.32000732421875,225.1300048828125,217.47000122070312,224.80999755859375,186.7822723388672,2932100,0.0,0.0
2020-05-28 00:00:00-04:00,226.25999450683594,226.6199951171875,222.25,224.1300048828125,186.21728515625,2591000,0.0,0.0
2020-05-29 00:00:00-04:00,225.0,230.57000732421875,222.05999755859375,229.6999969482422,190.84512329101562,4251200,0.0,0.0
2020-06-01 00:00:00-04:00,228.88999938964844,230.5399932861328,225.7100067138672,226.91000366210938,188.52703857421875,1816700,0.0,0.0
2020-06-02 00:00:00-04:00,225.8000030517578,226.36000061035156,222.5800018310547,223.72000122070312,185.87667846679688,3198900,0.0,0.0
2020-06-03 00:00:00-04:00,223.49000549316406,224.2899932861328,218.25,221.0,183.61676025390625,3660500,0.0,0.0
2020-06-04 00:00:00-04:00,220.77000427246094,223.4499969482422,219.2100067138672,220.8800048828125,183.51707458496094,2392800,0.0,0.0
2020-06-05 00:00:00-04:00,219.6999969482422,225.9499969482422,218.1999969482422,225.6699981689453,187.49679565429688,3714600,0.0,0.0
2020-06-08 00:00:00-04:00,223.27000427246094,226.25,221.75,225.75,187.56324768066406,2270500,0.0,0.0
2020-06-09 00:00:00-04:00,226.0,228.30999755859375,224.57000732421875,224.89999389648438,186.85708618164062,2403600,0.0,0.0
2020-06-10 00:00:00-04:00,226.67999267578125,229.49000549316406,225.52000427246094,227.1199951171875,188.70152282714844,2851300,0.0,0.0
2020-06-11 00:00:00-04:00,228.05999755859375,229.77999877929688,218.6699981689453,218.89999389648438,181.8719940185547,3900700,0.0,0.0
2020-06-12 00:00:00-04:00,221.10000610351562,222.35000610351562,214.1999969482422,217.89999389648438,181.04112243652344,2426600,0.0,0.0
2020-06-15 00:00:00-04:00,215.80999755859375,221.0,213.86000061035156,219.77999877929688,182.60313415527344,2471800,0.0,0.0
2020-06-16 00:00:00-04:00,222.8300018310547,228.8800048828125,222.6199951171875,226.8699951171875,188.4938201904297,2581600,0.0,0.0
2020-06-17 00:00:00-04:00,228.5399932861328,228.80999755859375,224.52999877929688,225.97000122070312,187.74606323242188,2751100,0.0,0.0
2020-06-18 00:00:00-04:00,226.86000061035156,231.47999572753906,225.67999267578125,230.32000732421875,191.3602294921875,2469800,0.0,0.0
2020-06-19 00:00:00-04:00,233.3800048828125,239.07000732421875,231.30999755859375,238.6999969482422,198.3227081298828,5319500,0.0,0.0
2020-06-22 00:00:00-04:00,236.30999755859375,237.64999389648438,233.05999755859375,234.19000244140625,194.57559204101562,2337000,0.0,0.0
2020-06-23 00:00:00-04:00,234.8699951171875,239.1699981689453,233.44000244140625,235.75,195.87171936035156,2171500,0.0,0.0
2020-06-24 00:00:00-04:00,235.2100067138672,237.0,231.39999389648438,232.50999450683594,193.1798095703125,1972900,0.0,0.0
2020-06-25 00:00:00-04:00,231.5,235.44000244140625,230.38999938964844,235.11000061035156,195.33998107910156,2080300,0.0,0.0
2020-06-26 00:00:00-04:00,235.3699951171875,236.86000061035156,231.82000732421875,232.83999633789062,193.4539794921875,3613300,0.0,0.0
2020-06-29 00:00:00-04:00,233.39999389648438,234.13999938964844,229.97999572753906,231.55999755859375,192.39048767089844,1938000,0.0,0.0
2020-06-30 00:00:00-04:00,233.30999755859375,237.32000732421875,231.8000030517578,235.86000061035156,195.9630889892578,2589000,0.0,0.0
2020-07-01 00:00:00-04:00,235.52000427246094,256.2300109863281,232.5800018310547,255.1199951171875,211.96519470214844,6575800,0.0,0.0
2020-07-02 00:00:00-04:00,252.8699951171875,261.4599914550781,252.8699951171875,258.239990234375,214.5574493408203,3338000,0.0,0.0
2020-07-06 00:00:00-04:00,260.0299987792969,264.9700012207031,253.89999389648438,256.25,212.9040069580078,3460400,0.0,0.0
2020-07-07 00:00:00-04:00,253.60000610351562,258.9100036621094,252.08999633789062,253.14999389648438,210.3284149169922,2365900,0.0,0.0
2020-07-08 00:00:00-04:00,253.14999389648438,253.97999572753906,249.25,251.58999633789062,209.03228759765625,1993700,0.0,0.0
2020-07-09 00:00:00-04:00,250.25,253.8300018310547,248.83999633789062,251.66000366210938,209.09043884277344,1739600,0.0,0.0
2020-07-10 00:00:00-04:00,250.64999389648438,251.57000732421875,247.07000732421875,249.0399932861328,206.9136962890625,1326100,0.0,0.0
2020-07-13 00:00:00-04:00,249.8300018310547,255.42999267578125,249.27999877929688,250.0399932861328,207.74452209472656,2528100,0.0,0.0
2020-07-14 00:00:00-04:00,242.75999450683594,253.7899932861328,240.47999572753906,253.08999633789062,210.27859497070312,2368300,0.0,0.0
2020-07-15 00:00:00-04:00,254.57000732421875,254.57000732421875,250.77000427246094,253.30999755859375,210.46136474609375,1650100,0.0,0.0
2020-07-16 00:00:00-04:00,252.05999755859375,255.2899932861328,249.9199981689453,255.1999969482422,212.03160095214844,1530900,0.0,0.0
2020-07-17 00:00:00-04:00,256.70001220703125,259.95001220703125,254.75999450683594,258.4599914550781,214.740234375,2044800,0.0,0.0
2020-07-20 00:00:00-04:00,260.0799865722656,262.82000732421875,258.32000732421875,260.95001220703125,216.8090362548828,1497400,0.0,0.0
2020-07-21 00:00:00-04:00,258.6199951171875,260.0299987792969,257.2799987792969,257.9100036621094,214.28323364257812,1821600,0.0,0.0
2020-07-22 00:00:00-04:00,259.7900085449219,260.0,255.8000030517578,256.9800109863281,213.51055908203125,1598100,0.0,0.0
2020-07-23 00:00:00-04:00,259.5400085449219,260.0,251.60000610351562,252.24000549316406,209.57240295410156,2532000,0.0,0.0
2020-07-24 00:00:00-04:00,251.25999450683594,251.8300018310547,245.5,247.97999572753906,206.032958984375,2187900,0.0,0.0
2020-07-27 00:00:00-04:00,247.3000030517578,255.10000610351562,247.02999877929688,253.64999389648438,210.74386596679688,2155700,0.0,0.0
2020-07-28 00:00:00-04:00,254.4600067138672,258.3999938964844,253.77000427246094,255.27000427246094,212.0897979736328,2266600,0.0,0.0
2020-07-29 00:00:00-04:00,250.39999389648438,252.85000610351562,245.74000549316406,248.85000610351562,206.7557830810547,3286700,0.0,0.0
2020-07-30 00:00:00-04:00,246.39999389648438,247.82000732421875,245.1999969482422,246.13999938964844,204.50416564941406,1967400,0.0,0.0
2020-07-31 00:00:00-04:00,245.6300048828125,246.10000610351562,239.38999938964844,244.6699981689453,203.28286743164062,2830100,0.0,0.0
2020-08-03 00:00:00-04:00,244.85000610351562,249.02000427246094,244.52999877929688,247.36000061035156,205.51783752441406,1853900,0.0,0.0
2020-08-04 00:00:00-04:00,245.97000122070312,246.1699981689453,241.33999633789062,243.58999633789062,202.3855438232422,1912100,0.0,0.0
2020-08-05 00:00:00-04:00,243.91000366210938,245.41000366210938,240.8000030517578,241.47000122070312,200.62413024902344,1736400,0.0,0.0
2020-08-06 00:00:00-04:00,240.85000610351562,242.1999969482422,239.11000061035156,241.5500030517578,200.6906280517578,1747000,0.0,0.0
2020-08-07 00:00:00-04:00,243.5800018310547,243.6199951171875,238.57000732421875,240.69000244140625,199.97607421875,1352300,0.0,0.0
2020-08-10 00:00:00-04:00,240.25999450683594,240.6699981689453,236.2100067138672,238.1699981689453,197.8823699951172,1533200,0.0,0.0
2020-08-11 00:00:00-04:00,238.17999267578125,238.89999389648438,234.36000061035156,234.64999389648438,194.95782470703125,2296200,0.0,0.0
2020-08-12 00:00:00-04:00,234.69000244140625,243.0,234.69000244140625,241.72000122070312,200.83187866210938,2325500,0.0,0.0
2020-08-13 00:00:00-04:00,241.30999755859375,242.77000427246094,239.61000061035156,240.4600067138672,199.7849884033203,1362800,0.0,0.0
2020-08-14 00:00:00-04:00,239.2100067138672,240.05999755859375,238.6199951171875,239.7100067138672,200.49594116210938,1225000,1.6,0.0
2020-08-17 00:00:00-04:00,240.2100067138672,244.74000549316406,240.2100067138672,243.00999450683594,203.256103515625,1697500,0.0,0.0
2020-08-18 00:00:00-04:00,243.52000427246094,244.30999755859375,240.02000427246094,241.5,201.9931182861328,1123800,0.0,0.0
2020-08-19 00:00:00-04:00,241.02000427246094,243.72999572753906,238.5,240.49000549316406,201.14834594726562,1900500,0.0,0.0
2020-08-20 00:00:00-04:00,240.1300048828125,240.69000244140625,237.3000030517578,238.72999572753906,199.67625427246094,1172800,0.0,0.0
2020-08-21 00:00:00-04:00,238.8800048828125,238.8800048828125,235.50999450683594,237.63999938964844,198.7645721435547,1959900,0.0,0.0
2020-08-24 00:00:00-04:00,237.72999572753906,238.44000244140625,233.55999755859375,235.57000732421875,197.03323364257812,1565300,0.0,0.0
2020-08-25 00:00:00-04:00,242.89999389648438,249.9600067138672,240.8000030517578,248.22000122070312,207.61380004882812,6392100,0.0,0.0
2020-08-26 00:00:00-04:00,248.3300018310547,251.3800048828125,245.75999450683594,250.17999267578125,209.25315856933594,3125000,0.0,0.0
2020-08-27 00:00:00-04:00,252.24000549316406,256.9100036621094,250.41000366210938,252.80999755859375,211.45291137695312,3928300,0.0,0.0
2020-08-28 00:00:00-04:00,253.39999389648438,254.13999938964844,247.7899932861328,253.1199951171875,211.71221923828125,12838400,0.0,0.0
2020-08-31 00:00:00-04:00,252.92999267578125,256.04998779296875,250.10000610351562,253.32000732421875,211.87948608398438,4053900,0.0,0.0
2020-09-01 00:00:00-04:00,250.0500030517578,252.0399932861328,248.67999267578125,250.86000061035156,209.82191467285156,2869000,0.0,0.0
2020-09-02 00:00:00-04:00,251.22000122070312,258.79998779296875,251.22000122070312,258.1199951171875,215.894287109375,2871600,0.0,0.0
2020-09-03 00:00:00-04:00,259.2900085449219,260.05999755859375,246.35000610351562,247.91000366210938,207.35447692871094,3137700,0.0,0.0
2020-09-04 00:00:00-04:00,251.3300018310547,252.27000427246094,244.5800018310547,248.39999389648438,207.7643585205078,2910200,0.0,0.0
2020-09-08 00:00:00-04:00,246.22999572753906,246.99000549316406,239.52999877929688,241.17999267578125,201.72544860839844,3358600,0.0,0.0
2020-09-09 00:00:00-04:00,242.63999938964844,247.49000549316406,241.82000732421875,245.57000732421875,205.3973388671875,2244300,0.0,0.0
2020-09-10 00:00:00-04:00,244.55999755859375,246.13999938964844,238.89999389648438,240.63999938964844,201.27377319335938,2126400,0.0,0.0
2020-09-11 00:00:00-04:00,241.6999969482422,245.49000549316406,241.07000732421875,243.2100067138672,203.42343139648438,1899400,0.0,0.0
2020-09-14 00:00:00-04:00,244.83999633789062,247.83999633789062,244.25,246.75,206.38426208496094,2086500,0.0,0.0
2020-09-15 00:00:00-04:00,248.6999969482422,251.9199981689453,248.10000610351562,248.35000610351562,207.7225341796875,2243900,0.0,0.0
2020-09-16 00:00:00-04:00,251.35000610351562,251.35000610351562,247.0,247.75999450683594,207.22906494140625,2325300,0.0,0.0
2020-09-17 00:00:00-04:00,243.52999877929688,249.72000122070312,243.02000427246094,248.0800018310547,207.49667358398438,2801100,0.0,0.0
2020-09-18 00:00:00-04:00,248.69000244140625,249.83999633789062,242.35000610351562,247.72000122070312,207.19557189941406,6042400,0.0,0.0
2020-09-21 00:00:00-04:00,247.0399932861328,247.0399932861328,238.1999969482422,243.19000244140625,203.40664672851562,2745300,0.0,0.0
2020-09-22 00:00:00-04:00,241.5500030517578,248.2899932861328,240.89999389648438,247.5,207.01161193847656,2172600,0.0,0.0
2020-09-23 00:00:00-04:00,247.3000030517578,249.22999572753906,241.47999572753906,242.58999633789062,202.90481567382812,2104300,0.0,0.0
2020-09-24 00:00:00-04:00,242.14999389648438,242.67999267578125,237.77999877929688,240.32000732421875,201.00616455078125,1827200,0.0,0.0
2020-09-25 00:00:00-04:00,239.50999450683594,244.17999267578125,237.80999755859375,243.82000732421875,203.93360900878906,2635700,0.0,0.0
2020-09-28 00:00:00-04:00,247.67999267578125,249.0399932861328,244.77000427246094,247.02999877929688,206.61843872070312,2213900,0.0,0.0
2020-09-29 00:00:00-04:00,247.5500030517578,249.0500030517578,245.47999572753906,248.3000030517578,207.6807098388672,2008000,0.0,0.0
2020-09-30 00:00:00-04:00,249.80999755859375,256.1199951171875,248.10000610351562,254.16000366210938,212.5820770263672,3526600,0.0,0.0
2020-10-01 00:00:00-04:00,255.07000732421875,258.510009765625,254.0500030517578,255.38999938964844,213.61090087890625,2428300,0.0,0.0
2020-10-02 00:00:00-04:00,252.39999389648438,254.66000366210938,244.00999450683594,245.41000366210938,205.2635040283203,2514100,0.0,0.0
2020-10-05 00:00:00-04:00,246.52000427246094,256.6499938964844,246.24000549316406,256.010009765625,214.12945556640625,2852300,0.0,0.0
2020-10-06 00:00:00-04:00,257.3999938964844,257.3999938964844,252.13999938964844,252.69000244140625,211.35255432128906,2431400,0.0,0.0
2020-10-07 00:00:00-04:00,253.9600067138672,258.3999938964844,253.10000610351562,257.6700134277344,215.5178985595703,1842800,0.0,0.0
2020-10-08 00:00:00-04:00,249.27000427246094,250.05999755859375,239.0,240.08999633789062,200.8137664794922,5592300,0.0,0.0
2020-10-09 00:00:00-04:00,238.5,239.5800018310547,234.02000427246094,236.6999969482422,197.9783172607422,4183000,0.0,0.0
2020-10-12 00:00:00-04:00,237.72999572753906,241.9199981689453,235.75999450683594,239.50999450683594,200.32864379882812,2881600,0.0,0.0
2020-10-13 00:00:00-04:00,239.1999969482422,241.8699951171875,238.8699951171875,239.33999633789062,200.1865234375,2065600,0.0,0.0
2020-10-14 00:00:00-04:00,240.39999389648438,242.27000427246094,237.1999969482422,237.64999389648438,198.77294921875,2693600,0.0,0.0
2020-10-15 00:00:00-04:00,236.0,236.99000549316406,232.8699951171875,235.00999450683594,196.56480407714844,2531000,0.0,0.0
2020-10-16 00:00:00-04:00,235.35000610351562,239.16000366210938,233.8000030517578,235.72000122070312,197.15870666503906,2059300,0.0,0.0
2020-10-19 00:00:00-04:00,236.2100067138672,237.44000244140625,230.00999450683594,230.7100067138672,192.96826171875,2749800,0.0,0.0
2020-10-20 00:00:00-04:00,231.05999755859375,232.89999389648438,229.36000061035156,231.10000610351562,193.29444885253906,1950100,0.0,0.0
2020-10-21 00:00:00-04:00,229.4600067138672,231.11000061035156,227.5399932861328,228.97000122070312,191.51290893554688,1978700,0.0,0.0
2020-10-22 00:00:00-04:00,228.10000610351562,229.92999267578125,226.16000366210938,227.97999572753906,190.6848602294922,2172900,0.0,0.0
2020-10-23 00:00:00-04:00,228.72000122070312,230.07000732421875,226.3000030517578,227.16000366210938,189.99900817871094,2104200,0.0,0.0
2020-10-26 00:00:00-04:00,226.02000427246094,228.22999572753906,221.7899932861328,224.88999938964844,188.10035705566406,3087100,0.0,0.0
2020-10-27 00:00:00-04:00,225.05999755859375,225.9499969482422,223.13999938964844,223.4600067138672,186.904296875,1934400,0.0,0.0
2020-10-28 00:00:00-04:00,219.02000427246094,221.05999755859375,215.92999267578125,216.3800048828125,180.98248291015625,2874000,0.0,0.0
2020-10-29 00:00:00-04:00,213.6300048828125,220.3300018310547,210.27999877929688,217.82000732421875,182.18692016601562,2994100,0.0,0.0
2020-10-30 00:00:00-04:00,216.22000122070312,217.27000427246094,213.9600067138672,216.94000244140625,181.45089721679688,3262500,0.0,0.0
2020-11-02 00:00:00-05:00,221.55999755859375,222.3699951171875,217.1999969482422,220.2100067138672,184.1859588623047,2029000,0.0,0.0
2020-11-03 00:00:00-05:00,221.75999450683594,223.0800018310547,218.4600067138672,220.05999755859375,184.06048583984375,2533600,0.0,0.0
2020-11-04 00:00:00-05:00,226.2899932861328,235.97999572753906,225.10000610351562,230.3300018310547,192.6504364013672,3810000,0.0,0.0
2020-11-05 00:00:00-05:00,233.77000427246094,233.8300018310547,230.0,231.97000122070312,194.02212524414062,2070300,0.0,0.0
2020-11-06 00:00:00-05:00,232.66000366210938,233.2100067138672,230.0399932861328,231.6699981689453,193.7711944580078,2028500,0.0,0.0
2020-11-09 00:00:00-05:00,242.94000244140625,244.8000030517578,234.0,235.0,196.55645751953125,2996200,0.0,0.0
2020-11-10 00:00:00-05:00,244.0,245.83999633789062,239.47000122070312,241.60000610351562,202.07676696777344,3742800,0.0,0.0
2020-11-11 00:00:00-05:00,242.52000427246094,245.6699981689453,238.5,240.69000244140625,201.31561279296875,2244800,0.0,0.0
2020-11-12 00:00:00-05:00,240.5500030517578,240.88999938964844,235.63999938964844,237.13999938964844,198.34637451171875,2438200,0.0,0.0
2020-11-13 00:00:00-05:00,236.88999938964844,238.58999633789062,235.0,237.36000061035156,199.8789825439453,1767100,1.6,0.0
2020-11-16 00:00:00-05:00,237.4199981689453,239.82000732421875,235.25999450683594,236.66000366210938,199.2895050048828,2069200,0.0,0.0
2020-11-17 00:00:00-05:00,235.00999450683594,236.92999267578125,232.1199951171875,232.44000244140625,195.73585510253906,1935100,0.0,0.0
2020-11-18 00:00:00-05:00,234.0500030517578,234.3699951171875,227.63999938964844,227.75999450683594,191.7948760986328,2466200,0.0,0.0
2020-11-19 00:00:00-05:00,226.97000122070312,226.97000122070312,223.58999633789062,224.6699981689453,189.1927947998047,2595700,0.0,0.0
2020-11-20 00:00:00-05:00,223.22000122070312,225.08999633789062,221.47999572753906,223.1699981689453,187.92965698242188,2956200,0.0,0.0
2020-11-23 00:00:00-05:00,222.05999755859375,223.1699981689453,220.33999633789062,222.22000122070312,187.12973022460938,2032600,0.0,0.0
2020-11-24 00:00:00-05:00,222.4499969482422,223.0500030517578,219.82000732421875,220.4600067138672,185.6476287841797,3198300,0.0,0.0
2020-11-25 00:00:00-05:00,221.10000610351562,223.77000427246094,218.9199981689453,220.30999755859375,185.52130126953125,2550300,0.0,0.0
2020-11-27 00:00:00-05:00,221.41000366210938,226.2100067138672,221.38999938964844,224.80999755859375,189.3107147216797,1698300,0.0,0.0
2020-11-30 00:00:00-05:00,224.3300018310547,225.27999877929688,219.4499969482422,222.0399932861328,186.97813415527344,4857700,0.0,0.0
2020-12-01 00:00:00-05:00,224.8800048828125,225.77999877929688,222.72000122070312,225.0800018310547,189.53810119628906,3050600,0.0,0.0
2020-12-02 00:00:00-05:00,225.0800018310547,230.0800018310547,224.61000061035156,226.55999755859375,190.78439331054688,2641200,0.0,0.0
2020-12-03 00:00:00-05:00,226.0,228.4499969482422,225.52000427246094,226.91000366210938,191.0791015625,2167800,0.0,0.0
2020-12-04 00:00:00-05:00,225.75,230.3300018310547,225.75,229.2100067138672,193.0159454345703,2008800,0.0,0.0
2020-12-07 00:00:00-05:00,229.0,229.2100067138672,225.11000061035156,226.4499969482422,190.6917724609375,2250300,0.0,0.0
2020-12-08 00:00:00-05:00,229.00999450683594,229.10000610351562,226.35000610351562,228.94000244140625,192.78860473632812,2124500,0.0,0.0
2020-12-09 00:00:00-05:00,229.77999877929688,231.58999633789062,227.8800048828125,229.85000610351562,193.5548858642578,2210000,0.0,0.0
2020-12-10 00:00:00-05:00,229.6199951171875,230.0,227.52000427246094,228.16000366210938,192.13172912597656,1558100,0.0,0.0
2020-12-11 00:00:00-05:00,226.47000122070312,227.8000030517578,225.5,227.39999389648438,191.49171447753906,2019300,0.0,0.0
2020-12-14 00:00:00-05:00,229.47999572753906,232.19000244140625,227.5800018310547,229.4600067138672,193.2264404296875,2904700,0.0,0.0
2020-12-15 00:00:00-05:00,229.00999450683594,231.27999877929688,227.0,230.52999877929688,194.12747192382812,2566600,0.0,0.0
2020-12-16 00:00:00-05:00,229.99000549316406,231.27999877929688,228.11000061035156,228.44000244140625,192.36752319335938,2589100,0.0,0.0
2020-12-17 00:00:00-05:00,229.1199951171875,231.3800048828125,228.8300018310547,231.24000549316406,194.725341796875,2510400,0.0,0.0
2020-12-18 00:00:00-05:00,232.0399932861328,232.0399932861328,227.25,228.49000549316406,192.4096221923828,5888900,0.0,0.0
2020-12-21 00:00:00-05:00,225.67999267578125,227.94000244140625,221.5800018310547,227.30999755859375,191.41595458984375,2311400,0.0,0.0
2020-12-22 00:00:00-05:00,225.72000122070312,226.47999572753906,220.0800018310547,220.99000549316406,186.0939178466797,3571600,0.0,0.0
2020-12-23 00:00:00-05:00,221.47999572753906,223.5800018310547,220.66000366210938,222.94000244140625,187.7360382080078,1763500,0.0,0.0
2020-12-24 00:00:00-05:00,223.24000549316406,224.5800018310547,222.2899932861328,222.92999267578125,187.72756958007812,955400,0.0,0.0
2020-12-28 00:00:00-05:00,223.02999877929688,226.89999389648438,223.02999877929688,223.64999389648438,188.3339080810547,1495100,0.0,0.0
2020-12-29 00:00:00-05:00,225.8800048828125,229.47000122070312,225.27000427246094,226.8699951171875,191.04541015625,1564400,0.0,0.0
2020-12-30 00:00:00-05:00,227.97999572753906,229.02999877929688,226.5800018310547,227.1699981689453,191.29806518554688,1891400,0.0,0.0
2020-12-31 00:00:00-05:00,227.30999755859375,230.25,225.88999938964844,229.9199981689453,193.6138458251953,1821000,0.0,0.0
2021-01-04 00:00:00-05:00,231.25,231.25,223.6699981689453,226.66000366210938,190.8685760498047,3088200,0.0,0.0
2021-01-05 00:00:00-05:00,226.94000244140625,228.89999389648438,224.35000610351562,227.75999450683594,191.7948760986328,2494000,0.0,0.0
2021-01-06 00:00:00-05:00,225.0,233.52999877929688,225.0,233.25,196.41793823242188,3754800,0.0,0.0
2021-01-07 00:00:00-05:00,231.86000061035156,235.3699951171875,231.47000122070312,234.02000427246094,197.06637573242188,2647800,0.0,0.0
2021-01-08 00:00:00-05:00,235.52999877929688,238.86000061035156,235.10000610351562,238.49000549316406,200.83056640625,2511100,0.0,0.0
2021-01-11 00:00:00-05:00,240.0,240.35000610351562,234.42999267578125,237.57000732421875,200.05584716796875,2600500,0.0,0.0
2021-01-12 00:00:00-05:00,237.1199951171875,238.77999877929688,235.35000610351562,236.58999633789062,199.2305908203125,1771500,0.0,0.0
2021-01-13 00:00:00-05:00,235.99000549316406,238.5,235.22000122070312,237.74000549316406,200.198974609375,1412300,0.0,0.0
2021-01-14 00:00:00-05:00,236.5,243.49000549316406,235.67999267578125,241.66000366210938,203.49998474121094,2594000,0.0,0.0
2021-01-15 00:00:00-05:00,241.17999267578125,246.83999633789062,240.02000427246094,245.49000549316406,206.7251739501953,2855200,0.0,0.0
2021-01-19 00:00:00-05:00,246.5,249.0,246.3800048828125,248.27000427246094,209.06622314453125,2172900,0.0,0.0
2021-01-20 00:00:00-05:00,247.4199981689453,253.35000610351562,246.1199951171875,252.36000061035156,212.5103759765625,2768200,0.0,0.0
2021-01-21 00:00:00-05:00,252.0,252.72999572753906,249.52000427246094,252.02999877929688,212.23248291015625,2215900,0.0,0.0
2021-01-22 00:00:00-05:00,252.25999450683594,255.22999572753906,250.55999755859375,253.5,213.4703369140625,1866600,0.0,0.0
2021-01-25 00:00:00-05:00,252.0500030517578,257.1099853515625,251.85000610351562,257.1000061035156,216.50189208984375,1830700,0.0,0.0
2021-01-26 00:00:00-05:00,256.5899963378906,259.07000732421875,254.86000061035156,258.6000061035156,217.76502990722656,2008900,0.0,0.0
2021-01-27 00:00:00-05:00,255.47000122070312,259.44000244140625,250.32000732421875,251.05999755859375,211.41563415527344,3237900,0.0,0.0
2021-01-28 00:00:00-05:00,252.47999572753906,276.69000244140625,243.4499969482422,247.75,208.62831115722656,5205600,0.0,0.0
2021-01-29 00:00:00-05:00,244.92999267578125,246.47000122070312,240.25,241.42999267578125,203.3062744140625,3792800,0.0,0.0
2021-02-01 00:00:00-05:00,244.3000030517578,245.47999572753906,239.5800018310547,240.42999267578125,202.46421813964844,2173500,0.0,0.0
2021-02-02 00:00:00-05:00,240.0,241.9499969482422,236.8000030517578,240.49000549316406,202.5147247314453,2444200,0.0,0.0
2021-02-03 00:00:00-05:00,231.55999755859375,239.8699951171875,231.38999938964844,237.0800018310547,199.6432342529297,4479200,0.0,0.0
2021-02-04 00:00:00-05:00,236.27999877929688,237.86000061035156,233.75,237.22000122070312,199.76104736328125,2819700,0.0,0.0
2021-02-05 00:00:00-05:00,238.30999755859375,238.8800048828125,235.3800048828125,236.32000732421875,199.00326538085938,2421800,0.0,0.0
2021-02-08 00:00:00-05:00,237.99000549316406,239.6300048828125,235.85000610351562,237.57000732421875,200.05584716796875,2258200,0.0,0.0
2021-02-09 00:00:00-05:00,237.27999877929688,237.6699981689453,234.7899932861328,236.64999389648438,199.2810821533203,1996500,0.0,0.0
2021-02-10 00:00:00-05:00,238.39999389648438,240.3000030517578,236.6999969482422,238.4600067138672,200.80532836914062,2964400,0.0,0.0
2021-02-11 00:00:00-05:00,238.63999938964844,239.1300048828125,233.99000549316406,235.0399932861328,199.3970184326172,1633900,1.76,0.0
2021-02-12 00:00:00-05:00,235.0399932861328,237.35000610351562,233.49000549316406,237.2100067138672,201.23794555664062,1460300,0.0,0.0
2021-02-16 00:00:00-05:00,236.00999450683594,237.69000244140625,232.52999877929688,232.83999633789062,197.53062438964844,2018100,0.0,0.0
2021-02-17 00:00:00-05:00,232.3300018310547,235.83999633789062,231.24000549316406,235.61000061035156,199.88058471679688,1575400,0.0,0.0
2021-02-18 00:00:00-05:00,235.42999267578125,235.42999267578125,232.3000030517578,232.52999877929688,197.26766967773438,1945300,0.0,0.0
2021-02-19 00:00:00-05:00,232.00999450683594,233.14999389648438,230.85000610351562,231.69000244140625,196.5550079345703,2471500,0.0,0.0
2021-02-22 00:00:00-05:00,230.3300018310547,233.8000030517578,230.1199951171875,231.47000122070312,196.368408203125,2334800,0.0,0.0
2021-02-23 00:00:00-05:00,232.64999389648438,238.0,230.97000122070312,232.4600067138672,197.20823669433594,2919200,0.0,0.0
2021-02-24 00:00:00-05:00,229.8699951171875,230.7899932861328,227.7100067138672,229.99000549316406,195.11280822753906,2690500,0.0,0.0
2021-02-25 00:00:00-05:00,229.99000549316406,230.5,226.89999389648438,227.52000427246094,193.01734924316406,2769200,0.0,0.0
2021-02-26 00:00:00-05:00,230.30999755859375,230.30999755859375,223.6199951171875,224.9199981689453,190.81170654296875,3453500,0.0,0.0
2021-03-01 00:00:00-05:00,225.8800048828125,227.92999267578125,225.22999572753906,227.0399932861328,192.61019897460938,2178100,0.0,0.0
2021-03-02 00:00:00-05:00,227.0,227.88999938964844,225.27999877929688,225.69000244140625,191.4648895263672,2407500,0.0,0.0
2021-03-03 00:00:00-05:00,223.52000427246094,225.69000244140625,221.30999755859375,223.94000244140625,189.98025512695312,2610600,0.0,0.0
2021-03-04 00:00:00-05:00,227.82000732421875,227.8699951171875,220.25,221.91000366210938,188.2581329345703,3577000,0.0,0.0
2021-03-05 00:00:00-05:00,222.4499969482422,228.14999389648438,221.4499969482422,227.72999572753906,193.19552612304688,3021300,0.0,0.0
2021-03-08 00:00:00-05:00,228.0800018310547,232.1999969482422,226.6999969482422,227.80999755859375,193.26341247558594,3101000,0.0,0.0
2021-03-09 00:00:00-05:00,230.0,233.1199951171875,228.77999877929688,228.99000549316406,194.2644805908203,3057300,0.0,0.0
2021-03-10 00:00:00-05:00,231.4600067138672,233.49000549316406,229.02000427246094,229.9600067138672,195.08740234375,2309800,0.0,0.0
2021-03-11 00:00:00-05:00,230.66000366210938,233.9600067138672,228.77999877929688,231.1699981689453,196.11387634277344,2244000,0.0,0.0
2021-03-12 00:00:00-05:00,230.24000549316406,230.75999450683594,228.69000244140625,230.36000061035156,195.4267120361328,1752600,0.0,0.0
2021-03-15 00:00:00-04:00,230.0,236.16000366210938,229.8000030517578,235.9600067138672,200.1775360107422,2911000,0.0,0.0
2021-03-16 00:00:00-04:00,238.1199951171875,242.02000427246094,236.6199951171875,240.32000732421875,203.8762969970703,3386300,0.0,0.0
2021-03-17 00:00:00-04:00,240.30999755859375,245.89999389648438,239.22000122070312,244.27000427246094,207.22731018066406,3255500,0.0,0.0
2021-03-18 00:00:00-04:00,240.5,247.13999938964844,240.5,244.4199981689453,207.3545379638672,3063100,0.0,0.0
2021-03-19 00:00:00-04:00,245.74000549316406,247.39999389648438,241.6300048828125,245.94000244140625,208.64404296875,12589900,0.0,0.0
2021-03-22 00:00:00-04:00,242.36000061035156,249.77000427246094,242.36000061035156,249.69000244140625,211.82537841796875,2059800,0.0,0.0
2021-03-23 00:00:00-04:00,249.99000549316406,250.0,244.89999389648438,245.0399932861328,207.88055419921875,2604700,0.0,0.0
2021-03-24 00:00:00-04:00,245.0,247.38999938964844,243.82000732421875,245.47000122070312,208.2453155517578,2237500,0.0,0.0
2021-03-25 00:00:00-04:00,247.0399932861328,247.5399932861328,244.97999572753906,246.25,208.9070281982422,2707600,0.0,0.0
2021-03-26 00:00:00-04:00,245.97000122070312,253.27999877929688,245.5399932861328,252.86000061035156,214.51467895507812,2638900,0.0,0.0
2021-03-29 00:00:00-04:00,251.52999877929688,256.6000061035156,251.4499969482422,254.9600067138672,216.29617309570312,2488100,0.0,0.0
2021-03-30 00:00:00-04:00,253.17999267578125,254.00999450683594,248.8300018310547,249.75,211.8762969970703,1979000,0.0,0.0
2021-03-31 00:00:00-04:00,249.22999572753906,249.9499969482422,247.36000061035156,248.80999755859375,211.078857421875,3571900,0.0,0.0
2021-04-01 00:00:00-04:00,249.72999572753906,250.0,246.41000366210938,249.1699981689453,211.38424682617188,2176900,0.0,0.0
2021-04-05 00:00:00-04:00,249.05999755859375,252.6300048828125,249.05999755859375,252.02000427246094,213.8020782470703,2230500,0.0,0.0
2021-04-06 00:00:00-04:00,251.74000549316406,252.5399932861328,248.24000549316406,249.10000610351562,211.32485961914062,2040100,0.0,0.0
2021-04-07 00:00:00-04:00,248.1699981689453,250.22000122070312,247.10000610351562,248.1199951171875,210.4934539794922,1583500,0.0,0.0
2021-04-08 00:00:00-04:00,249.10000610351562,249.47999572753906,245.97999572753906,246.8800048828125,209.4415283203125,1633600,0.0,0.0
2021-04-09 00:00:00-04:00,247.7100067138672,249.10000610351562,245.80999755859375,248.9499969482422,211.1975860595703,1368600,0.0,0.0
2021-04-12 00:00:00-04:00,248.52000427246094,250.0,247.7899932861328,248.94000244140625,211.18911743164062,1722000,0.0,0.0
2021-04-13 00:00:00-04:00,249.14999389648438,250.35000610351562,247.08999633789062,249.9499969482422,212.0459442138672,1766000,0.0,0.0
2021-04-14 00:00:00-04:00,249.97999572753906,251.5,249.0,249.6199951171875,211.76602172851562,1753800,0.0,0.0
2021-04-15 00:00:00-04:00,251.10000610351562,257.0,250.5,255.1300048828125,216.4404296875,2366300,0.0,0.0
2021-04-16 00:00:00-04:00,256.44000244140625,258.82000732421875,254.6699981689453,255.7100067138672,216.93251037597656,2768700,0.0,0.0
2021-04-19 00:00:00-04:00,252.85000610351562,256.1099853515625,252.63999938964844,255.97000122070312,217.153076171875,2345100,0.0,0.0
2021-04-20 00:00:00-04:00,254.83999633789062,260.3599853515625,254.83999633789062,259.1400146484375,219.8423614501953,1579300,0.0,0.0
2021-04-21 00:00:00-04:00,260.4100036621094,261.0,257.75,258.7799987792969,219.536865234375,2173600,0.0,0.0
2021-04-22 00:00:00-04:00,257.5400085449219,258.4800109863281,253.66000366210938,255.0500030517578,216.37254333496094,3370700,0.0,0.0
2021-04-23 00:00:00-04:00,254.97999572753906,258.1400146484375,253.6699981689453,257.0299987792969,218.05230712890625,2426900,0.0,0.0
2021-04-26 00:00:00-04:00,256.6499938964844,256.75,254.4199981689453,255.52000427246094,216.77125549316406,1782700,0.0,0.0
2021-04-27 00:00:00-04:00,255.19000244140625,256.5299987792969,253.75999450683594,255.1300048828125,216.4404296875,2184900,0.0,0.0
2021-04-28 00:00:00-04:00,241.52000427246094,243.97000122070312,233.75999450683594,236.7100067138672,200.81373596191406,7550800,0.0,0.0
2021-04-29 00:00:00-04:00,235.07000732421875,236.0,231.02999877929688,234.7100067138672,199.11708068847656,4053400,0.0,0.0
2021-04-30 00:00:00-04:00,234.27000427246094,240.66000366210938,234.1999969482422,239.63999938964844,203.2994384765625,3420900,0.0,0.0
2021-05-03 00:00:00-04:00,240.6699981689453,247.02000427246094,240.5500030517578,245.3800048828125,208.16896057128906,3587700,0.0,0.0
2021-05-04 00:00:00-04:00,247.27000427246094,247.5800018310547,242.8699951171875,247.36000061035156,209.84872436523438,3555900,0.0,0.0
2021-05-05 00:00:00-04:00,246.2899932861328,249.97999572753906,245.91000366210938,249.35000610351562,211.53697204589844,2765100,0.0,0.0
2021-05-06 00:00:00-04:00,249.27999877929688,251.47999572753906,246.9600067138672,251.3000030517578,213.19125366210938,2790800,0.0,0.0
2021-05-07 00:00:00-04:00,251.77999877929688,255.72999572753906,251.77999877929688,254.2100067138672,215.6599578857422,2512700,0.0,0.0
2021-05-10 00:00:00-04:00,256.0,258.80999755859375,252.05999755859375,252.6199951171875,214.3110809326172,4079900,0.0,0.0
2021-05-11 00:00:00-04:00,253.16000366210938,255.9600067138672,251.6199951171875,252.3000030517578,214.03958129882812,2307100,0.0,0.0
2021-05-12 00:00:00-04:00,251.41000366210938,253.72000122070312,249.67999267578125,250.8300018310547,212.79254150390625,2431900,0.0,0.0
2021-05-13 00:00:00-04:00,250.1699981689453,254.08999633789062,249.7899932861328,252.07000732421875,213.84445190429688,3275300,0.0,0.0
2021-05-14 00:00:00-04:00,252.88999938964844,254.58999633789062,251.14999389648438,251.3800048828125,214.7585906982422,2286800,1.76,0.0
2021-05-17 00:00:00-04:00,252.2899932861328,254.66000366210938,250.63999938964844,252.3800048828125,215.6129150390625,1922200,0.0,0.0
2021-05-18 00:00:00-04:00,252.0800018310547,253.10000610351562,250.32000732421875,250.86000061035156,214.31436157226562,1729400,0.0,0.0
2021-05-19 00:00:00-04:00,248.38999938964844,249.08999633789062,246.75,248.6300048828125,212.40924072265625,2652500,0.0,0.0
2021-05-20 00:00:00-04:00,248.00999450683594,254.38999938964844,247.91000366210938,251.92999267578125,215.2284698486328,2227400,0.0,0.0
2021-05-21 00:00:00-04:00,253.7100067138672,254.05999755859375,250.74000549316406,251.00999450683594,214.44248962402344,2177900,0.0,0.0
2021-05-24 00:00:00-04:00,250.55999755859375,253.47999572753906,247.57000732421875,247.75,211.6574249267578,2552000,0.0,0.0
2021-05-25 00:00:00-04:00,246.66000366210938,247.75,241.77999877929688,242.0,206.7451171875,3210600,0.0,0.0
2021-05-26 00:00:00-04:00,241.83999633789062,242.47999572753906,238.3300018310547,238.5500030517578,203.79771423339844,3812100,0.0,0.0
2021-05-27 00:00:00-04:00,238.91000366210938,239.4600067138672,234.5800018310547,235.30999755859375,201.02972412109375,3701100,0.0,0.0
2021-05-28 00:00:00-04:00,236.2100067138672,240.8699951171875,236.1300048828125,237.94000244140625,203.27655029296875,3239300,0.0,0.0
2021-06-01 00:00:00-04:00,242.1999969482422,242.27999877929688,232.94000244140625,233.5800018310547,199.55169677734375,3799600,0.0,0.0
2021-06-02 00:00:00-04:00,234.89999389648438,236.69000244140625,233.88999938964844,235.16000366210938,200.9015655517578,2266800,0.0,0.0
2021-06-03 00:00:00-04:00,233.6699981689453,236.5800018310547,233.36000061035156,235.74000549316406,201.39703369140625,2010600,0.0,0.0
2021-06-04 00:00:00-04:00,236.74000549316406,239.27999877929688,235.75,236.85000610351562,202.34536743164062,1875700,0.0,0.0
2021-06-07 00:00:00-04:00,236.9199981689453,240.57000732421875,235.1999969482422,237.19000244140625,202.6357879638672,2153800,0.0,0.0
2021-06-08 00:00:00-04:00,238.92999267578125,239.1199951171875,235.25,236.82000732421875,202.3197021484375,1638000,0.0,0.0
2021-06-09 00:00:00-04:00,237.9199981689453,241.30999755859375,236.72999572753906,239.52000427246094,204.62637329101562,3047700,0.0,0.0
2021-06-10 00:00:00-04:00,239.57000732421875,245.3300018310547,239.22000122070312,244.63999938964844,209.00050354003906,2655900,0.0,0.0
2021-06-11 00:00:00-04:00,244.8800048828125,245.5,241.97999572753906,242.77000427246094,207.40292358398438,2002300,0.0,0.0
2021-06-14 00:00:00-04:00,242.55999755859375,242.72000122070312,239.2899932861328,241.19000244140625,206.05307006835938,2083200,0.0,0.0
2021-06-15 00:00:00-04:00,241.74000549316406,241.97999572753906,239.0500030517578,239.85000610351562,204.90829467773438,2508800,0.0,0.0
2021-06-16 00:00:00-04:00,240.8699951171875,244.50999450683594,238.0,239.5800018310547,204.67762756347656,3185600,0.0,0.0
2021-06-17 00:00:00-04:00,239.5399932861328,242.42999267578125,238.33999633789062,240.75999450683594,205.68569946289062,2142800,0.0,0.0
2021-06-18 00:00:00-04:00,239.5800018310547,241.0,236.47000122070312,238.67999267578125,203.9087371826172,5560400,0.0,0.0
2021-06-21 00:00:00-04:00,239.63999938964844,240.91000366210938,237.64999389648438,240.24000549316406,205.24148559570312,2149000,0.0,0.0
2021-06-22 00:00:00-04:00,239.7100067138672,240.75,238.2899932861328,239.91000366210938,204.9595489501953,1780400,0.0,0.0
2021-06-23 00:00:00-04:00,239.64999389648438,239.75,236.92999267578125,238.7100067138672,203.93435668945312,1654300,0.0,0.0
2021-06-24 00:00:00-04:00,240.41000366210938,243.02999877929688,239.2899932861328,240.9499969482422,205.84803771972656,1943000,0.0,0.0
2021-06-25 00:00:00-04:00,241.63999938964844,243.64999389648438,240.11000061035156,242.67999267578125,207.3260040283203,4309900,0.0,0.0
2021-06-28 00:00:00-04:00,244.02999877929688,245.50999450683594,242.66000366210938,242.83999633789062,207.4627227783203,1680700,0.0,0.0
2021-06-29 00:00:00-04:00,243.22000122070312,243.94000244140625,242.05999755859375,242.4600067138672,207.1380615234375,1337200,0.0,0.0
2021-06-30 00:00:00-04:00,242.72000122070312,244.27000427246094,242.05999755859375,243.75,208.2401580810547,2325100,0.0,0.0
2021-07-01 00:00:00-04:00,243.74000549316406,247.10000610351562,243.5500030517578,246.89999389648438,210.93121337890625,2091600,0.0,0.0
2021-07-02 00:00:00-04:00,247.3300018310547,249.89999389648438,246.25,248.6999969482422,212.46902465820312,1943600,0.0,0.0
2021-07-06 00:00:00-04:00,247.25999450683594,248.1199951171875,243.1699981689453,243.64999389648438,208.15469360351562,2792300,0.0,0.0
2021-07-07 00:00:00-04:00,244.07000732421875,244.27999877929688,241.33999633789062,243.22000122070312,207.78736877441406,2381700,0.0,0.0
2021-07-08 00:00:00-04:00,244.24000549316406,246.6999969482422,242.4499969482422,244.27999877929688,208.6929473876953,1994300,0.0,0.0
2021-07-09 00:00:00-04:00,243.08999633789062,245.92999267578125,241.7100067138672,245.1999969482422,209.4789276123047,1609900,0.0,0.0
2021-07-12 00:00:00-04:00,244.49000549316406,247.89999389648438,243.5399932861328,244.3699951171875,208.76983642578125,2149400,0.0,0.0
2021-07-13 00:00:00-04:00,245.38999938964844,246.75,242.97999572753906,244.8300018310547,209.16282653808594,1618200,0.0,0.0
2021-07-14 00:00:00-04:00,244.22000122070312,245.3300018310547,241.49000549316406,244.6999969482422,209.0517120361328,2185200,0.0,0.0
2021-07-15 00:00:00-04:00,244.3300018310547,247.57000732421875,242.13999938964844,246.6300048828125,210.70057678222656,2106700,0.0,0.0
2021-07-16 00:00:00-04:00,248.0800018310547,249.52999877929688,246.5399932861328,247.9600067138672,211.8368377685547,3141400,0.0,0.0
2021-07-19 00:00:00-04:00,247.8000030517578,249.9499969482422,244.85000610351562,246.72999572753906,210.78602600097656,2529900,0.0,0.0
2021-07-20 00:00:00-04:00,247.27000427246094,250.38999938964844,245.7100067138672,246.88999938964844,210.9226837158203,3035200,0.0,0.0
2021-07-21 00:00:00-04:00,246.91000366210938,246.9600067138672,242.69000244140625,244.85000610351562,209.17990112304688,1901900,0.0,0.0
2021-07-22 00:00:00-04:00,243.97999572753906,246.22000122070312,243.1300048828125,244.74000549316406,209.08590698242188,1379800,0.0,0.0
2021-07-23 00:00:00-04:00,246.27000427246094,248.55999755859375,244.8699951171875,247.72000122070312,211.63177490234375,1747300,0.0,0.0
2021-07-26 00:00:00-04:00,247.72000122070312,248.38999938964844,244.80999755859375,245.0800018310547,209.3764190673828,1518500,0.0,0.0
2021-07-27 00:00:00-04:00,244.1199951171875,245.61000061035156,243.3800048828125,244.67999267578125,209.03466796875,2166400,0.0,0.0
2021-07-28 00:00:00-04:00,244.5500030517578,247.6999969482422,243.52000427246094,244.25,208.66732788085938,1649100,0.0,0.0
2021-07-29 00:00:00-04:00,244.4600067138672,245.16000366210938,242.2100067138672,242.4600067138672,207.1380615234375,1498900,0.0,0.0
2021-07-30 00:00:00-04:00,242.6199951171875,243.10000610351562,240.6300048828125,241.5399932861328,206.35208129882812,2284100,0.0,0.0
2021-08-02 00:00:00-04:00,242.1199951171875,242.47999572753906,238.3699951171875,239.7899932861328,204.8569793701172,1849400,0.0,0.0
2021-08-03 00:00:00-04:00,240.75999450683594,244.38999938964844,239.41000366210938,244.0800018310547,208.5220947265625,2320400,0.0,0.0
2021-08-04 00:00:00-04:00,238.3699951171875,239.4199981689453,227.10000610351562,228.30999755859375,195.0494842529297,6952800,0.0,0.0
2021-08-05 00:00:00-04:00,228.75,234.0399932861328,228.05999755859375,233.99000549316406,199.9020233154297,3294100,0.0,0.0
2021-08-06 00:00:00-04:00,231.85000610351562,233.25,228.77000427246094,230.14999389648438,196.62142944335938,2363800,0.0,0.0
2021-08-09 00:00:00-04:00,230.52000427246094,231.39999389648438,227.22000122070312,227.88999938964844,194.69065856933594,2250300,0.0,0.0
2021-08-10 00:00:00-04:00,228.1999969482422,228.1999969482422,223.94000244140625,227.9600067138672,194.75045776367188,2860200,0.0,0.0
2021-08-11 00:00:00-04:00,229.13999938964844,230.0,227.49000549316406,228.1300048828125,194.89569091796875,2104900,0.0,0.0
2021-08-12 00:00:00-04:00,228.1999969482422,229.47999572753906,225.80999755859375,228.14999389648438,194.91275024414062,1798600,0.0,0.0
2021-08-13 00:00:00-04:00,229.11000061035156,231.88999938964844,228.75999450683594,229.67999267578125,196.2198944091797,1797300,0.0,0.0
2021-08-16 00:00:00-04:00,228.25999450683594,231.2899932861328,227.9199981689453,231.07000732421875,198.9317626953125,2434500,1.76,0.0
2021-08-17 00:00:00-04:00,229.66000366210938,231.27999877929688,229.52000427246094,231.1999969482422,199.04368591308594,2666500,0.0,0.0
2021-08-18 00:00:00-04:00,230.52000427246094,231.3300018310547,226.60000610351562,226.83999633789062,195.29010009765625,2988100,0.0,0.0
2021-08-19 00:00:00-04:00,225.69000244140625,227.6999969482422,223.3000030517578,224.38999938964844,193.1808624267578,2669000,0.0,0.0
2021-08-20 00:00:00-04:00,224.38999938964844,226.24000549316406,222.00999450683594,223.52999877929688,192.4404754638672,2811600,0.0,0.0
2021-08-23 00:00:00-04:00,224.17999267578125,227.44000244140625,223.77000427246094,225.63999938964844,194.25701904296875,1932600,0.0,0.0
2021-08-24 00:00:00-04:00,225.52000427246094,225.67999267578125,223.55999755859375,224.3800048828125,193.17222595214844,1790400,0.0,0.0
2021-08-25 00:00:00-04:00,224.30999755859375,224.8300018310547,221.17999267578125,221.58999633789062,190.77029418945312,2173200,0.0,0.0
2021-08-26 00:00:00-04:00,222.05999755859375,222.05999755859375,220.16000366210938,221.47000122070312,190.66696166992188,2844500,0.0,0.0
2021-08-27 00:00:00-04:00,222.22000122070312,225.36000061035156,220.22000122070312,222.77999877929688,191.7947540283203,2660900,0.0,0.0
2021-08-30 00:00:00-04:00,222.27999877929688,225.30999755859375,222.10000610351562,224.1300048828125,192.95701599121094,1881800,0.0,0.0
2021-08-31 00:00:00-04:00,224.94000244140625,225.64999389648438,223.33999633789062,225.52999877929688,194.1623077392578,2904700,0.0,0.0
2021-09-01 00:00:00-04:00,225.5500030517578,226.1199951171875,221.8800048828125,223.35000610351562,192.2855224609375,2699000,0.0,0.0
2021-09-02 00:00:00-04:00,223.63999938964844,226.02999877929688,223.42999267578125,225.9600067138672,194.532470703125,1817800,0.0,0.0
2021-09-03 00:00:00-04:00,225.75999450683594,227.19000244140625,224.1999969482422,226.3699951171875,194.8854522705078,1664100,0.0,0.0
2021-09-07 00:00:00-04:00,223.0,224.94000244140625,219.52000427246094,221.33999633789062,190.55506896972656,3281800,0.0,0.0
2021-09-08 00:00:00-04:00,221.3300018310547,222.2899932861328,220.10000610351562,220.8699951171875,190.15040588378906,2140400,0.0,0.0
2021-09-09 00:00:00-04:00,220.5,220.64999389648438,215.41000366210938,215.5800018310547,185.59613037109375,3273600,0.0,0.0
2021-09-10 00:00:00-04:00,216.5,216.99000549316406,213.5500030517578,213.75,184.02072143554688,2217800,0.0,0.0
2021-09-13 00:00:00-04:00,217.05999755859375,219.0500030517578,215.07000732421875,216.72000122070312,186.57763671875,2553400,0.0,0.0
2021-09-14 00:00:00-04:00,217.60000610351562,217.9199981689453,215.1199951171875,216.0399932861328,185.99220275878906,1999300,0.0,0.0
2021-09-15 00:00:00-04:00,216.77000427246094,219.9199981689453,215.86000061035156,218.1300048828125,187.7915496826172,2555600,0.0,0.0
2021-09-16 00:00:00-04:00,218.02000427246094,218.64999389648438,214.0,217.36000061035156,187.12860107421875,2695600,0.0,0.0
2021-09-17 00:00:00-04:00,217.22999572753906,219.8800048828125,215.8699951171875,219.3800048828125,188.86769104003906,5659900,0.0,0.0
2021-09-20 00:00:00-04:00,218.3800048828125,219.85000610351562,214.27999877929688,215.11000061035156,185.19155883789062,3293000,0.0,0.0
2021-09-21 00:00:00-04:00,215.7100067138672,218.10000610351562,214.36000061035156,215.36000061035156,185.40679931640625,2112100,0.0,0.0
2021-09-22 00:00:00-04:00,216.55999755859375,216.55999755859375,213.4600067138672,213.63999938964844,183.92601013183594,2542800,0.0,0.0
2021-09-23 00:00:00-04:00,212.50999450683594,215.55999755859375,212.3000030517578,215.0500030517578,185.13992309570312,2181500,0.0,0.0
2021-09-24 00:00:00-04:00,214.75,215.52999877929688,213.1999969482422,213.61000061035156,183.90017700195312,1908600,0.0,0.0
2021-09-27 00:00:00-04:00,213.25,214.9499969482422,212.6999969482422,213.11000061035156,183.4697265625,1943000,0.0,0.0
2021-09-28 00:00:00-04:00,212.3000030517578,214.75999450683594,211.64999389648438,212.27000427246094,182.74655151367188,2919000,0.0,0.0
2021-09-29 00:00:00-04:00,212.5,216.8000030517578,211.85000610351562,214.89999389648438,185.0107421875,1900800,0.0,0.0
2021-09-30 00:00:00-04:00,215.7899932861328,216.6699981689453,212.52000427246094,212.64999389648438,183.07369995117188,2491900,0.0,0.0
2021-10-01 00:00:00-04:00,213.58999633789062,214.61000061035156,210.8000030517578,213.9199981689453,184.1670379638672,2629400,0.0,0.0
2021-10-04 00:00:00-04:00,214.10000610351562,215.63999938964844,210.77000427246094,211.44000244140625,182.03199768066406,2856300,0.0,0.0
2021-10-05 00:00:00-04:00,211.2100067138672,213.99000549316406,211.0800018310547,211.86000061035156,182.39361572265625,2481900,0.0,0.0
2021-10-06 00:00:00-04:00,211.32000732421875,212.0800018310547,208.97000122070312,209.97999572753906,180.77505493164062,2928200,0.0,0.0
2021-10-07 00:00:00-04:00,208.52999877929688,212.4499969482422,208.52999877929688,209.1199951171875,180.03466796875,3331700,0.0,0.0
2021-10-08 00:00:00-04:00,210.1300048828125,210.17999267578125,207.64999389648438,208.9499969482422,179.88833618164062,2349800,0.0,0.0
2021-10-11 00:00:00-04:00,209.05999755859375,209.88999938964844,206.58999633789062,206.6999969482422,177.95127868652344,1982200,0.0,0.0
2021-10-12 00:00:00-04:00,207.42999267578125,207.55999755859375,200.47000122070312,201.88999938964844,173.81027221679688,3544000,0.0,0.0
2021-10-13 00:00:00-04:00,202.82000732421875,204.88999938964844,202.10000610351562,203.61000061035156,175.29103088378906,3303300,0.0,0.0
2021-10-14 00:00:00-04:00,204.49000549316406,207.5,204.49000549316406,206.77999877929688,178.0201416015625,3015100,0.0,0.0
2021-10-15 00:00:00-04:00,208.49000549316406,209.02000427246094,206.22999572753906,207.83999633789062,178.9326934814453,3684600,0.0,0.0
2021-10-18 00:00:00-04:00,206.36000061035156,207.0,202.4499969482422,203.1300048828125,174.87779235839844,2812500,0.0,0.0
2021-10-19 00:00:00-04:00,204.49000549316406,206.89999389648438,203.0800018310547,206.77999877929688,178.0201416015625,2480500,0.0,0.0
2021-10-20 00:00:00-04:00,207.39999389648438,211.58999633789062,206.25,209.66000366210938,180.4995574951172,2308600,0.0,0.0
2021-10-21 00:00:00-04:00,210.14999389648438,210.25999450683594,207.6699981689453,208.99000549316406,179.9227294921875,1921100,0.0,0.0
2021-10-22 00:00:00-04:00,209.6999969482422,210.5,208.5,209.24000549316406,180.1379852294922,1349300,0.0,0.0
2021-10-25 00:00:00-04:00,209.5,209.82000732421875,206.97000122070312,207.6300048828125,178.75192260742188,1916500,0.0,0.0
2021-10-26 00:00:00-04:00,208.1999969482422,209.97999572753906,207.6300048828125,208.67999267578125,179.6558837890625,1664400,0.0,0.0
2021-10-27 00:00:00-04:00,209.8699951171875,210.39999389648438,205.80999755859375,206.5800018310547,177.84796142578125,2003300,0.0,0.0
2021-10-28 00:00:00-04:00,207.08999633789062,209.49000549316406,205.61000061035156,207.1699981689453,178.35589599609375,2166500,0.0,0.0
2021-10-29 00:00:00-04:00,206.35000610351562,207.6999969482422,204.1999969482422,206.97000122070312,178.18368530273438,2592300,0.0,0.0
2021-11-01 00:00:00-04:00,208.0,212.08999633789062,207.77000427246094,209.7899932861328,180.61146545410156,3105300,0.0,0.0
2021-11-02 00:00:00-04:00,210.50999450683594,214.72000122070312,208.13999938964844,214.25999450683594,184.45977783203125,3329300,0.0,0.0
2021-11-03 00:00:00-04:00,210.91000366210938,219.25,209.8000030517578,218.1300048828125,187.7915496826172,3775600,0.0,0.0
2021-11-04 00:00:00-04:00,218.3000030517578,218.4499969482422,211.72000122070312,214.92999267578125,185.03656005859375,2781300,0.0,0.0
2021-11-05 00:00:00-04:00,215.61000061035156,217.4199981689453,212.72999572753906,213.77000427246094,184.03793334960938,2300100,0.0,0.0
2021-11-08 00:00:00-05:00,214.05999755859375,214.44000244140625,210.92999267578125,211.3699951171875,181.9717254638672,2532900,0.0,0.0
2021-11-09 00:00:00-05:00,211.02000427246094,213.6999969482422,210.47000122070312,211.7100067138672,182.2644500732422,2296300,0.0,0.0
2021-11-10 00:00:00-05:00,213.27999877929688,215.5,212.52999877929688,213.2100067138672,183.55584716796875,2360400,0.0,0.0
2021-11-11 00:00:00-05:00,214.0800018310547,214.0800018310547,210.55999755859375,211.55999755859375,182.13528442382812,2615700,0.0,0.0
2021-11-12 00:00:00-05:00,212.3000030517578,212.8800048828125,210.3800048828125,211.38999938964844,181.9889373779297,4614100,0.0,0.0
2021-11-15 00:00:00-05:00,210.69000244140625,210.88999938964844,207.0800018310547,207.39999389648438,180.05299377441406,3129200,1.76,0.0
2021-11-16 00:00:00-05:00,208.02999877929688,209.0399932861328,205.27000427246094,205.38999938964844,178.3080291748047,2942500,0.0,0.0
2021-11-17 00:00:00-05:00,205.2100067138672,207.35000610351562,203.60000610351562,205.82000732421875,178.68133544921875,3329300,0.0,0.0
2021-11-18 00:00:00-05:00,205.6300048828125,206.22999572753906,203.72999572753906,204.02000427246094,177.11866760253906,4261500,0.0,0.0
2021-11-19 00:00:00-05:00,205.27000427246094,206.1999969482422,203.6699981689453,206.0800018310547,178.90704345703125,3217100,0.0,0.0
2021-11-22 00:00:00-05:00,205.4499969482422,206.3000030517578,200.75,202.72999572753906,175.99871826171875,2835100,0.0,0.0
2021-11-23 00:00:00-05:00,202.22999572753906,205.47999572753906,201.27000427246094,204.52999877929688,177.56141662597656,2149300,0.0,0.0
2021-11-24 00:00:00-05:00,204.3000030517578,205.27999877929688,202.9499969482422,203.97000122070312,177.0752410888672,1699800,0.0,0.0
2021-11-26 00:00:00-05:00,204.74000549316406,206.0,200.52000427246094,201.08999633789062,174.57496643066406,3197900,0.0,0.0
2021-11-29 00:00:00-05:00,202.47999572753906,204.8300018310547,201.58999633789062,203.47000122070312,176.6411590576172,2519900,0.0,0.0
2021-11-30 00:00:00-05:00,202.72999572753906,203.8699951171875,198.72999572753906,198.8800048828125,172.65638732910156,5400100,0.0,0.0
2021-12-01 00:00:00-05:00,200.44000244140625,205.63999938964844,198.63999938964844,200.8000030517578,174.32321166992188,3057700,0.0,0.0
2021-12-02 00:00:00-05:00,200.72999572753906,203.10000610351562,199.30999755859375,201.1699981689453,174.64442443847656,2858200,0.0,0.0
2021-12-03 00:00:00-05:00,201.3800048828125,203.8000030517578,200.83999633789062,202.44000244140625,175.7469940185547,3591900,0.0,0.0
2021-12-06 00:00:00-05:00,206.3800048828125,211.7899932861328,205.97000122070312,208.7899932861328,181.2596893310547,3998600,0.0,0.0
2021-12-07 00:00:00-05:00,209.14999389648438,212.44000244140625,207.36000061035156,211.32000732421875,183.4561004638672,3309500,0.0,0.0
2021-12-08 00:00:00-05:00,212.88999938964844,213.91000366210938,210.42999267578125,213.52999877929688,185.3747100830078,2624400,0.0,0.0
2021-12-09 00:00:00-05:00,213.52999877929688,213.97999572753906,209.5,212.57000732421875,184.54129028320312,2699800,0.0,0.0
2021-12-10 00:00:00-05:00,213.3000030517578,214.4499969482422,210.00999450683594,210.88999938964844,183.08277893066406,2812200,0.0,0.0
2021-12-13 00:00:00-05:00,210.42999267578125,213.19000244140625,209.0,211.38999938964844,183.51687622070312,2721300,0.0,0.0
2021-12-14 00:00:00-05:00,211.32000732421875,214.80999755859375,210.22999572753906,213.74000549316406,185.55702209472656,2602600,0.0,0.0
2021-12-15 00:00:00-05:00,214.0,219.5,213.1199951171875,219.25,190.34046936035156,3924500,0.0,0.0
2021-12-16 00:00:00-05:00,220.0,231.0399932861328,220.0,222.5800018310547,193.23138427734375,6027200,0.0,0.0
2021-12-17 00:00:00-05:00,222.69000244140625,224.16000366210938,219.32000732421875,222.5,193.16200256347656,6424000,0.0,0.0
2021-12-20 00:00:00-05:00,222.25,222.49000549316406,218.69000244140625,219.99000549316406,190.98291015625,2922200,0.0,0.0
2021-12-21 00:00:00-05:00,220.5500030517578,223.25,219.9600067138672,220.9199981689453,191.79031372070312,2987500,0.0,0.0
2021-12-22 00:00:00-05:00,220.0,221.89999389648438,217.75999450683594,221.52999877929688,192.31983947753906,2677700,0.0,0.0
2021-12-23 00:00:00-05:00,222.3699951171875,224.47999572753906,221.5,223.7899932861328,194.28187561035156,1668800,0.0,0.0
2021-12-27 00:00:00-05:00,223.80999755859375,225.4600067138672,222.6699981689453,225.1699981689453,195.4799041748047,1763200,0.0,0.0
2021-12-28 00:00:00-05:00,225.1699981689453,226.97999572753906,225.0500030517578,225.77000427246094,196.00076293945312,1304500,0.0,0.0
2021-12-29 00:00:00-05:00,225.5800018310547,228.2100067138672,224.99000549316406,227.60000610351562,197.58949279785156,1389400,0.0,0.0
2021-12-30 00:00:00-05:00,227.60000610351562,229.5500030517578,226.13999938964844,226.47000122070312,196.6084747314453,1507400,0.0,0.0
2021-12-31 00:00:00-05:00,226.25999450683594,227.74000549316406,224.8000030517578,224.97000122070312,195.3062744140625,1668400,0.0,0.0
2022-01-03 00:00:00-05:00,223.6300048828125,226.97000122070312,222.02999877929688,226.69000244140625,196.79945373535156,2742800,0.0,0.0
2022-01-04 00:00:00-05:00,225.75999450683594,228.8000030517578,224.25,227.83999633789062,197.7978515625,2491700,0.0,0.0
2022-01-05 00:00:00-05:00,227.0399932861328,229.8699951171875,224.52000427246094,225.13999938964844,195.45382690429688,2806000,0.0,0.0
2022-01-06 00:00:00-05:00,225.13999938964844,226.66000366210938,223.69000244140625,225.1699981689453,195.4799041748047,2198300,0.0,0.0
2022-01-07 00:00:00-05:00,223.5399932861328,228.19000244140625,223.5399932861328,227.2899932861328,197.3203887939453,2343000,0.0,0.0
2022-01-10 00:00:00-05:00,229.25,230.63999938964844,226.0,230.3699951171875,199.9942626953125,3191900,0.0,0.0
2022-01-11 00:00:00-05:00,230.47000122070312,232.50999450683594,228.11000061035156,232.3800048828125,201.7392120361328,2317900,0.0,0.0
2022-01-12 00:00:00-05:00,232.3800048828125,232.61000061035156,228.52000427246094,231.75999450683594,201.20094299316406,1885800,0.0,0.0
2022-01-13 00:00:00-05:00,232.0500030517578,233.22999572753906,230.3300018310547,230.85000610351562,200.4109344482422,2152900,0.0,0.0
2022-01-14 00:00:00-05:00,230.69000244140625,235.8000030517578,229.99000549316406,235.36000061035156,204.3262481689453,3012000,0.0,0.0
2022-01-18 00:00:00-05:00,233.52000427246094,234.77000427246094,231.6999969482422,233.8300018310547,202.99803161621094,3720400,0.0,0.0
2022-01-19 00:00:00-05:00,233.8000030517578,234.3300018310547,230.6999969482422,231.3000030517578,200.80162048339844,2061200,0.0,0.0
2022-01-20 00:00:00-05:00,233.72999572753906,233.72999572753906,228.80999755859375,228.89999389648438,198.7180633544922,2093700,0.0,0.0
2022-01-21 00:00:00-05:00,230.60000610351562,231.4600067138672,227.30999755859375,227.72000122070312,197.6936492919922,3534800,0.0,0.0
2022-01-24 00:00:00-05:00,227.47999572753906,229.13999938964844,219.97999572753906,226.0800018310547,196.26988220214844,4419100,0.0,0.0
2022-01-25 00:00:00-05:00,223.67999267578125,227.5,222.27000427246094,225.0399932861328,195.3670654296875,2769900,0.0,0.0
2022-01-26 00:00:00-05:00,221.6199951171875,226.92999267578125,221.1199951171875,222.5399932861328,193.19668579101562,2861600,0.0,0.0
2022-01-27 00:00:00-05:00,222.39999389648438,228.0399932861328,222.30999755859375,224.0,194.46414184570312,2744000,0.0,0.0
2022-01-28 00:00:00-05:00,224.0500030517578,229.14999389648438,222.25,229.13999938964844,198.92640686035156,2502100,0.0,0.0
2022-01-31 00:00:00-05:00,226.97999572753906,227.94000244140625,225.52000427246094,227.13999938964844,197.19015502929688,4504300,0.0,0.0
2022-02-01 00:00:00-05:00,227.13999938964844,229.1999969482422,225.52000427246094,228.67999267578125,198.5270538330078,2498200,0.0,0.0
2022-02-02 00:00:00-05:00,228.13999938964844,229.13999938964844,225.74000549316406,228.92999267578125,198.74411010742188,2397800,0.0,0.0
2022-02-03 00:00:00-05:00,228.66000366210938,229.0,223.75,224.0399932861328,194.4989013671875,3002400,0.0,0.0
2022-02-04 00:00:00-05:00,222.1199951171875,224.75999450683594,220.97000122070312,222.11000061035156,192.82334899902344,3162000,0.0,0.0
2022-02-07 00:00:00-05:00,222.08999633789062,224.75999450683594,220.6300048828125,223.52999877929688,194.05613708496094,3596400,0.0,0.0
2022-02-08 00:00:00-05:00,232.94000244140625,244.7100067138672,232.2100067138672,241.00999450683594,209.2312774658203,8394800,0.0,0.0
2022-02-09 00:00:00-05:00,241.0399932861328,241.0399932861328,235.32000732421875,237.19000244140625,205.9149932861328,5075200,0.0,0.0
2022-02-10 00:00:00-05:00,235.0,236.13999938964844,227.7100067138672,228.82000732421875,198.64862060546875,5035000,0.0,0.0
2022-02-11 00:00:00-05:00,228.52000427246094,231.47000122070312,228.14999389648438,228.1999969482422,198.11033630371094,3557700,0.0,0.0
2022-02-14 00:00:00-05:00,226.61000061035156,226.92999267578125,220.86000061035156,224.27000427246094,196.3679656982422,3931500,1.94,0.0
2022-02-15 00:00:00-05:00,225.0,226.16000366210938,221.22000122070312,223.94000244140625,196.0789794921875,2474500,0.0,0.0
2022-02-16 00:00:00-05:00,223.47000122070312,225.10000610351562,221.0399932861328,222.66000366210938,194.95828247070312,2369000,0.0,0.0
2022-02-17 00:00:00-05:00,221.47999572753906,223.2899932861328,219.42999267578125,221.67999267578125,194.10015869140625,2157000,0.0,0.0
2022-02-18 00:00:00-05:00,220.97000122070312,223.97999572753906,219.7899932861328,220.77000427246094,193.3033905029297,2795800,0.0,0.0
2022-02-22 00:00:00-05:00,220.75999450683594,222.89999389648438,219.3000030517578,221.41000366210938,193.86375427246094,2835900,0.0,0.0
2022-02-23 00:00:00-05:00,222.67999267578125,223.75,220.6199951171875,221.0,193.50474548339844,2994800,0.0,0.0
2022-02-24 00:00:00-05:00,218.92999267578125,219.89999389648438,214.38999938964844,219.27000427246094,191.99005126953125,3746700,0.0,0.0
2022-02-25 00:00:00-05:00,222.49000549316406,228.13999938964844,221.9600067138672,227.02999877929688,198.7845458984375,3557100,0.0,0.0
2022-02-28 00:00:00-05:00,224.02999877929688,226.75,222.52999877929688,226.47999572753906,198.3030242919922,4738100,0.0,0.0
2022-03-01 00:00:00-05:00,225.27999877929688,227.7899932861328,223.74000549316406,225.2100067138672,197.19100952148438,4573500,0.0,0.0
2022-03-02 00:00:00-05:00,225.0399932861328,230.39999389648438,224.64999389648438,228.58999633789062,200.1504669189453,3387200,0.0,0.0
2022-03-03 00:00:00-05:00,230.8800048828125,234.27000427246094,230.00999450683594,232.63999938964844,203.69662475585938,3638400,0.0,0.0
2022-03-04 00:00:00-05:00,230.6999969482422,235.74000549316406,230.13999938964844,232.91000366210938,203.93299865722656,3764400,0.0,0.0
2022-03-07 00:00:00-05:00,231.2899932861328,239.66000366210938,231.22999572753906,234.36000061035156,205.20260620117188,3713200,0.0,0.0
2022-03-08 00:00:00-05:00,233.86000061035156,236.8800048828125,230.55999755859375,231.10000610351562,202.3482208251953,2974900,0.0,0.0
2022-03-09 00:00:00-05:00,234.22999572753906,234.52999877929688,230.42999267578125,231.4600067138672,202.66342163085938,2640900,0.0,0.0
2022-03-10 00:00:00-05:00,229.66000366210938,230.4199981689453,226.0800018310547,226.9499969482422,198.71450805664062,3957200,0.0,0.0
2022-03-11 00:00:00-05:00,228.11000061035156,230.02999877929688,226.77000427246094,228.85000610351562,200.37814331054688,2667000,0.0,0.0
2022-03-14 00:00:00-04:00,231.0800018310547,232.4499969482422,228.9199981689453,229.2100067138672,200.693359375,2902700,0.0,0.0
2022-03-15 00:00:00-04:00,231.3800048828125,233.05999755859375,228.11000061035156,231.55999755859375,202.7509765625,3178200,0.0,0.0
2022-03-16 00:00:00-04:00,232.52000427246094,232.52000427246094,228.4499969482422,231.6699981689453,202.8472900390625,4220300,0.0,0.0
2022-03-17 00:00:00-04:00,231.72000122070312,236.57000732421875,231.22000122070312,235.86000061035156,206.5159912109375,3262300,0.0,0.0
2022-03-18 00:00:00-04:00,234.91000366210938,236.39999389648438,232.75,236.25,206.85745239257812,7617100,0.0,0.0
2022-03-21 00:00:00-04:00,237.07000732421875,240.32000732421875,234.72999572753906,236.32000732421875,206.91876220703125,2385200,0.0,0.0
2022-03-22 00:00:00-04:00,236.32000732421875,237.52000427246094,234.5399932861328,236.47000122070312,207.05010986328125,2212200,0.0,0.0
2022-03-23 00:00:00-04:00,237.2899932861328,239.3800048828125,234.0399932861328,234.17999267578125,205.04498291015625,2533100,0.0,0.0
2022-03-24 00:00:00-04:00,235.8000030517578,237.85000610351562,234.0,236.8699951171875,207.4003448486328,2349000,0.0,0.0
2022-03-25 00:00:00-04:00,236.8699951171875,239.49000549316406,236.2100067138672,238.7899932861328,209.0814666748047,1424500,0.0,0.0
2022-03-28 00:00:00-04:00,238.82000732421875,240.57000732421875,237.97999572753906,240.47000122070312,210.55245971679688,2045300,0.0,0.0
2022-03-29 00:00:00-04:00,241.66000366210938,242.61000061035156,238.61000061035156,241.5399932861328,211.48931884765625,2230600,0.0,0.0
2022-03-30 00:00:00-04:00,243.57000732421875,244.72999572753906,242.02000427246094,242.57000732421875,212.3911895751953,2593300,0.0,0.0
2022-03-31 00:00:00-04:00,244.17999267578125,245.47999572753906,241.67999267578125,241.82000732421875,211.7344970703125,3102800,0.0,0.0
2022-04-01 00:00:00-04:00,243.02999877929688,243.9499969482422,240.72999572753906,243.1199951171875,212.87278747558594,1883900,0.0,0.0
2022-04-04 00:00:00-04:00,242.83999633789062,246.4499969482422,242.64999389648438,244.8699951171875,214.405029296875,3518800,0.0,0.0
2022-04-05 00:00:00-04:00,243.74000549316406,248.75,243.74000549316406,244.55999755859375,214.1336212158203,2180800,0.0,0.0
2022-04-06 00:00:00-04:00,244.85000610351562,251.4600067138672,244.85000610351562,249.92999267578125,218.8354949951172,3869000,0.0,0.0
2022-04-07 00:00:00-04:00,249.1999969482422,252.72999572753906,249.02000427246094,251.63999938964844,220.33274841308594,2674400,0.0,0.0
2022-04-08 00:00:00-04:00,251.52999877929688,253.88999938964844,250.5399932861328,252.02000427246094,220.6654815673828,2745800,0.0,0.0
2022-04-11 00:00:00-04:00,253.60000610351562,258.45001220703125,250.14999389648438,250.8699951171875,219.6585693359375,2975200,0.0,0.0
2022-04-12 00:00:00-04:00,250.97000122070312,252.5500030517578,246.77000427246094,250.0399932861328,218.9318389892578,2261100,0.0,0.0
2022-04-13 00:00:00-04:00,251.13999938964844,253.97000122070312,249.77000427246094,253.50999450683594,221.97012329101562,2402800,0.0,0.0
2022-04-14 00:00:00-04:00,254.39999389648438,257.57000732421875,253.64999389648438,254.02000427246094,222.41665649414062,2861800,0.0,0.0
2022-04-18 00:00:00-04:00,252.49000549316406,255.38999938964844,251.14999389648438,251.92999267578125,220.58668518066406,3615500,0.0,0.0
2022-04-19 00:00:00-04:00,252.49000549316406,255.72999572753906,250.35000610351562,253.3699951171875,221.84756469726562,2355100,0.0,0.0
2022-04-20 00:00:00-04:00,254.07000732421875,256.8999938964844,253.5,255.3800048828125,223.60748291015625,1888100,0.0,0.0
2022-04-21 00:00:00-04:00,256.4100036621094,258.3900146484375,254.9499969482422,255.4600067138672,223.67752075195312,2117300,0.0,0.0
2022-04-22 00:00:00-04:00,254.10000610351562,255.89999389648438,250.05999755859375,250.35000610351562,219.20326232910156,2617800,0.0,0.0
2022-04-25 00:00:00-04:00,251.00999450683594,252.64999389648438,247.91000366210938,252.1699981689453,220.7968292236328,2271000,0.0,0.0
2022-04-26 00:00:00-04:00,250.3000030517578,253.0,249.72000122070312,249.8699951171875,218.78297424316406,3306000,0.0,0.0
2022-04-27 00:00:00-04:00,249.0399932861328,252.02000427246094,246.44000244140625,248.7899932861328,217.8373260498047,2973500,0.0,0.0
2022-04-28 00:00:00-04:00,235.72999572753906,242.91000366210938,231.14999389648438,238.1300048828125,208.5036163330078,6609500,0.0,0.0
2022-04-29 00:00:00-04:00,236.5,240.47999572753906,232.74000549316406,233.19000244140625,204.17819213867188,4029300,0.0,0.0
2022-05-02 00:00:00-04:00,233.3699951171875,234.0500030517578,227.32000732421875,230.9199981689453,202.19061279296875,4154800,0.0,0.0
2022-05-03 00:00:00-04:00,233.75,234.19000244140625,229.60000610351562,232.19000244140625,203.3026123046875,2443800,0.0,0.0
2022-05-04 00:00:00-04:00,232.57000732421875,237.11000061035156,231.39999389648438,236.10000610351562,206.72613525390625,2494900,0.0,0.0
2022-05-05 00:00:00-04:00,235.5,238.83999633789062,232.24000549316406,234.35000610351562,205.19383239746094,3357100,0.0,0.0
2022-05-06 00:00:00-04:00,231.75999450683594,237.4600067138672,231.75,236.5,207.07638549804688,4682100,0.0,0.0
2022-05-09 00:00:00-04:00,236.5800018310547,242.77999877929688,234.5399932861328,239.24000549316406,209.47547912597656,4376300,0.0,0.0
2022-05-10 00:00:00-04:00,242.2100067138672,244.41000366210938,240.47000122070312,240.7100067138672,210.7626190185547,4234800,0.0,0.0
2022-05-11 00:00:00-04:00,240.36000061035156,243.3800048828125,239.2100067138672,240.63999938964844,210.70127868652344,3411700,0.0,0.0
2022-05-12 00:00:00-04:00,240.05999755859375,244.83999633789062,239.0500030517578,244.72000122070312,214.27374267578125,3733300,0.0,0.0
2022-05-13 00:00:00-04:00,244.63999938964844,245.0,241.2899932861328,243.39999389648438,213.1178741455078,2631900,0.0,0.0
2022-05-16 00:00:00-04:00,241.24000549316406,245.11000061035156,241.16000366210938,243.8699951171875,215.2450408935547,2414500,1.94,0.0
2022-05-17 00:00:00-04:00,245.13999938964844,246.22000122070312,239.25999450683594,245.35000610351562,216.5513458251953,2344100,0.0,0.0
2022-05-18 00:00:00-04:00,246.49000549316406,247.2899932861328,243.0,243.9600067138672,215.32447814941406,3376800,0.0,0.0
2022-05-19 00:00:00-04:00,242.35000610351562,245.86000061035156,241.86000061035156,244.77000427246094,216.0394287109375,2414200,0.0,0.0
2022-05-20 00:00:00-04:00,244.05999755859375,247.66000366210938,242.9600067138672,247.5,218.44894409179688,3860500,0.0,0.0
2022-05-23 00:00:00-04:00,249.67999267578125,251.0500030517578,247.8800048828125,249.0399932861328,219.8081512451172,2272600,0.0,0.0
2022-05-24 00:00:00-04:00,248.6699981689453,252.39999389648438,248.3300018310547,251.88999938964844,222.3236846923828,2667300,0.0,0.0
2022-05-25 00:00:00-04:00,253.0,254.80999755859375,250.02999877929688,253.00999450683594,223.3122100830078,3538400,0.0,0.0
2022-05-26 00:00:00-04:00,253.38999938964844,255.61000061035156,252.0800018310547,253.0500030517578,223.3474884033203,2222300,0.0,0.0
2022-05-27 00:00:00-04:00,253.5,256.2300109863281,250.9199981689453,255.25999450683594,225.29812622070312,2678900,0.0,0.0
2022-05-31 00:00:00-04:00,255.0,257.260009765625,251.00999450683594,256.739990234375,226.60435485839844,6737500,0.0,0.0
2022-06-01 00:00:00-04:00,257.8800048828125,257.9700012207031,251.35000610351562,253.4199981689453,223.67410278320312,2664600,0.0,0.0
2022-06-02 00:00:00-04:00,252.6199951171875,252.72999572753906,243.85000610351562,248.27999877929688,219.13742065429688,3916200,0.0,0.0
2022-06-03 00:00:00-04:00,248.3000030517578,250.69000244140625,247.72000122070312,248.4499969482422,219.28746032714844,2086500,0.0,0.0
2022-06-06 00:00:00-04:00,248.3300018310547,248.8300018310547,243.61000061035156,245.44000244140625,216.63076782226562,2413700,0.0,0.0
2022-06-07 00:00:00-04:00,244.64999389648438,246.8000030517578,243.3699951171875,246.41000366210938,217.48690795898438,2693800,0.0,0.0
2022-06-08 00:00:00-04:00,246.66000366210938,246.8800048828125,243.5800018310547,245.47999572753906,216.6660614013672,2353900,0.0,0.0
2022-06-09 00:00:00-04:00,244.72000122070312,246.72000122070312,241.44000244140625,241.75,213.37387084960938,2695200,0.0,0.0
2022-06-10 00:00:00-04:00,240.02000427246094,242.0800018310547,237.39999389648438,240.00999450683594,211.8380889892578,2910900,0.0,0.0
2022-06-13 00:00:00-04:00,237.94000244140625,239.0500030517578,235.99000549316406,236.77000427246094,208.9784393310547,4462300,0.0,0.0
2022-06-14 00:00:00-04:00,236.97000122070312,238.6999969482422,233.44000244140625,235.6999969482422,208.0340118408203,3020800,0.0,0.0
2022-06-15 00:00:00-04:00,236.52999877929688,237.25999450683594,231.97999572753906,235.5800018310547,207.92811584472656,3076700,0.0,0.0
2022-06-16 00:00:00-04:00,233.60000610351562,234.5399932861328,229.58999633789062,230.7100067138672,203.62973022460938,4102700,0.0,0.0
2022-06-17 00:00:00-04:00,230.1300048828125,238.25,229.49000549316406,234.72000122070312,207.16903686523438,13114500,0.0,0.0
2022-06-21 00:00:00-04:00,236.83999633789062,238.86000061035156,233.92999267578125,238.41000366210938,210.42593383789062,3882200,0.0,0.0
2022-06-22 00:00:00-04:00,237.1699981689453,242.33999633789062,236.89999389648438,240.13999938964844,211.95286560058594,4172900,0.0,0.0
2022-06-23 00:00:00-04:00,241.72000122070312,244.02000427246094,240.91000366210938,243.08999633789062,214.55657958984375,3229600,0.0,0.0
2022-06-24 00:00:00-04:00,244.0,246.0,242.8800048828125,245.3699951171875,216.56900024414062,4527700,0.0,0.0
2022-06-27 00:00:00-04:00,245.1699981689453,246.2899932861328,244.02999877929688,244.85000610351562,216.11000061035156,2767500,0.0,0.0
2022-06-28 00:00:00-04:00,245.92999267578125,247.5800018310547,243.38999938964844,243.50999450683594,214.92726135253906,2430100,0.0,0.0
2022-06-29 00:00:00-04:00,246.25999450683594,247.10000610351562,243.72000122070312,245.42999267578125,216.62191772460938,2610400,0.0,0.0
2022-06-30 00:00:00-04:00,244.1699981689453,245.0,240.72999572753906,243.3000030517578,214.741943359375,3033800,0.0,0.0
2022-07-01 00:00:00-04:00,243.25,246.0,240.72000122070312,245.5500030517578,216.7278594970703,2745500,0.0,0.0
2022-07-05 00:00:00-04:00,245.19000244140625,246.74000549316406,242.32000732421875,246.72999572753906,217.7693328857422,2483600,0.0,0.0
2022-07-06 00:00:00-04:00,246.6199951171875,248.0800018310547,244.5399932861328,245.25,216.4630889892578,4320500,0.0,0.0
2022-07-07 00:00:00-04:00,244.5,248.02999877929688,244.2899932861328,247.4199981689453,218.37831115722656,3068200,0.0,0.0
2022-07-08 00:00:00-04:00,248.14999389648438,250.24000549316406,247.1999969482422,248.47999572753906,219.31390380859375,2215400,0.0,0.0
2022-07-11 00:00:00-04:00,249.27999877929688,250.11000061035156,246.99000549316406,247.77999877929688,218.69610595703125,1805000,0.0,0.0
2022-07-12 00:00:00-04:00,247.77999877929688,250.08999633789062,245.67999267578125,246.97000122070312,217.9811553955078,2699300,0.0,0.0
2022-07-13 00:00:00-04:00,246.3699951171875,248.75,245.16000366210938,247.08999633789062,218.0870819091797,2498000,0.0,0.0
2022-07-14 00:00:00-04:00,245.02000427246094,246.82000732421875,242.9499969482422,245.58999633789062,216.76316833496094,2886400,0.0,0.0
2022-07-15 00:00:00-04:00,247.38999938964844,249.1300048828125,245.44000244140625,248.69000244140625,219.49928283691406,2805500,0.0,0.0
2022-07-18 00:00:00-04:00,248.5500030517578,249.4499969482422,242.9199981689453,243.83999633789062,215.21853637695312,2231400,0.0,0.0
2022-07-19 00:00:00-04:00,246.9600067138672,247.77999877929688,245.0399932861328,247.32000732421875,218.29010009765625,3375000,0.0,0.0
2022-07-20 00:00:00-04:00,246.6999969482422,248.4600067138672,244.64999389648438,246.6300048828125,217.6810760498047,2664600,0.0,0.0
2022-07-21 00:00:00-04:00,245.74000549316406,246.8000030517578,243.61000061035156,245.77999877929688,216.9308624267578,2009500,0.0,0.0
2022-07-22 00:00:00-04:00,246.8000030517578,249.1300048828125,245.22000122070312,245.9499969482422,217.0808868408203,1843600,0.0,0.0
2022-07-25 00:00:00-04:00,246.86000061035156,249.08999633789062,246.55999755859375,248.72000122070312,219.52577209472656,1771100,0.0,0.0
2022-07-26 00:00:00-04:00,249.6300048828125,253.77000427246094,248.75,251.13999938964844,221.66171264648438,2528600,0.0,0.0
2022-07-27 00:00:00-04:00,249.16000366210938,252.75,248.08999633789062,251.72000122070312,222.17364501953125,2180900,0.0,0.0
2022-07-28 00:00:00-04:00,251.72000122070312,251.72000122070312,245.72999572753906,249.75,220.4348602294922,2214400,0.0,0.0
2022-07-29 00:00:00-04:00,248.4600067138672,249.57000732421875,245.74000549316406,247.47000122070312,218.42250061035156,3289700,0.0,0.0
2022-08-01 00:00:00-04:00,247.33999633789062,248.16000366210938,244.64999389648438,245.63999938964844,216.80726623535156,1960500,0.0,0.0
2022-08-02 00:00:00-04:00,246.69000244140625,247.85000610351562,243.77999877929688,243.91000366210938,215.28033447265625,2295100,0.0,0.0
2022-08-03 00:00:00-04:00,245.94000244140625,249.3300018310547,245.17999267578125,247.13999938964844,218.1312255859375,2061400,0.0,0.0
2022-08-04 00:00:00-04:00,247.0,249.0,246.1999969482422,246.97999572753906,217.99002075195312,2650600,0.0,0.0
2022-08-05 00:00:00-04:00,246.4600067138672,247.0800018310547,241.7899932861328,246.25,217.34568786621094,2723900,0.0,0.0
2022-08-08 00:00:00-04:00,245.0,247.74000549316406,244.30999755859375,247.2899932861328,218.26361083984375,2784400,0.0,0.0
2022-08-09 00:00:00-04:00,247.2100067138672,249.72000122070312,247.2100067138672,248.36000061035156,219.2080078125,2061600,0.0,0.0
2022-08-10 00:00:00-04:00,249.80999755859375,252.4600067138672,248.52999877929688,252.08999633789062,222.50018310546875,2628600,0.0,0.0
2022-08-11 00:00:00-04:00,252.0399932861328,253.36000061035156,247.99000549316406,248.35000610351562,219.19920349121094,2686900,0.0,0.0
2022-08-12 00:00:00-04:00,248.52000427246094,249.85000610351562,246.3000030517578,248.38999938964844,219.2344970703125,3461100,0.0,0.0
2022-08-15 00:00:00-04:00,249.07000732421875,251.52999877929688,247.8800048828125,251.0800018310547,221.60874938964844,2659100,0.0,0.0
2022-08-16 00:00:00-04:00,251.86000061035156,254.16000366210938,251.66000366210938,253.14999389648438,223.43572998046875,2206100,0.0,0.0
2022-08-17 00:00:00-04:00,251.19000244140625,252.64999389648438,249.75,250.5800018310547,222.87542724609375,1882200,1.94,0.0
2022-08-18 00:00:00-04:00,250.92999267578125,251.0399932861328,247.9499969482422,249.6999969482422,222.09271240234375,1888800,0.0,0.0
2022-08-19 00:00:00-04:00,247.6300048828125,252.00999450683594,247.6300048828125,250.86000061035156,223.12448120117188,2207500,0.0,0.0
2022-08-22 00:00:00-04:00,249.97999572753906,251.22999572753906,246.5399932861328,246.89999389648438,219.60231018066406,3078300,0.0,0.0
2022-08-23 00:00:00-04:00,246.69000244140625,246.69000244140625,242.85000610351562,244.47000122070312,217.44094848632812,2659700,0.0,0.0
2022-08-24 00:00:00-04:00,243.57000732421875,244.97999572753906,242.61000061035156,244.49000549316406,217.45875549316406,2329200,0.0,0.0
2022-08-25 00:00:00-04:00,246.00999450683594,246.05999755859375,243.80999755859375,245.67999267578125,218.51718139648438,1725400,0.0,0.0
2022-08-26 00:00:00-04:00,244.0500030517578,246.36000061035156,240.4499969482422,240.64999389648438,214.04330444335938,2969400,0.0,0.0
2022-08-29 00:00:00-04:00,238.83999633789062,241.02999877929688,238.00999450683594,239.3800048828125,212.91371154785156,2113000,0.0,0.0
2022-08-30 00:00:00-04:00,239.8800048828125,240.30999755859375,238.2899932861328,239.1199951171875,212.6824493408203,3673000,0.0,0.0
2022-08-31 00:00:00-04:00,241.58999633789062,243.88999938964844,239.85000610351562,240.3000030517578,213.7319793701172,4303900,0.0,0.0
2022-09-01 00:00:00-04:00,241.1199951171875,245.74000549316406,240.74000549316406,245.5,218.35708618164062,2488200,0.0,0.0
2022-09-02 00:00:00-04:00,246.47999572753906,247.77999877929688,241.33999633789062,242.3699951171875,215.57313537597656,2325100,0.0,0.0
2022-09-06 00:00:00-04:00,243.74000549316406,244.58999633789062,241.5399932861328,242.22000122070312,215.43968200683594,2102600,0.0,0.0
2022-09-07 00:00:00-04:00,242.8000030517578,245.32000732421875,242.27000427246094,244.7899932861328,217.72555541992188,2127300,0.0,0.0
2022-09-08 00:00:00-04:00,244.8000030517578,246.0,242.91000366210938,245.4499969482422,218.31260681152344,2895800,0.0,0.0
2022-09-09 00:00:00-04:00,245.4499969482422,249.22999572753906,245.02999877929688,247.69000244140625,220.30499267578125,2318000,0.0,0.0
2022-09-12 00:00:00-04:00,238.0,241.6999969482422,235.11000061035156,237.6199951171875,211.34828186035156,6294600,0.0,0.0
2022-09-13 00:00:00-04:00,237.02999877929688,237.13999938964844,226.6199951171875,226.86000061035156,201.7779541015625,4447200,0.0,0.0
2022-09-14 00:00:00-04:00,227.52999877929688,228.77999877929688,226.1300048828125,228.1199951171875,202.89865112304688,2715600,0.0,0.0
2022-09-15 00:00:00-04:00,228.10000610351562,229.00999450683594,225.86000061035156,227.66000366210938,202.48948669433594,2206100,0.0,0.0
2022-09-16 00:00:00-04:00,226.88999938964844,232.22000122070312,226.61000061035156,231.13999938964844,205.584716796875,4604100,0.0,0.0
2022-09-19 00:00:00-04:00,230.63999938964844,230.86000061035156,227.10000610351562,230.75999450683594,205.2467498779297,1981400,0.0,0.0
2022-09-20 00:00:00-04:00,228.5,229.99000549316406,226.52999877929688,227.7100067138672,202.53395080566406,1745900,0.0,0.0
2022-09-21 00:00:00-04:00,229.1300048828125,230.6199951171875,224.36000061035156,224.4600067138672,199.64332580566406,2186300,0.0,0.0
2022-09-22 00:00:00-04:00,223.5500030517578,229.3699951171875,223.3000030517578,227.75,202.56954956054688,2081200,0.0,0.0
2022-09-23 00:00:00-04:00,227.99000549316406,228.61000061035156,224.55999755859375,226.97000122070312,201.87579345703125,2148600,0.0,0.0
2022-09-26 00:00:00-04:00,226.77000427246094,228.63999938964844,225.3800048828125,226.8699951171875,201.78684997558594,2454000,0.0,0.0
2022-09-27 00:00:00-04:00,226.97000122070312,229.9600067138672,225.02000427246094,225.99000549316406,201.004150390625,2009800,0.0,0.0
2022-09-28 00:00:00-04:00,229.9600067138672,231.8699951171875,227.74000549316406,230.97999572753906,205.44239807128906,2782400,0.0,0.0
2022-09-29 00:00:00-04:00,231.5500030517578,231.5500030517578,226.97000122070312,228.41000366210938,203.15660095214844,2335700,0.0,0.0
2022-09-30 00:00:00-04:00,228.4199981689453,230.0,225.1699981689453,225.39999389648438,200.47935485839844,2543400,0.0,0.0
2022-10-03 00:00:00-04:00,228.27000427246094,230.9499969482422,226.4199981689453,230.44000244140625,204.96212768554688,2521700,0.0,0.0
2022-10-04 00:00:00-04:00,230.97999572753906,234.08999633789062,229.8000030517578,233.02000427246094,207.25689697265625,2331000,0.0,0.0
2022-10-05 00:00:00-04:00,232.6300048828125,235.4199981689453,230.9600067138672,233.82000732421875,207.9684600830078,2060400,0.0,0.0
2022-10-06 00:00:00-04:00,232.52000427246094,233.13999938964844,230.22999572753906,230.94000244140625,205.4068603515625,1523800,0.0,0.0
2022-10-07 00:00:00-04:00,230.0,231.52000427246094,228.57000732421875,229.02999877929688,203.7080535888672,2060000,0.0,0.0
2022-10-10 00:00:00-04:00,231.0800018310547,234.13999938964844,229.88999938964844,232.14999389648438,206.4830780029297,1630100,0.0,0.0
2022-10-11 00:00:00-04:00,239.49000549316406,250.47999572753906,237.83999633789062,245.44000244140625,218.3037109375,6256000,0.0,0.0
2022-10-12 00:00:00-04:00,244.36000061035156,248.72999572753906,243.41000366210938,246.44000244140625,219.1931610107422,2639800,0.0,0.0
2022-10-13 00:00:00-04:00,244.77000427246094,252.3699951171875,242.83999633789062,251.66000366210938,223.83602905273438,3288900,0.0,0.0
2022-10-14 00:00:00-04:00,252.0,253.11000061035156,250.22999572753906,251.33999633789062,223.5513916015625,2864400,0.0,0.0
2022-10-17 00:00:00-04:00,251.4199981689453,253.4199981689453,249.49000549316406,252.92999267578125,224.965576171875,2577100,0.0,0.0
2022-10-18 00:00:00-04:00,253.86000061035156,254.6999969482422,251.02999877929688,252.1199951171875,224.2451629638672,2060000,0.0,0.0
2022-10-19 00:00:00-04:00,251.30999755859375,252.35000610351562,246.94000244140625,248.19000244140625,220.74964904785156,1883000,0.0,0.0
2022-10-20 00:00:00-04:00,247.5500030517578,249.05999755859375,246.00999450683594,247.4499969482422,220.0914764404297,2058000,0.0,0.0
2022-10-21 00:00:00-04:00,247.52000427246094,252.38999938964844,247.00999450683594,251.94000244140625,224.08506774902344,3531200,0.0,0.0
2022-10-24 00:00:00-04:00,254.9499969482422,261.5899963378906,254.89999389648438,261.32000732421875,232.427978515625,2883200,0.0,0.0
2022-10-25 00:00:00-04:00,260.489990234375,261.7900085449219,257.19000244140625,259.989990234375,231.24497985839844,2548900,0.0,0.0
2022-10-26 00:00:00-04:00,262.989990234375,267.9800109863281,261.510009765625,266.6600036621094,237.1775665283203,3008900,0.0,0.0
2022-10-27 00:00:00-04:00,268.0,269.30999755859375,265.8800048828125,267.2300109863281,237.68460083007812,2260900,0.0,0.0
2022-10-28 00:00:00-04:00,269.67999267578125,274.5400085449219,269.1199951171875,273.80999755859375,243.53707885742188,2924100,0.0,0.0
2022-10-31 00:00:00-04:00,269.20001220703125,271.80999755859375,268.0,270.3500061035156,240.45962524414062,3033600,0.0,0.0
2022-11-01 00:00:00-04:00,269.6000061035156,272.8699951171875,268.3800048828125,272.05999755859375,241.98057556152344,2062600,0.0,0.0
2022-11-02 00:00:00-04:00,271.6400146484375,274.8800048828125,268.95001220703125,269.010009765625,239.26776123046875,2637300,0.0,0.0
2022-11-03 00:00:00-04:00,268.5299987792969,268.6000061035156,265.0199890136719,265.8800048828125,236.48382568359375,2779500,0.0,0.0
2022-11-04 00:00:00-04:00,261.94000244140625,269.29998779296875,259.8399963378906,269.0400085449219,239.29446411132812,3402000,0.0,0.0
2022-11-07 00:00:00-05:00,268.1499938964844,277.4800109863281,267.75,277.0199890136719,246.3921356201172,2926700,0.0,0.0
2022-11-08 00:00:00-05:00,282.57000732421875,296.6700134277344,282.2200012207031,292.3900146484375,260.0628662109375,6911300,0.0,0.0
2022-11-09 00:00:00-05:00,290.0,296.2200012207031,289.260009765625,289.6499938964844,257.62579345703125,3469100,0.0,0.0
2022-11-10 00:00:00-05:00,294.0799865722656,294.4800109863281,285.3500061035156,291.010009765625,258.8354187011719,4083200,0.0,0.0
2022-11-11 00:00:00-05:00,288.54998779296875,289.3599853515625,279.6199951171875,285.0199890136719,253.50767517089844,3255100,0.0,0.0
2022-11-14 00:00:00-05:00,284.70001220703125,290.8999938964844,284.70001220703125,285.29998779296875,253.75668334960938,2812800,0.0,0.0
2022-11-15 00:00:00-05:00,286.0199890136719,289.42999267578125,280.2200012207031,283.6000061035156,252.24464416503906,2763200,0.0,0.0
2022-11-16 00:00:00-05:00,284.0199890136719,286.989990234375,282.55999755859375,283.7699890136719,254.13427734375,2443500,1.94,0.0
2022-11-17 00:00:00-05:00,282.9200134277344,288.79998779296875,282.6600036621094,287.29998779296875,257.2956848144531,2172000,0.0,0.0
2022-11-18 00:00:00-05:00,284.42999267578125,288.739990234375,284.42999267578125,287.2900085449219,257.28668212890625,2371700,0.0,0.0
2022-11-21 00:00:00-05:00,289.0899963378906,291.6000061035156,287.8999938964844,288.1600036621094,258.0658264160156,2795100,0.0,0.0
2022-11-22 00:00:00-05:00,288.010009765625,289.3999938964844,283.5199890136719,287.04998779296875,257.0717468261719,3636000,0.0,0.0
2022-11-23 00:00:00-05:00,287.44000244140625,289.5400085449219,281.6000061035156,283.3999938964844,253.802978515625,2875600,0.0,0.0
2022-11-25 00:00:00-05:00,281.95001220703125,285.57000732421875,281.4100036621094,283.739990234375,254.10743713378906,1220700,0.0,0.0
2022-11-28 00:00:00-05:00,285.0,288.2799987792969,282.19000244140625,282.6199951171875,253.10440063476562,2375900,0.0,0.0
2022-11-29 00:00:00-05:00,283.3800048828125,283.3800048828125,279.67999267578125,281.989990234375,252.54022216796875,2135300,0.0,0.0
2022-11-30 00:00:00-05:00,282.55999755859375,287.9599914550781,278.92999267578125,286.3999938964844,256.48968505859375,5776200,0.0,0.0
2022-12-01 00:00:00-05:00,288.0,288.0899963378906,279.8800048828125,285.94000244140625,256.07769775390625,2914600,0.0,0.0
2022-12-02 00:00:00-05:00,284.05999755859375,286.1199951171875,283.19000244140625,285.510009765625,255.69264221191406,2267000,0.0,0.0
2022-12-05 00:00:00-05:00,283.7900085449219,286.7799987792969,283.0,284.9100036621094,255.15524291992188,3274700,0.0,0.0
2022-12-06 00:00:00-05:00,285.8399963378906,287.44000244140625,281.69000244140625,283.2900085449219,253.7044219970703,2608800,0.0,0.0
2022-12-07 00:00:00-05:00,283.4100036621094,285.92999267578125,281.80999755859375,285.760009765625,255.91650390625,2492600,0.0,0.0
2022-12-08 00:00:00-05:00,286.510009765625,286.5899963378906,283.739990234375,285.57000732421875,255.746337890625,1769800,0.0,0.0
2022-12-09 00:00:00-05:00,284.19000244140625,285.1700134277344,278.3399963378906,278.6499938964844,249.54904174804688,2205700,0.0,0.0
2022-12-12 00:00:00-05:00,272.82000732421875,279.4800109863281,272.6300048828125,276.7799987792969,247.8743438720703,3427400,0.0,0.0
2022-12-13 00:00:00-05:00,282.0199890136719,282.6700134277344,271.6199951171875,272.260009765625,243.82640075683594,3871300,0.0,0.0
2022-12-14 00:00:00-05:00,271.9700012207031,273.3699951171875,267.2900085449219,271.1300048828125,242.81436157226562,3795000,0.0,0.0
2022-12-15 00:00:00-05:00,270.44000244140625,271.1199951171875,263.45001220703125,266.1400146484375,238.34559631347656,3200400,0.0,0.0
2022-12-16 00:00:00-05:00,264.95001220703125,267.9800109863281,264.30999755859375,267.4100036621094,239.48291015625,8789000,0.0,0.0
2022-12-19 00:00:00-05:00,266.82000732421875,268.9100036621094,263.80999755859375,265.70001220703125,237.95144653320312,2679800,0.0,0.0
2022-12-20 00:00:00-05:00,266.69000244140625,267.67999267578125,262.82000732421875,264.75,237.1007080078125,1609100,0.0,0.0
2022-12-21 00:00:00-05:00,264.8800048828125,267.3999938964844,264.25,266.260009765625,238.45301818847656,2057000,0.0,0.0
2022-12-22 00:00:00-05:00,265.79998779296875,266.1700134277344,263.19000244140625,265.260009765625,237.5574493408203,1979100,0.0,0.0
2022-12-23 00:00:00-05:00,264.8800048828125,265.2900085449219,262.8999938964844,263.9200134277344,236.3573760986328,1465500,0.0,0.0
2022-12-27 00:00:00-05:00,265.69000244140625,266.6099853515625,262.8800048828125,263.3900146484375,235.88275146484375,1604700,0.0,0.0
2022-12-28 00:00:00-05:00,264.4200134277344,265.6199951171875,261.1400146484375,261.4200134277344,234.1184844970703,1349500,0.0,0.0
2022-12-29 00:00:00-05:00,262.4700012207031,264.8800048828125,262.1400146484375,263.1600036621094,235.67674255371094,1446400,0.0,0.0
2022-12-30 00:00:00-05:00,262.7300109863281,263.2300109863281,259.510009765625,262.6400146484375,235.21104431152344,1622000,0.0,0.0
2023-01-03 00:00:00-05:00,260.8699951171875,262.6000061035156,258.8699951171875,261.6499938964844,234.32443237304688,2594800,0.0,0.0
2023-01-04 00:00:00-05:00,263.010009765625,265.010009765625,261.0,264.3900146484375,236.77828979492188,1773800,0.0,0.0
2023-01-05 00:00:00-05:00,264.07000732421875,268.0,262.5199890136719,266.8599853515625,238.99029541015625,2056000,0.0,0.0
2023-01-06 00:00:00-05:00,270.0400085449219,276.82000732421875,269.0299987792969,275.20001220703125,246.4593505859375,2887800,0.0,0.0
2023-01-09 00:00:00-05:00,275.5799865722656,275.5799865722656,268.6600036621094,270.1199951171875,241.9098663330078,2160700,0.0,0.0
2023-01-10 00:00:00-05:00,271.95001220703125,274.6099853515625,270.1099853515625,273.8800048828125,245.27713012695312,1783400,0.0,0.0
2023-01-11 00:00:00-05:00,275.9700012207031,276.8399963378906,270.17999267578125,272.9100036621094,244.40847778320312,2044400,0.0,0.0
2023-01-12 00:00:00-05:00,271.9200134277344,272.6499938964844,268.8900146484375,270.9200134277344,242.6263885498047,1454100,0.0,0.0
2023-01-13 00:00:00-05:00,270.94000244140625,272.2300109863281,270.20001220703125,271.7300109863281,243.35171508789062,1696800,0.0,0.0
2023-01-17 00:00:00-05:00,272.20001220703125,273.8299865722656,268.8299865722656,269.4200134277344,241.28298950195312,2472800,0.0,0.0
2023-01-18 00:00:00-05:00,269.4200134277344,270.5199890136719,263.6499938964844,264.3900146484375,236.77828979492188,2218100,0.0,0.0
2023-01-19 00:00:00-05:00,262.0,263.5199890136719,260.92999267578125,262.0299987792969,234.66473388671875,2090500,0.0,0.0
2023-01-20 00:00:00-05:00,262.0299987792969,263.8399963378906,259.8699951171875,263.239990234375,235.74835205078125,2574100,0.0,0.0
2023-01-23 00:00:00-05:00,264.0,264.7300109863281,259.80999755859375,260.9700012207031,233.7154541015625,2025000,0.0,0.0
2023-01-24 00:00:00-05:00,261.8500061035156,262.0,257.5199890136719,259.70001220703125,232.57806396484375,1596900,0.0,0.0
2023-01-25 00:00:00-05:00,260.0899963378906,261.54998779296875,256.0199890136719,256.5400085449219,229.7480926513672,1910600,0.0,0.0
2023-01-26 00:00:00-05:00,256.5400085449219,256.69000244140625,253.00999450683594,254.8800048828125,228.26144409179688,2522100,0.0,0.0
2023-01-27 00:00:00-05:00,254.8699951171875,255.5,252.5399932861328,253.64999389648438,227.15989685058594,2109900,0.0,0.0
2023-01-30 00:00:00-05:00,253.4600067138672,254.16000366210938,250.60000610351562,251.58999633789062,225.3150634765625,2042800,0.0,0.0
2023-01-31 00:00:00-05:00,253.86000061035156,253.86000061035156,249.88999938964844,252.39999389648438,226.0404815673828,3418300,0.0,0.0
2023-02-01 00:00:00-05:00,249.16000366210938,249.5500030517578,240.0,246.41000366210938,220.67608642578125,5344700,0.0,0.0
2023-02-02 00:00:00-05:00,243.77999877929688,246.57000732421875,236.3699951171875,246.52999877929688,220.78350830078125,5489100,0.0,0.0
2023-02-03 00:00:00-05:00,249.9600067138672,249.9600067138672,242.2100067138672,245.1699981689453,219.56553649902344,3073000,0.0,0.0
2023-02-06 00:00:00-05:00,245.36000061035156,246.8000030517578,243.4499969482422,243.85000610351562,218.38339233398438,2196900,0.0,0.0
2023-02-07 00:00:00-05:00,243.02000427246094,244.94000244140625,241.4199981689453,244.0,218.51771545410156,2408000,0.0,0.0
2023-02-08 00:00:00-05:00,242.99000549316406,243.55999755859375,239.60000610351562,240.1999969482422,215.11460876464844,2761200,0.0,0.0
2023-02-09 00:00:00-05:00,241.1199951171875,243.4600067138672,238.99000549316406,240.0,214.93544006347656,3056200,0.0,0.0
2023-02-10 00:00:00-05:00,241.9199981689453,244.13999938964844,240.41000366210938,242.5,217.1743927001953,2687200,0.0,0.0
2023-02-13 00:00:00-05:00,243.1999969482422,243.8300018310547,241.3000030517578,243.66000366210938,218.21324157714844,2321900,0.0,0.0
2023-02-14 00:00:00-05:00,242.6999969482422,243.0,239.11000061035156,241.02999877929688,217.76150512695312,2015900,2.13,0.0
2023-02-15 00:00:00-05:00,240.2100067138672,240.5399932861328,238.72999572753906,240.07000732421875,216.89414978027344,1783300,0.0,0.0
2023-02-16 00:00:00-05:00,238.4600067138672,239.00999450683594,234.0399932861328,234.22000122070312,211.60890197753906,3291800,0.0,0.0
2023-02-17 00:00:00-05:00,235.33999633789062,241.72000122070312,233.7100067138672,240.52999877929688,217.3097686767578,2978100,0.0,0.0
2023-02-21 00:00:00-05:00,240.7899932861328,241.9199981689453,238.1999969482422,238.24000549316406,215.2408447265625,2524100,0.0,0.0
2023-02-22 00:00:00-05:00,240.3000030517578,240.99000549316406,235.75,236.16000366210938,213.3616485595703,2187600,0.0,0.0
2023-02-23 00:00:00-05:00,236.6999969482422,237.86000061035156,234.75,237.6199951171875,214.68067932128906,2211600,0.0,0.0
2023-02-24 00:00:00-05:00,236.8300018310547,237.05999755859375,233.1199951171875,233.66000366210938,211.10296630859375,1853900,0.0,0.0
2023-02-27 00:00:00-05:00,235.22000122070312,235.22000122070312,232.88999938964844,234.4499969482422,211.81671142578125,1723000,0.0,0.0
2023-02-28 00:00:00-05:00,233.6300048828125,234.47000122070312,231.60000610351562,231.66000366210938,209.29608154296875,2615700,0.0,0.0
2023-03-01 00:00:00-05:00,230.3699951171875,236.44000244140625,230.13999938964844,236.19000244140625,213.3887481689453,2441300,0.0,0.0
2023-03-02 00:00:00-05:00,236.1199951171875,236.3699951171875,233.89999389648438,234.74000549316406,212.07872009277344,1777100,0.0,0.0
2023-03-03 00:00:00-05:00,235.0,235.88999938964844,233.60000610351562,234.80999755859375,212.14193725585938,2214500,0.0,0.0
2023-03-06 00:00:00-05:00,235.0,235.6300048828125,233.63999938964844,235.11000061035156,212.4130096435547,2591000,0.0,0.0
2023-03-07 00:00:00-05:00,235.11000061035156,235.1999969482422,228.35000610351562,228.72000122070312,206.639892578125,2362200,0.0,0.0
2023-03-08 00:00:00-05:00,230.16000366210938,231.8000030517578,227.3699951171875,228.42999267578125,206.37789916992188,1842200,0.0,0.0
2023-03-09 00:00:00-05:00,229.49000549316406,229.8300018310547,225.39999389648438,225.7899932861328,203.99273681640625,1736900,0.0,0.0
2023-03-10 00:00:00-05:00,226.77000427246094,230.27999877929688,225.6300048828125,227.8699951171875,205.87191772460938,2661800,0.0,0.0
2023-03-13 00:00:00-04:00,231.17999267578125,237.27000427246094,230.5,233.17999267578125,210.6693115234375,3146000,0.0,0.0
2023-03-14 00:00:00-04:00,233.4600067138672,233.4600067138672,229.41000366210938,230.5800018310547,208.3203125,3227100,0.0,0.0
2023-03-15 00:00:00-04:00,230.39999389648438,235.57000732421875,228.5500030517578,234.89999389648438,212.22328186035156,3092300,0.0,0.0
2023-03-16 00:00:00-04:00,233.74000549316406,234.66000366210938,230.05999755859375,234.57000732421875,211.92514038085938,2326000,0.0,0.0
2023-03-17 00:00:00-04:00,233.57000732421875,233.80999755859375,228.52000427246094,229.7899932861328,207.6065673828125,7817000,0.0,0.0
2023-03-20 00:00:00-04:00,230.5800018310547,235.16000366210938,230.13999938964844,234.72000122070312,212.0606689453125,2020800,0.0,0.0
2023-03-21 00:00:00-04:00,234.72000122070312,235.27999877929688,231.0399932861328,232.9499969482422,210.4615478515625,2128600,0.0,0.0
2023-03-22 00:00:00-04:00,233.4499969482422,233.9499969482422,229.58999633789062,229.8300018310547,207.6427001953125,1725100,0.0,0.0
2023-03-23 00:00:00-04:00,230.0399932861328,234.10000610351562,229.88999938964844,233.10000610351562,210.59707641601562,2175700,0.0,0.0
2023-03-24 00:00:00-04:00,234.22000122070312,238.5,233.00999450683594,238.02999877929688,215.05111694335938,2547300,0.0,0.0
2023-03-27 00:00:00-04:00,239.61000061035156,239.9499969482422,235.07000732421875,236.75999450683594,213.90370178222656,2129100,0.0,0.0
2023-03-28 00:00:00-04:00,237.0,238.67999267578125,236.91000366210938,238.47999572753906,215.45765686035156,1887800,0.0,0.0
2023-03-29 00:00:00-04:00,239.7100067138672,241.58999633789062,238.3300018310547,241.02999877929688,217.76150512695312,2744000,0.0,0.0
2023-03-30 00:00:00-04:00,242.52999877929688,242.80999755859375,240.11000061035156,241.5,218.18609619140625,2577000,0.0,0.0
2023-03-31 00:00:00-04:00,241.42999267578125,242.39999389648438,239.14999389648438,241.75,218.4119873046875,2762500,0.0,0.0
2023-04-03 00:00:00-04:00,242.0,244.75,241.36000061035156,244.44000244140625,220.84231567382812,2478700,0.0,0.0
2023-04-04 00:00:00-04:00,244.52000427246094,248.11000061035156,243.8000030517578,247.52999877929688,223.6339874267578,2942800,0.0,0.0
2023-04-05 00:00:00-04:00,248.57000732421875,253.7100067138672,248.22999572753906,253.3699951171875,228.91024780273438,2468000,0.0,0.0
2023-04-06 00:00:00-04:00,254.36000061035156,255.42999267578125,252.92999267578125,253.32000732421875,228.86505126953125,2047800,0.0,0.0
2023-04-10 00:00:00-04:00,256.44000244140625,256.44000244140625,250.0500030517578,250.89999389648438,226.67864990234375,1595600,0.0,0.0
2023-04-11 00:00:00-04:00,251.4199981689453,253.0800018310547,250.97999572753906,251.42999267578125,227.15750122070312,1272800,0.0,0.0
2023-04-12 00:00:00-04:00,252.5,252.7100067138672,248.8800048828125,249.5,225.41380310058594,2268900,0.0,0.0
2023-04-13 00:00:00-04:00,248.60000610351562,251.89999389648438,248.27000427246094,251.44000244140625,227.1665496826172,2020900,0.0,0.0
2023-04-14 00:00:00-04:00,250.6199951171875,251.75999450683594,248.9600067138672,250.0,225.86557006835938,1866200,0.0,0.0
2023-04-17 00:00:00-04:00,250.88999938964844,251.5,247.5800018310547,248.07000732421875,224.12188720703125,1784800,0.0,0.0
2023-04-18 00:00:00-04:00,248.3699951171875,249.00999450683594,244.64999389648438,246.08999633789062,222.3330078125,1638800,0.0,0.0
2023-04-19 00:00:00-04:00,245.25,246.75999450683594,244.3699951171875,246.2100067138672,222.44142150878906,1246500,0.0,0.0
2023-04-20 00:00:00-04:00,246.1199951171875,246.39999389648438,243.0500030517578,243.4600067138672,219.95693969726562,1691300,0.0,0.0
2023-04-21 00:00:00-04:00,243.4600067138672,243.9199981689453,242.64999389648438,243.86000061035156,220.3183135986328,1721300,0.0,0.0
2023-04-24 00:00:00-04:00,243.1999969482422,245.3699951171875,242.3300018310547,244.4499969482422,220.85134887695312,1232100,0.0,0.0
2023-04-25 00:00:00-04:00,245.1199951171875,246.52999877929688,244.30999755859375,244.8699951171875,221.2307586669922,1509700,0.0,0.0
2023-04-26 00:00:00-04:00,242.0800018310547,243.5500030517578,238.5800018310547,238.8000030517578,215.74681091308594,2002900,0.0,0.0
2023-04-27 00:00:00-04:00,239.24000549316406,240.7100067138672,235.39999389648438,240.33999633789062,217.13809204101562,2533900,0.0,0.0
2023-04-28 00:00:00-04:00,236.82000732421875,240.10000610351562,233.1699981689453,239.74000549316406,216.5960235595703,2721400,0.0,0.0
2023-05-01 00:00:00-04:00,240.02999877929688,241.3000030517578,238.08999633789062,238.89999389648438,215.8371124267578,1920500,0.0,0.0
2023-05-02 00:00:00-04:00,238.0800018310547,239.0,235.38999938964844,235.97000122070312,213.18997192382812,2127200,0.0,0.0
2023-05-03 00:00:00-04:00,235.97000122070312,236.3000030517578,228.97999572753906,229.30999755859375,207.1728973388672,2998000,0.0,0.0
2023-05-04 00:00:00-04:00,230.30999755859375,232.02999877929688,229.14999389648438,231.88999938964844,209.5038604736328,2228500,0.0,0.0
2023-05-05 00:00:00-04:00,232.66000366210938,237.0399932861328,232.07000732421875,236.52999877929688,213.6959228515625,2806800,0.0,0.0
2023-05-08 00:00:00-04:00,235.33999633789062,235.74000549316406,232.1999969482422,234.6199951171875,211.97032165527344,1667800,0.0,0.0
2023-05-09 00:00:00-04:00,234.63999938964844,235.44000244140625,233.22000122070312,234.42999267578125,211.7986297607422,1468900,0.0,0.0
2023-05-10 00:00:00-04:00,234.88999938964844,235.0,231.35000610351562,234.11000061035156,211.50953674316406,1530800,0.0,0.0
2023-05-11 00:00:00-04:00,234.64999389648438,234.99000549316406,230.41000366210938,232.2899932861328,209.865234375,1612400,0.0,0.0
2023-05-12 00:00:00-04:00,233.02999877929688,233.5500030517578,231.2100067138672,232.9499969482422,210.4615478515625,1295600,0.0,0.0
2023-05-15 00:00:00-04:00,233.27000427246094,233.9199981689453,232.1199951171875,233.52999877929688,210.9855194091797,1551300,0.0,0.0
2023-05-16 00:00:00-04:00,234.2100067138672,234.50999450683594,227.74000549316406,227.8800048828125,205.8809814453125,2646500,0.0,0.0
2023-05-17 00:00:00-04:00,226.02000427246094,226.08999633789062,220.44000244140625,225.02000427246094,205.21519470214844,3352900,2.13,0.0
2023-05-18 00:00:00-04:00,224.75,224.75,221.9199981689453,224.22999572753906,204.4947509765625,2245300,0.0,0.0
2023-05-19 00:00:00-04:00,224.44000244140625,225.8800048828125,222.77999877929688,223.4199981689453,203.75604248046875,2395700,0.0,0.0
2023-05-22 00:00:00-04:00,224.85000610351562,226.82000732421875,222.82000732421875,223.99000549316406,204.27587890625,1848600,0.0,0.0
2023-05-23 00:00:00-04:00,224.2100067138672,226.82000732421875,222.8000030517578,224.44000244140625,204.68626403808594,2296600,0.0,0.0
2023-05-24 00:00:00-04:00,225.63999938964844,225.9600067138672,221.0399932861328,221.32000732421875,201.8408660888672,1765000,0.0,0.0
2023-05-25 00:00:00-04:00,220.10000610351562,220.10000610351562,214.92999267578125,217.4600067138672,198.32058715820312,2968200,0.0,0.0
2023-05-26 00:00:00-04:00,215.9600067138672,218.47999572753906,214.47999572753906,216.92999267578125,197.8372039794922,3081000,0.0,0.0
2023-05-30 00:00:00-04:00,215.02999877929688,219.0,214.72000122070312,218.52999877929688,199.29640197753906,3125900,0.0,0.0
2023-05-31 00:00:00-04:00,219.5800018310547,221.85000610351562,217.19000244140625,220.64999389648438,201.22982788085938,3884700,0.0,0.0
2023-06-01 00:00:00-04:00,219.9600067138672,220.60000610351562,211.7100067138672,214.27000427246094,195.41136169433594,4831400,0.0,0.0
2023-06-02 00:00:00-04:00,213.75,218.75999450683594,212.02000427246094,218.07000732421875,198.87692260742188,3687200,0.0,0.0
2023-06-05 00:00:00-04:00,219.6699981689453,223.0399932861328,218.47000122070312,221.8800048828125,202.35159301757812,2498700,0.0,0.0
2023-06-06 00:00:00-04:00,223.0800018310547,223.1699981689453,219.27999877929688,221.22000122070312,201.74966430664062,1736100,0.0,0.0
2023-06-07 00:00:00-04:00,220.75999450683594,221.8699951171875,219.72999572753906,221.25,201.7770233154297,2555400,0.0,0.0
2023-06-08 00:00:00-04:00,221.25999450683594,221.88999938964844,219.36000061035156,220.75999450683594,201.3301544189453,1877300,0.0,0.0
2023-06-09 00:00:00-04:00,219.33999633789062,220.94000244140625,217.77000427246094,218.75999450683594,199.50621032714844,1707900,0.0,0.0
2023-06-12 00:00:00-04:00,219.25,219.25,215.32000732421875,217.36000061035156,198.2294158935547,2704300,0.0,0.0
2023-06-13 00:00:00-04:00,217.42999267578125,222.33999633789062,216.92999267578125,221.99000549316406,202.451904296875,2318500,0.0,0.0
2023-06-14 00:00:00-04:00,223.25999450683594,223.69000244140625,221.10000610351562,222.27999877929688,202.71636962890625,2453000,0.0,0.0
2023-06-15 00:00:00-04:00,223.00999450683594,228.85000610351562,222.97000122070312,228.44000244140625,208.334228515625,2633900,0.0,0.0
2023-06-16 00:00:00-04:00,230.0399932861328,231.9499969482422,227.75,229.66000366210938,209.44686889648438,6765000,0.0,0.0
2023-06-20 00:00:00-04:00,229.02999877929688,230.83999633789062,227.19000244140625,228.58999633789062,208.47097778320312,2492700,0.0,0.0
2023-06-21 00:00:00-04:00,228.17999267578125,230.0,225.58999633789062,227.0399932861328,207.0574188232422,2282600,0.0,0.0
2023-06-22 00:00:00-04:00,227.30999755859375,229.8800048828125,226.75999450683594,229.66000366210938,209.44686889648438,1607200,0.0,0.0
2023-06-23 00:00:00-04:00,229.8699951171875,230.5399932861328,226.41000366210938,227.11000061035156,207.1212921142578,4130700,0.0,0.0
2023-06-26 00:00:00-04:00,226.8000030517578,226.8000030517578,220.1199951171875,224.72999572753906,204.95071411132812,2565500,0.0,0.0
2023-06-27 00:00:00-04:00,224.16000366210938,224.63999938964844,221.1300048828125,222.61000061035156,203.017333984375,2705900,0.0,0.0
2023-06-28 00:00:00-04:00,222.24000549316406,222.35000610351562,218.64999389648438,221.30999755859375,201.8317413330078,2263400,0.0,0.0
2023-06-29 00:00:00-04:00,219.6199951171875,221.66000366210938,218.8800048828125,221.16000366210938,201.69493103027344,1860300,0.0,0.0
2023-06-30 00:00:00-04:00,222.0,223.11000061035156,221.00999450683594,222.02000427246094,202.47923278808594,2843300,0.0,0.0
2023-07-03 00:00:00-04:00,221.2100067138672,225.57000732421875,219.83999633789062,225.00999450683594,205.2061004638672,1479200,0.0,0.0
2023-07-05 00:00:00-04:00,224.66000366210938,227.32000732421875,222.41000366210938,225.8800048828125,205.99954223632812,2440400,0.0,0.0
2023-07-06 00:00:00-04:00,224.9199981689453,225.99000549316406,221.6999969482422,222.97999572753906,203.3547821044922,2457800,0.0,0.0
2023-07-07 00:00:00-04:00,221.86000061035156,222.16000366210938,218.44000244140625,218.64999389648438,199.40586853027344,2841500,0.0,0.0
2023-07-10 00:00:00-04:00,219.16000366210938,224.89999389648438,218.61000061035156,224.72999572753906,204.95071411132812,2501700,0.0,0.0
2023-07-11 00:00:00-04:00,223.8300018310547,225.5800018310547,222.27000427246094,223.86000061035156,204.15733337402344,2021500,0.0,0.0
2023-07-12 00:00:00-04:00,225.1699981689453,227.32000732421875,224.08999633789062,225.67999267578125,205.81710815429688,2619500,0.0,0.0
2023-07-13 00:00:00-04:00,225.85000610351562,228.1199951171875,225.0,227.66000366210938,207.62286376953125,1803600,0.0,0.0
2023-07-14 00:00:00-04:00,227.83999633789062,228.66000366210938,225.9600067138672,227.42999267578125,207.41310119628906,2044700,0.0,0.0
2023-07-17 00:00:00-04:00,226.8699951171875,228.60000610351562,224.33999633789062,227.83999633789062,207.7870330810547,2049200,0.0,0.0
2023-07-18 00:00:00-04:00,227.7899932861328,234.07000732421875,227.39999389648438,232.57000732421875,212.10072326660156,2621200,0.0,0.0
2023-07-19 00:00:00-04:00,232.97999572753906,234.5500030517578,231.99000549316406,232.0500030517578,211.62649536132812,2047200,0.0,0.0
2023-07-20 00:00:00-04:00,233.80999755859375,238.47999572753906,232.91000366210938,233.22999572753906,212.70262145996094,3741300,0.0,0.0
2023-07-21 00:00:00-04:00,233.77000427246094,236.3800048828125,232.77999877929688,234.82000732421875,214.15269470214844,9381100,0.0,0.0
2023-07-24 00:00:00-04:00,235.0,236.1300048828125,233.9199981689453,235.4199981689453,214.6998748779297,1771300,0.0,0.0
2023-07-25 00:00:00-04:00,234.36000061035156,236.57000732421875,234.27999877929688,235.30999755859375,214.59957885742188,1325600,0.0,0.0
2023-07-26 00:00:00-04:00,233.9499969482422,235.74000549316406,232.44000244140625,235.2100067138672,214.5083465576172,1576800,0.0,0.0
2023-07-27 00:00:00-04:00,234.47999572753906,238.47999572753906,234.30999755859375,236.0500030517578,215.2744140625,2439600,0.0,0.0
2023-07-28 00:00:00-04:00,236.82000732421875,238.17999267578125,235.08999633789062,236.3699951171875,215.5662841796875,1889500,0.0,0.0
2023-07-31 00:00:00-04:00,236.47999572753906,236.47999572753906,233.02000427246094,234.14999389648438,213.54164123535156,2826600,0.0,0.0
2023-08-01 00:00:00-04:00,234.92999267578125,235.3800048828125,230.58999633789062,232.1199951171875,211.69032287597656,1843400,0.0,0.0
2023-08-02 00:00:00-04:00,232.72000122070312,233.02999877929688,228.6999969482422,230.41000366210938,210.1308135986328,2593500,0.0,0.0
2023-08-03 00:00:00-04:00,230.7899932861328,231.10000610351562,228.2100067138672,230.6999969482422,210.39532470703125,2322200,0.0,0.0
2023-08-04 00:00:00-04:00,237.91000366210938,246.4199981689453,237.0,243.27999877929688,221.86810302734375,5181200,0.0,0.0
2023-08-07 00:00:00-04:00,244.25,253.82000732421875,243.4600067138672,252.94000244140625,230.67788696289062,4076600,0.0,0.0
2023-08-08 00:00:00-04:00,257.5199890136719,263.7900085449219,256.5,260.79998779296875,237.8460693359375,5321600,0.0,0.0
2023-08-09 00:00:00-04:00,259.9200134277344,263.7699890136719,259.1199951171875,259.32000732421875,236.49636840820312,2428100,0.0,0.0
2023-08-10 00:00:00-04:00,261.5400085449219,264.7799987792969,260.4599914550781,262.05999755859375,238.99520874023438,1919200,0.0,0.0
2023-08-11 00:00:00-04:00,261.70001220703125,264.1099853515625,260.8299865722656,262.510009765625,239.40560913085938,1560600,0.0,0.0
2023-08-14 00:00:00-04:00,262.2200012207031,263.4700012207031,259.8500061035156,260.9700012207031,238.0011444091797,1966100,0.0,0.0
2023-08-15 00:00:00-04:00,261.32000732421875,266.6300048828125,259.9599914550781,266.010009765625,242.59754943847656,2781200,0.0,0.0
2023-08-16 00:00:00-04:00,266.3299865722656,268.239990234375,264.5799865722656,265.0199890136719,241.6947021484375,2244000,0.0,0.0
2023-08-17 00:00:00-04:00,263.8699951171875,266.5799865722656,263.2699890136719,263.8500061035156,242.57728576660156,2256100,2.13,0.0
2023-08-18 00:00:00-04:00,262.6099853515625,262.989990234375,261.07000732421875,261.82000732421875,240.71095275878906,2814500,0.0,0.0
2023-08-21 00:00:00-04:00,261.5799865722656,262.4700012207031,259.010009765625,260.70001220703125,239.6812744140625,2324100,0.0,0.0
2023-08-22 00:00:00-04:00,260.239990234375,260.3999938964844,257.3500061035156,257.6199951171875,236.84957885742188,1720300,0.0,0.0
2023-08-23 00:00:00-04:00,259.5,259.8500061035156,255.97999572753906,257.3599853515625,236.6105194091797,2256800,0.0,0.0
2023-08-24 00:00:00-04:00,256.7300109863281,260.19000244140625,256.1700134277344,256.6199951171875,235.93020629882812,1888900,0.0,0.0
2023-08-25 00:00:00-04:00,257.1099853515625,257.739990234375,254.80999755859375,256.3800048828125,235.70957946777344,1786600,0.0,0.0
2023-08-28 00:00:00-04:00,256.9599914550781,258.1199951171875,255.13999938964844,256.54998779296875,235.86582946777344,1661300,0.0,0.0
2023-08-29 00:00:00-04:00,257.3599853515625,259.8500061035156,256.82000732421875,259.6400146484375,238.7067108154297,2216600,0.0,0.0
2023-08-30 00:00:00-04:00,260.0,260.8699951171875,256.95001220703125,257.8800048828125,237.088623046875,1694300,0.0,0.0
2023-08-31 00:00:00-04:00,258.2200012207031,259.0,256.2900085449219,256.3399963378906,235.67276000976562,2065000,0.0,0.0
2023-09-01 00:00:00-04:00,258.67999267578125,259.0299987792969,256.1000061035156,256.7099914550781,236.01292419433594,1350200,0.0,0.0
2023-09-05 00:00:00-04:00,256.7099914550781,257.3900146484375,253.9199981689453,254.00999450683594,233.53062438964844,1763600,0.0,0.0
2023-09-06 00:00:00-04:00,254.44000244140625,254.44000244140625,248.3800048828125,249.00999450683594,228.93374633789062,1988900,0.0,0.0
2023-09-07 00:00:00-04:00,250.5399932861328,254.6999969482422,250.39999389648438,254.38999938964844,233.87997436523438,2228300,0.0,0.0
2023-09-08 00:00:00-04:00,255.75,260.3399963378906,254.97000122070312,259.42999267578125,238.513671875,2449000,0.0,0.0
2023-09-11 00:00:00-04:00,258.2099914550781,262.80999755859375,257.4100036621094,261.7200012207031,240.61904907226562,2135100,0.0,0.0
2023-09-12 00:00:00-04:00,262.67999267578125,263.0199890136719,257.8599853515625,260.30999755859375,239.3227081298828,1574000,0.0,0.0
2023-09-13 00:00:00-04:00,259.3399963378906,260.2200012207031,257.0199890136719,257.2300109863281,236.4910430908203,2182800,0.0,0.0
2023-09-14 00:00:00-04:00,258.8999938964844,263.1400146484375,258.5400085449219,262.29998779296875,241.15225219726562,3072400,0.0,0.0
2023-09-15 00:00:00-04:00,263.760009765625,263.92999267578125,259.82000732421875,260.7200012207031,239.69967651367188,6161100,0.0,0.0
2023-09-18 00:00:00-04:00,263.3800048828125,265.2200012207031,261.92999267578125,263.1499938964844,241.93374633789062,1770100,0.0,0.0
2023-09-19 00:00:00-04:00,263.1400146484375,265.7699890136719,262.44000244140625,264.30999755859375,243.0001678466797,1528200,0.0,0.0
2023-09-20 00:00:00-04:00,265.0,273.0799865722656,263.9700012207031,271.4599914550781,249.57376098632812,3575300,0.0,0.0
2023-09-21 00:00:00-04:00,272.07000732421875,272.4800109863281,267.70001220703125,269.4100036621094,247.68899536132812,2437100,0.0,0.0
2023-09-22 00:00:00-04:00,267.6700134277344,269.5,266.5199890136719,267.70001220703125,246.11691284179688,1894100,0.0,0.0
2023-09-25 00:00:00-04:00,267.5400085449219,267.80999755859375,265.010009765625,266.8599853515625,245.34457397460938,1705300,0.0,0.0
2023-09-26 00:00:00-04:00,266.67999267578125,269.8900146484375,265.6700134277344,269.0400085449219,247.348876953125,2367600,0.0,0.0
2023-09-27 00:00:00-04:00,271.7300109863281,273.6099853515625,266.760009765625,268.9800109863281,247.29367065429688,2331900,0.0,0.0
2023-09-28 00:00:00-04:00,267.7900085449219,271.3800048828125,266.5400085449219,270.82000732421875,248.98533630371094,2430700,0.0,0.0
2023-09-29 00:00:00-04:00,271.0,271.0,267.2200012207031,268.760009765625,247.0914764404297,2118100,0.0,0.0
2023-10-02 00:00:00-04:00,267.7099914550781,268.489990234375,264.3800048828125,266.30999755859375,244.8389434814453,1912300,0.0,0.0
2023-10-03 00:00:00-04:00,264.0400085449219,266.0199890136719,259.6700134277344,261.010009765625,239.9662322998047,2797900,0.0,0.0
2023-10-04 00:00:00-04:00,262.1000061035156,266.1400146484375,260.9100036621094,265.44000244140625,244.0391082763672,2526400,0.0,0.0
2023-10-05 00:00:00-04:00,266.19000244140625,267.9200134277344,262.5400085449219,265.0799865722656,243.7081298828125,2883700,0.0,0.0
2023-10-06 00:00:00-04:00,263.1499938964844,268.5899963378906,262.2300109863281,267.4700012207031,245.9054412841797,2838000,0.0,0.0
2023-10-09 00:00:00-04:00,271.0400085449219,272.6000061035156,268.5799865722656,271.5400085449219,249.6472930908203,2284300,0.0,0.0
2023-10-10 00:00:00-04:00,270.8900146484375,272.0899963378906,268.1199951171875,271.25,249.3806610107422,1808700,0.0,0.0
2023-10-11 00:00:00-04:00,274.8599853515625,284.3299865722656,274.1499938964844,283.6000061035156,260.73492431640625,4523100,0.0,0.0
2023-10-12 00:00:00-04:00,283.9800109863281,287.8500061035156,283.6000061035156,285.0400085449219,262.05889892578125,3052600,0.0,0.0
2023-10-13 00:00:00-04:00,287.70001220703125,288.4599914550781,280.0,284.1000061035156,261.19464111328125,3473200,0.0,0.0
2023-10-16 00:00:00-04:00,284.5,287.80999755859375,283.80999755859375,286.8800048828125,263.7505187988281,2459400,0.0,0.0
2023-10-17 00:00:00-04:00,285.19000244140625,287.3399963378906,282.5,284.4200134277344,261.48895263671875,2863200,0.0,0.0
2023-10-18 00:00:00-04:00,283.29998779296875,285.25,280.989990234375,283.5799865722656,260.7165832519531,2789100,0.0,0.0
2023-10-19 00:00:00-04:00,282.0899963378906,283.2099914550781,278.1000061035156,280.6000061035156,257.9768371582031,2536400,0.0,0.0
2023-10-20 00:00:00-04:00,280.6000061035156,281.05999755859375,275.75,278.80999755859375,256.3311767578125,2455000,0.0,0.0
2023-10-23 00:00:00-04:00,280.1199951171875,280.1199951171875,272.70001220703125,273.05999755859375,251.04473876953125,2433500,0.0,0.0
2023-10-24 00:00:00-04:00,272.0899963378906,277.05999755859375,271.1300048828125,276.1199951171875,253.85800170898438,2253000,0.0,0.0
2023-10-25 00:00:00-04:00,275.0899963378906,276.69000244140625,272.0899963378906,272.1600036621094,250.21725463867188,2302300,0.0,0.0
2023-10-26 00:00:00-04:00,271.5,273.44000244140625,269.1400146484375,269.7099914550781,247.96485900878906,2269900,0.0,0.0
2023-10-27 00:00:00-04:00,268.95001220703125,269.3599853515625,260.1600036621094,261.57000732421875,240.48109436035156,2874900,0.0,0.0
2023-10-30 00:00:00-04:00,265.0,266.3500061035156,262.5,263.19000244140625,241.97052001953125,2974600,0.0,0.0
2023-10-31 00:00:00-04:00,255.88999938964844,257.4200134277344,249.6999969482422,255.6999969482422,235.08436584472656,4885100,0.0,0.0
2023-11-01 00:00:00-04:00,256.2699890136719,261.19000244140625,255.08999633789062,260.8399963378906,239.8099822998047,2509600,0.0,0.0
2023-11-02 00:00:00-04:00,263.29998779296875,268.1000061035156,262.4599914550781,266.5899963378906,245.09634399414062,2470400,0.0,0.0
2023-11-03 00:00:00-04:00,268.5199890136719,270.54998779296875,265.5,269.8599853515625,248.1027374267578,2509800,0.0,0.0
2023-11-06 00:00:00-05:00,270.7699890136719,274.95001220703125,270.75,272.8299865722656,250.83328247070312,2768100,0.0,0.0
2023-11-07 00:00:00-05:00,272.9700012207031,274.0,269.3800048828125,271.1099853515625,249.251953125,2526500,0.0,0.0
2023-11-08 00:00:00-05:00,272.4200134277344,274.7699890136719,270.75,273.260009765625,251.22857666015625,1916800,0.0,0.0
2023-11-09 00:00:00-05:00,272.1300048828125,273.2300109863281,263.70001220703125,264.05999755859375,242.7703399658203,2266000,0.0,0.0
2023-11-10 00:00:00-05:00,266.6400146484375,267.94000244140625,262.510009765625,267.30999755859375,245.75833129882812,2070600,0.0,0.0
2023-11-13 00:00:00-05:00,265.67999267578125,267.2200012207031,263.5199890136719,266.69000244140625,245.18832397460938,1579800,0.0,0.0
2023-11-14 00:00:00-05:00,269.2200012207031,272.95001220703125,268.3599853515625,270.0199890136719,248.24986267089844,2060000,0.0,0.0
2023-11-15 00:00:00-05:00,270.2799987792969,274.6099853515625,270.0199890136719,273.0299987792969,251.0172119140625,2795100,0.0,0.0
2023-11-16 00:00:00-05:00,272.6099853515625,274.44000244140625,267.8699951171875,269.0,249.2566375732422,2366200,2.13,0.0
2023-11-17 00:00:00-05:00,269.4100036621094,269.4100036621094,264.6000061035156,265.3900146484375,245.91159057617188,2642900,0.0,0.0
2023-11-20 00:00:00-05:00,262.5899963378906,266.70001220703125,261.45001220703125,265.3500061035156,245.87452697753906,2213900,0.0,0.0
2023-11-21 00:00:00-05:00,265.3399963378906,266.0400085449219,260.5199890136719,262.82000732421875,243.53018188476562,2636600,0.0,0.0
2023-11-22 00:00:00-05:00,264.7900085449219,266.4700012207031,262.260009765625,264.5899963378906,245.17027282714844,1649100,0.0,0.0
2023-11-24 00:00:00-05:00,265.1199951171875,266.1000061035156,264.8900146484375,265.4599914550781,245.9764404296875,930800,0.0,0.0
2023-11-27 00:00:00-05:00,265.42999267578125,265.57000732421875,261.6600036621094,264.2699890136719,244.87376403808594,1846400,0.0,0.0
2023-11-28 00:00:00-05:00,264.3599853515625,266.6000061035156,263.6499938964844,265.5199890136719,246.03201293945312,1753400,0.0,0.0
2023-11-29 00:00:00-05:00,264.739990234375,268.1099853515625,263.5,266.6000061035156,247.0327606201172,2005200,0.0,0.0
2023-11-30 00:00:00-05:00,267.7099914550781,270.55999755859375,267.3399963378906,269.6400146484375,249.84963989257812,2686400,0.0,0.0
2023-12-01 00:00:00-05:00,269.9599914550781,272.5899963378906,267.6199951171875,272.45001220703125,252.45339965820312,2303900,0.0,0.0
2023-12-04 00:00:00-05:00,270.8800048828125,273.42999267578125,270.1000061035156,272.5400085449219,252.5367889404297,2357400,0.0,0.0
2023-12-05 00:00:00-05:00,271.8699951171875,272.0,268.4700012207031,270.8699951171875,250.9893035888672,1853600,0.0,0.0
2023-12-06 00:00:00-05:00,271.4100036621094,271.9599914550781,269.1300048828125,269.3500061035156,249.5809326171875,1765900,0.0,0.0
2023-12-07 00:00:00-05:00,270.5,273.4100036621094,266.6300048828125,271.30999755859375,251.39710998535156,2081300,0.0,0.0
2023-12-08 00:00:00-05:00,271.1700134277344,271.9700012207031,268.82000732421875,269.1199951171875,249.36776733398438,2608200,0.0,0.0
2023-12-11 00:00:00-05:00,271.9599914550781,275.8999938964844,270.4200134277344,272.1400146484375,252.1661834716797,2838600,0.0,0.0
2023-12-12 00:00:00-05:00,277.1300048828125,277.25,273.260009765625,273.989990234375,253.88035583496094,2556900,0.0,0.0
2023-12-13 00:00:00-05:00,274.1600036621094,281.8500061035156,273.30999755859375,281.6199951171875,260.95037841796875,2380000,0.0,0.0
2023-12-14 00:00:00-05:00,281.32000732421875,282.7300109863281,274.0799865722656,276.32000732421875,256.0393371582031,2935200,0.0,0.0
2023-12-15 00:00:00-05:00,276.2699890136719,279.2699890136719,273.3299865722656,275.45001220703125,255.2332000732422,8731000,0.0,0.0
2023-12-18 00:00:00-05:00,277.0,277.1000061035156,274.3500061035156,275.4800109863281,255.26100158691406,2227600,0.0,0.0
2023-12-19 00:00:00-05:00,278.69000244140625,280.57000732421875,276.5899963378906,278.44000244140625,258.00372314453125,2484100,0.0,0.0
2023-12-20 00:00:00-05:00,277.8299865722656,278.79998779296875,275.010009765625,275.17999267578125,254.98306274414062,2561200,0.0,0.0
2023-12-21 00:00:00-05:00,276.54998779296875,279.82000732421875,276.3999938964844,279.3299865722656,258.82843017578125,1850000,0.0,0.0
2023-12-22 00:00:00-05:00,280.0,285.67999267578125,280.0,284.1600036621094,263.3039245605469,1814200,0.0,0.0
2023-12-26 00:00:00-05:00,284.1199951171875,284.7200012207031,281.6700134277344,283.8999938964844,263.0629577636719,1330400,0.0,0.0
2023-12-27 00:00:00-05:00,284.5,287.2900085449219,283.3500061035156,286.5299987792969,265.5000305175781,1866800,0.0,0.0
2023-12-28 00:00:00-05:00,287.8800048828125,289.0400085449219,287.6300048828125,288.4599914550781,267.2883605957031,1228400,0.0,0.0
2023-12-29 00:00:00-05:00,287.8599853515625,288.489990234375,286.3900146484375,288.0199890136719,266.8806457519531,1766600,0.0,0.0
2024-01-02 00:00:00-05:00,287.2799987792969,300.6499938964844,287.2799987792969,297.3900146484375,275.56292724609375,3374900,0.0,0.0
2024-01-03 00:00:00-05:00,300.04998779296875,303.25,297.04998779296875,300.69000244140625,278.6206970214844,2771500,0.0,0.0
2024-01-04 00:00:00-05:00,301.5,305.0899963378906,298.5899963378906,303.1700134277344,280.9187316894531,3357900,0.0,0.0
2024-01-05 00:00:00-05:00,302.20001220703125,303.5299987792969,299.760009765625,303.0,280.7611083984375,1874400,0.0,0.0
2024-01-08 00:00:00-05:00,301.4700012207031,311.04998779296875,300.3500061035156,310.8800048828125,288.06280517578125,3467700,0.0,0.0
2024-01-09 00:00:00-05:00,308.0199890136719,309.9700012207031,305.94000244140625,307.260009765625,284.7084655761719,2603700,0.0,0.0
2024-01-10 00:00:00-05:00,307.1600036621094,307.6400146484375,304.2699890136719,304.57000732421875,282.2159423828125,2210900,0.0,0.0
2024-01-11 00:00:00-05:00,303.42999267578125,304.6099853515625,300.0,303.1000061035156,280.85382080078125,2137100,0.0,0.0
2024-01-12 00:00:00-05:00,305.239990234375,306.95001220703125,303.3999938964844,306.510009765625,284.0135192871094,1567900,0.0,0.0
2024-01-16 00:00:00-05:00,306.510009765625,308.0,301.17999267578125,303.4800109863281,281.2059326171875,1996300,0.0,0.0
2024-01-17 00:00:00-05:00,302.4599914550781,304.6300048828125,301.1000061035156,304.0799865722656,281.7618713378906,2210400,0.0,0.0
2024-01-18 00:00:00-05:00,302.25,305.6499938964844,299.54998779296875,304.489990234375,282.14178466796875,2357000,0.0,0.0
2024-01-19 00:00:00-05:00,304.7300109863281,309.0899963378906,301.1099853515625,307.80999755859375,285.2181396484375,2566500,0.0,0.0
2024-01-22 00:00:00-05:00,308.70001220703125,312.1600036621094,306.6000061035156,310.1600036621094,287.3956604003906,2599900,0.0,0.0
2024-01-23 00:00:00-05:00,309.5299987792969,311.29998779296875,309.1000061035156,309.9100036621094,287.16400146484375,1775400,0.0,0.0
2024-01-24 00:00:00-05:00,309.9200134277344,312.45001220703125,305.239990234375,305.5,283.07763671875,1954200,0.0,0.0
2024-01-25 00:00:00-05:00,308.7200012207031,310.32000732421875,305.70001220703125,310.260009765625,287.4883117675781,2005400,0.0,0.0
2024-01-26 00:00:00-05:00,310.57000732421875,312.0199890136719,309.8599853515625,311.7699890136719,288.8874816894531,2035800,0.0,0.0
2024-01-29 00:00:00-05:00,311.44000244140625,313.6199951171875,309.8900146484375,313.45001220703125,290.44415283203125,2447600,0.0,0.0
2024-01-30 00:00:00-05:00,312.5299987792969,314.9200134277344,310.5199890136719,314.6199951171875,291.5282897949219,2637000,0.0,0.0
2024-01-31 00:00:00-05:00,316.0,316.6400146484375,312.6199951171875,314.260009765625,291.1947021484375,3456700,0.0,0.0
2024-02-01 00:00:00-05:00,314.5,324.82000732421875,313.70001220703125,324.55999755859375,300.7387390136719,3883200,0.0,0.0
2024-02-02 00:00:00-05:00,323.6400146484375,325.7699890136719,320.75,323.19000244140625,299.46929931640625,2585900,0.0,0.0
2024-02-05 00:00:00-05:00,323.5299987792969,329.7200012207031,317.7099914550781,321.9700012207031,298.3388977050781,3563300,0.0,0.0
2024-02-06 00:00:00-05:00,325.3999938964844,326.9599914550781,314.75,316.07000732421875,292.8718566894531,5767400,0.0,0.0
2024-02-07 00:00:00-05:00,315.510009765625,315.510009765625,295.2699890136719,295.8699951171875,274.15447998046875,8411300,0.0,0.0
2024-02-08 00:00:00-05:00,297.0,298.0,288.7799987792969,294.8500061035156,273.20928955078125,5946100,0.0,0.0
2024-02-09 00:00:00-05:00,294.8500061035156,295.0,289.7099914550781,291.1199951171875,269.75311279296875,3341100,0.0,0.0
2024-02-12 00:00:00-05:00,289.9700012207031,294.6000061035156,288.8599853515625,294.42999267578125,272.8201599121094,3298500,0.0,0.0
2024-02-13 00:00:00-05:00,294.6099853515625,295.5199890136719,286.8900146484375,290.4800109863281,269.16009521484375,3610100,0.0,0.0
2024-02-14 00:00:00-05:00,289.8800048828125,290.8699951171875,287.54998779296875,290.07000732421875,268.7801513671875,2617300,0.0,0.0
2024-02-15 00:00:00-05:00,287.8800048828125,290.3500061035156,285.6000061035156,289.07000732421875,269.9475402832031,2902000,2.25,0.0
2024-02-16 00:00:00-05:00,287.7099914550781,287.7099914550781,283.2699890136719,283.70001220703125,264.9327697753906,3596800,0.0,0.0
2024-02-20 00:00:00-05:00,283.8500061035156,285.29998779296875,280.54998779296875,283.510009765625,264.7553405761719,3402000,0.0,0.0
2024-02-21 00:00:00-05:00,284.8399963378906,285.7799987792969,280.79998779296875,283.4599914550781,264.7086181640625,1934300,0.0,0.0
2024-02-22 00:00:00-05:00,282.4800109863281,285.7200012207031,281.29998779296875,285.17999267578125,266.3147888183594,2992700,0.0,0.0
2024-02-23 00:00:00-05:00,286.5199890136719,292.239990234375,286.010009765625,289.17999267578125,270.05023193359375,2462400,0.0,0.0
2024-02-26 00:00:00-05:00,288.2799987792969,289.8699951171875,285.42999267578125,286.3699951171875,267.4260559082031,2448900,0.0,0.0
2024-02-27 00:00:00-05:00,279.1000061035156,281.2200012207031,277.0899963378906,278.489990234375,260.0674133300781,3353700,0.0,0.0
2024-02-28 00:00:00-05:00,278.989990234375,280.42999267578125,277.0899963378906,277.4599914550781,259.1054992675781,3027000,0.0,0.0
2024-02-29 00:00:00-05:00,278.5199890136719,279.8299865722656,273.42999267578125,273.8299865722656,255.715576171875,5863400,0.0,0.0
2024-03-01 00:00:00-05:00,276.5,281.92999267578125,274.8800048828125,280.3299865722656,261.78564453125,3772700,0.0,0.0
2024-03-04 00:00:00-05:00,283.260009765625,285.8900146484375,277.6499938964844,279.3900146484375,260.9078369140625,2470300,0.0,0.0
2024-03-05 00:00:00-05:00,279.6199951171875,279.75,275.0199890136719,276.6499938964844,258.34912109375,3064000,0.0,0.0
2024-03-06 00:00:00-05:00,275.3800048828125,278.9700012207031,274.54998779296875,276.5899963378906,258.2930603027344,2240200,0.0,0.0
2024-03-07 00:00:00-05:00,276.29998779296875,276.80999755859375,269.5799865722656,272.8599853515625,254.80979919433594,4066300,0.0,0.0
2024-03-08 00:00:00-05:00,272.80999755859375,276.55999755859375,272.010009765625,273.75,255.6409454345703,2251100,0.0,0.0
2024-03-11 00:00:00-04:00,274.510009765625,278.19000244140625,272.989990234375,275.3599853515625,257.1444396972656,1851000,0.0,0.0
2024-03-12 00:00:00-04:00,276.8500061035156,278.1499938964844,274.1400146484375,276.5400085449219,258.24639892578125,1738700,0.0,0.0
2024-03-13 00:00:00-04:00,278.17999267578125,278.55999755859375,275.2099914550781,275.989990234375,257.73272705078125,1641000,0.0,0.0
2024-03-14 00:00:00-04:00,276.8399963378906,277.2300109863281,270.45001220703125,271.5400085449219,253.57711791992188,2370500,0.0,0.0
2024-03-15 00:00:00-04:00,272.0899963378906,275.17999267578125,268.1700134277344,268.8699951171875,251.083740234375,8795800,0.0,0.0
2024-03-18 00:00:00-04:00,270.0,273.5799865722656,269.2099914550781,270.8999938964844,252.97946166992188,3608300,0.0,0.0
2024-03-19 00:00:00-04:00,270.17999267578125,273.1600036621094,269.510009765625,271.7300109863281,253.75453186035156,3037500,0.0,0.0
2024-03-20 00:00:00-04:00,271.2099914550781,273.0799865722656,269.239990234375,273.04998779296875,254.98724365234375,2564500,0.0,0.0
2024-03-21 00:00:00-04:00,274.6300048828125,277.9200134277344,274.3900146484375,276.95001220703125,258.6292724609375,2489400,0.0,0.0
2024-03-22 00:00:00-04:00,277.3900146484375,278.2900085449219,275.1000061035156,276.1700134277344,257.9008483886719,2303100,0.0,0.0
2024-03-25 00:00:00-04:00,276.42999267578125,281.3299865722656,275.4100036621094,280.82000732421875,262.2432556152344,2954400,0.0,0.0
2024-03-26 00:00:00-04:00,282.1499938964844,284.5,280.70001220703125,281.7699890136719,263.13037109375,3343000,0.0,0.0
2024-03-27 00:00:00-04:00,284.2200012207031,286.82000732421875,282.54998779296875,286.29998779296875,267.3607482910156,2256300,0.0,0.0
2024-03-28 00:00:00-04:00,287.8599853515625,288.57000732421875,284.2099914550781,284.32000732421875,265.51171875,2289900,0.0,0.0
2024-04-01 00:00:00-04:00,282.1099853515625,283.8299865722656,279.0,283.0400085449219,264.3163757324219,1868600,0.0,0.0
2024-04-02 00:00:00-04:00,283.3399963378906,283.9100036621094,276.0400085449219,276.2099914550781,257.93817138671875,2220500,0.0,0.0
2024-04-03 00:00:00-04:00,275.69000244140625,276.4700012207031,273.67999267578125,274.4200134277344,256.2665710449219,1669200,0.0,0.0
2024-04-04 00:00:00-04:00,276.04998779296875,276.7300109863281,267.75,268.0899963378906,250.35536193847656,2451200,0.0,0.0
2024-04-05 00:00:00-04:00,265.8999938964844,273.07000732421875,265.0799865722656,269.95001220703125,252.09226989746094,2293800,0.0,0.0
2024-04-08 00:00:00-04:00,269.4800109863281,270.2099914550781,267.55999755859375,269.20001220703125,251.3919677734375,1830800,0.0,0.0
2024-04-09 00:00:00-04:00,270.19000244140625,271.2900085449219,268.5799865722656,270.3599853515625,252.47520446777344,1792600,0.0,0.0
2024-04-10 00:00:00-04:00,267.9599914550781,268.3800048828125,264.6300048828125,266.45001220703125,248.82391357421875,1949500,0.0,0.0
2024-04-11 00:00:00-04:00,270.2200012207031,273.0,268.45001220703125,270.0,252.1389923095703,2169600,0.0,0.0
2024-04-12 00:00:00-04:00,268.7699890136719,269.29998779296875,266.1700134277344,267.2799987792969,249.59890747070312,2140100,0.0,0.0
2024-04-15 00:00:00-04:00,269.92999267578125,270.92999267578125,264.3500061035156,265.510009765625,247.94602966308594,1740000,0.0,0.0
2024-04-16 00:00:00-04:00,266.8299865722656,267.510009765625,263.80999755859375,265.6400146484375,248.0674591064453,2017600,0.0,0.0
2024-04-17 00:00:00-04:00,267.5400085449219,268.7699890136719,263.3900146484375,264.07000732421875,246.601318359375,2175100,0.0,0.0
2024-04-18 00:00:00-04:00,265.6400146484375,265.9200134277344,262.5799865722656,262.75,245.36862182617188,2082700,0.0,0.0
2024-04-19 00:00:00-04:00,264.6300048828125,269.3800048828125,260.67999267578125,268.92999267578125,251.13978576660156,3380100,0.0,0.0
2024-04-22 00:00:00-04:00,269.8399963378906,273.1400146484375,269.8399963378906,271.9100036621094,253.92263793945312,2165800,0.0,0.0
2024-04-23 00:00:00-04:00,272.1400146484375,274.4800109863281,271.04998779296875,273.5400085449219,255.44483947753906,2493300,0.0,0.0
2024-04-24 00:00:00-04:00,270.6300048828125,274.8599853515625,269.6499938964844,273.010009765625,254.9499053955078,2467100,0.0,0.0
2024-04-25 00:00:00-04:00,273.45001220703125,274.3500061035156,267.239990234375,269.3800048828125,251.5600128173828,1794000,0.0,0.0
2024-04-26 00:00:00-04:00,265.7200012207031,271.67999267578125,265.7200012207031,269.9800109863281,252.120361328125,2436900,0.0,0.0
2024-04-29 00:00:00-04:00,269.17999267578125,276.8599853515625,268.989990234375,276.3800048828125,258.096923828125,2678900,0.0,0.0
2024-04-30 00:00:00-04:00,276.1099853515625,276.1199951171875,272.3500061035156,273.94000244140625,255.818359375,2477300,0.0,0.0
2024-05-01 00:00:00-04:00,274.17999267578125,279.8399963378906,273.3800048828125,277.3699951171875,259.02142333984375,2323700,0.0,0.0
2024-05-02 00:00:00-04:00,277.69000244140625,278.6300048828125,274.8999938964844,278.3900146484375,259.9740295410156,3177500,0.0,0.0
2024-05-03 00:00:00-04:00,313.3900146484375,322.6000061035156,308.67999267578125,311.2900085449219,290.6976623535156,9644700,0.0,0.0
2024-05-06 00:00:00-04:00,310.8800048828125,312.7300109863281,297.5199890136719,299.4800109863281,279.6688232421875,4717600,0.0,0.0
2024-05-07 00:00:00-04:00,301.75,302.9100036621094,298.510009765625,300.29998779296875,280.4345703125,2452100,0.0,0.0
2024-05-08 00:00:00-04:00,300.1199951171875,307.57000732421875,298.8900146484375,307.30999755859375,286.9808654785156,2859600,0.0,0.0
2024-05-09 00:00:00-04:00,309.5299987792969,314.6000061035156,306.32000732421875,312.8599853515625,292.16375732421875,2921300,0.0,0.0
2024-05-10 00:00:00-04:00,312.8900146484375,314.8900146484375,309.82000732421875,310.1499938964844,289.6329650878906,2611800,0.0,0.0
2024-05-13 00:00:00-04:00,312.1499938964844,312.1499938964844,307.05999755859375,308.45001220703125,288.0455017089844,1558500,0.0,0.0
2024-05-14 00:00:00-04:00,308.7300109863281,312.3999938964844,307.4700012207031,311.4100036621094,290.8096008300781,1631100,0.0,0.0
2024-05-15 00:00:00-04:00,314.82000732421875,321.44000244140625,312.8699951171875,319.0400085449219,297.9349365234375,3466000,0.0,0.0
2024-05-16 00:00:00-04:00,314.6300048828125,316.1400146484375,310.760009765625,314.7200012207031,295.9881286621094,2367800,2.25,0.0
2024-05-17 00:00:00-04:00,315.2799987792969,315.2799987792969,310.3699951171875,312.4700012207031,293.8719787597656,1974200,0.0,0.0
2024-05-20 00:00:00-04:00,314.4100036621094,315.80999755859375,312.6199951171875,314.5400085449219,295.8188781738281,1394600,0.0,0.0
2024-05-21 00:00:00-04:00,314.1099853515625,316.6700134277344,311.8999938964844,314.8500061035156,296.11041259765625,1705900,0.0,0.0
2024-05-22 00:00:00-04:00,314.70001220703125,315.0,308.5199890136719,309.4100036621094,290.9941711425781,2849100,0.0,0.0
2024-05-23 00:00:00-04:00,308.4700012207031,311.989990234375,304.3800048828125,306.5,288.2574157714844,2139700,0.0,0.0
2024-05-24 00:00:00-04:00,306.4200134277344,307.5,303.8999938964844,305.8399963378906,287.6366271972656,2425800,0.0,0.0
2024-05-28 00:00:00-04:00,303.1099853515625,303.510009765625,298.30999755859375,300.19000244140625,282.32293701171875,2636700,0.0,0.0
2024-05-29 00:00:00-04:00,299.0400085449219,299.05999755859375,295.80999755859375,296.3699951171875,278.7303161621094,2475900,0.0,0.0
2024-05-30 00:00:00-04:00,297.17999267578125,303.57000732421875,295.489990234375,301.0,283.0847473144531,2727100,0.0,0.0
2024-05-31 00:00:00-04:00,302.010009765625,305.8999938964844,299.5,305.8500061035156,287.6460266113281,4488900,0.0,0.0
2024-06-03 00:00:00-04:00,306.7900085449219,311.4800109863281,303.8500061035156,307.4200134277344,289.1226501464844,2447400,0.0,0.0
2024-06-04 00:00:00-04:00,308.0,310.9200134277344,307.04998779296875,307.3699951171875,289.0755615234375,1830200,0.0,0.0
2024-06-05 00:00:00-04:00,307.79998779296875,310.30999755859375,306.3999938964844,307.3800048828125,289.08502197265625,1748600,0.0,0.0
2024-06-06 00:00:00-04:00,306.9200134277344,310.010009765625,304.30999755859375,305.69000244140625,287.4955749511719,1927900,0.0,0.0
2024-06-07 00:00:00-04:00,306.7200012207031,307.9599914550781,304.4800109863281,305.0199890136719,286.8654479980469,1925000,0.0,0.0
2024-06-10 00:00:00-04:00,304.54998779296875,305.5299987792969,300.8900146484375,304.7200012207031,286.58331298828125,1992800,0.0,0.0
2024-06-11 00:00:00-04:00,302.2900085449219,302.5799865722656,299.79998779296875,300.70001220703125,282.80255126953125,1740200,0.0,0.0
2024-06-12 00:00:00-04:00,301.2900085449219,303.5400085449219,299.42999267578125,301.0799865722656,283.15997314453125,1640100,0.0,0.0
2024-06-13 00:00:00-04:00,296.9599914550781,299.3399963378906,295.29998779296875,298.5,280.7335510253906,1732700,0.0,0.0
2024-06-14 00:00:00-04:00,297.6099853515625,299.739990234375,295.8999938964844,298.6199951171875,280.84637451171875,1713600,0.0,0.0
2024-06-17 00:00:00-04:00,298.489990234375,303.9700012207031,296.55999755859375,303.2799987792969,285.22900390625,1875900,0.0,0.0
2024-06-18 00:00:00-04:00,302.75,306.54998779296875,302.0199890136719,305.989990234375,287.7777099609375,2166200,0.0,0.0
2024-06-20 00:00:00-04:00,304.8299865722656,310.29998779296875,303.54998779296875,309.8900146484375,291.4455871582031,2890200,0.0,0.0
2024-06-21 00:00:00-04:00,313.1300048828125,313.44000244140625,307.2900085449219,308.1600036621094,289.8185729980469,6596800,0.0,0.0
2024-06-24 00:00:00-04:00,310.0,318.3399963378906,307.9200134277344,318.1499938964844,299.2139892578125,3389300,0.0,0.0
2024-06-25 00:00:00-04:00,319.2300109863281,326.1199951171875,318.3999938964844,319.30999755859375,300.3049011230469,3150600,0.0,0.0
2024-06-26 00:00:00-04:00,317.17999267578125,317.489990234375,311.7200012207031,312.82000732421875,294.2012634277344,2800200,0.0,0.0
2024-06-27 00:00:00-04:00,311.7300109863281,316.7900085449219,310.7200012207031,313.69000244140625,295.0194091796875,2082200,0.0,0.0
2024-06-28 00:00:00-04:00,313.70001220703125,316.67999267578125,310.5899963378906,312.45001220703125,293.853271484375,3518100,0.0,0.0
2024-07-01 00:00:00-04:00,313.3399963378906,319.0,310.2300109863281,311.010009765625,292.49896240234375,1769400,0.0,0.0
2024-07-02 00:00:00-04:00,310.25,312.42999267578125,307.6400146484375,310.7699890136719,292.2732238769531,1542700,0.0,0.0
2024-07-03 00:00:00-04:00,311.489990234375,312.5400085449219,306.1099853515625,309.3800048828125,290.9659423828125,1000700,0.0,0.0
2024-07-05 00:00:00-04:00,311.0299987792969,313.4100036621094,308.57000732421875,310.8800048828125,292.3766784667969,1274400,0.0,0.0
2024-07-08 00:00:00-04:00,311.3599853515625,315.4800109863281,310.6099853515625,311.4599914550781,292.9221496582031,1167200,0.0,0.0
2024-07-09 00:00:00-04:00,311.6199951171875,316.0799865722656,307.6300048828125,315.9100036621094,297.1072998046875,1852500,0.0,0.0
2024-07-10 00:00:00-04:00,317.05999755859375,322.8800048828125,314.6400146484375,321.6700134277344,302.5245056152344,2192100,0.0,0.0
2024-07-11 00:00:00-04:00,322.0,327.989990234375,320.17999267578125,325.0899963378906,305.74090576171875,2254000,0.0,0.0
2024-07-12 00:00:00-04:00,327.82000732421875,333.8500061035156,326.010009765625,330.8299865722656,311.1392517089844,2191300,0.0,0.0
2024-07-15 00:00:00-04:00,331.8800048828125,332.80999755859375,327.8699951171875,330.1499938964844,310.4997253417969,1688800,0.0,0.0
2024-07-16 00:00:00-04:00,330.4599914550781,335.9100036621094,328.0,333.1400146484375,313.3117980957031,1879400,0.0,0.0
2024-07-17 00:00:00-04:00,330.0,336.6099853515625,328.6000061035156,335.6700134277344,315.6912536621094,1933200,0.0,0.0
2024-07-18 00:00:00-04:00,334.20001220703125,338.9800109863281,330.6700134277344,330.9700012207031,311.27093505859375,2228400,0.0,0.0
2024-07-19 00:00:00-04:00,333.6499938964844,333.9800109863281,328.42999267578125,331.2900085449219,311.57196044921875,1848700,0.0,0.0
2024-07-22 00:00:00-04:00,333.2300109863281,337.0899963378906,332.4700012207031,335.9700012207031,315.9732971191406,1733700,0.0,0.0
2024-07-23 00:00:00-04:00,334.3599853515625,337.0400085449219,331.30999755859375,333.239990234375,313.40582275390625,1458200,0.0,0.0
2024-07-24 00:00:00-04:00,333.25,337.17999267578125,330.3399963378906,335.6099853515625,315.6347351074219,2459300,0.0,0.0
2024-07-25 00:00:00-04:00,335.989990234375,346.8500061035156,333.0199890136719,334.29998779296875,314.4027099609375,2435700,0.0,0.0
2024-07-26 00:00:00-04:00,334.55999755859375,338.94000244140625,333.2799987792969,334.8500061035156,314.91998291015625,1515500,0.0,0.0
2024-07-29 00:00:00-04:00,334.0799865722656,334.8399963378906,331.29998779296875,332.510009765625,312.7193298339844,1611200,0.0,0.0
2024-07-30 00:00:00-04:00,333.0,338.57000732421875,331.6700134277344,333.2799987792969,313.4434814453125,1584000,0.0,0.0
2024-07-31 00:00:00-04:00,331.54998779296875,336.4100036621094,330.57000732421875,332.4700012207031,312.6816711425781,2120500,0.0,0.0
2024-08-01 00:00:00-04:00,336.0899963378906,340.8900146484375,333.4599914550781,335.5299987792969,315.5595397949219,2387700,0.0,0.0
2024-08-02 00:00:00-04:00,337.4200134277344,338.3500061035156,325.7300109863281,333.989990234375,314.1112060546875,2106200,0.0,0.0
2024-08-05 00:00:00-04:00,332.7200012207031,333.3399963378906,321.4100036621094,325.2200012207031,305.8631591796875,2974900,0.0,0.0
2024-08-06 00:00:00-04:00,325.2300109863281,332.9800109863281,323.5199890136719,328.95001220703125,309.37115478515625,2436500,0.0,0.0
2024-08-07 00:00:00-04:00,320.989990234375,323.0,306.5899963378906,312.5,293.9002990722656,4618400,0.0,0.0
2024-08-08 00:00:00-04:00,314.0,325.1199951171875,312.7900085449219,324.69000244140625,305.3647155761719,2746700,0.0,0.0
2024-08-09 00:00:00-04:00,323.75,325.0400085449219,319.3299865722656,322.489990234375,303.295654296875,1786400,0.0,0.0
2024-08-12 00:00:00-04:00,323.8999938964844,323.8999938964844,317.92999267578125,320.0,300.9538269042969,1828700,0.0,0.0
2024-08-13 00:00:00-04:00,321.7799987792969,324.0,319.1700134277344,323.45001220703125,304.1985778808594,1632800,0.0,0.0
2024-08-14 00:00:00-04:00,320.42999267578125,324.3599853515625,319.55999755859375,322.7300109863281,303.5213928222656,1656100,0.0,0.0
2024-08-15 00:00:00-04:00,323.8800048828125,327.1600036621094,321.94000244140625,325.3900146484375,306.02313232421875,1886800,0.0,0.0
2024-08-16 00:00:00-04:00,323.6499938964844,324.82000732421875,320.5,321.44000244140625,304.4131164550781,1442500,2.25,0.0
2024-08-19 00:00:00-04:00,321.4599914550781,328.17999267578125,321.4100036621094,327.9700012207031,310.5971984863281,1214200,0.0,0.0
2024-08-20 00:00:00-04:00,328.1199951171875,330.5,326.6199951171875,328.54998779296875,311.1465148925781,1352600,0.0,0.0
2024-08-21 00:00:00-04:00,329.54998779296875,330.989990234375,327.9100036621094,329.1499938964844,311.7146911621094,1138200,0.0,0.0
2024-08-22 00:00:00-04:00,329.5,329.5,323.1199951171875,324.5299987792969,307.3394775390625,2172000,0.0,0.0
2024-08-23 00:00:00-04:00,326.2699890136719,331.2900085449219,325.3800048828125,328.79998779296875,311.3832092285156,1771100,0.0,0.0
2024-08-26 00:00:00-04:00,328.4100036621094,330.260009765625,325.5,326.7799987792969,309.4702453613281,1769900,0.0,0.0
2024-08-27 00:00:00-04:00,328.4200134277344,329.8299865722656,325.5799865722656,326.92999267578125,309.6122741699219,1444300,0.0,0.0
2024-08-28 00:00:00-04:00,325.94000244140625,330.510009765625,325.3900146484375,329.489990234375,312.0367126464844,1444200,0.0,0.0
2024-08-29 00:00:00-04:00,331.6700134277344,334.2699890136719,329.25,331.010009765625,313.4761962890625,1294300,0.0,0.0
2024-08-30 00:00:00-04:00,331.95001220703125,335.6600036621094,330.30999755859375,333.8299865722656,316.14678955078125,2173400,0.0,0.0
2024-09-03 00:00:00-04:00,331.8900146484375,333.1400146484375,329.1000061035156,330.510009765625,313.002685546875,2120500,0.0,0.0
2024-09-04 00:00:00-04:00,329.92999267578125,331.1000061035156,327.6000061035156,330.6400146484375,313.12579345703125,1622100,0.0,0.0
2024-09-05 00:00:00-04:00,330.8999938964844,331.8599853515625,321.9100036621094,324.3599853515625,307.17840576171875,1977400,0.0,0.0
2024-09-06 00:00:00-04:00,324.70001220703125,326.9700012207031,319.0,320.55999755859375,303.5796813964844,2242400,0.0,0.0
2024-09-09 00:00:00-04:00,322.5199890136719,327.80999755859375,320.1000061035156,325.9200134277344,308.6558532714844,1707800,0.0,0.0
2024-09-10 00:00:00-04:00,327.0,329.2300109863281,322.3900146484375,328.92999267578125,311.5063781738281,1408400,0.0,0.0
2024-09-11 00:00:00-04:00,327.80999755859375,330.6499938964844,320.29998779296875,329.9800109863281,312.5007629394531,1711000,0.0,0.0
2024-09-12 00:00:00-04:00,330.2200012207031,332.3800048828125,326.4100036621094,330.05999755859375,312.57647705078125,1590000,0.0,0.0
2024-09-13 00:00:00-04:00,327.9599914550781,334.45001220703125,327.1499938964844,332.45001220703125,314.8399353027344,1397000,0.0,0.0
2024-09-16 00:00:00-04:00,335.8399963378906,337.55999755859375,332.9200134277344,335.260009765625,317.5010681152344,2360600,0.0,0.0
2024-09-17 00:00:00-04:00,334.5799865722656,334.5799865722656,331.0799865722656,332.79998779296875,315.17138671875,2014000,0.0,0.0
2024-09-18 00:00:00-04:00,333.92999267578125,339.0,331.0,332.9200134277344,315.2850341796875,1366600,0.0,0.0
2024-09-19 00:00:00-04:00,337.0299987792969,338.70001220703125,334.6099853515625,335.95001220703125,318.1545104980469,1626100,0.0,0.0
2024-09-20 00:00:00-04:00,335.1499938964844,338.9700012207031,334.2699890136719,337.3800048828125,319.5087585449219,4068200,0.0,0.0
2024-09-23 00:00:00-04:00,339.0,339.1700134277344,333.3599853515625,335.6099853515625,317.83251953125,1677500,0.0,0.0
2024-09-24 00:00:00-04:00,333.1499938964844,335.4100036621094,330.5,330.9200134277344,313.3909606933594,2101000,0.0,0.0
2024-09-25 00:00:00-04:00,329.0,329.5,312.1600036621094,312.8599853515625,296.28759765625,4249500,0.0,0.0
2024-09-26 00:00:00-04:00,313.67999267578125,319.7799987792969,313.3699951171875,319.1000061035156,302.19708251953125,2555700,0.0,0.0
2024-09-27 00:00:00-04:00,322.70001220703125,327.9800109863281,320.5199890136719,322.6700134277344,305.57794189453125,2432600,0.0,0.0
2024-09-30 00:00:00-04:00,321.32000732421875,323.2300109863281,318.7900085449219,322.2099914550781,305.142333984375,1966900,0.0,0.0
2024-10-01 00:00:00-04:00,322.04998779296875,322.20001220703125,316.9200134277344,320.32000732421875,303.3524475097656,2097400,0.0,0.0
2024-10-02 00:00:00-04:00,317.6300048828125,320.6700134277344,316.17999267578125,319.7300109863281,302.793701171875,2614400,0.0,0.0
2024-10-03 00:00:00-04:00,317.1099853515625,319.7300109863281,315.4599914550781,317.4800109863281,300.6628723144531,1525300,0.0,0.0
2024-10-04 00:00:00-04:00,318.7200012207031,320.739990234375,316.42999267578125,319.6600036621094,302.7273864746094,1467800,0.0,0.0
2024-10-07 00:00:00-04:00,320.0799865722656,320.2099914550781,315.9200134277344,317.45001220703125,300.6344909667969,1262300,0.0,0.0
2024-10-08 00:00:00-04:00,319.1700134277344,319.95001220703125,316.4800109863281,317.67999267578125,300.8522644042969,1453300,0.0,0.0
2024-10-09 00:00:00-04:00,316.6600036621094,322.989990234375,314.70001220703125,322.4100036621094,305.33172607421875,1379400,0.0,0.0
2024-10-10 00:00:00-04:00,320.95001220703125,322.57000732421875,318.75,321.010009765625,304.00592041015625,1254600,0.0,0.0
2024-10-11 00:00:00-04:00,322.20001220703125,329.1700134277344,320.1000061035156,328.3500061035156,310.95709228515625,1567200,0.0,0.0
2024-10-14 00:00:00-04:00,325.5899963378906,326.95001220703125,322.5899963378906,324.6199951171875,307.4246826171875,1613300,0.0,0.0
2024-10-15 00:00:00-04:00,326.0299987792969,327.3299865722656,324.0299987792969,325.0899963378906,307.8697509765625,1956200,0.0,0.0
2024-10-16 00:00:00-04:00,326.20001220703125,326.7300109863281,321.32000732421875,321.6300048828125,304.59307861328125,1776700,0.0,0.0
2024-10-17 00:00:00-04:00,325.9200134277344,325.9200134277344,320.5,321.3299865722656,304.30889892578125,1635600,0.0,0.0
2024-10-18 00:00:00-04:00,320.6099853515625,322.55999755859375,319.17999267578125,321.6600036621094,304.6214599609375,1552100,0.0,0.0
2024-10-21 00:00:00-04:00,320.1600036621094,321.79998779296875,315.8699951171875,316.739990234375,299.9620666503906,1533200,0.0,0.0
2024-10-22 00:00:00-04:00,315.239990234375,321.0799865722656,313.9800109863281,319.6600036621094,302.7273864746094,2106500,0.0,0.0
2024-10-23 00:00:00-04:00,316.010009765625,318.54998779296875,313.70001220703125,314.8999938964844,298.21954345703125,1526300,0.0,0.0
2024-10-24 00:00:00-04:00,314.42999267578125,317.239990234375,313.6300048828125,315.69000244140625,298.9676818847656,1326600,0.0,0.0
2024-10-25 00:00:00-04:00,318.489990234375,319.20001220703125,314.8800048828125,316.9800109863281,300.1893615722656,1604400,0.0,0.0
2024-10-28 00:00:00-04:00,318.05999755859375,320.1400146484375,315.8999938964844,317.1700134277344,300.36932373046875,1816000,0.0,0.0
2024-10-29 00:00:00-04:00,317.010009765625,319.2099914550781,314.82000732421875,316.0,299.2612609863281,1466500,0.0,0.0
2024-10-30 00:00:00-04:00,311.95001220703125,317.8999938964844,310.6300048828125,315.5400085449219,298.8256530761719,2223600,0.0,0.0
2024-10-31 00:00:00-04:00,317.69000244140625,323.3999938964844,315.6499938964844,320.1600036621094,303.2008972167969,2713500,0.0,0.0
2024-11-01 00:00:00-04:00,318.69000244140625,321.70001220703125,316.9100036621094,319.2200012207031,302.3106994628906,1826700,0.0,0.0
2024-11-04 00:00:00-05:00,320.5799865722656,320.5799865722656,314.6099853515625,316.9100036621094,300.123046875,2090100,0.0,0.0
2024-11-05 00:00:00-05:00,316.1600036621094,319.5199890136719,313.0199890136719,319.2900085449219,302.3770446777344,1472300,0.0,0.0
2024-11-06 00:00:00-05:00,325.0,325.3900146484375,318.1700134277344,321.7900085449219,304.74456787109375,2208600,0.0,0.0
2024-11-07 00:00:00-05:00,322.0,322.9700012207031,318.5400085449219,321.9100036621094,304.85821533203125,2654700,0.0,0.0
2024-11-08 00:00:00-05:00,322.4800109863281,328.25,321.2799987792969,325.2799987792969,308.0496826171875,1978100,0.0,0.0
2024-11-11 00:00:00-05:00,325.9100036621094,327.5799865722656,321.6099853515625,321.80999755859375,304.76348876953125,2457000,0.0,0.0
2024-11-12 00:00:00-05:00,319.5899963378906,321.2200012207031,293.79998779296875,298.8399963378906,283.01025390625,6680300,0.0,0.0
2024-11-13 00:00:00-05:00,306.0,307.42999267578125,298.9100036621094,301.44000244140625,285.4725646972656,3725600,0.0,0.0
2024-11-14 00:00:00-05:00,297.9100036621094,298.4800109863281,292.3299865722656,295.92999267578125,280.2544250488281,3515600,0.0,0.0
2024-11-15 00:00:00-05:00,291.5,291.5,279.6199951171875,283.6099853515625,268.58697509765625,5324700,0.0,0.0
2024-11-18 00:00:00-05:00,279.3800048828125,281.3599853515625,276.55999755859375,278.760009765625,266.1050109863281,3174600,2.25,0.0
2024-11-19 00:00:00-05:00,277.6700134277344,281.6000061035156,275.55999755859375,279.95001220703125,267.240966796875,3210300,0.0,0.0
2024-11-20 00:00:00-05:00,281.1000061035156,288.4800109863281,278.55999755859375,287.8699951171875,274.80145263671875,4759200,0.0,0.0
2024-11-21 00:00:00-05:00,288.17999267578125,291.1099853515625,284.1400146484375,289.8999938964844,276.73931884765625,3553200,0.0,0.0
2024-11-22 00:00:00-05:00,290.8399963378906,295.4800109863281,288.7799987792969,294.5299987792969,281.1590881347656,3053200,0.0,0.0
2024-11-25 00:00:00-05:00,293.54998779296875,297.32000732421875,293.5,294.0,280.65313720703125,4695700,0.0,0.0
2024-11-26 00:00:00-05:00,264.2200012207031,280.3399963378906,257.79998779296875,280.010009765625,267.2983093261719,17010300,0.0,0.0
2024-11-27 00:00:00-05:00,279.0,282.69000244140625,278.0,280.07000732421875,267.35552978515625,6622800,0.0,0.0
2024-11-29 00:00:00-05:00,279.4599914550781,283.6400146484375,277.6400146484375,282.8699951171875,270.0284118652344,2232800,0.0,0.0
2024-12-02 00:00:00-05:00,282.0799865722656,282.3900146484375,276.8900146484375,278.1000061035156,265.47503662109375,4677800,0.0,0.0
2024-12-03 00:00:00-05:00,277.0,281.3800048828125,276.5,278.32000732421875,265.68499755859375,5468800,0.0,0.0
2024-12-04 00:00:00-05:00,275.80999755859375,279.4100036621094,273.8599853515625,278.260009765625,265.6278076171875,4173900,0.0,0.0
2024-12-05 00:00:00-05:00,277.0,279.0400085449219,273.1499938964844,274.3299865722656,261.8761291503906,3187000,0.0,0.0
2024-12-06 00:00:00-05:00,275.010009765625,275.3599853515625,271.4800109863281,272.5799865722656,260.20556640625,3970200,0.0,0.0
2024-12-09 00:00:00-05:00,273.1600036621094,280.0,272.2799987792969,277.6300048828125,265.0263671875,3222100,0.0,0.0
2024-12-10 00:00:00-05:00,277.8599853515625,277.8999938964844,272.3599853515625,275.75,263.2316589355469,2791400,0.0,0.0
2024-12-11 00:00:00-05:00,276.0,276.2799987792969,270.5799865722656,273.4100036621094,260.99786376953125,4493500,0.0,0.0
2024-12-12 00:00:00-05:00,273.80999755859375,275.8800048828125,272.1499938964844,274.05999755859375,261.6184387207031,3749200,0.0,0.0
2024-12-13 00:00:00-05:00,272.9599914550781,274.07000732421875,270.0199890136719,270.6199951171875,258.33453369140625,2906300,0.0,0.0
2024-12-16 00:00:00-05:00,270.6199951171875,272.69000244140625,266.2200012207031,266.5,254.40159606933594,3711100,0.0,0.0
2024-12-17 00:00:00-05:00,265.4599914550781,270.260009765625,264.80999755859375,265.95001220703125,253.87657165527344,4742500,0.0,0.0
2024-12-18 00:00:00-05:00,265.17999267578125,267.19000244140625,258.67999267578125,258.7799987792969,247.0320587158203,4093600,0.0,0.0
2024-12-19 00:00:00-05:00,258.0,261.80999755859375,253.3000030517578,261.19000244140625,249.3326873779297,4725800,0.0,0.0
2024-12-20 00:00:00-05:00,269.0,269.6099853515625,262.2099914550781,263.3800048828125,251.42324829101562,13687600,0.0,0.0
2024-12-23 00:00:00-05:00,263.1099853515625,264.79998779296875,260.8699951171875,264.0,252.0150909423828,3025700,0.0,0.0
2024-12-24 00:00:00-05:00,262.4800109863281,264.54998779296875,261.3599853515625,264.489990234375,252.4828338623047,1520600,0.0,0.0
2024-12-26 00:00:00-05:00,262.2099914550781,264.7300109863281,261.760009765625,263.17999267578125,251.23231506347656,1637300,0.0,0.0
2024-12-27 00:00:00-05:00,261.1000061035156,263.5,260.510009765625,262.6499938964844,250.7263641357422,2157400,0.0,0.0
2024-12-30 00:00:00-05:00,260.8299865722656,261.55999755859375,258.5,259.29998779296875,247.52845764160156,3039300,0.0,0.0
2024-12-31 00:00:00-05:00,260.75,261.5400085449219,258.8500061035156,260.6400146484375,248.80764770507812,1966200,0.0,0.0
2025-01-02 00:00:00-05:00,262.17999267578125,263.5799865722656,258.30999755859375,259.2799987792969,247.50936889648438,2357400,0.0,0.0
2025-01-03 00:00:00-05:00,260.0,262.0799865722656,259.7900085449219,261.2200012207031,249.36129760742188,2979700,0.0,0.0
2025-01-06 00:00:00-05:00,259.04998779296875,261.19000244140625,257.04998779296875,258.5899963378906,246.85067749023438,4668200,0.0,0.0
2025-01-07 00:00:00-05:00,260.2200012207031,265.2099914550781,259.3500061035156,262.05999755859375,250.16319274902344,3173700,0.0,0.0
2025-01-08 00:00:00-05:00,261.9700012207031,264.25,259.82000732421875,264.2099914550781,252.215576171875,2421500,0.0,0.0
2025-01-10 00:00:00-05:00,260.7900085449219,264.7900085449219,260.54998779296875,262.2300109863281,250.32546997070312,2721800,0.0,0.0
2025-01-13 00:00:00-05:00,262.1099853515625,270.489990234375,261.2799987792969,270.19000244140625,257.9241027832031,3365900,0.0,0.0
2025-01-14 00:00:00-05:00,271.6099853515625,271.6099853515625,264.9100036621094,267.1000061035156,254.97438049316406,2942300,0.0,0.0
2025-01-15 00:00:00-05:00,269.3299865722656,272.82000732421875,268.5799865722656,268.94000244140625,256.7308654785156,3737500,0.0,0.0
2025-01-16 00:00:00-05:00,268.9200134277344,270.30999755859375,267.1499938964844,269.42999267578125,257.1986083984375,2684500,0.0,0.0
2025-01-17 00:00:00-05:00,276.9700012207031,276.9700012207031,269.7799987792969,272.1099853515625,259.75689697265625,3244000,0.0,0.0
2025-01-21 00:00:00-05:00,272.1400146484375,276.5,270.2799987792969,274.80999755859375,262.3343200683594,3928500,0.0,0.0
2025-01-22 00:00:00-05:00,272.6600036621094,275.0199890136719,272.07000732421875,273.44000244140625,261.02655029296875,3518300,0.0,0.0
2025-01-23 00:00:00-05:00,273.44000244140625,278.0,272.32000732421875,277.8800048828125,265.2649841308594,2496000,0.0,0.0
2025-01-24 00:00:00-05:00,276.260009765625,277.3599853515625,273.5,275.4200134277344,262.91668701171875,2008600,0.0,0.0
2025-01-27 00:00:00-05:00,277.3699951171875,283.2300109863281,276.17999267578125,282.95001220703125,270.1048278808594,3493200,0.0,0.0
2025-01-28 00:00:00-05:00,280.1300048828125,283.5,279.9700012207031,280.29998779296875,267.5751037597656,2735500,0.0,0.0
2025-01-29 00:00:00-05:00,280.0299987792969,283.0400085449219,279.30999755859375,281.67999267578125,268.8924560546875,2454900,0.0,0.0
2025-01-30 00:00:00-05:00,285.0,285.69000244140625,281.6400146484375,284.0199890136719,271.126220703125,2556100,0.0,0.0
2025-01-31 00:00:00-05:00,282.17999267578125,286.69000244140625,281.9800109863281,285.4200134277344,272.46270751953125,3799900,0.0,0.0
2025-02-03 00:00:00-05:00,286.9100036621094,289.5799865722656,283.3999938964844,288.8699951171875,275.7560729980469,4473500,0.0,0.0
2025-02-04 00:00:00-05:00,285.5799865722656,290.4800109863281,284.5199890136719,289.0199890136719,275.89923095703125,3262400,0.0,0.0
2025-02-05 00:00:00-05:00,290.69000244140625,308.2200012207031,289.5199890136719,307.80999755859375,293.83624267578125,5890600,0.0,0.0
2025-02-06 00:00:00-05:00,309.489990234375,309.489990234375,297.1199951171875,297.7799987792969,284.2615661621094,4624500,0.0,0.0
2025-02-07 00:00:00-05:00,299.1600036621094,299.6099853515625,292.5799865722656,293.5400085449219,280.21405029296875,3388300,0.0,0.0
2025-02-10 00:00:00-05:00,296.8800048828125,296.8800048828125,290.6700134277344,294.7900085449219,281.40728759765625,2375600,0.0,0.0
2025-02-11 00:00:00-05:00,290.55999755859375,297.95001220703125,288.3599853515625,296.6600036621094,283.1924133300781,3506900,0.0,0.0
2025-02-12 00:00:00-05:00,293.82000732421875,296.20001220703125,292.6300048828125,295.05999755859375,281.6650390625,2629900,0.0,0.0
2025-02-13 00:00:00-05:00,297.54998779296875,298.3500061035156,293.54998779296875,296.9700012207031,283.48834228515625,2061700,0.0,0.0
2025-02-14 00:00:00-05:00,294.75,295.1600036621094,290.45001220703125,291.1600036621094,280.1875915527344,2189300,2.38,0.0
2025-02-18 00:00:00-05:00,291.760009765625,293.3299865722656,289.0,292.79998779296875,281.7657775878906,2162200,0.0,0.0
2025-02-19 00:00:00-05:00,292.0,295.9700012207031,291.79998779296875,294.2699890136719,283.18035888671875,2806900,0.0,0.0
2025-02-20 00:00:00-05:00,294.6700134277344,298.1300048828125,293.92999267578125,297.92999267578125,286.7024841308594,2319000,0.0,0.0
2025-02-21 00:00:00-05:00,299.2300109863281,305.3299865722656,297.19000244140625,303.010009765625,291.591064453125,3261400,0.0,0.0
2025-02-24 00:00:00-05:00,305.2799987792969,313.75,304.3999938964844,309.7200012207031,298.04815673828125,4286600,0.0,0.0
2025-02-25 00:00:00-05:00,311.79998779296875,318.29998779296875,310.29998779296875,315.6300048828125,303.73541259765625,4365700,0.0,0.0
2025-02-26 00:00:00-05:00,311.95001220703125,313.6300048828125,305.54998779296875,306.3800048828125,294.83404541015625,2786900,0.0,0.0
2025-02-27 00:00:00-05:00,305.29998779296875,311.0,303.1000061035156,305.82000732421875,294.2951354980469,3249100,0.0,0.0
2025-02-28 00:00:00-05:00,308.510009765625,308.6199951171875,303.5199890136719,308.05999755859375,296.45074462890625,3173000,0.0,0.0
2025-03-03 00:00:00-05:00,307.3399963378906,312.4800109863281,307.3399963378906,310.7799987792969,299.0682373046875,2970700,0.0,0.0
2025-03-04 00:00:00-05:00,316.5299987792969,319.82000732421875,312.1000061035156,312.19000244140625,300.42510986328125,3820000,0.0,0.0
2025-03-05 00:00:00-05:00,310.6300048828125,318.94000244140625,310.1400146484375,316.57000732421875,304.6400451660156,2629000,0.0,0.0
2025-03-06 00:00:00-05:00,316.4200134277344,318.67999267578125,312.5,317.82000732421875,305.8429260253906,3076500,0.0,0.0
2025-03-07 00:00:00-05:00,318.95001220703125,328.19000244140625,317.7799987792969,324.8599853515625,312.6175842285156,3944900,0.0,0.0
2025-03-10 00:00:00-04:00,324.1300048828125,335.8800048828125,322.7699890136719,327.3599853515625,315.02337646484375,4120700,0.0,0.0
2025-03-11 00:00:00-04:00,328.79998779296875,329.1000061035156,318.4200134277344,318.8900146484375,306.87261962890625,3080100,0.0,0.0
2025-03-12 00:00:00-04:00,311.3900146484375,316.0199890136719,308.6400146484375,312.5,300.723388671875,3182200,0.0,0.0
2025-03-13 00:00:00-04:00,313.6600036621094,316.75,311.989990234375,312.6400146484375,300.8581237792969,2062700,0.0,0.0
2025-03-14 00:00:00-04:00,312.2300109863281,314.510009765625,310.29998779296875,313.7099914550781,301.8877868652344,2396800,0.0,0.0
2025-03-17 00:00:00-04:00,314.6400146484375,318.6600036621094,311.7900085449219,317.1700134277344,305.2174377441406,2292900,0.0,0.0
2025-03-18 00:00:00-04:00,317.55999755859375,319.30999755859375,315.17999267578125,318.6499938964844,306.6416320800781,2549300,0.0,0.0
2025-03-19 00:00:00-04:00,317.510009765625,318.9200134277344,313.3999938964844,315.75,303.8509216308594,1834300,0.0,0.0
2025-03-20 00:00:00-04:00,314.17999267578125,315.989990234375,312.239990234375,315.0400085449219,303.16766357421875,2049700,0.0,0.0
2025-03-21 00:00:00-04:00,311.82000732421875,316.489990234375,311.1600036621094,316.0400085449219,304.1299743652344,9995000,0.0,0.0
2025-03-24 00:00:00-04:00,315.0,317.5799865722656,313.42999267578125,314.3800048828125,302.5325622558594,2439400,0.0,0.0
2025-03-25 00:00:00-04:00,313.9800109863281,314.2200012207031,303.510009765625,306.8599853515625,295.2958984375,2565300,0.0,0.0
2025-03-26 00:00:00-04:00,306.44000244140625,309.0899963378906,304.3500061035156,305.7099914550781,294.1893005371094,2375200,0.0,0.0
2025-03-27 00:00:00-04:00,306.2200012207031,307.57000732421875,304.2900085449219,305.7699890136719,294.24700927734375,1736900,0.0,0.0
2025-03-28 00:00:00-04:00,307.44000244140625,308.1700134277344,304.7099914550781,306.95001220703125,295.382568359375,1768400,0.0,0.0
2025-03-31 00:00:00-04:00,307.5799865722656,315.0,305.54998779296875,311.54998779296875,299.8092041015625,3336200,0.0,0.0
2025-04-01 00:00:00-04:00,310.5799865722656,312.6199951171875,305.0,306.9200134277344,295.35369873046875,3042300,0.0,0.0
2025-04-02 00:00:00-04:00,305.4100036621094,306.760009765625,300.1000061035156,305.70001220703125,294.1796569824219,1912500,0.0,0.0
2025-04-03 00:00:00-04:00,311.17999267578125,314.8999938964844,306.70001220703125,309.8500061035156,298.1732482910156,3280300,0.0,0.0
2025-04-04 00:00:00-04:00,312.1099853515625,312.1099853515625,293.7200012207031,294.3900146484375,283.29583740234375,5253100,0.0,0.0
2025-04-07 00:00:00-04:00,287.69000244140625,296.94000244140625,281.70001220703125,289.69000244140625,278.7729797363281,4923000,0.0,0.0
2025-04-08 00:00:00-04:00,289.25,294.010009765625,277.510009765625,280.260009765625,269.6983947753906,4097200,0.0,0.0
2025-04-09 00:00:00-04:00,268.9100036621094,291.5,267.3999938964844,291.0899963378906,280.1202087402344,6055700,0.0,0.0
2025-04-10 00:00:00-04:00,287.9800109863281,288.5199890136719,269.6700134277344,281.4100036621094,270.8050231933594,4679100,0.0,0.0
2025-04-11 00:00:00-04:00,282.5,287.8999938964844,277.1000061035156,285.9800109863281,275.2028503417969,3467100,0.0,0.0
2025-04-14 00:00:00-04:00,286.7699890136719,295.17999267578125,285.2099914550781,293.9200134277344,282.8435974121094,2492700,0.0,0.0
2025-04-15 00:00:00-04:00,294.30999755859375,296.1700134277344,292.1400146484375,295.29998779296875,284.1716003417969,2593600,0.0,0.0
2025-04-16 00:00:00-04:00,294.739990234375,294.75,281.0299987792969,282.6400146484375,271.98870849609375,2656300,0.0,0.0
2025-04-17 00:00:00-04:00,277.0400085449219,278.67999267578125,268.5,277.2900085449219,266.8402404785156,4371800,0.0,0.0
2025-04-21 00:00:00-04:00,277.2900085449219,278.25,270.3599853515625,273.67999267578125,263.3663024902344,1803600,0.0,0.0
2025-04-22 00:00:00-04:00,275.70001220703125,278.7300109863281,274.489990234375,278.3999938964844,267.908447265625,2081000,0.0,0.0
2025-04-23 00:00:00-04:00,279.9100036621094,283.6000061035156,276.4200134277344,277.8999938964844,267.42730712890625,2679500,0.0,0.0
2025-04-24 00:00:00-04:00,278.4700012207031,282.260009765625,274.4200134277344,279.8399963378906,269.294189453125,2260500,0.0,0.0
2025-04-25 00:00:00-04:00,279.4700012207031,282.19000244140625,276.44000244140625,280.8399963378906,270.2565002441406,1994600,0.0,0.0
2025-04-28 00:00:00-04:00,280.6300048828125,284.1000061035156,280.0,283.0899963378906,272.4217224121094,2082400,0.0,0.0
2025-04-29 00:00:00-04:00,281.1199951171875,289.8999938964844,279.05999755859375,288.55999755859375,277.6855773925781,2147700,0.0,0.0
2025-04-30 00:00:00-04:00,289.44000244140625,292.0,286.0899963378906,290.9200134277344,279.9566650390625,2612300,0.0,0.0
2025-05-01 00:00:00-04:00,287.0400085449219,287.8800048828125,282.07000732421875,283.7799987792969,273.08575439453125,2942700,0.0,0.0
2025-05-02 00:00:00-04:00,291.5,291.6099853515625,275.20001220703125,281.2200012207031,270.6221923828125,4537000,0.0,0.0
2025-05-05 00:00:00-04:00,281.57000732421875,281.9700012207031,276.0899963378906,280.05999755859375,269.50592041015625,2781400,0.0,0.0
2025-05-06 00:00:00-04:00,277.0899963378906,277.6099853515625,268.80999755859375,270.44000244140625,260.2484130859375,3253400,0.0,0.0
2025-05-07 00:00:00-04:00,272.0299987792969,276.67999267578125,270.44000244140625,275.8399963378906,265.4449157714844,2363400,0.0,0.0
2025-05-08 00:00:00-04:00,269.45001220703125,274.7799987792969,266.0199890136719,272.04998779296875,261.7977600097656,3618000,0.0,0.0
2025-05-09 00:00:00-04:00,270.6600036621094,273.4800109863281,265.6600036621094,265.8599853515625,255.8409881591797,3328900,0.0,0.0
2025-05-12 00:00:00-04:00,266.4700012207031,276.0899963378906,262.989990234375,274.760009765625,264.4056091308594,4216800,0.0,0.0
2025-05-13 00:00:00-04:00,273.8299865722656,273.9200134277344,268.5299987792969,270.45001220703125,260.25811767578125,2660700,0.0,0.0
2025-05-14 00:00:00-04:00,269.8399963378906,270.3399963378906,261.42999267578125,262.2799987792969,252.3959503173828,3933000,0.0,0.0
2025-05-15 00:00:00-04:00,265.29998779296875,271.69000244140625,264.1499938964844,271.69000244140625,261.45135498046875,3995100,0.0,0.0
2025-05-16 00:00:00-04:00,270.6600036621094,272.5400085449219,267.7300109863281,272.4100036621094,264.46087646484375,2589300,2.38,0.0
2025-05-19 00:00:00-04:00,272.5799865722656,276.0,272.0,275.8500061035156,267.80047607421875,2189400,0.0,0.0
2025-05-20 00:00:00-04:00,275.9100036621094,276.8999938964844,274.2799987792969,275.010009765625,266.9850158691406,2188300,0.0,0.0
2025-05-21 00:00:00-04:00,274.17999267578125,275.5899963378906,270.510009765625,271.3399963378906,263.4220886230469,2559700,0.0,0.0
2025-05-22 00:00:00-04:00,271.3399963378906,272.44000244140625,269.1000061035156,271.8999938964844,263.9657287597656,1919800,0.0,0.0
2025-05-23 00:00:00-04:00,269.4800109863281,272.5199890136719,269.1300048828125,271.6600036621094,263.7327575683594,2532000,0.0,0.0
2025-05-27 00:00:00-04:00,273.70001220703125,279.6300048828125,273.1199951171875,279.45001220703125,271.29541015625,2917100,0.0,0.0
2025-05-28 00:00:00-04:00,279.0199890136719,281.3399963378906,276.6199951171875,278.3999938964844,270.27606201171875,3863800,0.0,0.0
2025-05-29 00:00:00-04:00,279.2200012207031,283.82000732421875,278.3999938964844,283.5400085449219,275.2660827636719,2801900,0.0,0.0
2025-05-30 00:00:00-04:00,282.6099853515625,288.80999755859375,281.0400085449219,288.17999267578125,279.77069091796875,5439200,0.0,0.0
2025-06-02 00:00:00-04:00,285.6400146484375,289.45001220703125,284.7699890136719,288.4700012207031,280.0522155761719,2394000,0.0,0.0
2025-06-03 00:00:00-04:00,285.5199890136719,291.760009765625,283.0400085449219,289.57000732421875,281.1201171875,2320400,0.0,0.0
2025-06-04 00:00:00-04:00,290.19000244140625,293.2099914550781,286.8900146484375,287.010009765625,278.63482666015625,2338300,0.0,0.0
2025-06-05 00:00:00-04:00,286.3299865722656,291.3599853515625,284.989990234375,287.1000061035156,278.7221984863281,2522400,0.0,0.0
2025-06-06 00:00:00-04:00,289.79998779296875,293.57000732421875,289.010009765625,290.3299865722656,281.85791015625,1996100,0.0,0.0
2025-06-09 00:00:00-04:00,290.4700012207031,291.6600036621094,287.5400085449219,289.9800109863281,281.5181884765625,1967100,0.0,0.0
2025-06-10 00:00:00-04:00,290.0,295.6400146484375,289.7900085449219,293.42999267578125,284.86749267578125,2441500,0.0,0.0
2025-06-11 00:00:00-04:00,293.2099914550781,294.6700134277344,291.1499938964844,291.80999755859375,283.29473876953125,1828300,0.0,0.0
2025-06-12 00:00:00-04:00,294.2099914550781,297.44000244140625,292.67999267578125,297.2900085449219,288.6148376464844,2159700,0.0,0.0
2025-06-13 00:00:00-04:00,294.7300109863281,299.489990234375,294.07000732421875,295.2200012207031,286.605224609375,2191200,0.0,0.0
2025-06-16 00:00:00-04:00,296.30999755859375,298.7699890136719,292.4599914550781,295.55999755859375,286.93536376953125,2047600,0.0,0.0
2025-06-17 00:00:00-04:00,294.4100036621094,295.79998779296875,289.6300048828125,290.04998779296875,281.5860900878906,2515100,0.0,0.0
2025-06-18 00:00:00-04:00,290.7900085449219,291.8699951171875,286.6000061035156,289.6300048828125,281.1783752441406,2026800,0.0,0.0
2025-06-20 00:00:00-04:00,292.1700134277344,294.54998779296875,288.5400085449219,289.3299865722656,280.8871154785156,6801300,0.0,0.0
2025-06-23 00:00:00-04:00,290.0799865722656,290.6600036621094,267.8299865722656,272.44000244140625,264.489990234375,5764900,0.0,0.0
2025-06-24 00:00:00-04:00,273.1300048828125,280.010009765625,269.010009765625,277.489990234375,269.3926086425781,3686900,0.0,0.0
2025-06-25 00:00:00-04:00,275.79998779296875,280.5400085449219,273.1300048828125,280.3500061035156,272.1691589355469,2740300,0.0,0.0
2025-06-26 00:00:00-04:00,280.0,286.1700134277344,277.75,279.1099853515625,270.9653625488281,2998200,0.0,0.0
2025-06-27 00:00:00-04:00,278.57000732421875,281.32000732421875,275.70001220703125,277.1300048828125,269.0431213378906,2894500,0.0,0.0
2025-06-30 00:00:00-04:00,278.8500061035156,280.0400085449219,276.5799865722656,279.2099914550781,271.0624084472656,2963500,0.0,0.0
2025-07-01 00:00:00-04:00,280.010009765625,293.9800109863281,278.9800109863281,290.5199890136719,282.0423583984375,3502700,0.0,0.0
2025-07-02 00:00:00-04:00,291.0299987792969,297.9100036621094,289.5,296.8500061035156,288.1877136230469,2287000,0.0,0.0
2025-07-03 00:00:00-04:00,297.0,298.989990234375,295.510009765625,298.239990234375,289.537109375,1518500,0.0,0.0
2025-07-07 00:00:00-04:00,297.8800048828125,298.0,291.3800048828125,292.95001220703125,284.4014892578125,2144500,0.0,0.0
2025-07-08 00:00:00-04:00,291.9599914550781,298.67999267578125,291.25,297.0,288.33331298828125,1534100,0.0,0.0
2025-07-09 00:00:00-04:00,298.510009765625,301.6600036621094,291.7699890136719,296.5199890136719,287.8673095703125,2098000,0.0,0.0
2025-07-10 00:00:00-04:00,296.19000244140625,302.3800048828125,295.1700134277344,300.3699951171875,291.6049499511719,1925800,0.0,0.0
2025-07-11 00:00:00-04:00,298.2300109863281,299.9100036621094,294.0,295.2699890136719,286.6537780761719,1619800,0.0,0.0
2025-07-14 00:00:00-04:00,293.8599853515625,297.1400146484375,292.8399963378906,297.0299987792969,288.3624267578125,1202300,0.0,0.0
2025-07-15 00:00:00-04:00,297.19000244140625,297.5299987792969,291.94000244140625,292.510009765625,283.974365234375,1592700,0.0,0.0
2025-07-16 00:00:00-04:00,292.510009765625,299.3399963378906,292.3299865722656,299.0199890136719,290.2943420410156,1881000,0.0,0.0
2025-07-17 00:00:00-04:00,297.5899963378906,299.95001220703125,296.2799987792969,298.25,289.54681396484375,1725600,0.0,0.0
2025-07-18 00:00:00-04:00,300.92999267578125,301.0,293.75,294.760009765625,286.15869140625,1967700,0.0,0.0
2025-07-21 00:00:00-04:00,294.75,297.0899963378906,293.6000061035156,295.8699951171875,287.2362976074219,2025100,0.0,0.0
2025-07-22 00:00:00-04:00,296.4599914550781,306.79998779296875,295.8599853515625,305.69000244140625,296.76971435546875,2520800,0.0,0.0
2025-07-23 00:00:00-04:00,307.80999755859375,309.489990234375,305.989990234375,309.2200012207031,300.19671630859375,1782700,0.0,0.0
2025-07-24 00:00:00-04:00,309.2300109863281,311.2799987792969,307.3500061035156,308.54998779296875,299.5462341308594,1531200,0.0,0.0
2025-07-25 00:00:00-04:00,308.5799865722656,309.0299987792969,304.45001220703125,306.5799865722656,297.6337585449219,1451300,0.0,0.0
2025-07-28 00:00:00-04:00,305.82000732421875,306.0,300.1000061035156,301.2900085449219,292.49810791015625,1948000,0.0,0.0
2025-07-29 00:00:00-04:00,301.1199951171875,304.07000732421875,297.7799987792969,303.55999755859375,294.701904296875,1406500,0.0,0.0
2025-07-30 00:00:00-04:00,304.3299865722656,305.57000732421875,299.6600036621094,301.3699951171875,292.5757751464844,1550400,0.0,0.0
2025-07-31 00:00:00-04:00,298.44000244140625,302.9599914550781,293.6300048828125,295.1000061035156,286.4887390136719,2252700,0.0,0.0
2025-08-01 00:00:00-04:00,297.05999755859375,298.5199890136719,292.5899963378906,296.8800048828125,288.2168273925781,2410900,0.0,0.0
2025-08-04 00:00:00-04:00,297.29998779296875,302.3299865722656,296.29998779296875,301.94000244140625,293.129150390625,2316200,0.0,0.0
2025-08-05 00:00:00-04:00,300.7300109863281,302.1000061035156,297.0199890136719,300.0799865722656,291.3233947753906,2664100,0.0,0.0
2025-08-06 00:00:00-04:00,295.510009765625,298.5400085449219,281.6499938964844,284.6700134277344,276.36309814453125,4576000,0.0,0.0
2025-08-07 00:00:00-04:00,287.3500061035156,289.25,281.69000244140625,284.70001220703125,276.3922424316406,2588800,0.0,0.0
2025-08-08 00:00:00-04:00,283.489990234375,288.489990234375,283.489990234375,288.2300109863281,279.8192138671875,1803300,0.0,0.0
2025-08-11 00:00:00-04:00,289.739990234375,291.739990234375,284.7200012207031,285.0899963378906,276.77081298828125,1856800,0.0,0.0
2025-08-12 00:00:00-04:00,285.4800109863281,286.260009765625,282.6000061035156,284.9800109863281,276.6640625,2200300,0.0,0.0
2025-08-13 00:00:00-04:00,285.32000732421875,289.5799865722656,284.69000244140625,289.3299865722656,280.8871154785156,1784900,0.0,0.0
2025-08-14 00:00:00-04:00,288.8800048828125,291.5400085449219,287.4100036621094,290.2900085449219,281.8191223144531,1932300,0.0,0.0
2025-08-15 00:00:00-04:00,292.0299987792969,296.989990234375,290.5799865722656,296.4700012207031,287.81878662109375,2168300,0.0,0.0
2025-08-18 00:00:00-04:00,296.92999267578125,298.1400146484375,292.29998779296875,292.6199951171875,284.0810852050781,1743800,0.0,0.0
2025-08-19 00:00:00-04:00,292.4100036621094,296.989990234375,292.1099853515625,295.54998779296875,286.92559814453125,1858500,0.0,0.0
2025-08-20 00:00:00-04:00,296.25,301.4700012207031,295.79998779296875,296.45001220703125,287.79937744140625,1723700,0.0,0.0
2025-08-21 00:00:00-04:00,295.8999938964844,299.8999938964844,294.489990234375,295.760009765625,287.1294860839844,1843700,0.0,0.0
2025-08-22 00:00:00-04:00,295.489990234375,297.8900146484375,293.3500061035156,293.7200012207031,287.4622497558594,1644000,2.38,0.0
2025-08-25 00:00:00-04:00,292.6099853515625,294.6000061035156,287.55999755859375,288.4700012207031,282.3240966796875,1734300,0.0,0.0
2025-08-26 00:00:00-04:00,287.7699890136719,289.8900146484375,286.5299987792969,289.5799865722656,283.4104309082031,1750400,0.0,0.0
2025-08-27 00:00:00-04:00,288.8399963378906,290.25,286.6499938964844,287.9700012207031,281.8347473144531,1400800,0.0,0.0
2025-08-28 00:00:00-04:00,287.2300109863281,287.2300109863281,284.8699951171875,285.6099853515625,279.5250244140625,1886700,0.0,0.0
2025-08-29 00:00:00-04:00,285.79998779296875,288.29998779296875,285.1600036621094,287.7099914550781,281.5802917480469,1302700,0.0,0.0
2025-09-02 00:00:00-04:00,287.489990234375,288.739990234375,284.7099914550781,286.9200134277344,280.80712890625,1948200,0.0,0.0
2025-09-03 00:00:00-04:00,284.0799865722656,286.92999267578125,280.3800048828125,283.8500061035156,277.8025207519531,2604100,0.0,0.0
2025-09-04 00:00:00-04:00,284.760009765625,284.760009765625,278.75,280.1000061035156,274.1324462890625,2622000,0.0,0.0
2025-09-05 00:00:00-04:00,279.79998779296875,285.2900085449219,279.0,283.6400146484375,277.5970153808594,2299400,0.0,0.0
2025-09-08 00:00:00-04:00,281.04998779296875,282.42999267578125,277.32000732421875,280.19000244140625,274.2204895019531,2452900,0.0,0.0
2025-09-09 00:00:00-04:00,279.5,282.0799865722656,278.7799987792969,279.9700012207031,274.00518798828125,1733000,0.0,0.0
2025-09-10 00:00:00-04:00,280.0,280.30999755859375,275.1600036621094,278.510009765625,272.5762939453125,2150700,0.0,0.0
2025-09-11 00:00:00-04:00,278.5199890136719,282.8999938964844,278.0,282.7300109863281,276.7064208984375,2233100,0.0,0.0
2025-09-12 00:00:00-04:00,281.0400085449219,282.94000244140625,276.07000732421875,276.3900146484375,270.50146484375,2143700,0.0,0.0
2025-09-15 00:00:00-04:00,276.07000732421875,277.239990234375,271.6099853515625,274.3999938964844,268.5538330078125,2563100,0.0,0.0
2025-09-16 00:00:00-04:00,275.8900146484375,277.5899963378906,271.7300109863281,273.0799865722656,267.2619934082031,2157400,0.0,0.0
2025-09-17 00:00:00-04:00,274.1400146484375,277.79998779296875,273.0,274.7099914550781,268.85723876953125,1748800,0.0,0.0
2025-09-18 00:00:00-04:00,274.70001220703125,276.5,273.9700012207031,275.8299865722656,269.953369140625,3322500,0.0,0.0
2025-09-19 00:00:00-04:00,278.6400146484375,286.1499938964844,277.3699951171875,285.4100036621094,279.32928466796875,8735100,0.0,0.0
2025-09-22 00:00:00-04:00,284.1300048828125,287.20001220703125,281.7099914550781,286.0,279.9067077636719,3050500,0.0,0.0
2025-09-23 00:00:00-04:00,283.9599914550781,287.260009765625,283.9599914550781,286.80999755859375,280.699462890625,2342000,0.0,0.0
2025-09-24 00:00:00-04:00,285.4700012207031,286.70001220703125,278.0,279.2200012207031,273.2711486816406,2374200,0.0,0.0
2025-09-25 00:00:00-04:00,279.0,281.04998779296875,270.6400146484375,271.17999267578125,265.4024353027344,2802700,0.0,0.0
2025-09-26 00:00:00-04:00,274.3399963378906,275.5,269.7699890136719,272.9800109863281,267.16412353515625,1812200,0.0,0.0
2025-09-29 00:00:00-04:00,273.1000061035156,274.5199890136719,270.6700134277344,273.9700012207031,268.13299560546875,1769100,0.0,0.0
2025-09-30 00:00:00-04:00,274.1400146484375,284.82000732421875,274.0199890136719,282.20001220703125,276.18768310546875,3508700,0.0,0.0
2025-10-01 00:00:00-04:00,284.45001220703125,301.6600036621094,283.0,298.5,292.1404113769531,4835400,0.0,0.0
2025-10-02 00:00:00-04:00,298.30999755859375,300.5,295.4599914550781,297.3999938964844,291.0638427734375,2123200,0.0,0.0
2025-10-03 00:00:00-04:00,297.7200012207031,301.5400085449219,295.6300048828125,297.8900146484375,291.5434265136719,2518500,0.0,0.0
2025-10-06 00:00:00-04:00,297.6199951171875,297.6199951171875,293.0299987792969,294.1199951171875,287.8537292480469,1957300,0.0,0.0
2025-10-07 00:00:00-04:00,293.2699890136719,295.8500061035156,290.2099914550781,295.5400085449219,289.24346923828125,1504300,0.0,0.0
2025-10-08 00:00:00-04:00,295.7900085449219,297.6300048828125,292.2900085449219,294.6199951171875,288.3430480957031,2940600,0.0,0.0
2025-10-09 00:00:00-04:00,294.1300048828125,296.6300048828125,293.70001220703125,295.42999267578125,289.13580322265625,1369000,0.0,0.0
2025-10-10 00:00:00-04:00,296.1600036621094,297.0899963378906,289.5799865722656,290.1300048828125,283.94873046875,2660500,0.0,0.0
2025-10-13 00:00:00-04:00,291.75,296.1300048828125,289.44000244140625,292.3999938964844,286.17034912109375,1838400,0.0,0.0
2025-10-14 00:00:00-04:00,291.75,296.8699951171875,290.9700012207031,293.8500061035156,287.5894775390625,1975900,0.0,0.0
2025-10-15 00:00:00-04:00,292.82000732421875,298.2099914550781,292.42999267578125,297.32000732421875,290.9855651855469,2502100,0.0,0.0
2025-10-16 00:00:00-04:00,298.07000732421875,302.2699890136719,294.44000244140625,295.80999755859375,289.5076904296875,1715000,0.0,0.0
2025-10-17 00:00:00-04:00,295.239990234375,299.3699951171875,293.1400146484375,298.80999755859375,292.4438171386719,1959400,0.0,0.0
2025-10-20 00:00:00-04:00,299.4800109863281,303.6600036621094,297.75,303.3299865722656,296.8674621582031,1613400,0.0,0.0
2025-10-21 00:00:00-04:00,302.6000061035156,303.8500061035156,298.0299987792969,301.1400146484375,294.72418212890625,1533400,0.0,0.0
2025-10-22 00:00:00-04:00,301.2900085449219,302.82000732421875,295.6000061035156,295.9800109863281,289.6741027832031,1698500,0.0,0.0
2025-10-23 00:00:00-04:00,296.010009765625,296.4599914550781,291.9100036621094,292.8900146484375,286.64996337890625,1496800,0.0,0.0
2025-10-24 00:00:00-04:00,292.8900146484375,293.94000244140625,290.6600036621094,291.760009765625,285.5439758300781,1376300,0.0,0.0
2025-10-27 00:00:00-04:00,291.2099914550781,292.0,288.260009765625,291.1600036621094,284.956787109375,1794300,0.0,0.0
2025-10-28 00:00:00-04:00,288.92999267578125,292.6300048828125,288.260009765625,292.0899963378906,285.866943359375,2217200,0.0,0.0
2025-10-29 00:00:00-04:00,291.760009765625,294.80999755859375,289.44000244140625,291.7699890136719,285.55377197265625,2824300,0.0,0.0
2025-10-30 00:00:00-04:00,290.5799865722656,294.55999755859375,289.0,292.0,285.77886962890625,2058200,0.0,0.0
2025-10-31 00:00:00-04:00,288.4599914550781,298.8800048828125,288.0,298.42999267578125,292.0718688964844,2687100,0.0,0.0
2025-11-03 00:00:00-05:00,298.42999267578125,301.0,292.1199951171875,296.29998779296875,289.9872741699219,2753300,0.0,0.0
2025-11-04 00:00:00-05:00,298.7099914550781,299.05999755859375,294.4800109863281,296.70001220703125,290.3787536621094,3412500,0.0,0.0
2025-11-05 00:00:00-05:00,303.1300048828125,322.9800109863281,302.1300048828125,319.8599853515625,313.0453186035156,5486200,0.0,0.0
2025-11-06 00:00:00-05:00,319.1000061035156,321.30999755859375,312.5199890136719,315.5899963378906,308.8663024902344,3330300,0.0,0.0
2025-11-07 00:00:00-05:00,316.0799865722656,321.4200134277344,314.0,320.20001220703125,313.3780822753906,2665200,0.0,0.0
2025-11-10 00:00:00-05:00,320.6000061035156,326.17999267578125,319.5400085449219,323.6600036621094,316.7643737792969,2518600,0.0,0.0
2025-11-11 00:00:00-05:00,323.4200134277344,338.54998779296875,323.4200134277344,338.45001220703125,331.2392578125,3136500,0.0,0.0
2025-11-12 00:00:00-05:00,338.6400146484375,342.3999938964844,335.82000732421875,336.2799987792969,329.115478515625,2941000,0.0,0.0
2025-11-13 00:00:00-05:00,337.8999938964844,345.8399963378906,335.1199951171875,336.0,328.8414611816406,3413500,0.0,0.0
2025-11-14 00:00:00-05:00,336.739990234375,339.79998779296875,330.3500061035156,336.739990234375,329.565673828125,3310300,0.0,0.0
2025-11-17 00:00:00-05:00,337.6400146484375,344.05999755859375,336.8299865722656,341.7099914550781,334.4298095703125,2996600,0.0,0.0
2025-11-18 00:00:00-05:00,343.7300109863281,345.489990234375,339.29998779296875,343.989990234375,336.66119384765625,2966600,0.0,0.0
2025-11-19 00:00:00-05:00,343.4700012207031,345.2900085449219,340.0199890136719,342.3999938964844,335.1050720214844,2129800,0.0,0.0
2025-11-20 00:00:00-05:00,344.5199890136719,345.0899963378906,335.0,336.07000732421875,328.90997314453125,3183700,0.0,0.0
2025-11-21 00:00:00-05:00,334.8699951171875,342.8399963378906,334.739990234375,337.5400085449219,332.7048034667969,4128600,2.38,0.0
2025-11-24 00:00:00-05:00,335.8399963378906,338.6600036621094,331.7099914550781,334.29998779296875,329.51123046875,3551600,0.0,0.0
2025-11-25 00:00:00-05:00,335.4100036621094,341.7300109863281,335.4100036621094,341.1099853515625,336.2236633300781,2868600,0.0,0.0
2025-11-26 00:00:00-05:00,341.5299987792969,345.0299987792969,340.0,344.57000732421875,339.6341247558594,2333100,0.0,0.0
2025-11-28 00:00:00-05:00,344.0,345.6600036621094,342.260009765625,345.4599914550781,340.5113525390625,1268800,0.0,0.0
2025-12-01 00:00:00-05:00,343.07000732421875,343.9800109863281,336.25,337.489990234375,332.6555480957031,2383800,0.0,0.0
2025-12-02 00:00:00-05:00,338.8599853515625,342.5,336.3299865722656,338.3599853515625,333.5130310058594,2446500,0.0,0.0
2025-12-03 00:00:00-05:00,340.5400085449219,346.3800048828125,338.8500061035156,345.4200134277344,340.471923828125,2839100,0.0,0.0
2025-12-04 00:00:00-05:00,344.2300109863281,346.3299865722656,338.94000244140625,340.1600036621094,335.28729248046875,3695700,0.0,0.0
2025-12-05 00:00:00-05:00,340.3599853515625,340.8800048828125,328.6300048828125,329.8900146484375,325.1643981933594,2897700,0.0,0.0
2025-12-08 00:00:00-05:00,329.0899963378906,329.6700134277344,320.1700134277344,321.2300109863281,316.6284484863281,3510700,0.0,0.0
2025-12-09 00:00:00-05:00,321.82000732421875,323.0,313.17999267578125,313.8500061035156,309.3541564941406,2924900,0.0,0.0
2025-12-10 00:00:00-05:00,316.25,317.4700012207031,313.0,315.3800048828125,310.86224365234375,3071500,0.0,0.0
2025-12-11 00:00:00-05:00,317.8900146484375,320.19000244140625,312.3900146484375,317.3800048828125,312.8335876464844,2454800,0.0,0.0
2025-12-12 00:00:00-05:00,317.29998779296875,319.4599914550781,315.19000244140625,317.739990234375,313.1884460449219,2247200,0.0,0.0
2025-12-15 00:00:00-05:00,321.2099914550781,325.7699890136719,319.05999755859375,325.30999755859375,320.6499938964844,4049500,0.0,0.0
2025-12-16 00:00:00-05:00,324.82000732421875,327.3399963378906,323.0199890136719,326.739990234375,322.0595397949219,2642500,0.0,0.0
2025-12-17 00:00:00-05:00,327.5199890136719,330.0400085449219,325.42999267578125,326.010009765625,321.3399963378906,2517300,0.0,0.0
2025-12-18 00:00:00-05:00,326.2699890136719,328.239990234375,321.9100036621094,324.4200134277344,319.77276611328125,2669000,0.0,0.0
2025-12-19 00:00:00-05:00,325.55999755859375,331.5,324.7300109863281,327.3800048828125,322.6903381347656,13465700,0.0,0.0
2025-12-22 00:00:00-05:00,327.010009765625,331.8800048828125,326.0799865722656,331.3900146484375,326.6429138183594,2400400,0.0,0.0
2025-12-23 00:00:00-05:00,328.0899963378906,333.6700134277344,328.07000732421875,331.489990234375,326.7414855957031,1552800,0.0,0.0
2025-12-24 00:00:00-05:00,330.7200012207031,334.3800048828125,330.7200012207031,333.9599914550781,329.1761169433594,833700,0.0,0.0
2025-12-26 00:00:00-05:00,333.6499938964844,333.9800109863281,330.8500061035156,332.92999267578125,328.1608581542969,792600,0.0,0.0
2025-12-29 00:00:00-05:00,332.4599914550781,333.5,329.4700012207031,329.6300048828125,324.90814208984375,2181000,0.0,0.0
2025-12-30 00:00:00-05:00,328.6499938964844,329.7699890136719,325.8299865722656,328.69000244140625,323.9815979003906,1255900,0.0,0.0
2025-12-31 00:00:00-05:00,328.69000244140625,329.5,327.05999755859375,327.30999755859375,322.6213684082031,1417300,0.0,0.0
2026-01-02 00:00:00-05:00,328.7699890136719,329.19000244140625,325.010009765625,327.6400146484375,322.9466552734375,1539700,0.0,0.0
2026-01-05 00:00:00-05:00,324.9200134277344,326.5199890136719,318.2099914550781,320.7200012207031,316.1257629394531,2268700,0.0,0.0
2026-01-06 00:00:00-05:00,319.489990234375,330.94000244140625,318.8299865722656,330.1700134277344,325.4403991699219,2722500,0.0,0.0
2026-01-07 00:00:00-05:00,332.1000061035156,343.04998779296875,332.1000061035156,341.6400146484375,336.74609375,3599200,0.0,0.0
2026-01-08 00:00:00-05:00,337.760009765625,341.4599914550781,328.2099914550781,330.1099853515625,325.3812561035156,2799300,0.0,0.0
2026-01-09 00:00:00-05:00,328.80999755859375,332.0799865722656,323.8900146484375,326.1000061035156,321.4287109375,2118400,0.0,0.0
2026-01-12 00:00:00-05:00,328.4700012207031,328.4700012207031,322.739990234375,325.5400085449219,320.876708984375,2460600,0.0,0.0
2026-01-13 00:00:00-05:00,327.4200134277344,327.75,319.7900085449219,324.29998779296875,319.65447998046875,2382200,0.0,0.0
2026-01-14 00:00:00-05:00,324.0899963378906,329.20001220703125,323.54998779296875,328.9700012207031,324.2575988769531,1897400,0.0,0.0
2026-01-15 00:00:00-05:00,328.9700012207031,332.5,325.19000244140625,330.0299987792969,325.3023986816406,2591900,0.0,0.0
2026-01-16 00:00:00-05:00,328.70001220703125,333.0299987792969,326.8999938964844,330.4100036621094,325.67694091796875,4033700,0.0,0.0
2026-01-20 00:00:00-05:00,325.5799865722656,331.3399963378906,321.7099914550781,331.0,326.2585144042969,2947500,0.0,0.0
2026-01-21 00:00:00-05:00,329.95001220703125,343.9800109863281,329.32000732421875,343.6000061035156,338.6780090332031,4148600,0.0,0.0
2026-01-22 00:00:00-05:00,344.1499938964844,349.9800109863281,342.1400146484375,347.07000732421875,342.0982971191406,3025100,0.0,0.0
2026-01-23 00:00:00-05:00,346.17999267578125,349.2300109863281,341.82000732421875,344.75,339.8115539550781,2024900,0.0,0.0
2026-01-26 00:00:00-05:00,344.70001220703125,350.42999267578125,343.6199951171875,349.69000244140625,344.6807861328125,3116100,0.0,0.0
2026-01-27 00:00:00-05:00,348.57000732421875,353.25,346.92999267578125,351.32000732421875,346.28741455078125,3269600,0.0,0.0
2026-01-28 00:00:00-05:00,349.0,351.95001220703125,340.0,342.2200012207031,337.3177795410156,2347800,0.0,0.0
2026-01-29 00:00:00-05:00,341.6600036621094,347.2699890136719,338.75,342.94000244140625,338.0274658203125,3153100,0.0,0.0
2026-01-30 00:00:00-05:00,340.80999755859375,345.5,338.07000732421875,341.8800048828125,336.982666015625,2522400,0.0,0.0
2026-02-02 00:00:00-05:00,339.4700012207031,345.9800109863281,339.4100036621094,344.67999267578125,339.7425231933594,1899900,0.0,0.0
2026-02-03 00:00:00-05:00,341.239990234375,349.5,338.5899963378906,338.5899963378906,333.7397766113281,4040000,0.0,0.0
2026-02-04 00:00:00-05:00,352.0299987792969,368.75,342.3800048828125,366.20001220703125,360.95428466796875,5899600,0.0,0.0
2026-02-05 00:00:00-05:00,365.7300109863281,374.8999938964844,365.0,367.79998779296875,362.5313415527344,4007300,0.0,0.0
2026-02-06 00:00:00-05:00,369.989990234375,385.1199951171875,368.8999938964844,384.32000732421875,378.8147277832031,3840300,0.0,0.0
2026-02-09 00:00:00-05:00,380.70001220703125,384.6199951171875,372.3399963378906,375.82000732421875,370.4364929199219,2843700,0.0,0.0
2026-02-10 00:00:00-05:00,377.0400085449219,377.3599853515625,363.6499938964844,364.6499938964844,359.42645263671875,3526400,0.0,0.0
2026-02-11 00:00:00-05:00,365.1400146484375,368.510009765625,361.0,366.5799865722656,361.32879638671875,2826000,0.0,0.0
2026-02-12 00:00:00-05:00,366.6600036621094,370.8800048828125,365.05999755859375,366.20001220703125,360.95428466796875,2374500,0.0,0.0
2026-02-13 00:00:00-05:00,362.6600036621094,370.4200134277344,361.7099914550781,369.19000244140625,366.4229736328125,2414200,2.52,0.0
2026-02-17 00:00:00-05:00,370.8800048828125,374.7699890136719,369.0,373.3599853515625,370.56170654296875,2255400,0.0,0.0
2026-02-18 00:00:00-05:00,373.5,380.5799865722656,370.44000244140625,379.7300109863281,376.88397216796875,2731900,0.0,0.0
2026-02-19 00:00:00-05:00,377.9100036621094,379.92999267578125,374.1300048828125,375.5,372.6856689453125,2427000,0.0,0.0
2026-02-20 00:00:00-05:00,372.010009765625,377.0,371.3900146484375,374.75,371.9412841796875,2911700,0.0,0.0
2026-02-23 00:00:00-05:00,375.260009765625,381.7799987792969,374.739990234375,379.4200134277344,376.5763244628906,2951400,0.0,0.0
2026-02-24 00:00:00-05:00,380.0199890136719,383.20001220703125,378.82000732421875,382.8699951171875,380.00042724609375,2454700,0.0,0.0
2026-02-25 00:00:00-05:00,381.5,387.489990234375,380.5400085449219,384.3299865722656,381.4494934082031,2459500,0.0,0.0
2026-02-26 00:00:00-05:00,385.1400146484375,385.1400146484375,374.25,379.3299865722656,376.4869689941406,2589400,0.0,0.0
2026-02-27 00:00:00-05:00,379.2900085449219,390.1400146484375,378.75,388.1600036621094,385.25079345703125,3441000,0.0,0.0
2026-03-02 00:00:00-05:00,388.0,391.2900085449219,381.8900146484375,385.70001220703125,382.8092346191406,2837900,0.0,0.0
2026-03-03 00:00:00-05:00,377.9700012207031,381.739990234375,372.7099914550781,377.0,374.1744384765625,2710400,0.0,0.0
2026-03-04 00:00:00-05:00,380.0,380.0899963378906,370.82000732421875,379.2699890136719,376.4273986816406,2028300,0.0,0.0
2026-03-05 00:00:00-05:00,375.17999267578125,377.0899963378906,361.3999938964844,367.6000061035156,364.8448791503906,2868400,0.0,0.0
2026-03-06 00:00:00-05:00,364.20001220703125,369.760009765625,361.7099914550781,369.5299987792969,366.7604064941406,2443000,0.0,0.0
2026-03-09 00:00:00-04:00,368.2699890136719,378.82000732421875,366.5299987792969,376.9700012207031,374.1446533203125,2719900,0.0,0.0
2026-03-10 00:00:00-04:00,376.1700134277344,379.260009765625,372.739990234375,375.42999267578125,372.6161804199219,2284500,0.0,0.0
2026-03-11 00:00:00-04:00,375.04998779296875,380.1400146484375,373.0,377.6400146484375,374.8096618652344,2299200,0.0,0.0
2026-03-12 00:00:00-04:00,373.510009765625,375.0,367.760009765625,367.7900085449219,365.0334777832031,1990500,0.0,0.0
2026-03-13 00:00:00-04:00,370.67999267578125,372.9800109863281,365.92999267578125,366.2099914550781,363.4653015136719,1500300,0.0,0.0
2026-03-16 00:00:00-04:00,369.3800048828125,370.8900146484375,364.7200012207031,366.25,363.5050048828125,2099100,0.0,0.0
2026-03-17 00:00:00-04:00,368.239990234375,368.7799987792969,359.79998779296875,361.1300048828125,358.4233703613281,2334300,0.0,0.0
2026-03-18 00:00:00-04:00,359.82000732421875,360.69000244140625,350.80999755859375,351.4800109863281,348.845703125,2895100,0.0,0.0
2026-03-19 00:00:00-04:00,353.29998779296875,356.32000732421875,347.8500061035156,349.9200134277344,347.29742431640625,2168700,0.0,0.0
2026-03-20 00:00:00-04:00,348.010009765625,351.25,344.95001220703125,347.79998779296875,345.1932678222656,9168800,0.0,0.0
2026-03-23 00:00:00-04:00,351.79998779296875,353.4200134277344,348.6099853515625,349.7699890136719,347.14849853515625,2368700,0.0,0.0
2026-03-24 00:00:00-04:00,346.55999755859375,352.5799865722656,345.79998779296875,348.42999267578125,345.81854248046875,2336700,0.0,0.0
2026-03-25 00:00:00-04:00,350.760009765625,358.0,350.760009765625,353.92999267578125,351.27734375,1831900,0.0,0.0
2026-03-26 00:00:00-04:00,350.3299865722656,354.80999755859375,348.5199890136719,353.1600036621094,350.51312255859375,2044800,0.0,0.0
2026-03-27 00:00:00-04:00,355.6600036621094,355.6600036621094,347.79998779296875,348.7699890136719,346.156005859375,2274800,0.0,0.0
2026-03-30 00:00:00-04:00,351.8299865722656,351.8299865722656,348.1300048828125,349.0,346.38427734375,2589900,0.0,0.0
2026-03-31 00:00:00-04:00,350.7300109863281,355.489990234375,347.1099853515625,351.8500061035156,349.21295166015625,3747100,0.0,0.0
2026-04-01 00:00:00-04:00,354.8999938964844,357.0,351.6600036621094,353.2799987792969,350.6322021484375,2726600,0.0,0.0
2026-04-02 00:00:00-04:00,352.7200012207031,354.1600036621094,345.8699951171875,347.94000244140625,345.3322448730469,1604300,0.0,0.0
2026-04-06 00:00:00-04:00,345.45001220703125,348.1700134277344,340.6400146484375,342.57000732421875,340.00250244140625,2143700,0.0,0.0
2026-04-07 00:00:00-04:00,340.989990234375,341.8699951171875,335.05999755859375,340.0,337.4517517089844,3162200,0.0,0.0
2026-04-08 00:00:00-04:00,345.6099853515625,351.3299865722656,342.3500061035156,349.80999755859375,347.188232421875,2666400,0.0,0.0
2026-04-09 00:00:00-04:00,347.4599914550781,359.45001220703125,346.4200134277344,355.6000061035156,352.9348449707031,2940700,0.0,0.0
2026-04-10 00:00:00-04:00,357.4599914550781,357.4599914550781,349.75,351.0199890136719,348.3891296386719,2258100,0.0,0.0
2026-04-13 00:00:00-04:00,352.0899963378906,352.6199951171875,345.489990234375,349.82000732421875,347.1981506347656,2547700,0.0,0.0
2026-04-14 00:00:00-04:00,346.17999267578125,351.7200012207031,345.4100036621094,350.95001220703125,348.3197021484375,2106800,0.0,0.0
2026-04-15 00:00:00-04:00,351.70001220703125,352.6000061035156,344.2099914550781,348.2200012207031,345.6101379394531,2140000,0.0,0.0
2026-04-16 00:00:00-04:00,346.6300048828125,351.25,346.6000061035156,349.3900146484375,346.7713928222656,1981600,0.0,0.0
2026-04-17 00:00:00-04:00,351.8999938964844,356.69000244140625,349.4200134277344,355.29998779296875,352.6370544433594,3685900,0.0,0.0
2026-04-20 00:00:00-04:00,354.25,356.8999938964844,350.0199890136719,350.1600036621094,347.5356140136719,2107600,0.0,0.0
2026-04-21 00:00:00-04:00,350.2300109863281,350.2300109863281,340.05999755859375,344.8599853515625,342.2752990722656,2066600,0.0,0.0
2026-04-22 00:00:00-04:00,344.0899963378906,347.67999267578125,342.9700012207031,345.9200134277344,343.327392578125,2136100,0.0,0.0
2026-04-23 00:00:00-04:00,345.5199890136719,350.69000244140625,345.5,348.6199951171875,346.00714111328125,2033400,0.0,0.0
2026-04-24 00:00:00-04:00,346.0,347.6600036621094,342.5199890136719,344.54998779296875,341.9676208496094,2201200,0.0,0.0
2026-04-27 00:00:00-04:00,342.3500061035156,348.0400085449219,339.9800109863281,340.17999267578125,337.6304016113281,2653800,0.0,0.0
2026-04-28 00:00:00-04:00,344.5,346.0199890136719,337.82000732421875,339.57000732421875,337.02496337890625,2376400,0.0,0.0
2026-04-29 00:00:00-04:00,335.010009765625,339.1199951171875,333.54998779296875,338.0199890136719,335.486572265625,2516500,0.0,0.0
2026-04-30 00:00:00-04:00,340.75,349.5400085449219,340.04998779296875,346.25,343.6549072265625,3592600,0.0,0.0
2026-05-01 00:00:00-04:00,332.5199890136719,337.0,324.6300048828125,329.82000732421875,327.3480529785156,3821100,0.0,0.0
2026-05-04 00:00:00-04:00,326.0299987792969,326.7900085449219,321.9200134277344,323.8500061035156,321.42279052734375,3481000,0.0,0.0
2026-05-05 00:00:00-04:00,321.9100036621094,329.6600036621094,320.5199890136719,329.5899963378906,327.1197509765625,3321400,0.0,0.0
2026-05-06 00:00:00-04:00,329.1300048828125,332.9800109863281,329.04998779296875,331.1099853515625,328.62835693359375,2874400,0.0,0.0
2026-05-07 00:00:00-04:00,330.3900146484375,331.2799987792969,327.2200012207031,329.0899963378906,326.6235046386719,3296900,0.0,0.0
2026-05-08 00:00:00-04:00,329.4800109863281,332.3299865722656,328.0,331.70001220703125,329.2139587402344,2443200,0.0,0.0
2026-05-11 00:00:00-04:00,332.989990234375,334.19000244140625,327.6199951171875,329.5899963378906,327.1197509765625,1918800,0.0,0.0
2026-05-12 00:00:00-04:00,331.95001220703125,338.489990234375,329.79998779296875,336.2900085449219,333.7695617675781,3119100,0.0,0.0
2026-05-13 00:00:00-04:00,332.32000732421875,338.0,330.05999755859375,336.45001220703125,333.9283752441406,2183800,0.0,0.0
2026-05-14 00:00:00-04:00,336.260009765625,337.94000244140625,333.4700012207031,336.2300109863281,333.71002197265625,2041600,0.0,0.0
2026-05-15 00:00:00-04:00,336.2300109863281,336.2300109863281,325.1600036621094,326.30999755859375,326.30999755859375,3447700,2.52,0.0
2026-05-18 00:00:00-04:00,325.54998779296875,325.7699890136719,321.2099914550781,324.3900146484375,324.3900146484375,2030100,0.0,0.0
2026-05-19 00:00:00-04:00,323.25,332.3399963378906,320.9700012207031,330.75,330.75,3040400,0.0,0.0
2026-05-20 00:00:00-04:00,330.75,333.5299987792969,326.79998779296875,331.57000732421875,331.57000732421875,4074400,0.0,0.0
2026-05-21 00:00:00-04:00,330.0,337.6300048828125,329.0899963378906,337.4200134277344,337.4200134277344,2001000,0.0,0.0
2026-05-22 00:00:00-04:00,340.260009765625,343.79998779296875,338.3999938964844,339.29998779296875,339.29998779296875,1566200,0.0,0.0
2026-05-26 00:00:00-04:00,340.55999755859375,342.489990234375,335.20001220703125,335.94000244140625,335.94000244140625,1860200,0.0,0.0
2026-05-27 00:00:00-04:00,339.5199890136719,341.3900146484375,335.989990234375,336.05999755859375,336.05999755859375,1929500,0.0,0.0
2026-05-28 00:00:00-04:00,336.44000244140625,337.95001220703125,334.1600036621094,336.4800109863281,336.4800109863281,2159000,0.0,0.0
2026-05-29 00:00:00-04:00,336.2200012207031,337.510009765625,333.05999755859375,336.7900085449219,336.7900085449219,2953800,0.0,0.0
2026-06-01 00:00:00-04:00,333.3800048828125,333.8299865722656,326.3500061035156,329.1300048828125,329.1300048828125,2120500,0.0,0.0
2026-06-02 00:00:00-04:00,326.1700134277344,329.4599914550781,322.29998779296875,328.260009765625,328.260009765625,1558800,0.0,0.0
2026-06-03 00:00:00-04:00,327.9800109863281,338.70001220703125,325.9800109863281,338.2200012207031,338.2200012207031,2289300,0.0,0.0
2026-06-04 00:00:00-04:00,345.8699951171875,349.17999267578125,342.25,345.6000061035156,345.6000061035156,2907100,0.0,0.0
2026-06-05 00:00:00-04:00,348.760009765625,356.5,347.6600036621094,349.5799865722656,349.5799865722656,3450800,0.0,0.0
2026-06-08 00:00:00-04:00,349.3399963378906,352.1700134277344,344.239990234375,345.7300109863281,345.7300109863281,2488200,0.0,0.0
2026-06-09 00:00:00-04:00,348.239990234375,349.6400146484375,342.6199951171875,344.57000732421875,344.57000732421875,3388200,0.0,0.0
2026-06-10 00:00:00-04:00,346.8599853515625,348.5899963378906,337.489990234375,337.7300109863281,337.7300109863281,3000400,0.0,0.0
2026-06-11 00:00:00-04:00,342.9100036621094,358.4599914550781,341.4599914550781,354.05999755859375,354.05999755859375,4727100,0.0,0.0
2026-06-12 00:00:00-04:00,357.3999938964844,358.1700134277344,351.9599914550781,355.20001220703125,355.20001220703125,2730100,0.0,0.0
2026-06-15 00:00:00-04:00,355.5,358.29998779296875,349.55999755859375,350.5299987792969,350.5299987792969,4371400,0.0,0.0
2026-06-16 00:00:00-04:00,352.0,353.6600036621094,345.8699951171875,347.8399963378906,347.8399963378906,3516400,0.0,0.0
2026-06-17 00:00:00-04:00,347.0799865722656,349.3999938964844,338.8999938964844,341.6600036621094,341.6600036621094,3470300,0.0,0.0
2026-06-18 00:00:00-04:00,344.3800048828125,345.0,334.04998779296875,337.6000061035156,337.6000061035156,8151100,0.0,0.0
2026-06-22 00:00:00-04:00,337.6499938964844,345.1099853515625,337.6000061035156,344.7200012207031,344.7200012207031,2521000,0.0,0.0
2026-06-23 00:00:00-04:00,348.30999755859375,349.3999938964844,345.489990234375,347.010009765625,347.010009765625,2304600,0.0,0.0
2026-06-24 00:00:00-04:00,348.0,354.4200134277344,346.0,351.42999267578125,351.42999267578125,2391900,0.0,0.0
2026-06-25 00:00:00-04:00,350.05999755859375,359.1000061035156,350.05999755859375,352.82000732421875,352.82000732421875,2340900,0.0,0.0
2026-06-26 00:00:00-04:00,354.69000244140625,362.2699890136719,354.1600036621094,358.3299865722656,358.3299865722656,3610300,0.0,0.0
2026-06-29 00:00:00-04:00,361.95001220703125,363.1099853515625,358.4599914550781,360.54998779296875,360.54998779296875,2461900,0.0,0.0
2026-06-30 00:00:00-04:00,362.1499938964844,362.7799987792969,356.8699951171875,362.1199951171875,362.1199951171875,2246900,0.0,0.0
2026-07-01 00:00:00-04:00,362.6300048828125,364.0,357.8900146484375,361.3299865722656,361.3299865722656,2244800,0.0,0.0
2026-07-02 00:00:00-04:00,364.739990234375,375.1499938964844,363.3900146484375,374.1499938964844,374.1499938964844,2487600,0.0,0.0
2026-07-06 00:00:00-04:00,371.70001220703125,373.9800109863281,359.4700012207031,366.44000244140625,366.44000244140625,2838000,0.0,0.0
2026-07-07 00:00:00-04:00,374.2799987792969,375.25,366.3599853515625,368.1000061035156,368.1000061035156,1983700,0.0,0.0
2026-07-08 00:00:00-04:00,366.19000244140625,371.4200134277344,363.0,367.989990234375,367.989990234375,1758800,0.0,0.0
2026-07-09 00:00:00-04:00,367.82000732421875,368.75,361.0299987792969,363.6199951171875,363.6199951171875,1728200,0.0,0.0
2026-07-10 00:00:00-04:00,363.0799865722656,364.8999938964844,361.1400146484375,363.3900146484375,363.3900146484375,1632600,0.0,0.0
2026-07-13 00:00:00-04:00,363.0400085449219,363.2900085449219,355.7300109863281,360.45001220703125,360.45001220703125,2064700,0.0,0.0
2026-07-14 00:00:00-04:00,358.17999267578125,358.8599853515625,354.7099914550781,355.25,355.25,1862900,0.0,0.0
2026-07-15 00:00:00-04:00,354.6600036621094,359.8999938964844,353.95001220703125,358.32000732421875,358.32000732421875,1837800,0.0,0.0
2026-07-16 00:00:00-04:00,358.25,372.1400146484375,357.739990234375,371.5799865722656,371.5799865722656,2355700,0.0,0.0
2026-07-17 00:00:00-04:00,373.9700012207031,378.5400085449219,361.7200012207031,366.2900085449219,366.2900085449219,2861300,0.0,0.0
2026-07-20 00:00:00-04:00,367.95001220703125,370.2900085449219,363.6499938964844,364.1700134277344,364.1700134277344,1922000,0.0,0.0
2026-07-21 00:00:00-04:00,365.0899963378906,368.9100036621094,362.1400146484375,366.239990234375,366.239990234375,2881800,0.0,0.0
2026-07-22 00:00:00-04:00,369.2300109863281,371.0,364.8599853515625,366.04998779296875,366.04998779296875,1548500,0.0,0.0
2026-07-23 00:00:00-04:00,359.9800109863281,371.8399963378906,359.2099914550781,371.5,371.5,2931900,0.0,0.0
2026-07-24 00:00:00-04:00,372.7300109863281,379.4100036621094,372.1600036621094,376.0400085449219,376.0400085449219,2493800,0.0,0.0
2026-07-27 00:00:00-04:00,378.54998779296875,382.2799987792969,374.3999938964844,376.260009765625,376.260009765625,2902200,0.0,0.0
2026-07-28 00:00:00-04:00,383.25,398.0,382.2099914550781,393.1000061035156,393.1000061035156,3413000,0.0,0.0
2026-07-29 00:00:00-04:00,395.0299987792969,397.8800048828125,386.5799865722656,387.6400146484375,387.6400146484375,3003700,0.0,0.0
2026-07-30 00:00:00-04:00,379.75,388.4100036621094,378.2200012207031,387.6400146484375,387.6400146484375,3004900,0.0,0.0
2026-07-31 00:00:00-04:00,382.0,386.82000732421875,379.3399963378906,385.1600036621094,385.1600036621094,1954600,0.0,0.0
2026-08-03 00:00:00-04:00,388.5,391.0299987792969,375.9599914550781,378.8699951171875,378.8699951171875,3443100,0.0,0.0
2026-08-04 00:00:00-04:00,380.760009765625,390.9200134277344,376.0199890136719,390.0199890136719,390.0199890136719,3622700,0.0,0.0
2026-08-05 00:00:00-04:00,393.3599853515625,416.239990234375,391.0,407.8299865722656,407.8299865722656,5750700,0.0,0.0
2026-08-06 00:00:00-04:00,413.7200012207031,418.3999938964844,401.20001220703125,404.8500061035156,404.8500061035156,2609000,0.0,0.0
2026-08-07 00:00:00-04:00,404.0899963378906,411.6000061035156,401.07000732421875,410.95001220703125,410.95001220703125,1821500,0.0,0.0
2026-08-10 00:00:00-04:00,408.4599914550781,417.3599853515625,406.4200134277344,417.20001220703125,417.20001220703125,1959700,0.0,0.0
2026-08-11 00:00:00-04:00,415.5199890136719,421.7900085449219,412.20001220703125,414.29998779296875,414.29998779296875,2029700,0.0,0.0
2026-08-12 00:00:00-04:00,413.30999755859375,418.19000244140625,409.0,416.17999267578125,416.17999267578125,2065500,0.0,0.0
2026-08-13 00:00:00-04:00,419.9200134277344,420.260009765625,415.7799987792969,417.8399963378906,417.8399963378906,2777900,0.0,0.0
2026-08-14 00:00:00-04:00,413.760009765625,416.0299987792969,410.5,415.2099914550781,415.2099914550781,2036200,0.0,0.0
