Date,Open,High,Low,Close,Adj Close,Volume,Dividends,Stock Splits
2015-01-02 00:00:00-05:00,59.43000030517578,59.93000030517578,59.29999923706055,59.5099983215332,40.427894592285156,4887700,0.0,0.0
2015-01-05 00:00:00-05:00,59.36000061035156,59.400001525878906,58.040000915527344,58.58000183105469,39.796112060546875,5928800,0.0,0.0
2015-01-06 00:00:00-05:00,58.869998931884766,59.5,58.11000061035156,58.47999954223633,39.728179931640625,6039900,0.0,0.0
2015-01-07 00:00:00-05:00,59.150001525878906,59.540000915527344,58.81999969482422,59.2400016784668,40.24447250366211,6278400,0.0,0.0
2015-01-08 00:00:00-05:00,59.83000183105469,61.06999969482422,59.83000183105469,60.720001220703125,41.249908447265625,8405100,0.0,0.0
2015-01-09 00:00:00-05:00,60.869998931884766,60.91999816894531,60.09000015258789,60.31999969482422,40.97817611694336,3904900,0.0,0.0
2015-01-12 00:00:00-05:00,64.2300033569336,64.44000244140625,61.97999954223633,62.18000030517578,42.241737365722656,14173800,0.0,0.0
2015-01-13 00:00:00-05:00,62.560001373291016,63.540000915527344,62.310001373291016,63.119998931884766,42.880340576171875,12833600,0.0,0.0
2015-01-14 00:00:00-05:00,62.040000915527344,63.150001525878906,61.7400016784668,62.95000076293945,42.76484680175781,5500300,0.0,0.0
2015-01-15 00:00:00-05:00,63.0,63.29999923706055,61.47999954223633,61.630001068115234,41.868106842041016,9095600,0.0,0.0
2015-01-16 00:00:00-05:00,61.38999938964844,62.400001525878906,61.25,62.310001373291016,42.3300666809082,6846800,0.0,0.0
2015-01-20 00:00:00-05:00,62.54999923706055,63.099998474121094,62.0099983215332,62.45000076293945,42.425174713134766,7137800,0.0,0.0
2015-01-21 00:00:00-05:00,62.189998626708984,62.52000045776367,61.77000045776367,61.95000076293945,42.085506439208984,4942200,0.0,0.0
2015-01-22 00:00:00-05:00,62.189998626708984,62.4900016784668,61.369998931884766,62.09000015258789,42.18061828613281,9247500,0.0,0.0
2015-01-23 00:00:00-05:00,62.150001525878906,62.4900016784668,61.7599983215332,62.06999969482422,42.16703796386719,3741300,0.0,0.0
2015-01-26 00:00:00-05:00,61.83000183105469,62.650001525878906,61.66999816894531,62.459999084472656,42.43197250366211,4908400,0.0,0.0
2015-01-27 00:00:00-05:00,61.86000061035156,62.9900016784668,61.0,61.9900016784668,42.1126823425293,7767500,0.0,0.0
2015-01-28 00:00:00-05:00,62.41999816894531,62.849998474121094,61.16999816894531,61.33000183105469,41.664306640625,6294900,0.0,0.0
2015-01-29 00:00:00-05:00,61.20000076293945,61.310001373291016,60.27000045776367,61.13999938964844,41.53522872924805,6394600,0.0,0.0
2015-01-30 00:00:00-05:00,60.77000045776367,61.34000015258789,60.16999816894531,60.27000045776367,40.944210052490234,8227100,0.0,0.0
2015-02-02 00:00:00-05:00,60.709999084472656,60.7400016784668,59.2400016784668,60.22999954223633,40.917022705078125,6929000,0.0,0.0
2015-02-03 00:00:00-05:00,60.599998474121094,60.77000045776367,59.189998626708984,59.86000061035156,40.6656608581543,7309100,0.0,0.0
2015-02-04 00:00:00-05:00,59.5099983215332,59.75,58.7599983215332,59.2400016784668,40.24447250366211,7261900,0.0,0.0
2015-02-05 00:00:00-05:00,59.40999984741211,60.33000183105469,59.279998779296875,60.22999954223633,40.917022705078125,3895200,0.0,0.0
2015-02-06 00:00:00-05:00,59.97999954223633,60.279998779296875,59.439998626708984,59.66999816894531,40.536590576171875,4356600,0.0,0.0
2015-02-09 00:00:00-05:00,59.31999969482422,59.75,58.650001525878906,58.849998474121094,39.97953414916992,3965600,0.0,0.0
2015-02-10 00:00:00-05:00,59.16999816894531,59.90999984741211,59.130001068115234,59.83000183105469,40.64529037475586,5403300,0.0,0.0
2015-02-11 00:00:00-05:00,59.619998931884766,59.959999084472656,58.849998474121094,59.310001373291016,40.29203796386719,4103800,0.0,0.0
2015-02-12 00:00:00-05:00,59.650001525878906,59.7599983215332,59.22999954223633,59.47999954223633,40.40752029418945,4557700,0.0,0.0
2015-02-13 00:00:00-05:00,59.709999084472656,60.04999923706055,59.459999084472656,60.040000915527344,40.7879524230957,5163200,0.0,0.0
2015-02-17 00:00:00-05:00,60.08000183105469,60.45000076293945,59.779998779296875,60.099998474121094,40.828712463378906,4479400,0.0,0.0
2015-02-18 00:00:00-05:00,60.060001373291016,60.060001373291016,58.84000015258789,60.0099983215332,40.767574310302734,6787700,0.0,0.0
2015-02-19 00:00:00-05:00,59.650001525878906,59.9900016784668,58.970001220703125,59.54999923706055,40.45506286621094,4252400,0.0,0.0
2015-02-20 00:00:00-05:00,59.31999969482422,60.560001373291016,59.279998779296875,60.52000045776367,41.11404037475586,6660500,0.0,0.0
2015-02-23 00:00:00-05:00,60.47999954223633,61.4900016784668,60.34000015258789,61.290000915527344,41.63713073730469,5763200,0.0,0.0
2015-02-24 00:00:00-05:00,61.150001525878906,61.5,60.63999938964844,61.45000076293945,41.74583053588867,4622700,0.0,0.0
2015-02-25 00:00:00-05:00,61.369998931884766,61.47999954223633,60.70000076293945,61.220001220703125,41.58957290649414,4937400,0.0,0.0
2015-02-26 00:00:00-05:00,61.189998626708984,61.61000061035156,60.75,61.459999084472656,41.752628326416016,3981500,0.0,0.0
2015-02-27 00:00:00-05:00,61.2400016784668,61.54999923706055,60.869998931884766,60.91999816894531,41.38577651977539,3990300,0.0,0.0
2015-03-02 00:00:00-05:00,61.119998931884766,62.459999084472656,61.040000915527344,62.29999923706055,42.32326889038086,6553300,0.0,0.0
2015-03-03 00:00:00-05:00,62.25,62.25,61.34000015258789,61.91999816894531,42.065120697021484,4236200,0.0,0.0
2015-03-04 00:00:00-05:00,61.75,65.91999816894531,61.18000030517578,65.66999816894531,44.612674713134766,17454500,0.0,0.0
2015-03-05 00:00:00-05:00,65.98999786376953,67.18000030517578,65.69000244140625,66.05000305175781,44.87081527709961,12553700,0.0,0.0
2015-03-06 00:00:00-05:00,66.20999908447266,66.20999908447266,64.87000274658203,65.12000274658203,44.23902893066406,6529100,0.0,0.0
2015-03-09 00:00:00-04:00,65.25,66.55000305175781,65.06999969482422,66.36000061035156,45.0814208984375,7412200,0.0,0.0
2015-03-10 00:00:00-04:00,65.77999877929688,66.5,64.94999694824219,65.52999877929688,44.5175666809082,6378000,0.0,0.0
2015-03-11 00:00:00-04:00,66.11000061035156,66.30000305175781,65.43000030517578,65.5999984741211,44.56510925292969,4816000,0.0,0.0
2015-03-12 00:00:00-04:00,65.79000091552734,67.37999725341797,65.7300033569336,66.6500015258789,45.2784309387207,7556600,0.0,0.0
2015-03-13 00:00:00-04:00,66.43000030517578,67.45999908447266,66.37000274658203,66.87000274658203,45.427894592285156,5223600,0.0,0.0
2015-03-16 00:00:00-04:00,67.11000061035156,68.19999694824219,67.08000183105469,68.02999877929688,46.215919494628906,6416200,0.0,0.0
2015-03-17 00:00:00-04:00,67.61000061035156,67.83999633789062,67.26000213623047,67.62000274658203,45.93739318847656,5292700,0.0,0.0
2015-03-18 00:00:00-04:00,67.2699966430664,68.69000244140625,66.77999877929688,68.47000122070312,46.51483917236328,6642000,0.0,0.0
2015-03-19 00:00:00-04:00,68.37000274658203,68.68000030517578,68.08999633789062,68.31999969482422,46.412933349609375,4078400,0.0,0.0
2015-03-20 00:00:00-04:00,69.0,69.19999694824219,67.73999786376953,67.76000213623047,46.03250503540039,10018100,0.0,0.0
2015-03-23 00:00:00-04:00,67.72000122070312,68.12000274658203,67.29000091552734,67.58000183105469,45.91022491455078,4523300,0.0,0.0
2015-03-24 00:00:00-04:00,66.81999969482422,67.26000213623047,65.54000091552734,65.69000244140625,44.626251220703125,10532600,0.0,0.0
2015-03-25 00:00:00-04:00,65.69999694824219,66.4000015258789,64.6500015258789,64.69999694824219,43.95370101928711,7001000,0.0,0.0
2015-03-26 00:00:00-04:00,64.55999755859375,65.5199966430664,64.1500015258789,65.0,44.157508850097656,5799700,0.0,0.0
2015-03-27 00:00:00-04:00,65.19000244140625,66.11000061035156,65.0,65.26000213623047,44.334136962890625,4964400,0.0,0.0
2015-03-30 00:00:00-04:00,65.56999969482422,66.12000274658203,65.29000091552734,65.76000213623047,44.6738166809082,4159200,0.0,0.0
2015-03-31 00:00:00-04:00,65.4800033569336,65.73999786376953,64.5,64.5,43.81784439086914,7823600,0.0,0.0
2015-04-01 00:00:00-04:00,64.19999694824219,64.19999694824219,62.880001068115234,63.560001373291016,43.428367614746094,8836600,0.37,0.0
2015-04-02 00:00:00-04:00,63.720001220703125,63.939998626708984,63.060001373291016,63.22999954223633,43.20289993286133,5025700,0.0,0.0
2015-04-06 00:00:00-04:00,62.7400016784668,63.560001373291016,62.65999984741211,63.0,43.04574966430664,5185800,0.0,0.0
2015-04-07 00:00:00-04:00,63.400001525878906,63.900001525878906,62.97999954223633,63.0,43.04574966430664,4318000,0.0,0.0
2015-04-08 00:00:00-04:00,63.08000183105469,63.849998474121094,62.88999938964844,63.52000045776367,43.40104293823242,4179500,0.0,0.0
2015-04-09 00:00:00-04:00,63.529998779296875,64.0999984741211,62.959999084472656,63.459999084472656,43.360042572021484,4107600,0.0,0.0
2015-04-10 00:00:00-04:00,63.349998474121094,64.88999938964844,63.189998626708984,64.63999938964844,44.16629409790039,4958400,0.0,0.0
2015-04-13 00:00:00-04:00,64.2300033569336,65.5,63.939998626708984,63.95000076293945,43.69484329223633,6215000,0.0,0.0
2015-04-14 00:00:00-04:00,64.18000030517578,64.41000366210938,63.560001373291016,64.02999877929688,43.74951171875,4484200,0.0,0.0
2015-04-15 00:00:00-04:00,64.38999938964844,64.83000183105469,63.43000030517578,63.43000030517578,43.339542388916016,7056300,0.0,0.0
2015-04-16 00:00:00-04:00,63.29999923706055,63.84000015258789,62.93000030517578,63.68000030517578,43.51035690307617,4107400,0.0,0.0
2015-04-17 00:00:00-04:00,66.08000183105469,66.26000213623047,64.81999969482422,65.3499984741211,44.65141296386719,14386000,0.0,0.0
2015-04-20 00:00:00-04:00,65.7300033569336,66.25,65.23999786376953,65.86000061035156,44.999874114990234,9362400,0.0,0.0
2015-04-21 00:00:00-04:00,67.11000061035156,67.52999877929688,66.08999633789062,66.80999755859375,45.64897537231445,6746500,0.0,0.0
2015-04-22 00:00:00-04:00,66.80999755859375,66.97000122070312,66.3499984741211,66.5999984741211,45.50550842285156,5351700,0.0,0.0
2015-04-23 00:00:00-04:00,66.29000091552734,66.4000015258789,65.69000244140625,66.0,45.09553909301758,4442000,0.0,0.0
2015-04-24 00:00:00-04:00,65.81999969482422,66.12000274658203,65.19999694824219,65.80000305175781,44.958892822265625,5393500,0.0,0.0
2015-04-27 00:00:00-04:00,66.05000305175781,66.16000366210938,64.7300033569336,65.16000366210938,44.5216064453125,7510100,0.0,0.0
2015-04-28 00:00:00-04:00,64.70999908447266,64.86000061035156,63.400001525878906,64.54000091552734,44.09798049926758,8777400,0.0,0.0
2015-04-29 00:00:00-04:00,64.38999938964844,64.9800033569336,63.58000183105469,64.29000091552734,43.927146911621094,4987100,0.0,0.0
2015-04-30 00:00:00-04:00,64.26000213623047,64.66000366210938,63.41999816894531,63.72999954223633,43.544525146484375,6815200,0.0,0.0
2015-05-01 00:00:00-04:00,64.27999877929688,64.73999786376953,64.1500015258789,64.66000366210938,44.179962158203125,4421800,0.0,0.0
2015-05-04 00:00:00-04:00,64.75,65.52999877929688,64.72000122070312,65.31999969482422,44.63092041015625,4645200,0.0,0.0
2015-05-05 00:00:00-04:00,64.69999694824219,65.33999633789062,64.69999694824219,65.02999877929688,44.432769775390625,6069700,0.0,0.0
2015-05-06 00:00:00-04:00,65.1500015258789,65.1500015258789,64.43000030517578,64.66999816894531,44.186798095703125,6448600,0.0,0.0
2015-05-07 00:00:00-04:00,64.56999969482422,65.25,64.51000213623047,65.05000305175781,44.44644546508789,4339800,0.0,0.0
2015-05-08 00:00:00-04:00,65.5999984741211,66.95999908447266,65.5999984741211,66.93000030517578,45.7309684753418,5464300,0.0,0.0
2015-05-11 00:00:00-04:00,66.98999786376953,68.43000030517578,66.94999694824219,68.11000061035156,46.537235260009766,7212700,0.0,0.0
2015-05-12 00:00:00-04:00,67.55000305175781,67.68000030517578,67.08000183105469,67.5,46.12044906616211,5027600,0.0,0.0
2015-05-13 00:00:00-04:00,67.54000091552734,68.01000213623047,67.02999877929688,67.4000015258789,46.05213165283203,4583800,0.0,0.0
2015-05-14 00:00:00-04:00,66.9000015258789,67.87999725341797,66.37000274658203,67.44999694824219,46.08628845214844,6516400,0.0,0.0
2015-05-15 00:00:00-04:00,67.61000061035156,68.12999725341797,67.06999969482422,67.63999938964844,46.216094970703125,6700600,0.0,0.0
2015-05-18 00:00:00-04:00,67.63999938964844,68.12999725341797,67.58999633789062,68.0,46.46207809448242,4286900,0.0,0.0
2015-05-19 00:00:00-04:00,68.04000091552734,68.48999786376953,67.91000366210938,68.2699966430664,46.64656066894531,3937700,0.0,0.0
2015-05-20 00:00:00-04:00,68.41000366210938,69.86000061035156,68.29000091552734,69.08000183105469,47.200008392333984,7379800,0.0,0.0
2015-05-21 00:00:00-04:00,68.94000244140625,69.01000213623047,68.45999908447266,68.88999938964844,47.07019805908203,3987100,0.0,0.0
2015-05-22 00:00:00-04:00,68.7300033569336,68.7300033569336,68.19999694824219,68.30000305175781,46.66704559326172,4419000,0.0,0.0
2015-05-26 00:00:00-04:00,68.0199966430664,68.23999786376953,67.22000122070312,67.5,46.12044906616211,5696300,0.0,0.0
2015-05-27 00:00:00-04:00,67.6500015258789,68.66000366210938,67.44000244140625,68.4000015258789,46.73536682128906,6611400,0.0,0.0
2015-05-28 00:00:00-04:00,68.27999877929688,69.2300033569336,68.19000244140625,69.1500015258789,47.24782180786133,4633700,0.0,0.0
2015-05-29 00:00:00-04:00,69.16000366210938,69.44000244140625,63.15999984741211,64.5999984741211,44.13897705078125,28412600,0.0,0.0
2015-06-01 00:00:00-04:00,66.62999725341797,67.30999755859375,66.01000213623047,66.4800033569336,45.423519134521484,17656700,0.0,0.0
2015-06-02 00:00:00-04:00,66.55000305175781,66.55000305175781,65.2699966430664,65.80000305175781,44.958892822265625,9919000,0.0,0.0
2015-06-03 00:00:00-04:00,65.6500015258789,66.2300033569336,65.41999816894531,65.69999694824219,44.890567779541016,5683400,0.0,0.0
2015-06-04 00:00:00-04:00,65.3499984741211,66.7699966430664,65.18000030517578,65.7699966430664,44.93838119506836,10707800,0.0,0.0
2015-06-05 00:00:00-04:00,65.55999755859375,66.26000213623047,65.02999877929688,66.19999694824219,45.23220443725586,7697600,0.0,0.0
2015-06-08 00:00:00-04:00,65.8499984741211,66.04000091552734,65.1500015258789,65.31999969482422,44.63092041015625,6939700,0.0,0.0
2015-06-09 00:00:00-04:00,65.26000213623047,65.41999816894531,64.9000015258789,65.08000183105469,44.46693420410156,7134300,0.0,0.0
2015-06-10 00:00:00-04:00,65.31999969482422,65.88999938964844,65.05000305175781,65.52999877929688,44.7744140625,8057000,0.0,0.0
2015-06-11 00:00:00-04:00,65.77999877929688,66.0,65.54000091552734,65.8499984741211,44.9930534362793,6107100,0.0,0.0
2015-06-12 00:00:00-04:00,65.69000244140625,65.94999694824219,64.88999938964844,65.27999877929688,44.60359573364258,6326700,0.0,0.0
2015-06-15 00:00:00-04:00,64.9000015258789,66.18000030517578,64.26000213623047,65.41999816894531,44.699241638183594,6076400,0.0,0.0
2015-06-16 00:00:00-04:00,65.47000122070312,65.98999786376953,65.12000274658203,65.97000122070312,45.075035095214844,3350000,0.0,0.0
2015-06-17 00:00:00-04:00,65.72000122070312,66.5,65.5199966430664,66.30000305175781,45.30052947998047,6432800,0.0,0.0
2015-06-18 00:00:00-04:00,66.31999969482422,67.22000122070312,66.31999969482422,66.62000274658203,45.5191764831543,5485700,0.0,0.0
2015-06-19 00:00:00-04:00,66.48999786376953,67.44000244140625,66.48999786376953,66.80000305175781,45.64215850830078,8432600,0.0,0.0
2015-06-22 00:00:00-04:00,67.30999755859375,67.7300033569336,66.93000030517578,67.05999755859375,45.819793701171875,4327000,0.0,0.0
2015-06-23 00:00:00-04:00,67.23999786376953,68.13999938964844,67.16000366210938,67.33000183105469,46.0042839050293,5639600,0.0,0.0
2015-06-24 00:00:00-04:00,67.29000091552734,67.37999725341797,66.70999908447266,66.80999755859375,45.64897537231445,4104600,0.0,0.0
2015-06-25 00:00:00-04:00,67.0,67.58999633789062,66.73999786376953,66.83999633789062,45.66948318481445,5097500,0.0,0.0
2015-06-26 00:00:00-04:00,67.04000091552734,67.68000030517578,66.94000244140625,67.54000091552734,46.14776611328125,17278000,0.0,0.0
2015-06-29 00:00:00-04:00,67.23999786376953,67.48999786376953,65.9000015258789,65.97000122070312,45.075035095214844,4710500,0.0,0.0
2015-06-30 00:00:00-04:00,66.62999725341797,66.70999908447266,65.94000244140625,66.54000091552734,45.46451187133789,6236100,0.0,0.0
2015-07-01 00:00:00-04:00,66.44999694824219,67.70999908447266,66.36000061035156,67.66999816894531,46.495121002197266,7486100,0.37,0.0
2015-07-02 00:00:00-04:00,67.87000274658203,68.08000183105469,67.33999633789062,67.4800033569336,46.364593505859375,5204300,0.0,0.0
2015-07-06 00:00:00-04:00,67.16999816894531,68.19000244140625,67.01000213623047,67.5,46.37833786010742,5896900,0.0,0.0
2015-07-07 00:00:00-04:00,67.88999938964844,68.38999938964844,67.08999633789062,68.2300033569336,46.879905700683594,4782000,0.0,0.0
2015-07-08 00:00:00-04:00,67.87999725341797,68.27999877929688,67.45999908447266,67.73999786376953,46.54323959350586,6179200,0.0,0.0
2015-07-09 00:00:00-04:00,68.44999694824219,68.66000366210938,67.88999938964844,67.88999938964844,46.64628982543945,4953800,0.0,0.0
2015-07-10 00:00:00-04:00,68.66000366210938,69.48999786376953,68.4000015258789,69.2699966430664,47.594482421875,6123600,0.0,0.0
2015-07-13 00:00:00-04:00,69.6500015258789,69.8499984741211,69.26000213623047,69.66000366210938,47.8624382019043,4573000,0.0,0.0
2015-07-14 00:00:00-04:00,69.66000366210938,70.27999877929688,69.44999694824219,70.05999755859375,48.137264251708984,3546200,0.0,0.0
2015-07-15 00:00:00-04:00,69.94999694824219,70.41999816894531,69.08999633789062,69.27999877929688,47.60133743286133,5218000,0.0,0.0
2015-07-16 00:00:00-04:00,69.68000030517578,69.94999694824219,69.36000061035156,69.37999725341797,47.67005157470703,4139700,0.0,0.0
2015-07-17 00:00:00-04:00,69.26000213623047,69.3499984741211,68.88999938964844,69.29000091552734,47.608211517333984,3522800,0.0,0.0
2015-07-20 00:00:00-04:00,70.44000244140625,70.54000091552734,69.72000122070312,69.97000122070312,48.075443267822266,4758200,0.0,0.0
2015-07-21 00:00:00-04:00,70.11000061035156,70.19999694824219,68.86000061035156,68.87000274658203,47.31962966918945,6107100,0.0,0.0
2015-07-22 00:00:00-04:00,68.79000091552734,69.55000305175781,68.47000122070312,69.37000274658203,47.663185119628906,7786100,0.0,0.0
2015-07-23 00:00:00-04:00,69.66000366210938,69.66000366210938,67.73999786376953,68.23999786376953,46.886783599853516,8947000,0.0,0.0
2015-07-24 00:00:00-04:00,68.06999969482422,68.06999969482422,65.9800033569336,65.9800033569336,45.33395004272461,6866800,0.0,0.0
2015-07-27 00:00:00-04:00,65.69999694824219,65.69999694824219,64.29000091552734,64.30000305175781,44.17965316772461,9237500,0.0,0.0
2015-07-28 00:00:00-04:00,64.44999694824219,64.72000122070312,64.11000061035156,64.66000366210938,44.427005767822266,9173100,0.0,0.0
2015-07-29 00:00:00-04:00,64.98999786376953,65.12000274658203,64.30999755859375,64.88999938964844,44.58503341674805,4920500,0.0,0.0
2015-07-30 00:00:00-04:00,64.55000305175781,64.83000183105469,63.81999969482422,64.45999908447266,44.28957748413086,4168200,0.0,0.0
2015-07-31 00:00:00-04:00,64.80000305175781,66.77999877929688,64.63999938964844,65.63999938964844,45.10034942626953,7955200,0.0,0.0
2015-08-03 00:00:00-04:00,65.94999694824219,66.12999725341797,64.69000244140625,65.33999633789062,44.89422607421875,4611600,0.0,0.0
2015-08-04 00:00:00-04:00,65.47000122070312,65.55000305175781,64.6500015258789,64.83999633789062,44.550662994384766,3890100,0.0,0.0
2015-08-05 00:00:00-04:00,65.11000061035156,65.4800033569336,65.05000305175781,65.05999755859375,44.701847076416016,3902900,0.0,0.0
2015-08-06 00:00:00-04:00,65.12999725341797,65.2699966430664,63.34000015258789,63.540000915527344,43.65745544433594,4732600,0.0,0.0
2015-08-07 00:00:00-04:00,63.5,63.59000015258789,62.15999984741211,63.40999984741211,43.568153381347656,7424000,0.0,0.0
2015-08-10 00:00:00-04:00,63.970001220703125,64.3499984741211,63.84000015258789,63.88999938964844,43.897945404052734,5681500,0.0,0.0
2015-08-11 00:00:00-04:00,63.40999984741211,63.779998779296875,62.369998931884766,62.65999984741211,43.052825927734375,5409100,0.0,0.0
2015-08-12 00:00:00-04:00,62.310001373291016,62.599998474121094,61.27000045776367,62.38999938964844,42.86732482910156,6739200,0.0,0.0
2015-08-13 00:00:00-04:00,62.400001525878906,62.689998626708984,61.79999923706055,62.41999816894531,42.887935638427734,3686900,0.0,0.0
2015-08-14 00:00:00-04:00,62.45000076293945,63.279998779296875,62.40999984741211,63.08000183105469,43.34140396118164,6060600,0.0,0.0
2015-08-17 00:00:00-04:00,62.709999084472656,63.61000061035156,62.56999969482422,63.470001220703125,43.60936737060547,3993800,0.0,0.0
2015-08-18 00:00:00-04:00,63.5,64.62000274658203,63.459999084472656,64.27999877929688,44.1659049987793,7992200,0.0,0.0
2015-08-19 00:00:00-04:00,63.27000045776367,64.97000122070312,63.220001220703125,64.12000274658203,44.05597686767578,5245800,0.0,0.0
2015-08-20 00:00:00-04:00,63.4900016784668,63.790000915527344,62.709999084472656,62.709999084472656,43.087188720703125,5334000,0.0,0.0
2015-08-21 00:00:00-04:00,62.2599983215332,62.83000183105469,61.0099983215332,61.06999969482422,41.96036148071289,7516400,0.0,0.0
2015-08-24 00:00:00-04:00,57.9900016784668,60.939998626708984,51.81999969482422,58.650001525878906,40.2976188659668,15215000,0.0,0.0
2015-08-25 00:00:00-04:00,60.189998626708984,60.540000915527344,57.880001068115234,57.880001068115234,39.76858139038086,8146200,0.0,0.0
2015-08-26 00:00:00-04:00,59.310001373291016,60.119998931884766,57.75,60.029998779296875,41.24580001831055,10246500,0.0,0.0
2015-08-27 00:00:00-04:00,60.5099983215332,60.880001068115234,59.47999954223633,60.81999969482422,41.788597106933594,7446900,0.0,0.0
2015-08-28 00:00:00-04:00,60.220001220703125,61.04999923706055,59.77000045776367,60.61000061035156,41.64430618286133,5326300,0.0,0.0
2015-08-31 00:00:00-04:00,60.63999938964844,60.9900016784668,59.279998779296875,59.470001220703125,40.861019134521484,5680000,0.0,0.0
2015-09-01 00:00:00-04:00,58.54999923706055,59.290000915527344,57.939998626708984,58.20000076293945,39.988433837890625,8879100,0.0,0.0
2015-09-02 00:00:00-04:00,58.95000076293945,59.720001220703125,58.54999923706055,59.61000061035156,40.957218170166016,7219300,0.0,0.0
2015-09-03 00:00:00-04:00,60.41999816894531,60.970001220703125,58.61000061035156,58.75,40.366336822509766,8231100,0.0,0.0
2015-09-04 00:00:00-04:00,58.08000183105469,58.47999954223633,56.900001525878906,57.29999923706055,39.37004852294922,9288700,0.0,0.0
2015-09-08 00:00:00-04:00,58.380001068115234,59.08000183105469,56.31999969482422,58.9900016784668,40.53123474121094,11438200,0.0,0.0
2015-09-09 00:00:00-04:00,59.459999084472656,59.52000045776367,57.86000061035156,58.029998779296875,39.87163162231445,7931500,0.0,0.0
2015-09-10 00:00:00-04:00,58.220001220703125,59.150001525878906,58.040000915527344,58.75,40.366336822509766,7520500,0.0,0.0
2015-09-11 00:00:00-04:00,58.5,59.279998779296875,58.4900016784668,59.220001220703125,40.68926239013672,9624000,0.0,0.0
2015-09-14 00:00:00-04:00,59.400001525878906,59.81999969482422,58.81999969482422,59.16999816894531,40.65489959716797,4960600,0.0,0.0
2015-09-15 00:00:00-04:00,59.279998779296875,60.20000076293945,58.84000015258789,60.09000015258789,41.287010192871094,7190000,0.0,0.0
2015-09-16 00:00:00-04:00,60.2400016784668,61.77000045776367,60.099998474121094,61.61000061035156,42.331398010253906,9551000,0.0,0.0
2015-09-17 00:00:00-04:00,61.40999984741211,63.119998931884766,61.279998779296875,62.189998626708984,42.729896545410156,7396400,0.0,0.0
2015-09-18 00:00:00-04:00,62.18000030517578,64.68000030517578,62.040000915527344,64.33999633789062,44.20713424682617,18650300,0.0,0.0
2015-09-21 00:00:00-04:00,64.41999816894531,64.68000030517578,62.20000076293945,62.720001220703125,43.09406280517578,10273300,0.0,0.0
2015-09-22 00:00:00-04:00,61.959999084472656,62.900001525878906,61.349998474121094,62.09000015258789,42.661190032958984,7557900,0.0,0.0
2015-09-23 00:00:00-04:00,62.349998474121094,62.709999084472656,61.470001220703125,61.7400016784668,42.42070770263672,4766700,0.0,0.0
2015-09-24 00:00:00-04:00,61.27000045776367,62.02000045776367,60.45000076293945,61.79999923706055,42.46194839477539,6380600,0.0,0.0
2015-09-25 00:00:00-04:00,62.33000183105469,62.47999954223633,59.630001068115234,60.2400016784668,41.39009094238281,9427800,0.0,0.0
2015-09-28 00:00:00-04:00,59.79999923706055,59.93000030517578,57.029998779296875,57.459999084472656,39.4799690246582,11017400,0.0,0.0
2015-09-29 00:00:00-04:00,57.93000030517578,59.91999816894531,57.41999816894531,58.95000076293945,40.50374984741211,10515100,0.0,0.0
2015-09-30 00:00:00-04:00,59.439998626708984,59.61000061035156,58.61000061035156,59.20000076293945,40.93242645263672,11274700,0.37,0.0
2015-10-01 00:00:00-04:00,59.2599983215332,60.52000045776367,58.970001220703125,60.04999923706055,41.5201301574707,11280900,0.0,0.0
2015-10-02 00:00:00-04:00,59.08000183105469,63.18000030517578,58.959999084472656,62.22999954223633,43.0274543762207,13527800,0.0,0.0
2015-10-05 00:00:00-04:00,62.65999984741211,63.220001220703125,61.33000183105469,61.970001220703125,42.84768295288086,8039900,0.0,0.0
2015-10-06 00:00:00-04:00,61.77000045776367,62.130001068115234,58.38999938964844,59.880001068115234,41.40259552001953,10075500,0.0,0.0
2015-10-07 00:00:00-04:00,59.970001220703125,61.380001068115234,59.060001373291016,60.54999923706055,41.8658561706543,8230700,0.0,0.0
2015-10-08 00:00:00-04:00,60.20000076293945,60.869998931884766,59.599998474121094,60.5099983215332,41.83820343017578,6268600,0.0,0.0
2015-10-09 00:00:00-04:00,59.880001068115234,61.529998779296875,59.81999969482422,61.439998626708984,42.481224060058594,9492100,0.0,0.0
2015-10-12 00:00:00-04:00,60.97999954223633,62.900001525878906,60.650001525878906,62.709999084472656,43.359336853027344,5888300,0.0,0.0
2015-10-13 00:00:00-04:00,62.560001373291016,63.33000183105469,62.130001068115234,62.34000015258789,43.10350036621094,7260600,0.0,0.0
2015-10-14 00:00:00-04:00,62.400001525878906,63.25,61.90999984741211,62.08000183105469,42.92373275756836,4457300,0.0,0.0
2015-10-15 00:00:00-04:00,62.04999923706055,63.720001220703125,61.65999984741211,63.619998931884766,43.988529205322266,4641700,0.0,0.0
2015-10-16 00:00:00-04:00,64.04000091552734,64.70999908447266,63.7599983215332,64.48999786376953,44.590057373046875,5919400,0.0,0.0
2015-10-19 00:00:00-04:00,64.48999786376953,65.48999786376953,64.25,65.08000183105469,44.998008728027344,6023500,0.0,0.0
2015-10-20 00:00:00-04:00,64.93000030517578,64.98999786376953,63.08000183105469,63.88999938964844,44.17521667480469,5965100,0.0,0.0
2015-10-21 00:00:00-04:00,64.23999786376953,64.2699966430664,61.5,62.5099983215332,43.22105026245117,8094400,0.0,0.0
2015-10-22 00:00:00-04:00,62.869998931884766,63.400001525878906,61.689998626708984,63.18000030517578,43.68430709838867,7908000,0.0,0.0
2015-10-23 00:00:00-04:00,63.58000183105469,65.55000305175781,63.47999954223633,65.16000366210938,45.05333709716797,8081600,0.0,0.0
2015-10-26 00:00:00-04:00,64.73999786376953,65.7699966430664,64.3499984741211,64.55000305175781,44.631553649902344,6679500,0.0,0.0
2015-10-27 00:00:00-04:00,65.5,66.9800033569336,64.94999694824219,66.80000305175781,46.1872673034668,9075700,0.0,0.0
2015-10-28 00:00:00-04:00,66.80999755859375,68.16999816894531,66.12000274658203,67.58999633789062,46.73349380493164,6446700,0.0,0.0
2015-10-29 00:00:00-04:00,67.5,68.4800033569336,66.9800033569336,67.30999755859375,46.539894104003906,4570400,0.0,0.0
2015-10-30 00:00:00-04:00,67.33999633789062,67.5999984741211,65.94999694824219,65.94999694824219,45.59954833984375,6458000,0.0,0.0
2015-11-02 00:00:00-05:00,66.55999755859375,66.9000015258789,65.56999969482422,65.75,45.461265563964844,7508200,0.0,0.0
2015-11-03 00:00:00-05:00,65.7699966430664,66.2699966430664,65.0999984741211,66.08000183105469,45.68943786621094,5509100,0.0,0.0
2015-11-04 00:00:00-05:00,65.94000244140625,66.13999938964844,65.01000213623047,65.62000274658203,45.37139129638672,5241700,0.0,0.0
2015-11-05 00:00:00-05:00,65.79000091552734,66.0,65.19999694824219,65.55000305175781,45.322994232177734,3918400,0.0,0.0
2015-11-06 00:00:00-05:00,65.4800033569336,65.58000183105469,64.13999938964844,65.44999694824219,45.25384521484375,5504000,0.0,0.0
2015-11-09 00:00:00-05:00,65.08000183105469,65.44000244140625,64.54000091552734,64.98999786376953,44.93577194213867,3987400,0.0,0.0
2015-11-10 00:00:00-05:00,65.02999877929688,65.58999633789062,64.69999694824219,65.05000305175781,44.97726821899414,4024000,0.0,0.0
2015-11-11 00:00:00-05:00,65.38999938964844,65.38999938964844,64.19000244140625,64.23999786376953,44.41721725463867,3980100,0.0,0.0
2015-11-12 00:00:00-05:00,64.08999633789062,64.69000244140625,63.689998626708984,63.720001220703125,44.057682037353516,4037300,0.0,0.0
2015-11-13 00:00:00-05:00,63.7400016784668,64.52999877929688,63.56999969482422,64.1500015258789,44.354984283447266,6239100,0.0,0.0
2015-11-16 00:00:00-05:00,64.1500015258789,65.12999725341797,63.709999084472656,65.0199966430664,44.95652389526367,4660300,0.0,0.0
2015-11-17 00:00:00-05:00,64.93000030517578,66.61000061035156,64.66999816894531,65.7300033569336,45.447452545166016,4959600,0.0,0.0
2015-11-18 00:00:00-05:00,66.0,67.70999908447266,65.95999908447266,67.61000061035156,46.74733352661133,6169900,0.0,0.0
2015-11-19 00:00:00-05:00,67.41999816894531,67.87999725341797,66.73999786376953,66.94000244140625,46.284061431884766,4010200,0.0,0.0
2015-11-20 00:00:00-05:00,67.37000274658203,69.0,67.16000366210938,67.81999969482422,46.89252853393555,6052200,0.0,0.0
2015-11-23 00:00:00-05:00,67.81999969482422,68.45999908447266,67.41000366210938,67.98999786376953,47.01005935668945,5605500,0.0,0.0
2015-11-24 00:00:00-05:00,67.62999725341797,67.94999694824219,67.23999786376953,67.81999969482422,46.89252853393555,6022000,0.0,0.0
2015-11-25 00:00:00-05:00,67.81999969482422,68.44999694824219,67.58999633789062,68.08000183105469,47.07229995727539,3706900,0.0,0.0
2015-11-27 00:00:00-05:00,68.08000183105469,68.44000244140625,67.80999755859375,67.8499984741211,46.91326904296875,1385100,0.0,0.0
2015-11-30 00:00:00-05:00,67.8499984741211,67.98999786376953,66.8499984741211,67.01000213623047,46.33247756958008,6167700,0.0,0.0
2015-12-01 00:00:00-05:00,67.54000091552734,68.37000274658203,66.93000030517578,68.26000213623047,47.196739196777344,5529900,0.0,0.0
2015-12-02 00:00:00-05:00,68.62000274658203,69.70999908447266,67.66000366210938,67.77999877929688,46.86485290527344,5924500,0.0,0.0
2015-12-03 00:00:00-05:00,67.58999633789062,68.04000091552734,66.13999938964844,66.44999694824219,45.945255279541016,6804400,0.0,0.0
2015-12-04 00:00:00-05:00,66.87999725341797,69.30999755859375,66.8499984741211,69.11000061035156,47.784461975097656,6775200,0.0,0.0
2015-12-07 00:00:00-05:00,69.0,69.44999694824219,68.4800033569336,68.83999633789062,47.59776306152344,4865500,0.0,0.0
2015-12-08 00:00:00-05:00,68.37999725341797,69.8499984741211,68.3499984741211,69.4000015258789,47.9849739074707,5215200,0.0,0.0
2015-12-09 00:00:00-05:00,69.0999984741211,69.38999938964844,68.2699966430664,68.55999755859375,47.404170989990234,4814900,0.0,0.0
2015-12-10 00:00:00-05:00,68.55999755859375,69.41999816894531,68.16999816894531,68.94000244140625,47.66691589355469,3783300,0.0,0.0
2015-12-11 00:00:00-05:00,68.94000244140625,68.94000244140625,67.47000122070312,67.62000274658203,46.75423812866211,4187000,0.0,0.0
2015-12-14 00:00:00-05:00,67.88999938964844,68.69000244140625,67.33999633789062,68.63999938964844,47.45948028564453,5966900,0.0,0.0
2015-12-15 00:00:00-05:00,69.30000305175781,70.4800033569336,69.30000305175781,70.22000122070312,48.551937103271484,8250200,0.0,0.0
2015-12-16 00:00:00-05:00,70.3499984741211,70.83999633789062,69.06999969482422,70.70999908447266,48.89075469970703,6232300,0.0,0.0
2015-12-17 00:00:00-05:00,70.79000091552734,70.87000274658203,69.20999908447266,69.27999877929688,47.90199661254883,7068700,0.0,0.0
2015-12-18 00:00:00-05:00,68.80999755859375,69.18000030517578,67.62999725341797,67.63999938964844,46.7680549621582,9868500,0.0,0.0
2015-12-21 00:00:00-05:00,68.2300033569336,68.6500015258789,67.30999755859375,68.04000091552734,47.044639587402344,4124000,0.0,0.0
2015-12-22 00:00:00-05:00,68.30000305175781,68.44000244140625,67.36000061035156,68.30999755859375,47.2313232421875,3320700,0.0,0.0
2015-12-23 00:00:00-05:00,68.55000305175781,69.0999984741211,68.23999786376953,68.98999786376953,47.70150375366211,4048900,0.0,0.0
2015-12-24 00:00:00-05:00,68.77999877929688,69.25,68.44000244140625,68.97000122070312,47.68766403198242,1668200,0.0,0.0
2015-12-28 00:00:00-05:00,68.76000213623047,69.18000030517578,68.62999725341797,69.16999816894531,47.82594299316406,3004000,0.0,0.0
2015-12-29 00:00:00-05:00,69.48999786376953,70.13999938964844,69.3499984741211,69.73999786376953,48.220062255859375,4038300,0.0,0.0
2015-12-30 00:00:00-05:00,69.5,70.02999877929688,69.3499984741211,69.5199966430664,48.3312873840332,3445200,0.38,0.0
2015-12-31 00:00:00-05:00,69.12000274658203,69.7300033569336,68.79000091552734,68.79000091552734,47.82377243041992,4007000,0.0,0.0
2016-01-04 00:00:00-05:00,67.44999694824219,67.91000366210938,66.37999725341797,67.02999877929688,46.60020065307617,7113700,0.0,0.0
2016-01-05 00:00:00-05:00,67.5,68.9000015258789,67.41999816894531,68.3499984741211,47.517887115478516,7836700,0.0,0.0
2016-01-06 00:00:00-05:00,67.47000122070312,68.2699966430664,66.8499984741211,67.1500015258789,46.68363952636719,6691400,0.0,0.0
2016-01-07 00:00:00-05:00,65.8499984741211,66.69000244140625,64.94999694824219,65.29000091552734,45.390541076660156,8436600,0.0,0.0
2016-01-08 00:00:00-05:00,65.5999984741211,65.79000091552734,63.5,63.630001068115234,44.23646545410156,9076400,0.0,0.0
2016-01-11 00:00:00-05:00,63.709999084472656,63.9900016784668,61.97999954223633,62.97999954223633,43.78458786010742,10337800,0.0,0.0
2016-01-12 00:00:00-05:00,63.25,63.790000915527344,62.119998931884766,63.439998626708984,44.10439682006836,7796200,0.0,0.0
2016-01-13 00:00:00-05:00,63.599998474121094,64.4800033569336,61.189998626708984,61.279998779296875,42.602718353271484,9706400,0.0,0.0
2016-01-14 00:00:00-05:00,61.31999969482422,63.90999984741211,60.88999938964844,63.5099983215332,44.153053283691406,9343600,0.0,0.0
2016-01-15 00:00:00-05:00,61.689998626708984,62.91999816894531,61.06999969482422,62.779998779296875,43.64554214477539,11230600,0.0,0.0
2016-01-19 00:00:00-05:00,63.61000061035156,64.43000030517578,62.560001373291016,63.209999084472656,43.94448471069336,8463200,0.0,0.0
2016-01-20 00:00:00-05:00,62.2400016784668,64.58000183105469,61.79999923706055,63.54999923706055,44.18086242675781,8702900,0.0,0.0
2016-01-21 00:00:00-05:00,63.939998626708984,63.970001220703125,62.5,63.130001068115234,43.888877868652344,5665200,0.0,0.0
2016-01-22 00:00:00-05:00,64.45999908447266,64.80000305175781,63.650001525878906,64.4000015258789,44.771785736083984,6644000,0.0,0.0
2016-01-25 00:00:00-05:00,64.2300033569336,64.41999816894531,62.63999938964844,62.91999816894531,43.74287033081055,7957100,0.0,0.0
2016-01-26 00:00:00-05:00,63.029998779296875,63.04999923706055,61.91999816894531,62.689998626708984,43.582977294921875,5531500,0.0,0.0
2016-01-27 00:00:00-05:00,62.939998626708984,62.95000076293945,61.15999984741211,61.709999084472656,42.90166473388672,7537400,0.0,0.0
2016-01-28 00:00:00-05:00,64.16999816894531,64.25,60.0,61.15999984741211,42.5192985534668,17001400,0.0,0.0
2016-01-29 00:00:00-05:00,61.650001525878906,62.63999938964844,61.15999984741211,62.15999984741211,43.21452331542969,10139300,0.0,0.0
2016-02-01 00:00:00-05:00,61.869998931884766,62.36000061035156,60.04999923706055,60.81999969482422,42.282928466796875,10195800,0.0,0.0
2016-02-02 00:00:00-05:00,60.029998779296875,60.29999923706055,58.459999084472656,58.869998931884766,40.92726135253906,9915400,0.0,0.0
2016-02-03 00:00:00-05:00,59.20000076293945,60.18000030517578,57.939998626708984,60.119998931884766,41.79627227783203,11153900,0.0,0.0
2016-02-04 00:00:00-05:00,59.619998931884766,60.75,59.189998626708984,59.70000076293945,41.50429153442383,7987200,0.0,0.0
2016-02-05 00:00:00-05:00,59.75,60.060001373291016,58.9900016784668,59.630001068115234,41.45562744140625,7129500,0.0,0.0
2016-02-08 00:00:00-05:00,59.040000915527344,61.16999816894531,58.77000045776367,60.720001220703125,42.213417053222656,10656000,0.0,0.0
2016-02-09 00:00:00-05:00,60.27000045776367,61.97999954223633,60.029998779296875,61.02000045776367,42.42196273803711,6391900,0.0,0.0
2016-02-10 00:00:00-05:00,61.25,62.41999816894531,60.91999816894531,61.08000183105469,42.463687896728516,5933600,0.0,0.0
2016-02-11 00:00:00-05:00,59.880001068115234,60.25,58.939998626708984,59.52000045776367,41.379146575927734,6632300,0.0,0.0
2016-02-12 00:00:00-05:00,60.20000076293945,60.40999984741211,59.15999984741211,60.20000076293945,41.851898193359375,5979600,0.0,0.0
2016-02-16 00:00:00-05:00,62.720001220703125,62.720001220703125,61.349998474121094,62.18000030517578,43.228424072265625,7808000,0.0,0.0
2016-02-17 00:00:00-05:00,62.88999938964844,64.0199966430664,61.959999084472656,63.91999816894531,44.4380989074707,6971400,0.0,0.0
2016-02-18 00:00:00-05:00,63.95000076293945,64.0199966430664,62.90999984741211,63.31999969482422,44.02096939086914,6338700,0.0,0.0
2016-02-19 00:00:00-05:00,62.91999816894531,64.54000091552734,62.90999984741211,63.79999923706055,44.354679107666016,5873200,0.0,0.0
2016-02-22 00:00:00-05:00,63.900001525878906,64.41999816894531,63.33000183105469,63.70000076293945,44.28512954711914,5821700,0.0,0.0
2016-02-23 00:00:00-05:00,63.279998779296875,63.349998474121094,62.02000045776367,62.06999969482422,43.151947021484375,6293900,0.0,0.0
2016-02-24 00:00:00-05:00,61.84000015258789,62.36000061035156,60.83000183105469,62.22999954223633,43.2631721496582,4825800,0.0,0.0
2016-02-25 00:00:00-05:00,62.630001068115234,63.060001373291016,62.29999923706055,63.029998779296875,43.8193473815918,4499900,0.0,0.0
2016-02-26 00:00:00-05:00,63.349998474121094,63.58000183105469,62.2400016784668,62.25,43.27708053588867,5345100,0.0,0.0
2016-02-29 00:00:00-05:00,62.2599983215332,62.72999954223633,61.91999816894531,61.93000030517578,43.05461120605469,7416300,0.0,0.0
2016-03-01 00:00:00-05:00,62.310001373291016,64.23999786376953,61.91999816894531,64.22000122070312,44.646663665771484,5203800,0.0,0.0
2016-03-02 00:00:00-05:00,64.18000030517578,65.08999633789062,63.709999084472656,64.9000015258789,45.119407653808594,6150500,0.0,0.0
2016-03-03 00:00:00-05:00,64.48999786376953,65.23999786376953,63.63999938964844,65.0,45.18893051147461,8198200,0.0,0.0
2016-03-04 00:00:00-05:00,65.0,65.29000091552734,64.16999816894531,64.70999908447266,44.987308502197266,7112000,0.0,0.0
2016-03-07 00:00:00-05:00,64.5,66.62999725341797,64.44999694824219,66.48999786376953,46.224796295166016,6979800,0.0,0.0
2016-03-08 00:00:00-05:00,66.11000061035156,66.36000061035156,65.7300033569336,66.26000213623047,46.064903259277344,6494600,0.0,0.0
2016-03-09 00:00:00-05:00,66.66000366210938,66.68000030517578,64.94999694824219,65.54000091552734,45.56434631347656,5431200,0.0,0.0
2016-03-10 00:00:00-05:00,66.16999816894531,66.26000213623047,64.4800033569336,64.94000244140625,45.1472053527832,5992100,0.0,0.0
2016-03-11 00:00:00-05:00,65.18000030517578,65.58999633789062,64.54000091552734,64.95999908447266,45.161109924316406,7107600,0.0,0.0
2016-03-14 00:00:00-04:00,64.68000030517578,64.69999694824219,64.01000213623047,64.12000274658203,44.57713317871094,5721800,0.0,0.0
2016-03-15 00:00:00-04:00,63.970001220703125,64.27999877929688,63.31999969482422,63.68000030517578,44.27123260498047,5400300,0.0,0.0
2016-03-16 00:00:00-04:00,63.380001068115234,64.31999969482422,62.209999084472656,62.63999938964844,43.54822540283203,8666400,0.0,0.0
2016-03-17 00:00:00-04:00,62.52000045776367,62.61000061035156,60.97999954223633,61.470001220703125,42.73481369018555,9640100,0.0,0.0
2016-03-18 00:00:00-04:00,61.540000915527344,62.83000183105469,61.0,62.83000183105469,43.68031692504883,17343800,0.0,0.0
2016-03-21 00:00:00-04:00,62.529998779296875,62.880001068115234,62.130001068115234,62.70000076293945,43.58993148803711,4002100,0.0,0.0
2016-03-22 00:00:00-04:00,62.58000183105469,63.25,62.380001068115234,62.79999923706055,43.65944290161133,5756300,0.0,0.0
2016-03-23 00:00:00-04:00,63.08000183105469,63.08000183105469,62.2599983215332,62.34000015258789,43.33965301513672,3651500,0.0,0.0
2016-03-24 00:00:00-04:00,62.18000030517578,62.560001373291016,61.72999954223633,62.52000045776367,43.46479797363281,5342100,0.0,0.0
2016-03-28 00:00:00-04:00,62.58000183105469,63.150001525878906,62.220001220703125,62.77000045776367,43.63859176635742,4699300,0.0,0.0
2016-03-29 00:00:00-04:00,62.45000076293945,64.44999694824219,62.33000183105469,64.19000244140625,44.62580108642578,6146300,0.0,0.0
2016-03-30 00:00:00-04:00,63.959999084472656,64.16000366210938,63.20000076293945,63.439998626708984,44.36703872680664,4489200,0.38,0.0
2016-03-31 00:00:00-04:00,63.599998474121094,64.04000091552734,63.29999923706055,63.880001068115234,44.67475891113281,5811600,0.0,0.0
2016-04-01 00:00:00-04:00,63.65999984741211,65.19000244140625,63.5,64.91000366210938,45.395084381103516,5804400,0.0,0.0
2016-04-04 00:00:00-04:00,65.01000213623047,66.33000183105469,64.7699966430664,65.97000122070312,46.136409759521484,5726500,0.0,0.0
2016-04-05 00:00:00-04:00,65.83000183105469,66.80000305175781,65.5999984741211,65.76000213623047,45.98955154418945,4340100,0.0,0.0
2016-04-06 00:00:00-04:00,65.76000213623047,67.13999938964844,65.76000213623047,66.54000091552734,46.535037994384766,5743900,0.0,0.0
2016-04-07 00:00:00-04:00,66.05000305175781,66.62999725341797,65.5999984741211,66.27999877929688,46.353206634521484,6309200,0.0,0.0
2016-04-08 00:00:00-04:00,66.83000183105469,66.93000030517578,65.63999938964844,66.06999969482422,46.20634460449219,4404500,0.0,0.0
2016-04-11 00:00:00-04:00,66.19999694824219,66.48999786376953,65.7699966430664,65.9800033569336,46.143402099609375,3545800,0.0,0.0
2016-04-12 00:00:00-04:00,65.95999908447266,67.29000091552734,65.86000061035156,66.83999633789062,46.744834899902344,4394100,0.0,0.0
2016-04-13 00:00:00-04:00,67.0,67.66000366210938,66.41999816894531,67.56999969482422,47.25537109375,5643600,0.0,0.0
2016-04-14 00:00:00-04:00,67.66000366210938,68.30999755859375,67.5199966430664,67.87000274658203,47.46519088745117,3456900,0.0,0.0
2016-04-15 00:00:00-04:00,67.94000244140625,68.30000305175781,67.56999969482422,68.05000305175781,47.591068267822266,3247400,0.0,0.0
2016-04-18 00:00:00-04:00,68.08000183105469,68.94999694824219,67.58999633789062,68.86000061035156,48.157554626464844,3346300,0.0,0.0
2016-04-19 00:00:00-04:00,68.8499984741211,69.73999786376953,68.19000244140625,68.91000366210938,48.19251251220703,4019900,0.0,0.0
2016-04-20 00:00:00-04:00,69.18000030517578,69.55000305175781,68.41000366210938,69.2300033569336,48.41630935668945,6918800,0.0,0.0
2016-04-21 00:00:00-04:00,69.0199966430664,70.23999786376953,68.87999725341797,70.16000366210938,49.06670379638672,5420500,0.0,0.0
2016-04-22 00:00:00-04:00,70.25,71.06999969482422,70.25,70.68000030517578,49.43036651611328,5804000,0.0,0.0
2016-04-25 00:00:00-04:00,70.61000061035156,70.83000183105469,70.04000091552734,70.62999725341797,49.39539337158203,4231400,0.0,0.0
2016-04-26 00:00:00-04:00,70.63999938964844,71.06999969482422,70.12999725341797,70.86000061035156,49.55624771118164,4608400,0.0,0.0
2016-04-27 00:00:00-04:00,70.86000061035156,71.0,68.61000061035156,70.2300033569336,49.115657806396484,7572200,0.0,0.0
2016-04-28 00:00:00-04:00,71.77999877929688,73.05999755859375,69.5,72.26000213623047,50.53535842895508,13740700,0.0,0.0
2016-04-29 00:00:00-04:00,72.05999755859375,72.69000244140625,71.37000274658203,72.18000030517578,50.47939682006836,9503400,0.0,0.0
2016-05-02 00:00:00-04:00,72.19000244140625,72.33999633789062,71.48999786376953,71.95999908447266,50.32554626464844,7739100,0.0,0.0
2016-05-03 00:00:00-04:00,71.94999694824219,72.02999877929688,70.75,71.12999725341797,49.745086669921875,5758700,0.0,0.0
2016-05-04 00:00:00-04:00,70.41999816894531,70.94999694824219,70.13999938964844,70.77999877929688,49.50028610229492,6835200,0.0,0.0
2016-05-05 00:00:00-04:00,70.55999755859375,71.19000244140625,70.04000091552734,71.1500015258789,49.75906753540039,6368300,0.0,0.0
2016-05-06 00:00:00-04:00,71.0,71.5,69.87999725341797,71.22000122070312,49.80799865722656,4770100,0.0,0.0
2016-05-09 00:00:00-04:00,71.33999633789062,71.9800033569336,71.29000091552734,71.33999633789062,49.89192581176758,5283500,0.0,0.0
2016-05-10 00:00:00-04:00,71.75,71.75,70.8499984741211,71.52999877929688,50.024810791015625,5758800,0.0,0.0
2016-05-11 00:00:00-04:00,71.31999969482422,71.5199966430664,70.5999984741211,70.80999755859375,49.52128982543945,5356500,0.0,0.0
2016-05-12 00:00:00-04:00,71.04000091552734,71.38999938964844,70.58999633789062,71.27999877929688,49.8499870300293,4922600,0.0,0.0
2016-05-13 00:00:00-04:00,71.2699966430664,71.9000015258789,71.0,71.18000030517578,49.7800407409668,3935200,0.0,0.0
2016-05-16 00:00:00-04:00,71.41999816894531,73.01000213623047,71.0199966430664,72.83000183105469,50.933982849121094,5030700,0.0,0.0
2016-05-17 00:00:00-04:00,72.2300033569336,72.97000122070312,70.9000015258789,71.20999908447266,49.801029205322266,10779600,0.0,0.0
2016-05-18 00:00:00-04:00,70.91000366210938,71.80000305175781,70.63999938964844,71.08999633789062,49.717098236083984,5071000,0.0,0.0
2016-05-19 00:00:00-04:00,70.62999725341797,71.0,69.55999755859375,70.33000183105469,49.185604095458984,5425000,0.0,0.0
2016-05-20 00:00:00-04:00,70.55000305175781,71.16000366210938,70.31999969482422,70.7699966430664,49.493289947509766,5164000,0.0,0.0
2016-05-23 00:00:00-04:00,70.93000030517578,71.0,69.61000061035156,70.4000015258789,49.23454666137695,5905300,0.0,0.0
2016-05-24 00:00:00-04:00,70.94000244140625,71.44000244140625,70.83000183105469,71.2300033569336,49.814998626708984,3878800,0.0,0.0
2016-05-25 00:00:00-04:00,71.30000305175781,71.56999969482422,70.54000091552734,70.69000244140625,49.43736267089844,5810100,0.0,0.0
2016-05-26 00:00:00-04:00,70.54000091552734,70.9800033569336,70.29000091552734,70.7300033569336,49.465335845947266,3995000,0.0,0.0
2016-05-27 00:00:00-04:00,70.94000244140625,71.54000091552734,70.70999908447266,71.30999755859375,49.87095642089844,3630900,0.0,0.0
2016-05-31 00:00:00-04:00,71.36000061035156,71.87999725341797,70.94000244140625,71.69999694824219,50.14369583129883,7162500,0.0,0.0
2016-06-01 00:00:00-04:00,71.70999908447266,72.11000061035156,71.4000015258789,71.87000274658203,50.2625846862793,3726000,0.0,0.0
2016-06-02 00:00:00-04:00,71.91999816894531,73.0,71.79000091552734,73.0,51.052879333496094,4610800,0.0,0.0
2016-06-03 00:00:00-04:00,72.76000213623047,73.37000274658203,72.33000183105469,72.88999938964844,50.97593688964844,5039500,0.0,0.0
2016-06-06 00:00:00-04:00,73.41999816894531,75.12000274658203,73.41000366210938,74.29000091552734,51.95504379272461,9599500,0.0,0.0
2016-06-07 00:00:00-04:00,74.23999786376953,74.6500015258789,73.69000244140625,73.91000366210938,51.689292907714844,5037500,0.0,0.0
2016-06-08 00:00:00-04:00,73.95999908447266,73.98999786376953,73.27999877929688,73.41000366210938,51.339599609375,5702700,0.0,0.0
2016-06-09 00:00:00-04:00,73.37000274658203,73.70999908447266,72.63999938964844,72.7300033569336,50.864036560058594,5693700,0.0,0.0
2016-06-10 00:00:00-04:00,72.5,72.9800033569336,72.18000030517578,72.6500015258789,50.80810546875,5007100,0.0,0.0
2016-06-13 00:00:00-04:00,72.66999816894531,73.16999816894531,72.0,72.22000122070312,50.50737380981445,4726800,0.0,0.0
2016-06-14 00:00:00-04:00,72.22000122070312,73.1500015258789,72.16000366210938,73.0999984741211,51.122802734375,4691900,0.0,0.0
2016-06-15 00:00:00-04:00,73.25,73.76000213623047,72.48999786376953,72.56999969482422,50.752166748046875,5390100,0.0,0.0
2016-06-16 00:00:00-04:00,72.3499984741211,72.5199966430664,70.7699966430664,71.7300033569336,50.16469192504883,10778200,0.0,0.0
2016-06-17 00:00:00-04:00,72.0,72.0,70.12999725341797,70.66999816894531,49.423370361328125,15007700,0.0,0.0
2016-06-20 00:00:00-04:00,71.33000183105469,71.75,70.95999908447266,70.95999908447266,49.62617874145508,5165800,0.0,0.0
2016-06-21 00:00:00-04:00,71.16000366210938,71.5,70.36000061035156,71.25,49.8289909362793,6450900,0.0,0.0
2016-06-22 00:00:00-04:00,71.25,73.44000244140625,71.22000122070312,72.30999755859375,50.570308685302734,8093800,0.0,0.0
2016-06-23 00:00:00-04:00,72.86000061035156,72.91000366210938,72.1500015258789,72.63999938964844,50.80109405517578,5624500,0.0,0.0
2016-06-24 00:00:00-04:00,70.75,71.8499984741211,70.52999877929688,70.61000061035156,49.381412506103516,7414100,0.0,0.0
2016-06-27 00:00:00-04:00,70.38999938964844,71.12999725341797,70.08999633789062,70.31999969482422,49.17859649658203,7473500,0.0,0.0
2016-06-28 00:00:00-04:00,70.94999694824219,72.08000183105469,70.66999816894531,72.01000213623047,50.360496520996094,7066400,0.0,0.0
2016-06-29 00:00:00-04:00,72.12000274658203,73.16999816894531,71.95999908447266,73.0,51.32371139526367,6539800,0.38,0.0
2016-06-30 00:00:00-04:00,73.0999984741211,73.75,72.70999908447266,73.55000305175781,51.71038055419922,5763900,0.0,0.0
2016-07-01 00:00:00-04:00,73.66000366210938,74.16000366210938,73.33000183105469,73.77999877929688,51.872093200683594,3123100,0.0,0.0
2016-07-05 00:00:00-04:00,73.75,74.19000244140625,73.29000091552734,73.77999877929688,51.872093200683594,4255900,0.0,0.0
2016-07-06 00:00:00-04:00,74.01000213623047,74.05999755859375,72.87000274658203,73.86000061035156,51.928340911865234,6517600,0.0,0.0
2016-07-07 00:00:00-04:00,73.8499984741211,74.1500015258789,73.62999725341797,74.08000183105469,52.08302688598633,4056700,0.0,0.0
2016-07-08 00:00:00-04:00,74.29000091552734,75.72000122070312,74.0,75.27999877929688,52.926700592041016,5428100,0.0,0.0
2016-07-11 00:00:00-04:00,75.30000305175781,75.83999633789062,75.02999877929688,75.38999938964844,53.0040283203125,5278000,0.0,0.0
2016-07-12 00:00:00-04:00,75.4800033569336,76.55000305175781,75.4800033569336,76.19999694824219,53.573509216308594,5934800,0.0,0.0
2016-07-13 00:00:00-04:00,76.69000244140625,76.88999938964844,76.0999984741211,76.58000183105469,53.8406867980957,4651000,0.0,0.0
2016-07-14 00:00:00-04:00,76.79000091552734,76.91999816894531,76.29000091552734,76.7699966430664,53.97426223754883,4352600,0.0,0.0
2016-07-15 00:00:00-04:00,77.11000061035156,77.12000274658203,75.08000183105469,76.0,53.432899475097656,7523600,0.0,0.0
2016-07-18 00:00:00-04:00,76.2699966430664,76.36000061035156,75.62000274658203,75.95999908447266,53.40478515625,3793900,0.0,0.0
2016-07-19 00:00:00-04:00,75.9000015258789,76.19000244140625,75.43000030517578,75.47000122070312,53.060272216796875,3693200,0.0,0.0
2016-07-20 00:00:00-04:00,75.70999908447266,76.04000091552734,75.54000091552734,75.72000122070312,53.23604965209961,3949500,0.0,0.0
2016-07-21 00:00:00-04:00,75.61000061035156,76.08000183105469,75.1500015258789,75.5,53.08137130737305,3376600,0.0,0.0
2016-07-22 00:00:00-04:00,75.5,75.9800033569336,75.0,75.68000030517578,53.20791244506836,5276200,0.0,0.0
2016-07-25 00:00:00-04:00,75.69999694824219,75.75,75.06999969482422,75.55999755859375,53.123538970947266,3989000,0.0,0.0
2016-07-26 00:00:00-04:00,75.77999877929688,75.87000274658203,74.88999938964844,75.05999755859375,52.772010803222656,3826400,0.0,0.0
2016-07-27 00:00:00-04:00,75.19999694824219,76.80000305175781,75.01000213623047,76.47000122070312,53.76335144042969,5542600,0.0,0.0
2016-07-28 00:00:00-04:00,75.41000366210938,76.4800033569336,74.5,74.66000366210938,52.49079895019531,7412600,0.0,0.0
2016-07-29 00:00:00-04:00,74.56999969482422,75.16000366210938,74.22000122070312,74.80999755859375,52.59624481201172,4861100,0.0,0.0
2016-08-01 00:00:00-04:00,75.12999725341797,76.30000305175781,74.88999938964844,76.19000244140625,53.56645965576172,5081900,0.0,0.0
2016-08-02 00:00:00-04:00,76.0199966430664,76.06999969482422,74.70999908447266,75.05000305175781,52.764991760253906,4479000,0.0,0.0
2016-08-03 00:00:00-04:00,74.93000030517578,75.05999755859375,74.25,74.80000305175781,52.5892219543457,4349600,0.0,0.0
2016-08-04 00:00:00-04:00,74.95999908447266,75.62000274658203,74.56999969482422,75.31999969482422,52.95479965209961,3474900,0.0,0.0
2016-08-05 00:00:00-04:00,62.0,64.7699966430664,61.560001373291016,63.279998779296875,44.48991775512695,86212600,0.0,0.0
2016-08-08 00:00:00-04:00,63.5,63.650001525878906,60.0,60.29999923706055,42.39478302001953,60132800,0.0,0.0
2016-08-09 00:00:00-04:00,60.650001525878906,62.25,60.56999969482422,61.61000061035156,43.31580352783203,25005600,0.0,0.0
2016-08-10 00:00:00-04:00,61.77000045776367,61.83000183105469,60.5,60.58000183105469,42.591636657714844,14455100,0.0,0.0
2016-08-11 00:00:00-04:00,60.70000076293945,61.130001068115234,60.25,60.970001220703125,42.86583709716797,14576300,0.0,0.0
2016-08-12 00:00:00-04:00,61.22999954223633,61.29999923706055,60.61000061035156,60.630001068115234,42.626792907714844,9376500,0.0,0.0
2016-08-15 00:00:00-04:00,60.7400016784668,60.86000061035156,60.0099983215332,60.029998779296875,42.204959869384766,12142900,0.0,0.0
2016-08-16 00:00:00-04:00,60.02000045776367,60.38999938964844,59.29999923706055,59.40999984741211,41.76905822753906,13273700,0.0,0.0
2016-08-17 00:00:00-04:00,59.5,59.52000045776367,58.06999969482422,58.29999923706055,40.9886589050293,21007400,0.0,0.0
2016-08-18 00:00:00-04:00,58.27000045776367,59.47999954223633,58.2599983215332,58.68000030517578,41.255821228027344,14693300,0.0,0.0
2016-08-19 00:00:00-04:00,58.7400016784668,59.349998474121094,58.529998779296875,59.290000915527344,41.6846923828125,12134900,0.0,0.0
2016-08-22 00:00:00-04:00,59.650001525878906,59.68000030517578,59.0099983215332,59.2599983215332,41.663604736328125,11133600,0.0,0.0
2016-08-23 00:00:00-04:00,59.5099983215332,60.040000915527344,59.29999923706055,59.86000061035156,42.0854377746582,10583000,0.0,0.0
2016-08-24 00:00:00-04:00,59.79999923706055,60.0,58.400001525878906,58.59000015258789,41.19255447387695,13198700,0.0,0.0
2016-08-25 00:00:00-04:00,58.59000015258789,59.40999984741211,58.36000061035156,58.7599983215332,41.312068939208984,9116500,0.0,0.0
2016-08-26 00:00:00-04:00,58.7599983215332,59.400001525878906,58.540000915527344,58.77000045776367,41.31909942626953,7845200,0.0,0.0
2016-08-29 00:00:00-04:00,58.88999938964844,59.13999938964844,58.459999084472656,58.7599983215332,41.312068939208984,6573300,0.0,0.0
2016-08-30 00:00:00-04:00,58.970001220703125,58.970001220703125,57.15999984741211,57.2400016784668,40.243404388427734,16800500,0.0,0.0
2016-08-31 00:00:00-04:00,57.369998931884766,57.5099983215332,56.91999816894531,57.38999938964844,40.34886169433594,12533900,0.0,0.0
2016-09-01 00:00:00-04:00,57.599998474121094,57.619998931884766,56.4900016784668,56.7599983215332,39.90593338012695,12873900,0.0,0.0
2016-09-02 00:00:00-04:00,56.93000030517578,56.93000030517578,55.11000061035156,56.349998474121094,39.61768341064453,34001000,0.0,0.0
2016-09-06 00:00:00-04:00,56.689998626708984,57.130001068115234,56.119998931884766,56.959999084472656,40.046546936035156,11710600,0.0,0.0
2016-09-07 00:00:00-04:00,57.02000045776367,57.45000076293945,56.41999816894531,56.56999969482422,39.7723503112793,11719300,0.0,0.0
2016-09-08 00:00:00-04:00,56.630001068115234,57.25,56.279998779296875,56.810001373291016,39.94108200073242,11571500,0.0,0.0
2016-09-09 00:00:00-04:00,56.599998474121094,57.0099983215332,55.65999984741211,55.65999984741211,39.132572174072266,12349600,0.0,0.0
2016-09-12 00:00:00-04:00,55.29999923706055,56.439998626708984,55.02000045776367,56.31999969482422,39.596595764160156,9958900,0.0,0.0
2016-09-13 00:00:00-04:00,56.08000183105469,56.130001068115234,55.09000015258789,55.599998474121094,39.09037399291992,9473400,0.0,0.0
2016-09-14 00:00:00-04:00,55.849998474121094,56.09000015258789,55.11000061035156,55.22999954223633,38.83024215698242,9007200,0.0,0.0
2016-09-15 00:00:00-04:00,55.349998474121094,56.34000015258789,55.27000045776367,55.970001220703125,39.35050964355469,9835200,0.0,0.0
2016-09-16 00:00:00-04:00,56.220001220703125,56.40999984741211,55.529998779296875,55.599998474121094,39.09037399291992,12082900,0.0,0.0
2016-09-19 00:00:00-04:00,55.95000076293945,55.970001220703125,55.02000045776367,55.08000183105469,38.72478485107422,10517400,0.0,0.0
2016-09-20 00:00:00-04:00,55.349998474121094,56.279998779296875,55.15999984741211,55.560001373291016,39.062255859375,9940200,0.0,0.0
2016-09-21 00:00:00-04:00,55.86000061035156,56.119998931884766,55.2599983215332,55.93000030517578,39.322391510009766,11651400,0.0,0.0
2016-09-22 00:00:00-04:00,56.029998779296875,56.650001525878906,55.869998931884766,56.41999816894531,39.66688919067383,10611000,0.0,0.0
2016-09-23 00:00:00-04:00,56.29999923706055,56.95000076293945,56.2599983215332,56.47999954223633,39.70907211303711,8569100,0.0,0.0
2016-09-26 00:00:00-04:00,56.2599983215332,56.310001373291016,55.400001525878906,55.47999954223633,39.006019592285156,8599800,0.0,0.0
2016-09-27 00:00:00-04:00,55.68000030517578,55.88999938964844,55.5,55.7400016784668,39.188812255859375,8619900,0.0,0.0
2016-09-28 00:00:00-04:00,55.810001373291016,55.810001373291016,54.93000030517578,55.09000015258789,38.731815338134766,13768400,0.0,0.0
2016-09-29 00:00:00-04:00,55.2599983215332,55.27000045776367,53.7599983215332,53.869998931884766,37.874088287353516,17228500,0.0,0.0
2016-09-30 00:00:00-04:00,53.93000030517578,54.369998931884766,53.900001525878906,53.91999816894531,37.90923309326172,13326700,0.0,0.0
2016-10-03 00:00:00-04:00,53.939998626708984,54.70000076293945,53.560001373291016,54.65999984741211,38.429508209228516,9697200,0.0,0.0
2016-10-04 00:00:00-04:00,54.900001525878906,55.81999969482422,54.79999923706055,55.209999084472656,38.81618118286133,14042700,0.0,0.0
2016-10-05 00:00:00-04:00,54.900001525878906,55.20000076293945,54.4900016784668,54.790000915527344,38.78786849975586,10964100,0.38,0.0
2016-10-06 00:00:00-04:00,54.56999969482422,55.36000061035156,54.47999954223633,55.04999923706055,38.971946716308594,10955300,0.0,0.0
2016-10-07 00:00:00-04:00,55.220001220703125,55.900001525878906,55.060001373291016,55.43000030517578,39.240962982177734,12714400,0.0,0.0
2016-10-10 00:00:00-04:00,50.790000915527344,51.29999923706055,49.540000915527344,49.810001373291016,35.2623405456543,65259700,0.0,0.0
2016-10-11 00:00:00-04:00,49.66999816894531,50.22999954223633,49.5,49.54999923706055,35.07828140258789,24532500,0.0,0.0
2016-10-12 00:00:00-04:00,49.81999969482422,50.970001220703125,49.7400016784668,50.0099983215332,35.403926849365234,18137500,0.0,0.0
2016-10-13 00:00:00-04:00,49.630001068115234,50.4900016784668,49.119998931884766,50.2400016784668,35.566749572753906,15096000,0.0,0.0
2016-10-14 00:00:00-04:00,50.349998474121094,50.650001525878906,49.7599983215332,49.77000045776367,35.23402786254883,13848400,0.0,0.0
2016-10-17 00:00:00-04:00,49.689998626708984,49.790000915527344,49.099998474121094,49.34000015258789,34.92961883544922,11578000,0.0,0.0
2016-10-18 00:00:00-04:00,49.47999954223633,50.349998474121094,49.34000015258789,50.04999923706055,35.4322509765625,8773300,0.0,0.0
2016-10-19 00:00:00-04:00,49.95000076293945,50.18000030517578,49.79999923706055,49.869998931884766,35.3048210144043,7636200,0.0,0.0
2016-10-20 00:00:00-04:00,49.810001373291016,50.47999954223633,49.7599983215332,50.36000061035156,35.65171432495117,9310200,0.0,0.0
2016-10-21 00:00:00-04:00,50.11000061035156,50.45000076293945,49.880001068115234,50.02000045776367,35.4109992980957,8558700,0.0,0.0
2016-10-24 00:00:00-04:00,50.11000061035156,50.16999816894531,49.040000915527344,49.22999954223633,34.851749420166016,12107600,0.0,0.0
2016-10-25 00:00:00-04:00,49.220001220703125,50.130001068115234,49.029998779296875,49.54999923706055,35.07828140258789,10212800,0.0,0.0
2016-10-26 00:00:00-04:00,49.58000183105469,49.7599983215332,49.06999969482422,49.290000915527344,34.89421844482422,8331100,0.0,0.0
2016-10-27 00:00:00-04:00,52.41999816894531,53.16999816894531,50.65999984741211,51.959999084472656,36.7844123840332,31896700,0.0,0.0
2016-10-28 00:00:00-04:00,52.11000061035156,52.220001220703125,50.65999984741211,51.0,36.104793548583984,13798700,0.0,0.0
2016-10-31 00:00:00-04:00,51.04999923706055,51.619998931884766,50.650001525878906,50.90999984741211,36.041072845458984,11326200,0.0,0.0
2016-11-01 00:00:00-04:00,50.93000030517578,51.36000061035156,50.380001068115234,50.79999923706055,35.963191986083984,8740800,0.0,0.0
2016-11-02 00:00:00-04:00,50.93000030517578,50.97999954223633,50.529998779296875,50.56999969482422,35.800384521484375,8197300,0.0,0.0
2016-11-03 00:00:00-04:00,50.5099983215332,50.880001068115234,50.099998474121094,50.209999084472656,35.54551696777344,14924800,0.0,0.0
2016-11-04 00:00:00-04:00,50.5,51.45000076293945,50.459999084472656,51.0099983215332,36.11186599731445,12818000,0.0,0.0
2016-11-07 00:00:00-05:00,51.70000076293945,53.099998474121094,51.59000015258789,52.619998931884766,37.25165557861328,12825300,0.0,0.0
2016-11-08 00:00:00-05:00,52.290000915527344,53.34000015258789,52.02000045776367,53.15999984741211,37.633941650390625,10094000,0.0,0.0
2016-11-09 00:00:00-05:00,55.25,57.29999923706055,54.900001525878906,56.29999923706055,39.856849670410156,28681000,0.0,0.0
2016-11-10 00:00:00-05:00,57.0,57.54999923706055,56.220001220703125,56.65999984741211,40.11170196533203,17744300,0.0,0.0
2016-11-11 00:00:00-05:00,56.310001373291016,56.72999954223633,55.880001068115234,56.369998931884766,39.906410217285156,12438300,0.0,0.0
2016-11-14 00:00:00-05:00,56.65999984741211,56.849998474121094,56.02000045776367,56.560001373291016,40.040916442871094,7234900,0.0,0.0
2016-11-15 00:00:00-05:00,56.72999954223633,56.790000915527344,55.7599983215332,56.689998626708984,40.13294219970703,9312800,0.0,0.0
2016-11-16 00:00:00-05:00,56.70000076293945,56.720001220703125,55.93000030517578,56.20000076293945,39.786067962646484,8935500,0.0,0.0
2016-11-17 00:00:00-05:00,56.75,57.099998474121094,56.060001373291016,56.68000030517578,40.12588119506836,6820500,0.0,0.0
2016-11-18 00:00:00-05:00,56.58000183105469,56.84000015258789,56.25,56.7599983215332,40.1824951171875,7387400,0.0,0.0
2016-11-21 00:00:00-05:00,56.709999084472656,56.849998474121094,56.400001525878906,56.72999954223633,40.16126251220703,11312300,0.0,0.0
2016-11-22 00:00:00-05:00,56.65999984741211,56.900001525878906,56.2599983215332,56.54999923706055,40.03384017944336,10350000,0.0,0.0
2016-11-23 00:00:00-05:00,56.04999923706055,56.779998779296875,55.779998779296875,56.75,40.175437927246094,10151000,0.0,0.0
2016-11-25 00:00:00-05:00,56.849998474121094,57.13999938964844,56.709999084472656,56.97999954223633,40.3382453918457,6228600,0.0,0.0
2016-11-28 00:00:00-05:00,56.91999816894531,56.959999084472656,56.25,56.5099983215332,40.00551986694336,8724200,0.0,0.0
2016-11-29 00:00:00-05:00,56.619998931884766,56.88999938964844,56.13999938964844,56.36000061035156,39.89933395385742,9818900,0.0,0.0
2016-11-30 00:00:00-05:00,56.290000915527344,56.689998626708984,56.0,56.439998626708984,39.955963134765625,16418900,0.0,0.0
2016-12-01 00:00:00-05:00,55.939998626708984,56.27000045776367,55.439998626708984,55.79999923706055,39.50288391113281,12719600,0.0,0.0
2016-12-02 00:00:00-05:00,55.689998626708984,56.11000061035156,55.29999923706055,55.959999084472656,39.616153717041016,9281500,0.0,0.0
2016-12-05 00:00:00-05:00,55.86000061035156,55.959999084472656,55.22999954223633,55.54999923706055,39.32590103149414,9904400,0.0,0.0
2016-12-06 00:00:00-05:00,55.709999084472656,56.040000915527344,55.560001373291016,56.029998779296875,39.66571807861328,5924400,0.0,0.0
2016-12-07 00:00:00-05:00,55.54999923706055,55.68000030517578,54.36000061035156,55.2400016784668,39.106441497802734,12210800,0.0,0.0
2016-12-08 00:00:00-05:00,54.93000030517578,55.41999816894531,54.779998779296875,55.22999954223633,39.09935760498047,8191200,0.0,0.0
2016-12-09 00:00:00-05:00,55.15999984741211,57.18000030517578,55.099998474121094,57.040000915527344,40.380714416503906,11782800,0.0,0.0
2016-12-12 00:00:00-05:00,56.83000183105469,56.970001220703125,56.400001525878906,56.54999923706055,40.03384017944336,8829300,0.0,0.0
2016-12-13 00:00:00-05:00,57.0,57.34000015258789,56.70000076293945,57.16999816894531,40.47275924682617,6902800,0.0,0.0
2016-12-14 00:00:00-05:00,57.29999923706055,58.52000045776367,57.27000045776367,58.5,41.41431427001953,12603900,0.0,0.0
2016-12-15 00:00:00-05:00,58.5099983215332,59.79999923706055,58.279998779296875,58.650001525878906,41.52050018310547,13210800,0.0,0.0
2016-12-16 00:00:00-05:00,58.91999816894531,59.04999923706055,58.20000076293945,58.619998931884766,41.49925994873047,12218200,0.0,0.0
2016-12-19 00:00:00-05:00,59.040000915527344,59.849998474121094,59.02000045776367,59.41999816894531,42.06562423706055,8399100,0.0,0.0
2016-12-20 00:00:00-05:00,59.29999923706055,59.529998779296875,58.939998626708984,59.119998931884766,41.853240966796875,3918800,0.0,0.0
2016-12-21 00:00:00-05:00,59.22999954223633,59.58000183105469,58.68000030517578,58.689998626708984,41.5488166809082,4471200,0.0,0.0
2016-12-22 00:00:00-05:00,58.7400016784668,58.97999954223633,58.52000045776367,58.7599983215332,41.59838104248047,4812000,0.0,0.0
2016-12-23 00:00:00-05:00,58.849998474121094,59.93000030517578,58.77000045776367,59.61000061035156,42.20012664794922,5412800,0.0,0.0
2016-12-27 00:00:00-05:00,59.61000061035156,59.75,59.290000915527344,59.33000183105469,42.00190734863281,4251900,0.0,0.0
2016-12-28 00:00:00-05:00,59.290000915527344,59.439998626708984,58.540000915527344,58.61000061035156,41.4921989440918,4249100,0.0,0.0
2016-12-29 00:00:00-05:00,58.810001373291016,59.189998626708984,58.630001068115234,58.900001525878906,41.69749069213867,3642700,0.0,0.0
2016-12-30 00:00:00-05:00,58.86000061035156,58.959999084472656,58.209999084472656,58.439998626708984,41.37184524536133,7008900,0.0,0.0
2017-01-03 00:00:00-05:00,58.779998779296875,59.68000030517578,58.58000183105469,59.45000076293945,42.08684539794922,10061700,0.0,0.0
2017-01-04 00:00:00-05:00,59.459999084472656,59.75,59.029998779296875,59.13999938964844,42.14385223388672,6703400,0.39,0.0
2017-01-05 00:00:00-05:00,59.38999938964844,60.41999816894531,59.310001373291016,60.130001068115234,42.84934997558594,8422300,0.0,0.0
2017-01-06 00:00:00-05:00,60.040000915527344,60.33000183105469,58.849998474121094,59.95000076293945,42.721073150634766,10104600,0.0,0.0
2017-01-09 00:00:00-05:00,59.75,59.91999816894531,59.650001525878906,59.72999954223633,42.56431198120117,5263000,0.0,0.0
2017-01-10 00:00:00-05:00,59.779998779296875,60.45000076293945,59.720001220703125,59.97999954223633,42.74245834350586,6103700,0.0,0.0
2017-01-11 00:00:00-05:00,58.119998931884766,58.869998931884766,56.529998779296875,56.79999923706055,40.47636413574219,20497900,0.0,0.0
2017-01-12 00:00:00-05:00,56.5,56.779998779296875,56.02000045776367,56.54999923706055,40.298194885253906,9977900,0.0,0.0
2017-01-13 00:00:00-05:00,56.560001373291016,56.72999954223633,56.04999923706055,56.220001220703125,40.06304168701172,7660200,0.0,0.0
2017-01-17 00:00:00-05:00,55.88999938964844,56.58000183105469,55.209999084472656,56.279998779296875,40.10579299926758,10416300,0.0,0.0
2017-01-18 00:00:00-05:00,56.5099983215332,56.54999923706055,55.88999938964844,56.06999969482422,39.95615005493164,6639200,0.0,0.0
2017-01-19 00:00:00-05:00,56.099998474121094,56.310001373291016,55.34000015258789,55.4900016784668,39.54283142089844,7122300,0.0,0.0
2017-01-20 00:00:00-05:00,55.4900016784668,55.4900016784668,48.91999816894531,49.22999954223633,35.081878662109375,77021200,0.0,0.0
2017-01-23 00:00:00-05:00,49.529998779296875,50.310001373291016,49.150001525878906,50.0,35.63059616088867,23886100,0.0,0.0
2017-01-24 00:00:00-05:00,50.04999923706055,50.13999938964844,48.93000030517578,48.959999084472656,34.889469146728516,17172800,0.0,0.0
2017-01-25 00:00:00-05:00,49.34000015258789,49.56999969482422,48.79999923706055,49.54999923706055,35.309913635253906,15978500,0.0,0.0
2017-01-26 00:00:00-05:00,48.59000015258789,49.5099983215332,46.0099983215332,46.81999969482422,33.364501953125,44800800,0.0,0.0
2017-01-27 00:00:00-05:00,47.2599983215332,48.619998931884766,47.119998931884766,47.7400016784668,34.02008819580078,22918700,0.0,0.0
2017-01-30 00:00:00-05:00,48.220001220703125,49.099998474121094,47.959999084472656,48.689998626708984,34.697078704833984,15738200,0.0,0.0
2017-01-31 00:00:00-05:00,48.400001525878906,49.41999816894531,48.209999084472656,49.15999984741211,35.031986236572266,15094000,0.0,0.0
2017-02-01 00:00:00-05:00,49.130001068115234,49.31999969482422,48.31999969482422,49.290000915527344,35.124637603759766,16021900,0.0,0.0
2017-02-02 00:00:00-05:00,49.349998474121094,50.88999938964844,49.27000045776367,50.5,35.986900329589844,18610200,0.0,0.0
2017-02-03 00:00:00-05:00,50.599998474121094,50.90999984741211,50.36000061035156,50.779998779296875,36.186431884765625,10934000,0.0,0.0
2017-02-06 00:00:00-05:00,50.650001525878906,51.09000015258789,50.560001373291016,51.040000915527344,36.37171173095703,8263400,0.0,0.0
2017-02-07 00:00:00-05:00,51.4900016784668,52.31999969482422,51.2599983215332,51.65999984741211,36.81352615356445,15747800,0.0,0.0
2017-02-08 00:00:00-05:00,51.290000915527344,52.119998931884766,51.119998931884766,52.0,37.05582046508789,12236500,0.0,0.0
2017-02-09 00:00:00-05:00,52.0,52.25,51.459999084472656,51.5099983215332,36.706642150878906,5813100,0.0,0.0
2017-02-10 00:00:00-05:00,51.61000061035156,51.970001220703125,51.52000045776367,51.650001525878906,36.80638885498047,5845600,0.0,0.0
2017-02-13 00:00:00-05:00,51.83000183105469,52.09000015258789,51.619998931884766,52.029998779296875,37.077186584472656,6769700,0.0,0.0
2017-02-14 00:00:00-05:00,52.310001373291016,54.27000045776367,52.09000015258789,53.709999084472656,38.274383544921875,19785200,0.0,0.0
2017-02-15 00:00:00-05:00,53.70000076293945,55.34000015258789,53.599998474121094,55.029998779296875,39.215030670166016,11860800,0.0,0.0
2017-02-16 00:00:00-05:00,55.08000183105469,55.15999984741211,53.91999816894531,54.279998779296875,38.680564880371094,9917100,0.0,0.0
2017-02-17 00:00:00-05:00,54.29999923706055,54.720001220703125,54.08000183105469,54.59000015258789,38.901485443115234,9706100,0.0,0.0
2017-02-21 00:00:00-05:00,54.40999984741211,57.209999084472656,53.40999984741211,54.779998779296875,39.0368766784668,26919300,0.0,0.0
2017-02-22 00:00:00-05:00,55.4900016784668,56.45000076293945,55.290000915527344,55.349998474121094,39.44305419921875,21293700,0.0,0.0
2017-02-23 00:00:00-05:00,55.630001068115234,56.09000015258789,55.02000045776367,55.77000045776367,39.74235916137695,14410400,0.0,0.0
2017-02-24 00:00:00-05:00,55.91999816894531,56.470001220703125,55.880001068115234,56.439998626708984,40.21981430053711,11382500,0.0,0.0
2017-02-27 00:00:00-05:00,56.5,57.0,56.2400016784668,56.560001373291016,40.305320739746094,11285300,0.0,0.0
2017-02-28 00:00:00-05:00,56.540000915527344,56.93000030517578,56.209999084472656,56.709999084472656,40.4122200012207,9046000,0.0,0.0
2017-03-01 00:00:00-05:00,57.0,57.2400016784668,56.52000045776367,57.18000030517578,40.74715042114258,13349300,0.0,0.0
2017-03-02 00:00:00-05:00,56.88999938964844,57.4900016784668,56.59000015258789,56.86000061035156,40.51911163330078,12103700,0.0,0.0
2017-03-03 00:00:00-05:00,56.7400016784668,57.34000015258789,56.630001068115234,57.2599983215332,40.80414962768555,9645800,0.0,0.0
2017-03-06 00:00:00-05:00,57.02000045776367,57.22999954223633,56.22999954223633,56.970001220703125,40.597496032714844,7917200,0.0,0.0
2017-03-07 00:00:00-05:00,56.27000045776367,56.630001068115234,55.779998779296875,56.33000183105469,40.141422271728516,16970300,0.0,0.0
2017-03-08 00:00:00-05:00,56.33000183105469,57.5,56.220001220703125,57.119998931884766,40.70439147949219,13556400,0.0,0.0
2017-03-09 00:00:00-05:00,57.369998931884766,58.04999923706055,57.20000076293945,57.9900016784668,41.324371337890625,7535200,0.0,0.0
2017-03-10 00:00:00-05:00,58.029998779296875,58.540000915527344,57.810001373291016,58.31999969482422,41.55952453613281,8547300,0.0,0.0
2017-03-13 00:00:00-04:00,58.29999923706055,58.29999923706055,56.86000061035156,56.93000030517578,40.5689811706543,11689400,0.0,0.0
2017-03-14 00:00:00-04:00,56.95000076293945,57.599998474121094,56.58000183105469,56.689998626708984,40.3979606628418,11746400,0.0,0.0
2017-03-15 00:00:00-04:00,56.66999816894531,57.93000030517578,56.66999816894531,57.650001525878906,41.08207702636719,10337700,0.0,0.0
2017-03-16 00:00:00-04:00,57.33000183105469,57.58000183105469,57.119998931884766,57.310001373291016,40.839786529541016,9903900,0.0,0.0
2017-03-17 00:00:00-04:00,57.22999954223633,57.25,56.11000061035156,56.290000915527344,40.11293029785156,15881900,0.0,0.0
2017-03-20 00:00:00-04:00,56.33000183105469,56.709999084472656,56.2400016784668,56.40999984741211,40.19844055175781,8481400,0.0,0.0
2017-03-21 00:00:00-04:00,56.5,56.65999984741211,55.380001068115234,55.709999084472656,39.69960403442383,9394500,0.0,0.0
2017-03-22 00:00:00-04:00,55.70000076293945,56.41999816894531,55.16999816894531,56.36000061035156,40.16282272338867,9808300,0.0,0.0
2017-03-23 00:00:00-04:00,56.08000183105469,56.529998779296875,55.68000030517578,55.77000045776367,39.74235916137695,7624700,0.0,0.0
2017-03-24 00:00:00-04:00,55.869998931884766,56.25,55.68000030517578,55.88999938964844,39.827884674072266,6170600,0.0,0.0
2017-03-27 00:00:00-04:00,55.599998474121094,56.349998474121094,55.529998779296875,56.040000915527344,39.93476867675781,11139700,0.0,0.0
2017-03-28 00:00:00-04:00,56.040000915527344,56.369998931884766,55.93000030517578,56.20000076293945,40.048797607421875,8525900,0.0,0.0
2017-03-29 00:00:00-04:00,56.16999816894531,56.54999923706055,55.93000030517578,55.95000076293945,39.870628356933594,6136200,0.0,0.0
2017-03-30 00:00:00-04:00,55.959999084472656,56.0,55.25,55.36000061035156,39.450199127197266,8147500,0.0,0.0
2017-03-31 00:00:00-04:00,55.29999923706055,55.66999816894531,54.15999984741211,54.380001068115234,38.751834869384766,12390400,0.0,0.0
2017-04-03 00:00:00-04:00,54.529998779296875,55.15999984741211,53.869998931884766,54.209999084472656,38.63069152832031,16315800,0.0,0.0
2017-04-04 00:00:00-04:00,54.209999084472656,54.349998474121094,53.95000076293945,54.13999938964844,38.5807991027832,8996700,0.0,0.0
2017-04-05 00:00:00-04:00,53.9900016784668,54.130001068115234,53.0,53.08000183105469,38.09989547729492,10095800,0.39,0.0
2017-04-06 00:00:00-04:00,53.04999923706055,53.529998779296875,52.5099983215332,53.290000915527344,38.2506217956543,7404700,0.0,0.0
2017-04-07 00:00:00-04:00,53.27000045776367,53.65999984741211,52.880001068115234,53.41999816894531,38.34394073486328,7969300,0.0,0.0
2017-04-10 00:00:00-04:00,53.349998474121094,53.709999084472656,53.20000076293945,53.349998474121094,38.29369354248047,7409100,0.0,0.0
2017-04-11 00:00:00-04:00,53.290000915527344,53.439998626708984,52.939998626708984,52.97999954223633,38.028114318847656,6996500,0.0,0.0
2017-04-12 00:00:00-04:00,52.81999969482422,53.13999938964844,52.75,52.9900016784668,38.0352897644043,7193000,0.0,0.0
2017-04-13 00:00:00-04:00,53.04999923706055,53.189998626708984,52.779998779296875,52.83000183105469,37.92045593261719,7169400,0.0,0.0
2017-04-17 00:00:00-04:00,52.75,53.220001220703125,52.529998779296875,52.95000076293945,38.00657653808594,6471400,0.0,0.0
2017-04-18 00:00:00-04:00,52.68000030517578,53.150001525878906,52.59000015258789,52.93000030517578,37.992225646972656,8036700,0.0,0.0
2017-04-19 00:00:00-04:00,53.0,53.65999984741211,52.880001068115234,53.20000076293945,38.1860237121582,8140600,0.0,0.0
2017-04-20 00:00:00-04:00,53.40999984741211,53.560001373291016,53.189998626708984,53.439998626708984,38.35829162597656,6092500,0.0,0.0
2017-04-21 00:00:00-04:00,53.400001525878906,53.709999084472656,53.150001525878906,53.47999954223633,38.38700866699219,5224400,0.0,0.0
2017-04-24 00:00:00-04:00,53.849998474121094,54.0,53.5099983215332,53.54999923706055,38.4372444152832,9783300,0.0,0.0
2017-04-25 00:00:00-04:00,53.650001525878906,54.31999969482422,53.650001525878906,53.939998626708984,38.71718978881836,9321100,0.0,0.0
2017-04-26 00:00:00-04:00,54.04999923706055,54.650001525878906,53.709999084472656,53.77000045776367,38.59516906738281,9453900,0.0,0.0
2017-04-27 00:00:00-04:00,55.36000061035156,56.130001068115234,54.619998931884766,55.66999816894531,39.958946228027344,15317800,0.0,0.0
2017-04-28 00:00:00-04:00,55.70000076293945,56.33000183105469,55.369998931884766,56.04999923706055,40.23170852661133,8248700,0.0,0.0
2017-05-01 00:00:00-04:00,56.34000015258789,56.83000183105469,55.90999984741211,56.310001373291016,40.418331146240234,7420300,0.0,0.0
2017-05-02 00:00:00-04:00,56.34000015258789,56.790000915527344,55.54999923706055,55.95000076293945,40.15993881225586,17278100,0.0,0.0
2017-05-03 00:00:00-04:00,55.4900016784668,55.58000183105469,54.720001220703125,55.060001373291016,39.52109909057617,10651100,0.0,0.0
2017-05-04 00:00:00-04:00,55.06999969482422,55.54999923706055,54.95000076293945,55.189998626708984,39.614410400390625,6205100,0.0,0.0
2017-05-05 00:00:00-04:00,55.25,55.33000183105469,54.959999084472656,55.150001525878906,39.58570861816406,5938300,0.0,0.0
2017-05-08 00:00:00-04:00,54.9900016784668,55.18000030517578,54.540000915527344,54.939998626708984,39.434974670410156,4730500,0.0,0.0
2017-05-09 00:00:00-04:00,54.880001068115234,55.47999954223633,54.75,55.31999969482422,39.70772933959961,7134600,0.0,0.0
2017-05-10 00:00:00-04:00,55.18000030517578,55.310001373291016,54.880001068115234,55.13999938964844,39.57852554321289,6361400,0.0,0.0
2017-05-11 00:00:00-04:00,55.13999938964844,55.65999984741211,54.88999938964844,55.13999938964844,39.57852554321289,6810200,0.0,0.0
2017-05-12 00:00:00-04:00,55.20000076293945,55.380001068115234,54.79999923706055,55.029998779296875,39.49956512451172,5177000,0.0,0.0
2017-05-15 00:00:00-04:00,55.029998779296875,55.22999954223633,54.83000183105469,55.099998474121094,39.549808502197266,4935000,0.0,0.0
2017-05-16 00:00:00-04:00,55.0,55.279998779296875,54.20000076293945,54.38999938964844,39.040184020996094,9259500,0.0,0.0
2017-05-17 00:00:00-04:00,54.38999938964844,54.619998931884766,53.70000076293945,54.40999984741211,39.05453872680664,7724300,0.0,0.0
2017-05-18 00:00:00-04:00,54.20000076293945,54.4900016784668,53.31999969482422,53.779998779296875,38.60234451293945,12419900,0.0,0.0
2017-05-19 00:00:00-04:00,53.81999969482422,54.279998779296875,53.81999969482422,54.02000045776367,38.77460479736328,8640900,0.0,0.0
2017-05-22 00:00:00-04:00,54.02000045776367,54.34000015258789,53.880001068115234,54.099998474121094,38.83202362060547,4462800,0.0,0.0
2017-05-23 00:00:00-04:00,54.15999984741211,54.43000030517578,54.13999938964844,54.209999084472656,38.91099166870117,7187100,0.0,0.0
2017-05-24 00:00:00-04:00,54.45000076293945,54.45000076293945,53.470001220703125,53.81999969482422,38.63106155395508,6460700,0.0,0.0
2017-05-25 00:00:00-04:00,53.88999938964844,54.58000183105469,53.689998626708984,54.38999938964844,39.040184020996094,8493100,0.0,0.0
2017-05-26 00:00:00-04:00,54.369998931884766,54.81999969482422,53.900001525878906,53.970001220703125,38.73871994018555,4968200,0.0,0.0
2017-05-30 00:00:00-04:00,53.93000030517578,54.2400016784668,53.7599983215332,53.93000030517578,38.71000289916992,7137500,0.0,0.0
2017-05-31 00:00:00-04:00,54.13999938964844,54.349998474121094,53.86000061035156,53.95000076293945,38.724369049072266,8140700,0.0,0.0
2017-06-01 00:00:00-04:00,54.0,54.529998779296875,53.880001068115234,54.529998779296875,39.14067459106445,6561600,0.0,0.0
2017-06-02 00:00:00-04:00,54.709999084472656,55.16999816894531,54.5099983215332,54.970001220703125,39.456504821777344,7470900,0.0,0.0
2017-06-05 00:00:00-04:00,53.7599983215332,54.36000061035156,52.209999084472656,52.36000061035156,37.58308792114258,18743100,0.0,0.0
2017-06-06 00:00:00-04:00,52.29999923706055,52.400001525878906,51.630001068115234,51.65999984741211,37.08063507080078,11724700,0.0,0.0
2017-06-07 00:00:00-04:00,51.86000061035156,52.58000183105469,51.560001373291016,52.56999969482422,37.73381805419922,10562700,0.0,0.0
2017-06-08 00:00:00-04:00,52.56999969482422,53.36000061035156,52.54999923706055,52.849998474121094,37.93479537963867,8687200,0.0,0.0
2017-06-09 00:00:00-04:00,52.77000045776367,54.18000030517578,52.650001525878906,53.75,38.5807991027832,7553100,0.0,0.0
2017-06-12 00:00:00-04:00,53.75,54.36000061035156,53.4900016784668,54.36000061035156,39.01866149902344,8766700,0.0,0.0
2017-06-13 00:00:00-04:00,54.189998626708984,54.31999969482422,53.900001525878906,54.189998626708984,38.896629333496094,4776800,0.0,0.0
2017-06-14 00:00:00-04:00,54.2400016784668,54.810001373291016,54.130001068115234,54.52000045776367,39.13349914550781,5622400,0.0,0.0
2017-06-15 00:00:00-04:00,54.4900016784668,54.72999954223633,54.02000045776367,54.279998779296875,38.961219787597656,5679700,0.0,0.0
2017-06-16 00:00:00-04:00,54.52000045776367,54.599998474121094,53.61000061035156,54.459999084472656,39.090423583984375,12535400,0.0,0.0
2017-06-19 00:00:00-04:00,54.459999084472656,55.369998931884766,54.31999969482422,55.220001220703125,39.63594436645508,6210600,0.0,0.0
2017-06-20 00:00:00-04:00,55.27000045776367,56.40999984741211,55.099998474121094,55.65999984741211,39.951778411865234,7461100,0.0,0.0
2017-06-21 00:00:00-04:00,55.75,56.58000183105469,55.599998474121094,56.06999969482422,40.24605941772461,8783600,0.0,0.0
2017-06-22 00:00:00-04:00,56.27000045776367,57.900001525878906,56.150001525878906,57.33000183105469,41.15047073364258,8289600,0.0,0.0
2017-06-23 00:00:00-04:00,57.27000045776367,57.36000061035156,56.2400016784668,56.63999938964844,40.65520095825195,20794800,0.0,0.0
2017-06-26 00:00:00-04:00,56.720001220703125,57.27000045776367,56.349998474121094,56.91999816894531,40.856178283691406,5595900,0.0,0.0
2017-06-27 00:00:00-04:00,56.79999923706055,56.86000061035156,55.849998474121094,55.900001525878906,40.124027252197266,5477500,0.0,0.0
2017-06-28 00:00:00-04:00,56.150001525878906,56.380001068115234,55.77000045776367,55.869998931884766,40.10251235961914,5126300,0.0,0.0
2017-06-29 00:00:00-04:00,55.90999984741211,56.130001068115234,55.4900016784668,55.81999969482422,40.066619873046875,5037800,0.0,0.0
2017-06-30 00:00:00-04:00,55.9900016784668,56.06999969482422,55.68000030517578,55.720001220703125,39.994842529296875,4679700,0.0,0.0
2017-07-03 00:00:00-04:00,56.27000045776367,56.880001068115234,56.18000030517578,56.27000045776367,40.389617919921875,6257600,0.0,0.0
2017-07-05 00:00:00-04:00,56.27000045776367,56.38999938964844,55.54999923706055,56.349998474121094,40.729339599609375,5887400,0.39,0.0
2017-07-06 00:00:00-04:00,56.099998474121094,56.209999084472656,55.20000076293945,55.279998779296875,39.95595169067383,5546100,0.0,0.0
2017-07-07 00:00:00-04:00,55.5099983215332,56.0,55.08000183105469,55.90999984741211,40.41130447387695,5487500,0.0,0.0
2017-07-10 00:00:00-04:00,56.099998474121094,56.31999969482422,55.81999969482422,55.93000030517578,40.42575454711914,4050800,0.0,0.0
2017-07-11 00:00:00-04:00,55.810001373291016,56.099998474121094,55.099998474121094,55.33000183105469,39.992088317871094,4630300,0.0,0.0
2017-07-12 00:00:00-04:00,55.63999938964844,56.2400016784668,54.849998474121094,55.040000915527344,39.782474517822266,9081000,0.0,0.0
2017-07-13 00:00:00-04:00,55.060001373291016,55.18000030517578,54.220001220703125,54.66999816894531,39.51503372192383,8130900,0.0,0.0
2017-07-14 00:00:00-04:00,54.810001373291016,55.45000076293945,54.5,55.150001525878906,39.86198043823242,6042900,0.0,0.0
2017-07-17 00:00:00-04:00,55.279998779296875,55.529998779296875,54.58000183105469,54.790000915527344,39.60177993774414,3719200,0.0,0.0
2017-07-18 00:00:00-04:00,54.77000045776367,54.81999969482422,54.41999816894531,54.7400016784668,39.56562805175781,3701400,0.0,0.0
2017-07-19 00:00:00-04:00,54.77000045776367,55.20000076293945,54.61000061035156,55.06999969482422,39.80415725708008,3321700,0.0,0.0
2017-07-20 00:00:00-04:00,55.279998779296875,55.720001220703125,55.18000030517578,55.439998626708984,40.07159423828125,3862400,0.0,0.0
2017-07-21 00:00:00-04:00,55.40999984741211,55.77000045776367,55.380001068115234,55.650001525878906,40.22337341308594,5009100,0.0,0.0
2017-07-24 00:00:00-04:00,55.650001525878906,55.939998626708984,55.150001525878906,55.599998474121094,40.187232971191406,6700900,0.0,0.0
2017-07-25 00:00:00-04:00,55.86000061035156,56.18000030517578,55.77000045776367,55.95000076293945,40.440216064453125,7312900,0.0,0.0
2017-07-26 00:00:00-04:00,55.95000076293945,56.150001525878906,55.5,55.97999954223633,40.46189498901367,8049300,0.0,0.0
2017-07-27 00:00:00-04:00,53.33000183105469,54.439998626708984,52.060001373291016,54.2400016784668,39.20424270629883,21645100,0.0,0.0
2017-07-28 00:00:00-04:00,54.2400016784668,55.59000015258789,53.939998626708984,55.27000045776367,39.94871520996094,9099600,0.0,0.0
2017-07-31 00:00:00-04:00,55.59000015258789,57.20000076293945,55.5,56.900001525878906,41.12685775756836,10824300,0.0,0.0
2017-08-01 00:00:00-04:00,57.150001525878906,57.16999816894531,55.66999816894531,56.11000061035156,40.55586624145508,11075300,0.0,0.0
2017-08-02 00:00:00-04:00,56.290000915527344,56.45000076293945,55.099998474121094,55.22999954223633,39.9197883605957,6294200,0.0,0.0
2017-08-03 00:00:00-04:00,55.099998474121094,55.880001068115234,55.08000183105469,55.5,40.114959716796875,5484400,0.0,0.0
2017-08-04 00:00:00-04:00,55.560001373291016,56.220001220703125,55.52000045776367,55.95000076293945,40.440216064453125,4161500,0.0,0.0
2017-08-07 00:00:00-04:00,56.0,56.349998474121094,55.56999969482422,56.29999923706055,40.693180084228516,5126000,0.0,0.0
2017-08-08 00:00:00-04:00,56.349998474121094,57.56999969482422,56.29999923706055,56.90999984741211,41.134098052978516,7887200,0.0,0.0
2017-08-09 00:00:00-04:00,56.790000915527344,57.560001373291016,56.5099983215332,57.400001525878906,41.48826217651367,7675600,0.0,0.0
2017-08-10 00:00:00-04:00,57.25,57.25,56.54999923706055,56.59000015258789,40.902793884277344,5134600,0.0,0.0
2017-08-11 00:00:00-04:00,56.61000061035156,57.0099983215332,56.40999984741211,56.72999954223633,41.00398635864258,4060500,0.0,0.0
2017-08-14 00:00:00-04:00,56.959999084472656,57.7599983215332,56.70000076293945,57.619998931884766,41.647274017333984,5654300,0.0,0.0
2017-08-15 00:00:00-04:00,57.65999984741211,57.9900016784668,57.5,57.869998931884766,41.827964782714844,5843300,0.0,0.0
2017-08-16 00:00:00-04:00,57.33000183105469,57.689998626708984,56.939998626708984,57.5,41.56053924560547,7881300,0.0,0.0
2017-08-17 00:00:00-04:00,57.47999954223633,57.529998779296875,56.72999954223633,56.77000045776367,41.032901763916016,4393700,0.0,0.0
2017-08-18 00:00:00-04:00,56.68000030517578,56.939998626708984,56.40999984741211,56.41999816894531,40.77992248535156,4809900,0.0,0.0
2017-08-21 00:00:00-04:00,56.41999816894531,56.91999816894531,56.25,56.63999938964844,40.938941955566406,4879400,0.0,0.0
2017-08-22 00:00:00-04:00,56.790000915527344,57.79999923706055,56.650001525878906,57.66999816894531,41.68341064453125,4441000,0.0,0.0
2017-08-23 00:00:00-04:00,57.630001068115234,58.16999816894531,57.43000030517578,57.869998931884766,41.827964782714844,4017400,0.0,0.0
2017-08-24 00:00:00-04:00,57.97999954223633,58.34000015258789,57.79999923706055,58.16999816894531,42.0448112487793,4471000,0.0,0.0
2017-08-25 00:00:00-04:00,58.290000915527344,58.66999816894531,58.18000030517578,58.369998931884766,42.18936538696289,4070300,0.0,0.0
2017-08-28 00:00:00-04:00,58.63999938964844,58.88999938964844,58.45000076293945,58.58000183105469,42.341156005859375,3292300,0.0,0.0
2017-08-29 00:00:00-04:00,58.349998474121094,59.02000045776367,58.18000030517578,58.86000061035156,42.543540954589844,3983700,0.0,0.0
2017-08-30 00:00:00-04:00,58.869998931884766,59.70000076293945,58.81999969482422,59.380001068115234,42.91939163208008,5327800,0.0,0.0
2017-08-31 00:00:00-04:00,59.630001068115234,60.75,59.61000061035156,60.47999954223633,43.71446228027344,9716900,0.0,0.0
2017-09-01 00:00:00-04:00,60.36000061035156,60.650001525878906,59.720001220703125,59.900001525878906,43.29523849487305,6283700,0.0,0.0
2017-09-05 00:00:00-04:00,59.540000915527344,60.220001220703125,59.38999938964844,59.810001373291016,43.23020553588867,4310400,0.0,0.0
2017-09-06 00:00:00-04:00,60.0,60.290000915527344,59.77000045776367,59.869998931884766,43.27355194091797,5389300,0.0,0.0
2017-09-07 00:00:00-04:00,60.5,63.470001220703125,60.4900016784668,62.84000015258789,45.42025375366211,17301900,0.0,0.0
2017-09-08 00:00:00-04:00,62.7400016784668,63.18000030517578,62.22999954223633,62.619998931884766,45.261234283447266,6579300,0.0,0.0
2017-09-11 00:00:00-04:00,62.619998931884766,63.13999938964844,62.13999938964844,62.720001220703125,45.33351516723633,6086500,0.0,0.0
2017-09-12 00:00:00-04:00,62.439998626708984,63.09000015258789,62.41999816894531,63.02000045776367,45.550357818603516,4780700,0.0,0.0
2017-09-13 00:00:00-04:00,62.880001068115234,63.08000183105469,62.22999954223633,62.47999954223633,45.160057067871094,4357000,0.0,0.0
2017-09-14 00:00:00-04:00,62.380001068115234,63.11000061035156,62.31999969482422,62.689998626708984,45.311832427978516,5347100,0.0,0.0
2017-09-15 00:00:00-04:00,62.900001525878906,63.380001068115234,62.310001373291016,62.47999954223633,45.160057067871094,10407600,0.0,0.0
2017-09-18 00:00:00-04:00,62.4900016784668,63.209999084472656,62.27000045776367,62.70000076293945,45.31905746459961,6975900,0.0,0.0
2017-09-19 00:00:00-04:00,62.70000076293945,63.130001068115234,62.59000015258789,62.93000030517578,45.48530197143555,4844300,0.0,0.0
2017-09-20 00:00:00-04:00,62.91999816894531,63.720001220703125,62.720001220703125,63.4900016784668,45.89006423950195,5561300,0.0,0.0
2017-09-21 00:00:00-04:00,63.349998474121094,63.7400016784668,63.029998779296875,63.33000183105469,45.774410247802734,5250100,0.0,0.0
2017-09-22 00:00:00-04:00,63.33000183105469,63.54999923706055,63.040000915527344,63.36000061035156,45.79610061645508,3667700,0.0,0.0
2017-09-25 00:00:00-04:00,63.33000183105469,63.689998626708984,63.060001373291016,63.189998626708984,45.673221588134766,5959000,0.0,0.0
2017-09-26 00:00:00-04:00,63.119998931884766,63.599998474121094,62.810001373291016,62.93000030517578,45.48530197143555,3497900,0.0,0.0
2017-09-27 00:00:00-04:00,62.779998779296875,63.150001525878906,62.56999969482422,62.95000076293945,45.4997673034668,4674200,0.0,0.0
2017-09-28 00:00:00-04:00,62.790000915527344,63.459999084472656,62.59000015258789,63.0099983215332,45.54312515258789,5842500,0.0,0.0
2017-09-29 00:00:00-04:00,63.15999984741211,63.75,63.060001373291016,63.7400016784668,46.07076644897461,5404300,0.0,0.0
2017-10-02 00:00:00-04:00,63.79999923706055,64.77999877929688,63.63999938964844,64.55999755859375,46.6634521484375,5991700,0.0,0.0
2017-10-03 00:00:00-04:00,64.41000366210938,64.79000091552734,64.16999816894531,64.29000091552734,46.46830368041992,5056200,0.0,0.0
2017-10-04 00:00:00-04:00,64.47000122070312,64.79000091552734,64.37999725341797,64.73999786376953,46.793556213378906,4583800,0.0,0.0
2017-10-05 00:00:00-04:00,64.22000122070312,64.33999633789062,63.72999954223633,63.79999923706055,46.39360809326172,6091800,0.39,0.0
2017-10-06 00:00:00-04:00,63.88999938964844,65.02999877929688,63.83000183105469,64.80999755859375,47.12807083129883,6161400,0.0,0.0
2017-10-09 00:00:00-04:00,64.76000213623047,64.86000061035156,64.08000183105469,64.1500015258789,46.64812088012695,3267700,0.0,0.0
2017-10-10 00:00:00-04:00,64.23999786376953,65.26000213623047,64.16000366210938,65.12999725341797,47.36076354980469,5008500,0.0,0.0
2017-10-11 00:00:00-04:00,65.12999725341797,65.5,64.93000030517578,65.11000061035156,47.346214294433594,3875600,0.0,0.0
2017-10-12 00:00:00-04:00,65.1500015258789,65.7300033569336,64.9000015258789,65.3499984741211,47.520721435546875,5339700,0.0,0.0
2017-10-13 00:00:00-04:00,65.51000213623047,66.0999984741211,65.13999938964844,65.29000091552734,47.47711181640625,6209100,0.0,0.0
2017-10-16 00:00:00-04:00,64.54000091552734,65.04000091552734,63.310001373291016,63.650001525878906,46.28453063964844,6692600,0.0,0.0
2017-10-17 00:00:00-04:00,63.630001068115234,64.37000274658203,63.40999984741211,64.18000030517578,46.669944763183594,5030800,0.0,0.0
2017-10-18 00:00:00-04:00,64.25,64.69999694824219,63.54999923706055,63.70000076293945,46.32089614868164,5594900,0.0,0.0
2017-10-19 00:00:00-04:00,63.81999969482422,64.69000244140625,63.68000030517578,64.66999816894531,47.026248931884766,4918800,0.0,0.0
2017-10-20 00:00:00-04:00,64.79000091552734,64.98999786376953,64.20999908447266,64.41999816894531,46.84446334838867,5227400,0.0,0.0
2017-10-23 00:00:00-04:00,64.62000274658203,64.69000244140625,63.689998626708984,63.75,46.35724639892578,5990200,0.0,0.0
2017-10-24 00:00:00-04:00,63.75,64.05000305175781,63.36000061035156,63.650001525878906,46.28453063964844,6197600,0.0,0.0
2017-10-25 00:00:00-04:00,63.459999084472656,64.55999755859375,63.40999984741211,64.0,46.53904724121094,6202900,0.0,0.0
2017-10-26 00:00:00-04:00,62.5099983215332,63.25,60.400001525878906,60.95000076293945,44.321163177490234,13116300,0.0,0.0
2017-10-27 00:00:00-04:00,60.97999954223633,61.689998626708984,59.790000915527344,59.939998626708984,43.58671951293945,9539900,0.0,0.0
2017-10-30 00:00:00-04:00,61.09000015258789,61.529998779296875,60.279998779296875,60.84000015258789,44.24117660522461,8443700,0.0,0.0
2017-10-31 00:00:00-04:00,60.939998626708984,61.900001525878906,60.68000030517578,61.65999984741211,44.837459564208984,8234200,0.0,0.0
2017-11-01 00:00:00-04:00,61.86000061035156,62.349998474121094,61.4900016784668,62.15999984741211,45.201045989990234,4713300,0.0,0.0
2017-11-02 00:00:00-04:00,62.150001525878906,62.869998931884766,61.72999954223633,62.22999954223633,45.251956939697266,4058200,0.0,0.0
2017-11-03 00:00:00-04:00,62.08000183105469,62.25,61.79999923706055,62.220001220703125,45.24467468261719,3327100,0.0,0.0
2017-11-06 00:00:00-05:00,62.2400016784668,62.27000045776367,61.279998779296875,61.68000030517578,44.85200881958008,4222600,0.0,0.0
2017-11-07 00:00:00-05:00,61.58000183105469,62.43000030517578,61.45000076293945,61.90999984741211,45.019256591796875,4047200,0.0,0.0
2017-11-08 00:00:00-05:00,61.630001068115234,62.81999969482422,61.630001068115234,62.58000183105469,45.506465911865234,4535400,0.0,0.0
2017-11-09 00:00:00-05:00,62.209999084472656,62.349998474121094,61.7599983215332,61.9900016784668,45.077430725097656,3671400,0.0,0.0
2017-11-10 00:00:00-05:00,61.75,61.75,60.34000015258789,60.86000061035156,44.2557258605957,5592100,0.0,0.0
2017-11-13 00:00:00-05:00,60.70000076293945,61.209999084472656,60.5,60.9900016784668,44.35025405883789,4222600,0.0,0.0
2017-11-14 00:00:00-05:00,60.959999084472656,61.650001525878906,60.66999816894531,61.25,44.539310455322266,3986900,0.0,0.0
2017-11-15 00:00:00-05:00,61.2599983215332,61.279998779296875,60.529998779296875,61.06999969482422,44.40843963623047,3349200,0.0,0.0
2017-11-16 00:00:00-05:00,61.25,61.970001220703125,61.0099983215332,61.869998931884766,44.990169525146484,4286200,0.0,0.0
2017-11-17 00:00:00-05:00,61.560001373291016,61.900001525878906,60.9900016784668,61.31999969482422,44.5902214050293,4147900,0.0,0.0
2017-11-20 00:00:00-05:00,61.16999816894531,61.220001220703125,60.150001525878906,60.79999923706055,44.21208953857422,4902700,0.0,0.0
2017-11-21 00:00:00-05:00,61.20000076293945,61.7400016784668,60.97999954223633,61.2400016784668,44.532039642333984,3968000,0.0,0.0
2017-11-22 00:00:00-05:00,61.279998779296875,61.77000045776367,61.0,61.13999938964844,44.45933532714844,3192200,0.0,0.0
2017-11-24 00:00:00-05:00,61.150001525878906,61.61000061035156,61.029998779296875,61.43000030517578,44.67021560668945,1985700,0.0,0.0
2017-11-27 00:00:00-05:00,61.529998779296875,61.84000015258789,61.34000015258789,61.61000061035156,44.801109313964844,3032600,0.0,0.0
2017-11-28 00:00:00-05:00,61.720001220703125,62.959999084472656,61.61000061035156,62.52000045776367,45.462833404541016,8515700,0.0,0.0
2017-11-29 00:00:00-05:00,62.43000030517578,63.38999938964844,61.900001525878906,62.900001525878906,45.73914337158203,5064200,0.0,0.0
2017-11-30 00:00:00-05:00,63.09000015258789,63.79999923706055,62.529998779296875,63.189998626708984,45.95003890991211,8050700,0.0,0.0
2017-12-01 00:00:00-05:00,63.15999984741211,63.619998931884766,62.439998626708984,63.2400016784668,45.98639678955078,4186200,0.0,0.0
2017-12-04 00:00:00-05:00,63.16999816894531,63.869998931884766,62.439998626708984,62.470001220703125,45.42647171020508,4893900,0.0,0.0
2017-12-05 00:00:00-05:00,62.65999984741211,63.0,61.630001068115234,62.02000045776367,45.099246978759766,4828800,0.0,0.0
2017-12-06 00:00:00-05:00,62.09000015258789,62.290000915527344,60.83000183105469,60.970001220703125,44.33571243286133,4758700,0.0,0.0
2017-12-07 00:00:00-05:00,60.959999084472656,61.88999938964844,60.959999084472656,61.84000015258789,44.96836471557617,5140500,0.0,0.0
2017-12-08 00:00:00-05:00,61.81999969482422,62.720001220703125,61.68000030517578,62.41999816894531,45.390113830566406,5310000,0.0,0.0
2017-12-11 00:00:00-05:00,62.220001220703125,63.40999984741211,62.09000015258789,63.02000045776367,45.826416015625,4502900,0.0,0.0
2017-12-12 00:00:00-05:00,63.189998626708984,63.650001525878906,63.189998626708984,63.279998779296875,46.01548767089844,4832400,0.0,0.0
2017-12-13 00:00:00-05:00,63.13999938964844,63.970001220703125,63.0,63.470001220703125,46.153648376464844,4352400,0.0,0.0
2017-12-14 00:00:00-05:00,63.47999954223633,63.52000045776367,61.720001220703125,62.130001068115234,45.17924880981445,5507900,0.0,0.0
2017-12-15 00:00:00-05:00,62.56999969482422,62.84000015258789,61.970001220703125,62.40999984741211,45.38284683227539,8856800,0.0,0.0
2017-12-18 00:00:00-05:00,62.58000183105469,62.75,62.18000030517578,62.400001525878906,45.37558364868164,5608900,0.0,0.0
2017-12-19 00:00:00-05:00,62.63999938964844,62.7599983215332,61.52000045776367,61.560001373291016,44.76474380493164,5546000,0.0,0.0
2017-12-20 00:00:00-05:00,61.56999969482422,61.75,60.59000015258789,61.20000076293945,44.50296401977539,6980300,0.0,0.0
2017-12-21 00:00:00-05:00,61.45000076293945,61.79999923706055,61.029998779296875,61.5,44.72111129760742,6195600,0.0,0.0
2017-12-22 00:00:00-05:00,61.47999954223633,61.709999084472656,60.599998474121094,60.959999084472656,44.32844161987305,5477200,0.0,0.0
2017-12-26 00:00:00-05:00,60.97999954223633,61.54999923706055,60.959999084472656,61.2599983215332,44.54659652709961,3673500,0.0,0.0
2017-12-27 00:00:00-05:00,61.349998474121094,62.02000045776367,61.29999923706055,61.68000030517578,44.85200881958008,3722300,0.0,0.0
2017-12-28 00:00:00-05:00,61.599998474121094,61.849998474121094,61.369998931884766,61.77000045776367,44.917442321777344,2500500,0.0,0.0
2017-12-29 00:00:00-05:00,61.970001220703125,62.2599983215332,61.2599983215332,61.279998779296875,44.561134338378906,3953500,0.0,0.0
2018-01-02 00:00:00-05:00,61.400001525878906,61.5099983215332,60.84000015258789,61.310001373291016,44.58295822143555,6472700,0.0,0.0
2018-01-03 00:00:00-05:00,61.209999084472656,61.5099983215332,60.70000076293945,61.36000061035156,44.61930465698242,7433500,0.0,0.0
2018-01-04 00:00:00-05:00,61.0,61.81999969482422,60.779998779296875,61.75,45.19754409790039,6403200,0.4,0.0
2018-01-05 00:00:00-05:00,61.869998931884766,62.18000030517578,61.47999954223633,61.88999938964844,45.300018310546875,6113400,0.0,0.0
2018-01-08 00:00:00-05:00,61.779998779296875,62.20000076293945,61.209999084472656,61.90999984741211,45.31466293334961,4663700,0.0,0.0
2018-01-09 00:00:00-05:00,61.869998931884766,62.099998474121094,61.54999923706055,61.849998474121094,45.27073669433594,5156800,0.0,0.0
2018-01-10 00:00:00-05:00,61.52000045776367,62.06999969482422,61.18000030517578,62.0099983215332,45.38784408569336,5096300,0.0,0.0
2018-01-11 00:00:00-05:00,61.9900016784668,62.52000045776367,61.79999923706055,62.470001220703125,45.724544525146484,6591100,0.0,0.0
2018-01-12 00:00:00-05:00,62.75,63.220001220703125,62.52000045776367,62.810001373291016,45.97340774536133,5489200,0.0,0.0
2018-01-16 00:00:00-05:00,61.75,61.86000061035156,59.41999816894531,59.91999816894531,43.85808181762695,14471700,0.0,0.0
2018-01-17 00:00:00-05:00,60.33000183105469,62.0,60.279998779296875,61.849998474121094,45.27073669433594,10608500,0.0,0.0
2018-01-18 00:00:00-05:00,61.810001373291016,61.900001525878906,61.099998474121094,61.83000183105469,45.256103515625,7904200,0.0,0.0
2018-01-19 00:00:00-05:00,62.099998474121094,62.41999816894531,61.560001373291016,62.279998779296875,45.585487365722656,7490300,0.0,0.0
2018-01-22 00:00:00-05:00,62.290000915527344,63.43000030517578,62.02000045776367,63.279998779296875,46.317420959472656,6748100,0.0,0.0
2018-01-23 00:00:00-05:00,62.9900016784668,63.68000030517578,62.79999923706055,63.43000030517578,46.42721176147461,6459900,0.0,0.0
2018-01-24 00:00:00-05:00,63.709999084472656,64.0,63.13999938964844,63.7599983215332,46.66875457763672,6430000,0.0,0.0
2018-01-25 00:00:00-05:00,64.0,64.26000213623047,63.20000076293945,63.52000045776367,46.493080139160156,6183200,0.0,0.0
2018-01-26 00:00:00-05:00,63.93000030517578,64.7300033569336,63.630001068115234,64.25,47.02740478515625,6727300,0.0,0.0
2018-01-29 00:00:00-05:00,64.12000274658203,64.95999908447266,64.08000183105469,64.43000030517578,47.15916442871094,6763300,0.0,0.0
2018-01-30 00:00:00-05:00,63.93000030517578,64.61000061035156,63.310001373291016,63.959999084472656,46.81513595581055,5848000,0.0,0.0
2018-01-31 00:00:00-05:00,63.959999084472656,64.02999877929688,61.939998626708984,62.599998474121094,45.81969451904297,8886900,0.0,0.0
2018-02-01 00:00:00-05:00,62.18000030517578,62.97999954223633,61.95000076293945,62.79999923706055,45.966087341308594,7133000,0.0,0.0
2018-02-02 00:00:00-05:00,62.88999938964844,64.29000091552734,62.849998474121094,63.47999954223633,46.46381759643555,11719200,0.0,0.0
2018-02-05 00:00:00-05:00,65.43000030517578,65.88999938964844,60.93000030517578,60.959999084472656,44.61930847167969,23181900,0.0,0.0
2018-02-06 00:00:00-05:00,59.83000183105469,61.209999084472656,58.439998626708984,60.900001525878906,44.57539367675781,18286300,0.0,0.0
2018-02-07 00:00:00-05:00,60.63999938964844,62.77000045776367,60.29999923706055,62.630001068115234,45.841651916503906,12176600,0.0,0.0
2018-02-08 00:00:00-05:00,62.54999923706055,64.7699966430664,62.529998779296875,62.689998626708984,45.88556671142578,14961700,0.0,0.0
2018-02-09 00:00:00-05:00,63.29999923706055,63.31999969482422,60.56999969482422,62.70000076293945,45.89289093017578,11158000,0.0,0.0
2018-02-12 00:00:00-05:00,62.95000076293945,63.59000015258789,62.29999923706055,63.15999984741211,46.22958755493164,7502900,0.0,0.0
2018-02-13 00:00:00-05:00,62.79999923706055,64.11000061035156,62.689998626708984,63.869998931884766,46.749267578125,7519100,0.0,0.0
2018-02-14 00:00:00-05:00,63.59000015258789,65.94000244140625,63.27000045776367,65.3499984741211,47.83253860473633,10290600,0.0,0.0
2018-02-15 00:00:00-05:00,67.30999755859375,69.44000244140625,67.18000030517578,68.9800033569336,50.489501953125,15684900,0.0,0.0
2018-02-16 00:00:00-05:00,68.86000061035156,70.05000305175781,68.5199966430664,68.95999908447266,50.4748649597168,10547400,0.0,0.0
2018-02-20 00:00:00-05:00,68.48999786376953,68.83000183105469,67.04000091552734,67.3499984741211,49.29642868041992,8703700,0.0,0.0
2018-02-21 00:00:00-05:00,67.33999633789062,67.75,66.51000213623047,66.52999877929688,48.696231842041016,7046200,0.0,0.0
2018-02-22 00:00:00-05:00,67.0,67.0,65.86000061035156,65.94000244140625,48.264404296875,6528400,0.0,0.0
2018-02-23 00:00:00-05:00,66.16999816894531,68.02999877929688,66.16999816894531,67.94999694824219,49.7356071472168,5240800,0.0,0.0
2018-02-26 00:00:00-05:00,67.98999786376953,68.86000061035156,67.87999725341797,68.62999725341797,50.23331832885742,4229400,0.0,0.0
2018-02-27 00:00:00-05:00,68.54000091552734,68.87999725341797,67.81999969482422,67.83999633789062,49.65507888793945,4398500,0.0,0.0
2018-02-28 00:00:00-05:00,67.8499984741211,67.94000244140625,66.16999816894531,66.19999694824219,48.454708099365234,8363900,0.0,0.0
2018-03-01 00:00:00-05:00,66.0999984741211,66.5199966430664,64.83000183105469,65.69000244140625,48.08140563964844,7801300,0.0,0.0
2018-03-02 00:00:00-05:00,65.44999694824219,66.5,65.12999725341797,66.16999816894531,48.4327278137207,5391400,0.0,0.0
2018-03-05 00:00:00-05:00,65.83000183105469,67.13999938964844,65.5999984741211,66.81999969482422,48.90848159790039,6339600,0.0,0.0
2018-03-06 00:00:00-05:00,67.22000122070312,67.4000015258789,65.19000244140625,65.47000122070312,47.920379638671875,6543400,0.0,0.0
2018-03-07 00:00:00-05:00,64.9000015258789,66.26000213623047,64.69999694824219,66.0999984741211,48.381500244140625,5927600,0.0,0.0
2018-03-08 00:00:00-05:00,66.19999694824219,66.95999908447266,66.08000183105469,66.75,48.85727310180664,3728400,0.0,0.0
2018-03-09 00:00:00-05:00,66.94999694824219,68.05000305175781,66.66999816894531,67.91999816894531,49.71363830566406,6260900,0.0,0.0
2018-03-12 00:00:00-04:00,67.9000015258789,68.18000030517578,67.18000030517578,67.44999694824219,49.36962127685547,5031700,0.0,0.0
2018-03-13 00:00:00-04:00,67.80999755859375,68.22000122070312,66.2699966430664,66.68000030517578,48.80602264404297,5905800,0.0,0.0
2018-03-14 00:00:00-04:00,67.08000183105469,67.26000213623047,66.2699966430664,66.62999725341797,48.76943588256836,4859300,0.0,0.0
2018-03-15 00:00:00-04:00,66.76000213623047,66.93000030517578,66.20999908447266,66.25,48.49129104614258,3422200,0.0,0.0
2018-03-16 00:00:00-04:00,66.18000030517578,67.44000244140625,66.18000030517578,66.5999984741211,48.74748229980469,9506100,0.0,0.0
2018-03-19 00:00:00-04:00,66.62000274658203,66.9800033569336,65.18000030517578,66.06999969482422,48.35955047607422,5553700,0.0,0.0
2018-03-20 00:00:00-04:00,66.37999725341797,67.16000366210938,65.72000122070312,66.43000030517578,48.623046875,6307400,0.0,0.0
2018-03-21 00:00:00-04:00,66.54000091552734,66.98999786376953,66.08999633789062,66.0999984741211,48.381500244140625,4331800,0.0,0.0
2018-03-22 00:00:00-04:00,65.58000183105469,65.88999938964844,63.90999984741211,63.95000076293945,46.807823181152344,6778700,0.0,0.0
2018-03-23 00:00:00-04:00,64.05000305175781,64.05000305175781,61.939998626708984,62.060001373291016,45.42445373535156,8481500,0.0,0.0
2018-03-26 00:00:00-04:00,62.779998779296875,63.56999969482422,61.72999954223633,63.400001525878906,46.40526580810547,6676500,0.0,0.0
2018-03-27 00:00:00-04:00,63.63999938964844,63.66999816894531,61.79999923706055,62.40999984741211,45.680633544921875,6221400,0.0,0.0
2018-03-28 00:00:00-04:00,62.58000183105469,63.36000061035156,62.41999816894531,62.56999969482422,45.79774856567383,5521200,0.0,0.0
2018-03-29 00:00:00-04:00,62.869998931884766,63.75,62.380001068115234,63.25,46.29545974731445,5732300,0.0,0.0
2018-04-02 00:00:00-04:00,62.93000030517578,63.22999954223633,60.72999954223633,62.0,45.38052749633789,6319700,0.0,0.0
2018-04-03 00:00:00-04:00,62.31999969482422,62.86000061035156,61.529998779296875,62.77000045776367,45.944129943847656,6070400,0.0,0.0
2018-04-04 00:00:00-04:00,61.869998931884766,63.22999954223633,61.54999923706055,62.97999954223633,46.09783935546875,5259800,0.0,0.0
2018-04-05 00:00:00-04:00,62.9900016784668,63.189998626708984,62.15999984741211,62.310001373291016,45.89895248413086,3856700,0.4,0.0
2018-04-06 00:00:00-04:00,62.06999969482422,62.130001068115234,59.97999954223633,60.880001068115234,44.845577239990234,6462000,0.0,0.0
2018-04-09 00:00:00-04:00,60.90999984741211,61.040000915527344,58.34000015258789,60.47999954223633,44.550933837890625,10349100,0.0,0.0
2018-04-10 00:00:00-04:00,61.36000061035156,61.47999954223633,60.529998779296875,61.209999084472656,45.08866500854492,6014700,0.0,0.0
2018-04-11 00:00:00-04:00,60.599998474121094,60.77000045776367,59.939998626708984,60.18000030517578,44.329933166503906,7817800,0.0,0.0
2018-04-12 00:00:00-04:00,59.29999923706055,59.310001373291016,57.849998474121094,58.84000015258789,43.342872619628906,14987200,0.0,0.0
2018-04-13 00:00:00-04:00,59.150001525878906,59.279998779296875,57.90999984741211,58.650001525878906,43.20291519165039,11551300,0.0,0.0
2018-04-16 00:00:00-04:00,58.40999984741211,58.66999816894531,52.70000076293945,54.08000183105469,39.8365478515625,34837300,0.0,0.0
2018-04-17 00:00:00-04:00,54.20000076293945,54.22999954223633,52.20000076293945,52.380001068115234,38.584285736083984,27808200,0.0,0.0
2018-04-18 00:00:00-04:00,52.349998474121094,52.849998474121094,52.040000915527344,52.29999923706055,38.525360107421875,14688400,0.0,0.0
2018-04-19 00:00:00-04:00,52.349998474121094,52.540000915527344,51.5099983215332,51.61000061035156,38.017086029052734,17146100,0.0,0.0
2018-04-20 00:00:00-04:00,51.619998931884766,51.849998474121094,51.02000045776367,51.16999816894531,37.692989349365234,11669100,0.0,0.0
2018-04-23 00:00:00-04:00,51.25,51.529998779296875,50.65999984741211,50.900001525878906,37.494083404541016,10409600,0.0,0.0
2018-04-24 00:00:00-04:00,51.02000045776367,51.97999954223633,50.720001220703125,51.58000183105469,37.99498748779297,12137800,0.0,0.0
2018-04-25 00:00:00-04:00,51.47999954223633,51.869998931884766,50.560001373291016,51.7599983215332,38.127586364746094,14309600,0.0,0.0
2018-04-26 00:00:00-04:00,51.529998779296875,52.7599983215332,50.560001373291016,52.040000915527344,38.33383560180664,14220700,0.0,0.0
2018-04-27 00:00:00-04:00,52.33000183105469,52.869998931884766,52.0099983215332,52.27000045776367,38.50326156616211,7201800,0.0,0.0
2018-04-30 00:00:00-04:00,52.66999816894531,52.68000030517578,51.83000183105469,52.130001068115234,38.4001350402832,11437500,0.0,0.0
2018-05-01 00:00:00-04:00,51.97999954223633,52.7400016784668,51.619998931884766,52.689998626708984,38.812644958496094,9821900,0.0,0.0
2018-05-02 00:00:00-04:00,52.36000061035156,52.400001525878906,51.279998779296875,51.5,37.93606185913086,8252000,0.0,0.0
2018-05-03 00:00:00-04:00,51.599998474121094,51.849998474121094,50.7599983215332,51.45000076293945,37.899227142333984,8177500,0.0,0.0
2018-05-04 00:00:00-04:00,51.15999984741211,51.5,50.66999816894531,51.33000183105469,37.81083679199219,6149500,0.0,0.0
2018-05-07 00:00:00-04:00,51.31999969482422,51.68000030517578,51.040000915527344,51.31999969482422,37.80345916748047,6800600,0.0,0.0
2018-05-08 00:00:00-04:00,51.20000076293945,51.20000076293945,49.959999084472656,50.529998779296875,37.221534729003906,12207200,0.0,0.0
2018-05-09 00:00:00-04:00,50.5099983215332,51.209999084472656,50.349998474121094,51.09000015258789,37.6340446472168,11587300,0.0,0.0
2018-05-10 00:00:00-04:00,51.33000183105469,51.709999084472656,51.0,51.150001525878906,37.67823791503906,9126100,0.0,0.0
2018-05-11 00:00:00-04:00,51.380001068115234,52.11000061035156,51.04999923706055,51.86000061035156,38.20124435424805,8987700,0.0,0.0
2018-05-14 00:00:00-04:00,51.939998626708984,52.599998474121094,51.70000076293945,52.02000045776367,38.319114685058594,8716900,0.0,0.0
2018-05-15 00:00:00-04:00,51.95000076293945,52.34000015258789,51.709999084472656,52.29999923706055,38.525360107421875,8133100,0.0,0.0
2018-05-16 00:00:00-04:00,52.45000076293945,52.619998931884766,52.119998931884766,52.209999084472656,38.45905685424805,5417400,0.0,0.0
2018-05-17 00:00:00-04:00,52.04999923706055,53.400001525878906,51.959999084472656,52.7400016784668,38.84947204589844,8097400,0.0,0.0
2018-05-18 00:00:00-04:00,52.880001068115234,53.150001525878906,52.43000030517578,52.709999084472656,38.82735824584961,6440100,0.0,0.0
2018-05-21 00:00:00-04:00,52.06999969482422,52.7599983215332,51.91999816894531,52.2400016784668,38.48115921020508,5440800,0.0,0.0
2018-05-22 00:00:00-04:00,52.279998779296875,52.81999969482422,52.20000076293945,52.34000015258789,38.5548210144043,3782800,0.0,0.0
2018-05-23 00:00:00-04:00,52.34000015258789,52.630001068115234,52.11000061035156,52.5,38.67267990112305,5962200,0.0,0.0
2018-05-24 00:00:00-04:00,52.540000915527344,52.75,52.119998931884766,52.689998626708984,38.812644958496094,4930400,0.0,0.0
2018-05-25 00:00:00-04:00,52.810001373291016,53.0,52.540000915527344,52.77000045776367,38.87157440185547,3735500,0.0,0.0
2018-05-29 00:00:00-04:00,52.369998931884766,52.619998931884766,51.77000045776367,52.27000045776367,38.50326156616211,7711400,0.0,0.0
2018-05-30 00:00:00-04:00,52.47999954223633,53.45000076293945,52.47999954223633,53.02000045776367,39.05571365356445,6455700,0.0,0.0
2018-05-31 00:00:00-04:00,53.13999938964844,53.18000030517578,52.459999084472656,52.619998931884766,38.761077880859375,8862300,0.0,0.0
2018-06-01 00:00:00-04:00,52.90999984741211,53.400001525878906,52.70000076293945,53.130001068115234,39.136756896972656,6115800,0.0,0.0
2018-06-04 00:00:00-04:00,52.33000183105469,52.400001525878906,49.970001220703125,51.45000076293945,37.899227142333984,15081900,0.0,0.0
2018-06-05 00:00:00-04:00,51.400001525878906,52.18000030517578,51.27000045776367,51.91999816894531,38.24543380737305,8081600,0.0,0.0
2018-06-06 00:00:00-04:00,52.0099983215332,52.970001220703125,51.68000030517578,52.91999816894531,38.9820556640625,7211800,0.0,0.0
2018-06-07 00:00:00-04:00,52.95000076293945,53.09000015258789,52.400001525878906,52.619998931884766,38.761077880859375,5723800,0.0,0.0
2018-06-08 00:00:00-04:00,52.619998931884766,53.220001220703125,52.59000015258789,53.15999984741211,39.15885543823242,4687500,0.0,0.0
2018-06-11 00:00:00-04:00,53.29999923706055,53.5,52.86000061035156,53.119998931884766,39.129390716552734,4927200,0.0,0.0
2018-06-12 00:00:00-04:00,53.13999938964844,53.36000061035156,52.97999954223633,53.130001068115234,39.136756896972656,8287300,0.0,0.0
2018-06-13 00:00:00-04:00,53.349998474121094,54.29999923706055,53.2400016784668,53.459999084472656,39.379852294921875,7313300,0.0,0.0
2018-06-14 00:00:00-04:00,53.47999954223633,53.86000061035156,53.11000061035156,53.630001068115234,39.50505828857422,4789100,0.0,0.0
2018-06-15 00:00:00-04:00,54.13999938964844,54.810001373291016,53.86000061035156,54.79999923706055,40.366912841796875,14496700,0.0,0.0
2018-06-18 00:00:00-04:00,54.279998779296875,54.4900016784668,53.5099983215332,53.650001525878906,39.519798278808594,8520800,0.0,0.0
2018-06-19 00:00:00-04:00,53.400001525878906,53.72999954223633,53.040000915527344,53.63999938964844,39.51242446899414,5470700,0.0,0.0
2018-06-20 00:00:00-04:00,53.599998474121094,54.310001373291016,53.560001373291016,54.25,39.96177673339844,6142000,0.0,0.0
2018-06-21 00:00:00-04:00,54.18000030517578,54.38999938964844,53.5,53.939998626708984,39.733428955078125,5844200,0.0,0.0
2018-06-22 00:00:00-04:00,54.650001525878906,55.34000015258789,54.2400016784668,55.13999938964844,40.617366790771484,10218500,0.0,0.0
2018-06-25 00:00:00-04:00,55.0,55.33000183105469,54.25,54.66999816894531,40.271156311035156,7436700,0.0,0.0
2018-06-26 00:00:00-04:00,54.599998474121094,55.2400016784668,54.58000183105469,54.90999984741211,40.44794845581055,8749700,0.0,0.0
2018-06-27 00:00:00-04:00,54.650001525878906,54.810001373291016,54.29999923706055,54.470001220703125,40.12382507324219,9406600,0.0,0.0
2018-06-28 00:00:00-04:00,54.4900016784668,55.63999938964844,54.47999954223633,55.29999923706055,40.7352294921875,10414600,0.0,0.0
2018-06-29 00:00:00-04:00,55.290000915527344,55.849998474121094,55.150001525878906,55.34000015258789,40.76469802856445,7726700,0.0,0.0
2018-07-02 00:00:00-04:00,55.16999816894531,55.2400016784668,54.47999954223633,55.189998626708984,40.65419006347656,5499300,0.0,0.0
2018-07-03 00:00:00-04:00,55.25,56.02000045776367,55.09000015258789,55.650001525878906,40.993045806884766,3933200,0.0,0.0
2018-07-05 00:00:00-04:00,55.43000030517578,56.90999984741211,54.869998931884766,55.95000076293945,41.512420654296875,5349900,0.4,0.0
2018-07-06 00:00:00-04:00,56.220001220703125,56.68000030517578,56.11000061035156,56.560001373291016,41.96501159667969,5157500,0.0,0.0
2018-07-09 00:00:00-04:00,56.63999938964844,56.75,56.29999923706055,56.45000076293945,41.883384704589844,4119300,0.0,0.0
2018-07-10 00:00:00-04:00,56.77000045776367,56.77000045776367,56.0,56.18000030517578,41.683048248291016,3717700,0.0,0.0
2018-07-11 00:00:00-04:00,56.0,56.11000061035156,55.529998779296875,55.75,41.36402893066406,3898000,0.0,0.0
2018-07-12 00:00:00-04:00,56.54999923706055,56.849998474121094,56.189998626708984,56.810001373291016,42.15049362182617,4081500,0.0,0.0
2018-07-13 00:00:00-04:00,56.619998931884766,57.06999969482422,56.529998779296875,56.86000061035156,42.18758773803711,3685100,0.0,0.0
2018-07-16 00:00:00-04:00,56.880001068115234,56.93000030517578,56.209999084472656,56.43000030517578,41.86855697631836,3777400,0.0,0.0
2018-07-17 00:00:00-04:00,56.630001068115234,56.810001373291016,56.40999984741211,56.630001068115234,42.016937255859375,3900600,0.0,0.0
2018-07-18 00:00:00-04:00,56.58000183105469,56.90999984741211,56.290000915527344,56.880001068115234,42.202430725097656,3730300,0.0,0.0
2018-07-19 00:00:00-04:00,56.84000015258789,56.93000030517578,56.08000183105469,56.540000915527344,41.950164794921875,3796900,0.0,0.0
2018-07-20 00:00:00-04:00,56.599998474121094,56.880001068115234,56.41999816894531,56.709999084472656,42.076297760009766,4768400,0.0,0.0
2018-07-23 00:00:00-04:00,56.0099983215332,56.16999816894531,55.45000076293945,55.880001068115234,41.46048355102539,7593900,0.0,0.0
2018-07-24 00:00:00-04:00,56.08000183105469,58.27000045776367,56.040000915527344,58.2599983215332,43.2263298034668,9670400,0.0,0.0
2018-07-25 00:00:00-04:00,58.08000183105469,59.209999084472656,57.95000076293945,59.040000915527344,43.8050537109375,8873700,0.0,0.0
2018-07-26 00:00:00-04:00,60.11000061035156,60.9900016784668,56.08000183105469,57.91999816894531,42.974063873291016,14646200,0.0,0.0
2018-07-27 00:00:00-04:00,58.560001373291016,58.7599983215332,56.83000183105469,56.91999816894531,42.23210144042969,6387000,0.0,0.0
2018-07-30 00:00:00-04:00,56.91999816894531,59.02000045776367,56.81999969482422,58.93000030517578,43.72344207763672,8096600,0.0,0.0
2018-07-31 00:00:00-04:00,59.13999938964844,59.41999816894531,58.40999984741211,58.75,43.58988952636719,6561000,0.0,0.0
2018-08-01 00:00:00-04:00,58.86000061035156,60.189998626708984,58.77000045776367,59.619998931884766,44.23538589477539,7722700,0.0,0.0
2018-08-02 00:00:00-04:00,59.5,59.72999954223633,58.63999938964844,59.27000045776367,43.975704193115234,5852200,0.0,0.0
2018-08-03 00:00:00-04:00,59.150001525878906,59.349998474121094,58.88999938964844,59.15999984741211,43.89408874511719,4666500,0.0,0.0
2018-08-06 00:00:00-04:00,59.029998779296875,59.630001068115234,58.720001220703125,59.38999938964844,44.06473922729492,5524800,0.0,0.0
2018-08-07 00:00:00-04:00,59.380001068115234,59.4900016784668,58.83000183105469,58.97999954223633,43.76054000854492,5123200,0.0,0.0
2018-08-08 00:00:00-04:00,59.34000015258789,60.439998626708984,58.86000061035156,60.16999816894531,44.643470764160156,7005800,0.0,0.0
2018-08-09 00:00:00-04:00,59.77000045776367,60.13999938964844,59.349998474121094,59.529998779296875,44.16861343383789,3998500,0.0,0.0
2018-08-10 00:00:00-04:00,59.619998931884766,59.83000183105469,58.97999954223633,59.310001373291016,44.005374908447266,3535500,0.0,0.0
2018-08-13 00:00:00-04:00,59.20000076293945,59.79999923706055,59.119998931884766,59.41999816894531,44.08699417114258,4797800,0.0,0.0
2018-08-14 00:00:00-04:00,59.29999923706055,60.13999938964844,59.29999923706055,59.959999084472656,44.48765182495117,5212600,0.0,0.0
2018-08-15 00:00:00-04:00,59.869998931884766,60.41999816894531,59.38999938964844,60.2599983215332,44.71023941040039,5214600,0.0,0.0
2018-08-16 00:00:00-04:00,60.279998779296875,61.349998474121094,59.93000030517578,61.11000061035156,45.34090042114258,7285500,0.0,0.0
2018-08-17 00:00:00-04:00,61.29999923706055,61.59000015258789,60.79999923706055,60.88999938964844,45.17767333984375,8868300,0.0,0.0
2018-08-20 00:00:00-04:00,61.11000061035156,61.11000061035156,60.31999969482422,60.31999969482422,44.75475311279297,6186900,0.0,0.0
2018-08-21 00:00:00-04:00,60.40999984741211,60.65999984741211,60.060001373291016,60.08000183105469,44.576698303222656,5098600,0.0,0.0
2018-08-22 00:00:00-04:00,60.119998931884766,60.7400016784668,59.869998931884766,60.56999969482422,44.940250396728516,5556200,0.0,0.0
2018-08-23 00:00:00-04:00,60.540000915527344,60.72999954223633,59.91999816894531,60.09000015258789,44.584102630615234,3416500,0.0,0.0
2018-08-24 00:00:00-04:00,60.099998474121094,60.25,59.63999938964844,59.970001220703125,44.49506759643555,4575700,0.0,0.0
2018-08-27 00:00:00-04:00,60.22999954223633,60.630001068115234,59.959999084472656,60.0099983215332,44.524749755859375,4334400,0.0,0.0
2018-08-28 00:00:00-04:00,59.93000030517578,60.279998779296875,59.68000030517578,60.16999816894531,44.643470764160156,3061900,0.0,0.0
2018-08-29 00:00:00-04:00,60.099998474121094,61.25,60.060001373291016,61.119998931884766,45.34831237792969,4619600,0.0,0.0
2018-08-30 00:00:00-04:00,61.04999923706055,61.22999954223633,60.47999954223633,60.689998626708984,45.029296875,3930200,0.0,0.0
2018-08-31 00:00:00-04:00,60.470001220703125,60.70000076293945,60.209999084472656,60.54999923706055,44.9254035949707,3352400,0.0,0.0
2018-09-04 00:00:00-04:00,60.5,60.689998626708984,59.880001068115234,60.47999954223633,44.87346267700195,4746800,0.0,0.0
2018-09-05 00:00:00-04:00,60.599998474121094,61.310001373291016,60.40999984741211,61.20000076293945,45.40768051147461,6296600,0.0,0.0
2018-09-06 00:00:00-04:00,61.029998779296875,61.380001068115234,60.869998931884766,60.939998626708984,45.21477127075195,4979500,0.0,0.0
2018-09-07 00:00:00-04:00,60.720001220703125,61.40999984741211,60.63999938964844,61.310001373291016,45.48929977416992,3519900,0.0,0.0
2018-09-10 00:00:00-04:00,61.5,61.77000045776367,60.79999923706055,60.86000061035156,45.15541458129883,3963900,0.0,0.0
2018-09-11 00:00:00-04:00,60.849998474121094,61.0099983215332,60.439998626708984,60.4900016784668,44.880889892578125,3585800,0.0,0.0
2018-09-12 00:00:00-04:00,60.529998779296875,60.63999938964844,59.880001068115234,60.33000183105469,44.762176513671875,7025600,0.0,0.0
2018-09-13 00:00:00-04:00,60.70000076293945,60.959999084472656,59.52000045776367,60.790000915527344,45.10348129272461,6119300,0.0,0.0
2018-09-14 00:00:00-04:00,60.66999816894531,60.720001220703125,60.290000915527344,60.689998626708984,45.029296875,3893800,0.0,0.0
2018-09-17 00:00:00-04:00,60.849998474121094,61.5,60.65999984741211,61.29999923706055,45.48187255859375,4430900,0.0,0.0
2018-09-18 00:00:00-04:00,61.18000030517578,61.65999984741211,61.130001068115234,61.47999954223633,45.61542510986328,3703600,0.0,0.0
2018-09-19 00:00:00-04:00,61.540000915527344,62.2400016784668,60.59000015258789,60.79999923706055,45.11089324951172,4449400,0.0,0.0
2018-09-20 00:00:00-04:00,60.83000183105469,61.95000076293945,60.81999969482422,61.75,45.81576156616211,4518200,0.0,0.0
2018-09-21 00:00:00-04:00,61.869998931884766,62.619998931884766,61.75,62.25,46.186729431152344,9010600,0.0,0.0
2018-09-24 00:00:00-04:00,61.9900016784668,62.290000915527344,61.279998779296875,61.59000015258789,45.69704055786133,3938300,0.0,0.0
2018-09-25 00:00:00-04:00,61.81999969482422,62.52000045776367,61.7400016784668,61.81999969482422,45.8676872253418,5904200,0.0,0.0
2018-09-26 00:00:00-04:00,61.880001068115234,62.380001068115234,61.41999816894531,61.619998931884766,45.71929931640625,5842000,0.0,0.0
2018-09-27 00:00:00-04:00,61.65999984741211,62.09000015258789,61.470001220703125,61.95000076293945,45.96414566040039,4708200,0.0,0.0
2018-09-28 00:00:00-04:00,61.95000076293945,62.11000061035156,61.689998626708984,62.08000183105469,46.06059265136719,3691000,0.0,0.0
2018-10-01 00:00:00-04:00,62.369998931884766,62.650001525878906,62.040000915527344,62.099998474121094,46.075439453125,4344000,0.0,0.0
2018-10-02 00:00:00-04:00,62.22999954223633,62.81999969482422,61.91999816894531,62.79999923706055,46.59480667114258,5330100,0.0,0.0
2018-10-03 00:00:00-04:00,62.9900016784668,63.209999084472656,62.31999969482422,62.650001525878906,46.48351287841797,4742500,0.0,0.0
2018-10-04 00:00:00-04:00,62.22999954223633,62.599998474121094,61.900001525878906,62.36000061035156,46.565650939941406,4369000,0.4,0.0
2018-10-05 00:00:00-04:00,62.47999954223633,62.88999938964844,62.119998931884766,62.40999984741211,46.60298538208008,3798200,0.0,0.0
2018-10-08 00:00:00-04:00,62.459999084472656,63.150001525878906,62.209999084472656,62.900001525878906,46.9688835144043,7767500,0.0,0.0
2018-10-09 00:00:00-04:00,62.709999084472656,63.689998626708984,62.470001220703125,63.22999954223633,47.215293884277344,6618700,0.0,0.0
2018-10-10 00:00:00-04:00,62.93000030517578,63.349998474121094,60.75,60.77000045776367,45.37836837768555,10428300,0.0,0.0
2018-10-11 00:00:00-04:00,60.77000045776367,60.77000045776367,57.02000045776367,57.5,42.936580657958984,12540100,0.0,0.0
2018-10-12 00:00:00-04:00,57.810001373291016,57.959999084472656,56.65999984741211,57.5099983215332,42.94404602050781,10713200,0.0,0.0
2018-10-15 00:00:00-04:00,57.70000076293945,58.20000076293945,57.349998474121094,57.61000061035156,43.018707275390625,6356600,0.0,0.0
2018-10-16 00:00:00-04:00,57.93000030517578,58.09000015258789,57.119998931884766,57.83000183105469,43.18299865722656,6445300,0.0,0.0
2018-10-17 00:00:00-04:00,57.93000030517578,59.279998779296875,57.65999984741211,58.900001525878906,43.981990814208984,6546200,0.0,0.0
2018-10-18 00:00:00-04:00,57.5,57.529998779296875,55.70000076293945,55.97999954223633,41.80155563354492,13606400,0.0,0.0
2018-10-19 00:00:00-04:00,55.849998474121094,55.849998474121094,54.290000915527344,54.29999923706055,40.54707336425781,14981800,0.0,0.0
2018-10-22 00:00:00-04:00,51.25,51.900001525878906,50.5099983215332,50.880001068115234,37.99325942993164,24632300,0.0,0.0
2018-10-23 00:00:00-04:00,50.52000045776367,51.029998779296875,49.83000183105469,50.650001525878906,37.821533203125,15370000,0.0,0.0
2018-10-24 00:00:00-04:00,50.70000076293945,51.16999816894531,48.66999816894531,48.83000183105469,36.46248245239258,13583300,0.0,0.0
2018-10-25 00:00:00-04:00,48.83000183105469,50.369998931884766,46.939998626708984,49.209999084472656,36.74623489379883,16207100,0.0,0.0
2018-10-26 00:00:00-04:00,49.209999084472656,51.060001373291016,48.790000915527344,50.43000030517578,37.65725326538086,13671900,0.0,0.0
2018-10-29 00:00:00-04:00,51.18000030517578,51.209999084472656,49.20000076293945,49.72999954223633,37.134544372558594,10028800,0.0,0.0
2018-10-30 00:00:00-04:00,49.720001220703125,50.189998626708984,49.08000183105469,50.02000045776367,37.35108947753906,11263800,0.0,0.0
2018-10-31 00:00:00-04:00,50.400001525878906,51.15999984741211,50.11000061035156,50.540000915527344,37.739383697509766,9516500,0.0,0.0
2018-11-01 00:00:00-04:00,50.68000030517578,52.2400016784668,50.63999938964844,52.130001068115234,38.926673889160156,8305600,0.0,0.0
2018-11-02 00:00:00-04:00,52.459999084472656,52.4900016784668,50.380001068115234,50.689998626708984,37.85139465332031,9236500,0.0,0.0
2018-11-05 00:00:00-05:00,51.310001373291016,52.130001068115234,51.220001220703125,52.029998779296875,38.85200881958008,6803500,0.0,0.0
2018-11-06 00:00:00-05:00,51.970001220703125,52.119998931884766,50.5,51.349998474121094,38.3442268371582,10196700,0.0,0.0
2018-11-07 00:00:00-05:00,51.880001068115234,53.11000061035156,51.880001068115234,52.9900016784668,39.56885528564453,9499800,0.0,0.0
2018-11-08 00:00:00-05:00,53.0099983215332,53.66999816894531,52.619998931884766,52.810001373291016,39.434452056884766,6982900,0.0,0.0
2018-11-09 00:00:00-05:00,52.79999923706055,53.619998931884766,52.599998474121094,53.38999938964844,39.8675422668457,8107400,0.0,0.0
2018-11-12 00:00:00-05:00,53.36000061035156,53.529998779296875,52.70000076293945,52.849998474121094,39.464317321777344,6259800,0.0,0.0
2018-11-13 00:00:00-05:00,53.02000045776367,53.31999969482422,52.29999923706055,52.59000015258789,39.270164489746094,4586600,0.0,0.0
2018-11-14 00:00:00-05:00,52.88999938964844,52.939998626708984,52.279998779296875,52.59000015258789,39.270164489746094,6382400,0.0,0.0
2018-11-15 00:00:00-05:00,52.150001525878906,53.349998474121094,51.709999084472656,53.27000045776367,39.7779426574707,7628100,0.0,0.0
2018-11-16 00:00:00-05:00,53.59000015258789,54.810001373291016,53.43000030517578,54.06999969482422,40.37531280517578,10125900,0.0,0.0
2018-11-19 00:00:00-05:00,53.959999084472656,54.130001068115234,52.9900016784668,53.47999954223633,39.934749603271484,11082700,0.0,0.0
2018-11-20 00:00:00-05:00,53.0099983215332,53.810001373291016,52.900001525878906,53.52000045776367,39.964622497558594,12617900,0.0,0.0
2018-11-21 00:00:00-05:00,53.79999923706055,53.880001068115234,52.95000076293945,53.20000076293945,39.725669860839844,6934600,0.0,0.0
2018-11-23 00:00:00-05:00,52.97999954223633,53.439998626708984,52.68000030517578,52.93000030517578,39.524051666259766,2328100,0.0,0.0
2018-11-26 00:00:00-05:00,53.38999938964844,53.470001220703125,52.349998474121094,52.72999954223633,39.37470626831055,6750500,0.0,0.0
2018-11-27 00:00:00-05:00,50.689998626708984,51.25,49.86000061035156,51.150001525878906,38.194889068603516,16857900,0.0,0.0
2018-11-28 00:00:00-05:00,51.45000076293945,52.33000183105469,51.2599983215332,52.0,38.82960510253906,7995000,0.0,0.0
2018-11-29 00:00:00-05:00,51.9900016784668,52.369998931884766,51.380001068115234,51.81999969482422,38.69519805908203,7466300,0.0,0.0
2018-11-30 00:00:00-05:00,51.79999923706055,53.47999954223633,51.75,53.459999084472656,39.91981506347656,13932100,0.0,0.0
2018-12-03 00:00:00-05:00,53.58000183105469,53.9900016784668,52.95000076293945,53.279998779296875,39.785400390625,9599900,0.0,0.0
2018-12-04 00:00:00-05:00,53.41999816894531,53.83000183105469,51.95000076293945,52.029998779296875,38.85200881958008,9190000,0.0,0.0
2018-12-06 00:00:00-05:00,52.15999984741211,53.25,51.65999984741211,53.25,39.763004302978516,11399100,0.0,0.0
2018-12-07 00:00:00-05:00,53.22999954223633,53.79999923706055,52.75,53.08000183105469,39.63606262207031,10462900,0.0,0.0
2018-12-10 00:00:00-05:00,53.25,53.290000915527344,51.369998931884766,52.58000183105469,39.262699127197266,8036900,0.0,0.0
2018-12-11 00:00:00-05:00,53.06999969482422,53.16999816894531,51.91999816894531,52.43000030517578,39.15068817138672,8788900,0.0,0.0
2018-12-12 00:00:00-05:00,53.0,54.25,52.959999084472656,53.439998626708984,39.90488052368164,7447200,0.0,0.0
2018-12-13 00:00:00-05:00,53.5099983215332,53.939998626708984,53.310001373291016,53.63999938964844,40.054222106933594,8455600,0.0,0.0
2018-12-14 00:00:00-05:00,53.209999084472656,53.2599983215332,51.93000030517578,52.119998931884766,38.91920471191406,10708000,0.0,0.0
2018-12-17 00:00:00-05:00,51.93000030517578,52.439998626708984,50.7599983215332,50.91999816894531,38.02313995361328,12517400,0.0,0.0
2018-12-18 00:00:00-05:00,51.36000061035156,52.04999923706055,51.060001373291016,51.560001373291016,38.50104522705078,8410200,0.0,0.0
2018-12-19 00:00:00-05:00,51.849998474121094,52.0,49.86000061035156,50.38999938964844,37.62738037109375,7811000,0.0,0.0
2018-12-20 00:00:00-05:00,50.25,50.59000015258789,49.75,50.060001373291016,37.380950927734375,10182000,0.0,0.0
2018-12-21 00:00:00-05:00,50.220001220703125,51.380001068115234,49.630001068115234,49.81999969482422,37.201744079589844,14465400,0.0,0.0
2018-12-24 00:00:00-05:00,49.459999084472656,49.689998626708984,48.75,48.7599983215332,36.41021728515625,5580800,0.0,0.0
2018-12-26 00:00:00-05:00,48.810001373291016,50.099998474121094,47.88999938964844,50.029998779296875,37.358558654785156,8389800,0.0,0.0
2018-12-27 00:00:00-05:00,49.63999938964844,50.40999984741211,48.720001220703125,50.40999984741211,37.64231491088867,7919100,0.0,0.0
2018-12-28 00:00:00-05:00,50.61000061035156,51.70000076293945,50.5,50.939998626708984,38.03807067871094,7686400,0.0,0.0
2018-12-31 00:00:00-05:00,51.06999969482422,52.0099983215332,51.029998779296875,51.97999954223633,38.81467056274414,7369800,0.0,0.0
2019-01-02 00:00:00-05:00,51.34000015258789,52.84000015258789,51.34000015258789,52.43000030517578,39.15068817138672,8441300,0.0,0.0
2019-01-03 00:00:00-05:00,46.91999816894531,47.619998931884766,44.29999923706055,45.119998931884766,33.95770263671875,80351600,0.41,0.0
2019-01-04 00:00:00-05:00,45.880001068115234,47.54999923706055,45.86000061035156,46.88999938964844,35.28981018066406,47515800,0.0,0.0
2019-01-07 00:00:00-05:00,47.040000915527344,48.7400016784668,46.36000061035156,48.40999984741211,36.433773040771484,26805000,0.0,0.0
2019-01-08 00:00:00-05:00,48.779998779296875,48.880001068115234,47.0,47.9900016784668,36.11768341064453,16415900,0.0,0.0
2019-01-09 00:00:00-05:00,48.0,48.0,46.7400016784668,47.18000030517578,35.50807571411133,19719600,0.0,0.0
2019-01-10 00:00:00-05:00,47.08000183105469,48.0099983215332,46.41999816894531,47.720001220703125,35.914485931396484,24947800,0.0,0.0
2019-01-11 00:00:00-05:00,47.5,48.02000045776367,47.099998474121094,47.9900016784668,36.11768341064453,12470900,0.0,0.0
2019-01-14 00:00:00-05:00,48.29999923706055,48.369998931884766,47.58000183105469,47.970001220703125,36.10263442993164,18295900,0.0,0.0
2019-01-15 00:00:00-05:00,48.290000915527344,49.83000183105469,48.0,49.720001220703125,37.41969299316406,23116600,0.0,0.0
2019-01-16 00:00:00-05:00,49.650001525878906,50.2599983215332,49.099998474121094,49.130001068115234,36.97565841674805,14961200,0.0,0.0
2019-01-17 00:00:00-05:00,49.15999984741211,49.88999938964844,48.470001220703125,49.599998474121094,37.329376220703125,21202400,0.0,0.0
2019-01-18 00:00:00-05:00,49.779998779296875,50.33000183105469,48.939998626708984,50.119998931884766,37.720741271972656,20409900,0.0,0.0
2019-01-22 00:00:00-05:00,49.779998779296875,49.79999923706055,49.029998779296875,49.720001220703125,37.41969299316406,17123000,0.0,0.0
2019-01-23 00:00:00-05:00,50.029998779296875,50.400001525878906,49.599998474121094,49.959999084472656,37.60030746459961,15683500,0.0,0.0
2019-01-24 00:00:00-05:00,48.75,50.5,48.29999923706055,49.02000045776367,36.89286422729492,20224500,0.0,0.0
2019-01-25 00:00:00-05:00,49.56999969482422,50.099998474121094,48.459999084472656,48.93000030517578,36.825130462646484,19652100,0.0,0.0
2019-01-28 00:00:00-05:00,48.66999816894531,48.83000183105469,48.13999938964844,48.31999969482422,36.36604309082031,9723500,0.0,0.0
2019-01-29 00:00:00-05:00,48.29999923706055,48.650001525878906,47.880001068115234,48.31999969482422,36.36604309082031,10883100,0.0,0.0
2019-01-30 00:00:00-05:00,48.779998779296875,49.209999084472656,48.18000030517578,48.86000061035156,36.77244186401367,10567500,0.0,0.0
2019-01-31 00:00:00-05:00,49.09000015258789,49.54999923706055,48.65999984741211,49.369998931884766,37.15626525878906,12945500,0.0,0.0
2019-02-01 00:00:00-05:00,49.0099983215332,50.040000915527344,48.58000183105469,49.88999938964844,37.54764175415039,18512100,0.0,0.0
2019-02-04 00:00:00-05:00,50.81999969482422,50.900001525878906,49.58000183105469,50.849998474121094,38.270137786865234,26142100,0.0,0.0
2019-02-05 00:00:00-05:00,51.02000045776367,51.06999969482422,50.09000015258789,50.150001525878906,37.743309020996094,15028000,0.0,0.0
2019-02-06 00:00:00-05:00,50.040000915527344,51.220001220703125,50.0,51.13999938964844,38.4884033203125,13101200,0.0,0.0
2019-02-07 00:00:00-05:00,50.75,50.77000045776367,49.779998779296875,50.04999923706055,37.668060302734375,10644200,0.0,0.0
2019-02-08 00:00:00-05:00,49.709999084472656,50.25,49.58000183105469,50.220001220703125,37.79600524902344,9618800,0.0,0.0
2019-02-11 00:00:00-05:00,50.220001220703125,50.31999969482422,49.58000183105469,50.099998474121094,37.70568084716797,14105600,0.0,0.0
2019-02-12 00:00:00-05:00,50.380001068115234,50.45000076293945,49.5099983215332,49.709999084472656,37.41217041015625,13815500,0.0,0.0
2019-02-13 00:00:00-05:00,49.849998474121094,51.189998626708984,49.709999084472656,50.97999954223633,38.36798095703125,14606500,0.0,0.0
2019-02-14 00:00:00-05:00,51.060001373291016,51.36000061035156,50.5099983215332,50.83000183105469,38.25507736206055,17855300,0.0,0.0
2019-02-15 00:00:00-05:00,51.41999816894531,51.869998931884766,50.91999816894531,51.66999816894531,38.88727569580078,15449600,0.0,0.0
2019-02-19 00:00:00-05:00,51.68000030517578,52.02000045776367,51.2599983215332,51.36000061035156,38.65397262573242,9732700,0.0,0.0
2019-02-20 00:00:00-05:00,51.349998474121094,51.88999938964844,50.75,51.29999923706055,38.60881423950195,21470600,0.0,0.0
2019-02-21 00:00:00-05:00,51.08000183105469,52.79999923706055,50.09000015258789,50.130001068115234,37.72825622558594,25947000,0.0,0.0
2019-02-22 00:00:00-05:00,50.439998626708984,51.040000915527344,50.130001068115234,50.97999954223633,38.36798095703125,14910200,0.0,0.0
2019-02-25 00:00:00-05:00,51.150001525878906,51.150001525878906,50.56999969482422,50.650001525878906,38.11962127685547,10551500,0.0,0.0
2019-02-26 00:00:00-05:00,50.599998474121094,50.86000061035156,50.09000015258789,50.15999984741211,37.75084686279297,12319500,0.0,0.0
2019-02-27 00:00:00-05:00,50.0,51.13999938964844,49.95000076293945,50.959999084472656,38.35293197631836,17453600,0.0,0.0
2019-02-28 00:00:00-05:00,51.86000061035156,52.619998931884766,51.08000183105469,51.65999984741211,38.8797492980957,80889800,0.0,0.0
2019-03-01 00:00:00-05:00,51.66999816894531,53.279998779296875,51.5099983215332,53.220001220703125,40.05381393432617,34760700,0.0,0.0
2019-03-04 00:00:00-05:00,53.20000076293945,53.27000045776367,52.5099983215332,53.04999923706055,39.92587661743164,20534600,0.0,0.0
2019-03-05 00:00:00-05:00,53.13999938964844,54.380001068115234,52.91999816894531,53.79999923706055,40.490325927734375,23848200,0.0,0.0
2019-03-06 00:00:00-05:00,53.810001373291016,54.0,52.650001525878906,52.88999938964844,39.80546188354492,23652800,0.0,0.0
2019-03-07 00:00:00-05:00,52.70000076293945,52.81999969482422,51.220001220703125,51.5099983215332,38.766849517822266,19096800,0.0,0.0
2019-03-08 00:00:00-05:00,51.09000015258789,51.40999984741211,50.36000061035156,51.38999938964844,38.676551818847656,18674900,0.0,0.0
2019-03-11 00:00:00-04:00,51.38999938964844,51.54999923706055,50.540000915527344,50.900001525878906,38.30777359008789,13960600,0.0,0.0
2019-03-12 00:00:00-04:00,50.90999984741211,51.09000015258789,50.349998474121094,50.380001068115234,37.916412353515625,12772700,0.0,0.0
2019-03-13 00:00:00-04:00,50.52000045776367,51.029998779296875,50.310001373291016,50.970001220703125,38.36045837402344,12357700,0.0,0.0
2019-03-14 00:00:00-04:00,51.0,51.2400016784668,48.790000915527344,49.88999938964844,37.54764175415039,31496100,0.0,0.0
2019-03-15 00:00:00-04:00,49.880001068115234,50.09000015258789,48.84000015258789,49.959999084472656,37.60030746459961,27370700,0.0,0.0
2019-03-18 00:00:00-04:00,50.0,50.11000061035156,49.630001068115234,49.86000061035156,37.525062561035156,11628200,0.0,0.0
2019-03-19 00:00:00-04:00,50.0099983215332,50.11000061035156,49.470001220703125,49.599998474121094,37.329376220703125,11656500,0.0,0.0
2019-03-20 00:00:00-04:00,49.70000076293945,49.70000076293945,48.54999923706055,49.189998626708984,37.02082443237305,17438200,0.0,0.0
2019-03-21 00:00:00-04:00,49.130001068115234,49.22999954223633,48.72999954223633,48.91999816894531,36.817604064941406,13308400,0.0,0.0
2019-03-22 00:00:00-04:00,48.779998779296875,49.060001373291016,48.150001525878906,48.15999984741211,36.24562454223633,14120000,0.0,0.0
2019-03-25 00:00:00-04:00,48.150001525878906,48.20000076293945,47.38999938964844,47.4900016784668,35.74137496948242,12968600,0.0,0.0
2019-03-26 00:00:00-04:00,47.86000061035156,48.439998626708984,47.790000915527344,48.34000015258789,36.38109588623047,16679700,0.0,0.0
2019-03-27 00:00:00-04:00,48.2599983215332,49.099998474121094,47.959999084472656,47.97999954223633,36.11015701293945,19695800,0.0,0.0
2019-03-28 00:00:00-04:00,48.279998779296875,48.5099983215332,47.779998779296875,47.84000015258789,36.00478744506836,16788400,0.0,0.0
2019-03-29 00:00:00-04:00,46.7400016784668,48.29999923706055,46.52000045776367,47.709999084472656,35.90694808959961,49293100,0.0,0.0
2019-04-01 00:00:00-04:00,48.04999923706055,48.099998474121094,46.75,47.09000015258789,35.44032669067383,21242500,0.0,0.0
2019-04-02 00:00:00-04:00,47.119998931884766,47.439998626708984,46.689998626708984,46.70000076293945,35.14681625366211,15098100,0.0,0.0
2019-04-03 00:00:00-04:00,47.08000183105469,47.470001220703125,46.34000015258789,46.880001068115234,35.282283782958984,21744000,0.0,0.0
2019-04-04 00:00:00-04:00,46.63999938964844,46.7400016784668,46.16999816894531,46.66999816894531,35.43414306640625,17925900,0.41,0.0
2019-04-05 00:00:00-04:00,46.880001068115234,47.099998474121094,46.5099983215332,46.63999938964844,35.41135787963867,16044300,0.0,0.0
2019-04-08 00:00:00-04:00,46.70000076293945,46.88999938964844,46.529998779296875,46.790000915527344,35.52524948120117,15953300,0.0,0.0
2019-04-09 00:00:00-04:00,46.599998474121094,46.66999816894531,45.880001068115234,45.97999954223633,34.910255432128906,16073400,0.0,0.0
2019-04-10 00:00:00-04:00,45.97999954223633,46.31999969482422,45.709999084472656,45.88999938964844,34.84192657470703,13083700,0.0,0.0
2019-04-11 00:00:00-04:00,46.11000061035156,46.33000183105469,45.43000030517578,46.09000015258789,34.993778228759766,19846100,0.0,0.0
2019-04-12 00:00:00-04:00,46.40999984741211,46.41999816894531,45.400001525878906,45.56999969482422,34.59895706176758,25363500,0.0,0.0
2019-04-15 00:00:00-04:00,45.83000183105469,46.709999084472656,45.650001525878906,46.5,35.30506896972656,20263700,0.0,0.0
2019-04-16 00:00:00-04:00,46.84000015258789,46.88999938964844,45.97999954223633,46.02000045776367,34.94062805175781,21336600,0.0,0.0
2019-04-17 00:00:00-04:00,46.16999816894531,46.20000076293945,45.43000030517578,45.79999923706055,34.77359390258789,20085500,0.0,0.0
2019-04-18 00:00:00-04:00,46.04999923706055,46.130001068115234,45.029998779296875,45.52000045776367,34.560997009277344,23633800,0.0,0.0
2019-04-22 00:00:00-04:00,45.34000015258789,45.650001525878906,44.900001525878906,45.2400016784668,34.348411560058594,15747900,0.0,0.0
2019-04-23 00:00:00-04:00,45.34000015258789,45.540000915527344,44.95000076293945,45.31999969482422,34.40915298461914,14386000,0.0,0.0
2019-04-24 00:00:00-04:00,45.5099983215332,45.54999923706055,44.61000061035156,44.619998931884766,33.8776741027832,15062000,0.0,0.0
2019-04-25 00:00:00-04:00,45.04999923706055,45.75,44.540000915527344,45.63999938964844,34.652103424072266,17288000,0.0,0.0
2019-04-26 00:00:00-04:00,46.08000183105469,46.150001525878906,45.2599983215332,45.88999938964844,34.84192657470703,13671800,0.0,0.0
2019-04-29 00:00:00-04:00,45.779998779296875,46.779998779296875,45.77000045776367,46.31999969482422,35.16839599609375,15735800,0.0,0.0
2019-04-30 00:00:00-04:00,46.47999954223633,46.58000183105469,46.0,46.43000030517578,35.251914978027344,14162500,0.0,0.0
2019-05-01 00:00:00-04:00,46.31999969482422,49.810001373291016,45.849998474121094,46.58000183105469,35.36579895019531,18282300,0.0,0.0
2019-05-02 00:00:00-04:00,46.779998779296875,47.06999969482422,46.5099983215332,46.880001068115234,35.59357452392578,12676400,0.0,0.0
2019-05-03 00:00:00-04:00,47.369998931884766,48.79999923706055,47.27000045776367,48.619998931884766,36.914669036865234,24355100,0.0,0.0
2019-05-06 00:00:00-04:00,47.790000915527344,48.20000076293945,47.59000015258789,48.099998474121094,36.51986312866211,14481200,0.0,0.0
2019-05-07 00:00:00-04:00,47.75,47.91999816894531,46.93000030517578,47.220001220703125,35.85172653198242,13189700,0.0,0.0
2019-05-08 00:00:00-04:00,47.09000015258789,47.68000030517578,46.810001373291016,47.45000076293945,36.02634811401367,13207600,0.0,0.0
2019-05-09 00:00:00-04:00,47.16999816894531,47.380001068115234,46.7599983215332,47.22999954223633,35.859310150146484,13886300,0.0,0.0
2019-05-10 00:00:00-04:00,46.900001525878906,47.31999969482422,46.22999954223633,47.0099983215332,35.69227981567383,12019900,0.0,0.0
2019-05-13 00:00:00-04:00,46.349998474121094,46.59000015258789,45.83000183105469,45.900001525878906,34.849510192871094,15454000,0.0,0.0
2019-05-14 00:00:00-04:00,46.09000015258789,46.439998626708984,45.880001068115234,45.90999984741211,34.85710144042969,12971100,0.0,0.0
2019-05-15 00:00:00-04:00,45.619998931884766,46.75,45.529998779296875,46.630001068115234,35.40376281738281,10143300,0.0,0.0
2019-05-16 00:00:00-04:00,46.70000076293945,47.84000015258789,46.65999984741211,47.119998931884766,35.775794982910156,15378100,0.0,0.0
2019-05-17 00:00:00-04:00,46.689998626708984,47.22999954223633,46.59000015258789,46.849998474121094,35.570804595947266,10144900,0.0,0.0
2019-05-20 00:00:00-04:00,46.380001068115234,46.58000183105469,46.099998474121094,46.310001373291016,35.16080856323242,11081000,0.0,0.0
2019-05-21 00:00:00-04:00,46.54999923706055,47.459999084472656,46.47999954223633,47.43000030517578,36.01116943359375,12018800,0.0,0.0
2019-05-22 00:00:00-04:00,47.459999084472656,47.81999969482422,47.06999969482422,47.7400016784668,36.24653244018555,9222200,0.0,0.0
2019-05-23 00:00:00-04:00,47.5099983215332,47.63999938964844,46.88999938964844,47.29999923706055,35.912452697753906,10834500,0.0,0.0
2019-05-24 00:00:00-04:00,47.400001525878906,47.540000915527344,46.779998779296875,46.810001373291016,35.54042434692383,9468900,0.0,0.0
2019-05-28 00:00:00-04:00,47.060001373291016,47.22999954223633,45.86000061035156,45.86000061035156,34.81915283203125,16422900,0.0,0.0
2019-05-29 00:00:00-04:00,45.61000061035156,45.650001525878906,44.86000061035156,45.380001068115234,34.454715728759766,15910700,0.0,0.0
2019-05-30 00:00:00-04:00,45.36000061035156,45.970001220703125,45.36000061035156,45.880001068115234,34.834327697753906,8594900,0.0,0.0
2019-05-31 00:00:00-04:00,45.560001373291016,45.7599983215332,45.06999969482422,45.369998931884766,34.44711685180664,12845500,0.0,0.0
2019-06-03 00:00:00-04:00,45.2599983215332,46.5,45.06999969482422,46.119998931884766,35.01654815673828,13277000,0.0,0.0
2019-06-04 00:00:00-04:00,46.47999954223633,46.84000015258789,46.43000030517578,46.630001068115234,35.40376281738281,10883100,0.0,0.0
2019-06-05 00:00:00-04:00,46.869998931884766,47.02000045776367,46.54999923706055,46.630001068115234,35.40376281738281,10052400,0.0,0.0
2019-06-06 00:00:00-04:00,46.81999969482422,46.869998931884766,46.119998931884766,46.150001525878906,35.03932571411133,12206200,0.0,0.0
2019-06-07 00:00:00-04:00,46.52000045776367,46.95000076293945,46.47999954223633,46.75,35.494876861572266,6801600,0.0,0.0
2019-06-10 00:00:00-04:00,46.72999954223633,46.970001220703125,45.90999984741211,46.0099983215332,34.93302917480469,10445300,0.0,0.0
2019-06-11 00:00:00-04:00,46.20000076293945,47.02000045776367,46.040000915527344,46.869998931884766,35.58598327636719,11030300,0.0,0.0
2019-06-12 00:00:00-04:00,46.9900016784668,47.65999984741211,46.900001525878906,47.630001068115234,36.16300964355469,10651400,0.0,0.0
2019-06-13 00:00:00-04:00,47.529998779296875,47.7400016784668,46.970001220703125,47.33000183105469,35.935237884521484,9328000,0.0,0.0
2019-06-14 00:00:00-04:00,47.33000183105469,48.029998779296875,47.20000076293945,47.560001373291016,36.109867095947266,10186000,0.0,0.0
2019-06-17 00:00:00-04:00,47.790000915527344,48.470001220703125,47.650001525878906,48.209999084472656,36.60337448120117,9514200,0.0,0.0
2019-06-18 00:00:00-04:00,48.279998779296875,48.68000030517578,47.709999084472656,47.790000915527344,36.28448486328125,11523700,0.0,0.0
2019-06-19 00:00:00-04:00,48.08000183105469,48.66999816894531,47.709999084472656,48.61000061035156,36.907073974609375,8720800,0.0,0.0
2019-06-20 00:00:00-04:00,49.0,49.54999923706055,48.63999938964844,48.88999938964844,37.11967086791992,9441600,0.0,0.0
2019-06-21 00:00:00-04:00,48.81999969482422,49.38999938964844,48.189998626708984,49.34000015258789,37.461326599121094,14979300,0.0,0.0
2019-06-24 00:00:00-04:00,47.220001220703125,47.439998626708984,45.56999969482422,45.68000030517578,34.68246841430664,36621800,0.0,0.0
2019-06-25 00:00:00-04:00,45.810001373291016,46.560001373291016,45.650001525878906,45.77000045776367,34.750823974609375,24456700,0.0,0.0
2019-06-26 00:00:00-04:00,45.86000061035156,45.97999954223633,44.540000915527344,44.91999816894531,34.10545349121094,21924200,0.0,0.0
2019-06-27 00:00:00-04:00,44.95000076293945,45.56999969482422,44.95000076293945,45.099998474121094,34.24211502075195,10918600,0.0,0.0
2019-06-28 00:00:00-04:00,45.380001068115234,45.400001525878906,44.91999816894531,45.349998474121094,34.43191909790039,15627000,0.0,0.0
2019-07-01 00:00:00-04:00,45.709999084472656,46.290000915527344,45.41999816894531,46.18000030517578,35.062103271484375,14049600,0.0,0.0
2019-07-02 00:00:00-04:00,46.459999084472656,46.68000030517578,46.18000030517578,46.68000030517578,35.44172668457031,10957000,0.0,0.0
2019-07-03 00:00:00-04:00,46.4900016784668,46.599998474121094,46.22999954223633,46.560001373291016,35.663856506347656,6121500,0.41,0.0
2019-07-05 00:00:00-04:00,46.529998779296875,46.66999816894531,45.869998931884766,45.88999938964844,35.150665283203125,9635600,0.0,0.0
2019-07-08 00:00:00-04:00,45.720001220703125,45.83000183105469,45.29999923706055,45.77000045776367,35.058746337890625,11884000,0.0,0.0
2019-07-09 00:00:00-04:00,45.849998474121094,46.369998931884766,45.70000076293945,46.040000915527344,35.26554870605469,9456700,0.0,0.0
2019-07-10 00:00:00-04:00,46.040000915527344,46.13999938964844,45.75,45.959999084472656,35.20426940917969,8807200,0.0,0.0
2019-07-11 00:00:00-04:00,45.880001068115234,45.88999938964844,44.16999816894531,44.529998779296875,34.10893249511719,23338400,0.0,0.0
2019-07-12 00:00:00-04:00,44.56999969482422,44.650001525878906,43.810001373291016,44.27000045776367,33.90977478027344,14254900,0.0,0.0
2019-07-15 00:00:00-04:00,44.279998779296875,44.56999969482422,44.04999923706055,44.189998626708984,33.84849548339844,8885400,0.0,0.0
2019-07-16 00:00:00-04:00,44.150001525878906,44.5099983215332,44.08000183105469,44.45000076293945,34.04764938354492,11590900,0.0,0.0
2019-07-17 00:00:00-04:00,44.470001220703125,44.54999923706055,44.060001373291016,44.130001068115234,33.80253219604492,10815700,0.0,0.0
2019-07-18 00:00:00-04:00,44.189998626708984,44.20000076293945,43.529998779296875,44.04999923706055,33.74126052856445,13177600,0.0,0.0
2019-07-19 00:00:00-04:00,44.11000061035156,44.189998626708984,43.2599983215332,43.33000183105469,33.189762115478516,12023100,0.0,0.0
2019-07-22 00:00:00-04:00,43.400001525878906,43.5099983215332,42.720001220703125,42.77000045776367,32.76081085205078,12390600,0.0,0.0
2019-07-23 00:00:00-04:00,42.810001373291016,43.06999969482422,42.47999954223633,43.04999923706055,32.975284576416016,17663400,0.0,0.0
2019-07-24 00:00:00-04:00,42.959999084472656,43.310001373291016,42.68000030517578,43.22999954223633,33.113155364990234,14490600,0.0,0.0
2019-07-25 00:00:00-04:00,42.900001525878906,45.63999938964844,42.81999969482422,45.400001525878906,34.77532958984375,33799300,0.0,0.0
2019-07-26 00:00:00-04:00,45.97999954223633,46.11000061035156,44.2599983215332,45.369998931884766,34.752357482910156,20318100,0.0,0.0
2019-07-29 00:00:00-04:00,45.0,45.5099983215332,44.90999984741211,45.38999938964844,34.76767349243164,14301000,0.0,0.0
2019-07-30 00:00:00-04:00,45.04999923706055,45.33000183105469,44.47999954223633,44.560001373291016,34.13190460205078,13906500,0.0,0.0
2019-07-31 00:00:00-04:00,44.369998931884766,45.04999923706055,44.0,44.40999984741211,34.01701736450195,12863100,0.0,0.0
2019-08-01 00:00:00-04:00,44.54999923706055,45.5,44.40999984741211,45.20000076293945,34.62213134765625,16077500,0.0,0.0
2019-08-02 00:00:00-04:00,45.25,46.029998779296875,45.11000061035156,45.9900016784668,35.22725296020508,17929000,0.0,0.0
2019-08-05 00:00:00-04:00,45.2599983215332,45.900001525878906,44.900001525878906,45.380001068115234,34.76001739501953,17156700,0.0,0.0
2019-08-06 00:00:00-04:00,45.68000030517578,45.70000076293945,45.0,45.689998626708984,34.99746322631836,12146800,0.0,0.0
2019-08-07 00:00:00-04:00,45.2599983215332,46.459999084472656,45.08000183105469,46.2400016784668,35.418758392333984,16780700,0.0,0.0
2019-08-08 00:00:00-04:00,46.43000030517578,47.369998931884766,46.2599983215332,47.290000915527344,36.223018646240234,13955700,0.0,0.0
2019-08-09 00:00:00-04:00,47.290000915527344,47.84000015258789,47.099998474121094,47.31999969482422,36.246009826660156,12213600,0.0,0.0
2019-08-12 00:00:00-04:00,47.0,47.209999084472656,46.209999084472656,46.5099983215332,35.62556457519531,9441500,0.0,0.0
2019-08-13 00:00:00-04:00,46.439998626708984,46.959999084472656,46.150001525878906,46.4900016784668,35.6102409362793,8496200,0.0,0.0
2019-08-14 00:00:00-04:00,46.88999938964844,46.970001220703125,45.540000915527344,45.63999938964844,34.95915985107422,14371700,0.0,0.0
2019-08-15 00:00:00-04:00,45.83000183105469,46.06999969482422,45.31999969482422,45.75,35.043418884277344,8513700,0.0,0.0
2019-08-16 00:00:00-04:00,45.970001220703125,47.060001373291016,45.779998779296875,46.97999954223633,35.985572814941406,9630200,0.0,0.0
2019-08-19 00:00:00-04:00,47.08000183105469,47.84000015258789,47.02000045776367,47.459999084472656,36.353240966796875,7788700,0.0,0.0
2019-08-20 00:00:00-04:00,47.470001220703125,47.79999923706055,47.2400016784668,47.630001068115234,36.48345947265625,9176300,0.0,0.0
2019-08-21 00:00:00-04:00,48.0,48.0099983215332,47.439998626708984,47.77000045776367,36.590694427490234,6729200,0.0,0.0
2019-08-22 00:00:00-04:00,47.95000076293945,48.22999954223633,47.470001220703125,47.86000061035156,36.65963363647461,6378500,0.0,0.0
2019-08-23 00:00:00-04:00,47.77000045776367,48.20000076293945,46.290000915527344,46.58000183105469,35.67918395996094,16319900,0.0,0.0
2019-08-26 00:00:00-04:00,48.41999816894531,49.08000183105469,47.720001220703125,48.11000061035156,36.85112762451172,20731500,0.0,0.0
2019-08-27 00:00:00-04:00,48.33000183105469,48.470001220703125,47.7400016784668,47.93000030517578,36.71324920654297,14748000,0.0,0.0
2019-08-28 00:00:00-04:00,47.70000076293945,48.68000030517578,47.400001525878906,48.65999984741211,37.27240753173828,8521100,0.0,0.0
2019-08-29 00:00:00-04:00,48.95000076293945,49.13999938964844,47.77000045776367,48.27000045776367,36.97368240356445,10342000,0.0,0.0
2019-08-30 00:00:00-04:00,48.400001525878906,48.59000015258789,47.79999923706055,48.06999969482422,36.82048034667969,8126000,0.0,0.0
2019-09-03 00:00:00-04:00,47.88999938964844,48.15999984741211,47.2599983215332,48.040000915527344,36.797508239746094,7708200,0.0,0.0
2019-09-04 00:00:00-04:00,48.43000030517578,48.43000030517578,47.529998779296875,48.119998931884766,36.85879135131836,8140000,0.0,0.0
2019-09-05 00:00:00-04:00,48.29999923706055,48.58000183105469,47.93000030517578,48.5099983215332,37.15751647949219,7320900,0.0,0.0
2019-09-06 00:00:00-04:00,48.41999816894531,48.79999923706055,48.16999816894531,48.27000045776367,36.97368240356445,8241800,0.0,0.0
2019-09-09 00:00:00-04:00,48.400001525878906,48.45000076293945,47.4900016784668,48.09000015258789,36.835792541503906,7470800,0.0,0.0
2019-09-10 00:00:00-04:00,47.75,48.7599983215332,47.52000045776367,48.560001373291016,37.19581604003906,9807000,0.0,0.0
2019-09-11 00:00:00-04:00,48.7599983215332,49.54999923706055,48.61000061035156,49.2400016784668,37.7166862487793,8153800,0.0,0.0
2019-09-12 00:00:00-04:00,49.459999084472656,50.04999923706055,49.209999084472656,49.61000061035156,38.000083923339844,9047000,0.0,0.0
2019-09-13 00:00:00-04:00,49.95000076293945,50.349998474121094,49.290000915527344,49.43000030517578,37.862220764160156,7343500,0.0,0.0
2019-09-16 00:00:00-04:00,49.4900016784668,49.7400016784668,49.209999084472656,49.470001220703125,37.89284896850586,6481800,0.0,0.0
2019-09-17 00:00:00-04:00,49.4900016784668,50.099998474121094,49.349998474121094,49.7400016784668,38.09967041015625,10059800,0.0,0.0
2019-09-18 00:00:00-04:00,49.7400016784668,49.97999954223633,49.41999816894531,49.86000061035156,38.19158172607422,8326700,0.0,0.0
2019-09-19 00:00:00-04:00,49.88999938964844,50.529998779296875,49.65999984741211,50.06999969482422,38.35243606567383,8016200,0.0,0.0
2019-09-20 00:00:00-04:00,50.06999969482422,50.86000061035156,49.9900016784668,50.56999969482422,38.73542785644531,13449700,0.0,0.0
2019-09-23 00:00:00-04:00,50.709999084472656,51.060001373291016,50.470001220703125,50.52000045776367,38.69712829589844,9178700,0.0,0.0
2019-09-24 00:00:00-04:00,50.790000915527344,50.90999984741211,49.7599983215332,50.0099983215332,38.30648422241211,9342200,0.0,0.0
2019-09-25 00:00:00-04:00,50.0099983215332,50.22999954223633,49.689998626708984,49.84000015258789,38.176265716552734,7078700,0.0,0.0
2019-09-26 00:00:00-04:00,50.0099983215332,50.16999816894531,49.380001068115234,49.970001220703125,38.27585220336914,8194600,0.0,0.0
2019-09-27 00:00:00-04:00,50.0099983215332,50.56999969482422,49.97999954223633,50.220001220703125,38.467342376708984,11466100,0.0,0.0
2019-09-30 00:00:00-04:00,50.52000045776367,51.43000030517578,50.31999969482422,50.709999084472656,38.84266662597656,15950500,0.0,0.0
2019-10-01 00:00:00-04:00,51.09000015258789,51.439998626708984,50.349998474121094,50.650001525878906,38.79671096801758,9932400,0.0,0.0
2019-10-02 00:00:00-04:00,50.29999923706055,50.369998931884766,48.709999084472656,49.209999084472656,37.69369125366211,12596200,0.0,0.0
2019-10-03 00:00:00-04:00,48.84000015258789,49.54999923706055,48.54999923706055,49.54999923706055,38.27301025390625,9227000,0.41,0.0
2019-10-04 00:00:00-04:00,49.630001068115234,50.81999969482422,49.52000045776367,50.75,39.19990158081055,10081500,0.0,0.0
2019-10-07 00:00:00-04:00,50.650001525878906,51.4900016784668,50.560001373291016,50.880001068115234,39.30031967163086,9367100,0.0,0.0
2019-10-08 00:00:00-04:00,50.58000183105469,51.189998626708984,49.959999084472656,50.36000061035156,38.8986701965332,11120600,0.0,0.0
2019-10-09 00:00:00-04:00,50.619998931884766,51.09000015258789,50.31999969482422,50.83000183105469,39.261688232421875,7815700,0.0,0.0
2019-10-10 00:00:00-04:00,50.7599983215332,50.9900016784668,50.400001525878906,50.779998779296875,39.22307586669922,11166700,0.0,0.0
2019-10-11 00:00:00-04:00,51.34000015258789,51.97999954223633,51.220001220703125,51.61000061035156,39.86417770385742,11271800,0.0,0.0
2019-10-14 00:00:00-04:00,51.5099983215332,51.66999816894531,51.279998779296875,51.560001373291016,39.8255615234375,5653200,0.0,0.0
2019-10-15 00:00:00-04:00,51.63999938964844,52.13999938964844,51.470001220703125,51.83000183105469,40.034114837646484,7414300,0.0,0.0
2019-10-16 00:00:00-04:00,51.95000076293945,52.06999969482422,51.290000915527344,51.5099983215332,39.786930084228516,8619300,0.0,0.0
2019-10-17 00:00:00-04:00,52.099998474121094,52.75,51.90999984741211,52.41999816894531,40.48983383178711,8926000,0.0,0.0
2019-10-18 00:00:00-04:00,52.45000076293945,53.16999816894531,52.380001068115234,53.029998779296875,40.961002349853516,10859800,0.0,0.0
2019-10-21 00:00:00-04:00,53.150001525878906,53.369998931884766,52.560001373291016,53.20000076293945,41.09230422973633,13098200,0.0,0.0
2019-10-22 00:00:00-04:00,55.9900016784668,57.369998931884766,54.369998931884766,54.41999816894531,42.0346565246582,26890200,0.0,0.0
2019-10-23 00:00:00-04:00,54.40999984741211,54.81999969482422,53.869998931884766,54.77000045776367,42.304988861083984,13025500,0.0,0.0
2019-10-24 00:00:00-04:00,54.849998474121094,54.970001220703125,53.86000061035156,54.369998931884766,41.996036529541016,14594500,0.0,0.0
2019-10-25 00:00:00-04:00,54.5,55.25,54.400001525878906,54.97999954223633,42.46720504760742,12353100,0.0,0.0
2019-10-28 00:00:00-04:00,54.86000061035156,55.93000030517578,54.709999084472656,55.59000015258789,42.93837356567383,13931300,0.0,0.0
2019-10-29 00:00:00-04:00,55.619998931884766,56.119998931884766,55.33000183105469,55.77000045776367,43.07740783691406,9118900,0.0,0.0
2019-10-30 00:00:00-04:00,56.2400016784668,56.91999816894531,55.84000015258789,56.869998931884766,43.92706298828125,14159000,0.0,0.0
2019-10-31 00:00:00-04:00,56.459999084472656,58.220001220703125,56.310001373291016,57.369998931884766,44.31327438354492,25041900,0.0,0.0
2019-11-01 00:00:00-04:00,57.9900016784668,58.459999084472656,57.09000015258789,57.15999984741211,44.15104675292969,17122200,0.0,0.0
2019-11-04 00:00:00-05:00,57.099998474121094,57.2400016784668,56.529998779296875,56.63999938964844,43.749412536621094,12960100,0.0,0.0
2019-11-05 00:00:00-05:00,56.689998626708984,56.869998931884766,55.970001220703125,56.38999938964844,43.55630874633789,10503300,0.0,0.0
2019-11-06 00:00:00-05:00,56.61000061035156,57.13999938964844,56.13999938964844,56.959999084472656,43.99657440185547,13475600,0.0,0.0
2019-11-07 00:00:00-05:00,57.029998779296875,57.619998931884766,56.900001525878906,57.58000183105469,44.47547149658203,11892700,0.0,0.0
2019-11-08 00:00:00-05:00,57.61000061035156,58.060001373291016,57.290000915527344,58.02000045776367,44.815330505371094,11580000,0.0,0.0
2019-11-11 00:00:00-05:00,57.869998931884766,58.29999923706055,57.45000076293945,58.150001525878906,44.91575241088867,9096700,0.0,0.0
2019-11-12 00:00:00-05:00,58.25,59.0,58.119998931884766,58.38999938964844,45.10113525390625,9700600,0.0,0.0
2019-11-13 00:00:00-05:00,58.2400016784668,59.18000030517578,57.900001525878906,58.790000915527344,45.410099029541016,12857500,0.0,0.0
2019-11-14 00:00:00-05:00,58.61000061035156,58.849998474121094,57.91999816894531,58.5099983215332,45.19381332397461,10931900,0.0,0.0
2019-11-15 00:00:00-05:00,58.540000915527344,58.790000915527344,58.400001525878906,58.59000015258789,45.255611419677734,9723800,0.0,0.0
2019-11-18 00:00:00-05:00,58.189998626708984,58.529998779296875,57.290000915527344,57.650001525878906,44.529537200927734,28506700,0.0,0.0
2019-11-19 00:00:00-05:00,57.84000015258789,57.849998474121094,56.2599983215332,56.47999954223633,43.62582015991211,39248100,0.0,0.0
2019-11-20 00:00:00-05:00,56.15999984741211,56.5,55.29999923706055,56.40999984741211,43.571754455566406,185413200,0.0,0.0
2019-11-21 00:00:00-05:00,57.130001068115234,57.459999084472656,56.459999084472656,56.849998474121094,43.9116096496582,22932700,0.0,0.0
2019-11-22 00:00:00-05:00,56.650001525878906,57.119998931884766,55.91999816894531,56.45000076293945,43.60265350341797,21515600,0.0,0.0
2019-11-25 00:00:00-05:00,56.91999816894531,57.099998474121094,55.939998626708984,56.16999816894531,43.386375427246094,23231400,0.0,0.0
2019-11-26 00:00:00-05:00,56.33000183105469,56.900001525878906,56.08000183105469,56.72999954223633,43.81892776489258,21781800,0.0,0.0
2019-11-27 00:00:00-05:00,56.939998626708984,57.849998474121094,56.900001525878906,57.599998474121094,44.49093246459961,25908300,0.0,0.0
2019-11-29 00:00:00-05:00,57.22999954223633,57.369998931884766,56.849998474121094,56.939998626708984,43.98113250732422,11292400,0.0,0.0
2019-12-02 00:00:00-05:00,57.34000015258789,58.099998474121094,57.279998779296875,57.40999984741211,44.34416580200195,24715100,0.0,0.0
2019-12-03 00:00:00-05:00,57.0,57.810001373291016,56.68000030517578,57.75,44.60679626464844,16233300,0.0,0.0
2019-12-04 00:00:00-05:00,57.83000183105469,58.97999954223633,57.54999923706055,58.900001525878906,45.49505615234375,22257200,0.0,0.0
2019-12-05 00:00:00-05:00,58.86000061035156,59.66999816894531,58.79999923706055,59.47999954223633,45.943058013916016,17149700,0.0,0.0
2019-12-06 00:00:00-05:00,59.880001068115234,60.86000061035156,59.81999969482422,59.95000076293945,46.306095123291016,17765400,0.0,0.0
2019-12-09 00:00:00-05:00,60.59000015258789,61.58000183105469,60.400001525878906,61.279998779296875,47.333396911621094,16110700,0.0,0.0
2019-12-10 00:00:00-05:00,61.029998779296875,62.369998931884766,60.93000030517578,62.09000015258789,47.95905303955078,19224800,0.0,0.0
2019-12-11 00:00:00-05:00,62.869998931884766,62.97999954223633,61.959999084472656,62.40999984741211,48.206214904785156,18262900,0.0,0.0
2019-12-12 00:00:00-05:00,62.41999816894531,64.22000122070312,62.41999816894531,63.939998626708984,49.38801574707031,17353600,0.0,0.0
2019-12-13 00:00:00-05:00,64.04000091552734,64.75,63.790000915527344,63.81999969482422,49.295318603515625,14526400,0.0,0.0
2019-12-16 00:00:00-05:00,63.099998474121094,64.2699966430664,63.0099983215332,63.5,49.04814910888672,23018200,0.0,0.0
2019-12-17 00:00:00-05:00,63.79999923706055,64.55000305175781,63.540000915527344,64.11000061035156,49.519325256347656,16207100,0.0,0.0
2019-12-18 00:00:00-05:00,63.869998931884766,64.27999877929688,62.970001220703125,63.150001525878906,48.77781677246094,14824300,0.0,0.0
2019-12-19 00:00:00-05:00,63.18000030517578,63.459999084472656,62.7400016784668,62.849998474121094,48.546085357666016,12928200,0.0,0.0
2019-12-20 00:00:00-05:00,63.58000183105469,63.59000015258789,62.91999816894531,63.5099983215332,49.055877685546875,24137000,0.0,0.0
2019-12-23 00:00:00-05:00,63.54999923706055,63.79999923706055,63.08000183105469,63.209999084472656,48.824153900146484,12914900,0.0,0.0
2019-12-24 00:00:00-05:00,63.02000045776367,63.43000030517578,63.0099983215332,63.15999984741211,48.78554153442383,2890400,0.0,0.0
2019-12-26 00:00:00-05:00,63.22999954223633,64.04000091552734,63.18000030517578,63.959999084472656,49.40346145629883,8187700,0.0,0.0
2019-12-27 00:00:00-05:00,64.16999816894531,64.30000305175781,63.83000183105469,64.13999938964844,49.5424919128418,7684400,0.0,0.0
2019-12-30 00:00:00-05:00,64.08999633789062,64.45999908447266,63.63999938964844,63.72999954223633,49.2258186340332,7862300,0.0,0.0
2019-12-31 00:00:00-05:00,63.59000015258789,64.20999908447266,63.5099983215332,64.19000244140625,49.58112716674805,9378400,0.0,0.0
2020-01-02 00:00:00-05:00,63.849998474121094,64.0,63.13999938964844,63.34000015258789,49.26997375488281,13163700,0.45,0.0
2020-01-03 00:00:00-05:00,62.61000061035156,63.33000183105469,62.54999923706055,62.779998779296875,48.834373474121094,12984600,0.0,0.0
2020-01-06 00:00:00-05:00,62.900001525878906,63.2400016784668,62.66999816894531,62.97999954223633,48.98994445800781,11311400,0.0,0.0
2020-01-07 00:00:00-05:00,62.84000015258789,64.18000030517578,62.77000045776367,63.93000030517578,49.728904724121094,15551700,0.0,0.0
2020-01-08 00:00:00-05:00,64.05000305175781,64.61000061035156,63.86000061035156,63.86000061035156,49.67447280883789,18527000,0.0,0.0
2020-01-09 00:00:00-05:00,64.13999938964844,65.77999877929688,64.12000274658203,65.44999694824219,50.9112663269043,16169300,0.0,0.0
2020-01-10 00:00:00-05:00,65.44999694824219,65.97000122070312,65.04000091552734,65.2300033569336,50.74013900756836,11698000,0.0,0.0
2020-01-13 00:00:00-05:00,65.43000030517578,66.98999786376953,65.37000274658203,66.1500015258789,51.455772399902344,19243300,0.0,0.0
2020-01-14 00:00:00-05:00,65.80999755859375,66.52999877929688,65.56999969482422,66.44000244140625,51.68135070800781,30560500,0.0,0.0
2020-01-15 00:00:00-05:00,66.43000030517578,67.08999633789062,66.43000030517578,66.58000183105469,51.790252685546875,10937400,0.0,0.0
2020-01-16 00:00:00-05:00,66.62999725341797,66.97000122070312,66.51000213623047,66.77999877929688,51.945823669433594,8435800,0.0,0.0
2020-01-17 00:00:00-05:00,66.75,67.20999908447266,66.69999694824219,66.72000122070312,51.89915466308594,14375000,0.0,0.0
2020-01-21 00:00:00-05:00,66.69999694824219,67.62000274658203,66.52999877929688,67.43000030517578,52.45143508911133,12519400,0.0,0.0
2020-01-22 00:00:00-05:00,67.91000366210938,68.33999633789062,67.22000122070312,67.43000030517578,52.45143508911133,15186700,0.0,0.0
2020-01-23 00:00:00-05:00,67.12999725341797,67.25,66.02999877929688,66.87000274658203,52.01584243774414,13183300,0.0,0.0
2020-01-24 00:00:00-05:00,66.38999938964844,66.73999786376953,63.61000061035156,64.16000366210938,49.907833099365234,22453000,0.0,0.0
2020-01-27 00:00:00-05:00,63.2599983215332,64.62999725341797,63.09000015258789,63.70000076293945,49.55000686645508,20951100,0.0,0.0
2020-01-28 00:00:00-05:00,64.12999725341797,65.36000061035156,63.900001525878906,64.80999755859375,50.41343307495117,12761900,0.0,0.0
2020-01-29 00:00:00-05:00,65.0199966430664,65.08999633789062,64.12999725341797,64.13999938964844,49.89226150512695,10763200,0.0,0.0
2020-01-30 00:00:00-05:00,63.79999923706055,64.30999755859375,63.38999938964844,63.810001373291016,49.63556671142578,10783700,0.0,0.0
2020-01-31 00:00:00-05:00,63.630001068115234,63.689998626708984,62.5099983215332,62.95000076293945,48.96660614013672,12898000,0.0,0.0
2020-02-03 00:00:00-05:00,63.099998474121094,64.23999786376953,63.04999923706055,63.58000183105469,49.45665740966797,15986500,0.0,0.0
2020-02-04 00:00:00-05:00,64.06999969482422,64.94000244140625,64.05000305175781,64.29000091552734,50.00893783569336,11740200,0.0,0.0
2020-02-05 00:00:00-05:00,64.91999816894531,65.8499984741211,64.8499984741211,65.58999633789062,51.020164489746094,14991600,0.0,0.0
2020-02-06 00:00:00-05:00,67.0,67.80000305175781,66.38999938964844,67.0999984741211,52.194732666015625,16488500,0.0,0.0
2020-02-07 00:00:00-05:00,66.68000030517578,67.01000213623047,65.83999633789062,66.25,51.5335693359375,13093400,0.0,0.0
2020-02-10 00:00:00-05:00,65.87999725341797,67.12000274658203,65.80000305175781,66.91000366210938,52.046958923339844,13218500,0.0,0.0
2020-02-11 00:00:00-05:00,67.3499984741211,67.55000305175781,66.97000122070312,66.98999786376953,52.10917663574219,7261400,0.0,0.0
2020-02-12 00:00:00-05:00,67.08999633789062,67.5,66.56999969482422,67.0,52.11697006225586,11213700,0.0,0.0
2020-02-13 00:00:00-05:00,66.72000122070312,66.94999694824219,66.04000091552734,66.08000183105469,51.401329040527344,9149500,0.0,0.0
2020-02-14 00:00:00-05:00,66.25,66.83000183105469,65.9800033569336,66.37999725341797,51.634681701660156,7530700,0.0,0.0
2020-02-18 00:00:00-05:00,66.51000213623047,66.97000122070312,65.44000244140625,66.06999969482422,51.393550872802734,13831900,0.0,0.0
2020-02-19 00:00:00-05:00,66.0,66.05000305175781,65.36000061035156,65.70999908447266,51.11351776123047,9905400,0.0,0.0
2020-02-20 00:00:00-05:00,65.62999725341797,65.9800033569336,64.88999938964844,65.16999816894531,50.6934700012207,11360500,0.0,0.0
2020-02-21 00:00:00-05:00,64.87000274658203,65.87000274658203,64.80000305175781,65.62999725341797,51.05126953125,10134800,0.0,0.0
2020-02-24 00:00:00-05:00,64.08000183105469,65.05999755859375,63.689998626708984,63.970001220703125,49.76003646850586,12105000,0.0,0.0
2020-02-25 00:00:00-05:00,63.88999938964844,63.90999984741211,61.599998474121094,62.13999938964844,48.3365364074707,15706000,0.0,0.0
2020-02-26 00:00:00-05:00,61.75,63.38999938964844,61.61000061035156,62.040000915527344,48.25874710083008,11264600,0.0,0.0
2020-02-27 00:00:00-05:00,61.0,61.58000183105469,59.560001373291016,59.58000183105469,46.3452033996582,20624800,0.0,0.0
2020-02-28 00:00:00-05:00,57.7599983215332,59.209999084472656,56.369998931884766,59.060001373291016,45.94071578979492,28292500,0.0,0.0
2020-03-02 00:00:00-05:00,59.56999969482422,60.779998779296875,58.68000030517578,60.34000015258789,46.93638229370117,19500300,0.0,0.0
2020-03-03 00:00:00-05:00,60.86000061035156,61.849998474121094,58.34000015258789,59.20000076293945,46.04962158203125,18250100,0.0,0.0
2020-03-04 00:00:00-05:00,60.20000076293945,61.68000030517578,59.689998626708984,61.47999954223633,47.82314682006836,18228300,0.0,0.0
2020-03-05 00:00:00-05:00,60.70000076293945,61.2400016784668,59.84000015258789,60.5,47.06083297729492,15119400,0.0,0.0
2020-03-06 00:00:00-05:00,58.880001068115234,60.41999816894531,58.7599983215332,60.310001373291016,46.91304016113281,14833900,0.0,0.0
2020-03-09 00:00:00-04:00,56.0099983215332,59.13999938964844,56.0,57.65999984741211,44.85169982910156,22385900,0.0,0.0
2020-03-10 00:00:00-04:00,58.81999969482422,58.95000076293945,55.90999984741211,57.93000030517578,45.06173324584961,24831000,0.0,0.0
2020-03-11 00:00:00-04:00,56.779998779296875,57.959999084472656,55.810001373291016,56.5099983215332,43.957149505615234,19768800,0.0,0.0
2020-03-12 00:00:00-04:00,52.33000183105469,54.900001525878906,50.619998931884766,52.75,41.032379150390625,22963000,0.0,0.0
2020-03-13 00:00:00-04:00,54.88999938964844,55.5,51.779998779296875,54.9900016784668,42.77480697631836,23503600,0.0,0.0
2020-03-16 00:00:00-04:00,50.130001068115234,53.7599983215332,48.0099983215332,51.11000061035156,39.756683349609375,20582800,0.0,0.0
2020-03-17 00:00:00-04:00,51.83000183105469,54.099998474121094,51.20000076293945,54.09000015258789,42.07472229003906,17519600,0.0,0.0
2020-03-18 00:00:00-04:00,51.630001068115234,52.38999938964844,48.02000045776367,50.2400016784668,39.07994842529297,27384200,0.0,0.0
2020-03-19 00:00:00-04:00,50.11000061035156,50.720001220703125,48.130001068115234,48.790000915527344,37.9520378112793,20058300,0.0,0.0
2020-03-20 00:00:00-04:00,49.04999923706055,50.63999938964844,47.25,48.400001525878906,37.64867401123047,20370800,0.0,0.0
2020-03-23 00:00:00-04:00,47.189998626708984,48.400001525878906,45.7599983215332,46.400001525878906,36.09294128417969,21237000,0.0,0.0
2020-03-24 00:00:00-04:00,48.18000030517578,49.5,47.38999938964844,49.2400016784668,38.302085876464844,16484800,0.0,0.0
2020-03-25 00:00:00-04:00,49.029998779296875,51.95000076293945,48.16999816894531,49.349998474121094,38.38764190673828,20921300,0.0,0.0
2020-03-26 00:00:00-04:00,50.459999084472656,53.31999969482422,50.310001373291016,52.25,40.64344787597656,21600200,0.0,0.0
2020-03-27 00:00:00-04:00,51.11000061035156,53.779998779296875,50.869998931884766,52.790000915527344,41.063499450683594,14498400,0.0,0.0
2020-03-30 00:00:00-04:00,53.20000076293945,55.08000183105469,53.20000076293945,54.38999938964844,42.308074951171875,18013500,0.0,0.0
2020-03-31 00:00:00-04:00,54.29999923706055,56.2400016784668,54.2400016784668,55.7400016784668,43.35820388793945,28455600,0.0,0.0
2020-04-01 00:00:00-04:00,53.619998931884766,55.70000076293945,53.52000045776367,54.81999969482422,42.64257049560547,13441300,0.0,0.0
2020-04-02 00:00:00-04:00,54.84000015258789,55.31999969482422,53.58000183105469,55.209999084472656,43.30137634277344,12929400,0.45,0.0
2020-04-03 00:00:00-04:00,54.9900016784668,56.470001220703125,54.900001525878906,55.529998779296875,43.552345275878906,14654200,0.0,0.0
2020-04-06 00:00:00-04:00,57.06999969482422,58.06999969482422,56.58000183105469,57.869998931884766,45.38762283325195,22589700,0.0,0.0
2020-04-07 00:00:00-04:00,58.529998779296875,58.59000015258789,56.68000030517578,56.900001525878906,44.62685012817383,19224400,0.0,0.0
2020-04-08 00:00:00-04:00,57.04999923706055,59.130001068115234,56.36000061035156,58.25,45.68564987182617,15268700,0.0,0.0
2020-04-09 00:00:00-04:00,58.79999923706055,59.58000183105469,58.369998931884766,58.90999984741211,46.20329666137695,13256000,0.0,0.0
2020-04-13 00:00:00-04:00,58.5,59.400001525878906,58.060001373291016,58.91999816894531,46.21113967895508,13921600,0.0,0.0
2020-04-14 00:00:00-04:00,59.83000183105469,60.72999954223633,59.630001068115234,60.040000915527344,47.08955764770508,14259000,0.0,0.0
2020-04-15 00:00:00-04:00,59.29999923706055,59.88999938964844,58.900001525878906,59.459999084472656,46.63467025756836,14402100,0.0,0.0
2020-04-16 00:00:00-04:00,59.79999923706055,60.349998474121094,59.5,59.560001373291016,46.71310043334961,12984900,0.0,0.0
2020-04-17 00:00:00-04:00,60.380001068115234,60.77000045776367,59.880001068115234,60.599998474121094,47.528778076171875,16697800,0.0,0.0
2020-04-20 00:00:00-04:00,60.75,62.84000015258789,60.599998474121094,61.68000030517578,48.37582015991211,17446000,0.0,0.0
2020-04-21 00:00:00-04:00,60.86000061035156,61.31999969482422,60.2599983215332,60.59000015258789,47.52092742919922,22203000,0.0,0.0
2020-04-22 00:00:00-04:00,61.2599983215332,61.90999984741211,60.880001068115234,60.93000030517578,47.78759002685547,12081000,0.0,0.0
2020-04-23 00:00:00-04:00,61.31999969482422,61.9900016784668,60.84000015258789,60.95000076293945,47.80327606201172,11897400,0.0,0.0
2020-04-24 00:00:00-04:00,61.66999816894531,62.54999923706055,61.2599983215332,62.25,48.822872161865234,10460800,0.0,0.0
2020-04-27 00:00:00-04:00,62.63999938964844,63.02000045776367,62.40999984741211,62.560001373291016,49.066009521484375,13994600,0.0,0.0
2020-04-28 00:00:00-04:00,62.93000030517578,63.18000030517578,61.77000045776367,62.13999938964844,48.736602783203125,10858900,0.0,0.0
2020-04-29 00:00:00-04:00,62.369998931884766,62.619998931884766,61.529998779296875,61.630001068115234,48.336605072021484,11035100,0.0,0.0
2020-04-30 00:00:00-04:00,60.849998474121094,61.11000061035156,60.36000061035156,60.810001373291016,47.693485260009766,17554500,0.0,0.0
2020-05-01 00:00:00-04:00,60.849998474121094,60.869998931884766,59.68000030517578,60.2599983215332,47.262107849121094,15582800,0.0,0.0
2020-05-04 00:00:00-04:00,60.7400016784668,60.91999816894531,59.72999954223633,60.16999816894531,47.1915168762207,16989600,0.0,0.0
2020-05-05 00:00:00-04:00,60.599998474121094,61.79999923706055,60.43000030517578,61.36000061035156,48.12484359741211,13340800,0.0,0.0
2020-05-06 00:00:00-04:00,61.650001525878906,62.22999954223633,60.939998626708984,61.130001068115234,47.94446563720703,14589000,0.0,0.0
2020-05-07 00:00:00-04:00,62.52000045776367,62.599998474121094,60.619998931884766,61.040000915527344,47.873870849609375,17531500,0.0,0.0
2020-05-08 00:00:00-04:00,61.83000183105469,62.18000030517578,60.95000076293945,61.04999923706055,47.881710052490234,16960100,0.0,0.0
2020-05-11 00:00:00-04:00,60.869998931884766,62.810001373291016,60.77000045776367,62.65999984741211,49.144432067871094,14146800,0.0,0.0
2020-05-12 00:00:00-04:00,63.16999816894531,64.2699966430664,62.880001068115234,63.349998474121094,49.68560791015625,18928100,0.0,0.0
2020-05-13 00:00:00-04:00,63.16999816894531,63.93000030517578,62.58000183105469,63.27000045776367,49.62285614013672,17287900,0.0,0.0
2020-05-14 00:00:00-04:00,62.5,64.12999725341797,62.130001068115234,63.77000045776367,50.01500701904297,18221700,0.0,0.0
2020-05-15 00:00:00-04:00,64.19999694824219,65.33999633789062,63.810001373291016,64.08999633789062,50.265987396240234,35224400,0.0,0.0
2020-05-18 00:00:00-04:00,64.91999816894531,65.20999908447266,63.47999954223633,63.599998474121094,49.881683349609375,15170500,0.0,0.0
2020-05-19 00:00:00-04:00,63.43000030517578,63.81999969482422,62.4900016784668,62.709999084472656,49.183650970458984,11052100,0.0,0.0
2020-05-20 00:00:00-04:00,63.0,63.25,60.83000183105469,61.68000030517578,48.37582015991211,16658200,0.0,0.0
2020-05-21 00:00:00-04:00,61.619998931884766,61.869998931884766,60.439998626708984,61.13999938964844,47.95229721069336,16016000,0.0,0.0
2020-05-22 00:00:00-04:00,61.0099983215332,61.65999984741211,60.59000015258789,60.790000915527344,47.67778778076172,9228600,0.0,0.0
2020-05-26 00:00:00-04:00,61.5099983215332,61.5099983215332,60.18000030517578,60.31999969482422,47.30916213989258,18447800,0.0,0.0
2020-05-27 00:00:00-04:00,60.0,60.52000045776367,59.11000061035156,60.400001525878906,47.37190628051758,19071700,0.0,0.0
2020-05-28 00:00:00-04:00,60.959999084472656,60.97999954223633,59.68000030517578,59.810001373291016,46.9091682434082,14977400,0.0,0.0
2020-05-29 00:00:00-04:00,60.29999923706055,60.470001220703125,59.380001068115234,59.720001220703125,46.83858871459961,27224800,0.0,0.0
2020-06-01 00:00:00-04:00,59.459999084472656,61.439998626708984,59.43000030517578,60.290000915527344,47.285640716552734,11507900,0.0,0.0
2020-06-02 00:00:00-04:00,60.290000915527344,60.68000030517578,59.27000045776367,60.650001525878906,47.567996978759766,15460100,0.0,0.0
2020-06-03 00:00:00-04:00,60.70000076293945,60.88999938964844,59.689998626708984,60.209999084472656,47.2228889465332,13497600,0.0,0.0
2020-06-04 00:00:00-04:00,59.81999969482422,61.09000015258789,59.81999969482422,60.88999938964844,47.7562255859375,13476900,0.0,0.0
2020-06-05 00:00:00-04:00,61.18000030517578,61.77000045776367,60.529998779296875,61.33000183105469,48.10132598876953,11862600,0.0,0.0
2020-06-08 00:00:00-04:00,60.599998474121094,61.43000030517578,60.400001525878906,61.43000030517578,48.17973709106445,12549100,0.0,0.0
2020-06-09 00:00:00-04:00,61.75,62.16999816894531,60.93000030517578,60.93000030517578,47.78759002685547,12159500,0.0,0.0
2020-06-10 00:00:00-04:00,61.2400016784668,61.41999816894531,59.900001525878906,60.15999984741211,47.183685302734375,13343700,0.0,0.0
2020-06-11 00:00:00-04:00,59.900001525878906,60.279998779296875,56.400001525878906,56.709999084472656,44.47783279418945,17371900,0.0,0.0
2020-06-12 00:00:00-04:00,57.59000015258789,57.650001525878906,55.59000015258789,56.16999816894531,44.0543098449707,14864200,0.0,0.0
2020-06-15 00:00:00-04:00,55.63999938964844,55.779998779296875,54.06999969482422,55.099998474121094,43.215110778808594,21617800,0.0,0.0
2020-06-16 00:00:00-04:00,55.93000030517578,57.290000915527344,55.5,57.060001373291016,44.75233459472656,16973300,0.0,0.0
2020-06-17 00:00:00-04:00,57.209999084472656,57.36000061035156,56.709999084472656,56.95000076293945,44.666072845458984,13638200,0.0,0.0
2020-06-18 00:00:00-04:00,56.56999969482422,56.619998931884766,55.58000183105469,55.970001220703125,43.89744567871094,14113300,0.0,0.0
2020-06-19 00:00:00-04:00,56.70000076293945,56.83000183105469,54.72999954223633,56.40999984741211,44.24253845214844,54134700,0.0,0.0
2020-06-22 00:00:00-04:00,56.2400016784668,57.689998626708984,55.91999816894531,57.560001373291016,45.144500732421875,18716200,0.0,0.0
2020-06-23 00:00:00-04:00,57.939998626708984,59.099998474121094,57.81999969482422,58.380001068115234,45.78761291503906,15557200,0.0,0.0
2020-06-24 00:00:00-04:00,58.11000061035156,58.209999084472656,57.11000061035156,57.7599983215332,45.30134963989258,11177200,0.0,0.0
2020-06-25 00:00:00-04:00,58.0099983215332,58.470001220703125,57.70000076293945,58.18000030517578,45.63075256347656,15267200,0.0,0.0
2020-06-26 00:00:00-04:00,57.959999084472656,58.02000045776367,56.66999816894531,57.540000915527344,45.12881088256836,26132400,0.0,0.0
2020-06-29 00:00:00-04:00,57.9900016784668,58.13999938964844,57.310001373291016,57.79999923706055,45.33272933959961,9831400,0.0,0.0
2020-06-30 00:00:00-04:00,57.86000061035156,59.20000076293945,57.5,58.79999923706055,46.11703109741211,12139700,0.0,0.0
2020-07-01 00:00:00-04:00,59.189998626708984,59.72999954223633,58.880001068115234,59.43000030517578,46.61113739013672,11738300,0.0,0.0
2020-07-02 00:00:00-04:00,59.29999923706055,59.63999938964844,58.75,59.13999938964844,46.73758316040039,11366100,0.45,0.0
2020-07-06 00:00:00-04:00,59.599998474121094,60.58000183105469,58.869998931884766,60.189998626708984,47.5673828125,8810800,0.0,0.0
2020-07-07 00:00:00-04:00,59.7599983215332,60.61000061035156,59.52000045776367,60.290000915527344,47.64640808105469,12766700,0.0,0.0
2020-07-08 00:00:00-04:00,60.31999969482422,60.68000030517578,59.279998779296875,59.560001373291016,47.06949234008789,10507000,0.0,0.0
2020-07-09 00:00:00-04:00,59.65999984741211,60.13999938964844,57.83000183105469,58.11000061035156,45.923587799072266,12780000,0.0,0.0
2020-07-10 00:00:00-04:00,58.0,58.09000015258789,57.15999984741211,57.43000030517578,45.386199951171875,8770000,0.0,0.0
2020-07-13 00:00:00-04:00,57.56999969482422,58.4900016784668,57.5,57.75,45.63908004760742,10149000,0.0,0.0
2020-07-14 00:00:00-04:00,57.83000183105469,58.099998474121094,57.290000915527344,57.88999938964844,45.749717712402344,12153900,0.0,0.0
2020-07-15 00:00:00-04:00,58.650001525878906,59.61000061035156,58.31999969482422,59.27000045776367,46.84031295776367,9459400,0.0,0.0
2020-07-16 00:00:00-04:00,59.22999954223633,59.380001068115234,58.72999954223633,59.31999969482422,46.87983703613281,6949700,0.0,0.0
2020-07-17 00:00:00-04:00,59.70000076293945,60.619998931884766,59.400001525878906,60.38999938964844,47.725440979003906,9078200,0.0,0.0
2020-07-20 00:00:00-04:00,60.290000915527344,60.63999938964844,59.220001220703125,59.459999084472656,46.990482330322266,6759900,0.0,0.0
2020-07-21 00:00:00-04:00,59.59000015258789,60.2400016784668,59.31999969482422,59.79999923706055,47.25917434692383,7802300,0.0,0.0
2020-07-22 00:00:00-04:00,59.88999938964844,60.33000183105469,59.34000015258789,59.849998474121094,47.29868698120117,8961000,0.0,0.0
2020-07-23 00:00:00-04:00,60.119998931884766,60.459999084472656,59.56999969482422,59.869998931884766,47.314491271972656,8913200,0.0,0.0
2020-07-24 00:00:00-04:00,59.66999816894531,59.7599983215332,57.54999923706055,57.849998474121094,45.71809768676758,12531900,0.0,0.0
2020-07-27 00:00:00-04:00,57.54999923706055,58.619998931884766,57.349998474121094,58.04999923706055,45.87617492675781,12372000,0.0,0.0
2020-07-28 00:00:00-04:00,58.54999923706055,59.81999969482422,58.2400016784668,59.43000030517578,46.966766357421875,9816300,0.0,0.0
2020-07-29 00:00:00-04:00,59.15999984741211,59.400001525878906,58.59000015258789,59.150001525878906,46.745487213134766,7357900,0.0,0.0
2020-07-30 00:00:00-04:00,58.79999923706055,59.150001525878906,58.34000015258789,58.869998931884766,46.52421188354492,7175200,0.0,0.0
2020-07-31 00:00:00-04:00,58.880001068115234,59.09000015258789,57.77000045776367,58.65999984741211,46.35824966430664,10443000,0.0,0.0
2020-08-03 00:00:00-04:00,59.11000061035156,59.63999938964844,58.95000076293945,59.099998474121094,46.70597457885742,10337900,0.0,0.0
2020-08-04 00:00:00-04:00,58.83000183105469,59.5099983215332,58.529998779296875,59.470001220703125,46.998382568359375,6527600,0.0,0.0
2020-08-05 00:00:00-04:00,59.95000076293945,60.380001068115234,59.40999984741211,59.689998626708984,47.172245025634766,10662800,0.0,0.0
2020-08-06 00:00:00-04:00,62.0,62.970001220703125,60.41999816894531,61.33000183105469,48.46831130981445,18961900,0.0,0.0
2020-08-07 00:00:00-04:00,61.560001373291016,61.650001525878906,60.41999816894531,61.02000045776367,48.22332763671875,9969100,0.0,0.0
2020-08-10 00:00:00-04:00,60.959999084472656,61.9900016784668,60.77000045776367,61.81999969482422,48.85554504394531,9820900,0.0,0.0
2020-08-11 00:00:00-04:00,62.970001220703125,64.25,62.689998626708984,63.130001068115234,49.89082717895508,20736000,0.0,0.0
2020-08-12 00:00:00-04:00,63.58000183105469,64.2699966430664,63.45000076293945,63.63999938964844,50.29387283325195,8616200,0.0,0.0
2020-08-13 00:00:00-04:00,63.02000045776367,63.58000183105469,62.900001525878906,63.2400016784668,49.97775650024414,7748700,0.0,0.0
2020-08-14 00:00:00-04:00,63.189998626708984,63.54999923706055,62.75,63.15999984741211,49.914546966552734,5606900,0.0,0.0
2020-08-17 00:00:00-04:00,63.40999984741211,64.08000183105469,63.16999816894531,63.619998931884766,50.2780647277832,5972400,0.0,0.0
2020-08-18 00:00:00-04:00,63.4900016784668,63.68000030517578,62.900001525878906,63.029998779296875,49.81180191040039,5745600,0.0,0.0
2020-08-19 00:00:00-04:00,63.06999969482422,63.81999969482422,62.95000076293945,63.09000015258789,49.85922622680664,6092700,0.0,0.0
2020-08-20 00:00:00-04:00,62.779998779296875,62.86000061035156,61.93000030517578,62.220001220703125,49.17166519165039,6326300,0.0,0.0
2020-08-21 00:00:00-04:00,62.220001220703125,62.349998474121094,61.7400016784668,62.189998626708984,49.14795684814453,8031400,0.0,0.0
2020-08-24 00:00:00-04:00,62.34000015258789,62.459999084472656,61.70000076293945,62.40999984741211,49.32182312011719,8721000,0.0,0.0
2020-08-25 00:00:00-04:00,62.75,63.369998931884766,62.5,62.709999084472656,49.55891036987305,6620600,0.0,0.0
2020-08-26 00:00:00-04:00,62.5,62.59000015258789,61.58000183105469,62.279998779296875,49.21908187866211,6195800,0.0,0.0
2020-08-27 00:00:00-04:00,62.5,62.959999084472656,62.2400016784668,62.5099983215332,49.40085220336914,6389500,0.0,0.0
2020-08-28 00:00:00-04:00,62.5,62.59000015258789,61.849998474121094,62.369998931884766,49.29021453857422,6380400,0.0,0.0
2020-08-31 00:00:00-04:00,62.380001068115234,62.79999923706055,61.95000076293945,62.20000076293945,49.15585708618164,14189800,0.0,0.0
2020-09-01 00:00:00-04:00,62.20000076293945,62.2599983215332,60.689998626708984,60.970001220703125,48.18380355834961,12154000,0.0,0.0
2020-09-02 00:00:00-04:00,60.790000915527344,61.81999969482422,60.459999084472656,61.599998474121094,48.68169403076172,13287300,0.0,0.0
2020-09-03 00:00:00-04:00,61.619998931884766,62.02000045776367,59.529998779296875,60.04999923706055,47.45673751831055,16483900,0.0,0.0
2020-09-04 00:00:00-04:00,60.18000030517578,60.529998779296875,59.25,59.95000076293945,47.37771987915039,16405800,0.0,0.0
2020-09-08 00:00:00-04:00,59.869998931884766,60.0,58.13999938964844,58.529998779296875,46.25550842285156,11735900,0.0,0.0
2020-09-09 00:00:00-04:00,58.93000030517578,59.599998474121094,58.7599983215332,59.08000183105469,46.69016647338867,7173700,0.0,0.0
2020-09-10 00:00:00-04:00,58.9900016784668,59.29999923706055,58.18000030517578,58.290000915527344,46.06584167480469,11995300,0.0,0.0
2020-09-11 00:00:00-04:00,58.459999084472656,59.27000045776367,58.43000030517578,58.9900016784668,46.61904525756836,8573500,0.0,0.0
2020-09-14 00:00:00-04:00,59.189998626708984,60.09000015258789,59.06999969482422,59.70000076293945,47.18014907836914,6242400,0.0,0.0
2020-09-15 00:00:00-04:00,59.970001220703125,60.11000061035156,59.38999938964844,59.529998779296875,47.04579544067383,8259100,0.0,0.0
2020-09-16 00:00:00-04:00,59.66999816894531,59.970001220703125,59.2400016784668,59.45000076293945,46.982566833496094,6159800,0.0,0.0
2020-09-17 00:00:00-04:00,59.0,59.43000030517578,58.2599983215332,59.400001525878906,46.94306564331055,6624800,0.0,0.0
2020-09-18 00:00:00-04:00,59.09000015258789,59.720001220703125,58.83000183105469,59.27000045776367,46.84031295776367,13944500,0.0,0.0
2020-09-21 00:00:00-04:00,58.91999816894531,58.959999084472656,56.900001525878906,57.77000045776367,45.65489196777344,16199700,0.0,0.0
2020-09-22 00:00:00-04:00,57.77000045776367,58.849998474121094,57.630001068115234,58.7599983215332,46.437278747558594,12466800,0.0,0.0
2020-09-23 00:00:00-04:00,59.04999923706055,59.5,58.619998931884766,58.9900016784668,46.61904525756836,11436600,0.0,0.0
2020-09-24 00:00:00-04:00,58.47999954223633,58.81999969482422,57.70000076293945,58.25,46.03423309326172,10358800,0.0,0.0
2020-09-25 00:00:00-04:00,58.2599983215332,59.84000015258789,58.15999984741211,59.4900016784668,47.014190673828125,9835900,0.0,0.0
2020-09-28 00:00:00-04:00,59.369998931884766,60.209999084472656,58.959999084472656,59.709999084472656,47.18804931640625,9616600,0.0,0.0
2020-09-29 00:00:00-04:00,59.84000015258789,60.939998626708984,59.68000030517578,59.900001525878906,47.33820724487305,8084100,0.0,0.0
2020-09-30 00:00:00-04:00,60.13999938964844,60.63999938964844,59.790000915527344,60.290000915527344,47.64640808105469,10322300,0.0,0.0
2020-10-01 00:00:00-04:00,60.380001068115234,60.56999969482422,59.630001068115234,59.81999969482422,47.6304931640625,8747600,0.45,0.0
2020-10-02 00:00:00-04:00,59.38999938964844,60.0099983215332,58.68000030517578,58.720001220703125,46.754634857177734,12574300,0.0,0.0
2020-10-05 00:00:00-04:00,58.54999923706055,59.279998779296875,57.95000076293945,59.20000076293945,47.1368293762207,10992300,0.0,0.0
2020-10-06 00:00:00-04:00,59.34000015258789,59.459999084472656,57.61000061035156,57.7400016784668,45.974334716796875,13113300,0.0,0.0
2020-10-07 00:00:00-04:00,58.150001525878906,60.97999954223633,57.959999084472656,60.41999816894531,48.10823440551758,14632600,0.0,0.0
2020-10-08 00:00:00-04:00,60.849998474121094,62.09000015258789,60.459999084472656,61.619998931884766,49.0637092590332,11787300,0.0,0.0
2020-10-09 00:00:00-04:00,61.79999923706055,62.29999923706055,61.61000061035156,61.81999969482422,49.222938537597656,9408400,0.0,0.0
2020-10-12 00:00:00-04:00,61.97999954223633,62.25,61.47999954223633,61.83000183105469,49.23091125488281,11531800,0.0,0.0
2020-10-13 00:00:00-04:00,61.560001373291016,62.0099983215332,60.97999954223633,61.130001068115234,48.67354965209961,8374300,0.0,0.0
2020-10-14 00:00:00-04:00,61.11000061035156,61.630001068115234,60.720001220703125,61.0,48.57003402709961,8822600,0.0,0.0
2020-10-15 00:00:00-04:00,60.59000015258789,60.900001525878906,60.310001373291016,60.41999816894531,48.10823440551758,13104700,0.0,0.0
2020-10-16 00:00:00-04:00,60.66999816894531,61.7400016784668,60.650001525878906,61.2400016784668,48.76114273071289,9385400,0.0,0.0
2020-10-19 00:00:00-04:00,61.79999923706055,62.41999816894531,60.5099983215332,60.77000045776367,48.38691329956055,10999100,0.0,0.0
2020-10-20 00:00:00-04:00,61.09000015258789,61.27000045776367,60.529998779296875,60.63999938964844,48.28339767456055,6635100,0.0,0.0
2020-10-21 00:00:00-04:00,60.38999938964844,60.75,59.95000076293945,60.029998779296875,47.79768753051758,8004800,0.0,0.0
2020-10-22 00:00:00-04:00,59.97999954223633,61.0099983215332,59.95000076293945,60.7599983215332,48.37895202636719,7034900,0.0,0.0
2020-10-23 00:00:00-04:00,60.83000183105469,61.220001220703125,60.06999969482422,60.130001068115234,47.87731170654297,7336800,0.0,0.0
2020-10-26 00:00:00-04:00,59.81999969482422,60.13999938964844,59.040000915527344,59.66999816894531,47.51106643676758,7484100,0.0,0.0
2020-10-27 00:00:00-04:00,59.2599983215332,59.84000015258789,58.560001373291016,58.7400016784668,46.770565032958984,10008000,0.0,0.0
2020-10-28 00:00:00-04:00,58.0,58.540000915527344,57.400001525878906,57.7599983215332,45.99024963378906,11931200,0.0,0.0
2020-10-29 00:00:00-04:00,57.810001373291016,58.43000030517578,56.75,57.91999816894531,46.11764907836914,8838600,0.0,0.0
2020-10-30 00:00:00-04:00,57.709999084472656,58.47999954223633,57.59000015258789,58.45000076293945,46.53964614868164,11155300,0.0,0.0
2020-11-02 00:00:00-05:00,59.189998626708984,59.63999938964844,58.84000015258789,59.4900016784668,47.36773681640625,10318500,0.0,0.0
2020-11-03 00:00:00-05:00,61.0099983215332,62.2400016784668,60.209999084472656,61.2400016784668,48.76114273071289,14236000,0.0,0.0
2020-11-04 00:00:00-05:00,63.959999084472656,66.2300033569336,63.75,65.43000030517578,52.09734344482422,24699700,0.0,0.0
2020-11-05 00:00:00-05:00,64.98999786376953,65.37999725341797,63.540000915527344,63.75,50.759674072265625,17676100,0.0,0.0
2020-11-06 00:00:00-05:00,63.61000061035156,64.91999816894531,63.380001068115234,63.79999923706055,50.799495697021484,9680100,0.0,0.0
2020-11-09 00:00:00-05:00,65.12000274658203,66.08000183105469,63.9900016784668,64.08000183105469,51.022430419921875,15533300,0.0,0.0
2020-11-10 00:00:00-05:00,64.20999908447266,64.80000305175781,63.709999084472656,64.5199966430664,51.37276840209961,11210000,0.0,0.0
2020-11-11 00:00:00-05:00,65.06999969482422,65.12000274658203,63.029998779296875,63.41999816894531,50.496917724609375,8269700,0.0,0.0
2020-11-12 00:00:00-05:00,63.13999938964844,63.13999938964844,62.20000076293945,62.75,49.96343994140625,7602900,0.0,0.0
2020-11-13 00:00:00-05:00,62.790000915527344,64.04000091552734,62.77000045776367,63.619998931884766,50.656158447265625,9433500,0.0,0.0
2020-11-16 00:00:00-05:00,64.12000274658203,64.93000030517578,63.849998474121094,64.5,51.35685729980469,7199600,0.0,0.0
2020-11-17 00:00:00-05:00,64.47000122070312,64.69999694824219,63.880001068115234,64.31999969482422,51.213523864746094,8610200,0.0,0.0
2020-11-18 00:00:00-05:00,64.66999816894531,64.69999694824219,62.0,62.0099983215332,49.37423324584961,12455300,0.0,0.0
2020-11-19 00:00:00-05:00,62.20000076293945,62.400001525878906,61.150001525878906,62.09000015258789,49.43793869018555,9025500,0.0,0.0
2020-11-20 00:00:00-05:00,61.849998474121094,62.33000183105469,61.400001525878906,61.61000061035156,49.05573272705078,8299700,0.0,0.0
2020-11-23 00:00:00-05:00,61.7400016784668,62.0099983215332,61.08000183105469,61.91999816894531,49.30256652832031,9591100,0.0,0.0
2020-11-24 00:00:00-05:00,61.95000076293945,63.5099983215332,61.880001068115234,63.220001220703125,50.337677001953125,13510100,0.0,0.0
2020-11-25 00:00:00-05:00,63.41999816894531,63.5,62.20000076293945,62.84000015258789,50.03510284423828,9520600,0.0,0.0
2020-11-27 00:00:00-05:00,63.279998779296875,63.689998626708984,62.880001068115234,63.04999923706055,50.202308654785156,4178800,0.0,0.0
2020-11-30 00:00:00-05:00,63.04999923706055,63.27000045776367,61.9900016784668,62.400001525878906,49.68476486206055,14996600,0.0,0.0
2020-12-01 00:00:00-05:00,63.150001525878906,63.7400016784668,62.34000015258789,62.40999984741211,49.69272994995117,9870500,0.0,0.0
2020-12-02 00:00:00-05:00,62.40999984741211,62.83000183105469,61.900001525878906,62.18000030517578,49.50959777832031,8077200,0.0,0.0
2020-12-03 00:00:00-05:00,62.0,62.290000915527344,61.58000183105469,61.779998779296875,49.191104888916016,10944900,0.0,0.0
2020-12-04 00:00:00-05:00,61.790000915527344,62.310001373291016,61.650001525878906,62.310001373291016,49.61310958862305,8159000,0.0,0.0
2020-12-07 00:00:00-05:00,62.189998626708984,62.59000015258789,60.970001220703125,61.20000076293945,48.729278564453125,8974000,0.0,0.0
2020-12-08 00:00:00-05:00,61.16999816894531,61.779998779296875,60.849998474121094,61.119998931884766,48.665592193603516,10830600,0.0,0.0
2020-12-09 00:00:00-05:00,61.5,61.560001373291016,60.33000183105469,60.91999816894531,48.50634765625,10244500,0.0,0.0
2020-12-10 00:00:00-05:00,60.90999984741211,61.040000915527344,59.959999084472656,60.20000076293945,47.93305206298828,9428600,0.0,0.0
2020-12-11 00:00:00-05:00,60.33000183105469,61.470001220703125,60.20000076293945,60.720001220703125,48.34709167480469,10021600,0.0,0.0
2020-12-14 00:00:00-05:00,61.0099983215332,61.099998474121094,59.91999816894531,59.970001220703125,47.74992370605469,11400400,0.0,0.0
2020-12-15 00:00:00-05:00,61.2599983215332,62.63999938964844,60.849998474121094,62.56999969482422,49.820125579833984,14940600,0.0,0.0
2020-12-16 00:00:00-05:00,62.5,63.279998779296875,62.290000915527344,62.34000015258789,49.637001037597656,9498000,0.0,0.0
2020-12-17 00:00:00-05:00,62.56999969482422,62.81999969482422,61.9900016784668,62.540000915527344,49.79623794555664,10642400,0.0,0.0
2020-12-18 00:00:00-05:00,62.650001525878906,63.45000076293945,62.439998626708984,63.119998931884766,50.258052825927734,21177800,0.0,0.0
2020-12-21 00:00:00-05:00,62.0,62.119998931884766,61.34000015258789,62.0099983215332,49.37423324584961,13055700,0.0,0.0
2020-12-22 00:00:00-05:00,61.77000045776367,61.970001220703125,61.130001068115234,61.43000030517578,48.912418365478516,8113400,0.0,0.0
2020-12-23 00:00:00-05:00,61.369998931884766,61.630001068115234,61.0,61.0,48.57003402709961,6235000,0.0,0.0
2020-12-24 00:00:00-05:00,61.119998931884766,61.36000061035156,60.939998626708984,61.150001525878906,48.68947982788086,3099700,0.0,0.0
2020-12-28 00:00:00-05:00,61.41999816894531,61.7400016784668,60.810001373291016,61.119998931884766,48.665592193603516,6855700,0.0,0.0
2020-12-29 00:00:00-05:00,61.70000076293945,61.939998626708984,61.34000015258789,61.41999816894531,48.90445327758789,6653400,0.0,0.0
2020-12-30 00:00:00-05:00,61.619998931884766,62.15999984741211,61.47999954223633,61.91999816894531,49.30256652832031,6624100,0.0,0.0
2020-12-31 00:00:00-05:00,61.439998626708984,62.11000061035156,60.970001220703125,62.029998779296875,49.784114837646484,8649300,0.49,0.0
2021-01-04 00:00:00-05:00,61.7400016784668,62.150001525878906,60.5,61.380001068115234,49.262447357177734,12429600,0.0,0.0
2021-01-05 00:00:00-05:00,61.11000061035156,61.709999084472656,60.470001220703125,61.54999923706055,49.398887634277344,11584600,0.0,0.0
2021-01-06 00:00:00-05:00,60.54999923706055,62.04999923706055,60.52000045776367,61.70000076293945,49.51927185058594,12426200,0.0,0.0
2021-01-07 00:00:00-05:00,61.34000015258789,62.630001068115234,61.0,62.36000061035156,50.048973083496094,10931900,0.0,0.0
2021-01-08 00:00:00-05:00,62.189998626708984,63.18000030517578,62.150001525878906,62.4900016784668,50.15331268310547,10010500,0.0,0.0
2021-01-11 00:00:00-05:00,63.400001525878906,65.25,63.2400016784668,64.97000122070312,52.143714904785156,18185700,0.0,0.0
2021-01-12 00:00:00-05:00,65.36000061035156,66.30000305175781,64.91000366210938,65.43000030517578,52.51290512084961,15757500,0.0,0.0
2021-01-13 00:00:00-05:00,65.5,65.95999908447266,64.63999938964844,64.7300033569336,51.951087951660156,10292400,0.0,0.0
2021-01-14 00:00:00-05:00,64.91000366210938,66.37000274658203,64.77999877929688,66.0199966430664,52.98641586303711,12479800,0.0,0.0
2021-01-15 00:00:00-05:00,66.0199966430664,66.86000061035156,65.54000091552734,66.54000091552734,53.403770446777344,11296500,0.0,0.0
2021-01-19 00:00:00-05:00,66.8499984741211,67.16000366210938,66.33000183105469,66.73999786376953,53.56427764892578,10847800,0.0,0.0
2021-01-20 00:00:00-05:00,66.56999969482422,66.81999969482422,66.0,66.25,53.17100524902344,9609600,0.0,0.0
2021-01-21 00:00:00-05:00,65.6500015258789,66.19999694824219,63.97999954223633,64.18000030517578,51.509666442871094,14064300,0.0,0.0
2021-01-22 00:00:00-05:00,63.88999938964844,65.02999877929688,63.7599983215332,64.55999755859375,51.814640045166016,9071900,0.0,0.0
2021-01-25 00:00:00-05:00,64.63999938964844,65.13999938964844,63.959999084472656,64.83000183105469,52.03135299682617,9171000,0.0,0.0
2021-01-26 00:00:00-05:00,64.5,65.6500015258789,64.37999725341797,64.44000244140625,51.71833801269531,11284100,0.0,0.0
2021-01-27 00:00:00-05:00,63.88999938964844,63.88999938964844,61.900001525878906,62.02000045776367,49.776092529296875,13847700,0.0,0.0
2021-01-28 00:00:00-05:00,62.83000183105469,63.380001068115234,62.20000076293945,62.290000915527344,49.992794036865234,17514700,0.0,0.0
2021-01-29 00:00:00-05:00,62.29999923706055,62.79999923706055,61.029998779296875,61.43000030517578,49.30256652832031,16092000,0.0,0.0
2021-02-01 00:00:00-05:00,61.90999984741211,62.869998931884766,61.65999984741211,62.209999084472656,49.928592681884766,11240900,0.0,0.0
2021-02-02 00:00:00-05:00,63.0,64.63999938964844,62.88999938964844,62.939998626708984,50.514469146728516,16059700,0.0,0.0
2021-02-03 00:00:00-05:00,62.869998931884766,63.209999084472656,62.0099983215332,62.029998779296875,49.784114837646484,15115000,0.0,0.0
2021-02-04 00:00:00-05:00,62.0,62.88999938964844,61.2400016784668,61.560001373291016,49.40690994262695,15997000,0.0,0.0
2021-02-05 00:00:00-05:00,61.060001373291016,61.77000045776367,60.5099983215332,60.91999816894531,48.893253326416016,16249200,0.0,0.0
2021-02-08 00:00:00-05:00,61.349998474121094,61.369998931884766,59.66999816894531,60.22999954223633,48.3394775390625,18864300,0.0,0.0
2021-02-09 00:00:00-05:00,60.22999954223633,60.34000015258789,59.68000030517578,59.7599983215332,47.962257385253906,14226100,0.0,0.0
2021-02-10 00:00:00-05:00,60.099998474121094,60.529998779296875,59.61000061035156,60.0,48.15488052368164,13071000,0.0,0.0
2021-02-11 00:00:00-05:00,60.0,60.220001220703125,59.70000076293945,59.9900016784668,48.14685821533203,8256800,0.0,0.0
2021-02-12 00:00:00-05:00,59.86000061035156,60.279998779296875,59.650001525878906,59.9900016784668,48.14685821533203,9493600,0.0,0.0
2021-02-16 00:00:00-05:00,60.099998474121094,60.369998931884766,59.369998931884766,59.400001525878906,47.67333221435547,12386400,0.0,0.0
2021-02-17 00:00:00-05:00,59.4900016784668,60.93000030517578,59.41999816894531,60.59000015258789,48.62840270996094,11673500,0.0,0.0
2021-02-18 00:00:00-05:00,60.310001373291016,61.720001220703125,60.29999923706055,61.02000045776367,48.973514556884766,14076600,0.0,0.0
2021-02-19 00:00:00-05:00,61.13999938964844,61.5,60.52000045776367,60.599998474121094,48.63642501831055,16997100,0.0,0.0
2021-02-22 00:00:00-05:00,60.41999816894531,61.2400016784668,59.709999084472656,60.9900016784668,48.949440002441406,9916600,0.0,0.0
2021-02-23 00:00:00-05:00,61.20000076293945,61.380001068115234,60.029998779296875,60.720001220703125,48.73273849487305,13742000,0.0,0.0
2021-02-24 00:00:00-05:00,60.900001525878906,62.91999816894531,60.869998931884766,62.59000015258789,50.23356628417969,16517900,0.0,0.0
2021-02-25 00:00:00-05:00,62.43000030517578,63.16999816894531,61.810001373291016,62.099998474121094,49.840293884277344,17077100,0.0,0.0
2021-02-26 00:00:00-05:00,62.029998779296875,62.70000076293945,61.2599983215332,61.33000183105469,49.22231674194336,13229500,0.0,0.0
2021-03-01 00:00:00-05:00,61.900001525878906,62.06999969482422,61.52000045776367,61.630001068115234,49.46309280395508,7321400,0.0,0.0
2021-03-02 00:00:00-05:00,61.95000076293945,62.18000030517578,61.209999084472656,61.27000045776367,49.174163818359375,9584900,0.0,0.0
2021-03-03 00:00:00-05:00,61.04999923706055,61.349998474121094,59.970001220703125,60.75,48.75680923461914,13599900,0.0,0.0
2021-03-04 00:00:00-05:00,60.540000915527344,60.959999084472656,58.630001068115234,59.34000015258789,47.625179290771484,17309800,0.0,0.0
2021-03-05 00:00:00-05:00,59.5099983215332,60.59000015258789,59.33000183105469,60.43000030517578,48.500003814697266,14980100,0.0,0.0
2021-03-08 00:00:00-05:00,60.599998474121094,61.720001220703125,60.130001068115234,60.45000076293945,48.51604461669922,10617300,0.0,0.0
2021-03-09 00:00:00-05:00,60.790000915527344,61.86000061035156,60.560001373291016,60.56999969482422,48.61234664916992,12662500,0.0,0.0
2021-03-10 00:00:00-05:00,61.13999938964844,61.279998779296875,60.459999084472656,60.93000030517578,48.901283264160156,10240200,0.0,0.0
2021-03-11 00:00:00-05:00,61.0,61.189998626708984,60.349998474121094,60.349998474121094,48.43578338623047,10099500,0.0,0.0
2021-03-12 00:00:00-05:00,60.43000030517578,60.939998626708984,60.20000076293945,60.63999938964844,48.66852951049805,8030000,0.0,0.0
2021-03-15 00:00:00-04:00,60.65999984741211,61.439998626708984,60.290000915527344,61.38999938964844,49.27047348022461,10949800,0.0,0.0
2021-03-16 00:00:00-04:00,61.34000015258789,62.13999938964844,61.34000015258789,61.900001525878906,49.679786682128906,10163000,0.0,0.0
2021-03-17 00:00:00-04:00,62.09000015258789,62.540000915527344,61.45000076293945,62.18000030517578,49.90450668334961,9548100,0.0,0.0
2021-03-18 00:00:00-04:00,61.97999954223633,63.2400016784668,61.86000061035156,62.33000183105469,50.02489471435547,12145600,0.0,0.0
2021-03-19 00:00:00-04:00,62.06999969482422,62.75,61.369998931884766,62.70000076293945,50.32185363769531,32082200,0.0,0.0
2021-03-22 00:00:00-04:00,62.20000076293945,63.52000045776367,62.11000061035156,63.380001068115234,50.86759948730469,16103400,0.0,0.0
2021-03-23 00:00:00-04:00,63.380001068115234,63.529998779296875,62.59000015258789,62.619998931884766,50.25764846801758,11014500,0.0,0.0
2021-03-24 00:00:00-04:00,62.459999084472656,62.88999938964844,62.27000045776367,62.29999923706055,50.00082015991211,9626300,0.0,0.0
2021-03-25 00:00:00-04:00,63.0,63.0,61.97999954223633,62.790000915527344,50.39407730102539,11157300,0.0,0.0
2021-03-26 00:00:00-04:00,62.95000076293945,63.97999954223633,62.83000183105469,63.939998626708984,51.317054748535156,12537800,0.0,0.0
2021-03-29 00:00:00-04:00,63.86000061035156,64.41999816894531,63.65999984741211,64.06999969482422,51.42138671875,9703200,0.0,0.0
2021-03-30 00:00:00-04:00,64.0,64.08000183105469,63.16999816894531,63.310001373291016,50.81142044067383,12232700,0.0,0.0
2021-03-31 00:00:00-04:00,62.900001525878906,63.77000045776367,62.779998779296875,63.130001068115234,51.06216812133789,12679000,0.49,0.0
2021-04-01 00:00:00-04:00,63.18000030517578,63.34000015258789,62.540000915527344,62.93000030517578,50.900394439697266,9725600,0.0,0.0
2021-04-05 00:00:00-04:00,62.900001525878906,63.599998474121094,62.880001068115234,63.15999984741211,51.08644104003906,8868100,0.0,0.0
2021-04-06 00:00:00-04:00,63.209999084472656,63.29999923706055,61.88999938964844,61.97999954223633,50.13200759887695,14002200,0.0,0.0
2021-04-07 00:00:00-04:00,62.0099983215332,62.540000915527344,61.93000030517578,62.060001373291016,50.19670486450195,11799700,0.0,0.0
2021-04-08 00:00:00-04:00,62.20000076293945,62.41999816894531,61.7599983215332,61.90999984741211,50.075382232666016,7846900,0.0,0.0
2021-04-09 00:00:00-04:00,61.79999923706055,62.63999938964844,61.68000030517578,62.61000061035156,50.641571044921875,7868000,0.0,0.0
2021-04-12 00:00:00-04:00,62.529998779296875,62.779998779296875,62.27000045776367,62.689998626708984,50.70628356933594,11163000,0.0,0.0
2021-04-13 00:00:00-04:00,62.90999984741211,63.7400016784668,62.75,63.58000183105469,51.426151275634766,9451100,0.0,0.0
2021-04-14 00:00:00-04:00,63.75,63.959999084472656,63.58000183105469,63.810001373291016,51.6121826171875,7639900,0.0,0.0
2021-04-15 00:00:00-04:00,64.0,64.7300033569336,63.91999816894531,64.44000244140625,52.12174606323242,9834000,0.0,0.0
2021-04-16 00:00:00-04:00,64.93000030517578,65.63999938964844,64.73999786376953,65.45999908447266,52.9467658996582,14589500,0.0,0.0
2021-04-19 00:00:00-04:00,65.41999816894531,65.93000030517578,65.20999908447266,65.5999984741211,53.060001373291016,11851000,0.0,0.0
2021-04-20 00:00:00-04:00,65.44999694824219,66.52999877929688,65.41999816894531,66.08000183105469,53.448246002197266,9685400,0.0,0.0
2021-04-21 00:00:00-04:00,66.5199966430664,66.88999938964844,66.08000183105469,66.31999969482422,53.642372131347656,9532100,0.0,0.0
2021-04-22 00:00:00-04:00,66.1500015258789,66.55999755859375,65.81999969482422,66.31999969482422,53.642372131347656,12914200,0.0,0.0
2021-04-23 00:00:00-04:00,66.30000305175781,66.93000030517578,65.86000061035156,66.01000213623047,53.391624450683594,14715700,0.0,0.0
2021-04-26 00:00:00-04:00,65.95999908447266,66.0,65.08000183105469,65.88999938964844,53.29457473754883,11768800,0.0,0.0
2021-04-27 00:00:00-04:00,66.0,66.27999877929688,65.5999984741211,65.95999908447266,53.35118865966797,7472400,0.0,0.0
2021-04-28 00:00:00-04:00,66.0999984741211,66.38999938964844,65.75,66.02999877929688,53.40781021118164,7645600,0.0,0.0
2021-04-29 00:00:00-04:00,65.0,65.26000213623047,62.40999984741211,62.88999938964844,50.868045806884766,21473300,0.0,0.0
2021-04-30 00:00:00-04:00,62.0,62.77000045776367,61.5099983215332,62.41999816894531,50.487884521484375,17026200,0.0,0.0
2021-05-03 00:00:00-04:00,62.70000076293945,63.59000015258789,62.650001525878906,63.47999954223633,51.34526443481445,10740400,0.0,0.0
2021-05-04 00:00:00-04:00,63.380001068115234,64.20999908447266,63.34000015258789,63.95000076293945,51.72542190551758,10563200,0.0,0.0
2021-05-05 00:00:00-04:00,63.900001525878906,64.8499984741211,63.86000061035156,64.68000030517578,52.31587600708008,12772600,0.0,0.0
2021-05-06 00:00:00-04:00,64.5999984741211,64.72000122070312,64.05000305175781,64.45999908447266,52.1379280090332,11097800,0.0,0.0
2021-05-07 00:00:00-04:00,64.69999694824219,65.38999938964844,64.19000244140625,64.44000244140625,52.12174606323242,7847000,0.0,0.0
2021-05-10 00:00:00-04:00,64.63999938964844,65.29000091552734,64.58999633789062,64.69999694824219,52.33204650878906,10312300,0.0,0.0
2021-05-11 00:00:00-04:00,64.43000030517578,64.9000015258789,64.05000305175781,64.26000213623047,51.97616195678711,9508800,0.0,0.0
2021-05-12 00:00:00-04:00,64.43000030517578,65.2300033569336,64.25,64.52999877929688,52.194541931152344,10640900,0.0,0.0
2021-05-13 00:00:00-04:00,64.44000244140625,65.33999633789062,64.44000244140625,65.04000091552734,52.6070442199707,8611400,0.0,0.0
2021-05-14 00:00:00-04:00,65.19999694824219,65.29000091552734,64.61000061035156,64.87999725341797,52.47763442993164,7555500,0.0,0.0
2021-05-17 00:00:00-04:00,64.83999633789062,65.83999633789062,64.83999633789062,65.45999908447266,52.9467658996582,9173400,0.0,0.0
2021-05-18 00:00:00-04:00,65.41999816894531,65.80000305175781,65.12999725341797,65.5999984741211,53.060001373291016,6668200,0.0,0.0
2021-05-19 00:00:00-04:00,65.31999969482422,65.58000183105469,64.58999633789062,65.55000305175781,53.01955795288086,7623000,0.0,0.0
2021-05-20 00:00:00-04:00,65.31999969482422,67.2300033569336,65.26000213623047,67.0,54.192378997802734,13165000,0.0,0.0
2021-05-21 00:00:00-04:00,67.23999786376953,67.91999816894531,66.97000122070312,67.05000305175781,54.232818603515625,9442100,0.0,0.0
2021-05-24 00:00:00-04:00,67.2699966430664,67.95999908447266,67.20999908447266,67.29000091552734,54.42695236206055,8441800,0.0,0.0
2021-05-25 00:00:00-04:00,67.33999633789062,67.55999755859375,66.66999816894531,66.76000213623047,53.99827575683594,9349700,0.0,0.0
2021-05-26 00:00:00-04:00,66.72000122070312,66.80000305175781,65.98999786376953,66.12999725341797,53.488685607910156,8503900,0.0,0.0
2021-05-27 00:00:00-04:00,66.30000305175781,66.6500015258789,65.58000183105469,65.70999908447266,53.14897537231445,12255400,0.0,0.0
2021-05-28 00:00:00-04:00,65.66000366210938,66.20999908447266,65.5999984741211,65.72000122070312,53.15707015991211,6356800,0.0,0.0
2021-06-01 00:00:00-04:00,66.4000015258789,66.4000015258789,65.02999877929688,65.0999984741211,52.65558624267578,8796600,0.0,0.0
2021-06-02 00:00:00-04:00,65.23999786376953,65.41999816894531,64.54000091552734,64.69000244140625,52.323970794677734,7517300,0.0,0.0
2021-06-03 00:00:00-04:00,64.47000122070312,65.08000183105469,64.29000091552734,64.80000305175781,52.412933349609375,7819400,0.0,0.0
2021-06-04 00:00:00-04:00,64.9800033569336,65.2300033569336,64.86000061035156,64.94000244140625,52.526180267333984,8046000,0.0,0.0
2021-06-07 00:00:00-04:00,65.02999877929688,65.41000366210938,64.7300033569336,64.7699966430664,52.38866424560547,7974100,0.0,0.0
2021-06-08 00:00:00-04:00,64.80999755859375,64.88999938964844,63.220001220703125,63.70000076293945,51.52320861816406,14421200,0.0,0.0
2021-06-09 00:00:00-04:00,64.0199966430664,65.55000305175781,63.91999816894531,65.4000015258789,52.89824676513672,13693600,0.0,0.0
2021-06-10 00:00:00-04:00,65.55000305175781,67.69999694824219,65.41999816894531,67.38999938964844,54.50782775878906,15019300,0.0,0.0
2021-06-11 00:00:00-04:00,67.88999938964844,67.94000244140625,66.77999877929688,67.33999633789062,54.467384338378906,9541600,0.0,0.0
2021-06-14 00:00:00-04:00,67.31999969482422,67.44999694824219,66.6500015258789,67.29000091552734,54.42695236206055,5426600,0.0,0.0
2021-06-15 00:00:00-04:00,67.5,67.56999969482422,66.91999816894531,67.41999816894531,54.5320930480957,6247700,0.0,0.0
2021-06-16 00:00:00-04:00,67.41999816894531,67.86000061035156,66.83999633789062,66.91999816894531,54.12766647338867,10795500,0.0,0.0
2021-06-17 00:00:00-04:00,67.02999877929688,67.16999816894531,66.2300033569336,66.7699966430664,54.00634765625,8841500,0.0,0.0
2021-06-18 00:00:00-04:00,66.4000015258789,66.7300033569336,65.77999877929688,66.47000122070312,53.763694763183594,15038300,0.0,0.0
2021-06-21 00:00:00-04:00,66.61000061035156,67.16000366210938,66.4800033569336,66.83000183105469,54.05488204956055,10195400,0.0,0.0
2021-06-22 00:00:00-04:00,66.75,66.79000091552734,65.70999908447266,65.94000244140625,53.33501052856445,9458700,0.0,0.0
2021-06-23 00:00:00-04:00,66.1500015258789,66.22000122070312,65.23999786376953,65.26000213623047,52.784996032714844,7473100,0.0,0.0
2021-06-24 00:00:00-04:00,65.45999908447266,66.20999908447266,65.41000366210938,65.8499984741211,53.26221466064453,6742200,0.0,0.0
2021-06-25 00:00:00-04:00,65.93000030517578,67.08999633789062,65.70999908447266,66.73999786376953,53.982086181640625,22602400,0.0,0.0
2021-06-28 00:00:00-04:00,66.72000122070312,66.98999786376953,66.12000274658203,66.4000015258789,53.707069396972656,8769900,0.0,0.0
2021-06-29 00:00:00-04:00,66.4000015258789,66.61000061035156,66.08999633789062,66.2699966430664,53.601924896240234,5328300,0.0,0.0
2021-06-30 00:00:00-04:00,66.30999755859375,67.16000366210938,66.19000244140625,66.81999969482422,54.046791076660156,10119900,0.0,0.0
2021-07-01 00:00:00-04:00,66.41999816894531,66.73999786376953,66.25,66.55999755859375,54.23420333862305,8425600,0.49,0.0
2021-07-02 00:00:00-04:00,66.76000213623047,66.9800033569336,66.33000183105469,66.94999694824219,54.551979064941406,6884400,0.0,0.0
2021-07-06 00:00:00-04:00,66.68000030517578,66.80999755859375,66.05000305175781,66.6500015258789,54.307525634765625,9573200,0.0,0.0
2021-07-07 00:00:00-04:00,66.7699966430664,67.19000244140625,66.22000122070312,67.13999938964844,54.70680618286133,7936400,0.0,0.0
2021-07-08 00:00:00-04:00,66.6500015258789,66.80000305175781,66.06999969482422,66.69000244140625,54.34012985229492,11434800,0.0,0.0
2021-07-09 00:00:00-04:00,66.69999694824219,67.56999969482422,66.69999694824219,67.16000366210938,54.72309875488281,8895300,0.0,0.0
2021-07-12 00:00:00-04:00,67.05999755859375,67.86000061035156,67.0,67.5,55.000125885009766,7978900,0.0,0.0
2021-07-13 00:00:00-04:00,67.22000122070312,67.61000061035156,67.01000213623047,67.44000244140625,54.95124435424805,5535600,0.0,0.0
2021-07-14 00:00:00-04:00,67.52999877929688,67.98999786376953,67.19999694824219,67.87999725341797,55.30975341796875,7132800,0.0,0.0
2021-07-15 00:00:00-04:00,67.6500015258789,67.94000244140625,67.12000274658203,67.43000030517578,54.943092346191406,7473000,0.0,0.0
2021-07-16 00:00:00-04:00,67.44000244140625,67.58000183105469,66.81999969482422,67.30000305175781,54.83717346191406,6381400,0.0,0.0
2021-07-19 00:00:00-04:00,66.80000305175781,67.26000213623047,65.77999877929688,66.36000061035156,54.071231842041016,11138100,0.0,0.0
2021-07-20 00:00:00-04:00,66.5,67.66999816894531,66.44000244140625,66.72000122070312,54.36457061767578,8710000,0.0,0.0
2021-07-21 00:00:00-04:00,67.11000061035156,67.23999786376953,66.55999755859375,67.16000366210938,54.72309875488281,5796400,0.0,0.0
2021-07-22 00:00:00-04:00,67.13999938964844,68.0,66.93000030517578,67.95999908447266,55.374935150146484,11068400,0.0,0.0
2021-07-23 00:00:00-04:00,68.0,68.52999877929688,67.80000305175781,68.33999633789062,55.6845703125,7092300,0.0,0.0
2021-07-26 00:00:00-04:00,68.22000122070312,68.33999633789062,67.48999786376953,67.69000244140625,55.15494918823242,8306000,0.0,0.0
2021-07-27 00:00:00-04:00,67.26000213623047,67.72000122070312,67.05000305175781,67.48999786376953,54.99197769165039,11190400,0.0,0.0
2021-07-28 00:00:00-04:00,67.5999984741211,68.98999786376953,67.01000213623047,68.7300033569336,56.00236892700195,11625900,0.0,0.0
2021-07-29 00:00:00-04:00,69.0,69.2699966430664,68.05000305175781,68.1500015258789,55.52976608276367,8963700,0.0,0.0
2021-07-30 00:00:00-04:00,68.1500015258789,68.5199966430664,67.48999786376953,67.87000274658203,55.301605224609375,10008000,0.0,0.0
2021-08-02 00:00:00-04:00,68.19999694824219,68.69999694824219,67.95999908447266,68.0199966430664,55.423831939697266,6562100,0.0,0.0
2021-08-03 00:00:00-04:00,68.30000305175781,69.33000183105469,68.0,69.30999755859375,56.47492980957031,8780200,0.0,0.0
2021-08-04 00:00:00-04:00,68.93000030517578,69.33999633789062,68.44999694824219,68.48999786376953,55.806800842285156,5857300,0.0,0.0
2021-08-05 00:00:00-04:00,68.66999816894531,68.76000213623047,67.97000122070312,68.41999816894531,55.7497673034668,5484300,0.0,0.0
2021-08-06 00:00:00-04:00,68.38999938964844,68.4000015258789,67.76000213623047,68.12000274658203,55.505313873291016,6632900,0.0,0.0
2021-08-09 00:00:00-04:00,68.19999694824219,68.33000183105469,67.22000122070312,67.37999725341797,54.90234375,8154100,0.0,0.0
2021-08-10 00:00:00-04:00,67.44000244140625,67.56999969482422,66.7699966430664,67.37999725341797,54.90234375,7415300,0.0,0.0
2021-08-11 00:00:00-04:00,67.52999877929688,67.7300033569336,66.75,66.87000274658203,54.48679733276367,5768900,0.0,0.0
2021-08-12 00:00:00-04:00,66.7699966430664,67.22000122070312,66.5999984741211,66.94999694824219,54.551979064941406,5722900,0.0,0.0
2021-08-13 00:00:00-04:00,67.01000213623047,67.83000183105469,66.9800033569336,67.51000213623047,55.00828170776367,4901100,0.0,0.0
2021-08-16 00:00:00-04:00,67.51000213623047,68.69999694824219,67.5,68.68000030517578,55.96161651611328,6753600,0.0,0.0
2021-08-17 00:00:00-04:00,68.68000030517578,69.16000366210938,68.20999908447266,68.95999908447266,56.18975830078125,7560300,0.0,0.0
2021-08-18 00:00:00-04:00,68.98999786376953,69.06999969482422,67.86000061035156,67.93000030517578,55.35050582885742,6863800,0.0,0.0
2021-08-19 00:00:00-04:00,67.6500015258789,69.11000061035156,67.55999755859375,68.51000213623047,55.82310104370117,11707400,0.0,0.0
2021-08-20 00:00:00-04:00,68.70999908447266,69.3499984741211,68.30000305175781,69.19999694824219,56.38532638549805,9053400,0.0,0.0
2021-08-23 00:00:00-04:00,69.26000213623047,69.75,68.87999725341797,68.94000244140625,56.17346954345703,7988800,0.0,0.0
2021-08-24 00:00:00-04:00,68.83999633789062,68.8499984741211,68.19000244140625,68.5199966430664,55.83123779296875,5125100,0.0,0.0
2021-08-25 00:00:00-04:00,68.26000213623047,68.30999755859375,67.30000305175781,67.5999984741211,55.081607818603516,7639700,0.0,0.0
2021-08-26 00:00:00-04:00,67.43000030517578,67.76000213623047,66.94999694824219,66.98999786376953,54.584564208984375,4697700,0.0,0.0
2021-08-27 00:00:00-04:00,67.08000183105469,67.22000122070312,66.58000183105469,66.5999984741211,54.26679229736328,6863400,0.0,0.0
2021-08-30 00:00:00-04:00,66.70999908447266,67.4800033569336,66.51000213623047,67.20999908447266,54.76383972167969,4257400,0.0,0.0
2021-08-31 00:00:00-04:00,67.05000305175781,67.6500015258789,66.7699966430664,66.86000061035156,54.47865295410156,8502700,0.0,0.0
2021-09-01 00:00:00-04:00,67.29000091552734,67.29000091552734,65.44000244140625,65.80999755859375,53.62309265136719,10320400,0.0,0.0
2021-09-02 00:00:00-04:00,65.97000122070312,66.12000274658203,65.5,66.12000274658203,53.87568664550781,7064400,0.0,0.0
2021-09-03 00:00:00-04:00,65.97000122070312,65.97000122070312,65.29000091552734,65.61000061035156,53.46012878417969,7770800,0.0,0.0
2021-09-07 00:00:00-04:00,65.44000244140625,65.55999755859375,64.6500015258789,65.19000244140625,53.11791229248047,8789000,0.0,0.0
2021-09-08 00:00:00-04:00,64.61000061035156,65.13999938964844,64.0199966430664,64.91999816894531,52.89789962768555,12231600,0.0,0.0
2021-09-09 00:00:00-04:00,64.44000244140625,64.76000213623047,63.45000076293945,63.58000183105469,51.806053161621094,11246000,0.0,0.0
2021-09-10 00:00:00-04:00,63.720001220703125,63.869998931884766,62.959999084472656,63.130001068115234,51.43938446044922,10017200,0.0,0.0
2021-09-13 00:00:00-04:00,63.470001220703125,63.5099983215332,62.560001373291016,62.84000015258789,51.20308303833008,9031500,0.0,0.0
2021-09-14 00:00:00-04:00,63.060001373291016,63.09000015258789,61.970001220703125,62.11000061035156,50.6082649230957,8009700,0.0,0.0
2021-09-15 00:00:00-04:00,61.97999954223633,62.470001220703125,61.810001373291016,62.0,50.51863479614258,7981400,0.0,0.0
2021-09-16 00:00:00-04:00,61.86000061035156,62.04999923706055,60.65999984741211,61.22999954223633,49.8912353515625,13621900,0.0,0.0
2021-09-17 00:00:00-04:00,60.5099983215332,61.41999816894531,60.36000061035156,61.310001373291016,49.95640563964844,20447900,0.0,0.0
2021-09-20 00:00:00-04:00,60.63999938964844,61.380001068115234,60.15999984741211,60.5,49.29640197753906,15426800,0.0,0.0
2021-09-21 00:00:00-04:00,60.540000915527344,61.130001068115234,60.310001373291016,60.33000183105469,49.15789794921875,10157700,0.0,0.0
2021-09-22 00:00:00-04:00,60.5,60.65999984741211,60.04999923706055,60.150001525878906,49.01122283935547,9661300,0.0,0.0
2021-09-23 00:00:00-04:00,60.400001525878906,61.34000015258789,60.220001220703125,60.630001068115234,49.40233612060547,9393700,0.0,0.0
2021-09-24 00:00:00-04:00,60.5,61.099998474121094,60.16999816894531,60.22999954223633,49.076416015625,9541700,0.0,0.0
2021-09-27 00:00:00-04:00,60.11000061035156,60.720001220703125,59.790000915527344,59.84000015258789,48.758636474609375,8231800,0.0,0.0
2021-09-28 00:00:00-04:00,59.880001068115234,60.22999954223633,59.380001068115234,59.84000015258789,48.758636474609375,10812500,0.0,0.0
2021-09-29 00:00:00-04:00,59.900001525878906,60.939998626708984,59.900001525878906,60.619998931884766,49.39419174194336,9043300,0.0,0.0
2021-09-30 00:00:00-04:00,60.18000030517578,60.56999969482422,59.150001525878906,59.16999816894531,48.6055908203125,11995500,0.49,0.0
2021-10-01 00:00:00-04:00,59.369998931884766,59.7599983215332,58.650001525878906,59.5099983215332,48.884891510009766,11188000,0.0,0.0
2021-10-04 00:00:00-04:00,59.400001525878906,60.029998779296875,58.849998474121094,58.93000030517578,48.40843963623047,12532800,0.0,0.0
2021-10-05 00:00:00-04:00,58.86000061035156,59.68000030517578,58.83000183105469,59.150001525878906,48.58916091918945,11406200,0.0,0.0
2021-10-06 00:00:00-04:00,59.11000061035156,59.22999954223633,58.599998474121094,59.189998626708984,48.62202453613281,9283400,0.0,0.0
2021-10-07 00:00:00-04:00,58.75,59.349998474121094,58.369998931884766,59.0099983215332,48.474159240722656,13798200,0.0,0.0
2021-10-08 00:00:00-04:00,58.869998931884766,58.9900016784668,56.810001373291016,57.2599983215332,47.0366096496582,27249600,0.0,0.0
2021-10-11 00:00:00-04:00,57.31999969482422,57.77000045776367,57.0099983215332,57.41999816894531,47.16804122924805,10741400,0.0,0.0
2021-10-12 00:00:00-04:00,57.52000045776367,58.84000015258789,56.81999969482422,57.060001373291016,46.87232208251953,11736300,0.0,0.0
2021-10-13 00:00:00-04:00,57.060001373291016,57.38999938964844,56.65999984741211,57.06999969482422,46.88053512573242,9876200,0.0,0.0
2021-10-14 00:00:00-04:00,57.06999969482422,58.16999816894531,57.0099983215332,57.70000076293945,47.39805221557617,9027700,0.0,0.0
2021-10-15 00:00:00-04:00,58.11000061035156,58.689998626708984,57.90999984741211,58.36000061035156,47.940216064453125,9445300,0.0,0.0
2021-10-18 00:00:00-04:00,58.0099983215332,58.150001525878906,56.91999816894531,56.939998626708984,46.77375030517578,13320600,0.0,0.0
2021-10-19 00:00:00-04:00,57.18000030517578,57.63999938964844,57.02000045776367,57.59000015258789,47.307701110839844,9390200,0.0,0.0
2021-10-20 00:00:00-04:00,57.90999984741211,58.599998474121094,57.900001525878906,58.06999969482422,47.701995849609375,9010300,0.0,0.0
2021-10-21 00:00:00-04:00,58.09000015258789,58.099998474121094,57.369998931884766,57.810001373291016,47.4884147644043,7159000,0.0,0.0
2021-10-22 00:00:00-04:00,57.810001373291016,59.0,57.43000030517578,57.599998474121094,47.31590270996094,6884500,0.0,0.0
2021-10-25 00:00:00-04:00,57.720001220703125,58.15999984741211,57.52000045776367,57.810001373291016,47.4884147644043,9716100,0.0,0.0
2021-10-26 00:00:00-04:00,57.900001525878906,58.349998474121094,57.619998931884766,58.2400016784668,47.841636657714844,9984600,0.0,0.0
2021-10-27 00:00:00-04:00,58.349998474121094,58.41999816894531,56.11000061035156,56.4900016784668,46.404083251953125,18773700,0.0,0.0
2021-10-28 00:00:00-04:00,56.529998779296875,57.75,56.349998474121094,57.130001068115234,46.92981719970703,16380800,0.0,0.0
2021-10-29 00:00:00-04:00,57.25,58.56999969482422,57.13999938964844,58.400001525878906,47.97307586669922,17067000,0.0,0.0
2021-11-01 00:00:00-04:00,58.29999923706055,59.220001220703125,58.290000915527344,58.68000030517578,48.20308303833008,13216600,0.0,0.0
2021-11-02 00:00:00-04:00,58.779998779296875,59.630001068115234,58.290000915527344,58.630001068115234,48.162010192871094,13462700,0.0,0.0
2021-11-03 00:00:00-04:00,58.54999923706055,59.470001220703125,58.40999984741211,59.36000061035156,48.76167297363281,12305800,0.0,0.0
2021-11-04 00:00:00-04:00,59.439998626708984,59.689998626708984,58.61000061035156,59.25,48.67131042480469,9831000,0.0,0.0
2021-11-05 00:00:00-04:00,59.08000183105469,59.86000061035156,58.77000045776367,59.45000076293945,48.835601806640625,10625200,0.0,0.0
2021-11-08 00:00:00-05:00,59.79999923706055,60.20000076293945,59.060001373291016,59.40999984741211,48.8027458190918,10294200,0.0,0.0
2021-11-09 00:00:00-05:00,59.40999984741211,59.650001525878906,59.20000076293945,59.459999084472656,48.843814849853516,9128800,0.0,0.0
2021-11-10 00:00:00-05:00,59.29999923706055,59.95000076293945,59.29999923706055,59.38999938964844,48.78632354736328,11005200,0.0,0.0
2021-11-11 00:00:00-05:00,59.400001525878906,59.689998626708984,59.13999938964844,59.189998626708984,48.62202453613281,8148700,0.0,0.0
2021-11-12 00:00:00-05:00,58.81999969482422,59.70000076293945,58.7599983215332,59.43000030517578,48.819175720214844,9278300,0.0,0.0
2021-11-15 00:00:00-05:00,59.79999923706055,60.060001373291016,59.4900016784668,59.619998931884766,48.97524642944336,10543300,0.0,0.0
2021-11-16 00:00:00-05:00,59.5,59.939998626708984,58.849998474121094,59.099998474121094,48.548091888427734,9320300,0.0,0.0
2021-11-17 00:00:00-05:00,59.0,59.75,58.349998474121094,59.439998626708984,48.827388763427734,12324500,0.0,0.0
2021-11-18 00:00:00-05:00,59.45000076293945,59.70000076293945,58.7400016784668,59.040000915527344,48.49879455566406,9815900,0.0,0.0
2021-11-19 00:00:00-05:00,59.130001068115234,59.41999816894531,57.79999923706055,57.83000183105469,47.50484085083008,13880200,0.0,0.0
2021-11-22 00:00:00-05:00,57.810001373291016,58.31999969482422,57.02000045776367,57.040000915527344,46.855892181396484,14185500,0.0,0.0
2021-11-23 00:00:00-05:00,57.290000915527344,57.959999084472656,57.20000076293945,57.45000076293945,47.19268798828125,14464200,0.0,0.0
2021-11-24 00:00:00-05:00,57.41999816894531,57.720001220703125,56.560001373291016,56.810001373291016,46.666954040527344,17685200,0.0,0.0
2021-11-26 00:00:00-05:00,56.310001373291016,56.72999954223633,55.81999969482422,56.529998779296875,46.43695068359375,15832300,0.0,0.0
2021-11-29 00:00:00-05:00,55.84000015258789,56.29999923706055,54.599998474121094,54.63999938964844,44.8843879699707,22025000,0.0,0.0
2021-11-30 00:00:00-05:00,54.15999984741211,54.349998474121094,53.220001220703125,53.630001068115234,44.054725646972656,25407200,0.0,0.0
2021-12-01 00:00:00-05:00,53.939998626708984,55.959999084472656,53.90999984741211,54.95000076293945,45.139041900634766,20198400,0.0,0.0
2021-12-02 00:00:00-05:00,54.9900016784668,55.880001068115234,54.66999816894531,55.40999984741211,45.51691818237305,17193700,0.0,0.0
2021-12-03 00:00:00-05:00,55.7599983215332,56.689998626708984,55.7599983215332,56.31999969482422,46.26443862915039,18445600,0.0,0.0
2021-12-06 00:00:00-05:00,56.52000045776367,57.540000915527344,56.45000076293945,56.83000183105469,46.683387756347656,18988000,0.0,0.0
2021-12-07 00:00:00-05:00,57.04999923706055,57.7599983215332,56.939998626708984,57.130001068115234,46.92981719970703,13037800,0.0,0.0
2021-12-08 00:00:00-05:00,57.38999938964844,57.880001068115234,57.150001525878906,57.599998474121094,47.31590270996094,11391700,0.0,0.0
2021-12-09 00:00:00-05:00,57.2400016784668,57.79999923706055,56.90999984741211,57.540000915527344,47.26662063598633,13622700,0.0,0.0
2021-12-10 00:00:00-05:00,57.61000061035156,57.79999923706055,56.11000061035156,56.36000061035156,46.29730224609375,14467200,0.0,0.0
2021-12-13 00:00:00-05:00,57.2599983215332,59.369998931884766,57.11000061035156,59.04999923706055,48.50700759887695,18908400,0.0,0.0
2021-12-14 00:00:00-05:00,58.79999923706055,60.43000030517578,58.599998474121094,59.5099983215332,48.884891510009766,21215300,0.0,0.0
2021-12-15 00:00:00-05:00,59.619998931884766,60.880001068115234,59.599998474121094,60.61000061035156,49.78848648071289,18498200,0.0,0.0
2021-12-16 00:00:00-05:00,61.0,62.66999816894531,60.790000915527344,62.16999816894531,51.0699577331543,17947200,0.0,0.0
2021-12-17 00:00:00-05:00,62.29999923706055,62.56999969482422,61.36000061035156,61.560001373291016,50.568878173828125,24453700,0.0,0.0
2021-12-20 00:00:00-05:00,61.439998626708984,62.040000915527344,60.880001068115234,61.720001220703125,50.70030975341797,10894300,0.0,0.0
2021-12-21 00:00:00-05:00,62.0,62.2400016784668,61.25,61.45000076293945,50.478511810302734,8669700,0.0,0.0
2021-12-22 00:00:00-05:00,61.36000061035156,62.279998779296875,60.93000030517578,62.099998474121094,51.0124626159668,15119700,0.0,0.0
2021-12-23 00:00:00-05:00,62.40999984741211,62.560001373291016,61.849998474121094,62.04999923706055,50.97138595581055,8077000,0.0,0.0
2021-12-27 00:00:00-05:00,62.09000015258789,62.349998474121094,61.77000045776367,62.290000915527344,51.168548583984375,9542600,0.0,0.0
2021-12-28 00:00:00-05:00,62.31999969482422,62.63999938964844,62.11000061035156,62.349998474121094,51.21781921386719,6002200,0.0,0.0
2021-12-29 00:00:00-05:00,62.189998626708984,62.4900016784668,62.029998779296875,62.290000915527344,51.168548583984375,4875400,0.0,0.0
2021-12-30 00:00:00-05:00,62.5,63.16999816894531,62.36000061035156,62.52000045776367,51.35747146606445,6248000,0.0,0.0
2021-12-31 00:00:00-05:00,62.61000061035156,62.9900016784668,62.349998474121094,62.349998474121094,51.21781921386719,6446200,0.0,0.0
2022-01-03 00:00:00-05:00,62.06999969482422,62.2400016784668,61.34000015258789,61.880001068115234,50.83173751831055,12359400,0.0,0.0
2022-01-04 00:00:00-05:00,61.5,62.310001373291016,61.06999969482422,62.130001068115234,51.037109375,11415200,0.0,0.0
2022-01-05 00:00:00-05:00,62.439998626708984,63.27000045776367,62.119998931884766,62.15999984741211,51.06175231933594,11074100,0.0,0.0
2022-01-06 00:00:00-05:00,61.720001220703125,61.790000915527344,60.86000061035156,61.47999954223633,50.94573974609375,8048900,0.54,0.0
2022-01-07 00:00:00-05:00,61.4900016784668,63.0099983215332,61.209999084472656,62.83000183105469,52.064422607421875,16670000,0.0,0.0
2022-01-10 00:00:00-05:00,62.79999923706055,65.31999969482422,62.7599983215332,65.0999984741211,53.94546890258789,27534100,0.0,0.0
2022-01-11 00:00:00-05:00,64.70999908447266,65.8499984741211,64.30999755859375,65.4800033569336,54.26035690307617,12999500,0.0,0.0
2022-01-12 00:00:00-05:00,64.86000061035156,65.36000061035156,64.37999725341797,64.81999969482422,53.71344757080078,10148200,0.0,0.0
2022-01-13 00:00:00-05:00,64.6500015258789,64.95999908447266,63.86000061035156,64.5999984741211,53.53114318847656,8201800,0.0,0.0
2022-01-14 00:00:00-05:00,64.27999877929688,64.98999786376953,64.25,64.93000030517578,53.80459976196289,10302000,0.0,0.0
2022-01-18 00:00:00-05:00,64.68000030517578,65.02999877929688,63.810001373291016,64.88999938964844,53.77145767211914,13301400,0.0,0.0
2022-01-19 00:00:00-05:00,64.86000061035156,65.33000183105469,64.41999816894531,64.72000122070312,53.63057327270508,12569200,0.0,0.0
2022-01-20 00:00:00-05:00,64.5199966430664,65.3499984741211,64.12999725341797,64.58000183105469,53.51457214355469,8523100,0.0,0.0
2022-01-21 00:00:00-05:00,64.73999786376953,64.91999816894531,63.290000915527344,63.540000915527344,52.65275955200195,13273200,0.0,0.0
2022-01-24 00:00:00-05:00,63.18000030517578,63.41999816894531,61.189998626708984,62.61000061035156,51.882118225097656,17667200,0.0,0.0
2022-01-25 00:00:00-05:00,62.2400016784668,62.810001373291016,61.45000076293945,62.459999084472656,51.757816314697266,16752800,0.0,0.0
2022-01-26 00:00:00-05:00,62.15999984741211,63.40999984741211,61.86000061035156,62.2400016784668,51.57551956176758,13664200,0.0,0.0
2022-01-27 00:00:00-05:00,62.5099983215332,64.5199966430664,62.349998474121094,63.86000061035156,52.91793441772461,16567900,0.0,0.0
2022-01-28 00:00:00-05:00,63.68000030517578,64.91999816894531,63.2400016784668,64.91000366210938,53.788028717041016,10848400,0.0,0.0
2022-01-31 00:00:00-05:00,64.58000183105469,65.0,64.38999938964844,64.88999938964844,53.77145767211914,12036600,0.0,0.0
2022-02-01 00:00:00-05:00,65.01000213623047,65.26000213623047,64.68000030517578,65.19000244140625,54.02005386352539,12055500,0.0,0.0
2022-02-02 00:00:00-05:00,64.8499984741211,64.9800033569336,64.02999877929688,64.80000305175781,53.696876525878906,12312300,0.0,0.0
2022-02-03 00:00:00-05:00,64.80000305175781,65.08000183105469,63.599998474121094,64.06999969482422,53.09194564819336,13946700,0.0,0.0
2022-02-04 00:00:00-05:00,63.150001525878906,65.44999694824219,62.900001525878906,64.98999786376953,53.854312896728516,13193700,0.0,0.0
2022-02-07 00:00:00-05:00,65.37999725341797,66.44999694824219,65.0,66.19000244140625,54.84870529174805,17538000,0.0,0.0
2022-02-08 00:00:00-05:00,66.25,66.29000091552734,65.5999984741211,65.88999938964844,54.60011291503906,13613900,0.0,0.0
2022-02-09 00:00:00-05:00,65.73999786376953,67.2699966430664,65.62000274658203,67.13999938964844,55.635921478271484,17159900,0.0,0.0
2022-02-10 00:00:00-05:00,66.87000274658203,67.0999984741211,66.16999816894531,66.51000213623047,55.11387252807617,21184400,0.0,0.0
2022-02-11 00:00:00-05:00,66.41999816894531,67.36000061035156,66.38999938964844,66.87999725341797,55.42047119140625,15613400,0.0,0.0
2022-02-14 00:00:00-05:00,66.87000274658203,67.0199966430664,65.81999969482422,66.80999755859375,55.36247253417969,14939400,0.0,0.0
2022-02-15 00:00:00-05:00,66.7300033569336,68.05999755859375,66.7300033569336,67.7699966430664,56.15797424316406,24972100,0.0,0.0
2022-02-16 00:00:00-05:00,67.7699966430664,68.38999938964844,67.44999694824219,67.5999984741211,56.01710510253906,14253300,0.0,0.0
2022-02-17 00:00:00-05:00,67.5,67.77999877929688,66.79000091552734,67.38999938964844,55.843082427978516,13456500,0.0,0.0
2022-02-18 00:00:00-05:00,67.37999725341797,67.91999816894531,67.18000030517578,67.55000305175781,55.975685119628906,12278900,0.0,0.0
2022-02-22 00:00:00-05:00,67.66999816894531,68.2699966430664,67.05000305175781,67.44999694824219,55.89280319213867,15771200,0.0,0.0
2022-02-23 00:00:00-05:00,67.9000015258789,68.29000091552734,67.45999908447266,67.93000030517578,56.290565490722656,15957700,0.0,0.0
2022-02-24 00:00:00-05:00,66.48999786376953,67.16999816894531,66.19000244140625,67.0999984741211,55.602787017822266,18055400,0.0,0.0
2022-02-25 00:00:00-05:00,67.69000244140625,69.31999969482422,67.62999725341797,68.80000305175781,57.01149368286133,15719800,0.0,0.0
2022-02-28 00:00:00-05:00,67.69000244140625,68.69999694824219,67.29000091552734,68.66999816894531,56.903770446777344,22480200,0.0,0.0
2022-03-01 00:00:00-05:00,68.12000274658203,69.01000213623047,68.0199966430664,68.62999725341797,56.87062454223633,12418300,0.0,0.0
2022-03-02 00:00:00-05:00,68.76000213623047,69.25,68.51000213623047,68.8499984741211,57.052921295166016,13004700,0.0,0.0
2022-03-03 00:00:00-05:00,68.8499984741211,69.6500015258789,68.61000061035156,69.11000061035156,57.26838302612305,15730900,0.0,0.0
2022-03-04 00:00:00-05:00,68.26000213623047,69.54000091552734,68.23999786376953,69.36000061035156,57.47554016113281,13076200,0.0,0.0
2022-03-07 00:00:00-05:00,69.20999908447266,69.2300033569336,68.16999816894531,68.7699966430664,56.986637115478516,15714900,0.0,0.0
2022-03-08 00:00:00-05:00,67.93000030517578,68.41000366210938,67.33000183105469,67.73999786376953,56.13311767578125,19223500,0.0,0.0
2022-03-09 00:00:00-05:00,68.37999725341797,68.62000274658203,67.95999908447266,68.12999725341797,56.456295013427734,12430800,0.0,0.0
2022-03-10 00:00:00-05:00,67.7699966430664,68.7300033569336,67.70999908447266,68.41999816894531,56.69660949707031,12817400,0.0,0.0
2022-03-11 00:00:00-05:00,68.08999633789062,69.48999786376953,67.94000244140625,68.87000274658203,57.06950759887695,14023800,0.0,0.0
2022-03-14 00:00:00-04:00,68.93000030517578,69.94000244140625,68.75,69.23999786376953,57.37610626220703,17475600,0.0,0.0
2022-03-15 00:00:00-04:00,69.66999816894531,70.19000244140625,69.27999877929688,69.75,57.79872512817383,15977200,0.0,0.0
2022-03-16 00:00:00-04:00,69.93000030517578,70.1500015258789,69.0199966430664,69.66000366210938,57.72413635253906,15734300,0.0,0.0
2022-03-17 00:00:00-04:00,69.69000244140625,70.70999908447266,69.27999877929688,70.5199966430664,58.43678283691406,17191500,0.0,0.0
2022-03-18 00:00:00-04:00,70.38999938964844,71.0199966430664,69.91999816894531,71.0199966430664,58.85108947753906,33020100,0.0,0.0
2022-03-21 00:00:00-04:00,71.4800033569336,72.05999755859375,70.5999984741211,71.05000305175781,58.875972747802734,18289000,0.0,0.0
2022-03-22 00:00:00-04:00,71.20999908447266,71.4000015258789,70.2699966430664,70.81999969482422,58.68537902832031,14242400,0.0,0.0
2022-03-23 00:00:00-04:00,70.98999786376953,71.51000213623047,70.63999938964844,71.37999725341797,59.14943313598633,13438700,0.0,0.0
2022-03-24 00:00:00-04:00,71.62000274658203,72.5999984741211,71.48999786376953,72.41000366210938,60.002933502197266,12981700,0.0,0.0
2022-03-25 00:00:00-04:00,72.5,73.45999908447266,72.44999694824219,73.27999877929688,60.723873138427734,12153100,0.0,0.0
2022-03-28 00:00:00-04:00,73.19999694824219,73.73999786376953,72.70999908447266,73.11000061035156,60.5829963684082,10629100,0.0,0.0
2022-03-29 00:00:00-04:00,72.95999908447266,73.33999633789062,72.66000366210938,73.2300033569336,60.68244171142578,14833300,0.0,0.0
2022-03-30 00:00:00-04:00,73.5199966430664,74.06999969482422,73.22000122070312,73.72000122070312,61.08848190307617,12146600,0.0,0.0
2022-03-31 00:00:00-04:00,73.45999908447266,73.61000061035156,72.9800033569336,73.02999877929688,60.9632682800293,17143100,0.54,0.0
2022-04-01 00:00:00-04:00,73.19000244140625,73.93000030517578,73.0,73.81999969482422,61.62273025512695,12528600,0.0,0.0
2022-04-04 00:00:00-04:00,74.0,74.88999938964844,73.54000091552734,73.79000091552734,61.59769821166992,13542100,0.0,0.0
2022-04-05 00:00:00-04:00,73.76000213623047,74.98999786376953,73.55999755859375,74.43000030517578,62.13193893432617,12224900,0.0,0.0
2022-04-06 00:00:00-04:00,74.18000030517578,75.4800033569336,73.97000122070312,75.33999633789062,62.89158248901367,15420100,0.0,0.0
2022-04-07 00:00:00-04:00,75.37999725341797,77.27999877929688,75.30000305175781,77.26000213623047,64.49433135986328,20655600,0.0,0.0
2022-04-08 00:00:00-04:00,76.81999969482422,78.05999755859375,76.76000213623047,77.7699966430664,64.92008972167969,22333100,0.0,0.0
2022-04-11 00:00:00-04:00,77.69999694824219,78.12999725341797,76.47000122070312,76.5,63.859928131103516,15560700,0.0,0.0
2022-04-12 00:00:00-04:00,76.22000122070312,77.0199966430664,75.56999969482422,76.55000305175781,63.90165710449219,12596400,0.0,0.0
2022-04-13 00:00:00-04:00,76.7300033569336,77.13999938964844,76.44999694824219,76.87000274658203,64.16878509521484,9961000,0.0,0.0
2022-04-14 00:00:00-04:00,77.04000091552734,78.12000274658203,76.79000091552734,77.51000213623047,64.70303344726562,16730400,0.0,0.0
2022-04-18 00:00:00-04:00,77.1500015258789,77.2300033569336,76.36000061035156,76.75,64.06861114501953,13841900,0.0,0.0
2022-04-19 00:00:00-04:00,76.87999725341797,76.88999938964844,75.9800033569336,76.4000015258789,63.77644729614258,12875700,0.0,0.0
2022-04-20 00:00:00-04:00,76.20999908447266,77.69000244140625,76.04000091552734,77.27999877929688,64.51103210449219,9721100,0.0,0.0
2022-04-21 00:00:00-04:00,77.27999877929688,78.16999816894531,76.61000061035156,77.55999755859375,64.7447738647461,11110200,0.0,0.0
2022-04-22 00:00:00-04:00,76.91000366210938,77.29000091552734,75.68000030517578,75.75,63.23383712768555,15110700,0.0,0.0
2022-04-25 00:00:00-04:00,75.73999786376953,76.23999786376953,74.70999908447266,76.05000305175781,63.48426818847656,14944800,0.0,0.0
2022-04-26 00:00:00-04:00,75.9800033569336,76.94000244140625,75.55999755859375,75.58999633789062,63.10028839111328,11525600,0.0,0.0
2022-04-27 00:00:00-04:00,75.80000305175781,76.30000305175781,75.08999633789062,75.80999755859375,63.28390884399414,12603600,0.0,0.0
2022-04-28 00:00:00-04:00,76.7699966430664,77.75,76.22000122070312,77.19999694824219,64.44424438476562,21438800,0.0,0.0
2022-04-29 00:00:00-04:00,73.77999877929688,76.01000213623047,73.3499984741211,75.2699966430664,62.833152770996094,26446500,0.0,0.0
2022-05-02 00:00:00-04:00,75.37000274658203,75.97000122070312,74.33000183105469,75.08000183105469,62.67454147338867,20533700,0.0,0.0
2022-05-03 00:00:00-04:00,75.77999877929688,75.98999786376953,74.20999908447266,75.05000305175781,62.64949035644531,14951500,0.0,0.0
2022-05-04 00:00:00-04:00,75.01000213623047,76.63999938964844,74.80000305175781,76.30999755859375,63.701297760009766,17112500,0.0,0.0
2022-05-05 00:00:00-04:00,76.38999938964844,77.02999877929688,75.52999877929688,76.25,63.65123748779297,14788100,0.0,0.0
2022-05-06 00:00:00-04:00,76.12000274658203,76.8499984741211,75.76000213623047,76.66999816894531,64.00182342529297,15177800,0.0,0.0
2022-05-09 00:00:00-04:00,75.69000244140625,77.25,74.86000061035156,76.2699966430664,63.66792297363281,19130700,0.0,0.0
2022-05-10 00:00:00-04:00,76.81999969482422,77.0,75.62999725341797,76.29000091552734,63.68461227416992,15343400,0.0,0.0
2022-05-11 00:00:00-04:00,76.26000213623047,77.33000183105469,76.06999969482422,76.1500015258789,63.5677490234375,13678100,0.0,0.0
2022-05-12 00:00:00-04:00,76.08000183105469,76.33999633789062,74.86000061035156,76.30000305175781,63.69296646118164,16224500,0.0,0.0
2022-05-13 00:00:00-04:00,76.44000244140625,76.58999633789062,75.5199966430664,75.80000305175781,63.27558517456055,13773100,0.0,0.0
2022-05-16 00:00:00-04:00,76.29000091552734,77.25,76.08000183105469,76.91000366210938,64.2021713256836,13441100,0.0,0.0
2022-05-17 00:00:00-04:00,76.94000244140625,78.43000030517578,76.80000305175781,78.22000122070312,65.29572296142578,14509400,0.0,0.0
2022-05-18 00:00:00-04:00,78.2699966430664,78.47000122070312,76.83999633789062,77.0199966430664,64.29399871826172,15026200,0.0,0.0
2022-05-19 00:00:00-04:00,76.08999633789062,76.79000091552734,75.69000244140625,75.95999908447266,63.40913391113281,14858600,0.0,0.0
2022-05-20 00:00:00-04:00,76.5,77.1500015258789,75.33999633789062,76.19000244140625,63.601139068603516,17329700,0.0,0.0
2022-05-23 00:00:00-04:00,76.51000213623047,77.4800033569336,76.45999908447266,76.69999694824219,64.02685546875,13539200,0.0,0.0
2022-05-24 00:00:00-04:00,76.69999694824219,77.72000122070312,76.41000366210938,77.12999725341797,64.38583374023438,13242500,0.0,0.0
2022-05-25 00:00:00-04:00,77.12999725341797,77.87000274658203,76.66000366210938,77.23999786376953,64.47764587402344,12508400,0.0,0.0
2022-05-26 00:00:00-04:00,78.11000061035156,78.61000061035156,77.31999969482422,77.58999633789062,64.76981353759766,12028800,0.0,0.0
2022-05-27 00:00:00-04:00,77.30999755859375,77.44999694824219,75.47000122070312,76.13999938964844,63.55940246582031,16315700,0.0,0.0
2022-05-31 00:00:00-04:00,75.08000183105469,75.9800033569336,73.66999816894531,75.44999694824219,62.9834098815918,28617100,0.0,0.0
2022-06-01 00:00:00-04:00,75.33999633789062,75.51000213623047,74.33999633789062,74.95999908447266,62.574363708496094,12280200,0.0,0.0
2022-06-02 00:00:00-04:00,75.5,75.5999984741211,73.62000274658203,75.06999969482422,62.66618728637695,12805100,0.0,0.0
2022-06-03 00:00:00-04:00,74.3499984741211,75.31999969482422,74.30000305175781,75.16999816894531,62.749671936035156,12188400,0.0,0.0
2022-06-06 00:00:00-04:00,75.44999694824219,75.62999725341797,74.69000244140625,75.25,62.816436767578125,11551100,0.0,0.0
2022-06-07 00:00:00-04:00,75.2699966430664,76.72000122070312,75.18000030517578,76.58999633789062,63.9350471496582,13994500,0.0,0.0
2022-06-08 00:00:00-04:00,76.5199966430664,76.81999969482422,75.91999816894531,76.18000030517578,63.592796325683594,7617300,0.0,0.0
2022-06-09 00:00:00-04:00,76.08999633789062,76.9800033569336,75.81999969482422,75.9800033569336,63.42583465576172,11760600,0.0,0.0
2022-06-10 00:00:00-04:00,75.4000015258789,75.72000122070312,74.87999725341797,75.08999633789062,62.682884216308594,10964700,0.0,0.0
2022-06-13 00:00:00-04:00,73.86000061035156,74.33000183105469,73.30000305175781,73.58000183105469,61.42238998413086,13636300,0.0,0.0
2022-06-14 00:00:00-04:00,73.54000091552734,73.79000091552734,72.38999938964844,72.87000274658203,60.82970428466797,14104200,0.0,0.0
2022-06-15 00:00:00-04:00,73.16000366210938,73.5999984741211,72.45999908447266,73.0199966430664,60.95490646362305,14264600,0.0,0.0
2022-06-16 00:00:00-04:00,72.47000122070312,72.80999755859375,71.70999908447266,72.62000274658203,60.62100601196289,14035300,0.0,0.0
2022-06-17 00:00:00-04:00,72.70999908447266,74.37000274658203,72.66999816894531,73.7699966430664,61.58099365234375,34761500,0.0,0.0
2022-06-21 00:00:00-04:00,75.0,77.02999877929688,74.5199966430664,76.47000122070312,63.83487319946289,15534300,0.0,0.0
2022-06-22 00:00:00-04:00,76.47000122070312,77.41999816894531,76.19999694824219,76.55000305175781,63.90165710449219,11129800,0.0,0.0
2022-06-23 00:00:00-04:00,76.55999755859375,77.76000213623047,76.55999755859375,77.69000244140625,64.8532943725586,12241200,0.0,0.0
2022-06-24 00:00:00-04:00,78.62000274658203,79.0,78.12000274658203,78.95999908447266,65.91345977783203,12372300,0.0,0.0
2022-06-27 00:00:00-04:00,79.2300033569336,80.58999633789062,79.0999984741211,79.9800033569336,66.76492309570312,10586900,0.0,0.0
2022-06-28 00:00:00-04:00,79.83999633789062,80.4000015258789,78.48999786376953,78.69999694824219,65.69639587402344,8869700,0.0,0.0
2022-06-29 00:00:00-04:00,78.69999694824219,79.16999816894531,77.98999786376953,78.27999877929688,65.34581756591797,8723600,0.0,0.0
2022-06-30 00:00:00-04:00,77.02999877929688,77.6500015258789,76.29000091552734,77.0,64.72378540039062,14219700,0.54,0.0
2022-07-01 00:00:00-04:00,76.9800033569336,76.9800033569336,75.7699966430664,76.83999633789062,64.58928680419922,10882700,0.0,0.0
2022-07-05 00:00:00-04:00,76.37000274658203,76.63999938964844,74.62999725341797,75.95999908447266,63.849586486816406,12588500,0.0,0.0
2022-07-06 00:00:00-04:00,76.25,77.0999984741211,75.97000122070312,76.22000122070312,64.0681381225586,8618900,0.0,0.0
2022-07-07 00:00:00-04:00,75.87999725341797,76.2300033569336,75.01000213623047,75.13999938964844,63.16033935546875,14455400,0.0,0.0
2022-07-08 00:00:00-04:00,74.77999877929688,76.04000091552734,74.66999816894531,75.37999725341797,63.362064361572266,6589800,0.0,0.0
2022-07-11 00:00:00-04:00,75.5,75.98999786376953,75.25,75.55999755859375,63.51335525512695,6990200,0.0,0.0
2022-07-12 00:00:00-04:00,75.43000030517578,75.95999908447266,74.86000061035156,75.01000213623047,63.05106735229492,9285700,0.0,0.0
2022-07-13 00:00:00-04:00,74.63999938964844,75.22000122070312,74.41000366210938,74.52999877929688,62.64759063720703,8562100,0.0,0.0
2022-07-14 00:00:00-04:00,73.63999938964844,74.12999725341797,73.23999786376953,74.01000213623047,62.21049499511719,9675600,0.0,0.0
2022-07-15 00:00:00-04:00,74.81999969482422,75.66999816894531,74.29000091552734,75.6500015258789,63.589027404785156,10933900,0.0,0.0
2022-07-18 00:00:00-04:00,75.80000305175781,75.80000305175781,73.48999786376953,73.73999786376953,61.9835319519043,8996000,0.0,0.0
2022-07-19 00:00:00-04:00,74.12000274658203,74.29000091552734,72.91999816894531,73.13999938964844,61.479190826416016,11398900,0.0,0.0
2022-07-20 00:00:00-04:00,73.27999877929688,73.69999694824219,72.37999725341797,72.81999969482422,61.21022033691406,12149900,0.0,0.0
2022-07-21 00:00:00-04:00,72.70999908447266,73.33000183105469,72.47000122070312,73.04000091552734,61.3951301574707,7238800,0.0,0.0
2022-07-22 00:00:00-04:00,73.25,73.61000061035156,72.4800033569336,72.94999694824219,61.319480895996094,6514300,0.0,0.0
2022-07-25 00:00:00-04:00,72.79000091552734,73.26000213623047,72.4800033569336,72.83999633789062,61.22702407836914,6259000,0.0,0.0
2022-07-26 00:00:00-04:00,73.47000122070312,74.2300033569336,72.95999908447266,73.62999725341797,61.89106750488281,8957300,0.0,0.0
2022-07-27 00:00:00-04:00,72.38999938964844,74.9800033569336,72.26000213623047,74.80999755859375,62.882938385009766,9760100,0.0,0.0
2022-07-28 00:00:00-04:00,74.93000030517578,75.16000366210938,73.22000122070312,74.69999694824219,62.790470123291016,9262700,0.0,0.0
2022-07-29 00:00:00-04:00,74.44999694824219,74.6500015258789,73.16999816894531,73.77999877929688,62.01715087890625,13459500,0.0,0.0
2022-08-01 00:00:00-04:00,73.76000213623047,74.26000213623047,73.30000305175781,73.62000274658203,61.882652282714844,6782900,0.0,0.0
2022-08-02 00:00:00-04:00,74.18000030517578,74.7300033569336,73.23999786376953,73.27999877929688,61.59685516357422,7039700,0.0,0.0
2022-08-03 00:00:00-04:00,73.30000305175781,73.51000213623047,72.5999984741211,72.98999786376953,61.353111267089844,8672100,0.0,0.0
2022-08-04 00:00:00-04:00,72.79000091552734,72.94999694824219,71.97000122070312,72.12000274658203,60.6218147277832,8601800,0.0,0.0
2022-08-05 00:00:00-04:00,71.9800033569336,72.36000061035156,71.70999908447266,72.12000274658203,60.6218147277832,8972700,0.0,0.0
2022-08-08 00:00:00-04:00,72.06999969482422,73.83000183105469,71.9000015258789,73.80000305175781,62.03396987915039,9842100,0.0,0.0
2022-08-09 00:00:00-04:00,74.0999984741211,75.5199966430664,74.05999755859375,74.95999908447266,63.00901794433594,8978600,0.0,0.0
2022-08-10 00:00:00-04:00,75.19999694824219,75.31999969482422,73.94999694824219,74.86000061035156,62.92498016357422,8319100,0.0,0.0
2022-08-11 00:00:00-04:00,74.38999938964844,75.5199966430664,74.27999877929688,74.45999908447266,62.58876037597656,6143000,0.0,0.0
2022-08-12 00:00:00-04:00,74.58000183105469,75.72000122070312,74.56999969482422,75.56999969482422,63.52178192138672,6163900,0.0,0.0
2022-08-15 00:00:00-04:00,75.44999694824219,75.5,73.79000091552734,74.52999877929688,62.64759063720703,11125600,0.0,0.0
2022-08-16 00:00:00-04:00,74.36000061035156,75.0999984741211,73.8499984741211,74.12999725341797,62.31135177612305,9026800,0.0,0.0
2022-08-17 00:00:00-04:00,73.91000366210938,74.9800033569336,73.80999755859375,74.55999755859375,62.67279052734375,5347200,0.0,0.0
2022-08-18 00:00:00-04:00,74.7699966430664,74.97000122070312,73.62000274658203,74.1500015258789,62.328155517578125,5303300,0.0,0.0
2022-08-19 00:00:00-04:00,74.16000366210938,75.70999908447266,74.16000366210938,75.33000183105469,63.320045471191406,7938300,0.0,0.0
2022-08-22 00:00:00-04:00,75.33000183105469,75.86000061035156,74.3499984741211,74.55000305175781,62.66439437866211,5813600,0.0,0.0
2022-08-23 00:00:00-04:00,74.30999755859375,74.48999786376953,72.5999984741211,72.7699966430664,61.16818618774414,9200200,0.0,0.0
2022-08-24 00:00:00-04:00,73.01000213623047,73.12999725341797,72.36000061035156,72.41999816894531,60.873985290527344,6142700,0.0,0.0
2022-08-25 00:00:00-04:00,72.66000366210938,72.66000366210938,71.02999877929688,71.5,60.10065841674805,11036900,0.0,0.0
2022-08-26 00:00:00-04:00,71.91999816894531,72.04000091552734,71.12999725341797,71.19000244140625,59.84009552001953,7373200,0.0,0.0
2022-08-29 00:00:00-04:00,69.9000015258789,69.91000366210938,66.4000015258789,66.75,56.10795593261719,18479000,0.0,0.0
2022-08-30 00:00:00-04:00,66.75,67.25,65.94999694824219,67.19999694824219,56.48621368408203,10260400,0.0,0.0
2022-08-31 00:00:00-04:00,67.33000183105469,67.62999725341797,66.83000183105469,67.41000366210938,56.66272735595703,13940100,0.0,0.0
2022-09-01 00:00:00-04:00,67.38999938964844,69.0999984741211,67.20999908447266,69.08999633789062,58.074886322021484,9633300,0.0,0.0
2022-09-02 00:00:00-04:00,69.37000274658203,69.77999877929688,68.33999633789062,68.61000061035156,57.671417236328125,8657700,0.0,0.0
2022-09-06 00:00:00-04:00,68.94000244140625,69.06999969482422,68.12000274658203,68.6500015258789,57.70503616333008,8428900,0.0,0.0
2022-09-07 00:00:00-04:00,68.66999816894531,69.4800033569336,68.13999938964844,68.76000213623047,57.797508239746094,7183000,0.0,0.0
2022-09-08 00:00:00-04:00,68.94999694824219,69.58000183105469,68.18000030517578,69.37999725341797,58.31865310668945,9147900,0.0,0.0
2022-09-09 00:00:00-04:00,69.27999877929688,70.55000305175781,69.22000122070312,70.16000366210938,58.974308013916016,6557400,0.0,0.0
2022-09-12 00:00:00-04:00,75.61000061035156,75.98999786376953,72.25,72.36000061035156,60.823551177978516,23830100,0.0,0.0
2022-09-13 00:00:00-04:00,71.55999755859375,72.0999984741211,70.7699966430664,71.04000091552734,59.713993072509766,9884700,0.0,0.0
2022-09-14 00:00:00-04:00,70.54000091552734,71.2300033569336,70.02999877929688,70.47000122070312,59.234859466552734,15528900,0.0,0.0
2022-09-15 00:00:00-04:00,70.63999938964844,72.13999938964844,70.55999755859375,71.77999877929688,60.336029052734375,9499400,0.0,0.0
2022-09-16 00:00:00-04:00,71.75,72.25,70.9000015258789,71.5199966430664,60.117469787597656,16364800,0.0,0.0
2022-09-19 00:00:00-04:00,71.05000305175781,71.54000091552734,69.52999877929688,70.19000244140625,58.9995231628418,9922000,0.0,0.0
2022-09-20 00:00:00-04:00,69.80000305175781,70.05999755859375,69.23999786376953,69.7300033569336,58.612857818603516,7454700,0.0,0.0
2022-09-21 00:00:00-04:00,69.73999786376953,70.37000274658203,69.44000244140625,69.45999908447266,58.385902404785156,11857000,0.0,0.0
2022-09-22 00:00:00-04:00,69.19999694824219,71.87999725341797,69.19999694824219,71.29000091552734,59.92414474487305,10009800,0.0,0.0
2022-09-23 00:00:00-04:00,71.02999877929688,71.37000274658203,70.12999725341797,70.70999908447266,59.43660354614258,8190100,0.0,0.0
2022-09-26 00:00:00-04:00,70.13999938964844,70.8499984741211,69.69000244140625,70.1500015258789,58.96588897705078,10244000,0.0,0.0
2022-09-27 00:00:00-04:00,70.73999786376953,71.5,70.19000244140625,70.36000061035156,59.14241027832031,12013200,0.0,0.0
2022-09-28 00:00:00-04:00,71.06999969482422,72.08000183105469,71.0199966430664,72.05999755859375,60.57136535644531,12412700,0.0,0.0
2022-09-29 00:00:00-04:00,72.13999938964844,72.61000061035156,71.16000366210938,71.70999908447266,60.27717590332031,9587800,0.0,0.0
2022-09-30 00:00:00-04:00,71.77999877929688,72.11000061035156,70.9800033569336,71.08999633789062,59.756019592285156,11347100,0.0,0.0
2022-10-03 00:00:00-04:00,71.36000061035156,71.51000213623047,69.38999938964844,70.52999877929688,59.28529739379883,12068200,0.0,0.0
2022-10-04 00:00:00-04:00,70.62999725341797,71.91000366210938,70.0999984741211,71.20999908447266,59.85688781738281,10510700,0.0,0.0
2022-10-05 00:00:00-04:00,70.94000244140625,71.80000305175781,70.66999816894531,71.44999694824219,60.058631896972656,6787400,0.0,0.0
2022-10-06 00:00:00-04:00,70.79000091552734,70.83000183105469,69.9000015258789,70.23999786376953,59.49116516113281,7545500,0.54,0.0
2022-10-07 00:00:00-04:00,70.33999633789062,70.45999908447266,69.26000213623047,69.69999694824219,59.033790588378906,7934600,0.0,0.0
2022-10-10 00:00:00-04:00,69.18000030517578,69.41000366210938,68.33000183105469,68.4800033569336,58.000492095947266,8879400,0.0,0.0
2022-10-11 00:00:00-04:00,68.55999755859375,70.36000061035156,68.3499984741211,69.6500015258789,58.99143981933594,8941400,0.0,0.0
2022-10-12 00:00:00-04:00,69.69000244140625,70.48999786376953,69.25,69.27999877929688,58.67806625366211,6683900,0.0,0.0
2022-10-13 00:00:00-04:00,68.55999755859375,71.02999877929688,68.51000213623047,70.7699966430664,59.94004440307617,9592400,0.0,0.0
2022-10-14 00:00:00-04:00,70.91999816894531,71.73999786376953,70.4800033569336,70.62000274658203,59.81301498413086,9992400,0.0,0.0
2022-10-17 00:00:00-04:00,70.75,71.61000061035156,70.6500015258789,71.37999725341797,60.45669937133789,6618100,0.0,0.0
2022-10-18 00:00:00-04:00,72.08999633789062,72.47000122070312,71.51000213623047,71.73999786376953,60.76161575317383,7938100,0.0,0.0
2022-10-19 00:00:00-04:00,71.52999877929688,71.7300033569336,70.70999908447266,71.13999938964844,60.25342559814453,6481800,0.0,0.0
2022-10-20 00:00:00-04:00,71.05000305175781,71.19999694824219,70.02999877929688,70.3499984741211,59.58432388305664,9193100,0.0,0.0
2022-10-21 00:00:00-04:00,70.3499984741211,72.5199966430664,69.94000244140625,72.20999908447266,61.1596794128418,8217400,0.0,0.0
2022-10-24 00:00:00-04:00,72.66000366210938,73.55999755859375,72.55000305175781,72.98999786376953,61.82032775878906,7382500,0.0,0.0
2022-10-25 00:00:00-04:00,72.63999938964844,73.20999908447266,72.25,72.7699966430664,61.633995056152344,7874700,0.0,0.0
2022-10-26 00:00:00-04:00,73.08999633789062,75.20999908447266,72.4800033569336,74.44999694824219,63.05690383911133,10417400,0.0,0.0
2022-10-27 00:00:00-04:00,74.27999877929688,75.27999877929688,73.87000274658203,74.5999984741211,63.18395233154297,9298600,0.0,0.0
2022-10-28 00:00:00-04:00,75.25,76.98999786376953,75.08000183105469,76.83000183105469,65.07269287109375,10301400,0.0,0.0
2022-10-31 00:00:00-04:00,76.58999633789062,78.66000366210938,76.36000061035156,77.47000122070312,65.61475372314453,12380800,0.0,0.0
2022-11-01 00:00:00-04:00,77.0,77.79000091552734,76.62999725341797,77.69999694824219,65.80955505371094,8870700,0.0,0.0
2022-11-02 00:00:00-04:00,77.66000366210938,78.91000366210938,77.2300033569336,77.44999694824219,65.5978012084961,8570700,0.0,0.0
2022-11-03 00:00:00-04:00,77.25,78.69000244140625,77.16000366210938,78.4800033569336,66.47019958496094,9062500,0.0,0.0
2022-11-04 00:00:00-04:00,78.80999755859375,79.27999877929688,77.91000366210938,78.77999877929688,66.72428894042969,8188000,0.0,0.0
2022-11-07 00:00:00-05:00,78.70999908447266,79.68000030517578,78.41999816894531,79.19000244140625,67.07154846191406,7683400,0.0,0.0
2022-11-08 00:00:00-05:00,79.19000244140625,80.44000244140625,78.86000061035156,79.9800033569336,67.74066925048828,8514600,0.0,0.0
2022-11-09 00:00:00-05:00,79.58999633789062,81.16999816894531,79.58999633789062,79.77999877929688,67.57125091552734,9586300,0.0,0.0
2022-11-10 00:00:00-05:00,80.75,80.76000213623047,78.62999725341797,79.37999725341797,67.23246765136719,9884500,0.0,0.0
2022-11-11 00:00:00-05:00,78.0999984741211,78.45999908447266,74.55000305175781,75.95999908447266,64.33582305908203,18317600,0.0,0.0
2022-11-14 00:00:00-05:00,76.58999633789062,77.83999633789062,76.16000366210938,76.38999938964844,64.70001983642578,14169500,0.0,0.0
2022-11-15 00:00:00-05:00,76.41000366210938,76.7699966430664,75.2699966430664,76.27999877929688,64.60686492919922,11212300,0.0,0.0
2022-11-16 00:00:00-05:00,76.55999755859375,77.75,76.0199966430664,76.1500015258789,64.49674987792969,10132600,0.0,0.0
2022-11-17 00:00:00-05:00,75.63999938964844,77.56999969482422,75.63999938964844,77.16000366210938,65.35220336914062,7457700,0.0,0.0
2022-11-18 00:00:00-05:00,77.52999877929688,78.13999938964844,76.9800033569336,77.44999694824219,65.5978012084961,9229700,0.0,0.0
2022-11-21 00:00:00-05:00,77.6500015258789,79.06999969482422,77.62000274658203,78.95999908447266,66.87674713134766,8972400,0.0,0.0
2022-11-22 00:00:00-05:00,79.01000213623047,79.55999755859375,78.77999877929688,78.86000061035156,66.79203796386719,7075000,0.0,0.0
2022-11-23 00:00:00-05:00,78.5999984741211,79.22000122070312,78.52999877929688,79.13999938964844,67.02919006347656,5700200,0.0,0.0
2022-11-25 00:00:00-05:00,79.30999755859375,79.77999877929688,79.13999938964844,79.23999786376953,67.11389923095703,4735000,0.0,0.0
2022-11-28 00:00:00-05:00,79.27999877929688,79.69999694824219,78.81999969482422,79.13999938964844,67.02919006347656,6270000,0.0,0.0
2022-11-29 00:00:00-05:00,78.80999755859375,79.11000061035156,78.30000305175781,79.02999877929688,66.93602752685547,6439700,0.0,0.0
2022-11-30 00:00:00-05:00,79.75,80.30000305175781,78.63999938964844,80.27999877929688,67.99472045898438,19261800,0.0,0.0
2022-12-01 00:00:00-05:00,80.4800033569336,81.44000244140625,80.05000305175781,80.87999725341797,68.5029296875,10308500,0.0,0.0
2022-12-02 00:00:00-05:00,80.37000274658203,81.16000366210938,80.37000274658203,81.12999725341797,68.71466064453125,6366700,0.0,0.0
2022-12-05 00:00:00-05:00,80.93000030517578,81.41999816894531,80.4000015258789,80.69999694824219,68.35045623779297,6791300,0.0,0.0
2022-12-06 00:00:00-05:00,80.69999694824219,81.23999786376953,79.47000122070312,79.91999816894531,67.6898193359375,7728800,0.0,0.0
2022-12-07 00:00:00-05:00,78.76000213623047,80.2300033569336,78.6500015258789,79.93000030517578,67.69829559326172,7799000,0.0,0.0
2022-12-08 00:00:00-05:00,79.9800033569336,80.08000183105469,79.47000122070312,79.87999725341797,67.65594482421875,6810100,0.0,0.0
2022-12-09 00:00:00-05:00,80.12999725341797,80.66999816894531,78.7300033569336,78.83000183105469,66.76663208007812,8857100,0.0,0.0
2022-12-12 00:00:00-05:00,78.94000244140625,79.13999938964844,78.29000091552734,78.88999938964844,66.81745147705078,7055200,0.0,0.0
2022-12-13 00:00:00-05:00,79.36000061035156,79.36000061035156,77.2699966430664,77.3499984741211,65.51312255859375,15614400,0.0,0.0
2022-12-14 00:00:00-05:00,77.80999755859375,77.9000015258789,76.7699966430664,77.13999938964844,65.33525848388672,9197900,0.0,0.0
2022-12-15 00:00:00-05:00,76.91999816894531,77.20999908447266,74.70999908447266,75.0,63.52272033691406,10646000,0.0,0.0
2022-12-16 00:00:00-05:00,74.4800033569336,74.94000244140625,73.37000274658203,73.48999786376953,62.24382019042969,27045600,0.0,0.0
2022-12-19 00:00:00-05:00,73.66000366210938,74.2300033569336,72.6500015258789,73.16000366210938,61.964324951171875,8157500,0.0,0.0
2022-12-20 00:00:00-05:00,73.31999969482422,73.66000366210938,72.44000244140625,72.6500015258789,61.53236389160156,9231600,0.0,0.0
2022-12-21 00:00:00-05:00,72.75,73.55000305175781,72.30999755859375,73.33000183105469,62.108299255371094,8469700,0.0,0.0
2022-12-22 00:00:00-05:00,73.08999633789062,73.86000061035156,72.83999633789062,73.83000183105469,62.53178024291992,7600600,0.0,0.0
2022-12-23 00:00:00-05:00,73.75,73.88999938964844,72.51000213623047,72.88999938964844,61.73562240600586,7029800,0.0,0.0
2022-12-27 00:00:00-05:00,73.18000030517578,73.29000091552734,72.12000274658203,72.61000061035156,61.498497009277344,5971700,0.0,0.0
2022-12-28 00:00:00-05:00,72.87000274658203,72.95999908447266,71.91999816894531,71.98999786376953,60.97336196899414,5192000,0.0,0.0
2022-12-29 00:00:00-05:00,72.30000305175781,72.63999938964844,71.86000061035156,72.0999984741211,61.066524505615234,4288300,0.0,0.0
2022-12-30 00:00:00-05:00,72.12999725341797,72.27999877929688,70.87000274658203,71.94999694824219,60.93947982788086,7029200,0.0,0.0
2023-01-03 00:00:00-05:00,71.76000213623047,72.97000122070312,71.68000030517578,72.26000213623047,61.202049255371094,7792300,0.0,0.0
2023-01-04 00:00:00-05:00,72.25,73.26000213623047,71.7300033569336,72.62000274658203,61.5069465637207,9948700,0.0,0.0
2023-01-05 00:00:00-05:00,71.73999786376953,72.37999725341797,71.52999877929688,71.91999816894531,61.3959846496582,8112000,0.57,0.0
2023-01-06 00:00:00-05:00,72.3499984741211,73.4000015258789,72.0999984741211,73.0,62.31795120239258,7311100,0.0,0.0
2023-01-09 00:00:00-05:00,73.12000274658203,73.16000366210938,70.75,71.01000213623047,60.619144439697266,13005100,0.0,0.0
2023-01-10 00:00:00-05:00,71.27999877929688,71.69999694824219,70.79000091552734,71.6500015258789,61.16548156738281,6673400,0.0,0.0
2023-01-11 00:00:00-05:00,71.51000213623047,71.9800033569336,71.0199966430664,71.94000244140625,61.413047790527344,7268700,0.0,0.0
2023-01-12 00:00:00-05:00,71.68000030517578,71.94000244140625,71.05999755859375,71.5999984741211,61.122798919677734,6779600,0.0,0.0
2023-01-13 00:00:00-05:00,71.62999725341797,72.5199966430664,71.43000030517578,72.51000213623047,61.8996467590332,9117300,0.0,0.0
2023-01-17 00:00:00-05:00,73.11000061035156,73.48999786376953,72.01000213623047,72.30999755859375,61.72890853881836,8964900,0.0,0.0
2023-01-18 00:00:00-05:00,72.33999633789062,72.66999816894531,72.08000183105469,72.13999938964844,61.58378219604492,8371100,0.0,0.0
2023-01-19 00:00:00-05:00,72.3499984741211,73.87000274658203,72.16000366210938,73.75,62.958213806152344,9387500,0.0,0.0
2023-01-20 00:00:00-05:00,73.9000015258789,74.1500015258789,73.3499984741211,74.1500015258789,63.299644470214844,10518200,0.0,0.0
2023-01-23 00:00:00-05:00,74.08999633789062,74.19999694824219,72.8499984741211,73.26000213623047,62.53989791870117,7426500,0.0,0.0
2023-01-24 00:00:00-05:00,73.0,75.0,72.12000274658203,72.33999633789062,61.7545051574707,7300200,0.0,0.0
2023-01-25 00:00:00-05:00,72.55999755859375,73.23999786376953,72.01000213623047,73.16999816894531,62.46306610107422,6638200,0.0,0.0
2023-01-26 00:00:00-05:00,73.11000061035156,73.19999694824219,71.9800033569336,72.98999786376953,62.30939483642578,6528300,0.0,0.0
2023-01-27 00:00:00-05:00,72.98999786376953,73.44999694824219,72.33999633789062,72.44999694824219,61.848426818847656,5426600,0.0,0.0
2023-01-30 00:00:00-05:00,72.58999633789062,72.91000366210938,71.87999725341797,72.02999877929688,61.4898681640625,8900400,0.0,0.0
2023-01-31 00:00:00-05:00,72.11000061035156,72.66000366210938,71.6500015258789,72.6500015258789,62.01915740966797,9375200,0.0,0.0
2023-02-01 00:00:00-05:00,72.94000244140625,72.94000244140625,70.80999755859375,71.2300033569336,60.806941986083984,10727700,0.0,0.0
2023-02-02 00:00:00-05:00,70.31999969482422,72.87999725341797,69.80000305175781,72.7699966430664,62.1215934753418,13015300,0.0,0.0
2023-02-03 00:00:00-05:00,73.20999908447266,74.47000122070312,72.61000061035156,74.44999694824219,63.55577087402344,10211900,0.0,0.0
2023-02-06 00:00:00-05:00,74.44999694824219,75.18000030517578,74.2300033569336,74.52999877929688,63.624053955078125,7112700,0.0,0.0
2023-02-07 00:00:00-05:00,74.55000305175781,74.69000244140625,73.9800033569336,74.5199966430664,63.61551284790039,8726300,0.0,0.0
2023-02-08 00:00:00-05:00,74.30999755859375,74.41999816894531,72.94000244140625,73.6500015258789,62.872825622558594,10149800,0.0,0.0
2023-02-09 00:00:00-05:00,73.48999786376953,73.83999633789062,71.43000030517578,71.48999786376953,61.02889633178711,12828800,0.0,0.0
2023-02-10 00:00:00-05:00,71.70999908447266,72.36000061035156,71.23999786376953,72.19999694824219,61.6349983215332,8621500,0.0,0.0
2023-02-13 00:00:00-05:00,72.22000122070312,73.44000244140625,71.9800033569336,73.16999816894531,62.46306610107422,8628000,0.0,0.0
2023-02-14 00:00:00-05:00,73.30999755859375,73.47000122070312,72.19999694824219,72.25,61.67768096923828,5606100,0.0,0.0
2023-02-15 00:00:00-05:00,72.30000305175781,72.47000122070312,71.33999633789062,71.47000122070312,61.0118293762207,5890500,0.0,0.0
2023-02-16 00:00:00-05:00,70.80000305175781,71.22000122070312,70.18000030517578,70.8499984741211,60.4825553894043,5593700,0.0,0.0
2023-02-17 00:00:00-05:00,70.62000274658203,71.73999786376953,70.5199966430664,71.11000061035156,60.704498291015625,11131800,0.0,0.0
2023-02-21 00:00:00-05:00,71.2699966430664,71.66999816894531,70.81999969482422,71.22000122070312,60.79840087890625,6189600,0.0,0.0
2023-02-22 00:00:00-05:00,71.30000305175781,71.70999908447266,70.58000183105469,71.30999755859375,60.875244140625,5718900,0.0,0.0
2023-02-23 00:00:00-05:00,71.37999725341797,71.9800033569336,70.88999938964844,71.4000015258789,60.952064514160156,5459800,0.0,0.0
2023-02-24 00:00:00-05:00,71.11000061035156,71.22000122070312,69.81999969482422,70.18000030517578,59.91059494018555,6403400,0.0,0.0
2023-02-27 00:00:00-05:00,70.29000091552734,70.41000366210938,69.7300033569336,69.98999786376953,59.74839782714844,4990700,0.0,0.0
2023-02-28 00:00:00-05:00,69.80000305175781,69.94000244140625,68.81999969482422,68.95999908447266,58.869110107421875,8697900,0.0,0.0
2023-03-01 00:00:00-05:00,68.69999694824219,69.79000091552734,68.61000061035156,69.36000061035156,59.21057891845703,5883400,0.0,0.0
2023-03-02 00:00:00-05:00,69.2300033569336,69.72000122070312,68.98999786376953,69.19000244140625,59.06544494628906,6068900,0.0,0.0
2023-03-03 00:00:00-05:00,69.36000061035156,69.41999816894531,68.80999755859375,69.30000305175781,59.159358978271484,6540100,0.0,0.0
2023-03-06 00:00:00-05:00,69.37000274658203,69.66000366210938,68.7300033569336,68.9000015258789,58.81789016723633,7000100,0.0,0.0
2023-03-07 00:00:00-05:00,69.18000030517578,69.20999908447266,67.44000244140625,68.0,58.049591064453125,8135800,0.0,0.0
2023-03-08 00:00:00-05:00,67.91000366210938,68.05000305175781,66.94000244140625,67.29000091552734,57.4434814453125,5962900,0.0,0.0
2023-03-09 00:00:00-05:00,67.5999984741211,67.72000122070312,66.33000183105469,66.51000213623047,56.777618408203125,7553600,0.0,0.0
2023-03-10 00:00:00-05:00,66.31999969482422,67.41000366210938,65.43000030517578,65.70999908447266,56.09468078613281,10282400,0.0,0.0
2023-03-13 00:00:00-04:00,65.41000366210938,67.08999633789062,65.27999877929688,66.0,56.342247009277344,9598000,0.0,0.0
2023-03-14 00:00:00-04:00,66.30000305175781,66.55999755859375,65.76000213623047,66.47000122070312,56.74347686767578,9408400,0.0,0.0
2023-03-15 00:00:00-04:00,66.12000274658203,67.72000122070312,66.05999755859375,67.4800033569336,57.605682373046875,10701900,0.0,0.0
2023-03-16 00:00:00-04:00,67.02999877929688,67.61000061035156,65.86000061035156,67.0999984741211,57.28127670288086,10541100,0.0,0.0
2023-03-17 00:00:00-04:00,67.33000183105469,67.33000183105469,66.20999908447266,66.52999877929688,56.79469299316406,21616900,0.0,0.0
2023-03-20 00:00:00-04:00,66.7300033569336,67.37999725341797,66.23999786376953,67.23999786376953,57.400794982910156,9731700,0.0,0.0
2023-03-21 00:00:00-04:00,67.4800033569336,67.80999755859375,66.87000274658203,67.51000213623047,57.631290435791016,8039600,0.0,0.0
2023-03-22 00:00:00-04:00,67.48999786376953,68.0,67.22000122070312,67.23999786376953,57.400794982910156,6657600,0.0,0.0
2023-03-23 00:00:00-04:00,67.58999633789062,67.9000015258789,66.63999938964844,66.9800033569336,57.178855895996094,6723600,0.0,0.0
2023-03-24 00:00:00-04:00,67.19999694824219,67.77999877929688,66.69000244140625,67.68000030517578,57.77640914916992,6274900,0.0,0.0
2023-03-27 00:00:00-04:00,68.08999633789062,68.81999969482422,68.01000213623047,68.06999969482422,58.109344482421875,6711300,0.0,0.0
2023-03-28 00:00:00-04:00,68.08000183105469,68.58999633789062,67.95999908447266,68.19999694824219,58.2203254699707,4715100,0.0,0.0
2023-03-29 00:00:00-04:00,68.22000122070312,68.45999908447266,67.86000061035156,68.18000030517578,58.20323944091797,5369900,0.0,0.0
2023-03-30 00:00:00-04:00,68.37999725341797,68.52999877929688,67.98999786376953,68.19999694824219,58.2203254699707,4400100,0.0,0.0
2023-03-31 00:00:00-04:00,68.66000366210938,69.37999725341797,68.37000274658203,69.30999755859375,59.16789627075195,8953200,0.0,0.0
2023-04-03 00:00:00-04:00,69.02999877929688,70.01000213623047,68.66999816894531,69.69000244140625,59.49230194091797,7333900,0.0,0.0
2023-04-04 00:00:00-04:00,69.77999877929688,69.77999877929688,68.62999725341797,68.91000366210938,58.8264274597168,8626700,0.0,0.0
2023-04-05 00:00:00-04:00,69.45999908447266,70.20999908447266,69.04000091552734,69.81999969482422,59.60326385498047,7739000,0.0,0.0
2023-04-06 00:00:00-04:00,69.69000244140625,71.06999969482422,69.5999984741211,70.73999786376953,60.885704040527344,9669500,0.57,0.0
2023-04-10 00:00:00-04:00,70.76000213623047,70.83999633789062,69.98999786376953,70.27999877929688,60.489784240722656,5646400,0.0,0.0
2023-04-11 00:00:00-04:00,70.47000122070312,70.5,69.97000122070312,70.02999877929688,60.27460861206055,4762500,0.0,0.0
2023-04-12 00:00:00-04:00,70.05000305175781,70.66999816894531,69.80000305175781,70.20999908447266,60.429534912109375,5364300,0.0,0.0
2023-04-13 00:00:00-04:00,70.44000244140625,70.81999969482422,69.93000030517578,70.69000244140625,60.842674255371094,5981600,0.0,0.0
2023-04-14 00:00:00-04:00,70.5999984741211,70.79000091552734,69.94999694824219,70.44999694824219,60.63610076904297,6260300,0.0,0.0
2023-04-17 00:00:00-04:00,70.5999984741211,70.77999877929688,70.22000122070312,70.5999984741211,60.765201568603516,4435100,0.0,0.0
2023-04-18 00:00:00-04:00,70.55000305175781,70.75,69.87999725341797,70.2300033569336,60.446754455566406,5722900,0.0,0.0
2023-04-19 00:00:00-04:00,70.2699966430664,70.41999816894531,69.55000305175781,69.86000061035156,60.128299713134766,8179200,0.0,0.0
2023-04-20 00:00:00-04:00,69.69999694824219,69.80999755859375,68.8499984741211,69.52999877929688,59.844261169433594,5977700,0.0,0.0
2023-04-21 00:00:00-04:00,70.08000183105469,70.55000305175781,69.94999694824219,70.48999786376953,60.670536041259766,6543600,0.0,0.0
2023-04-24 00:00:00-04:00,70.33999633789062,70.62000274658203,70.05999755859375,70.54000091552734,60.71356201171875,5384500,0.0,0.0
2023-04-25 00:00:00-04:00,70.68000030517578,70.94000244140625,70.0999984741211,70.23999786376953,60.455360412597656,5337300,0.0,0.0
2023-04-26 00:00:00-04:00,69.5999984741211,69.73999786376953,67.63999938964844,68.0199966430664,58.54460906982422,10206200,0.0,0.0
2023-04-27 00:00:00-04:00,68.0199966430664,68.0199966430664,66.5,67.61000061035156,58.19173049926758,10521800,0.0,0.0
2023-04-28 00:00:00-04:00,67.13999938964844,67.22000122070312,66.0199966430664,66.7699966430664,57.468746185302734,10695000,0.0,0.0
2023-05-01 00:00:00-04:00,67.27999877929688,68.73999786376953,67.26000213623047,68.4000015258789,58.87166976928711,10034000,0.0,0.0
2023-05-02 00:00:00-04:00,68.25,68.98999786376953,67.4000015258789,68.0999984741211,58.61346435546875,7793400,0.0,0.0
2023-05-03 00:00:00-04:00,68.33000183105469,68.73999786376953,66.31999969482422,66.63999938964844,57.35685348510742,12717700,0.0,0.0
2023-05-04 00:00:00-04:00,66.44999694824219,67.23999786376953,66.4000015258789,66.81999969482422,57.51177978515625,8801900,0.0,0.0
2023-05-05 00:00:00-04:00,67.13999938964844,68.44000244140625,67.12000274658203,68.13999938964844,58.647891998291016,8562000,0.0,0.0
2023-05-08 00:00:00-04:00,68.08000183105469,68.7699966430664,67.86000061035156,68.41000366210938,58.88027572631836,6142300,0.0,0.0
2023-05-09 00:00:00-04:00,68.0,68.37000274658203,67.83000183105469,68.0,58.527400970458984,6408500,0.0,0.0
2023-05-10 00:00:00-04:00,68.16999816894531,68.94000244140625,67.55999755859375,68.48999786376953,58.94914245605469,8841700,0.0,0.0
2023-05-11 00:00:00-04:00,68.56999969482422,69.0999984741211,67.95999908447266,69.08000183105469,59.45695495605469,8416100,0.0,0.0
2023-05-12 00:00:00-04:00,68.61000061035156,68.77999877929688,67.61000061035156,68.05999755859375,58.57903289794922,11964000,0.0,0.0
2023-05-15 00:00:00-04:00,68.19999694824219,68.45999908447266,67.7699966430664,68.16999816894531,58.673709869384766,5908000,0.0,0.0
2023-05-16 00:00:00-04:00,68.05999755859375,68.13999938964844,66.93000030517578,67.0199966430664,57.68390655517578,7870500,0.0,0.0
2023-05-17 00:00:00-04:00,67.05999755859375,67.3499984741211,66.06999969482422,66.52999877929688,57.262168884277344,9338400,0.0,0.0
2023-05-18 00:00:00-04:00,66.30999755859375,66.3499984741211,65.18000030517578,65.69999694824219,56.547794342041016,10080500,0.0,0.0
2023-05-19 00:00:00-04:00,65.7699966430664,66.3499984741211,65.66000366210938,65.83999633789062,56.668296813964844,9196200,0.0,0.0
2023-05-22 00:00:00-04:00,65.83999633789062,66.30000305175781,65.13999938964844,65.80999755859375,56.64247131347656,7356000,0.0,0.0
2023-05-23 00:00:00-04:00,66.08000183105469,67.16000366210938,65.86000061035156,66.52999877929688,57.262168884277344,10162500,0.0,0.0
2023-05-24 00:00:00-04:00,66.5999984741211,66.69000244140625,65.25,65.47000122070312,56.3498420715332,7285400,0.0,0.0
2023-05-25 00:00:00-04:00,64.94000244140625,65.1500015258789,63.97999954223633,64.55999755859375,55.56658935546875,7811800,0.0,0.0
2023-05-26 00:00:00-04:00,64.51000213623047,64.97000122070312,63.70000076293945,63.81999969482422,54.9296875,8459000,0.0,0.0
2023-05-30 00:00:00-04:00,63.369998931884766,64.08999633789062,63.06999969482422,63.709999084472656,54.83501052856445,8443200,0.0,0.0
2023-05-31 00:00:00-04:00,63.689998626708984,64.5999984741211,63.150001525878906,64.44000244140625,55.463321685791016,14934100,0.0,0.0
2023-06-01 00:00:00-04:00,64.45999908447266,64.7300033569336,63.779998779296875,64.68000030517578,55.66988754272461,8697200,0.0,0.0
2023-06-02 00:00:00-04:00,64.91999816894531,65.79000091552734,64.48999786376953,65.66000366210938,56.513362884521484,6768800,0.0,0.0
2023-06-05 00:00:00-04:00,65.9000015258789,66.45999908447266,65.69000244140625,65.9800033569336,56.788795471191406,6914400,0.0,0.0
2023-06-06 00:00:00-04:00,66.2699966430664,66.37999725341797,65.12000274658203,65.4800033569336,56.35844421386719,5618600,0.0,0.0
2023-06-07 00:00:00-04:00,65.16000366210938,65.33000183105469,64.75,65.16000366210938,56.083011627197266,6643800,0.0,0.0
2023-06-08 00:00:00-04:00,65.33999633789062,65.61000061035156,65.06999969482422,65.30999755859375,56.21211624145508,4995400,0.0,0.0
2023-06-09 00:00:00-04:00,65.37000274658203,65.45999908447266,64.5999984741211,64.80000305175781,55.773170471191406,7068500,0.0,0.0
2023-06-12 00:00:00-04:00,64.79000091552734,64.9800033569336,64.19999694824219,64.76000213623047,55.738739013671875,7141900,0.0,0.0
2023-06-13 00:00:00-04:00,64.19000244140625,64.80000305175781,63.959999084472656,64.76000213623047,55.738739013671875,7968100,0.0,0.0
2023-06-14 00:00:00-04:00,64.95999908447266,65.0,64.05000305175781,64.16000366210938,55.222328186035156,6379300,0.0,0.0
2023-06-15 00:00:00-04:00,64.23999786376953,64.94000244140625,63.869998931884766,64.66999816894531,55.66127014160156,8525200,0.0,0.0
2023-06-16 00:00:00-04:00,64.87999725341797,66.23999786376953,64.61000061035156,66.16000366210938,56.943721771240234,19394400,0.0,0.0
2023-06-20 00:00:00-04:00,65.83000183105469,66.37000274658203,65.25,66.02999877929688,56.831817626953125,10798800,0.0,0.0
2023-06-21 00:00:00-04:00,65.91000366210938,66.37999725341797,65.44000244140625,65.5,56.37565231323242,8493800,0.0,0.0
2023-06-22 00:00:00-04:00,65.75,65.8499984741211,65.12000274658203,65.30000305175781,56.20351791381836,5784000,0.0,0.0
2023-06-23 00:00:00-04:00,65.37999725341797,65.41999816894531,64.88999938964844,65.04000091552734,55.979740142822266,11133300,0.0,0.0
2023-06-26 00:00:00-04:00,65.04000091552734,65.0999984741211,64.01000213623047,64.79000091552734,55.764556884765625,7916000,0.0,0.0
2023-06-27 00:00:00-04:00,64.75,65.05000305175781,64.22000122070312,64.75,55.730133056640625,6531700,0.0,0.0
2023-06-28 00:00:00-04:00,64.69999694824219,64.69999694824219,62.880001068115234,64.08999633789062,55.16206741333008,9466000,0.0,0.0
2023-06-29 00:00:00-04:00,63.77000045776367,64.44000244140625,63.630001068115234,64.0,55.08460235595703,7023100,0.0,0.0
2023-06-30 00:00:00-04:00,64.27999877929688,64.41000366210938,63.939998626708984,63.95000076293945,55.04156494140625,8397600,0.0,0.0
2023-07-03 00:00:00-04:00,63.939998626708984,64.91000366210938,63.439998626708984,64.43000030517578,55.454715728759766,4832500,0.0,0.0
2023-07-05 00:00:00-04:00,64.30999755859375,65.0,63.91999816894531,64.7300033569336,55.71290969848633,8803300,0.0,0.0
2023-07-06 00:00:00-04:00,63.65999984741211,63.90999984741211,63.29999923706055,63.439998626708984,55.08770751953125,6638700,0.57,0.0
2023-07-07 00:00:00-04:00,63.2400016784668,63.45000076293945,62.630001068115234,62.650001525878906,54.40172576904297,8665600,0.0,0.0
2023-07-10 00:00:00-04:00,62.630001068115234,62.959999084472656,62.29999923706055,62.47999954223633,54.25410461425781,7493100,0.0,0.0
2023-07-11 00:00:00-04:00,62.31999969482422,62.91999816894531,62.119998931884766,62.790000915527344,54.52328109741211,9340100,0.0,0.0
2023-07-12 00:00:00-04:00,62.880001068115234,63.27000045776367,62.119998931884766,62.279998779296875,54.08042907714844,7340300,0.0,0.0
2023-07-13 00:00:00-04:00,62.400001525878906,62.75,62.209999084472656,62.279998779296875,54.08042907714844,9029500,0.0,0.0
2023-07-14 00:00:00-04:00,62.02000045776367,62.34000015258789,61.56999969482422,61.939998626708984,53.785194396972656,9234500,0.0,0.0
2023-07-17 00:00:00-04:00,61.9900016784668,62.02000045776367,61.40999984741211,61.849998474121094,53.7070426940918,7486400,0.0,0.0
2023-07-18 00:00:00-04:00,61.939998626708984,62.7599983215332,61.79999923706055,62.0,53.83729553222656,6451100,0.0,0.0
2023-07-19 00:00:00-04:00,62.119998931884766,62.86000061035156,62.0,62.060001373291016,53.8893928527832,8695100,0.0,0.0
2023-07-20 00:00:00-04:00,62.45000076293945,64.04000091552734,62.369998931884766,63.77000045776367,55.374267578125,9257500,0.0,0.0
2023-07-21 00:00:00-04:00,63.88999938964844,64.79000091552734,63.7599983215332,64.68000030517578,56.164459228515625,9898100,0.0,0.0
2023-07-24 00:00:00-04:00,64.69999694824219,65.37999725341797,64.69999694824219,64.7300033569336,56.207862854003906,6886700,0.0,0.0
2023-07-25 00:00:00-04:00,64.5,64.6500015258789,63.75,63.77000045776367,55.374267578125,6966700,0.0,0.0
2023-07-26 00:00:00-04:00,63.13999938964844,63.88999938964844,62.93000030517578,63.40999984741211,55.06166458129883,11032200,0.0,0.0
2023-07-27 00:00:00-04:00,61.0,62.529998779296875,60.380001068115234,60.72999954223633,52.734500885009766,22625400,0.0,0.0
2023-07-28 00:00:00-04:00,60.79999923706055,61.5,60.04999923706055,61.40999984741211,53.32497024536133,11593100,0.0,0.0
2023-07-31 00:00:00-04:00,61.349998474121094,62.31999969482422,61.11000061035156,62.189998626708984,54.00227355957031,11700600,0.0,0.0
2023-08-01 00:00:00-04:00,62.31999969482422,62.56999969482422,61.18000030517578,61.529998779296875,53.42916488647461,9227600,0.0,0.0
2023-08-02 00:00:00-04:00,61.16999816894531,62.33000183105469,61.02000045776367,61.75,53.62021255493164,11937800,0.0,0.0
2023-08-03 00:00:00-04:00,61.459999084472656,61.470001220703125,60.45000076293945,61.22999954223633,53.168670654296875,6878800,0.0,0.0
2023-08-04 00:00:00-04:00,61.08000183105469,61.45000076293945,60.369998931884766,60.4900016784668,52.526100158691406,7624800,0.0,0.0
2023-08-07 00:00:00-04:00,60.5099983215332,60.7599983215332,60.099998474121094,60.470001220703125,52.50872802734375,9774000,0.0,0.0
2023-08-08 00:00:00-04:00,60.689998626708984,60.81999969482422,59.709999084472656,60.15999984741211,52.239540100097656,12497800,0.0,0.0
2023-08-09 00:00:00-04:00,59.79999923706055,60.95000076293945,59.75,60.619998931884766,52.638980865478516,7705300,0.0,0.0
2023-08-10 00:00:00-04:00,61.09000015258789,61.95000076293945,60.95000076293945,61.290000915527344,53.22077178955078,23791600,0.0,0.0
2023-08-11 00:00:00-04:00,61.529998779296875,61.72999954223633,61.06999969482422,61.22999954223633,53.168670654296875,16836200,0.0,0.0
2023-08-14 00:00:00-04:00,61.349998474121094,61.88999938964844,61.209999084472656,61.619998931884766,53.50732421875,19536700,0.0,0.0
2023-08-15 00:00:00-04:00,61.529998779296875,62.150001525878906,61.20000076293945,61.75,53.62021255493164,14442300,0.0,0.0
2023-08-16 00:00:00-04:00,61.34000015258789,61.619998931884766,60.88999938964844,60.93000030517578,52.90816879272461,9611100,0.0,0.0
2023-08-17 00:00:00-04:00,61.02000045776367,62.720001220703125,61.0,62.150001525878906,53.96754837036133,17886200,0.0,0.0
2023-08-18 00:00:00-04:00,62.220001220703125,62.58000183105469,61.869998931884766,62.060001373291016,53.8893928527832,8200700,0.0,0.0
2023-08-21 00:00:00-04:00,62.130001068115234,62.4900016784668,61.900001525878906,61.90999984741211,53.7591438293457,9898000,0.0,0.0
2023-08-22 00:00:00-04:00,61.810001373291016,62.130001068115234,61.599998474121094,61.86000061035156,53.715728759765625,8716700,0.0,0.0
2023-08-23 00:00:00-04:00,62.2599983215332,62.400001525878906,61.40999984741211,61.560001373291016,53.45522689819336,7859500,0.0,0.0
2023-08-24 00:00:00-04:00,61.36000061035156,62.0099983215332,61.22999954223633,61.279998779296875,53.21208572387695,8277500,0.0,0.0
2023-08-25 00:00:00-04:00,61.41999816894531,62.29999923706055,61.25,62.08000183105469,53.906768798828125,7953400,0.0,0.0
2023-08-28 00:00:00-04:00,62.060001373291016,62.40999984741211,61.380001068115234,61.63999938964844,53.52469253540039,6848900,0.0,0.0
2023-08-29 00:00:00-04:00,61.97999954223633,63.40999984741211,61.97999954223633,62.849998474121094,54.57538604736328,11979000,0.0,0.0
2023-08-30 00:00:00-04:00,62.93000030517578,63.029998779296875,62.20000076293945,62.380001068115234,54.16727066040039,9052800,0.0,0.0
2023-08-31 00:00:00-04:00,62.45000076293945,62.529998779296875,61.650001525878906,61.650001525878906,53.53337860107422,11464700,0.0,0.0
2023-09-01 00:00:00-04:00,61.83000183105469,62.400001525878906,61.83000183105469,62.02000045776367,53.85466384887695,6838800,0.0,0.0
2023-09-05 00:00:00-04:00,61.88999938964844,62.0,60.59000015258789,60.63999938964844,52.656349182128906,10887700,0.0,0.0
2023-09-06 00:00:00-04:00,60.29999923706055,60.400001525878906,59.45000076293945,59.66999816894531,51.814056396484375,12247200,0.0,0.0
2023-09-07 00:00:00-04:00,59.869998931884766,60.5,59.86000061035156,59.970001220703125,52.074562072753906,9697600,0.0,0.0
2023-09-08 00:00:00-04:00,60.15999984741211,60.88999938964844,60.0099983215332,60.81999969482422,52.81264877319336,9526700,0.0,0.0
2023-09-11 00:00:00-04:00,60.75,61.43000030517578,60.68000030517578,60.810001373291016,52.8039665222168,14363500,0.0,0.0
2023-09-12 00:00:00-04:00,61.0099983215332,61.02000045776367,59.84000015258789,60.2400016784668,52.30901336669922,9949000,0.0,0.0
2023-09-13 00:00:00-04:00,60.25,60.58000183105469,59.650001525878906,59.650001525878906,51.796695709228516,19392200,0.0,0.0
2023-09-14 00:00:00-04:00,60.13999938964844,60.54999923706055,59.279998779296875,59.4900016784668,51.65775680541992,18147800,0.0,0.0
2023-09-15 00:00:00-04:00,59.439998626708984,59.83000183105469,58.86000061035156,59.029998779296875,51.25830841064453,22379200,0.0,0.0
2023-09-18 00:00:00-04:00,59.040000915527344,59.150001525878906,58.33000183105469,58.58000183105469,50.86756896972656,16914900,0.0,0.0
2023-09-19 00:00:00-04:00,58.560001373291016,58.91999816894531,58.34000015258789,58.630001068115234,50.910980224609375,10455600,0.0,0.0
2023-09-20 00:00:00-04:00,58.79999923706055,59.310001373291016,58.709999084472656,58.779998779296875,51.041229248046875,8699600,0.0,0.0
2023-09-21 00:00:00-04:00,58.560001373291016,59.459999084472656,58.529998779296875,59.08000183105469,51.301734924316406,9597300,0.0,0.0
2023-09-22 00:00:00-04:00,59.33000183105469,59.459999084472656,58.77000045776367,58.900001525878906,51.14543151855469,8190700,0.0,0.0
2023-09-25 00:00:00-04:00,58.84000015258789,59.279998779296875,58.54999923706055,59.15999984741211,51.37120056152344,7006000,0.0,0.0
2023-09-26 00:00:00-04:00,58.869998931884766,59.25,58.52000045776367,58.540000915527344,50.832828521728516,9380600,0.0,0.0
2023-09-27 00:00:00-04:00,58.58000183105469,58.75,57.61000061035156,57.88999938964844,50.268402099609375,11365900,0.0,0.0
2023-09-28 00:00:00-04:00,58.0099983215332,58.41999816894531,57.810001373291016,58.13999938964844,50.48549270629883,8265100,0.0,0.0
2023-09-29 00:00:00-04:00,58.18000030517578,58.459999084472656,57.869998931884766,58.040000915527344,50.398658752441406,10902500,0.0,0.0
2023-10-02 00:00:00-04:00,58.0099983215332,58.060001373291016,57.150001525878906,57.849998474121094,50.233673095703125,8865300,0.0,0.0
2023-10-03 00:00:00-04:00,57.65999984741211,58.04999923706055,57.119998931884766,57.220001220703125,49.686614990234375,10991900,0.0,0.0
2023-10-04 00:00:00-04:00,57.099998474121094,57.34000015258789,56.310001373291016,56.72999954223633,49.26112365722656,11684400,0.0,0.0
2023-10-05 00:00:00-04:00,56.040000915527344,56.61000061035156,55.83000183105469,56.41999816894531,49.48918533325195,8015400,0.57,0.0
2023-10-06 00:00:00-04:00,56.25,56.880001068115234,56.16999816894531,56.65999984741211,49.69970703125,8901000,0.0,0.0
2023-10-09 00:00:00-04:00,56.099998474121094,57.130001068115234,55.70000076293945,56.61000061035156,49.65584945678711,8481500,0.0,0.0
2023-10-10 00:00:00-04:00,56.709999084472656,56.77000045776367,56.22999954223633,56.38999938964844,49.46287155151367,13217400,0.0,0.0
2023-10-11 00:00:00-04:00,56.47999954223633,56.88999938964844,56.34000015258789,56.650001525878906,49.690940856933594,8470700,0.0,0.0
2023-10-12 00:00:00-04:00,56.630001068115234,56.66999816894531,55.79999923706055,56.2599983215332,49.34883117675781,10728800,0.0,0.0
2023-10-13 00:00:00-04:00,56.369998931884766,56.66999816894531,55.900001525878906,56.470001220703125,49.533050537109375,12824800,0.0,0.0
2023-10-16 00:00:00-04:00,56.790000915527344,57.4900016784668,56.689998626708984,57.16999816894531,50.14705276489258,12328400,0.0,0.0
2023-10-17 00:00:00-04:00,57.150001525878906,57.650001525878906,56.97999954223633,57.369998931884766,50.32249450683594,13223400,0.0,0.0
2023-10-18 00:00:00-04:00,57.400001525878906,57.59000015258789,56.77000045776367,56.849998474121094,49.86635971069336,11816100,0.0,0.0
2023-10-19 00:00:00-04:00,56.63999938964844,56.959999084472656,55.720001220703125,56.47999954223633,49.54182052612305,13169000,0.0,0.0
2023-10-20 00:00:00-04:00,56.2400016784668,57.09000015258789,56.2400016784668,56.459999084472656,49.52427291870117,11638300,0.0,0.0
2023-10-23 00:00:00-04:00,56.349998474121094,56.720001220703125,55.97999954223633,56.0,49.12078094482422,10028300,0.0,0.0
2023-10-24 00:00:00-04:00,56.13999938964844,56.68000030517578,55.880001068115234,56.119998931884766,49.226043701171875,9442800,0.0,0.0
2023-10-25 00:00:00-04:00,56.02000045776367,56.77000045776367,55.959999084472656,56.61000061035156,49.65584945678711,11766100,0.0,0.0
2023-10-26 00:00:00-04:00,53.959999084472656,55.290000915527344,52.91999816894531,52.970001220703125,46.462989807128906,25054000,0.0,0.0
2023-10-27 00:00:00-04:00,52.04999923706055,52.220001220703125,49.4900016784668,51.02000045776367,44.752540588378906,17895400,0.0,0.0
2023-10-30 00:00:00-04:00,51.72999954223633,51.900001525878906,50.2599983215332,51.25,44.95428466796875,29683000,0.0,0.0
2023-10-31 00:00:00-04:00,51.380001068115234,51.65999984741211,50.66999816894531,51.529998779296875,45.19989013671875,14670400,0.0,0.0
2023-11-01 00:00:00-04:00,51.86000061035156,51.90999984741211,51.16999816894531,51.279998779296875,44.9806022644043,11280800,0.0,0.0
2023-11-02 00:00:00-04:00,50.81999969482422,51.369998931884766,50.689998626708984,51.130001068115234,44.849021911621094,13436100,0.0,0.0
2023-11-03 00:00:00-04:00,51.38999938964844,53.13999938964844,51.38999938964844,52.81999969482422,46.331424713134766,14479300,0.0,0.0
2023-11-06 00:00:00-05:00,53.13999938964844,53.54999923706055,52.63999938964844,52.790000915527344,46.30510711669922,17627100,0.0,0.0
2023-11-07 00:00:00-05:00,52.810001373291016,53.04999923706055,52.130001068115234,52.290000915527344,45.86653137207031,20836100,0.0,0.0
2023-11-08 00:00:00-05:00,52.52000045776367,52.58000183105469,51.84000015258789,52.41999816894531,45.980560302734375,11252800,0.0,0.0
2023-11-09 00:00:00-05:00,52.54999923706055,52.56999969482422,50.369998931884766,50.40999984741211,44.21747589111328,12175400,0.0,0.0
2023-11-10 00:00:00-05:00,50.61000061035156,50.70000076293945,49.58000183105469,50.61000061035156,44.39289855957031,12697600,0.0,0.0
2023-11-13 00:00:00-05:00,50.45000076293945,50.66999816894531,50.060001373291016,50.150001525878906,43.98941421508789,12047100,0.0,0.0
2023-11-14 00:00:00-05:00,50.45000076293945,51.18000030517578,50.2599983215332,50.52000045776367,44.31396484375,12025300,0.0,0.0
2023-11-15 00:00:00-05:00,50.27000045776367,51.630001068115234,50.150001525878906,51.56999969482422,45.234981536865234,13407600,0.0,0.0
2023-11-16 00:00:00-05:00,51.459999084472656,51.7400016784668,50.25,50.84000015258789,44.59464645385742,14458500,0.0,0.0
2023-11-17 00:00:00-05:00,51.189998626708984,51.220001220703125,50.599998474121094,50.84000015258789,44.59464645385742,10229500,0.0,0.0
2023-11-20 00:00:00-05:00,48.779998779296875,50.16999816894531,48.41999816894531,48.900001525878906,42.892974853515625,27943500,0.0,0.0
2023-11-21 00:00:00-05:00,48.83000183105469,49.040000915527344,48.45000076293945,48.47999954223633,42.524559020996094,14669600,0.0,0.0
2023-11-22 00:00:00-05:00,48.75,49.5,48.560001373291016,49.41999816894531,43.34908676147461,14734800,0.0,0.0
2023-11-24 00:00:00-05:00,49.75,49.90999984741211,49.470001220703125,49.7599983215332,43.647315979003906,5085700,0.0,0.0
2023-11-27 00:00:00-05:00,49.61000061035156,49.720001220703125,48.81999969482422,49.02000045776367,42.99822998046875,17681600,0.0,0.0
2023-11-28 00:00:00-05:00,49.04999923706055,49.31999969482422,48.81999969482422,48.91999816894531,42.91050338745117,11372800,0.0,0.0
2023-11-29 00:00:00-05:00,49.060001373291016,49.349998474121094,48.66999816894531,48.720001220703125,42.735084533691406,12653100,0.0,0.0
2023-11-30 00:00:00-05:00,48.779998779296875,49.400001525878906,48.25,49.380001068115234,43.314002990722656,17044300,0.0,0.0
2023-12-01 00:00:00-05:00,49.400001525878906,50.18000030517578,48.93000030517578,50.099998474121094,43.945556640625,12806400,0.0,0.0
2023-12-04 00:00:00-05:00,49.959999084472656,50.7599983215332,49.77000045776367,49.97999954223633,43.84029769897461,14238600,0.0,0.0
2023-12-05 00:00:00-05:00,49.79999923706055,50.400001525878906,49.560001373291016,50.22999954223633,44.05958557128906,12659500,0.0,0.0
2023-12-06 00:00:00-05:00,50.31999969482422,50.43000030517578,49.779998779296875,49.880001068115234,43.75257873535156,13839800,0.0,0.0
2023-12-07 00:00:00-05:00,50.29999923706055,51.0,49.9900016784668,50.15999984741211,43.99818420410156,14710600,0.0,0.0
2023-12-08 00:00:00-05:00,50.2599983215332,50.540000915527344,50.09000015258789,50.310001373291016,44.129756927490234,10123100,0.0,0.0
2023-12-11 00:00:00-05:00,50.52000045776367,51.13999938964844,50.27000045776367,51.09000015258789,44.81393814086914,18432900,0.0,0.0
2023-12-12 00:00:00-05:00,50.79999923706055,50.939998626708984,49.79999923706055,50.5099983215332,44.30519104003906,14215500,0.0,0.0
2023-12-13 00:00:00-05:00,50.06999969482422,51.86000061035156,49.939998626708984,51.86000061035156,45.489349365234375,15557000,0.0,0.0
2023-12-14 00:00:00-05:00,52.459999084472656,52.540000915527344,51.0,51.470001220703125,45.14726257324219,20212600,0.0,0.0
2023-12-15 00:00:00-05:00,51.15999984741211,51.45000076293945,50.689998626708984,50.88999938964844,44.63850784301758,44147600,0.0,0.0
2023-12-18 00:00:00-05:00,51.150001525878906,51.4900016784668,50.93000030517578,51.34000015258789,45.03322982788086,14361100,0.0,0.0
2023-12-19 00:00:00-05:00,51.61000061035156,52.18000030517578,51.459999084472656,52.11000061035156,45.708641052246094,14293000,0.0,0.0
2023-12-20 00:00:00-05:00,52.029998779296875,52.2400016784668,50.93000030517578,50.959999084472656,44.69991683959961,14179800,0.0,0.0
2023-12-21 00:00:00-05:00,51.34000015258789,51.7400016784668,50.849998474121094,51.2599983215332,44.96305847167969,14232900,0.0,0.0
2023-12-22 00:00:00-05:00,50.86000061035156,53.47999954223633,50.86000061035156,52.290000915527344,45.86653137207031,19998100,0.0,0.0
2023-12-26 00:00:00-05:00,52.40999984741211,52.77000045776367,51.04999923706055,51.45000076293945,45.12971878051758,12237700,0.0,0.0
2023-12-27 00:00:00-05:00,51.40999984741211,51.5,50.7400016784668,51.209999084472656,44.91920471191406,13219000,0.0,0.0
2023-12-28 00:00:00-05:00,51.04999923706055,51.45000076293945,51.0,51.220001220703125,44.92797088623047,10652900,0.0,0.0
2023-12-29 00:00:00-05:00,51.130001068115234,51.4900016784668,50.9900016784668,51.310001373291016,45.00691604614258,11305800,0.0,0.0
2024-01-02 00:00:00-05:00,51.45000076293945,53.45000076293945,51.400001525878906,52.7599983215332,46.278785705566406,17757500,0.0,0.0
2024-01-03 00:00:00-05:00,52.70000076293945,52.900001525878906,51.470001220703125,52.29999923706055,45.87530517578125,15662600,0.0,0.0
2024-01-04 00:00:00-05:00,51.90999984741211,52.189998626708984,51.459999084472656,52.040000915527344,46.176998138427734,16930500,0.6,0.0
2024-01-05 00:00:00-05:00,51.90999984741211,52.56999969482422,51.650001525878906,52.22999954223633,46.345584869384766,12272200,0.0,0.0
2024-01-08 00:00:00-05:00,51.88999938964844,51.900001525878906,51.290000915527344,51.790000915527344,45.95515823364258,18745900,0.0,0.0
2024-01-09 00:00:00-05:00,52.04999923706055,52.099998474121094,51.22999954223633,51.279998779296875,45.50261688232422,13385100,0.0,0.0
2024-01-10 00:00:00-05:00,51.20000076293945,51.25,50.41999816894531,50.65999984741211,44.95247268676758,18095300,0.0,0.0
2024-01-11 00:00:00-05:00,50.650001525878906,50.7400016784668,50.0099983215332,50.220001220703125,44.562042236328125,16567900,0.0,0.0
2024-01-12 00:00:00-05:00,50.38999938964844,50.709999084472656,50.06999969482422,50.310001373291016,44.64190673828125,11461700,0.0,0.0
2024-01-16 00:00:00-05:00,50.29999923706055,50.59000015258789,49.81999969482422,50.0,44.36682891845703,13824700,0.0,0.0
2024-01-17 00:00:00-05:00,49.54999923706055,50.06999969482422,48.95000076293945,49.97999954223633,44.349082946777344,16425400,0.0,0.0
2024-01-18 00:00:00-05:00,49.619998931884766,50.16999816894531,48.630001068115234,50.09000015258789,44.44668960571289,18463800,0.0,0.0
2024-01-19 00:00:00-05:00,50.11000061035156,50.209999084472656,49.43000030517578,50.11000061035156,44.46443557739258,23285800,0.0,0.0
2024-01-22 00:00:00-05:00,50.2599983215332,50.31999969482422,49.5,49.56999969482422,43.98527526855469,13818600,0.0,0.0
2024-01-23 00:00:00-05:00,49.68000030517578,50.41999816894531,49.4900016784668,50.119998931884766,44.47331237792969,12555700,0.0,0.0
2024-01-24 00:00:00-05:00,50.20000076293945,50.619998931884766,50.06999969482422,50.2400016784668,44.57978820800781,11838300,0.0,0.0
2024-01-25 00:00:00-05:00,50.2599983215332,50.34000015258789,49.439998626708984,49.61000061035156,44.02076721191406,17639600,0.0,0.0
2024-01-26 00:00:00-05:00,49.959999084472656,50.20000076293945,49.650001525878906,49.70000076293945,44.100624084472656,10855500,0.0,0.0
2024-01-29 00:00:00-05:00,49.619998931884766,49.880001068115234,49.45000076293945,49.869998931884766,44.25147247314453,11746600,0.0,0.0
2024-01-30 00:00:00-05:00,50.04999923706055,50.18000030517578,49.25,49.38999938964844,43.82555389404297,11605600,0.0,0.0
2024-01-31 00:00:00-05:00,49.709999084472656,50.02000045776367,48.84000015258789,48.869998931884766,43.364131927490234,18997600,0.0,0.0
2024-02-01 00:00:00-05:00,48.849998474121094,48.849998474121094,48.130001068115234,48.66999816894531,43.18667221069336,20416300,0.0,0.0
2024-02-02 00:00:00-05:00,49.27000045776367,50.0099983215332,48.08000183105469,48.709999084472656,43.222164154052734,27991600,0.0,0.0
2024-02-05 00:00:00-05:00,48.52000045776367,48.560001373291016,47.68000030517578,47.97999954223633,42.57440948486328,15535600,0.0,0.0
2024-02-06 00:00:00-05:00,47.95000076293945,49.97999954223633,47.58000183105469,49.2599983215332,43.710201263427734,22693800,0.0,0.0
2024-02-07 00:00:00-05:00,49.189998626708984,49.36000061035156,48.02000045776367,48.63999938964844,43.16004943847656,17973100,0.0,0.0
2024-02-08 00:00:00-05:00,48.439998626708984,48.77000045776367,48.11000061035156,48.709999084472656,43.222164154052734,13577900,0.0,0.0
2024-02-09 00:00:00-05:00,48.70000076293945,49.83000183105469,48.4900016784668,49.810001373291016,44.198238372802734,15413400,0.0,0.0
2024-02-12 00:00:00-05:00,49.81999969482422,50.04999923706055,49.209999084472656,49.75,44.144996643066406,14973600,0.0,0.0
2024-02-13 00:00:00-05:00,49.65999984741211,49.900001525878906,48.310001373291016,48.709999084472656,43.222164154052734,15828100,0.0,0.0
2024-02-14 00:00:00-05:00,48.81999969482422,49.040000915527344,48.45000076293945,48.88999938964844,43.38188552856445,10866900,0.0,0.0
2024-02-15 00:00:00-05:00,49.0099983215332,50.279998779296875,48.83000183105469,49.439998626708984,43.86991882324219,13425800,0.0,0.0
2024-02-16 00:00:00-05:00,49.310001373291016,49.869998931884766,48.93000030517578,49.86000061035156,44.24260330200195,13176500,0.0,0.0
2024-02-20 00:00:00-05:00,49.88999938964844,50.45000076293945,49.66999816894531,49.86000061035156,44.24260330200195,13778800,0.0,0.0
2024-02-21 00:00:00-05:00,49.93000030517578,50.93000030517578,49.540000915527344,50.90999984741211,45.1743049621582,12283500,0.0,0.0
2024-02-22 00:00:00-05:00,50.58000183105469,51.40999984741211,50.33000183105469,51.33000183105469,45.5469856262207,12862900,0.0,0.0
2024-02-23 00:00:00-05:00,51.400001525878906,51.91999816894531,50.72999954223633,51.65999984741211,45.83980941772461,11052500,0.0,0.0
2024-02-26 00:00:00-05:00,51.560001373291016,51.68000030517578,50.470001220703125,50.52000045776367,44.8282470703125,9690400,0.0,0.0
2024-02-27 00:00:00-05:00,50.56999969482422,50.720001220703125,50.150001525878906,50.5099983215332,44.819374084472656,8145100,0.0,0.0
2024-02-28 00:00:00-05:00,50.5099983215332,50.970001220703125,50.369998931884766,50.91999816894531,45.18317794799805,7974500,0.0,0.0
2024-02-29 00:00:00-05:00,50.959999084472656,51.16999816894531,50.279998779296875,50.75,45.032325744628906,14655700,0.0,0.0
2024-03-01 00:00:00-05:00,50.939998626708984,51.08000183105469,50.439998626708984,50.88999938964844,45.156558990478516,10892300,0.0,0.0
2024-03-04 00:00:00-05:00,51.279998779296875,52.20000076293945,50.720001220703125,50.91999816894531,45.18317794799805,19033400,0.0,0.0
2024-03-05 00:00:00-05:00,51.0099983215332,52.11000061035156,50.9900016784668,51.81999969482422,45.981781005859375,15110700,0.0,0.0
2024-03-06 00:00:00-05:00,52.34000015258789,53.810001373291016,52.25,53.380001068115234,47.366024017333984,21692300,0.0,0.0
2024-03-07 00:00:00-05:00,53.56999969482422,53.75,52.97999954223633,53.279998779296875,47.27729415893555,17233100,0.0,0.0
2024-03-08 00:00:00-05:00,53.47999954223633,54.2599983215332,53.33000183105469,53.790000915527344,47.729835510253906,17479600,0.0,0.0
2024-03-11 00:00:00-04:00,53.900001525878906,54.560001373291016,53.7400016784668,54.36000061035156,48.235618591308594,15646400,0.0,0.0
2024-03-12 00:00:00-04:00,54.33000183105469,54.599998474121094,53.81999969482422,54.400001525878906,48.2711181640625,14269100,0.0,0.0
2024-03-13 00:00:00-04:00,54.33000183105469,55.040000915527344,52.599998474121094,52.650001525878906,46.71828079223633,26855200,0.0,0.0
2024-03-14 00:00:00-04:00,52.56999969482422,52.68000030517578,51.810001373291016,52.4900016784668,46.57630157470703,14430200,0.0,0.0
2024-03-15 00:00:00-04:00,52.31999969482422,53.20000076293945,51.95000076293945,52.34000015258789,46.44319534301758,123585300,0.0,0.0
2024-03-18 00:00:00-04:00,52.58000183105469,52.70000076293945,51.529998779296875,51.59000015258789,45.77769470214844,19738700,0.0,0.0
2024-03-19 00:00:00-04:00,51.7599983215332,51.93000030517578,51.38999938964844,51.79999923706055,45.96403884887695,14593200,0.0,0.0
2024-03-20 00:00:00-04:00,51.630001068115234,52.15999984741211,51.27000045776367,51.880001068115234,46.03502655029297,10436300,0.0,0.0
2024-03-21 00:00:00-04:00,51.90999984741211,52.650001525878906,51.560001373291016,51.59000015258789,45.77769470214844,12625100,0.0,0.0
2024-03-22 00:00:00-04:00,51.650001525878906,52.45000076293945,51.52000045776367,51.93000030517578,46.07938766479492,11727500,0.0,0.0
2024-03-25 00:00:00-04:00,52.08000183105469,52.7400016784668,51.90999984741211,52.25,46.36333465576172,12348100,0.0,0.0
2024-03-26 00:00:00-04:00,52.38999938964844,52.650001525878906,52.040000915527344,52.54999923706055,46.62953567504883,9952000,0.0,0.0
2024-03-27 00:00:00-04:00,53.0,53.689998626708984,52.849998474121094,53.25,47.25067138671875,13077600,0.0,0.0
2024-03-28 00:00:00-04:00,53.38999938964844,54.47999954223633,53.38999938964844,54.22999954223633,48.12025833129883,14348200,0.0,0.0
2024-04-01 00:00:00-04:00,54.16999816894531,54.22999954223633,52.959999084472656,52.9900016784668,47.01996994018555,9520400,0.0,0.0
2024-04-02 00:00:00-04:00,53.099998474121094,53.349998474121094,52.529998779296875,52.7400016784668,46.79813003540039,10234300,0.0,0.0
2024-04-03 00:00:00-04:00,52.75,52.869998931884766,52.099998474121094,52.18000030517578,46.30121994018555,10434600,0.0,0.0
2024-04-04 00:00:00-04:00,51.939998626708984,52.09000015258789,51.20000076293945,51.400001525878906,46.1396484375,10993700,0.6,0.0
2024-04-05 00:00:00-04:00,51.189998626708984,51.45000076293945,50.77000045776367,51.31999969482422,46.067832946777344,9095500,0.0,0.0
2024-04-08 00:00:00-04:00,51.279998779296875,51.29999923706055,50.86000061035156,51.099998474121094,45.87034606933594,12258500,0.0,0.0
2024-04-09 00:00:00-04:00,51.130001068115234,51.68000030517578,51.06999969482422,51.599998474121094,46.319175720214844,9487300,0.0,0.0
2024-04-10 00:00:00-04:00,51.040000915527344,51.290000915527344,50.279998779296875,50.290000915527344,45.14324188232422,11492800,0.0,0.0
2024-04-11 00:00:00-04:00,50.459999084472656,50.58000183105469,49.11000061035156,49.119998931884766,44.09298324584961,11781000,0.0,0.0
2024-04-12 00:00:00-04:00,49.040000915527344,49.09000015258789,48.2599983215332,48.279998779296875,43.33894729614258,12459200,0.0,0.0
2024-04-15 00:00:00-04:00,48.36000061035156,49.099998474121094,48.119998931884766,48.5099983215332,43.54541015625,11943600,0.0,0.0
2024-04-16 00:00:00-04:00,48.45000076293945,48.599998474121094,48.2400016784668,48.2599983215332,43.32099533081055,11931300,0.0,0.0
2024-04-17 00:00:00-04:00,48.439998626708984,48.54999923706055,47.70000076293945,47.84000015258789,42.94398498535156,11763100,0.0,0.0
2024-04-18 00:00:00-04:00,47.93000030517578,48.40999984741211,47.619998931884766,48.29999923706055,43.356903076171875,10917600,0.0,0.0
2024-04-19 00:00:00-04:00,48.209999084472656,49.04999923706055,48.119998931884766,48.93000030517578,43.922428131103516,10303900,0.0,0.0
2024-04-22 00:00:00-04:00,49.0,49.560001373291016,48.869998931884766,49.13999938964844,44.110931396484375,7929500,0.0,0.0
2024-04-23 00:00:00-04:00,49.15999984741211,49.470001220703125,48.959999084472656,48.9900016784668,43.97628402709961,9153300,0.0,0.0
2024-04-24 00:00:00-04:00,49.0,49.04999923706055,48.54999923706055,48.86000061035156,43.859588623046875,16057100,0.0,0.0
2024-04-25 00:00:00-04:00,47.38999938964844,47.5,44.369998931884766,44.70000076293945,40.12533950805664,45069000,0.0,0.0
2024-04-26 00:00:00-04:00,44.68000030517578,45.369998931884766,44.34000015258789,44.849998474121094,40.259979248046875,21281900,0.0,0.0
2024-04-29 00:00:00-04:00,45.09000015258789,45.380001068115234,44.529998779296875,44.63999938964844,40.071468353271484,16416300,0.0,0.0
2024-04-30 00:00:00-04:00,44.400001525878906,44.7599983215332,43.93000030517578,43.939998626708984,39.4431037902832,17716000,0.0,0.0
2024-05-01 00:00:00-04:00,43.970001220703125,44.470001220703125,43.72999954223633,44.209999084472656,39.68547821044922,13246100,0.0,0.0
2024-05-02 00:00:00-04:00,44.36000061035156,44.41999816894531,43.33000183105469,43.70000076293945,39.22767639160156,15962600,0.0,0.0
2024-05-03 00:00:00-04:00,43.900001525878906,44.33000183105469,43.689998626708984,43.9900016784668,39.48799133300781,12104500,0.0,0.0
2024-05-06 00:00:00-04:00,44.15999984741211,44.619998931884766,43.779998779296875,43.900001525878906,39.40719985961914,9127700,0.0,0.0
2024-05-07 00:00:00-04:00,43.97999954223633,44.2599983215332,43.84000015258789,44.040000915527344,39.53287124633789,11026900,0.0,0.0
2024-05-08 00:00:00-04:00,44.0,44.220001220703125,43.560001373291016,43.66999816894531,39.20073699951172,11928300,0.0,0.0
2024-05-09 00:00:00-04:00,43.560001373291016,44.810001373291016,43.5,44.7400016784668,40.1612434387207,10776300,0.0,0.0
2024-05-10 00:00:00-04:00,44.75,44.970001220703125,44.29999923706055,44.939998626708984,40.34076690673828,8699600,0.0,0.0
2024-05-13 00:00:00-04:00,44.880001068115234,45.31999969482422,44.83000183105469,45.060001373291016,40.448490142822266,12642400,0.0,0.0
2024-05-14 00:00:00-04:00,45.380001068115234,45.720001220703125,44.529998779296875,44.709999084472656,40.13431167602539,14536500,0.0,0.0
2024-05-15 00:00:00-04:00,45.0,45.16999816894531,44.47999954223633,44.54999923706055,39.99068832397461,14179400,0.0,0.0
2024-05-16 00:00:00-04:00,44.470001220703125,44.529998779296875,43.68000030517578,44.11000061035156,39.59571075439453,15765700,0.0,0.0
2024-05-17 00:00:00-04:00,44.29999923706055,44.29999923706055,43.72999954223633,44.029998779296875,39.52389907836914,15788000,0.0,0.0
2024-05-20 00:00:00-04:00,44.0,44.04999923706055,43.310001373291016,43.36000061035156,38.92246627807617,10376900,0.0,0.0
2024-05-21 00:00:00-04:00,43.13999938964844,43.43000030517578,42.25,42.27000045776367,37.94401931762695,17576800,0.0,0.0
2024-05-22 00:00:00-04:00,42.220001220703125,42.9900016784668,41.90999984741211,42.34000015258789,38.006858825683594,16786000,0.0,0.0
2024-05-23 00:00:00-04:00,41.91999816894531,42.27000045776367,41.459999084472656,41.540000915527344,37.28873062133789,12438000,0.0,0.0
2024-05-24 00:00:00-04:00,41.40999984741211,41.68000030517578,41.06999969482422,41.2400016784668,37.019432067871094,17425600,0.0,0.0
2024-05-28 00:00:00-04:00,41.220001220703125,41.33000183105469,40.380001068115234,40.4900016784668,36.34619140625,14674500,0.0,0.0
2024-05-29 00:00:00-04:00,40.279998779296875,40.70000076293945,39.939998626708984,40.25,36.13075256347656,16492500,0.0,0.0
2024-05-30 00:00:00-04:00,40.13999938964844,40.599998474121094,39.90999984741211,40.25,36.13075256347656,16111400,0.0,0.0
2024-05-31 00:00:00-04:00,40.25,41.15999984741211,40.130001068115234,41.09000015258789,36.884788513183594,29396300,0.0,0.0
2024-06-03 00:00:00-04:00,41.15999984741211,42.38999938964844,41.130001068115234,41.77000045776367,37.49519348144531,13678700,0.0,0.0
2024-06-04 00:00:00-04:00,41.75,42.08000183105469,41.38999938964844,41.75,37.477237701416016,12230000,0.0,0.0
2024-06-05 00:00:00-04:00,41.68000030517578,41.68000030517578,40.91999816894531,41.2400016784668,37.019432067871094,12401200,0.0,0.0
2024-06-06 00:00:00-04:00,40.86000061035156,41.290000915527344,40.70000076293945,40.880001068115234,36.6962776184082,10282800,0.0,0.0
2024-06-07 00:00:00-04:00,40.849998474121094,41.58000183105469,40.77000045776367,41.47999954223633,37.23487091064453,13665500,0.0,0.0
2024-06-10 00:00:00-04:00,41.400001525878906,42.720001220703125,41.36000061035156,42.56999969482422,38.21332550048828,13459200,0.0,0.0
2024-06-11 00:00:00-04:00,42.529998779296875,43.04999923706055,41.880001068115234,43.02000045776367,38.61726379394531,12637100,0.0,0.0
2024-06-12 00:00:00-04:00,43.09000015258789,43.189998626708984,42.220001220703125,42.40999984741211,38.069698333740234,9433200,0.0,0.0
2024-06-13 00:00:00-04:00,42.459999084472656,42.63999938964844,41.06999969482422,41.47999954223633,37.23487091064453,17023700,0.0,0.0
2024-06-14 00:00:00-04:00,41.40999984741211,41.86000061035156,40.75,41.20000076293945,36.9835319519043,14271100,0.0,0.0
2024-06-17 00:00:00-04:00,41.06999969482422,41.34000015258789,40.439998626708984,40.970001220703125,36.77706527709961,18782500,0.0,0.0
2024-06-18 00:00:00-04:00,41.02000045776367,41.2400016784668,40.09000015258789,40.810001373291016,36.63344192504883,18747200,0.0,0.0
2024-06-20 00:00:00-04:00,40.54999923706055,41.189998626708984,39.630001068115234,41.040000915527344,36.83990478515625,18639600,0.0,0.0
2024-06-21 00:00:00-04:00,41.2599983215332,41.95000076293945,41.06999969482422,41.93000030517578,37.63882064819336,35828400,0.0,0.0
2024-06-24 00:00:00-04:00,42.0,42.349998474121094,41.810001373291016,42.22999954223633,37.90811538696289,14845100,0.0,0.0
2024-06-25 00:00:00-04:00,42.02000045776367,42.369998931884766,41.58000183105469,42.189998626708984,37.87220764160156,16082600,0.0,0.0
2024-06-26 00:00:00-04:00,42.11000061035156,43.040000915527344,41.709999084472656,42.5,38.150482177734375,19824600,0.0,0.0
2024-06-27 00:00:00-04:00,42.43000030517578,42.5,41.47999954223633,41.5099983215332,37.26179885864258,17435000,0.0,0.0
2024-06-28 00:00:00-04:00,41.709999084472656,42.47999954223633,41.40999984741211,41.529998779296875,37.279754638671875,20542700,0.0,0.0
2024-07-01 00:00:00-04:00,41.650001525878906,42.27000045776367,41.13999938964844,41.29999923706055,37.07328796386719,18268400,0.0,0.0
2024-07-02 00:00:00-04:00,41.2599983215332,41.349998474121094,40.40999984741211,40.45000076293945,36.310279846191406,18280200,0.0,0.0
2024-07-03 00:00:00-04:00,40.41999816894531,40.65999984741211,40.029998779296875,40.060001373291016,35.96018981933594,9131500,0.0,0.0
2024-07-05 00:00:00-04:00,39.7400016784668,39.75,39.349998474121094,39.65999984741211,36.142459869384766,12824400,0.6,0.0
2024-07-08 00:00:00-04:00,39.63999938964844,40.11000061035156,39.5,39.9900016784668,36.44318771362305,13372700,0.0,0.0
2024-07-09 00:00:00-04:00,39.810001373291016,40.900001525878906,39.709999084472656,40.86000061035156,37.236026763916016,16368900,0.0,0.0
2024-07-10 00:00:00-04:00,40.869998931884766,41.16999816894531,40.439998626708984,41.119998931884766,37.472965240478516,9672700,0.0,0.0
2024-07-11 00:00:00-04:00,41.25,41.65999984741211,40.689998626708984,40.75,37.13577651977539,17883000,0.0,0.0
2024-07-12 00:00:00-04:00,41.06999969482422,41.13999938964844,40.349998474121094,40.459999084472656,36.87150192260742,16677500,0.0,0.0
2024-07-15 00:00:00-04:00,40.630001068115234,40.650001525878906,39.91999816894531,40.150001525878906,36.58899688720703,17858100,0.0,0.0
2024-07-16 00:00:00-04:00,40.150001525878906,41.27000045776367,40.09000015258789,41.20000076293945,37.545875549316406,13739600,0.0,0.0
2024-07-17 00:00:00-04:00,41.20000076293945,43.52000045776367,41.20000076293945,43.150001525878906,39.32292556762695,18639200,0.0,0.0
2024-07-18 00:00:00-04:00,42.439998626708984,44.2400016784668,42.369998931884766,42.38999938964844,38.63032531738281,19434500,0.0,0.0
2024-07-19 00:00:00-04:00,42.630001068115234,42.83000183105469,41.61000061035156,42.63999938964844,38.858154296875,12839900,0.0,0.0
2024-07-22 00:00:00-04:00,42.43000030517578,42.97999954223633,42.369998931884766,42.66999816894531,38.8854866027832,10115500,0.0,0.0
2024-07-23 00:00:00-04:00,42.439998626708984,43.08000183105469,41.900001525878906,42.97999954223633,39.167991638183594,17688600,0.0,0.0
2024-07-24 00:00:00-04:00,43.25,44.779998779296875,43.25,44.65999984741211,40.698997497558594,20392800,0.0,0.0
2024-07-25 00:00:00-04:00,44.790000915527344,45.970001220703125,44.4900016784668,45.27000045776367,41.2548942565918,22050100,0.0,0.0
2024-07-26 00:00:00-04:00,48.27000045776367,50.61000061035156,47.72999954223633,50.45000076293945,45.9754638671875,36636400,0.0,0.0
2024-07-29 00:00:00-04:00,49.91999816894531,51.189998626708984,48.970001220703125,48.97999954223633,44.635841369628906,22280200,0.0,0.0
2024-07-30 00:00:00-04:00,49.060001373291016,49.310001373291016,47.849998474121094,49.04999923706055,44.69963455200195,19296500,0.0,0.0
2024-07-31 00:00:00-04:00,48.75,49.11000061035156,47.369998931884766,47.560001373291016,43.34178924560547,17727600,0.0,0.0
2024-08-01 00:00:00-04:00,47.79999923706055,48.5099983215332,47.220001220703125,48.16999816894531,43.897682189941406,12064400,0.0,0.0
2024-08-02 00:00:00-04:00,49.119998931884766,49.540000915527344,48.310001373291016,48.77000045776367,44.4444694519043,15601500,0.0,0.0
2024-08-05 00:00:00-04:00,47.880001068115234,48.7400016784668,47.209999084472656,47.59000015258789,43.3691291809082,17895000,0.0,0.0
2024-08-06 00:00:00-04:00,47.88999938964844,48.06999969482422,47.119998931884766,47.310001373291016,43.11396408081055,15663000,0.0,0.0
2024-08-07 00:00:00-04:00,47.43000030517578,48.4900016784668,46.400001525878906,46.5,42.37580490112305,16891900,0.0,0.0
2024-08-08 00:00:00-04:00,46.56999969482422,47.150001525878906,46.220001220703125,46.849998474121094,42.69475555419922,15216900,0.0,0.0
2024-08-09 00:00:00-04:00,46.84000015258789,47.68000030517578,46.5,46.720001220703125,42.57628631591797,14083500,0.0,0.0
2024-08-12 00:00:00-04:00,46.77000045776367,47.470001220703125,46.47999954223633,47.060001373291016,42.88613510131836,11942000,0.0,0.0
2024-08-13 00:00:00-04:00,47.47999954223633,49.15999984741211,47.47999954223633,49.060001373291016,44.70874786376953,19858200,0.0,0.0
2024-08-14 00:00:00-04:00,49.060001373291016,49.290000915527344,48.11000061035156,48.40999984741211,44.116397857666016,10667200,0.0,0.0
2024-08-15 00:00:00-04:00,49.29999923706055,49.529998779296875,48.470001220703125,49.11000061035156,44.75431823730469,13140600,0.0,0.0
2024-08-16 00:00:00-04:00,49.11000061035156,50.04999923706055,49.0099983215332,49.36000061035156,44.98213577270508,14161800,0.0,0.0
2024-08-19 00:00:00-04:00,49.380001068115234,49.9900016784668,49.20000076293945,49.29999923706055,44.92746353149414,9067400,0.0,0.0
2024-08-20 00:00:00-04:00,49.27000045776367,49.61000061035156,48.93000030517578,48.97999954223633,44.635841369628906,8780200,0.0,0.0
2024-08-21 00:00:00-04:00,48.779998779296875,49.16999816894531,48.15999984741211,48.439998626708984,44.14373779296875,7780500,0.0,0.0
2024-08-22 00:00:00-04:00,48.56999969482422,48.61000061035156,46.88999938964844,47.619998931884766,43.39646530151367,9946800,0.0,0.0
2024-08-23 00:00:00-04:00,47.66999816894531,48.2400016784668,47.380001068115234,48.11000061035156,43.8430061340332,8328400,0.0,0.0
2024-08-26 00:00:00-04:00,48.16999816894531,48.4900016784668,47.97999954223633,48.2400016784668,43.96147918701172,4949600,0.0,0.0
2024-08-27 00:00:00-04:00,48.36000061035156,48.790000915527344,47.810001373291016,48.119998931884766,43.85212326049805,6918500,0.0,0.0
2024-08-28 00:00:00-04:00,48.119998931884766,49.91999816894531,48.029998779296875,49.060001373291016,44.70874786376953,8399700,0.0,0.0
2024-08-29 00:00:00-04:00,49.27000045776367,49.77000045776367,48.7599983215332,49.720001220703125,45.31020736694336,7536000,0.0,0.0
2024-08-30 00:00:00-04:00,49.720001220703125,50.2400016784668,49.68000030517578,49.95000076293945,45.519813537597656,9594800,0.0,0.0
2024-09-03 00:00:00-04:00,49.709999084472656,50.7400016784668,49.650001525878906,50.52000045776367,46.03926467895508,10942500,0.0,0.0
2024-09-04 00:00:00-04:00,50.720001220703125,50.75,49.54999923706055,49.959999084472656,45.52892303466797,7036200,0.0,0.0
2024-09-05 00:00:00-04:00,50.08000183105469,50.2400016784668,49.22999954223633,49.79999923706055,45.383113861083984,9947800,0.0,0.0
2024-09-06 00:00:00-04:00,49.790000915527344,50.029998779296875,48.529998779296875,48.70000076293945,44.38067626953125,11146400,0.0,0.0
2024-09-09 00:00:00-04:00,48.720001220703125,49.130001068115234,47.54999923706055,48.5,44.19841384887695,9433300,0.0,0.0
2024-09-10 00:00:00-04:00,48.5,49.31999969482422,47.970001220703125,49.279998779296875,44.909236907958984,8624500,0.0,0.0
2024-09-11 00:00:00-04:00,49.11000061035156,49.189998626708984,48.25,48.59000015258789,44.280433654785156,8425400,0.0,0.0
2024-09-12 00:00:00-04:00,48.380001068115234,48.56999969482422,47.7599983215332,48.2400016784668,43.96147918701172,5575300,0.0,0.0
2024-09-13 00:00:00-04:00,48.25,49.150001525878906,48.20000076293945,49.130001068115234,44.77254104614258,9412800,0.0,0.0
2024-09-16 00:00:00-04:00,49.5,50.25,49.2599983215332,49.9900016784668,45.5562629699707,11823400,0.0,0.0
2024-09-17 00:00:00-04:00,50.09000015258789,50.40999984741211,48.849998474121094,49.4900016784668,45.10061264038086,7549200,0.0,0.0
2024-09-18 00:00:00-04:00,49.40999984741211,50.18000030517578,48.779998779296875,49.7400016784668,45.32844161987305,7771500,0.0,0.0
2024-09-19 00:00:00-04:00,49.88999938964844,50.040000915527344,48.95000076293945,49.02000045776367,44.67229461669922,8841400,0.0,0.0
2024-09-20 00:00:00-04:00,49.290000915527344,49.529998779296875,49.0,49.40999984741211,45.027706146240234,27106500,0.0,0.0
2024-09-23 00:00:00-04:00,49.560001373291016,50.22999954223633,49.47999954223633,50.0099983215332,45.57448959350586,12226500,0.0,0.0
2024-09-24 00:00:00-04:00,50.0099983215332,51.09000015258789,49.810001373291016,50.939998626708984,46.42200469970703,16463200,0.0,0.0
2024-09-25 00:00:00-04:00,51.25,51.369998931884766,49.11000061035156,49.95000076293945,45.519813537597656,15321900,0.0,0.0
2024-09-26 00:00:00-04:00,49.81999969482422,50.54999923706055,49.720001220703125,50.119998931884766,45.67473602294922,8622900,0.0,0.0
2024-09-27 00:00:00-04:00,51.540000915527344,52.15999984741211,50.709999084472656,50.90999984741211,46.39467239379883,23035300,0.0,0.0
2024-09-30 00:00:00-04:00,51.5099983215332,51.939998626708984,51.040000915527344,51.7400016784668,47.15105438232422,14085200,0.0,0.0
2024-10-01 00:00:00-04:00,51.95000076293945,52.970001220703125,51.61000061035156,52.900001525878906,48.208168029785156,17436200,0.0,0.0
2024-10-02 00:00:00-04:00,52.83000183105469,54.540000915527344,52.40999984741211,53.7599983215332,48.99189376831055,22198300,0.0,0.0
2024-10-03 00:00:00-04:00,53.849998474121094,54.290000915527344,53.40999984741211,54.20000076293945,49.39287185668945,15398400,0.0,0.0
2024-10-04 00:00:00-04:00,53.400001525878906,54.0099983215332,53.29999923706055,53.959999084472656,49.724613189697266,12826500,0.6,0.0
2024-10-07 00:00:00-04:00,54.0,54.41999816894531,53.40999984741211,53.439998626708984,49.24542999267578,11150600,0.0,0.0
2024-10-08 00:00:00-04:00,53.5,53.83000183105469,52.459999084472656,52.47999954223633,48.36077880859375,9900300,0.0,0.0
2024-10-09 00:00:00-04:00,52.25,53.150001525878906,51.5099983215332,52.79999923706055,48.655662536621094,10408200,0.0,0.0
2024-10-10 00:00:00-04:00,53.029998779296875,53.41999816894531,52.33000183105469,52.400001525878906,48.28705596923828,6799500,0.0,0.0
2024-10-11 00:00:00-04:00,52.58000183105469,52.65999984741211,52.0,52.20000076293945,48.10275650024414,6041700,0.0,0.0
2024-10-14 00:00:00-04:00,52.13999938964844,52.709999084472656,51.939998626708984,52.66999816894531,48.535865783691406,6890800,0.0,0.0
2024-10-15 00:00:00-04:00,51.310001373291016,53.38999938964844,51.310001373291016,52.7599983215332,48.618797302246094,10579100,0.0,0.0
2024-10-16 00:00:00-04:00,52.630001068115234,53.58000183105469,52.5099983215332,53.369998931884766,49.1809196472168,7624300,0.0,0.0
2024-10-17 00:00:00-04:00,53.189998626708984,53.58000183105469,52.83000183105469,53.18000030517578,49.00584030151367,7948500,0.0,0.0
2024-10-18 00:00:00-04:00,53.2599983215332,53.33000183105469,52.34000015258789,53.220001220703125,49.04269790649414,7184500,0.0,0.0
2024-10-21 00:00:00-04:00,53.279998779296875,53.29999923706055,52.099998474121094,52.119998931884766,48.02903366088867,5353100,0.0,0.0
2024-10-22 00:00:00-04:00,52.029998779296875,53.060001373291016,52.029998779296875,52.7599983215332,48.618797302246094,7122800,0.0,0.0
2024-10-23 00:00:00-04:00,52.79999923706055,53.11000061035156,52.540000915527344,53.060001373291016,48.895259857177734,5833000,0.0,0.0
2024-10-24 00:00:00-04:00,52.900001525878906,53.400001525878906,52.41999816894531,52.91999816894531,48.766239166259766,7103100,0.0,0.0
2024-10-25 00:00:00-04:00,52.68000030517578,52.900001525878906,51.81999969482422,51.91999816894531,47.8447380065918,7127400,0.0,0.0
2024-10-28 00:00:00-04:00,51.95000076293945,52.7599983215332,51.810001373291016,52.63999938964844,48.50822067260742,8528500,0.0,0.0
2024-10-29 00:00:00-04:00,52.34000015258789,52.7400016784668,52.13999938964844,52.5,48.37921142578125,8371500,0.0,0.0
2024-10-30 00:00:00-04:00,52.5,53.150001525878906,52.290000915527344,52.65999984741211,48.52665328979492,9654100,0.0,0.0
2024-10-31 00:00:00-04:00,53.79999923706055,56.20000076293945,53.560001373291016,55.77000045776367,51.39254379272461,18744000,0.0,0.0
2024-11-01 00:00:00-04:00,55.880001068115234,55.900001525878906,54.20000076293945,54.31999969482422,50.056358337402344,12894800,0.0,0.0
2024-11-04 00:00:00-05:00,54.33000183105469,55.77000045776367,54.31999969482422,55.45000076293945,51.09766387939453,10808200,0.0,0.0
2024-11-05 00:00:00-05:00,55.13999938964844,56.279998779296875,54.720001220703125,55.95000076293945,51.55841827392578,9278000,0.0,0.0
2024-11-06 00:00:00-05:00,56.34000015258789,56.79999923706055,55.13999938964844,55.279998779296875,50.941001892089844,11776000,0.0,0.0
2024-11-07 00:00:00-05:00,55.189998626708984,55.52000045776367,54.4900016784668,54.709999084472656,50.415748596191406,12042200,0.0,0.0
2024-11-08 00:00:00-05:00,54.70000076293945,54.790000915527344,53.970001220703125,54.13999938964844,49.890480041503906,9218600,0.0,0.0
2024-11-11 00:00:00-05:00,60.720001220703125,61.08000183105469,59.529998779296875,59.81999969482422,55.124656677246094,27898400,0.0,0.0
2024-11-12 00:00:00-05:00,59.81999969482422,60.619998931884766,58.810001373291016,59.02000045776367,54.38744354248047,15141300,0.0,0.0
2024-11-13 00:00:00-05:00,59.209999084472656,59.4900016784668,57.84000015258789,58.40999984741211,53.82533264160156,11215000,0.0,0.0
2024-11-14 00:00:00-05:00,58.90999984741211,59.72999954223633,58.2599983215332,58.5,53.90826416015625,11494200,0.0,0.0
2024-11-15 00:00:00-05:00,58.15999984741211,58.36000061035156,55.81999969482422,56.220001220703125,51.80722427368164,21259200,0.0,0.0
2024-11-18 00:00:00-05:00,56.18000030517578,56.84000015258789,55.84000015258789,56.79999923706055,52.341697692871094,10679100,0.0,0.0
2024-11-19 00:00:00-05:00,56.5,58.650001525878906,56.099998474121094,58.22999954223633,53.65945816040039,13129900,0.0,0.0
2024-11-20 00:00:00-05:00,58.61000061035156,58.83000183105469,57.66999816894531,57.880001068115234,53.33693313598633,11239700,0.0,0.0
2024-11-21 00:00:00-05:00,58.15999984741211,58.47999954223633,57.470001220703125,58.22999954223633,53.65945816040039,7441000,0.0,0.0
2024-11-22 00:00:00-05:00,58.349998474121094,58.91999816894531,57.619998931884766,58.869998931884766,54.24921798706055,7412500,0.0,0.0
2024-11-25 00:00:00-05:00,59.97999954223633,60.68000030517578,58.630001068115234,58.779998779296875,54.16628646850586,14119700,0.0,0.0
2024-11-26 00:00:00-05:00,58.84000015258789,59.08000183105469,58.060001373291016,58.7400016784668,54.12942123413086,7432800,0.0,0.0
2024-11-27 00:00:00-05:00,58.81999969482422,59.5099983215332,58.779998779296875,59.27000045776367,54.617828369140625,7064900,0.0,0.0
2024-11-29 00:00:00-05:00,59.33000183105469,59.540000915527344,58.959999084472656,59.220001220703125,54.57175064086914,4581600,0.0,0.0
2024-12-02 00:00:00-05:00,59.400001525878906,60.06999969482422,58.91999816894531,59.939998626708984,55.23523712158203,9032100,0.0,0.0
2024-12-03 00:00:00-05:00,59.880001068115234,60.09000015258789,58.630001068115234,58.689998626708984,54.08334732055664,8763400,0.0,0.0
2024-12-04 00:00:00-05:00,58.56999969482422,58.790000915527344,57.59000015258789,58.369998931884766,53.7884635925293,9533700,0.0,0.0
2024-12-05 00:00:00-05:00,58.29999923706055,59.22999954223633,58.22999954223633,58.84000015258789,54.22157669067383,8116500,0.0,0.0
2024-12-06 00:00:00-05:00,58.84000015258789,59.529998779296875,58.689998626708984,59.380001068115234,54.71919250488281,7276800,0.0,0.0
2024-12-09 00:00:00-05:00,59.25,59.7599983215332,58.70000076293945,58.709999084472656,54.101783752441406,8653500,0.0,0.0
2024-12-10 00:00:00-05:00,58.779998779296875,58.849998474121094,57.810001373291016,58.119998931884766,53.55809020996094,6896500,0.0,0.0
2024-12-11 00:00:00-05:00,58.0,58.04999923706055,56.619998931884766,56.650001525878906,52.20347595214844,10578700,0.0,0.0
2024-12-12 00:00:00-05:00,57.029998779296875,57.31999969482422,55.939998626708984,56.279998779296875,51.86251449584961,12121400,0.0,0.0
2024-12-13 00:00:00-05:00,56.380001068115234,56.380001068115234,55.040000915527344,55.779998779296875,51.401763916015625,9406100,0.0,0.0
2024-12-16 00:00:00-05:00,56.77000045776367,56.970001220703125,55.68000030517578,55.869998931884766,51.48469161987305,16470500,0.0,0.0
2024-12-17 00:00:00-05:00,56.09000015258789,57.77000045776367,56.04999923706055,57.650001525878906,53.12498474121094,14984500,0.0,0.0
2024-12-18 00:00:00-05:00,57.349998474121094,58.54999923706055,56.77000045776367,56.84000015258789,52.37855911254883,14111900,0.0,0.0
2024-12-19 00:00:00-05:00,56.849998474121094,57.189998626708984,56.11000061035156,56.29999923706055,51.88093948364258,11487900,0.0,0.0
2024-12-20 00:00:00-05:00,56.220001220703125,57.33000183105469,56.08000183105469,57.33000183105469,52.83009719848633,48212100,0.0,0.0
2024-12-23 00:00:00-05:00,57.25,57.65999984741211,56.79999923706055,57.58000183105469,53.060482025146484,9431500,0.0,0.0
2024-12-24 00:00:00-05:00,57.40999984741211,57.77000045776367,57.0099983215332,57.7599983215332,53.22634506225586,3668200,0.0,0.0
2024-12-26 00:00:00-05:00,57.65999984741211,58.06999969482422,57.5099983215332,58.0,53.447505950927734,4688800,0.0,0.0
2024-12-27 00:00:00-05:00,57.650001525878906,58.380001068115234,57.52000045776367,57.68000030517578,53.15262222290039,6607700,0.0,0.0
2024-12-30 00:00:00-05:00,57.529998779296875,57.599998474121094,56.04999923706055,56.060001373291016,51.65978240966797,6593700,0.0,0.0
2024-12-31 00:00:00-05:00,56.06999969482422,56.959999084472656,55.93000030517578,56.560001373291016,52.120540618896484,7345200,0.0,0.0
2025-01-02 00:00:00-05:00,56.93000030517578,57.380001068115234,56.52000045776367,56.790000915527344,52.332481384277344,9092000,0.0,0.0
2025-01-03 00:00:00-05:00,56.34000015258789,56.79999923706055,56.310001373291016,56.56999969482422,52.70515441894531,9533500,0.62,0.0
2025-01-06 00:00:00-05:00,56.310001373291016,57.029998779296875,55.939998626708984,56.68000030517578,52.807640075683594,9459600,0.0,0.0
2025-01-07 00:00:00-05:00,56.68000030517578,57.66999816894531,56.52000045776367,57.13999938964844,53.23621368408203,10814600,0.0,0.0
2025-01-08 00:00:00-05:00,56.97999954223633,57.04999923706055,56.04999923706055,56.810001373291016,52.92876052856445,11995900,0.0,0.0
2025-01-10 00:00:00-05:00,56.36000061035156,56.52000045776367,55.630001068115234,55.83000183105469,52.01571273803711,9681300,0.0,0.0
2025-01-13 00:00:00-05:00,55.68000030517578,55.790000915527344,54.810001373291016,55.36000061035156,51.577823638916016,7120700,0.0,0.0
2025-01-14 00:00:00-05:00,55.5,55.97999954223633,55.459999084472656,55.7400016784668,51.93186569213867,7409900,0.0,0.0
2025-01-15 00:00:00-05:00,56.130001068115234,56.7400016784668,55.65999984741211,55.90999984741211,52.09025192260742,8458400,0.0,0.0
2025-01-16 00:00:00-05:00,55.84000015258789,56.41999816894531,55.08000183105469,56.380001068115234,52.528133392333984,9061000,0.0,0.0
2025-01-17 00:00:00-05:00,56.0,56.619998931884766,55.54999923706055,56.290000915527344,52.44428634643555,10911600,0.0,0.0
2025-01-21 00:00:00-05:00,56.630001068115234,57.68000030517578,56.54999923706055,57.040000915527344,53.14304733276367,9113200,0.0,0.0
2025-01-22 00:00:00-05:00,56.4900016784668,57.38999938964844,55.95000076293945,57.09000015258789,53.189632415771484,8439800,0.0,0.0
2025-01-23 00:00:00-05:00,57.13999938964844,59.25,57.02000045776367,59.13999938964844,55.09957504272461,14504300,0.0,0.0
2025-01-24 00:00:00-05:00,59.11000061035156,60.0,59.099998474121094,59.66999816894531,55.59336471557617,12677500,0.0,0.0
2025-01-27 00:00:00-05:00,60.61000061035156,61.099998474121094,59.869998931884766,60.599998474121094,56.45982360839844,10882600,0.0,0.0
2025-01-28 00:00:00-05:00,60.279998779296875,60.59000015258789,58.7400016784668,58.7599983215332,54.74553680419922,9232600,0.0,0.0
2025-01-29 00:00:00-05:00,59.08000183105469,59.7400016784668,58.810001373291016,59.04999923706055,55.015724182128906,6780900,0.0,0.0
2025-01-30 00:00:00-05:00,59.290000915527344,59.349998474121094,58.58000183105469,59.13999938964844,55.09957504272461,8128600,0.0,0.0
2025-01-31 00:00:00-05:00,59.18000030517578,60.22999954223633,58.66999816894531,58.95000076293945,54.92255401611328,11342000,0.0,0.0
2025-02-03 00:00:00-05:00,58.790000915527344,60.310001373291016,58.54999923706055,59.95000076293945,55.85424041748047,13978200,0.0,0.0
2025-02-04 00:00:00-05:00,58.869998931884766,59.849998474121094,58.72999954223633,59.119998931884766,55.08094024658203,11718500,0.0,0.0
2025-02-05 00:00:00-05:00,59.63999938964844,60.36000061035156,59.22999954223633,59.709999084472656,55.63063049316406,12600800,0.0,0.0
2025-02-06 00:00:00-05:00,57.369998931884766,59.380001068115234,56.90999984741211,57.41999816894531,53.4970817565918,25072300,0.0,0.0
2025-02-07 00:00:00-05:00,57.459999084472656,57.709999084472656,56.189998626708984,56.849998474121094,52.966026306152344,14340200,0.0,0.0
2025-02-10 00:00:00-05:00,56.79999923706055,56.869998931884766,54.599998474121094,55.529998779296875,51.736209869384766,16656800,0.0,0.0
2025-02-11 00:00:00-05:00,55.400001525878906,56.310001373291016,55.099998474121094,55.939998626708984,52.118194580078125,8724200,0.0,0.0
2025-02-12 00:00:00-05:00,55.66999816894531,56.540000915527344,55.45000076293945,56.150001525878906,52.313846588134766,8502900,0.0,0.0
2025-02-13 00:00:00-05:00,56.25,56.2599983215332,55.630001068115234,55.970001220703125,52.146148681640625,8917200,0.0,0.0
2025-02-14 00:00:00-05:00,56.029998779296875,56.029998779296875,53.65999984741211,53.900001525878906,50.21757507324219,13227200,0.0,0.0
2025-02-18 00:00:00-05:00,53.720001220703125,54.59000015258789,53.540000915527344,54.43000030517578,50.711360931396484,10918500,0.0,0.0
2025-02-19 00:00:00-05:00,54.40999984741211,54.97999954223633,54.119998931884766,54.97999954223633,51.223785400390625,10770900,0.0,0.0
2025-02-20 00:00:00-05:00,55.02000045776367,55.81999969482422,54.79999923706055,55.790000915527344,51.97844696044922,8953500,0.0,0.0
2025-02-21 00:00:00-05:00,55.43000030517578,56.060001373291016,54.849998474121094,55.83000183105469,52.01571273803711,11105500,0.0,0.0
2025-02-24 00:00:00-05:00,55.970001220703125,58.0,55.95000076293945,57.880001068115234,53.9256591796875,13215800,0.0,0.0
2025-02-25 00:00:00-05:00,58.29999923706055,59.939998626708984,58.16999816894531,58.209999084472656,54.23311233520508,15344100,0.0,0.0
2025-02-26 00:00:00-05:00,58.15999984741211,58.41999816894531,57.220001220703125,57.380001068115234,53.459815979003906,7273100,0.0,0.0
2025-02-27 00:00:00-05:00,57.34000015258789,58.81999969482422,56.959999084472656,58.79999923706055,54.78280258178711,9812100,0.0,0.0
2025-02-28 00:00:00-05:00,58.970001220703125,59.7400016784668,57.91999816894531,59.619998931884766,55.54677963256836,20219700,0.0,0.0
2025-03-03 00:00:00-05:00,59.75,59.91999816894531,59.0099983215332,59.869998931884766,55.779701232910156,11214100,0.0,0.0
2025-03-04 00:00:00-05:00,59.959999084472656,60.689998626708984,59.290000915527344,59.439998626708984,55.37908172607422,16502200,0.0,0.0
2025-03-05 00:00:00-05:00,59.43000030517578,60.2599983215332,59.380001068115234,59.81999969482422,55.73311996459961,9707000,0.0,0.0
2025-03-06 00:00:00-05:00,59.939998626708984,60.70000076293945,59.029998779296875,60.18000030517578,56.06852340698242,10682400,0.0,0.0
2025-03-07 00:00:00-05:00,60.45000076293945,63.11000061035156,60.27000045776367,61.09000015258789,56.916351318359375,18538200,0.0,0.0
2025-03-10 00:00:00-04:00,60.95000076293945,63.15999984741211,60.720001220703125,63.11000061035156,58.798343658447266,20295700,0.0,0.0
2025-03-11 00:00:00-04:00,62.79999923706055,63.33000183105469,61.22999954223633,61.5099983215332,57.30765914916992,14637900,0.0,0.0
2025-03-12 00:00:00-04:00,60.720001220703125,60.81999969482422,59.52000045776367,59.810001373291016,55.72380065917969,10812400,0.0,0.0
2025-03-13 00:00:00-04:00,59.9900016784668,60.7599983215332,59.790000915527344,60.279998779296875,56.16168975830078,8990400,0.0,0.0
2025-03-14 00:00:00-04:00,59.84000015258789,59.9900016784668,58.720001220703125,59.0099983215332,54.97845458984375,11905700,0.0,0.0
2025-03-17 00:00:00-04:00,59.15999984741211,60.130001068115234,58.36000061035156,59.9900016784668,55.89150619506836,9666800,0.0,0.0
2025-03-18 00:00:00-04:00,59.880001068115234,60.2599983215332,59.540000915527344,59.900001525878906,55.807655334472656,9967900,0.0,0.0
2025-03-19 00:00:00-04:00,59.86000061035156,60.54999923706055,59.459999084472656,60.08000183105469,55.9753532409668,8304200,0.0,0.0
2025-03-20 00:00:00-04:00,59.86000061035156,61.06999969482422,59.779998779296875,60.41999816894531,56.2921257019043,12197400,0.0,0.0
2025-03-21 00:00:00-04:00,60.22999954223633,61.34000015258789,59.84000015258789,61.06999969482422,56.8977165222168,25865100,0.0,0.0
2025-03-24 00:00:00-04:00,60.790000915527344,61.25,59.970001220703125,61.04999923706055,56.879085540771484,11976800,0.0,0.0
2025-03-25 00:00:00-04:00,61.209999084472656,61.4900016784668,59.18000030517578,59.189998626708984,55.14616394042969,10969100,0.0,0.0
2025-03-26 00:00:00-04:00,59.31999969482422,59.689998626708984,58.529998779296875,59.209999084472656,55.164794921875,11579500,0.0,0.0
2025-03-27 00:00:00-04:00,59.18000030517578,59.560001373291016,58.77000045776367,58.900001525878906,54.8759651184082,8751200,0.0,0.0
2025-03-28 00:00:00-04:00,59.400001525878906,60.11000061035156,58.22999954223633,60.02000045776367,55.91944885253906,10791600,0.0,0.0
2025-03-31 00:00:00-04:00,59.79999923706055,61.63999938964844,59.369998931884766,60.9900016784668,56.823184967041016,11615900,0.0,0.0
2025-04-01 00:00:00-04:00,60.77000045776367,61.099998474121094,59.2400016784668,59.54999923706055,55.48155975341797,9623800,0.0,0.0
2025-04-02 00:00:00-04:00,59.810001373291016,60.2400016784668,59.15999984741211,59.599998474121094,55.52814865112305,8310000,0.0,0.0
2025-04-03 00:00:00-04:00,60.599998474121094,60.79999923706055,57.65999984741211,57.81999969482422,53.86975860595703,13246900,0.0,0.0
2025-04-04 00:00:00-04:00,56.81999969482422,57.16999816894531,54.720001220703125,55.29999923706055,52.08037567138672,14657900,0.62,0.0
2025-04-07 00:00:00-04:00,53.900001525878906,55.29999923706055,52.689998626708984,55.189998626708984,51.97677993774414,16820500,0.0,0.0
2025-04-08 00:00:00-04:00,55.16999816894531,55.77000045776367,52.15999984741211,53.06999969482422,49.98020935058594,16335100,0.0,0.0
2025-04-09 00:00:00-04:00,51.20000076293945,54.04999923706055,49.91999816894531,53.7400016784668,50.61119842529297,24323900,0.0,0.0
2025-04-10 00:00:00-04:00,53.33000183105469,53.41999816894531,48.81999969482422,50.459999084472656,47.52216720581055,23973300,0.0,0.0
2025-04-11 00:00:00-04:00,50.470001220703125,51.0099983215332,49.290000915527344,50.709999084472656,47.75761032104492,13411300,0.0,0.0
2025-04-14 00:00:00-04:00,51.529998779296875,51.599998474121094,50.54999923706055,51.34000015258789,48.350929260253906,14310300,0.0,0.0
2025-04-15 00:00:00-04:00,51.220001220703125,51.5,49.66999816894531,50.0,47.08894729614258,15684400,0.0,0.0
2025-04-16 00:00:00-04:00,50.099998474121094,50.400001525878906,48.84000015258789,49.36000061035156,46.486209869384766,14991000,0.0,0.0
2025-04-17 00:00:00-04:00,49.18000030517578,50.09000015258789,49.060001373291016,49.22999954223633,46.36377716064453,14244100,0.0,0.0
2025-04-21 00:00:00-04:00,49.349998474121094,49.66999816894531,48.15999984741211,48.939998626708984,46.090660095214844,10338700,0.0,0.0
2025-04-22 00:00:00-04:00,49.310001373291016,50.060001373291016,48.880001068115234,49.81999969482422,46.91942596435547,13376000,0.0,0.0
2025-04-23 00:00:00-04:00,47.630001068115234,49.33000183105469,47.540000915527344,48.529998779296875,45.70452880859375,24036600,0.0,0.0
2025-04-24 00:00:00-04:00,47.939998626708984,48.84000015258789,46.93000030517578,48.689998626708984,45.85521697998047,20579300,0.0,0.0
2025-04-25 00:00:00-04:00,48.869998931884766,48.95000076293945,46.959999084472656,47.900001525878906,45.1112174987793,16298800,0.0,0.0
2025-04-28 00:00:00-04:00,48.310001373291016,48.86000061035156,47.91999816894531,48.459999084472656,45.638607025146484,18574700,0.0,0.0
2025-04-29 00:00:00-04:00,48.33000183105469,49.47999954223633,48.150001525878906,49.220001220703125,46.35436248779297,19932800,0.0,0.0
2025-04-30 00:00:00-04:00,50.189998626708984,50.349998474121094,49.150001525878906,50.20000076293945,47.277305603027344,15951600,0.0,0.0
2025-05-01 00:00:00-04:00,49.56999969482422,50.18000030517578,48.689998626708984,49.61000061035156,46.721656799316406,17163100,0.0,0.0
2025-05-02 00:00:00-04:00,50.11000061035156,50.650001525878906,49.68000030517578,50.56999969482422,47.62575912475586,14167200,0.0,0.0
2025-05-05 00:00:00-04:00,50.470001220703125,50.599998474121094,49.34000015258789,50.060001373291016,47.14545440673828,12394600,0.0,0.0
2025-05-06 00:00:00-04:00,49.7400016784668,49.79999923706055,47.400001525878906,47.56999969482422,44.80042266845703,18517500,0.0,0.0
2025-05-07 00:00:00-04:00,47.779998779296875,48.189998626708984,47.279998779296875,47.619998931884766,44.84751510620117,15921800,0.0,0.0
2025-05-08 00:00:00-04:00,47.0,47.400001525878906,46.52000045776367,46.880001068115234,44.150596618652344,23404000,0.0,0.0
2025-05-09 00:00:00-04:00,46.900001525878906,47.119998931884766,46.31999969482422,46.45000076293945,43.745635986328125,14915400,0.0,0.0
2025-05-12 00:00:00-04:00,46.20000076293945,48.41999816894531,45.5,48.18000030517578,45.37491226196289,25598900,0.0,0.0
2025-05-13 00:00:00-04:00,47.29999923706055,47.630001068115234,46.5099983215332,46.59000015258789,43.877479553222656,16888200,0.0,0.0
2025-05-14 00:00:00-04:00,46.709999084472656,46.86000061035156,44.0,44.119998931884766,41.55128479003906,21973700,0.0,0.0
2025-05-15 00:00:00-04:00,44.70000076293945,45.849998474121094,44.41999816894531,45.810001373291016,43.14289855957031,27844400,0.0,0.0
2025-05-16 00:00:00-04:00,45.9900016784668,46.79999923706055,45.79999923706055,46.75,44.02816390991211,12116100,0.0,0.0
2025-05-19 00:00:00-04:00,46.599998474121094,47.27000045776367,46.38999938964844,47.220001220703125,44.47080612182617,10079100,0.0,0.0
2025-05-20 00:00:00-04:00,47.4900016784668,48.2599983215332,47.470001220703125,47.869998931884766,45.08295822143555,12595000,0.0,0.0
2025-05-21 00:00:00-04:00,47.70000076293945,47.880001068115234,46.93000030517578,47.0,44.26361083984375,11963200,0.0,0.0
2025-05-22 00:00:00-04:00,46.900001525878906,47.27000045776367,46.470001220703125,47.029998779296875,44.29186248779297,11036200,0.0,0.0
2025-05-23 00:00:00-04:00,46.93000030517578,47.15999984741211,46.4900016784668,46.849998474121094,44.12234115600586,8401400,0.0,0.0
2025-05-27 00:00:00-04:00,47.22999954223633,47.36000061035156,46.790000915527344,46.88999938964844,44.16001510620117,12954500,0.0,0.0
2025-05-28 00:00:00-04:00,46.900001525878906,47.20000076293945,46.099998474121094,46.970001220703125,44.23535919189453,12427700,0.0,0.0
2025-05-29 00:00:00-04:00,47.0,47.849998474121094,46.88999938964844,47.849998474121094,45.06412124633789,10490600,0.0,0.0
2025-05-30 00:00:00-04:00,47.869998931884766,48.349998474121094,47.29999923706055,48.279998779296875,45.469085693359375,20759300,0.0,0.0
2025-06-02 00:00:00-04:00,48.5,48.869998931884766,47.81999969482422,48.790000915527344,45.94939422607422,13505600,0.0,0.0
2025-06-03 00:00:00-04:00,48.4900016784668,48.93000030517578,47.650001525878906,48.09000015258789,45.2901496887207,12432700,0.0,0.0
2025-06-04 00:00:00-04:00,48.16999816894531,48.849998474121094,47.95000076293945,47.95000076293945,45.15830612182617,11203100,0.0,0.0
2025-06-05 00:00:00-04:00,48.04999923706055,48.599998474121094,47.72999954223633,47.84000015258789,45.05470657348633,12786000,0.0,0.0
2025-06-06 00:00:00-04:00,48.099998474121094,48.68000030517578,48.09000015258789,48.40999984741211,45.59151840209961,9319900,0.0,0.0
2025-06-09 00:00:00-04:00,48.560001373291016,49.369998931884766,48.54999923706055,49.0,46.14717102050781,9863500,0.0,0.0
2025-06-10 00:00:00-04:00,49.209999084472656,50.630001068115234,49.119998931884766,49.970001220703125,47.060699462890625,11365600,0.0,0.0
2025-06-11 00:00:00-04:00,50.04999923706055,50.7599983215332,49.86000061035156,50.15999984741211,47.23963165283203,11024600,0.0,0.0
2025-06-12 00:00:00-04:00,50.15999984741211,50.7400016784668,49.95000076293945,50.689998626708984,47.738773345947266,9620400,0.0,0.0
2025-06-13 00:00:00-04:00,50.2400016784668,50.459999084472656,49.650001525878906,49.75,46.85350799560547,9499400,0.0,0.0
2025-06-16 00:00:00-04:00,49.33000183105469,49.439998626708984,48.25,48.65999984741211,45.826961517333984,14974400,0.0,0.0
2025-06-17 00:00:00-04:00,48.400001525878906,48.560001373291016,47.15999984741211,47.22999954223633,44.480220794677734,12453800,0.0,0.0
2025-06-18 00:00:00-04:00,47.310001373291016,47.369998931884766,46.38999938964844,46.84000015258789,44.1129264831543,15864200,0.0,0.0
2025-06-20 00:00:00-04:00,46.91999816894531,47.400001525878906,46.720001220703125,46.86000061035156,44.13176345825195,47287200,0.0,0.0
2025-06-23 00:00:00-04:00,46.88999938964844,47.18000030517578,46.31999969482422,46.91999816894531,44.188262939453125,9508300,0.0,0.0
2025-06-24 00:00:00-04:00,47.08000183105469,47.400001525878906,46.709999084472656,47.029998779296875,44.29186248779297,14585000,0.0,0.0
2025-06-25 00:00:00-04:00,47.0,47.0,46.470001220703125,46.68000030517578,43.96223831176758,9013100,0.0,0.0
2025-06-26 00:00:00-04:00,46.900001525878906,47.06999969482422,46.470001220703125,46.650001525878906,43.93399429321289,7325600,0.0,0.0
2025-06-27 00:00:00-04:00,46.83000183105469,46.95000076293945,46.18000030517578,46.349998474121094,43.651451110839844,21865000,0.0,0.0
2025-06-30 00:00:00-04:00,46.40999984741211,46.72999954223633,46.16999816894531,46.290000915527344,43.594947814941406,17511800,0.0,0.0
2025-07-01 00:00:00-04:00,46.2599983215332,48.2599983215332,46.16999816894531,47.5099983215332,44.743919372558594,21112400,0.0,0.0
2025-07-02 00:00:00-04:00,47.59000015258789,48.220001220703125,47.36000061035156,47.630001068115234,44.85693359375,12299100,0.0,0.0
2025-07-03 00:00:00-04:00,47.209999084472656,47.27000045776367,46.70000076293945,46.91999816894531,44.77104949951172,7024100,0.62,0.0
2025-07-07 00:00:00-04:00,46.86000061035156,46.91999816894531,46.33000183105469,46.4900016784668,44.36075210571289,10687100,0.0,0.0
2025-07-08 00:00:00-04:00,46.650001525878906,47.81999969482422,46.47999954223633,47.040000915527344,44.88555908203125,9837200,0.0,0.0
2025-07-09 00:00:00-04:00,47.20000076293945,47.779998779296875,47.099998474121094,47.65999984741211,45.4771614074707,11949000,0.0,0.0
2025-07-10 00:00:00-04:00,47.45000076293945,48.61000061035156,46.97999954223633,48.52000045776367,46.29777908325195,14727300,0.0,0.0
2025-07-11 00:00:00-04:00,47.75,47.79999923706055,46.720001220703125,46.86000061035156,44.713802337646484,13716400,0.0,0.0
2025-07-14 00:00:00-04:00,46.880001068115234,47.970001220703125,46.880001068115234,47.34000015258789,45.17182159423828,10867500,0.0,0.0
2025-07-15 00:00:00-04:00,47.150001525878906,47.4900016784668,46.18000030517578,46.43000030517578,44.30349349975586,14878700,0.0,0.0
2025-07-16 00:00:00-04:00,46.77000045776367,47.41999816894531,46.650001525878906,47.16999816894531,45.009605407714844,13250500,0.0,0.0
2025-07-17 00:00:00-04:00,46.810001373291016,48.36000061035156,46.810001373291016,48.060001373291016,45.85884475708008,16472000,0.0,0.0
2025-07-18 00:00:00-04:00,48.13999938964844,48.2400016784668,47.2599983215332,47.36000061035156,45.19089889526367,10717000,0.0,0.0
2025-07-21 00:00:00-04:00,47.38999938964844,47.38999938964844,46.56999969482422,46.689998626708984,44.55158615112305,9999300,0.0,0.0
2025-07-22 00:00:00-04:00,46.90999984741211,48.13999938964844,46.849998474121094,48.02000045776367,45.8206672668457,9605500,0.0,0.0
2025-07-23 00:00:00-04:00,48.86000061035156,49.119998931884766,48.36000061035156,48.97999954223633,46.73670196533203,10834300,0.0,0.0
2025-07-24 00:00:00-04:00,49.02000045776367,49.279998779296875,48.709999084472656,48.939998626708984,46.69853591918945,6860600,0.0,0.0
2025-07-25 00:00:00-04:00,49.08000183105469,49.2400016784668,47.290000915527344,48.43000030517578,46.21189880371094,11922000,0.0,0.0
2025-07-28 00:00:00-04:00,48.439998626708984,48.459999084472656,47.34000015258789,47.5099983215332,45.33403396606445,7445600,0.0,0.0
2025-07-29 00:00:00-04:00,47.16999816894531,47.18000030517578,46.369998931884766,46.86000061035156,44.713802337646484,11423400,0.0,0.0
2025-07-30 00:00:00-04:00,47.0,47.2599983215332,45.810001373291016,45.97999954223633,43.874107360839844,14148800,0.0,0.0
2025-07-31 00:00:00-04:00,44.16999816894531,45.5099983215332,42.959999084472656,43.310001373291016,41.326393127441406,44531300,0.0,0.0
2025-08-01 00:00:00-04:00,43.61000061035156,44.459999084472656,43.56999969482422,44.22999954223633,42.204254150390625,18629500,0.0,0.0
2025-08-04 00:00:00-04:00,44.06999969482422,45.5099983215332,43.880001068115234,45.400001525878906,43.32067108154297,14662800,0.0,0.0
2025-08-05 00:00:00-04:00,45.619998931884766,45.900001525878906,45.04999923706055,45.849998474121094,43.750057220458984,11936900,0.0,0.0
2025-08-06 00:00:00-04:00,45.709999084472656,45.90999984741211,44.7400016784668,44.81999969482422,42.767234802246094,11324200,0.0,0.0
2025-08-07 00:00:00-04:00,44.97999954223633,45.95000076293945,44.75,45.36000061035156,43.282501220703125,11841800,0.0,0.0
2025-08-08 00:00:00-04:00,45.41999816894531,46.09000015258789,45.290000915527344,45.95000076293945,43.84547805786133,9988000,0.0,0.0
2025-08-11 00:00:00-04:00,46.040000915527344,46.369998931884766,45.70000076293945,45.93000030517578,43.82639694213867,8664200,0.0,0.0
2025-08-12 00:00:00-04:00,46.09000015258789,46.79999923706055,45.9900016784668,46.54999923706055,44.417999267578125,10290800,0.0,0.0
2025-08-13 00:00:00-04:00,46.7400016784668,47.869998931884766,46.349998474121094,47.849998474121094,45.6584587097168,10114400,0.0,0.0
2025-08-14 00:00:00-04:00,47.43000030517578,47.97999954223633,47.0099983215332,47.810001373291016,45.62028884887695,9410200,0.0,0.0
2025-08-15 00:00:00-04:00,48.29999923706055,48.630001068115234,47.93000030517578,48.439998626708984,46.221439361572266,11208000,0.0,0.0
2025-08-18 00:00:00-04:00,48.38999938964844,48.709999084472656,48.08000183105469,48.189998626708984,45.98288345336914,7866300,0.0,0.0
2025-08-19 00:00:00-04:00,48.400001525878906,48.849998474121094,48.16999816894531,48.34000015258789,46.12601852416992,9083800,0.0,0.0
2025-08-20 00:00:00-04:00,48.5,49.58000183105469,48.2400016784668,48.2599983215332,46.049678802490234,9803200,0.0,0.0
2025-08-21 00:00:00-04:00,48.2599983215332,48.91999816894531,48.06999969482422,48.43000030517578,46.21189880371094,8782200,0.0,0.0
2025-08-22 00:00:00-04:00,48.84000015258789,49.11000061035156,47.720001220703125,47.91999816894531,45.725250244140625,11609100,0.0,0.0
2025-08-25 00:00:00-04:00,47.970001220703125,48.150001525878906,46.939998626708984,47.13999938964844,44.98097610473633,10859700,0.0,0.0
2025-08-26 00:00:00-04:00,47.20000076293945,47.400001525878906,46.9900016784668,47.209999084472656,45.04777526855469,12198300,0.0,0.0
2025-08-27 00:00:00-04:00,47.29999923706055,47.84000015258789,47.189998626708984,47.630001068115234,45.44853591918945,8562300,0.0,0.0
2025-08-28 00:00:00-04:00,47.630001068115234,47.650001525878906,46.650001525878906,46.880001068115234,44.73288345336914,7872000,0.0,0.0
2025-08-29 00:00:00-04:00,46.9900016784668,47.36000061035156,46.81999969482422,47.18000030517578,45.019142150878906,10687000,0.0,0.0
2025-09-02 00:00:00-04:00,47.29999923706055,47.86000061035156,47.040000915527344,47.40999984741211,45.238609313964844,9510300,0.0,0.0
2025-09-03 00:00:00-04:00,47.31999969482422,48.5099983215332,47.29999923706055,47.5,45.324493408203125,8379900,0.0,0.0
2025-09-04 00:00:00-04:00,47.599998474121094,47.689998626708984,46.310001373291016,46.689998626708984,44.55158615112305,10633100,0.0,0.0
2025-09-05 00:00:00-04:00,46.720001220703125,47.16999816894531,46.5,47.13999938964844,44.98097610473633,8227300,0.0,0.0
2025-09-08 00:00:00-04:00,46.650001525878906,46.810001373291016,45.849998474121094,46.720001220703125,44.58021545410156,10005600,0.0,0.0
2025-09-09 00:00:00-04:00,46.7400016784668,47.52000045776367,46.72999954223633,47.22999954223633,45.066856384277344,7891000,0.0,0.0
2025-09-10 00:00:00-04:00,47.0,47.439998626708984,46.779998779296875,47.150001525878906,44.99052047729492,8513400,0.0,0.0
2025-09-11 00:00:00-04:00,47.380001068115234,48.189998626708984,47.220001220703125,47.540000915527344,45.3626594543457,9875800,0.0,0.0
2025-09-12 00:00:00-04:00,47.41999816894531,47.900001525878906,46.189998626708984,46.20000076293945,44.08403015136719,11896400,0.0,0.0
2025-09-15 00:00:00-04:00,46.31999969482422,46.72999954223633,46.0,46.349998474121094,44.22715759277344,9669100,0.0,0.0
2025-09-16 00:00:00-04:00,46.04999923706055,46.84000015258789,46.040000915527344,46.34000015258789,44.217613220214844,9050600,0.0,0.0
2025-09-17 00:00:00-04:00,46.2400016784668,46.79999923706055,46.0099983215332,46.150001525878906,44.036319732666016,14352600,0.0,0.0
2025-09-18 00:00:00-04:00,46.099998474121094,46.31999969482422,45.52000045776367,45.599998474121094,43.511512756347656,18963900,0.0,0.0
2025-09-19 00:00:00-04:00,45.68000030517578,45.93000030517578,45.0,45.02000045776367,42.95807647705078,28356200,0.0,0.0
2025-09-22 00:00:00-04:00,45.029998779296875,45.540000915527344,44.959999084472656,44.97999954223633,42.91990661621094,11546000,0.0,0.0
2025-09-23 00:00:00-04:00,44.91999816894531,45.59000015258789,44.709999084472656,44.90999984741211,42.853111267089844,16358100,0.0,0.0
2025-09-24 00:00:00-04:00,44.75,44.86000061035156,44.04999923706055,44.15999984741211,42.13745880126953,19374200,0.0,0.0
2025-09-25 00:00:00-04:00,44.18000030517578,44.459999084472656,43.189998626708984,43.40999984741211,41.421810150146484,21345600,0.0,0.0
2025-09-26 00:00:00-04:00,43.959999084472656,44.13999938964844,43.25,44.119998931884766,42.09929275512695,14999600,0.0,0.0
2025-09-29 00:00:00-04:00,44.0,44.68000030517578,43.790000915527344,44.150001525878906,42.1279182434082,20722400,0.0,0.0
2025-09-30 00:00:00-04:00,44.18000030517578,45.529998779296875,44.119998931884766,45.099998474121094,43.03440856933594,35920400,0.0,0.0
2025-10-01 00:00:00-04:00,46.0,48.58000183105469,45.63999938964844,47.43000030517578,45.257694244384766,36615400,0.0,0.0
2025-10-02 00:00:00-04:00,47.09000015258789,47.40999984741211,45.65999984741211,45.72999954223633,43.635555267333984,27612200,0.0,0.0
2025-10-03 00:00:00-04:00,45.20000076293945,46.18000030517578,44.65999984741211,45.45000076293945,43.96444320678711,17894000,0.62,0.0
2025-10-06 00:00:00-04:00,45.349998474121094,45.90999984741211,44.869998931884766,45.13999938964844,43.66457748413086,19162500,0.0,0.0
2025-10-07 00:00:00-04:00,45.029998779296875,45.16999816894531,44.25,44.65999984741211,43.20026779174805,13018100,0.0,0.0
2025-10-08 00:00:00-04:00,44.7400016784668,44.900001525878906,44.459999084472656,44.540000915527344,43.08418655395508,10822900,0.0,0.0
2025-10-09 00:00:00-04:00,44.81999969482422,45.189998626708984,44.529998779296875,44.68000030517578,43.219608306884766,13379400,0.0,0.0
2025-10-10 00:00:00-04:00,44.779998779296875,44.779998779296875,43.77000045776367,43.959999084472656,42.52314376831055,14024900,0.0,0.0
2025-10-13 00:00:00-04:00,43.68000030517578,44.22999954223633,43.290000915527344,43.540000915527344,42.11687469482422,15509100,0.0,0.0
2025-10-14 00:00:00-04:00,43.43000030517578,43.900001525878906,43.27000045776367,43.79999923706055,42.36837387084961,16805600,0.0,0.0
2025-10-15 00:00:00-04:00,43.779998779296875,44.2400016784668,43.400001525878906,43.61000061035156,42.18458557128906,11941500,0.0,0.0
2025-10-16 00:00:00-04:00,43.72999954223633,43.93000030517578,43.220001220703125,43.38999938964844,41.97177505493164,12922100,0.0,0.0
2025-10-17 00:00:00-04:00,43.279998779296875,43.65999984741211,43.11000061035156,43.630001068115234,42.20392990112305,13966200,0.0,0.0
2025-10-20 00:00:00-04:00,43.65999984741211,43.97999954223633,43.5099983215332,43.59000015258789,42.16523361206055,11511500,0.0,0.0
2025-10-21 00:00:00-04:00,43.599998474121094,44.58000183105469,43.34000015258789,44.540000915527344,43.08418655395508,16468500,0.0,0.0
2025-10-22 00:00:00-04:00,44.59000015258789,45.22999954223633,44.33000183105469,44.38999938964844,42.939090728759766,14316500,0.0,0.0
2025-10-23 00:00:00-04:00,44.349998474121094,44.349998474121094,43.52000045776367,43.83000183105469,42.39739227294922,15379100,0.0,0.0
2025-10-24 00:00:00-04:00,43.93000030517578,43.939998626708984,43.58000183105469,43.83000183105469,42.39739227294922,10105900,0.0,0.0
2025-10-27 00:00:00-04:00,43.81999969482422,43.81999969482422,43.209999084472656,43.38999938964844,41.97177505493164,21380700,0.0,0.0
2025-10-28 00:00:00-04:00,43.38999938964844,43.38999938964844,42.75,42.81999969482422,41.420406341552734,17960600,0.0,0.0
2025-10-29 00:00:00-04:00,42.81999969482422,43.150001525878906,42.52000045776367,42.599998474121094,41.20759582519531,16147100,0.0,0.0
2025-10-30 00:00:00-04:00,43.27000045776367,45.81999969482422,43.20000076293945,45.619998931884766,44.128883361816406,41931600,0.0,0.0
2025-10-31 00:00:00-04:00,45.470001220703125,46.5,45.20000076293945,46.06999969482422,44.564178466796875,21482900,0.0,0.0
2025-11-03 00:00:00-05:00,46.20000076293945,46.65999984741211,45.5099983215332,46.02000045776367,44.515811920166016,20374700,0.0,0.0
2025-11-04 00:00:00-05:00,45.4900016784668,46.599998474121094,45.380001068115234,45.59000015258789,44.09986877441406,16316800,0.0,0.0
2025-11-05 00:00:00-05:00,45.54999923706055,46.630001068115234,45.43000030517578,46.470001220703125,44.951107025146484,11730700,0.0,0.0
2025-11-06 00:00:00-05:00,46.40999984741211,47.0,45.959999084472656,46.630001068115234,45.10587692260742,11591200,0.0,0.0
2025-11-07 00:00:00-05:00,46.720001220703125,46.9900016784668,46.31999969482422,46.689998626708984,45.16391372680664,9007500,0.0,0.0
2025-11-10 00:00:00-05:00,46.66999816894531,47.400001525878906,46.66999816894531,47.2599983215332,45.71527862548828,10739300,0.0,0.0
2025-11-11 00:00:00-05:00,47.47999954223633,48.7400016784668,47.45000076293945,48.720001220703125,47.1275634765625,14446000,0.0,0.0
2025-11-12 00:00:00-05:00,49.0,49.72999954223633,48.720001220703125,49.08000183105469,47.475799560546875,12717200,0.0,0.0
2025-11-13 00:00:00-05:00,49.02000045776367,49.9900016784668,48.47999954223633,48.630001068115234,47.04050827026367,14502600,0.0,0.0
2025-11-14 00:00:00-05:00,48.27000045776367,48.369998931884766,46.119998931884766,46.650001525878906,45.125221252441406,19779300,0.0,0.0
2025-11-17 00:00:00-05:00,46.52000045776367,47.72999954223633,46.52000045776367,46.810001373291016,45.279991149902344,12851600,0.0,0.0
2025-11-18 00:00:00-05:00,46.810001373291016,47.63999938964844,46.7599983215332,47.060001373291016,45.52182388305664,14588800,0.0,0.0
2025-11-19 00:00:00-05:00,47.0,47.0,45.7400016784668,45.790000915527344,44.293331146240234,14825000,0.0,0.0
2025-11-20 00:00:00-05:00,45.900001525878906,46.20000076293945,45.27000045776367,45.939998626708984,44.43842697143555,12137600,0.0,0.0
2025-11-21 00:00:00-05:00,46.16999816894531,46.9900016784668,45.52000045776367,46.25,44.7382926940918,14183500,0.0,0.0
2025-11-24 00:00:00-05:00,48.189998626708984,48.630001068115234,47.58000183105469,47.7599983215332,46.198936462402344,27383800,0.0,0.0
2025-11-25 00:00:00-05:00,48.209999084472656,49.400001525878906,48.099998474121094,49.04999923706055,47.44677734375,15000000,0.0,0.0
2025-11-26 00:00:00-05:00,49.02000045776367,49.5,48.79999923706055,49.25,47.64023971557617,11373500,0.0,0.0
2025-11-28 00:00:00-05:00,49.22999954223633,49.369998931884766,49.0099983215332,49.20000076293945,47.59187316894531,6187100,0.0,0.0
2025-12-01 00:00:00-05:00,49.22999954223633,49.86000061035156,48.7599983215332,49.18000030517578,47.57252502441406,11772900,0.0,0.0
2025-12-02 00:00:00-05:00,48.95000076293945,49.18000030517578,48.220001220703125,48.25,46.67292404174805,14475700,0.0,0.0
2025-12-03 00:00:00-05:00,49.939998626708984,51.34000015258789,49.43000030517578,50.959999084472656,49.29434585571289,27120100,0.0,0.0
2025-12-04 00:00:00-05:00,50.79999923706055,52.08000183105469,50.22999954223633,51.95000076293945,50.25198745727539,20473100,0.0,0.0
2025-12-05 00:00:00-05:00,51.9900016784668,52.5099983215332,51.689998626708984,52.150001525878906,50.44544982910156,15667700,0.0,0.0
2025-12-08 00:00:00-05:00,52.20000076293945,52.40999984741211,51.65999984741211,51.66999816894531,49.981136322021484,15278700,0.0,0.0
2025-12-09 00:00:00-05:00,51.790000915527344,52.0099983215332,50.41999816894531,50.650001525878906,48.99448013305664,12715400,0.0,0.0
2025-12-10 00:00:00-05:00,50.790000915527344,51.61000061035156,50.33000183105469,51.209999084472656,49.53617477416992,12132400,0.0,0.0
2025-12-11 00:00:00-05:00,51.11000061035156,51.47999954223633,50.439998626708984,51.20000076293945,49.5265007019043,9684200,0.0,0.0
2025-12-12 00:00:00-05:00,52.27000045776367,52.9900016784668,52.0099983215332,52.40999984741211,50.69695281982422,19046700,0.0,0.0
2025-12-15 00:00:00-05:00,53.5,54.79999923706055,53.0099983215332,54.290000915527344,52.5155029296875,21936600,0.0,0.0
2025-12-16 00:00:00-05:00,54.25,54.720001220703125,53.400001525878906,54.22999954223633,52.457462310791016,18038400,0.0,0.0
2025-12-17 00:00:00-05:00,54.06999969482422,54.4900016784668,53.5,53.54999923706055,51.7996940612793,14990500,0.0,0.0
2025-12-18 00:00:00-05:00,53.31999969482422,53.79999923706055,53.09000015258789,53.33000183105469,51.58687973022461,17296500,0.0,0.0
2025-12-19 00:00:00-05:00,53.40999984741211,54.86000061035156,53.290000915527344,54.189998626708984,52.41876983642578,40404100,0.0,0.0
2025-12-22 00:00:00-05:00,54.13999938964844,54.81999969482422,54.040000915527344,54.65999984741211,52.873409271240234,25146300,0.0,0.0
2025-12-23 00:00:00-05:00,54.65999984741211,54.779998779296875,54.0099983215332,54.279998779296875,52.505828857421875,16579400,0.0,0.0
2025-12-24 00:00:00-05:00,54.40999984741211,54.75,54.20000076293945,54.709999084472656,52.92177200317383,10038100,0.0,0.0
2025-12-26 00:00:00-05:00,54.7599983215332,55.040000915527344,54.380001068115234,54.63999938964844,52.85406494140625,9573000,0.0,0.0
2025-12-29 00:00:00-05:00,54.63999938964844,54.72999954223633,54.0,54.11000061035156,52.34138870239258,9162800,0.0,0.0
2025-12-30 00:00:00-05:00,54.20000076293945,54.349998474121094,53.91999816894531,54.209999084472656,52.438114166259766,7914000,0.0,0.0
2025-12-31 00:00:00-05:00,54.209999084472656,54.349998474121094,53.90999984741211,53.939998626708984,52.17694091796875,7866800,0.0,0.0
2026-01-02 00:00:00-05:00,53.209999084472656,53.869998931884766,52.939998626708984,53.459999084472656,52.323753356933594,8865800,0.63,0.0
2026-01-05 00:00:00-05:00,53.0,53.36000061035156,52.060001373291016,53.060001373291016,51.93225860595703,14090600,0.0,0.0
2026-01-06 00:00:00-05:00,53.20000076293945,54.81999969482422,53.150001525878906,54.41999816894531,53.26334762573242,16769400,0.0,0.0
2026-01-07 00:00:00-05:00,55.2400016784668,56.7400016784668,55.22999954223633,56.720001220703125,55.514469146728516,18041600,0.0,0.0
2026-01-08 00:00:00-05:00,56.58000183105469,56.970001220703125,55.810001373291016,55.900001525878906,54.71189880371094,12073500,0.0,0.0
2026-01-09 00:00:00-05:00,55.720001220703125,56.33000183105469,55.619998931884766,55.86000061035156,54.67274856567383,9478900,0.0,0.0
2026-01-12 00:00:00-05:00,56.11000061035156,56.59000015258789,55.5099983215332,55.77000045776367,54.58465576171875,13249600,0.0,0.0
2026-01-13 00:00:00-05:00,55.939998626708984,56.560001373291016,55.54999923706055,55.91999816894531,54.731468200683594,10924200,0.0,0.0
2026-01-14 00:00:00-05:00,56.11000061035156,57.040000915527344,55.72999954223633,57.02000045776367,55.80809020996094,13352600,0.0,0.0
2026-01-15 00:00:00-05:00,56.72999954223633,57.0,55.34000015258789,56.619998931884766,55.41659164428711,11845600,0.0,0.0
2026-01-16 00:00:00-05:00,56.459999084472656,56.560001373291016,55.099998474121094,55.2599983215332,54.08549880981445,13702900,0.0,0.0
2026-01-20 00:00:00-05:00,54.52000045776367,54.90999984741211,53.880001068115234,54.220001220703125,53.067604064941406,15350000,0.0,0.0
2026-01-21 00:00:00-05:00,54.099998474121094,54.619998931884766,53.54999923706055,54.5,53.341651916503906,15834800,0.0,0.0
2026-01-22 00:00:00-05:00,54.61000061035156,55.529998779296875,54.36000061035156,54.939998626708984,53.77229690551758,12277500,0.0,0.0
2026-01-23 00:00:00-05:00,54.97999954223633,55.18000030517578,54.22999954223633,54.650001525878906,53.48846435546875,9701700,0.0,0.0
2026-01-26 00:00:00-05:00,54.54999923706055,55.209999084472656,54.47999954223633,54.599998474121094,53.43952560424805,8565600,0.0,0.0
2026-01-27 00:00:00-05:00,54.560001373291016,56.119998931884766,54.560001373291016,55.560001373291016,54.37912368774414,11347000,0.0,0.0
2026-01-28 00:00:00-05:00,55.0099983215332,55.470001220703125,54.2599983215332,54.619998931884766,53.45909881591797,7901700,0.0,0.0
2026-01-29 00:00:00-05:00,54.63999938964844,55.16999816894531,54.209999084472656,54.279998779296875,53.12632751464844,16530100,0.0,0.0
2026-01-30 00:00:00-05:00,54.529998779296875,55.06999969482422,54.33000183105469,55.04999923706055,53.87996292114258,16199300,0.0,0.0
2026-02-02 00:00:00-05:00,55.060001373291016,55.900001525878906,54.959999084472656,55.88999938964844,54.70210647583008,9424900,0.0,0.0
2026-02-03 00:00:00-05:00,55.54999923706055,56.529998779296875,55.4900016784668,55.9900016784668,54.799983978271484,11081300,0.0,0.0
2026-02-04 00:00:00-05:00,56.56999969482422,57.970001220703125,56.43000030517578,57.619998931884766,56.39533615112305,21793800,0.0,0.0
2026-02-05 00:00:00-05:00,58.90999984741211,60.560001373291016,58.0,59.52000045776367,58.25495529174805,23929600,0.0,0.0
2026-02-06 00:00:00-05:00,60.0,62.04999923706055,59.77000045776367,61.9900016784668,60.67245864868164,17117600,0.0,0.0
2026-02-09 00:00:00-05:00,61.369998931884766,61.630001068115234,60.36000061035156,60.77000045776367,59.47838592529297,14013500,0.0,0.0
2026-02-10 00:00:00-05:00,60.939998626708984,61.45000076293945,59.95000076293945,60.86000061035156,59.56647872924805,12082800,0.0,0.0
2026-02-11 00:00:00-05:00,60.599998474121094,61.08000183105469,59.65999984741211,59.93000030517578,58.65624237060547,11867000,0.0,0.0
2026-02-12 00:00:00-05:00,60.0,60.93000030517578,59.25,59.86000061035156,58.587730407714844,14021500,0.0,0.0
2026-02-13 00:00:00-05:00,60.11000061035156,60.95000076293945,60.02000045776367,60.7400016784668,59.44902801513672,10819600,0.0,0.0
2026-02-17 00:00:00-05:00,60.849998474121094,61.29999923706055,59.47999954223633,60.349998474121094,59.06731414794922,12874400,0.0,0.0
2026-02-18 00:00:00-05:00,60.22999954223633,60.40999984741211,59.38999938964844,59.72999954223633,58.46049118041992,9436800,0.0,0.0
2026-02-19 00:00:00-05:00,59.849998474121094,60.36000061035156,59.22999954223633,60.29999923706055,59.018375396728516,13325200,0.0,0.0
2026-02-20 00:00:00-05:00,60.619998931884766,60.93000030517578,59.650001525878906,60.65999984741211,59.3707275390625,9598800,0.0,0.0
2026-02-23 00:00:00-05:00,60.970001220703125,61.439998626708984,60.63999938964844,61.25,59.948184967041016,11029100,0.0,0.0
2026-02-24 00:00:00-05:00,61.11000061035156,61.90999984741211,61.0099983215332,61.599998474121094,60.29074478149414,13237900,0.0,0.0
2026-02-25 00:00:00-05:00,61.5,62.119998931884766,60.90999984741211,61.29999923706055,59.99712371826172,16234100,0.0,0.0
2026-02-26 00:00:00-05:00,61.529998779296875,61.599998474121094,60.650001525878906,61.099998474121094,59.80137252807617,10672100,0.0,0.0
2026-02-27 00:00:00-05:00,61.18000030517578,62.68000030517578,61.18000030517578,62.369998931884766,61.04438018798828,20742600,0.0,0.0
2026-03-02 00:00:00-05:00,62.369998931884766,62.88999938964844,61.97999954223633,62.34000015258789,61.015018463134766,17627500,0.0,0.0
2026-03-03 00:00:00-05:00,61.56999969482422,61.95000076293945,60.43000030517578,61.220001220703125,59.918827056884766,12425300,0.0,0.0
2026-03-04 00:00:00-05:00,61.70000076293945,62.59000015258789,61.470001220703125,62.33000183105469,61.00523376464844,12345000,0.0,0.0
2026-03-05 00:00:00-05:00,61.79999923706055,62.0,60.2599983215332,60.7400016784668,59.44902801513672,14758400,0.0,0.0
2026-03-06 00:00:00-05:00,60.43000030517578,60.43000030517578,59.45000076293945,60.290000915527344,59.00859069824219,11401900,0.0,0.0
2026-03-09 00:00:00-04:00,59.91999816894531,60.63999938964844,59.25,60.630001068115234,59.341365814208984,10964600,0.0,0.0
2026-03-10 00:00:00-04:00,60.599998474121094,60.959999084472656,59.97999954223633,60.130001068115234,58.851993560791016,9693800,0.0,0.0
2026-03-11 00:00:00-04:00,60.0,60.029998779296875,59.27000045776367,59.97999954223633,58.705177307128906,9041100,0.0,0.0
2026-03-12 00:00:00-04:00,59.16999816894531,59.380001068115234,58.31999969482422,58.95000076293945,57.69707107543945,10235100,0.0,0.0
2026-03-13 00:00:00-04:00,59.66999816894531,60.06999969482422,58.75,59.08000183105469,57.824310302734375,9395600,0.0,0.0
2026-03-16 00:00:00-04:00,59.4900016784668,59.79999923706055,58.869998931884766,59.709999084472656,58.440914154052734,8436800,0.0,0.0
2026-03-17 00:00:00-04:00,60.130001068115234,60.810001373291016,59.59000015258789,59.709999084472656,58.440914154052734,14258000,0.0,0.0
2026-03-18 00:00:00-04:00,59.349998474121094,59.66999816894531,58.810001373291016,59.369998931884766,58.1081428527832,12539000,0.0,0.0
2026-03-19 00:00:00-04:00,59.209999084472656,59.63999938964844,58.09000015258789,58.11000061035156,56.87492370605469,12850600,0.0,0.0
2026-03-20 00:00:00-04:00,58.2599983215332,58.54999923706055,56.90999984741211,57.47999954223633,56.2583122253418,65847800,0.0,0.0
2026-03-23 00:00:00-04:00,58.220001220703125,58.25,57.0,57.0,55.788516998291016,10129900,0.0,0.0
2026-03-24 00:00:00-04:00,56.79999923706055,57.689998626708984,56.45000076293945,57.38999938964844,56.17022705078125,11997700,0.0,0.0
2026-03-25 00:00:00-04:00,57.790000915527344,59.38999938964844,57.790000915527344,58.939998626708984,57.687278747558594,9052200,0.0,0.0
2026-03-26 00:00:00-04:00,58.77000045776367,59.5099983215332,58.63999938964844,59.43000030517578,58.166866302490234,6474500,0.0,0.0
2026-03-27 00:00:00-04:00,59.61000061035156,59.689998626708984,58.369998931884766,58.540000915527344,57.2957878112793,7909300,0.0,0.0
2026-03-30 00:00:00-04:00,59.650001525878906,60.060001373291016,59.08000183105469,59.72999954223633,58.46049118041992,17705200,0.0,0.0
2026-03-31 00:00:00-04:00,60.20000076293945,61.130001068115234,59.91999816894531,60.650001525878906,59.36094284057617,12797200,0.0,0.0
2026-04-01 00:00:00-04:00,61.209999084472656,62.22999954223633,60.869998931884766,61.72999954223633,60.41798400878906,9881900,0.0,0.0
2026-04-02 00:00:00-04:00,60.22999954223633,60.58000183105469,59.099998474121094,59.599998474121094,58.93472671508789,14752800,0.63,0.0
2026-04-06 00:00:00-04:00,59.119998931884766,59.630001068115234,58.77000045776367,59.33000183105469,58.66774368286133,7954300,0.0,0.0
2026-04-07 00:00:00-04:00,59.119998931884766,59.22999954223633,57.650001525878906,57.66999816894531,57.026268005371094,9003100,0.0,0.0
2026-04-08 00:00:00-04:00,58.0099983215332,59.22999954223633,57.66999816894531,59.20000076293945,58.53919219970703,11587600,0.0,0.0
2026-04-09 00:00:00-04:00,58.70000076293945,59.689998626708984,58.540000915527344,59.470001220703125,58.80617904663086,6572100,0.0,0.0
2026-04-10 00:00:00-04:00,59.790000915527344,59.79999923706055,58.459999084472656,58.619998931884766,57.965667724609375,8060100,0.0,0.0
2026-04-13 00:00:00-04:00,58.11000061035156,58.900001525878906,57.54999923706055,58.060001373291016,57.41191864013672,10529200,0.0,0.0
2026-04-14 00:00:00-04:00,57.900001525878906,58.619998931884766,57.560001373291016,58.08000183105469,57.431697845458984,7612900,0.0,0.0
2026-04-15 00:00:00-04:00,58.0,58.15999984741211,57.220001220703125,57.88999938964844,57.24381637573242,8701600,0.0,0.0
2026-04-16 00:00:00-04:00,57.66999816894531,58.97999954223633,57.65999984741211,58.959999084472656,58.30187225341797,8220700,0.0,0.0
2026-04-17 00:00:00-04:00,59.20000076293945,60.47999954223633,58.540000915527344,60.16999816894531,59.49836349487305,11535900,0.0,0.0
2026-04-20 00:00:00-04:00,60.0,60.119998931884766,58.90999984741211,59.130001068115234,58.469974517822266,7677800,0.0,0.0
2026-04-21 00:00:00-04:00,59.150001525878906,59.72999954223633,57.790000915527344,59.38999938964844,58.72706985473633,9002400,0.0,0.0
2026-04-22 00:00:00-04:00,59.400001525878906,59.70000076293945,58.68000030517578,58.79999923706055,58.14365768432617,7499800,0.0,0.0
2026-04-23 00:00:00-04:00,58.84000015258789,59.25,58.63999938964844,59.02000045776367,58.361202239990234,6512700,0.0,0.0
2026-04-24 00:00:00-04:00,58.86000061035156,59.209999084472656,58.349998474121094,58.709999084472656,58.05466079711914,6822800,0.0,0.0
2026-04-27 00:00:00-04:00,58.209999084472656,59.130001068115234,57.709999084472656,57.779998779296875,57.13504409790039,10700300,0.0,0.0
2026-04-28 00:00:00-04:00,58.58000183105469,58.72999954223633,57.90999984741211,58.2599983215332,57.609683990478516,6270800,0.0,0.0
2026-04-29 00:00:00-04:00,57.650001525878906,58.380001068115234,57.279998779296875,57.59000015258789,56.94716262817383,9462800,0.0,0.0
2026-04-30 00:00:00-04:00,57.689998626708984,60.779998779296875,57.38999938964844,60.59000015258789,59.91367721557617,24880100,0.0,0.0
2026-05-01 00:00:00-04:00,60.02000045776367,60.09000015258789,58.029998779296875,58.220001220703125,57.570133209228516,18368500,0.0,0.0
2026-05-04 00:00:00-04:00,57.650001525878906,58.0,56.93000030517578,57.380001068115234,56.73950958251953,9447400,0.0,0.0
2026-05-05 00:00:00-04:00,57.0,57.47999954223633,56.72999954223633,56.95000076293945,56.314308166503906,11316700,0.0,0.0
2026-05-06 00:00:00-04:00,57.22999954223633,57.400001525878906,56.36000061035156,56.59000015258789,55.95832824707031,10439400,0.0,0.0
2026-05-07 00:00:00-04:00,56.439998626708984,56.900001525878906,55.56999969482422,56.25,55.62211990356445,10419800,0.0,0.0
2026-05-08 00:00:00-04:00,56.33000183105469,56.540000915527344,55.779998779296875,56.15999984741211,55.53312683105469,10033000,0.0,0.0
2026-05-11 00:00:00-04:00,56.18000030517578,56.4900016784668,55.40999984741211,55.66999816894531,55.0485954284668,8390900,0.0,0.0
2026-05-12 00:00:00-04:00,56.0099983215332,57.02000045776367,55.45000076293945,56.45000076293945,55.819889068603516,9274000,0.0,0.0
2026-05-13 00:00:00-04:00,55.900001525878906,56.83000183105469,55.849998474121094,56.38999938964844,55.76055908203125,7997500,0.0,0.0
2026-05-14 00:00:00-04:00,56.689998626708984,57.04999923706055,56.099998474121094,56.77000045776367,56.13631820678711,7687000,0.0,0.0
2026-05-15 00:00:00-04:00,56.63999938964844,57.11000061035156,56.13999938964844,57.0,56.36375045776367,10824000,0.0,0.0
2026-05-18 00:00:00-04:00,57.45000076293945,58.5,57.08000183105469,57.310001373291016,56.670291900634766,11659300,0.0,0.0
2026-05-19 00:00:00-04:00,57.31999969482422,58.63999938964844,57.08000183105469,58.310001373291016,57.65913009643555,7998900,0.0,0.0
2026-05-20 00:00:00-04:00,58.66999816894531,59.209999084472656,58.11000061035156,58.540000915527344,57.88656234741211,8547200,0.0,0.0
2026-05-21 00:00:00-04:00,58.22999954223633,59.61000061035156,57.83000183105469,59.54999923706055,58.885284423828125,8451100,0.0,0.0
2026-05-22 00:00:00-04:00,59.970001220703125,60.25,59.25,59.459999084472656,58.79629135131836,6489200,0.0,0.0
2026-05-26 00:00:00-04:00,59.619998931884766,59.779998779296875,58.029998779296875,58.029998779296875,57.38225173950195,8159500,0.0,0.0
2026-05-27 00:00:00-04:00,58.029998779296875,58.79999923706055,57.130001068115234,57.52000045776367,56.87794494628906,9347600,0.0,0.0
2026-05-28 00:00:00-04:00,57.599998474121094,57.689998626708984,56.2599983215332,56.90999984741211,56.27475357055664,12074800,0.0,0.0
2026-05-29 00:00:00-04:00,57.0,57.33000183105469,56.540000915527344,57.18000030517578,56.54174041748047,27566000,0.0,0.0
2026-06-01 00:00:00-04:00,57.400001525878906,57.45000076293945,54.709999084472656,54.95000076293945,54.336631774902344,20579800,0.0,0.0
2026-06-02 00:00:00-04:00,54.779998779296875,55.59000015258789,54.20000076293945,54.459999084472656,53.85210037231445,13739900,0.0,0.0
2026-06-03 00:00:00-04:00,54.560001373291016,55.09000015258789,54.310001373291016,54.720001220703125,54.10919952392578,11540700,0.0,0.0
2026-06-04 00:00:00-04:00,55.75,56.779998779296875,55.54999923706055,56.599998474121094,55.96821212768555,12659100,0.0,0.0
2026-06-05 00:00:00-04:00,57.029998779296875,57.81999969482422,56.790000915527344,57.27000045776367,56.6307373046875,9575900,0.0,0.0
2026-06-08 00:00:00-04:00,57.15999984741211,57.41999816894531,55.529998779296875,55.56999969482422,54.949710845947266,12344700,0.0,0.0
2026-06-09 00:00:00-04:00,56.029998779296875,56.529998779296875,55.2599983215332,56.47999954223633,55.849552154541016,11952700,0.0,0.0
2026-06-10 00:00:00-04:00,56.63999938964844,56.70000076293945,55.599998474121094,55.599998474121094,54.979373931884766,8146800,0.0,0.0
2026-06-11 00:00:00-04:00,55.939998626708984,57.40999984741211,55.7400016784668,56.900001525878906,56.26486587524414,8900700,0.0,0.0
2026-06-12 00:00:00-04:00,57.45000076293945,57.599998474121094,56.77000045776367,57.130001068115234,56.4922981262207,7840600,0.0,0.0
2026-06-15 00:00:00-04:00,56.95000076293945,57.2400016784668,56.0099983215332,56.2400016784668,55.61223602294922,13561200,0.0,0.0
2026-06-16 00:00:00-04:00,56.40999984741211,56.619998931884766,55.45000076293945,55.91999816894531,55.29580307006836,11945700,0.0,0.0
2026-06-17 00:00:00-04:00,55.79999923706055,56.209999084472656,55.0099983215332,55.279998779296875,54.66294860839844,8968600,0.0,0.0
2026-06-18 00:00:00-04:00,55.20000076293945,55.33000183105469,53.439998626708984,54.0,53.39723587036133,31700400,0.0,0.0
2026-06-22 00:00:00-04:00,54.20000076293945,54.72999954223633,54.0,54.70000076293945,54.08942413330078,15961400,0.0,0.0
2026-06-23 00:00:00-04:00,55.38999938964844,55.939998626708984,54.959999084472656,55.529998779296875,54.91015625,13251000,0.0,0.0
2026-06-24 00:00:00-04:00,56.0,56.59000015258789,54.779998779296875,55.0,54.38607406616211,18905800,0.0,0.0
2026-06-25 00:00:00-04:00,55.369998931884766,56.189998626708984,55.02000045776367,55.38999938964844,54.77172088623047,15973800,0.0,0.0
2026-06-26 00:00:00-04:00,55.400001525878906,57.7400016784668,55.400001525878906,57.52000045776367,56.87794494628906,24000900,0.0,0.0
2026-06-29 00:00:00-04:00,57.61000061035156,58.58000183105469,57.16999816894531,58.560001373291016,57.90633773803711,11770900,0.0,0.0
2026-06-30 00:00:00-04:00,58.689998626708984,58.880001068115234,57.27000045776367,57.619998931884766,56.976829528808594,11346300,0.0,0.0
2026-07-01 00:00:00-04:00,57.619998931884766,57.70000076293945,56.29999923706055,56.439998626708984,55.810001373291016,11201800,0.0,0.0
2026-07-02 00:00:00-04:00,56.650001525878906,58.13999938964844,56.40999984741211,58.130001068115234,58.130001068115234,10001900,0.63,0.0
2026-07-06 00:00:00-04:00,57.7400016784668,58.11000061035156,56.4900016784668,56.70000076293945,56.70000076293945,9313000,0.0,0.0
2026-07-07 00:00:00-04:00,57.790000915527344,58.4900016784668,57.45000076293945,57.970001220703125,57.970001220703125,10048400,0.0,0.0
2026-07-08 00:00:00-04:00,57.88999938964844,58.189998626708984,57.34000015258789,57.540000915527344,57.540000915527344,8004500,0.0,0.0
2026-07-09 00:00:00-04:00,57.439998626708984,58.0,57.13999938964844,57.939998626708984,57.939998626708984,7628500,0.0,0.0
2026-07-10 00:00:00-04:00,57.790000915527344,57.939998626708984,56.939998626708984,57.58000183105469,57.58000183105469,11203500,0.0,0.0
2026-07-13 00:00:00-04:00,57.900001525878906,59.439998626708984,57.540000915527344,59.34000015258789,59.34000015258789,12089300,0.0,0.0
2026-07-14 00:00:00-04:00,59.0,59.13999938964844,56.779998779296875,56.95000076293945,56.95000076293945,14056000,0.0,0.0
2026-07-15 00:00:00-04:00,57.04999923706055,59.189998626708984,57.040000915527344,58.720001220703125,58.720001220703125,12485300,0.0,0.0
2026-07-16 00:00:00-04:00,58.790000915527344,60.560001373291016,58.56999969482422,60.5099983215332,60.5099983215332,10166800,0.0,0.0
2026-07-17 00:00:00-04:00,60.869998931884766,62.290000915527344,60.470001220703125,60.7400016784668,60.7400016784668,12261500,0.0,0.0
2026-07-20 00:00:00-04:00,60.7599983215332,61.349998474121094,60.029998779296875,60.15999984741211,60.15999984741211,10183900,0.0,0.0
2026-07-21 00:00:00-04:00,60.08000183105469,61.02000045776367,59.79999923706055,60.93000030517578,60.93000030517578,7744400,0.0,0.0
2026-07-22 00:00:00-04:00,61.400001525878906,61.70000076293945,60.560001373291016,60.7599983215332,60.7599983215332,6796800,0.0,0.0
2026-07-23 00:00:00-04:00,60.7400016784668,62.04999923706055,60.45000076293945,61.5099983215332,61.5099983215332,7621800,0.0,0.0
2026-07-24 00:00:00-04:00,61.939998626708984,62.81999969482422,61.599998474121094,62.09000015258789,62.09000015258789,12071700,0.0,0.0
2026-07-27 00:00:00-04:00,62.400001525878906,63.439998626708984,62.220001220703125,62.560001373291016,62.560001373291016,10317000,0.0,0.0
2026-07-28 00:00:00-04:00,63.650001525878906,64.97000122070312,63.20000076293945,63.599998474121094,63.599998474121094,15141700,0.0,0.0
2026-07-29 00:00:00-04:00,63.869998931884766,63.90999984741211,63.099998474121094,63.099998474121094,63.099998474121094,10606600,0.0,0.0
2026-07-30 00:00:00-04:00,62.689998626708984,65.55999755859375,62.22999954223633,64.86000061035156,64.86000061035156,18031400,0.0,0.0
2026-07-31 00:00:00-04:00,65.0,65.66000366210938,63.529998779296875,65.30999755859375,65.30999755859375,14580300,0.0,0.0
2026-08-03 00:00:00-04:00,66.12000274658203,68.0999984741211,64.13999938964844,65.47000122070312,65.47000122070312,32970900,0.0,0.0
2026-08-04 00:00:00-04:00,64.88999938964844,66.30999755859375,63.869998931884766,65.88999938964844,65.88999938964844,23292800,0.0,0.0
2026-08-05 00:00:00-04:00,64.80999755859375,65.41000366210938,63.2599983215332,63.630001068115234,63.630001068115234,14117100,0.0,0.0
2026-08-06 00:00:00-04:00,64.9000015258789,64.94000244140625,63.20000076293945,64.1500015258789,64.1500015258789,9553600,0.0,0.0
2026-08-07 00:00:00-04:00,64.23999786376953,64.7300033569336,63.790000915527344,64.72000122070312,64.72000122070312,7212900,0.0,0.0
2026-08-10 00:00:00-04:00,64.33000183105469,65.25,64.12000274658203,64.83999633789062,64.83999633789062,9753300,0.0,0.0
2026-08-11 00:00:00-04:00,64.55999755859375,65.0199966430664,63.540000915527344,63.61000061035156,63.61000061035156,9366700,0.0,0.0
2026-08-12 00:00:00-04:00,63.4900016784668,64.0,63.0,63.70000076293945,63.70000076293945,7509600,0.0,0.0
2026-08-13 00:00:00-04:00,64.05000305175781,65.0199966430664,63.90999984741211,64.6500015258789,64.6500015258789,10526100,0.0,0.0
2026-08-14 00:00:00-04:00,64.12999725341797,64.33000183105469,63.349998474121094,63.83000183105469,63.83000183105469,7528400,0.0,0.0
