Date,Open,High,Low,Close,Adj Close,Volume,Dividends,Stock Splits
2015-01-02 00:00:00-05:00,27.860000610351562,28.1200008392334,27.3799991607666,27.610000610351562,19.530845642089844,22926500,0.19,0.0
2015-01-05 00:00:00-05:00,27.31999969482422,27.450000762939453,27.0,27.059999465942383,19.141794204711914,29460600,0.0,0.0
2015-01-06 00:00:00-05:00,27.139999389648438,27.68000030517578,27.040000915527344,27.049999237060547,19.134716033935547,47297600,0.0,0.0
2015-01-07 00:00:00-05:00,27.139999389648438,27.399999618530273,26.979999542236328,27.299999237060547,19.31155776977539,27570800,0.0,0.0
2015-01-08 00:00:00-05:00,27.540000915527344,28.09000015258789,27.469999313354492,27.510000228881836,19.46011734008789,40907000,0.0,0.0
2015-01-09 00:00:00-05:00,27.670000076293945,28.06999969482422,27.450000762939453,27.790000915527344,19.658184051513672,33619600,0.0,0.0
2015-01-12 00:00:00-05:00,28.0,28.200000762939453,27.81999969482422,28.049999237060547,19.842100143432617,38648400,0.0,0.0
2015-01-13 00:00:00-05:00,28.209999084472656,28.700000762939453,27.899999618530273,28.100000381469727,19.87746810913086,36074200,0.0,0.0
2015-01-14 00:00:00-05:00,27.84000015258789,28.049999237060547,27.639999389648438,27.920000076293945,19.750137329101562,29494400,0.0,0.0
2015-01-15 00:00:00-05:00,28.09000015258789,28.200000762939453,27.350000381469727,27.40999984741211,19.38937759399414,29521100,0.0,0.0
2015-01-16 00:00:00-05:00,27.360000610351562,27.770000457763672,27.209999084472656,27.68000030517578,19.580366134643555,26655100,0.0,0.0
2015-01-20 00:00:00-05:00,27.760000228881836,28.270000457763672,27.65999984741211,28.06999969482422,19.856245040893555,33684200,0.0,0.0
2015-01-21 00:00:00-05:00,28.059999465942383,28.190000534057617,27.700000762939453,27.84000015258789,19.693544387817383,29298500,0.0,0.0
2015-01-22 00:00:00-05:00,27.549999237060547,28.510000228881836,27.219999313354492,28.5,20.16042137145996,49494700,0.0,0.0
2015-01-23 00:00:00-05:00,28.360000610351562,28.5,28.139999389648438,28.209999084472656,19.955278396606445,21802500,0.0,0.0
2015-01-26 00:00:00-05:00,28.219999313354492,28.229999542236328,27.700000762939453,27.969999313354492,19.78550910949707,18370100,0.0,0.0
2015-01-27 00:00:00-05:00,27.520000457763672,27.59000015258789,26.65999984741211,26.899999618530273,19.028606414794922,46110500,0.0,0.0
2015-01-28 00:00:00-05:00,27.389999389648438,27.600000381469727,26.799999237060547,26.809999465942383,18.964941024780273,32381700,0.0,0.0
2015-01-29 00:00:00-05:00,26.739999771118164,27.309999465942383,26.639999389648438,27.219999313354492,19.25496482849121,28095400,0.0,0.0
2015-01-30 00:00:00-05:00,26.8799991607666,27.110000610351562,26.31999969482422,26.3700008392334,18.653696060180664,38419100,0.0,0.0
2015-02-02 00:00:00-05:00,26.389999389648438,26.8700008392334,25.920000076293945,26.829999923706055,18.97909164428711,29417000,0.0,0.0
2015-02-03 00:00:00-05:00,26.899999618530273,27.1200008392334,26.690000534057617,27.1200008392334,19.184232711791992,28044300,0.0,0.0
2015-02-04 00:00:00-05:00,27.059999465942383,27.219999313354492,26.610000610351562,26.690000534057617,18.880056381225586,27696300,0.0,0.0
2015-02-05 00:00:00-05:00,26.75,27.299999237060547,26.579999923706055,27.260000228881836,19.28326416015625,20548400,0.0,0.0
2015-02-06 00:00:00-05:00,27.3700008392334,27.65999984741211,27.139999389648438,27.239999771118164,19.26911735534668,25482400,0.0,0.0
2015-02-09 00:00:00-05:00,27.209999084472656,27.40999984741211,27.059999465942383,27.1200008392334,19.184232711791992,23681000,0.0,0.0
2015-02-10 00:00:00-05:00,27.15999984741211,27.540000915527344,27.149999618530273,27.489999771118164,19.445960998535156,22250300,0.0,0.0
2015-02-11 00:00:00-05:00,27.649999618530273,27.649999618530273,26.899999618530273,26.93000030517578,19.049827575683594,46213500,0.0,0.0
2015-02-12 00:00:00-05:00,28.989999771118164,29.579999923706055,28.84000015258789,29.459999084472656,20.83950424194336,117439100,0.0,0.0
2015-02-13 00:00:00-05:00,29.3799991607666,29.5,29.110000610351562,29.43000030517578,20.818286895751953,50656700,0.0,0.0
2015-02-17 00:00:00-05:00,29.260000228881836,29.350000381469727,29.030000686645508,29.309999465942383,20.7334041595459,34217200,0.0,0.0
2015-02-18 00:00:00-05:00,29.190000534057617,29.549999237060547,29.1200008392334,29.489999771118164,20.86073112487793,24503700,0.0,0.0
2015-02-19 00:00:00-05:00,29.309999465942383,29.389999389648438,29.1299991607666,29.309999465942383,20.7334041595459,21477800,0.0,0.0
2015-02-20 00:00:00-05:00,29.350000381469727,29.65999984741211,29.15999984741211,29.610000610351562,20.945621490478516,25985600,0.0,0.0
2015-02-23 00:00:00-05:00,29.6299991607666,29.649999618530273,29.420000076293945,29.6299991607666,20.959760665893555,24026800,0.0,0.0
2015-02-24 00:00:00-05:00,29.559999465942383,29.709999084472656,29.43000030517578,29.6299991607666,20.959760665893555,18479500,0.0,0.0
2015-02-25 00:00:00-05:00,29.440000534057617,29.56999969482422,29.31999969482422,29.489999771118164,20.86073112487793,17368100,0.0,0.0
2015-02-26 00:00:00-05:00,29.520000457763672,29.989999771118164,29.520000457763672,29.90999984741211,21.157833099365234,28305200,0.0,0.0
2015-02-27 00:00:00-05:00,29.889999389648438,29.90999984741211,29.3799991607666,29.510000228881836,20.874879837036133,29135500,0.0,0.0
2015-03-02 00:00:00-05:00,29.360000610351562,30.309999465942383,29.34000015258789,30.190000534057617,21.355899810791016,35981900,0.0,0.0
2015-03-03 00:00:00-05:00,30.100000381469727,30.1200008392334,29.469999313354492,29.540000915527344,20.896099090576172,32990300,0.0,0.0
2015-03-04 00:00:00-05:00,29.350000381469727,29.520000457763672,29.110000610351562,29.329999923706055,20.747547149658203,32866900,0.0,0.0
2015-03-05 00:00:00-05:00,29.469999313354492,29.489999771118164,29.1200008392334,29.299999237060547,20.726322174072266,17985000,0.0,0.0
2015-03-06 00:00:00-05:00,29.110000610351562,29.270000457763672,28.799999237060547,28.93000030517578,20.4645938873291,27035000,0.0,0.0
2015-03-09 00:00:00-04:00,28.899999618530273,29.450000762939453,28.760000228881836,29.360000610351562,20.768766403198242,23007700,0.0,0.0
2015-03-10 00:00:00-04:00,29.149999618530273,29.170000076293945,28.65999984741211,28.65999984741211,20.273601531982422,26542300,0.0,0.0
2015-03-11 00:00:00-04:00,28.68000030517578,28.760000228881836,28.209999084472656,28.260000228881836,19.99065399169922,25160200,0.0,0.0
2015-03-12 00:00:00-04:00,28.049999237060547,28.540000915527344,28.049999237060547,28.239999771118164,19.97650146484375,22978700,0.0,0.0
2015-03-13 00:00:00-04:00,28.020000457763672,28.260000228881836,27.56999969482422,27.940000534057617,19.764278411865234,36511000,0.0,0.0
2015-03-16 00:00:00-04:00,28.100000381469727,28.3799991607666,28.040000915527344,28.299999237060547,20.01894187927246,25358900,0.0,0.0
2015-03-17 00:00:00-04:00,28.190000534057617,28.280000686645508,27.950000762939453,28.149999618530273,19.912837982177734,21895700,0.0,0.0
2015-03-18 00:00:00-04:00,27.8799991607666,28.34000015258789,27.719999313354492,28.149999618530273,19.912837982177734,34910900,0.0,0.0
2015-03-19 00:00:00-04:00,28.100000381469727,28.540000915527344,28.030000686645508,28.260000228881836,19.99065399169922,27980400,0.0,0.0
2015-03-20 00:00:00-04:00,28.450000762939453,28.6200008392334,28.31999969482422,28.440000534057617,20.117979049682617,37628700,0.0,0.0
2015-03-23 00:00:00-04:00,28.440000534057617,28.690000534057617,28.360000610351562,28.40999984741211,20.096755981445312,23478600,0.0,0.0
2015-03-24 00:00:00-04:00,28.290000915527344,28.56999969482422,27.989999771118164,28.0,19.806732177734375,23263600,0.0,0.0
2015-03-25 00:00:00-04:00,27.920000076293945,28.09000015258789,27.459999084472656,27.459999084472656,19.424739837646484,27158700,0.0,0.0
2015-03-26 00:00:00-04:00,27.190000534057617,27.309999465942383,26.6200008392334,27.09000015258789,19.163013458251953,48928100,0.0,0.0
2015-03-27 00:00:00-04:00,27.06999969482422,27.209999084472656,26.940000534057617,27.1299991607666,19.191303253173828,20464500,0.0,0.0
2015-03-30 00:00:00-04:00,27.219999313354492,27.75,27.219999313354492,27.649999618530273,19.559141159057617,29056300,0.0,0.0
2015-03-31 00:00:00-04:00,27.34000015258789,27.690000534057617,27.280000686645508,27.530000686645508,19.6232967376709,29258300,0.21,0.0
2015-04-01 00:00:00-04:00,27.309999465942383,27.639999389648438,27.100000381469727,27.25,19.4237117767334,22420500,0.0,0.0
2015-04-02 00:00:00-04:00,27.219999313354492,27.5,27.1299991607666,27.1299991607666,19.338180541992188,19527200,0.0,0.0
2015-04-06 00:00:00-04:00,26.959999084472656,27.31999969482422,26.84000015258789,27.219999313354492,19.402326583862305,20004000,0.0,0.0
2015-04-07 00:00:00-04:00,27.200000762939453,27.559999465942383,27.1299991607666,27.389999389648438,19.52350425720215,16861800,0.0,0.0
2015-04-08 00:00:00-04:00,27.3700008392334,27.65999984741211,27.3700008392334,27.549999237060547,19.637550354003906,19076400,0.0,0.0
2015-04-09 00:00:00-04:00,27.59000015258789,27.739999771118164,27.420000076293945,27.6299991607666,19.694578170776367,16684500,0.0,0.0
2015-04-10 00:00:00-04:00,27.579999923706055,28.079999923706055,27.559999465942383,28.040000915527344,19.98682403564453,24634600,0.0,0.0
2015-04-13 00:00:00-04:00,27.989999771118164,28.280000686645508,27.940000534057617,27.979999542236328,19.94405174255371,22769600,0.0,0.0
2015-04-14 00:00:00-04:00,28.0,28.059999465942383,27.68000030517578,27.809999465942383,19.822877883911133,19296300,0.0,0.0
2015-04-15 00:00:00-04:00,28.100000381469727,28.420000076293945,27.969999313354492,28.25,20.136512756347656,31160900,0.0,0.0
2015-04-16 00:00:00-04:00,28.190000534057617,28.639999389648438,28.100000381469727,28.600000381469727,20.385990142822266,29863500,0.0,0.0
2015-04-17 00:00:00-04:00,28.260000228881836,28.399999618530273,27.899999618530273,27.920000076293945,19.901288986206055,36904700,0.0,0.0
2015-04-20 00:00:00-04:00,28.15999984741211,28.6299991607666,28.15999984741211,28.479999542236328,20.300451278686523,21921800,0.0,0.0
2015-04-21 00:00:00-04:00,28.719999313354492,28.920000076293945,28.65999984741211,28.690000534057617,20.450138092041016,23956900,0.0,0.0
2015-04-22 00:00:00-04:00,28.670000076293945,28.790000915527344,28.420000076293945,28.6200008392334,20.400243759155273,19111700,0.0,0.0
2015-04-23 00:00:00-04:00,28.399999618530273,28.81999969482422,28.200000762939453,28.68000030517578,20.44301414489746,22230100,0.0,0.0
2015-04-24 00:00:00-04:00,29.190000534057617,29.280000686645508,28.670000076293945,28.81999969482422,20.542802810668945,27145600,0.0,0.0
2015-04-27 00:00:00-04:00,28.8799991607666,29.030000686645508,28.709999084472656,28.889999389648438,20.59270477294922,22952000,0.0,0.0
2015-04-28 00:00:00-04:00,28.799999237060547,29.329999923706055,28.760000228881836,29.31999969482422,20.899200439453125,24315300,0.0,0.0
2015-04-29 00:00:00-04:00,29.059999465942383,29.25,28.899999618530273,29.049999237060547,20.70674705505371,22463700,0.0,0.0
2015-04-30 00:00:00-04:00,28.850000381469727,29.020000457763672,28.68000030517578,28.829999923706055,20.549930572509766,26514500,0.0,0.0
2015-05-01 00:00:00-04:00,28.809999465942383,29.200000762939453,28.780000686645508,29.1299991607666,20.763769149780273,18936000,0.0,0.0
2015-05-04 00:00:00-04:00,29.079999923706055,29.360000610351562,29.06999969482422,29.170000076293945,20.792282104492188,16484100,0.0,0.0
2015-05-05 00:00:00-04:00,29.170000076293945,29.209999084472656,28.84000015258789,28.889999389648438,20.59270477294922,22463800,0.0,0.0
2015-05-06 00:00:00-04:00,28.899999618530273,29.079999923706055,28.690000534057617,28.969999313354492,20.64972496032715,23572000,0.0,0.0
2015-05-07 00:00:00-04:00,28.989999771118164,29.1200008392334,28.739999771118164,28.809999465942383,20.53567886352539,22643800,0.0,0.0
2015-05-08 00:00:00-04:00,28.989999771118164,29.3700008392334,28.989999771118164,29.229999542236328,20.835050582885742,22572400,0.0,0.0
2015-05-11 00:00:00-04:00,29.5,29.790000915527344,29.200000762939453,29.209999084472656,20.8207950592041,27045200,0.0,0.0
2015-05-12 00:00:00-04:00,29.06999969482422,29.440000534057617,28.799999237060547,29.229999542236328,20.835050582885742,31761000,0.0,0.0
2015-05-13 00:00:00-04:00,29.139999389648438,29.469999313354492,29.1299991607666,29.350000381469727,20.920589447021484,38264000,0.0,0.0
2015-05-14 00:00:00-04:00,29.290000915527344,29.65999984741211,28.969999313354492,29.049999237060547,20.70674705505371,56696300,0.0,0.0
2015-05-15 00:00:00-04:00,29.239999771118164,29.81999969482422,29.15999984741211,29.549999237060547,21.06314468383789,37677300,0.0,0.0
2015-05-18 00:00:00-04:00,29.420000076293945,29.899999618530273,29.420000076293945,29.760000228881836,21.21283531188965,23953000,0.0,0.0
2015-05-19 00:00:00-04:00,29.8700008392334,29.899999618530273,29.6299991607666,29.739999771118164,21.19857406616211,18926300,0.0,0.0
2015-05-20 00:00:00-04:00,29.799999237060547,29.850000381469727,29.530000686645508,29.6200008392334,21.11304473876953,19410900,0.0,0.0
2015-05-21 00:00:00-04:00,29.610000610351562,29.770000457763672,29.43000030517578,29.43000030517578,20.977615356445312,20806900,0.0,0.0
2015-05-22 00:00:00-04:00,29.389999389648438,29.450000762939453,29.260000228881836,29.260000228881836,20.856433868408203,20079700,0.0,0.0
2015-05-26 00:00:00-04:00,29.190000534057617,29.25,28.75,28.950000762939453,20.635469436645508,25877100,0.0,0.0
2015-05-27 00:00:00-04:00,29.059999465942383,29.479999542236328,29.020000457763672,29.309999465942383,20.89207649230957,23959900,0.0,0.0
2015-05-28 00:00:00-04:00,29.34000015258789,29.559999465942383,29.15999984741211,29.350000381469727,20.920589447021484,18219600,0.0,0.0
2015-05-29 00:00:00-04:00,29.31999969482422,29.59000015258789,29.190000534057617,29.309999465942383,20.89207649230957,26018100,0.0,0.0
2015-06-01 00:00:00-04:00,29.600000381469727,29.6200008392334,29.049999237060547,29.18000030517578,20.79941177368164,23799400,0.0,0.0
2015-06-02 00:00:00-04:00,29.09000015258789,29.270000457763672,28.950000762939453,29.079999923706055,20.728132247924805,15995600,0.0,0.0
2015-06-03 00:00:00-04:00,29.209999084472656,29.299999237060547,29.049999237060547,29.09000015258789,20.735260009765625,20536900,0.0,0.0
2015-06-04 00:00:00-04:00,28.899999618530273,29.100000381469727,28.540000915527344,28.610000610351562,20.39312171936035,26774500,0.0,0.0
2015-06-05 00:00:00-04:00,28.549999237060547,28.709999084472656,28.489999771118164,28.579999923706055,20.371732711791992,25357900,0.0,0.0
2015-06-08 00:00:00-04:00,28.670000076293945,28.700000762939453,28.229999542236328,28.280000686645508,20.15789222717285,19011700,0.0,0.0
2015-06-09 00:00:00-04:00,28.270000457763672,28.420000076293945,28.010000228881836,28.239999771118164,20.129383087158203,15527500,0.0,0.0
2015-06-10 00:00:00-04:00,28.469999313354492,28.90999984741211,28.270000457763672,28.65999984741211,20.428754806518555,26223300,0.0,0.0
2015-06-11 00:00:00-04:00,28.75,29.219999313354492,28.75,28.860000610351562,20.571313858032227,24387100,0.0,0.0
2015-06-12 00:00:00-04:00,28.65999984741211,28.670000076293945,28.309999465942383,28.540000915527344,20.343215942382812,21919500,0.0,0.0
2015-06-15 00:00:00-04:00,28.229999542236328,28.520000457763672,28.110000610351562,28.479999542236328,20.300451278686523,25722100,0.0,0.0
2015-06-16 00:00:00-04:00,28.350000381469727,28.790000915527344,28.280000686645508,28.709999084472656,20.46439552307129,16920300,0.0,0.0
2015-06-17 00:00:00-04:00,28.84000015258789,29.040000915527344,28.65999984741211,28.93000030517578,20.6212100982666,20959000,0.0,0.0
2015-06-18 00:00:00-04:00,28.850000381469727,29.350000381469727,28.81999969482422,29.209999084472656,20.8207950592041,24156100,0.0,0.0
2015-06-19 00:00:00-04:00,29.239999771118164,29.31999969482422,28.940000534057617,29.030000686645508,20.692501068115234,31970100,0.0,0.0
2015-06-22 00:00:00-04:00,29.100000381469727,29.219999313354492,28.81999969482422,28.940000534057617,20.628339767456055,20160000,0.0,0.0
2015-06-23 00:00:00-04:00,29.0,29.040000915527344,28.6200008392334,28.790000915527344,20.52142333984375,21041300,0.0,0.0
2015-06-24 00:00:00-04:00,28.790000915527344,28.850000381469727,28.489999771118164,28.510000228881836,20.32183837890625,20978800,0.0,0.0
2015-06-25 00:00:00-04:00,28.559999465942383,28.649999618530273,28.3799991607666,28.399999618530273,20.243427276611328,14606100,0.0,0.0
2015-06-26 00:00:00-04:00,28.489999771118164,28.489999771118164,28.010000228881836,28.280000686645508,20.15789222717285,28087800,0.0,0.0
2015-06-29 00:00:00-04:00,27.989999771118164,28.110000610351562,27.5,27.540000915527344,19.630422592163086,31838300,0.0,0.0
2015-06-30 00:00:00-04:00,27.829999923706055,27.829999923706055,27.329999923706055,27.459999084472656,19.57339859008789,31236800,0.0,0.0
2015-07-01 00:00:00-04:00,27.420000076293945,27.5,27.06999969482422,27.350000381469727,19.645231246948242,24461300,0.21,0.0
2015-07-02 00:00:00-04:00,27.3700008392334,27.56999969482422,27.290000915527344,27.329999923706055,19.630863189697266,15635500,0.0,0.0
2015-07-06 00:00:00-04:00,27.0,27.260000228881836,26.889999389648438,27.219999313354492,19.551851272583008,22858200,0.0,0.0
2015-07-07 00:00:00-04:00,27.219999313354492,27.450000762939453,26.889999389648438,27.360000610351562,19.652414321899414,25436700,0.0,0.0
2015-07-08 00:00:00-04:00,27.079999923706055,27.15999984741211,26.84000015258789,26.989999771118164,19.386648178100586,27863400,0.0,0.0
2015-07-09 00:00:00-04:00,27.3799991607666,27.450000762939453,26.899999618530273,26.90999984741211,19.329179763793945,20129700,0.0,0.0
2015-07-10 00:00:00-04:00,27.270000457763672,27.360000610351562,27.040000915527344,27.280000686645508,19.59494972229004,16079300,0.0,0.0
2015-07-13 00:00:00-04:00,27.489999771118164,27.799999237060547,27.420000076293945,27.790000915527344,19.96128273010254,20623100,0.0,0.0
2015-07-14 00:00:00-04:00,27.8700008392334,28.040000915527344,27.700000762939453,28.030000686645508,20.133663177490234,20932800,0.0,0.0
2015-07-15 00:00:00-04:00,27.860000610351562,28.239999771118164,27.809999465942383,28.110000610351562,20.191129684448242,23378400,0.0,0.0
2015-07-16 00:00:00-04:00,28.239999771118164,28.420000076293945,28.209999084472656,28.31999969482422,20.341976165771484,21058100,0.0,0.0
2015-07-17 00:00:00-04:00,28.270000457763672,28.309999465942383,27.969999313354492,28.18000030517578,20.24141502380371,24248900,0.0,0.0
2015-07-20 00:00:00-04:00,28.1299991607666,28.15999984741211,27.8799991607666,28.030000686645508,20.133663177490234,19477000,0.0,0.0
2015-07-21 00:00:00-04:00,27.959999084472656,28.25,27.790000915527344,27.84000015258789,19.9971923828125,23874000,0.0,0.0
2015-07-22 00:00:00-04:00,27.829999923706055,28.059999465942383,27.440000534057617,27.530000686645508,19.774524688720703,26889200,0.0,0.0
2015-07-23 00:00:00-04:00,27.700000762939453,28.25,27.579999923706055,28.010000228881836,20.119300842285156,34103200,0.0,0.0
2015-07-24 00:00:00-04:00,28.450000762939453,28.770000457763672,28.3799991607666,28.399999618530273,20.39943504333496,39471700,0.0,0.0
2015-07-27 00:00:00-04:00,28.309999465942383,28.559999465942383,28.190000534057617,28.209999084472656,20.262958526611328,30914400,0.0,0.0
2015-07-28 00:00:00-04:00,28.34000015258789,28.350000381469727,27.850000381469727,28.209999084472656,20.262958526611328,23573200,0.0,0.0
2015-07-29 00:00:00-04:00,28.200000762939453,28.520000457763672,28.020000457763672,28.399999618530273,20.39943504333496,21419900,0.0,0.0
2015-07-30 00:00:00-04:00,28.219999313354492,28.459999084472656,28.200000762939453,28.299999237060547,20.327606201171875,17458100,0.0,0.0
2015-07-31 00:00:00-04:00,28.389999389648438,28.559999465942383,28.15999984741211,28.420000076293945,20.413801193237305,20376000,0.0,0.0
2015-08-03 00:00:00-04:00,28.40999984741211,28.59000015258789,28.110000610351562,28.360000610351562,20.370704650878906,17450900,0.0,0.0
2015-08-04 00:00:00-04:00,28.219999313354492,28.459999084472656,27.889999389648438,28.030000686645508,20.133663177490234,18578100,0.0,0.0
2015-08-05 00:00:00-04:00,28.110000610351562,28.600000381469727,28.100000381469727,28.270000457763672,20.30605697631836,19236200,0.0,0.0
2015-08-06 00:00:00-04:00,28.3700008392334,28.670000076293945,28.0,28.209999084472656,20.262958526611328,20143800,0.0,0.0
2015-08-07 00:00:00-04:00,28.170000076293945,28.229999542236328,27.899999618530273,28.149999618530273,20.21985626220703,16039400,0.0,0.0
2015-08-10 00:00:00-04:00,28.479999542236328,28.700000762939453,28.270000457763672,28.59000015258789,20.535905838012695,23740000,0.0,0.0
2015-08-11 00:00:00-04:00,28.239999771118164,28.389999389648438,27.850000381469727,28.020000457763672,20.126489639282227,25391900,0.0,0.0
2015-08-12 00:00:00-04:00,27.799999237060547,28.100000381469727,27.40999984741211,27.899999618530273,20.040292739868164,41085000,0.0,0.0
2015-08-13 00:00:00-04:00,28.780000686645508,29.209999084472656,28.690000534057617,28.700000762939453,20.61492347717285,61154000,0.0,0.0
2015-08-14 00:00:00-04:00,28.780000686645508,29.049999237060547,28.75,29.030000686645508,20.851966857910156,24890800,0.0,0.0
2015-08-17 00:00:00-04:00,28.649999618530273,28.969999313354492,28.510000228881836,28.829999923706055,20.708295822143555,21264000,0.0,0.0
2015-08-18 00:00:00-04:00,28.709999084472656,28.719999313354492,28.18000030517578,28.25,20.29169273376465,32210400,0.0,0.0
2015-08-19 00:00:00-04:00,28.100000381469727,28.239999771118164,27.719999313354492,27.799999237060547,19.968460083007812,30023900,0.0,0.0
2015-08-20 00:00:00-04:00,27.559999465942383,27.75,27.040000915527344,27.040000915527344,19.422561645507812,37889400,0.0,0.0
2015-08-21 00:00:00-04:00,26.8799991607666,27.34000015258789,26.469999313354492,26.469999313354492,19.013134002685547,48502400,0.0,0.0
2015-08-24 00:00:00-04:00,24.889999389648438,26.079999923706055,23.030000686645508,25.190000534057617,18.093717575073242,61667000,0.0,0.0
2015-08-25 00:00:00-04:00,25.940000534057617,25.989999771118164,24.600000381469727,24.6200008392334,17.684295654296875,40610100,0.0,0.0
2015-08-26 00:00:00-04:00,25.280000686645508,25.739999771118164,24.709999084472656,25.68000030517578,18.44569206237793,54783200,0.0,0.0
2015-08-27 00:00:00-04:00,26.0,26.190000534057617,25.610000610351562,26.170000076293945,18.797643661499023,36504700,0.0,0.0
2015-08-28 00:00:00-04:00,25.90999984741211,26.049999237060547,25.81999969482422,26.0,18.675540924072266,26918900,0.0,0.0
2015-08-31 00:00:00-04:00,25.940000534057617,26.110000610351562,25.739999771118164,25.8799991607666,18.589344024658203,32388300,0.0,0.0
2015-09-01 00:00:00-04:00,25.219999313354492,25.6200008392334,25.010000228881836,25.1200008392334,18.04344367980957,32705400,0.0,0.0
2015-09-02 00:00:00-04:00,25.59000015258789,25.65999984741211,25.079999923706055,25.649999618530273,18.424135208129883,27925300,0.0,0.0
2015-09-03 00:00:00-04:00,25.8799991607666,26.149999618530273,25.729999542236328,25.899999618530273,18.60370445251465,27958400,0.0,0.0
2015-09-04 00:00:00-04:00,25.420000076293945,25.649999618530273,25.350000381469727,25.520000457763672,18.330760955810547,26903500,0.0,0.0
2015-09-08 00:00:00-04:00,25.979999542236328,26.329999923706055,25.90999984741211,26.299999237060547,18.891021728515625,20932900,0.0,0.0
2015-09-09 00:00:00-04:00,26.5,26.729999542236328,25.8799991607666,25.940000534057617,18.6324405670166,25032300,0.0,0.0
2015-09-10 00:00:00-04:00,25.899999618530273,26.489999771118164,25.850000381469727,26.260000228881836,18.86229705810547,26424600,0.0,0.0
2015-09-11 00:00:00-04:00,26.0,26.18000030517578,25.809999465942383,26.020000457763672,18.689905166625977,21529100,0.0,0.0
2015-09-14 00:00:00-04:00,26.149999618530273,26.170000076293945,25.65999984741211,25.700000762939453,18.460052490234375,18636000,0.0,0.0
2015-09-15 00:00:00-04:00,25.559999465942383,26.079999923706055,25.559999465942383,25.979999542236328,18.661169052124023,20479400,0.0,0.0
2015-09-16 00:00:00-04:00,26.06999969482422,26.100000381469727,25.850000381469727,26.06999969482422,18.72582244873047,21245300,0.0,0.0
2015-09-17 00:00:00-04:00,25.959999084472656,26.280000686645508,25.809999465942383,25.8799991607666,18.589344024658203,25409600,0.0,0.0
2015-09-18 00:00:00-04:00,25.56999969482422,25.739999771118164,25.25,25.540000915527344,18.345123291015625,40020100,0.0,0.0
2015-09-21 00:00:00-04:00,25.450000762939453,25.81999969482422,25.350000381469727,25.540000915527344,18.345123291015625,21945600,0.0,0.0
2015-09-22 00:00:00-04:00,25.059999465942383,25.209999084472656,24.969999313354492,25.139999389648438,18.05780792236328,21305200,0.0,0.0
2015-09-23 00:00:00-04:00,25.219999313354492,25.309999465942383,25.010000228881836,25.280000686645508,18.158369064331055,18804200,0.0,0.0
2015-09-24 00:00:00-04:00,25.09000015258789,25.5,24.920000076293945,25.40999984741211,18.251745223999023,35598000,0.0,0.0
2015-09-25 00:00:00-04:00,25.809999465942383,26.299999237060547,25.799999237060547,26.030000686645508,18.697086334228516,37618300,0.0,0.0
2015-09-28 00:00:00-04:00,25.829999923706055,26.020000457763672,25.59000015258789,25.65999984741211,18.431320190429688,27211200,0.0,0.0
2015-09-29 00:00:00-04:00,25.639999389648438,25.93000030517578,25.559999465942383,25.639999389648438,18.416950225830078,27095600,0.0,0.0
2015-09-30 00:00:00-04:00,26.0,26.3799991607666,25.8799991607666,26.25,18.85511016845703,32093700,0.0,0.0
2015-10-01 00:00:00-04:00,26.049999237060547,26.15999984741211,25.549999237060547,25.729999542236328,18.630647659301758,26933200,0.21,0.0
2015-10-02 00:00:00-04:00,25.399999618530273,25.790000915527344,25.34000015258789,25.760000228881836,18.652360916137695,34910700,0.0,0.0
2015-10-05 00:00:00-04:00,26.040000915527344,26.979999542236328,25.969999313354492,26.850000381469727,19.441614151000977,30217900,0.0,0.0
2015-10-06 00:00:00-04:00,27.030000686645508,27.469999313354492,26.979999542236328,27.229999542236328,19.71677589416504,33758200,0.0,0.0
2015-10-07 00:00:00-04:00,27.520000457763672,27.950000762939453,27.0,27.540000915527344,19.94123077392578,29749700,0.0,0.0
2015-10-08 00:00:00-04:00,27.510000228881836,28.020000457763672,27.43000030517578,27.90999984741211,20.209138870239258,22500200,0.0,0.0
2015-10-09 00:00:00-04:00,28.010000228881836,28.149999618530273,27.81999969482422,27.90999984741211,20.209138870239258,22125800,0.0,0.0
2015-10-12 00:00:00-04:00,27.93000030517578,28.100000381469727,27.760000228881836,27.959999084472656,20.24534797668457,14486000,0.0,0.0
2015-10-13 00:00:00-04:00,27.75,27.950000762939453,27.739999771118164,27.850000381469727,20.16570281982422,15107200,0.0,0.0
2015-10-14 00:00:00-04:00,27.75,27.899999618530273,27.59000015258789,27.81999969482422,20.14397621154785,20144000,0.0,0.0
2015-10-15 00:00:00-04:00,28.100000381469727,28.190000534057617,27.8700008392334,28.149999618530273,20.382925033569336,18996900,0.0,0.0
2015-10-16 00:00:00-04:00,28.34000015258789,28.350000381469727,28.0,28.25,20.45533561706543,19948300,0.0,0.0
2015-10-19 00:00:00-04:00,28.1200008392334,28.290000915527344,27.940000534057617,28.25,20.45533561706543,20778100,0.0,0.0
2015-10-20 00:00:00-04:00,28.200000762939453,28.520000457763672,28.149999618530273,28.5,20.636350631713867,20335800,0.0,0.0
2015-10-21 00:00:00-04:00,28.600000381469727,28.81999969482422,28.219999313354492,28.280000686645508,20.4770565032959,19008900,0.0,0.0
2015-10-22 00:00:00-04:00,28.559999465942383,29.209999084472656,28.5,29.010000228881836,21.005638122558594,32162500,0.0,0.0
2015-10-23 00:00:00-04:00,29.020000457763672,29.3799991607666,28.93000030517578,29.350000381469727,21.25182342529297,26076900,0.0,0.0
2015-10-26 00:00:00-04:00,29.31999969482422,29.489999771118164,28.8799991607666,28.950000762939453,20.962194442749023,20354800,0.0,0.0
2015-10-27 00:00:00-04:00,28.719999313354492,29.059999465942383,28.579999923706055,29.049999237060547,21.03459930419922,19480600,0.0,0.0
2015-10-28 00:00:00-04:00,29.290000915527344,29.450000762939453,29.040000915527344,29.360000610351562,21.259065628051758,23741400,0.0,0.0
2015-10-29 00:00:00-04:00,29.149999618530273,29.209999084472656,28.93000030517578,29.139999389648438,21.09976577758789,16717800,0.0,0.0
2015-10-30 00:00:00-04:00,29.0,29.25,28.850000381469727,28.850000381469727,20.889787673950195,22334100,0.0,0.0
2015-11-02 00:00:00-05:00,28.8700008392334,28.8700008392334,28.510000228881836,28.770000457763672,20.831859588623047,28912600,0.0,0.0
2015-11-03 00:00:00-05:00,28.610000610351562,28.709999084472656,28.489999771118164,28.610000610351562,20.71600341796875,30555300,0.0,0.0
2015-11-04 00:00:00-05:00,28.790000915527344,28.81999969482422,28.3700008392334,28.469999313354492,20.614635467529297,28591800,0.0,0.0
2015-11-05 00:00:00-05:00,28.5,28.610000610351562,28.290000915527344,28.43000030517578,20.585664749145508,21988600,0.0,0.0
2015-11-06 00:00:00-05:00,28.309999465942383,28.549999237060547,28.15999984741211,28.450000762939453,20.600154876708984,26107600,0.0,0.0
2015-11-09 00:00:00-05:00,28.350000381469727,28.489999771118164,28.0,28.18000030517578,20.40464973449707,25865900,0.0,0.0
2015-11-10 00:00:00-05:00,28.18000030517578,28.219999313354492,27.899999618530273,27.979999542236328,20.25983428955078,26701800,0.0,0.0
2015-11-11 00:00:00-05:00,28.100000381469727,28.100000381469727,27.75,27.81999969482422,20.14397621154785,32599300,0.0,0.0
2015-11-12 00:00:00-05:00,27.739999771118164,28.06999969482422,27.719999313354492,27.829999923706055,20.15121841430664,38135900,0.0,0.0
2015-11-13 00:00:00-05:00,26.290000915527344,26.68000030517578,25.81999969482422,26.209999084472656,18.97820472717285,94556200,0.0,0.0
2015-11-16 00:00:00-05:00,26.06999969482422,27.0,26.059999465942383,26.790000915527344,19.398174285888672,44949600,0.0,0.0
2015-11-17 00:00:00-05:00,26.799999237060547,27.270000457763672,26.68000030517578,26.809999465942383,19.41265296936035,30490200,0.0,0.0
2015-11-18 00:00:00-05:00,27.0,27.15999984741211,26.729999542236328,27.1200008392334,19.63711929321289,27015700,0.0,0.0
2015-11-19 00:00:00-05:00,27.100000381469727,27.649999618530273,27.049999237060547,27.3700008392334,19.81813621520996,27417400,0.0,0.0
2015-11-20 00:00:00-05:00,27.59000015258789,27.780000686645508,27.459999084472656,27.56999969482422,19.96295738220215,26502800,0.0,0.0
2015-11-23 00:00:00-05:00,27.649999618530273,27.84000015258789,27.34000015258789,27.43000030517578,19.86158561706543,24684600,0.0,0.0
2015-11-24 00:00:00-05:00,27.25,27.440000534057617,27.0,27.270000457763672,19.7457332611084,32859200,0.0,0.0
2015-11-25 00:00:00-05:00,27.31999969482422,27.389999389648438,27.0,27.239999771118164,19.72401237487793,22472500,0.0,0.0
2015-11-27 00:00:00-05:00,27.25,27.479999542236328,27.239999771118164,27.31999969482422,19.781936645507812,9532300,0.0,0.0
2015-11-30 00:00:00-05:00,27.34000015258789,27.479999542236328,27.200000762939453,27.25,19.731252670288086,30736700,0.0,0.0
2015-12-01 00:00:00-05:00,27.200000762939453,27.649999618530273,27.200000762939453,27.56999969482422,19.96295738220215,31406300,0.0,0.0
2015-12-02 00:00:00-05:00,27.489999771118164,27.899999618530273,27.3700008392334,27.440000534057617,19.86882781982422,29178200,0.0,0.0
2015-12-03 00:00:00-05:00,27.6299991607666,27.690000534057617,26.81999969482422,26.950000762939453,19.514020919799805,25783800,0.0,0.0
2015-12-04 00:00:00-05:00,26.950000762939453,27.549999237060547,26.950000762939453,27.479999542236328,19.897789001464844,28143700,0.0,0.0
2015-12-07 00:00:00-05:00,27.559999465942383,27.559999465942383,27.260000228881836,27.489999771118164,19.905029296875,15350200,0.0,0.0
2015-12-08 00:00:00-05:00,27.170000076293945,27.290000915527344,27.020000457763672,27.149999618530273,19.658842086791992,18635700,0.0,0.0
2015-12-09 00:00:00-05:00,26.959999084472656,27.350000381469727,26.65999984741211,26.729999542236328,19.35472869873047,24127400,0.0,0.0
2015-12-10 00:00:00-05:00,26.739999771118164,27.040000915527344,26.65999984741211,26.770000457763672,19.38369369506836,23382400,0.0,0.0
2015-12-11 00:00:00-05:00,26.489999771118164,26.489999771118164,26.1299991607666,26.15999984741211,18.942001342773438,34295700,0.0,0.0
2015-12-14 00:00:00-05:00,26.299999237060547,26.520000457763672,25.959999084472656,26.489999771118164,19.180953979492188,32642100,0.0,0.0
2015-12-15 00:00:00-05:00,26.719999313354492,27.110000610351562,26.610000610351562,26.850000381469727,19.441614151000977,30393700,0.0,0.0
2015-12-16 00:00:00-05:00,27.0,27.290000915527344,26.68000030517578,27.239999771118164,19.72401237487793,22731500,0.0,0.0
2015-12-17 00:00:00-05:00,27.290000915527344,27.309999465942383,26.700000762939453,26.719999313354492,19.34748649597168,24812200,0.0,0.0
2015-12-18 00:00:00-05:00,26.600000381469727,26.81999969482422,26.260000228881836,26.270000457763672,19.02165412902832,36732700,0.0,0.0
2015-12-21 00:00:00-05:00,26.579999923706055,26.649999618530273,26.40999984741211,26.639999389648438,19.289566040039062,20242900,0.0,0.0
2015-12-22 00:00:00-05:00,26.850000381469727,26.899999618530273,26.559999465942383,26.889999389648438,19.4705810546875,18966300,0.0,0.0
2015-12-23 00:00:00-05:00,27.040000915527344,27.40999984741211,27.0,27.399999618530273,19.839859008789062,18803700,0.0,0.0
2015-12-24 00:00:00-05:00,27.40999984741211,27.549999237060547,27.3700008392334,27.3799991607666,19.82538604736328,8166300,0.0,0.0
2015-12-28 00:00:00-05:00,27.299999237060547,27.3700008392334,27.1299991607666,27.309999465942383,19.77469253540039,14204900,0.0,0.0
2015-12-29 00:00:00-05:00,27.440000534057617,27.81999969482422,27.399999618530273,27.770000457763672,20.107778549194336,16319600,0.0,0.0
2015-12-30 00:00:00-05:00,27.65999984741211,27.770000457763672,27.520000457763672,27.530000686645508,19.933992385864258,10620300,0.0,0.0
2015-12-31 00:00:00-05:00,27.3799991607666,27.450000762939453,27.139999389648438,27.15999984741211,19.66608238220215,17041500,0.0,0.0
2016-01-04 00:00:00-05:00,26.389999389648438,26.420000076293945,25.8799991607666,26.40999984741211,19.27203369140625,35827100,0.21,0.0
2016-01-05 00:00:00-05:00,26.540000915527344,26.65999984741211,26.18000030517578,26.290000915527344,19.184467315673828,22024900,0.0,0.0
2016-01-06 00:00:00-05:00,26.079999923706055,26.139999389648438,25.81999969482422,26.010000228881836,18.980140686035156,30799800,0.0,0.0
2016-01-07 00:00:00-05:00,25.489999771118164,25.739999771118164,25.1200008392334,25.40999984741211,18.54231071472168,43235400,0.0,0.0
2016-01-08 00:00:00-05:00,25.549999237060547,25.6299991607666,24.719999313354492,24.780000686645508,18.08257484436035,28609700,0.0,0.0
2016-01-11 00:00:00-05:00,24.93000030517578,25.350000381469727,24.93000030517578,25.270000457763672,18.440141677856445,32346900,0.0,0.0
2016-01-12 00:00:00-05:00,25.510000228881836,25.56999969482422,25.030000686645508,25.350000381469727,18.498531341552734,30122400,0.0,0.0
2016-01-13 00:00:00-05:00,25.420000076293945,25.520000457763672,24.56999969482422,24.600000381469727,17.95123291015625,33431600,0.0,0.0
2016-01-14 00:00:00-05:00,24.690000534057617,24.899999618530273,24.459999084472656,24.65999984741211,17.995012283325195,42902400,0.0,0.0
2016-01-15 00:00:00-05:00,23.93000030517578,24.43000030517578,23.56999969482422,23.6200008392334,17.236101150512695,64092800,0.0,0.0
2016-01-19 00:00:00-05:00,23.799999237060547,24.030000686645508,23.59000015258789,23.850000381469727,17.403934478759766,52533500,0.0,0.0
2016-01-20 00:00:00-05:00,23.399999618530273,23.510000228881836,22.469999313354492,22.899999618530273,16.710702896118164,83632400,0.0,0.0
2016-01-21 00:00:00-05:00,23.09000015258789,23.450000762939453,22.8700008392334,22.899999618530273,16.710702896118164,46267900,0.0,0.0
2016-01-22 00:00:00-05:00,23.600000381469727,23.639999389648438,22.989999771118164,23.3700008392334,17.053674697875977,55049000,0.0,0.0
2016-01-25 00:00:00-05:00,23.3799991607666,23.520000457763672,23.139999389648438,23.170000076293945,16.9077205657959,64066100,0.0,0.0
2016-01-26 00:00:00-05:00,23.239999771118164,23.850000381469727,23.239999771118164,23.719999313354492,17.309070587158203,25162200,0.0,0.0
2016-01-27 00:00:00-05:00,23.690000534057617,23.899999618530273,23.299999237060547,23.43000030517578,17.097448348999023,24654000,0.0,0.0
2016-01-28 00:00:00-05:00,23.729999542236328,23.790000915527344,22.979999542236328,23.110000610351562,16.86394500732422,31833500,0.0,0.0
2016-01-29 00:00:00-05:00,23.399999618530273,23.799999237060547,23.200000762939453,23.790000915527344,17.360153198242188,39692600,0.0,0.0
2016-02-01 00:00:00-05:00,23.459999084472656,23.56999969482422,23.229999542236328,23.479999542236328,17.133941650390625,24006400,0.0,0.0
2016-02-02 00:00:00-05:00,23.229999542236328,23.25,22.729999542236328,22.829999923706055,16.659618377685547,36203700,0.0,0.0
2016-02-03 00:00:00-05:00,23.09000015258789,23.18000030517578,22.579999923706055,23.100000381469727,16.85664939880371,32231400,0.0,0.0
2016-02-04 00:00:00-05:00,23.170000076293945,23.56999969482422,22.93000030517578,23.540000915527344,17.17772674560547,29280500,0.0,0.0
2016-02-05 00:00:00-05:00,23.510000228881836,23.65999984741211,22.809999465942383,22.889999389648438,16.703397750854492,32641000,0.0,0.0
2016-02-08 00:00:00-05:00,22.6299991607666,23.020000457763672,22.479999542236328,22.93000030517578,16.73259162902832,38842100,0.0,0.0
2016-02-09 00:00:00-05:00,22.600000381469727,22.860000610351562,22.530000686645508,22.649999618530273,16.528268814086914,30767200,0.0,0.0
2016-02-10 00:00:00-05:00,23.1299991607666,23.1299991607666,22.459999084472656,22.510000228881836,16.426103591918945,36896100,0.0,0.0
2016-02-11 00:00:00-05:00,24.09000015258789,24.969999313354492,24.09000015258789,24.68000030517578,18.009611129760742,92696000,0.0,0.0
2016-02-12 00:00:00-05:00,24.889999389648438,25.360000610351562,24.520000457763672,25.110000610351562,18.323394775390625,49753600,0.0,0.0
2016-02-16 00:00:00-05:00,25.270000457763672,25.979999542236328,25.190000534057617,25.84000015258789,18.856094360351562,40401700,0.0,0.0
2016-02-17 00:00:00-05:00,26.170000076293945,26.59000015258789,26.079999923706055,26.459999084472656,19.30851936340332,36904700,0.0,0.0
2016-02-18 00:00:00-05:00,26.440000534057617,26.579999923706055,26.280000686645508,26.43000030517578,19.2866268157959,31288200,0.0,0.0
2016-02-19 00:00:00-05:00,26.270000457763672,26.559999465942383,26.25,26.549999237060547,19.374202728271484,28791700,0.0,0.0
2016-02-22 00:00:00-05:00,26.8700008392334,26.90999984741211,26.420000076293945,26.6299991607666,19.432575225830078,24608100,0.0,0.0
2016-02-23 00:00:00-05:00,26.540000915527344,26.540000915527344,26.059999465942383,26.1200008392334,19.060407638549805,28097500,0.0,0.0
2016-02-24 00:00:00-05:00,25.889999389648438,26.329999923706055,25.649999618530273,26.31999969482422,19.206356048583984,22960800,0.0,0.0
2016-02-25 00:00:00-05:00,26.489999771118164,26.600000381469727,26.200000762939453,26.600000381469727,19.410682678222656,18655100,0.0,0.0
2016-02-26 00:00:00-05:00,26.799999237060547,26.850000381469727,26.31999969482422,26.40999984741211,19.27203369140625,18113000,0.0,0.0
2016-02-29 00:00:00-05:00,26.420000076293945,26.649999618530273,26.149999618530273,26.18000030517578,19.10419273376465,24763100,0.0,0.0
2016-03-01 00:00:00-05:00,26.450000762939453,26.93000030517578,26.239999771118164,26.829999923706055,19.57851791381836,25245400,0.0,0.0
2016-03-02 00:00:00-05:00,26.799999237060547,26.90999984741211,26.600000381469727,26.899999618530273,19.62959861755371,19020100,0.0,0.0
2016-03-03 00:00:00-05:00,26.950000762939453,26.969999313354492,26.59000015258789,26.8700008392334,19.60770606994629,19002200,0.0,0.0
2016-03-04 00:00:00-05:00,26.920000076293945,26.959999084472656,26.670000076293945,26.799999237060547,19.556623458862305,19429900,0.0,0.0
2016-03-07 00:00:00-05:00,26.579999923706055,27.18000030517578,26.329999923706055,27.139999389648438,19.804729461669922,21500100,0.0,0.0
2016-03-08 00:00:00-05:00,26.969999313354492,27.299999237060547,26.690000534057617,27.049999237060547,19.739055633544922,23821300,0.0,0.0
2016-03-09 00:00:00-05:00,27.239999771118164,27.799999237060547,27.1200008392334,27.610000610351562,20.147708892822266,38890200,0.0,0.0
2016-03-10 00:00:00-05:00,27.760000228881836,27.979999542236328,27.030000686645508,27.3799991607666,19.979867935180664,33327300,0.0,0.0
2016-03-11 00:00:00-05:00,27.81999969482422,27.90999984741211,27.670000076293945,27.860000610351562,20.330135345458984,21873100,0.0,0.0
2016-03-14 00:00:00-04:00,27.81999969482422,27.860000610351562,27.600000381469727,27.700000762939453,20.213375091552734,18291700,0.0,0.0
2016-03-15 00:00:00-04:00,27.479999542236328,27.690000534057617,27.450000762939453,27.65999984741211,20.184188842773438,16917200,0.0,0.0
2016-03-16 00:00:00-04:00,27.520000457763672,27.950000762939453,27.510000228881836,27.8799991607666,20.34473419189453,19087800,0.0,0.0
2016-03-17 00:00:00-04:00,27.920000076293945,28.440000534057617,27.8700008392334,28.190000534057617,20.570941925048828,28501900,0.0,0.0
2016-03-18 00:00:00-04:00,28.229999542236328,28.3799991607666,27.969999313354492,28.329999923706055,20.673105239868164,43132400,0.0,0.0
2016-03-21 00:00:00-04:00,28.100000381469727,28.350000381469727,28.040000915527344,28.190000534057617,20.570941925048828,23799200,0.0,0.0
2016-03-22 00:00:00-04:00,28.200000762939453,28.3799991607666,27.899999618530273,28.280000686645508,20.636619567871094,23599300,0.0,0.0
2016-03-23 00:00:00-04:00,28.260000228881836,28.280000686645508,27.729999542236328,27.829999923706055,20.308238983154297,19217500,0.0,0.0
2016-03-24 00:00:00-04:00,27.770000457763672,28.010000228881836,27.59000015258789,27.959999084472656,20.403106689453125,15871900,0.0,0.0
2016-03-28 00:00:00-04:00,27.989999771118164,28.030000686645508,27.790000915527344,27.899999618530273,20.359323501586914,12785900,0.0,0.0
2016-03-29 00:00:00-04:00,27.8700008392334,28.190000534057617,27.690000534057617,28.100000381469727,20.505264282226562,17139300,0.0,0.0
2016-03-30 00:00:00-04:00,28.34000015258789,28.68000030517578,28.260000228881836,28.459999084472656,20.767963409423828,19390200,0.0,0.0
2016-03-31 00:00:00-04:00,28.530000686645508,28.670000076293945,28.350000381469727,28.469999313354492,20.775270462036133,18377600,0.0,0.0
2016-04-01 00:00:00-04:00,28.299999237060547,28.700000762939453,28.1200008392334,28.690000534057617,20.93580436706543,23026400,0.0,0.0
2016-04-04 00:00:00-04:00,28.3700008392334,28.40999984741211,28.010000228881836,28.139999389648438,20.722244262695312,17890000,0.26,0.0
2016-04-05 00:00:00-04:00,27.639999389648438,27.829999923706055,27.459999084472656,27.579999923706055,20.30986785888672,24245700,0.0,0.0
2016-04-06 00:00:00-04:00,27.700000762939453,28.040000915527344,27.6200008392334,28.0,20.619159698486328,20395800,0.0,0.0
2016-04-07 00:00:00-04:00,27.899999618530273,27.899999618530273,27.530000686645508,27.600000381469727,20.32459259033203,17016800,0.0,0.0
2016-04-08 00:00:00-04:00,27.709999084472656,27.950000762939453,27.579999923706055,27.690000534057617,20.390867233276367,14495600,0.0,0.0
2016-04-11 00:00:00-04:00,27.8799991607666,28.18000030517578,27.610000610351562,27.6200008392334,20.339324951171875,18762900,0.0,0.0
2016-04-12 00:00:00-04:00,27.139999389648438,27.65999984741211,26.950000762939453,27.639999389648438,20.35405158996582,27741400,0.0,0.0
2016-04-13 00:00:00-04:00,27.959999084472656,28.280000686645508,27.719999313354492,28.229999542236328,20.788530349731445,25433300,0.0,0.0
2016-04-14 00:00:00-04:00,28.3799991607666,28.399999618530273,28.100000381469727,28.25,20.803253173828125,15049100,0.0,0.0
2016-04-15 00:00:00-04:00,28.100000381469727,28.1299991607666,27.729999542236328,27.899999618530273,20.545515060424805,23804400,0.0,0.0
2016-04-18 00:00:00-04:00,27.899999618530273,28.25,27.799999237060547,28.190000534057617,20.759069442749023,15762900,0.0,0.0
2016-04-19 00:00:00-04:00,28.329999923706055,28.440000534057617,28.200000762939453,28.329999923706055,20.862167358398438,20307700,0.0,0.0
2016-04-20 00:00:00-04:00,28.399999618530273,28.68000030517578,28.260000228881836,28.440000534057617,20.94317054748535,19937800,0.0,0.0
2016-04-21 00:00:00-04:00,28.420000076293945,28.510000228881836,28.15999984741211,28.239999771118164,20.79589080810547,17339900,0.0,0.0
2016-04-22 00:00:00-04:00,28.299999237060547,28.549999237060547,28.06999969482422,28.149999618530273,20.729612350463867,23147600,0.0,0.0
2016-04-25 00:00:00-04:00,28.110000610351562,28.280000686645508,27.979999542236328,28.229999542236328,20.788530349731445,16434800,0.0,0.0
2016-04-26 00:00:00-04:00,28.270000457763672,28.489999771118164,28.219999313354492,28.450000762939453,20.950536727905273,18151500,0.0,0.0
2016-04-27 00:00:00-04:00,28.440000534057617,28.649999618530273,28.309999465942383,28.639999389648438,21.09044647216797,20931000,0.0,0.0
2016-04-28 00:00:00-04:00,28.450000762939453,28.59000015258789,27.790000915527344,27.959999084472656,20.589696884155273,29616200,0.0,0.0
2016-04-29 00:00:00-04:00,27.719999313354492,27.829999923706055,27.139999389648438,27.489999771118164,20.24359130859375,33890100,0.0,0.0
2016-05-02 00:00:00-04:00,27.479999542236328,27.520000457763672,27.200000762939453,27.3700008392334,20.15521812438965,27361700,0.0,0.0
2016-05-03 00:00:00-04:00,27.15999984741211,27.190000534057617,26.610000610351562,26.860000610351562,19.7796573638916,35319600,0.0,0.0
2016-05-04 00:00:00-04:00,26.799999237060547,26.81999969482422,26.280000686645508,26.440000534057617,19.470375061035156,32850800,0.0,0.0
2016-05-05 00:00:00-04:00,26.459999084472656,26.56999969482422,26.209999084472656,26.209999084472656,19.301000595092773,23082200,0.0,0.0
2016-05-06 00:00:00-04:00,26.190000534057617,26.540000915527344,25.809999465942383,26.530000686645508,19.53665542602539,25625300,0.0,0.0
2016-05-09 00:00:00-04:00,26.520000457763672,26.68000030517578,26.389999389648438,26.510000228881836,19.52191925048828,16990400,0.0,0.0
2016-05-10 00:00:00-04:00,26.670000076293945,27.100000381469727,26.510000228881836,27.030000686645508,19.904848098754883,22642500,0.0,0.0
2016-05-11 00:00:00-04:00,27.09000015258789,27.110000610351562,26.68000030517578,26.700000762939453,19.66183853149414,19326100,0.0,0.0
2016-05-12 00:00:00-04:00,26.809999465942383,26.809999465942383,26.40999984741211,26.670000076293945,19.639747619628906,19681900,0.0,0.0
2016-05-13 00:00:00-04:00,26.549999237060547,26.889999389648438,26.459999084472656,26.530000686645508,19.53665542602539,20865100,0.0,0.0
2016-05-16 00:00:00-04:00,26.56999969482422,27.1200008392334,26.559999465942383,26.969999313354492,19.860660552978516,20885900,0.0,0.0
2016-05-17 00:00:00-04:00,26.899999618530273,27.059999465942383,26.549999237060547,26.649999618530273,19.625015258789062,25921300,0.0,0.0
2016-05-18 00:00:00-04:00,26.610000610351562,26.959999084472656,26.489999771118164,26.719999313354492,19.676563262939453,32345500,0.0,0.0
2016-05-19 00:00:00-04:00,27.989999771118164,28.290000915527344,27.399999618530273,27.56999969482422,20.30250358581543,50174600,0.0,0.0
2016-05-20 00:00:00-04:00,27.6299991607666,28.149999618530273,27.6200008392334,27.969999313354492,20.597061157226562,32703000,0.0,0.0
2016-05-23 00:00:00-04:00,27.780000686645508,28.25,27.780000686645508,27.940000534057617,20.574970245361328,19850000,0.0,0.0
2016-05-24 00:00:00-04:00,28.010000228881836,28.579999923706055,28.010000228881836,28.469999313354492,20.96526527404785,26514800,0.0,0.0
2016-05-25 00:00:00-04:00,28.579999923706055,29.0,28.520000457763672,28.920000076293945,21.296642303466797,25696800,0.0,0.0
2016-05-26 00:00:00-04:00,28.860000610351562,29.040000915527344,28.799999237060547,28.899999618530273,21.28190803527832,19366300,0.0,0.0
2016-05-27 00:00:00-04:00,28.950000762939453,29.040000915527344,28.790000915527344,28.920000076293945,21.296642303466797,16673300,0.0,0.0
2016-05-31 00:00:00-04:00,28.799999237060547,29.079999923706055,28.760000228881836,29.049999237060547,21.392370223999023,28606300,0.0,0.0
2016-06-01 00:00:00-04:00,28.84000015258789,29.040000915527344,28.799999237060547,28.899999618530273,21.28190803527832,22268700,0.0,0.0
2016-06-02 00:00:00-04:00,28.979999542236328,29.149999618530273,28.920000076293945,29.079999923706055,21.41446304321289,19538200,0.0,0.0
2016-06-03 00:00:00-04:00,29.1299991607666,29.209999084472656,28.899999618530273,29.1299991607666,21.45128059387207,18677700,0.0,0.0
2016-06-06 00:00:00-04:00,29.06999969482422,29.40999984741211,29.059999465942383,29.100000381469727,21.429197311401367,16167100,0.0,0.0
2016-06-07 00:00:00-04:00,28.899999618530273,29.350000381469727,28.81999969482422,29.06999969482422,21.40709686279297,21566600,0.0,0.0
2016-06-08 00:00:00-04:00,29.09000015258789,29.270000457763672,29.059999465942383,29.139999389648438,21.458646774291992,17772900,0.0,0.0
2016-06-09 00:00:00-04:00,28.969999313354492,29.190000534057617,28.829999923706055,29.139999389648438,21.458646774291992,18349900,0.0,0.0
2016-06-10 00:00:00-04:00,28.790000915527344,29.030000686645508,28.770000457763672,29.030000686645508,21.377649307250977,18244200,0.0,0.0
2016-06-13 00:00:00-04:00,28.969999313354492,29.190000534057617,28.81999969482422,28.84000015258789,21.23773193359375,17137000,0.0,0.0
2016-06-14 00:00:00-04:00,28.65999984741211,29.0,28.6299991607666,28.959999084472656,21.326093673706055,19279700,0.0,0.0
2016-06-15 00:00:00-04:00,28.489999771118164,28.860000610351562,28.40999984741211,28.649999618530273,21.09781265258789,30738600,0.0,0.0
2016-06-16 00:00:00-04:00,28.3799991607666,28.920000076293945,28.3700008392334,28.8700008392334,21.25982093811035,17504100,0.0,0.0
2016-06-17 00:00:00-04:00,28.8799991607666,29.0,28.690000534057617,28.950000762939453,21.318735122680664,32333500,0.0,0.0
2016-06-20 00:00:00-04:00,29.040000915527344,29.219999313354492,28.780000686645508,28.799999237060547,21.208274841308594,22100800,0.0,0.0
2016-06-21 00:00:00-04:00,28.969999313354492,29.0,28.729999542236328,28.770000457763672,21.186187744140625,19098600,0.0,0.0
2016-06-22 00:00:00-04:00,28.8700008392334,29.079999923706055,28.68000030517578,28.719999313354492,21.149362564086914,18273300,0.0,0.0
2016-06-23 00:00:00-04:00,29.030000686645508,29.229999542236328,28.959999084472656,29.219999313354492,21.517555236816406,19415600,0.0,0.0
2016-06-24 00:00:00-04:00,28.15999984741211,28.56999969482422,27.700000762939453,27.75,20.4350528717041,44408900,0.0,0.0
2016-06-27 00:00:00-04:00,27.479999542236328,27.549999237060547,27.1299991607666,27.309999465942383,20.111034393310547,29973100,0.0,0.0
2016-06-28 00:00:00-04:00,27.549999237060547,27.850000381469727,27.5,27.790000915527344,20.464509963989258,24646900,0.0,0.0
2016-06-29 00:00:00-04:00,28.1299991607666,28.329999923706055,27.899999618530273,28.260000228881836,20.810619354248047,25593000,0.0,0.0
2016-06-30 00:00:00-04:00,28.3799991607666,28.690000534057617,28.06999969482422,28.690000534057617,21.127267837524414,25184400,0.0,0.0
2016-07-01 00:00:00-04:00,28.780000686645508,28.93000030517578,28.59000015258789,28.799999237060547,21.208274841308594,20901300,0.0,0.0
2016-07-05 00:00:00-04:00,28.229999542236328,28.6200008392334,28.219999313354492,28.329999923706055,21.052223205566406,22116900,0.26,0.0
2016-07-06 00:00:00-04:00,28.450000762939453,28.770000457763672,28.170000076293945,28.719999313354492,21.342031478881836,24844000,0.0,0.0
2016-07-07 00:00:00-04:00,28.719999313354492,28.899999618530273,28.610000610351562,28.739999771118164,21.356889724731445,17394900,0.0,0.0
2016-07-08 00:00:00-04:00,28.90999984741211,29.280000686645508,28.8799991607666,29.260000228881836,21.743303298950195,24647400,0.0,0.0
2016-07-11 00:00:00-04:00,29.34000015258789,29.700000762939453,29.260000228881836,29.43000030517578,21.869640350341797,22045200,0.0,0.0
2016-07-12 00:00:00-04:00,29.719999313354492,29.739999771118164,29.520000457763672,29.610000610351562,22.00339126586914,22157500,0.0,0.0
2016-07-13 00:00:00-04:00,29.719999313354492,29.829999923706055,29.579999923706055,29.75,22.107437133789062,18038100,0.0,0.0
2016-07-14 00:00:00-04:00,29.84000015258789,29.989999771118164,29.639999389648438,29.760000228881836,22.11486053466797,19332200,0.0,0.0
2016-07-15 00:00:00-04:00,29.93000030517578,29.950000762939453,29.65999984741211,29.81999969482422,22.159456253051758,17800400,0.0,0.0
2016-07-18 00:00:00-04:00,29.75,30.0,29.739999771118164,29.90999984741211,22.22633171081543,17484900,0.0,0.0
2016-07-19 00:00:00-04:00,29.90999984741211,30.010000228881836,29.770000457763672,29.920000076293945,22.233760833740234,18516000,0.0,0.0
2016-07-20 00:00:00-04:00,30.040000915527344,30.690000534057617,29.979999542236328,30.6299991607666,22.761367797851562,50168800,0.0,0.0
2016-07-21 00:00:00-04:00,30.639999389648438,30.719999313354492,30.3700008392334,30.579999923706055,22.724212646484375,21582700,0.0,0.0
2016-07-22 00:00:00-04:00,30.700000762939453,30.8700008392334,30.540000915527344,30.709999084472656,22.820819854736328,19399600,0.0,0.0
2016-07-25 00:00:00-04:00,30.670000076293945,30.829999923706055,30.6299991607666,30.790000915527344,22.88026237487793,15174200,0.0,0.0
2016-07-26 00:00:00-04:00,30.799999237060547,31.149999618530273,30.709999084472656,30.8799991607666,22.94715118408203,21328200,0.0,0.0
2016-07-27 00:00:00-04:00,30.950000762939453,30.969999313354492,30.65999984741211,30.760000228881836,22.857973098754883,22723000,0.0,0.0
2016-07-28 00:00:00-04:00,30.649999618530273,30.739999771118164,30.3700008392334,30.520000457763672,22.679624557495117,22470500,0.0,0.0
2016-07-29 00:00:00-04:00,30.600000381469727,30.690000534057617,30.469999313354492,30.530000686645508,22.687057495117188,23807200,0.0,0.0
2016-08-01 00:00:00-04:00,30.700000762939453,30.75,30.360000610351562,30.729999542236328,22.835681915283203,22438700,0.0,0.0
2016-08-02 00:00:00-04:00,30.81999969482422,30.81999969482422,30.399999618530273,30.6200008392334,22.753938674926758,24485200,0.0,0.0
2016-08-03 00:00:00-04:00,30.510000228881836,30.739999771118164,30.510000228881836,30.719999313354492,22.82825469970703,15962500,0.0,0.0
2016-08-04 00:00:00-04:00,30.780000686645508,30.90999984741211,30.709999084472656,30.799999237060547,22.887699127197266,18586500,0.0,0.0
2016-08-05 00:00:00-04:00,30.899999618530273,31.06999969482422,30.690000534057617,31.040000915527344,23.066038131713867,18873300,0.0,0.0
2016-08-08 00:00:00-04:00,31.0,31.190000534057617,30.860000610351562,31.010000228881836,23.043745040893555,19019900,0.0,0.0
2016-08-09 00:00:00-04:00,31.110000610351562,31.25,30.84000015258789,30.940000534057617,22.99173355102539,19159500,0.0,0.0
2016-08-10 00:00:00-04:00,31.010000228881836,31.1299991607666,30.739999771118164,30.850000381469727,22.924854278564453,16684300,0.0,0.0
2016-08-11 00:00:00-04:00,30.950000762939453,31.020000457763672,30.860000610351562,30.950000762939453,22.999164581298828,24020900,0.0,0.0
2016-08-12 00:00:00-04:00,30.920000076293945,30.989999771118164,30.799999237060547,30.8700008392334,22.939712524414062,13430600,0.0,0.0
2016-08-15 00:00:00-04:00,30.979999542236328,31.239999771118164,30.889999389648438,31.190000534057617,23.17751121520996,21944700,0.0,0.0
2016-08-16 00:00:00-04:00,31.219999313354492,31.229999542236328,30.979999542236328,31.1200008392334,23.125484466552734,23399700,0.0,0.0
2016-08-17 00:00:00-04:00,30.969999313354492,30.969999313354492,30.329999923706055,30.719999313354492,22.82825469970703,55071200,0.0,0.0
2016-08-18 00:00:00-04:00,30.40999984741211,30.670000076293945,30.059999465942383,30.479999542236328,22.649900436401367,48710500,0.0,0.0
2016-08-19 00:00:00-04:00,30.3700008392334,30.649999618530273,30.239999771118164,30.520000457763672,22.679624557495117,25131300,0.0,0.0
2016-08-22 00:00:00-04:00,30.440000534057617,30.780000686645508,30.3700008392334,30.6299991607666,22.761367797851562,28680000,0.0,0.0
2016-08-23 00:00:00-04:00,30.829999923706055,31.059999465942383,30.790000915527344,30.979999542236328,23.021451950073242,23493600,0.0,0.0
2016-08-24 00:00:00-04:00,30.979999542236328,31.200000762939453,30.950000762939453,31.059999465942383,23.080904006958008,24474700,0.0,0.0
2016-08-25 00:00:00-04:00,31.059999465942383,31.389999389648438,31.020000457763672,31.290000915527344,23.251819610595703,22917100,0.0,0.0
2016-08-26 00:00:00-04:00,31.34000015258789,31.65999984741211,31.190000534057617,31.350000381469727,23.296405792236328,21106200,0.0,0.0
2016-08-29 00:00:00-04:00,31.43000030517578,31.700000762939453,31.40999984741211,31.579999923706055,23.467315673828125,21101700,0.0,0.0
2016-08-30 00:00:00-04:00,31.610000610351562,31.65999984741211,31.40999984741211,31.540000915527344,23.437597274780273,17794800,0.0,0.0
2016-08-31 00:00:00-04:00,31.450000762939453,31.579999923706055,31.25,31.440000534057617,23.36328125,20418800,0.0,0.0
2016-09-01 00:00:00-04:00,31.420000076293945,31.639999389648438,31.260000228881836,31.579999923706055,23.467315673828125,15980500,0.0,0.0
2016-09-02 00:00:00-04:00,31.649999618530273,31.950000762939453,31.649999618530273,31.829999923706055,23.653100967407227,18156500,0.0,0.0
2016-09-06 00:00:00-04:00,31.93000030517578,31.940000534057617,31.700000762939453,31.8700008392334,23.682823181152344,17656500,0.0,0.0
2016-09-07 00:00:00-04:00,31.790000915527344,31.93000030517578,31.75,31.790000915527344,23.623369216918945,14050500,0.0,0.0
2016-09-08 00:00:00-04:00,31.719999313354492,31.75,31.420000076293945,31.469999313354492,23.385570526123047,19913700,0.0,0.0
2016-09-09 00:00:00-04:00,31.139999389648438,31.34000015258789,30.850000381469727,30.850000381469727,22.924854278564453,25450500,0.0,0.0
2016-09-12 00:00:00-04:00,30.610000610351562,31.5,30.600000381469727,31.440000534057617,23.36328125,22612500,0.0,0.0
2016-09-13 00:00:00-04:00,31.260000228881836,31.350000381469727,30.899999618530273,31.059999465942383,23.080904006958008,23617900,0.0,0.0
2016-09-14 00:00:00-04:00,31.010000228881836,31.229999542236328,30.809999465942383,31.0,23.036319732666016,24262900,0.0,0.0
2016-09-15 00:00:00-04:00,30.6299991607666,31.389999389648438,30.610000610351562,31.309999465942383,23.266679763793945,25554500,0.0,0.0
2016-09-16 00:00:00-04:00,31.1200008392334,31.139999389648438,30.700000762939453,30.84000015258789,22.917423248291016,37416300,0.0,0.0
2016-09-19 00:00:00-04:00,30.850000381469727,31.25,30.81999969482422,31.020000457763672,23.051176071166992,16833500,0.0,0.0
2016-09-20 00:00:00-04:00,31.079999923706055,31.219999313354492,31.040000915527344,31.100000381469727,23.110628128051758,15878900,0.0,0.0
2016-09-21 00:00:00-04:00,31.110000610351562,31.3799991607666,30.969999313354492,31.360000610351562,23.303831100463867,21169400,0.0,0.0
2016-09-22 00:00:00-04:00,31.5,31.799999237060547,31.489999771118164,31.65999984741211,23.526763916015625,20261900,0.0,0.0
2016-09-23 00:00:00-04:00,31.709999084472656,31.799999237060547,31.309999465942383,31.34000015258789,23.28897476196289,20442200,0.0,0.0
2016-09-26 00:00:00-04:00,31.100000381469727,31.15999984741211,30.790000915527344,31.06999969482422,23.08833122253418,20361500,0.0,0.0
2016-09-27 00:00:00-04:00,31.09000015258789,31.610000610351562,30.959999084472656,31.479999542236328,23.39301300048828,18045400,0.0,0.0
2016-09-28 00:00:00-04:00,31.440000534057617,31.59000015258789,31.360000610351562,31.5,23.407869338989258,15841000,0.0,0.0
2016-09-29 00:00:00-04:00,31.510000228881836,31.56999969482422,31.25,31.389999389648438,23.326129913330078,15417100,0.0,0.0
2016-09-30 00:00:00-04:00,31.610000610351562,31.799999237060547,31.559999465942383,31.719999313354492,23.571353912353516,30380600,0.0,0.0
2016-10-03 00:00:00-04:00,31.309999465942383,31.579999923706055,31.200000762939453,31.5,23.6013240814209,14070500,0.26,0.0
2016-10-04 00:00:00-04:00,31.459999084472656,31.6299991607666,31.149999618530273,31.350000381469727,23.488935470581055,18460400,0.0,0.0
2016-10-05 00:00:00-04:00,31.40999984741211,31.68000030517578,31.40999984741211,31.59000015258789,23.668752670288086,11808600,0.0,0.0
2016-10-06 00:00:00-04:00,31.56999969482422,31.6299991607666,31.209999084472656,31.479999542236328,23.586347579956055,14077100,0.0,0.0
2016-10-07 00:00:00-04:00,31.479999542236328,31.600000381469727,31.229999542236328,31.469999313354492,23.578840255737305,13073200,0.0,0.0
2016-10-10 00:00:00-04:00,31.540000915527344,31.68000030517578,31.440000534057617,31.469999313354492,23.578840255737305,12759400,0.0,0.0
2016-10-11 00:00:00-04:00,31.520000457763672,31.530000686645508,30.850000381469727,31.040000915527344,23.256668090820312,19412000,0.0,0.0
2016-10-12 00:00:00-04:00,30.530000686645508,30.6299991607666,29.940000534057617,30.34000015258789,22.732194900512695,36899900,0.0,0.0
2016-10-13 00:00:00-04:00,30.09000015258789,30.25,29.860000610351562,30.170000076293945,22.604829788208008,24286600,0.0,0.0
2016-10-14 00:00:00-04:00,30.350000381469727,30.549999237060547,30.15999984741211,30.18000030517578,22.61231803894043,20545100,0.0,0.0
2016-10-17 00:00:00-04:00,30.1299991607666,30.420000076293945,30.100000381469727,30.219999313354492,22.642282485961914,13957500,0.0,0.0
2016-10-18 00:00:00-04:00,30.690000534057617,30.690000534057617,30.43000030517578,30.440000534057617,22.807117462158203,14444900,0.0,0.0
2016-10-19 00:00:00-04:00,30.440000534057617,30.450000762939453,30.190000534057617,30.350000381469727,22.739688873291016,14830900,0.0,0.0
2016-10-20 00:00:00-04:00,30.280000686645508,30.3700008392334,30.040000915527344,30.15999984741211,22.597332000732422,17315300,0.0,0.0
2016-10-21 00:00:00-04:00,30.010000228881836,30.200000762939453,29.920000076293945,30.149999618530273,22.58983612060547,15140500,0.0,0.0
2016-10-24 00:00:00-04:00,30.34000015258789,30.5,30.299999237060547,30.459999084472656,22.822099685668945,14115300,0.0,0.0
2016-10-25 00:00:00-04:00,30.5,30.510000228881836,30.229999542236328,30.34000015258789,22.732194900512695,15257800,0.0,0.0
2016-10-26 00:00:00-04:00,30.59000015258789,30.860000610351562,30.31999969482422,30.549999237060547,22.889541625976562,18008600,0.0,0.0
2016-10-27 00:00:00-04:00,30.600000381469727,30.670000076293945,30.360000610351562,30.3799991607666,22.762163162231445,16926200,0.0,0.0
2016-10-28 00:00:00-04:00,30.360000610351562,30.799999237060547,30.350000381469727,30.59000015258789,22.919506072998047,19946800,0.0,0.0
2016-10-31 00:00:00-04:00,30.34000015258789,30.770000457763672,30.31999969482422,30.68000030517578,22.986942291259766,23225400,0.0,0.0
2016-11-01 00:00:00-04:00,30.850000381469727,30.860000610351562,30.229999542236328,30.479999542236328,22.837093353271484,17542100,0.0,0.0
2016-11-02 00:00:00-04:00,30.43000030517578,30.68000030517578,30.229999542236328,30.389999389648438,22.76966094970703,19174000,0.0,0.0
2016-11-03 00:00:00-04:00,30.5,30.559999465942383,30.239999771118164,30.31999969482422,22.717208862304688,15937100,0.0,0.0
2016-11-04 00:00:00-04:00,29.979999542236328,30.5,29.6299991607666,30.190000534057617,22.619810104370117,18524000,0.0,0.0
2016-11-07 00:00:00-05:00,30.709999084472656,31.059999465942383,30.610000610351562,30.940000534057617,23.18174171447754,23061100,0.0,0.0
2016-11-08 00:00:00-05:00,30.940000534057617,31.200000762939453,30.729999542236328,31.0,23.226701736450195,19399800,0.0,0.0
2016-11-09 00:00:00-05:00,31.040000915527344,31.489999771118164,30.700000762939453,31.360000610351562,23.49642562866211,38564100,0.0,0.0
2016-11-10 00:00:00-05:00,31.40999984741211,31.760000228881836,30.809999465942383,31.0,23.226701736450195,38345000,0.0,0.0
2016-11-11 00:00:00-05:00,30.93000030517578,31.469999313354492,30.920000076293945,31.360000610351562,23.49642562866211,23150300,0.0,0.0
2016-11-14 00:00:00-05:00,31.43000030517578,31.670000076293945,31.350000381469727,31.3700008392334,23.503917694091797,22917600,0.0,0.0
2016-11-15 00:00:00-05:00,31.270000457763672,31.850000381469727,31.270000457763672,31.700000762939453,23.75117301940918,24160200,0.0,0.0
2016-11-16 00:00:00-05:00,31.6200008392334,31.889999389648438,31.510000228881836,31.56999969482422,23.653764724731445,27097100,0.0,0.0
2016-11-17 00:00:00-05:00,29.90999984741211,30.049999237060547,29.610000610351562,30.049999237060547,22.514917373657227,75252300,0.0,0.0
2016-11-18 00:00:00-05:00,30.110000610351562,30.360000610351562,30.010000228881836,30.18000030517578,22.61231803894043,38748600,0.0,0.0
2016-11-21 00:00:00-05:00,30.299999237060547,30.329999923706055,30.010000228881836,30.049999237060547,22.514917373657227,27481700,0.0,0.0
2016-11-22 00:00:00-05:00,30.079999923706055,30.190000534057617,29.850000381469727,29.889999389648438,22.395034790039062,26769300,0.0,0.0
2016-11-23 00:00:00-05:00,29.829999923706055,29.950000762939453,29.559999465942383,29.709999084472656,22.260173797607422,24496800,0.0,0.0
2016-11-25 00:00:00-05:00,29.600000381469727,30.149999618530273,29.549999237060547,30.09000015258789,22.544879913330078,17678900,0.0,0.0
2016-11-28 00:00:00-05:00,30.079999923706055,30.09000015258789,29.81999969482422,29.920000076293945,22.41750717163086,21468900,0.0,0.0
2016-11-29 00:00:00-05:00,29.940000534057617,30.100000381469727,29.790000915527344,29.829999923706055,22.350078582763672,23553700,0.0,0.0
2016-11-30 00:00:00-05:00,29.760000228881836,29.950000762939453,29.68000030517578,29.81999969482422,22.342592239379883,26224900,0.0,0.0
2016-12-01 00:00:00-05:00,29.84000015258789,29.850000381469727,29.399999618530273,29.450000762939453,22.06536865234375,25996200,0.0,0.0
2016-12-02 00:00:00-05:00,29.309999465942383,29.559999465942383,29.1200008392334,29.25,21.915515899658203,27069500,0.0,0.0
2016-12-05 00:00:00-05:00,29.329999923706055,29.600000381469727,29.290000915527344,29.530000686645508,22.125303268432617,20865800,0.0,0.0
2016-12-06 00:00:00-05:00,29.420000076293945,29.59000015258789,29.239999771118164,29.329999923706055,21.975460052490234,27352100,0.0,0.0
2016-12-07 00:00:00-05:00,29.479999542236328,30.040000915527344,29.31999969482422,29.950000762939453,22.439992904663086,30180100,0.0,0.0
2016-12-08 00:00:00-05:00,30.110000610351562,30.329999923706055,29.920000076293945,29.950000762939453,22.439992904663086,21369900,0.0,0.0
2016-12-09 00:00:00-05:00,29.979999542236328,30.06999969482422,29.729999542236328,30.059999465942383,22.52240562438965,21362000,0.0,0.0
2016-12-12 00:00:00-05:00,30.079999923706055,30.200000762939453,30.030000686645508,30.170000076293945,22.604829788208008,17287800,0.0,0.0
2016-12-13 00:00:00-05:00,30.299999237060547,30.639999389648438,30.200000762939453,30.59000015258789,22.919506072998047,25052900,0.0,0.0
2016-12-14 00:00:00-05:00,30.600000381469727,31.06999969482422,30.40999984741211,30.459999084472656,22.822099685668945,27556000,0.0,0.0
2016-12-15 00:00:00-05:00,30.59000015258789,30.799999237060547,30.510000228881836,30.6299991607666,22.94947624206543,20914100,0.0,0.0
2016-12-16 00:00:00-05:00,30.700000762939453,30.719999313354492,30.270000457763672,30.59000015258789,22.919506072998047,45875500,0.0,0.0
2016-12-19 00:00:00-05:00,30.649999618530273,30.8700008392334,30.540000915527344,30.75,23.039384841918945,18178500,0.0,0.0
2016-12-20 00:00:00-05:00,30.829999923706055,30.8700008392334,30.459999084472656,30.559999465942383,22.89702796936035,17475200,0.0,0.0
2016-12-21 00:00:00-05:00,30.690000534057617,30.690000534057617,30.40999984741211,30.420000076293945,22.792137145996094,14488900,0.0,0.0
2016-12-22 00:00:00-05:00,30.399999618530273,30.479999542236328,30.25,30.459999084472656,22.822099685668945,12935800,0.0,0.0
2016-12-23 00:00:00-05:00,30.540000915527344,30.600000381469727,30.399999618530273,30.530000686645508,22.874555587768555,9167500,0.0,0.0
2016-12-27 00:00:00-05:00,30.639999389648438,30.81999969482422,30.600000381469727,30.68000030517578,22.986942291259766,14175500,0.0,0.0
2016-12-28 00:00:00-05:00,30.700000762939453,30.770000457763672,30.350000381469727,30.420000076293945,22.792137145996094,12022200,0.0,0.0
2016-12-29 00:00:00-05:00,30.3700008392334,30.549999237060547,30.329999923706055,30.459999084472656,22.822099685668945,10995600,0.0,0.0
2016-12-30 00:00:00-05:00,30.559999465942383,30.600000381469727,30.1299991607666,30.219999313354492,22.642282485961914,20190000,0.0,0.0
2017-01-03 00:00:00-05:00,30.3700008392334,30.559999465942383,30.209999084472656,30.540000915527344,22.882047653198242,22370600,0.0,0.0
2017-01-04 00:00:00-05:00,30.239999771118164,30.420000076293945,30.020000457763672,30.100000381469727,22.746023178100586,22281000,0.26,0.0
2017-01-05 00:00:00-05:00,30.100000381469727,30.360000610351562,30.06999969482422,30.170000076293945,22.798925399780273,18372500,0.0,0.0
2017-01-06 00:00:00-05:00,30.170000076293945,30.350000381469727,30.030000686645508,30.229999542236328,22.84425926208496,15923200,0.0,0.0
2017-01-09 00:00:00-05:00,30.219999313354492,30.329999923706055,30.079999923706055,30.18000030517578,22.806474685668945,17177800,0.0,0.0
2017-01-10 00:00:00-05:00,30.190000534057617,30.549999237060547,30.100000381469727,30.3799991607666,22.957612991333008,21046000,0.0,0.0
2017-01-11 00:00:00-05:00,30.329999923706055,30.40999984741211,30.030000686645508,30.149999618530273,22.78380584716797,22291300,0.0,0.0
2017-01-12 00:00:00-05:00,30.149999618530273,30.15999984741211,29.799999237060547,30.040000915527344,22.70068359375,18611100,0.0,0.0
2017-01-13 00:00:00-05:00,30.100000381469727,30.219999313354492,30.010000228881836,30.06999969482422,22.72334861755371,17136600,0.0,0.0
2017-01-17 00:00:00-05:00,30.0,30.25,29.84000015258789,29.989999771118164,22.66289710998535,21983500,0.0,0.0
2017-01-18 00:00:00-05:00,30.1200008392334,30.18000030517578,29.950000762939453,30.030000686645508,22.69312286376953,15724000,0.0,0.0
2017-01-19 00:00:00-05:00,30.010000228881836,30.190000534057617,29.920000076293945,29.979999542236328,22.655338287353516,16866000,0.0,0.0
2017-01-20 00:00:00-05:00,30.1200008392334,30.25,30.0,30.100000381469727,22.746023178100586,22754400,0.0,0.0
2017-01-23 00:00:00-05:00,30.139999389648438,30.299999237060547,30.09000015258789,30.270000457763672,22.874486923217773,17155300,0.0,0.0
2017-01-24 00:00:00-05:00,30.34000015258789,30.75,30.290000915527344,30.600000381469727,23.123863220214844,24934200,0.0,0.0
2017-01-25 00:00:00-05:00,31.040000915527344,31.049999237060547,30.649999618530273,30.700000762939453,23.199432373046875,23630500,0.0,0.0
2017-01-26 00:00:00-05:00,30.760000228881836,30.84000015258789,30.559999465942383,30.739999771118164,23.22965431213379,20116800,0.0,0.0
2017-01-27 00:00:00-05:00,30.760000228881836,30.979999542236328,30.6299991607666,30.979999542236328,23.41101837158203,18461900,0.0,0.0
2017-01-30 00:00:00-05:00,30.940000534057617,31.0,30.6299991607666,30.829999923706055,23.297664642333984,15481800,0.0,0.0
2017-01-31 00:00:00-05:00,30.68000030517578,30.889999389648438,30.579999923706055,30.719999313354492,23.214540481567383,16603100,0.0,0.0
2017-02-01 00:00:00-05:00,30.850000381469727,30.850000381469727,30.420000076293945,30.5,23.048297882080078,19504600,0.0,0.0
2017-02-02 00:00:00-05:00,30.690000534057617,31.260000228881836,30.530000686645508,31.18000030517578,23.56216049194336,27456700,0.0,0.0
2017-02-03 00:00:00-05:00,31.270000457763672,31.350000381469727,31.1200008392334,31.31999969482422,23.66795539855957,21288800,0.0,0.0
2017-02-06 00:00:00-05:00,31.290000915527344,31.309999465942383,31.1200008392334,31.299999237060547,23.652843475341797,16774200,0.0,0.0
2017-02-07 00:00:00-05:00,31.3799991607666,31.639999389648438,31.329999923706055,31.450000762939453,23.766191482543945,18420200,0.0,0.0
2017-02-08 00:00:00-05:00,31.459999084472656,31.549999237060547,31.25,31.270000457763672,23.630168914794922,20434300,0.0,0.0
2017-02-09 00:00:00-05:00,31.350000381469727,31.690000534057617,31.299999237060547,31.5,23.803972244262695,18706900,0.0,0.0
2017-02-10 00:00:00-05:00,31.479999542236328,31.6299991607666,31.239999771118164,31.510000228881836,23.81153678894043,21557700,0.0,0.0
2017-02-13 00:00:00-05:00,31.670000076293945,32.0,31.549999237060547,31.969999313354492,24.159151077270508,26518800,0.0,0.0
2017-02-14 00:00:00-05:00,31.899999618530273,32.310001373291016,31.770000457763672,32.310001373291016,24.416080474853516,31463500,0.0,0.0
2017-02-15 00:00:00-05:00,32.349998474121094,32.84000015258789,32.290000915527344,32.81999969482422,24.801477432250977,41169400,0.0,0.0
2017-02-16 00:00:00-05:00,33.2599983215332,33.970001220703125,33.25,33.599998474121094,25.390901565551758,50143700,0.0,0.0
2017-02-17 00:00:00-05:00,33.52000045776367,33.77000045776367,33.43000030517578,33.7400016784668,25.4967041015625,31841200,0.0,0.0
2017-02-21 00:00:00-05:00,33.689998626708984,34.209999084472656,33.65999984741211,34.130001068115234,25.791419982910156,26992700,0.0,0.0
2017-02-22 00:00:00-05:00,34.040000915527344,34.150001525878906,33.65999984741211,34.09000015258789,25.761188507080078,26632700,0.0,0.0
2017-02-23 00:00:00-05:00,34.279998779296875,34.279998779296875,33.95000076293945,34.040000915527344,25.723407745361328,17450100,0.0,0.0
2017-02-24 00:00:00-05:00,33.97999954223633,34.31999969482422,33.79999923706055,34.31999969482422,25.93500328063965,21137300,0.0,0.0
2017-02-27 00:00:00-05:00,34.209999084472656,34.31999969482422,34.119998931884766,34.2599983215332,25.889663696289062,15625400,0.0,0.0
2017-02-28 00:00:00-05:00,34.15999984741211,34.290000915527344,34.040000915527344,34.18000030517578,25.829208374023438,23093100,0.0,0.0
2017-03-01 00:00:00-05:00,34.279998779296875,34.5099983215332,34.18000030517578,34.439998626708984,26.02568244934082,22754200,0.0,0.0
2017-03-02 00:00:00-05:00,34.40999984741211,34.529998779296875,34.209999084472656,34.38999938964844,25.98790168762207,16137700,0.0,0.0
2017-03-03 00:00:00-05:00,34.41999816894531,34.439998626708984,34.22999954223633,34.290000915527344,25.91232681274414,14175000,0.0,0.0
2017-03-06 00:00:00-05:00,34.040000915527344,34.279998779296875,33.959999084472656,34.189998626708984,25.836759567260742,17605100,0.0,0.0
2017-03-07 00:00:00-05:00,34.0,34.25,33.9900016784668,34.20000076293945,25.84432029724121,21033700,0.0,0.0
2017-03-08 00:00:00-05:00,34.18000030517578,34.22999954223633,33.93000030517578,34.02000045776367,25.708297729492188,18686700,0.0,0.0
2017-03-09 00:00:00-05:00,34.040000915527344,34.11000061035156,33.869998931884766,34.06999969482422,25.746082305908203,17490200,0.0,0.0
2017-03-10 00:00:00-05:00,34.2400016784668,34.29999923706055,34.08000183105469,34.2599983215332,25.889663696289062,19038400,0.0,0.0
2017-03-13 00:00:00-04:00,34.220001220703125,34.33000183105469,34.0,34.099998474121094,25.76875114440918,16164800,0.0,0.0
2017-03-14 00:00:00-04:00,33.939998626708984,34.13999938964844,33.84000015258789,34.119998931884766,25.783859252929688,14578400,0.0,0.0
2017-03-15 00:00:00-04:00,34.06999969482422,34.349998474121094,34.04999923706055,34.2400016784668,25.874536514282227,14961700,0.0,0.0
2017-03-16 00:00:00-04:00,34.25,34.47999954223633,34.099998474121094,34.22999954223633,25.866992950439453,14521600,0.0,0.0
2017-03-17 00:00:00-04:00,34.349998474121094,34.380001068115234,34.189998626708984,34.22999954223633,25.866992950439453,26787200,0.0,0.0
2017-03-20 00:00:00-04:00,34.20000076293945,34.38999938964844,34.20000076293945,34.279998779296875,25.90477180480957,14974100,0.0,0.0
2017-03-21 00:00:00-04:00,34.45000076293945,34.470001220703125,33.779998779296875,33.880001068115234,25.60249900817871,21406000,0.0,0.0
2017-03-22 00:00:00-04:00,33.779998779296875,34.20000076293945,33.779998779296875,34.099998474121094,25.76875114440918,16646100,0.0,0.0
2017-03-23 00:00:00-04:00,34.08000183105469,34.2599983215332,33.90999984741211,33.959999084472656,25.662954330444336,16709300,0.0,0.0
2017-03-24 00:00:00-04:00,34.06999969482422,34.29999923706055,33.95000076293945,34.08000183105469,25.753637313842773,18125100,0.0,0.0
2017-03-27 00:00:00-04:00,33.81999969482422,34.029998779296875,33.75,33.9900016784668,25.685626983642578,17740600,0.0,0.0
2017-03-28 00:00:00-04:00,33.900001525878906,34.209999084472656,33.81999969482422,34.02000045776367,25.708297729492188,21179300,0.0,0.0
2017-03-29 00:00:00-04:00,34.0,34.04999923706055,33.650001525878906,33.7400016784668,25.4967041015625,16504100,0.0,0.0
2017-03-30 00:00:00-04:00,33.79999923706055,33.93000030517578,33.720001220703125,33.7400016784668,25.4967041015625,12801600,0.0,0.0
2017-03-31 00:00:00-04:00,33.720001220703125,33.880001068115234,33.65999984741211,33.79999923706055,25.54204750061035,14038500,0.0,0.0
2017-04-03 00:00:00-04:00,33.70000076293945,33.939998626708984,33.459999084472656,33.58000183105469,25.37579917907715,19367800,0.0,0.0
2017-04-04 00:00:00-04:00,33.25,33.41999816894531,32.93000030517578,33.40999984741211,25.467266082763672,18602600,0.29,0.0
2017-04-05 00:00:00-04:00,33.4900016784668,33.529998779296875,32.970001220703125,33.0,25.154735565185547,17572500,0.0,0.0
2017-04-06 00:00:00-04:00,33.0,33.279998779296875,32.88999938964844,33.08000183105469,25.215717315673828,15316800,0.0,0.0
2017-04-07 00:00:00-04:00,33.099998474121094,33.150001525878906,32.91999816894531,32.959999084472656,25.12424659729004,13942800,0.0,0.0
2017-04-10 00:00:00-04:00,32.959999084472656,33.220001220703125,32.869998931884766,33.0099983215332,25.16236114501953,14824100,0.0,0.0
2017-04-11 00:00:00-04:00,33.040000915527344,33.08000183105469,32.63999938964844,32.91999816894531,25.0937557220459,18945800,0.0,0.0
2017-04-12 00:00:00-04:00,32.86000061035156,32.959999084472656,32.5,32.619998931884766,24.865076065063477,25455100,0.0,0.0
2017-04-13 00:00:00-04:00,32.709999084472656,32.849998474121094,32.41999816894531,32.41999816894531,24.712627410888672,16234900,0.0,0.0
2017-04-17 00:00:00-04:00,32.47999954223633,32.66999816894531,32.45000076293945,32.61000061035156,24.857460021972656,11961200,0.0,0.0
2017-04-18 00:00:00-04:00,32.560001373291016,32.72999954223633,32.45000076293945,32.66999816894531,24.9031925201416,13349600,0.0,0.0
2017-04-19 00:00:00-04:00,32.79999923706055,32.88999938964844,32.61000061035156,32.650001525878906,24.8879451751709,16373800,0.0,0.0
2017-04-20 00:00:00-04:00,32.790000915527344,32.95000076293945,32.720001220703125,32.83000183105469,25.025156021118164,11927500,0.0,0.0
2017-04-21 00:00:00-04:00,32.939998626708984,32.939998626708984,32.66999816894531,32.81999969482422,25.017534255981445,13877700,0.0,0.0
2017-04-24 00:00:00-04:00,33.2400016784668,33.36000061035156,33.130001068115234,33.279998779296875,25.368179321289062,15400500,0.0,0.0
2017-04-25 00:00:00-04:00,33.38999938964844,33.52000045776367,33.349998474121094,33.41999816894531,25.474891662597656,15058800,0.0,0.0
2017-04-26 00:00:00-04:00,33.58000183105469,33.630001068115234,33.369998931884766,33.400001525878906,25.459653854370117,17949700,0.0,0.0
2017-04-27 00:00:00-04:00,34.0099983215332,34.11000061035156,33.619998931884766,33.75,25.726430892944336,26639000,0.0,0.0
2017-04-28 00:00:00-04:00,33.880001068115234,34.08000183105469,33.66999816894531,34.06999969482422,25.970365524291992,20461700,0.0,0.0
2017-05-01 00:00:00-04:00,34.11000061035156,34.13999938964844,33.810001373291016,33.970001220703125,25.894140243530273,13577300,0.0,0.0
2017-05-02 00:00:00-04:00,34.060001373291016,34.2400016784668,33.93000030517578,34.2400016784668,26.09994125366211,15983600,0.0,0.0
2017-05-03 00:00:00-04:00,34.15999984741211,34.34000015258789,34.119998931884766,34.25,26.107568740844727,14432200,0.0,0.0
2017-05-04 00:00:00-04:00,34.33000183105469,34.4900016784668,34.06999969482422,34.18000030517578,26.054214477539062,13638500,0.0,0.0
2017-05-05 00:00:00-04:00,34.25,34.400001525878906,34.06999969482422,34.38999938964844,26.214290618896484,15091800,0.0,0.0
2017-05-08 00:00:00-04:00,34.459999084472656,34.599998474121094,34.150001525878906,34.290000915527344,26.138059616088867,13232700,0.0,0.0
2017-05-09 00:00:00-04:00,34.13999938964844,34.2599983215332,33.84000015258789,33.900001525878906,25.84078025817871,18855900,0.0,0.0
2017-05-10 00:00:00-04:00,33.900001525878906,33.900001525878906,33.58000183105469,33.7400016784668,25.71881866455078,17481400,0.0,0.0
2017-05-11 00:00:00-04:00,33.720001220703125,33.81999969482422,33.47999954223633,33.630001068115234,25.634963989257812,17515600,0.0,0.0
2017-05-12 00:00:00-04:00,33.599998474121094,33.619998931884766,33.13999938964844,33.45000076293945,25.49775505065918,20194300,0.0,0.0
2017-05-15 00:00:00-04:00,34.0,34.459999084472656,33.970001220703125,34.22999954223633,26.092327117919922,31531000,0.0,0.0
2017-05-16 00:00:00-04:00,34.2400016784668,34.33000183105469,34.029998779296875,34.29999923706055,26.14568519592285,18950000,0.0,0.0
2017-05-17 00:00:00-04:00,34.20000076293945,34.310001373291016,33.79999923706055,33.81999969482422,25.779788970947266,38787800,0.0,0.0
2017-05-18 00:00:00-04:00,31.100000381469727,31.510000228881836,30.3700008392334,31.3799991607666,23.91986846923828,85500500,0.0,0.0
2017-05-19 00:00:00-04:00,31.739999771118164,31.780000686645508,31.020000457763672,31.209999084472656,23.790285110473633,39859200,0.0,0.0
2017-05-22 00:00:00-04:00,31.149999618530273,31.979999542236328,31.149999618530273,31.59000015258789,24.079944610595703,35085200,0.0,0.0
2017-05-23 00:00:00-04:00,31.829999923706055,31.8700008392334,31.520000457763672,31.760000228881836,24.209529876708984,29827500,0.0,0.0
2017-05-24 00:00:00-04:00,31.93000030517578,31.940000534057617,31.219999313354492,31.489999771118164,24.003721237182617,23446300,0.0,0.0
2017-05-25 00:00:00-04:00,31.549999237060547,31.690000534057617,31.3700008392334,31.440000534057617,23.965612411499023,21586500,0.0,0.0
2017-05-26 00:00:00-04:00,31.510000228881836,31.59000015258789,31.360000610351562,31.5,24.01133918762207,16403100,0.0,0.0
2017-05-30 00:00:00-04:00,31.399999618530273,31.809999465942383,31.389999389648438,31.68000030517578,24.1485538482666,17108300,0.0,0.0
2017-05-31 00:00:00-04:00,31.780000686645508,31.889999389648438,31.469999313354492,31.530000686645508,24.03421401977539,30196700,0.0,0.0
2017-06-01 00:00:00-04:00,31.520000457763672,31.81999969482422,31.469999313354492,31.81999969482422,24.255268096923828,15525500,0.0,0.0
2017-06-02 00:00:00-04:00,31.93000030517578,32.060001373291016,31.68000030517578,31.979999542236328,24.37723159790039,20085200,0.0,0.0
2017-06-05 00:00:00-04:00,32.04999923706055,32.04999923706055,31.56999969482422,31.760000228881836,24.209529876708984,15976000,0.0,0.0
2017-06-06 00:00:00-04:00,31.75,31.760000228881836,31.5,31.559999465942383,24.05707550048828,16186600,0.0,0.0
2017-06-07 00:00:00-04:00,31.610000610351562,31.719999313354492,31.440000534057617,31.610000610351562,24.095191955566406,14948400,0.0,0.0
2017-06-08 00:00:00-04:00,31.530000686645508,31.809999465942383,31.520000457763672,31.610000610351562,24.095191955566406,21828600,0.0,0.0
2017-06-09 00:00:00-04:00,31.639999389648438,31.829999923706055,31.09000015258789,31.3700008392334,23.91224479675293,25376600,0.0,0.0
2017-06-12 00:00:00-04:00,31.34000015258789,31.639999389648438,31.149999618530273,31.25,23.820775985717773,25784400,0.0,0.0
2017-06-13 00:00:00-04:00,31.299999237060547,31.799999237060547,31.280000686645508,31.700000762939453,24.163803100585938,27781000,0.0,0.0
2017-06-14 00:00:00-04:00,31.8700008392334,31.969999313354492,31.329999923706055,31.600000381469727,24.087570190429688,24940400,0.0,0.0
2017-06-15 00:00:00-04:00,31.25,31.639999389648438,31.219999313354492,31.579999923706055,24.072317123413086,19328000,0.0,0.0
2017-06-16 00:00:00-04:00,31.610000610351562,31.639999389648438,31.200000762939453,31.6299991607666,24.110437393188477,36367400,0.0,0.0
2017-06-19 00:00:00-04:00,31.770000457763672,32.02000045776367,31.579999923706055,31.989999771118164,24.384851455688477,18459200,0.0,0.0
2017-06-20 00:00:00-04:00,31.940000534057617,32.15999984741211,31.84000015258789,31.850000381469727,24.278133392333984,18190100,0.0,0.0
2017-06-21 00:00:00-04:00,31.729999542236328,31.8700008392334,31.510000228881836,31.84000015258789,24.2705135345459,20386100,0.0,0.0
2017-06-22 00:00:00-04:00,31.90999984741211,32.0,31.700000762939453,31.850000381469727,24.278133392333984,19436600,0.0,0.0
2017-06-23 00:00:00-04:00,31.850000381469727,32.29999923706055,31.75,32.09000015258789,24.461074829101562,25792200,0.0,0.0
2017-06-26 00:00:00-04:00,32.220001220703125,32.5,32.18000030517578,32.2400016784668,24.575416564941406,22175000,0.0,0.0
2017-06-27 00:00:00-04:00,32.09000015258789,32.2599983215332,31.760000228881836,31.760000228881836,24.209529876708984,23224200,0.0,0.0
2017-06-28 00:00:00-04:00,31.780000686645508,32.279998779296875,31.760000228881836,32.08000183105469,24.453460693359375,17732300,0.0,0.0
2017-06-29 00:00:00-04:00,31.790000915527344,32.029998779296875,31.25,31.40999984741211,23.94274139404297,27664500,0.0,0.0
2017-06-30 00:00:00-04:00,31.790000915527344,31.790000915527344,31.299999237060547,31.299999237060547,23.858890533447266,23604600,0.0,0.0
2017-07-03 00:00:00-04:00,31.09000015258789,31.639999389648438,31.030000686645508,31.329999923706055,23.881757736206055,14112100,0.0,0.0
2017-07-05 00:00:00-04:00,30.850000381469727,31.270000457763672,30.729999542236328,31.110000610351562,23.93561363220215,24270300,0.29,0.0
2017-07-06 00:00:00-04:00,30.989999771118164,31.020000457763672,30.670000076293945,30.719999313354492,23.635547637939453,20789100,0.0,0.0
2017-07-07 00:00:00-04:00,30.760000228881836,31.06999969482422,30.75,30.899999618530273,23.774044036865234,15860600,0.0,0.0
2017-07-10 00:00:00-04:00,30.8799991607666,31.09000015258789,30.81999969482422,30.979999542236328,23.835586547851562,15528800,0.0,0.0
2017-07-11 00:00:00-04:00,31.049999237060547,31.1200008392334,30.860000610351562,31.09000015258789,23.92022705078125,12806000,0.0,0.0
2017-07-12 00:00:00-04:00,31.25,31.440000534057617,31.149999618530273,31.15999984741211,23.97408676147461,18586200,0.0,0.0
2017-07-13 00:00:00-04:00,31.260000228881836,31.280000686645508,31.079999923706055,31.270000457763672,24.0587158203125,15934200,0.0,0.0
2017-07-14 00:00:00-04:00,31.3700008392334,31.450000762939453,31.270000457763672,31.420000076293945,24.17411994934082,13573100,0.0,0.0
2017-07-17 00:00:00-04:00,31.5,31.639999389648438,31.450000762939453,31.5,24.235671997070312,16427500,0.0,0.0
2017-07-18 00:00:00-04:00,31.40999984741211,31.510000228881836,31.170000076293945,31.510000228881836,24.24337387084961,15530700,0.0,0.0
2017-07-19 00:00:00-04:00,31.510000228881836,32.04999923706055,31.459999084472656,31.899999618530273,24.543428421020508,21567900,0.0,0.0
2017-07-20 00:00:00-04:00,31.90999984741211,32.04999923706055,31.760000228881836,31.860000610351562,24.51266098022461,16389500,0.0,0.0
2017-07-21 00:00:00-04:00,31.860000610351562,32.029998779296875,31.709999084472656,31.84000015258789,24.497268676757812,13973800,0.0,0.0
2017-07-24 00:00:00-04:00,31.860000610351562,31.93000030517578,31.65999984741211,31.860000610351562,24.51266098022461,15504100,0.0,0.0
2017-07-25 00:00:00-04:00,31.899999618530273,32.25,31.8799991607666,32.119998931884766,24.71269416809082,14990000,0.0,0.0
2017-07-26 00:00:00-04:00,32.119998931884766,32.22999954223633,31.510000228881836,31.65999984741211,24.358774185180664,21941500,0.0,0.0
2017-07-27 00:00:00-04:00,31.729999542236328,31.75,31.209999084472656,31.56999969482422,24.289531707763672,21437400,0.0,0.0
2017-07-28 00:00:00-04:00,31.450000762939453,31.600000381469727,31.260000228881836,31.520000457763672,24.251066207885742,15771000,0.0,0.0
2017-07-31 00:00:00-04:00,31.540000915527344,31.59000015258789,31.3700008392334,31.450000762939453,24.19720458984375,19256400,0.0,0.0
2017-08-01 00:00:00-04:00,31.59000015258789,31.65999984741211,31.43000030517578,31.649999618530273,24.35108184814453,12962800,0.0,0.0
2017-08-02 00:00:00-04:00,31.56999969482422,31.56999969482422,31.25,31.520000457763672,24.251066207885742,15845600,0.0,0.0
2017-08-03 00:00:00-04:00,31.59000015258789,31.719999313354492,31.43000030517578,31.559999465942383,24.281837463378906,14420800,0.0,0.0
2017-08-04 00:00:00-04:00,31.670000076293945,31.90999984741211,31.579999923706055,31.799999237060547,24.466489791870117,16929500,0.0,0.0
2017-08-07 00:00:00-04:00,31.790000915527344,31.8799991607666,31.690000534057617,31.84000015258789,24.497268676757812,11877400,0.0,0.0
2017-08-08 00:00:00-04:00,31.75,32.0,31.600000381469727,31.670000076293945,24.366470336914062,15375700,0.0,0.0
2017-08-09 00:00:00-04:00,31.549999237060547,31.68000030517578,31.360000610351562,31.6200008392334,24.3280029296875,16131300,0.0,0.0
2017-08-10 00:00:00-04:00,31.559999465942383,31.559999465942383,31.0,31.0,23.850980758666992,23517400,0.0,0.0
2017-08-11 00:00:00-04:00,31.229999542236328,31.549999237060547,31.040000915527344,31.469999313354492,24.21259117126465,20756600,0.0,0.0
2017-08-14 00:00:00-04:00,31.690000534057617,31.889999389648438,31.559999465942383,31.84000015258789,24.497268676757812,21761600,0.0,0.0
2017-08-15 00:00:00-04:00,31.850000381469727,32.209999084472656,31.84000015258789,32.09000015258789,24.68960952758789,25251500,0.0,0.0
2017-08-16 00:00:00-04:00,32.099998474121094,32.470001220703125,32.060001373291016,32.34000015258789,24.881959915161133,29052000,0.0,0.0
2017-08-17 00:00:00-04:00,31.489999771118164,31.770000457763672,30.850000381469727,31.040000915527344,23.881757736206055,53288800,0.0,0.0
2017-08-18 00:00:00-04:00,31.0,31.059999465942383,30.360000610351562,30.3700008392334,23.366270065307617,34802200,0.0,0.0
2017-08-21 00:00:00-04:00,30.3700008392334,30.799999237060547,30.360000610351562,30.68000030517578,23.60477638244629,24198400,0.0,0.0
2017-08-22 00:00:00-04:00,30.850000381469727,31.329999923706055,30.75,31.270000457763672,24.0587158203125,24747200,0.0,0.0
2017-08-23 00:00:00-04:00,31.209999084472656,31.399999618530273,30.90999984741211,30.920000076293945,23.789432525634766,22436600,0.0,0.0
2017-08-24 00:00:00-04:00,30.950000762939453,31.399999618530273,30.899999618530273,31.239999771118164,24.03563690185547,22576100,0.0,0.0
2017-08-25 00:00:00-04:00,31.389999389648438,31.799999237060547,31.360000610351562,31.440000534057617,24.189516067504883,19558300,0.0,0.0
2017-08-28 00:00:00-04:00,31.600000381469727,31.65999984741211,31.40999984741211,31.540000915527344,24.266448974609375,12958900,0.0,0.0
2017-08-29 00:00:00-04:00,31.260000228881836,31.6299991607666,31.190000534057617,31.479999542236328,24.220287322998047,16362700,0.0,0.0
2017-08-30 00:00:00-04:00,31.469999313354492,32.20000076293945,31.420000076293945,31.989999771118164,24.612674713134766,22988700,0.0,0.0
2017-08-31 00:00:00-04:00,32.099998474121094,32.34000015258789,31.989999771118164,32.209999084472656,24.781940460205078,27800200,0.0,0.0
2017-09-01 00:00:00-04:00,32.220001220703125,32.349998474121094,32.029998779296875,32.29999923706055,24.85118293762207,14686600,0.0,0.0
2017-09-05 00:00:00-04:00,32.150001525878906,32.2400016784668,31.459999084472656,31.6200008392334,24.3280029296875,32475500,0.0,0.0
2017-09-06 00:00:00-04:00,31.75,31.90999984741211,31.6299991607666,31.8700008392334,24.52035140991211,16962300,0.0,0.0
2017-09-07 00:00:00-04:00,31.959999084472656,31.969999313354492,31.739999771118164,31.760000228881836,24.435712814331055,14751700,0.0,0.0
2017-09-08 00:00:00-04:00,31.68000030517578,31.780000686645508,31.459999084472656,31.479999542236328,24.220287322998047,15339500,0.0,0.0
2017-09-11 00:00:00-04:00,31.709999084472656,32.29999923706055,31.670000076293945,32.189998626708984,24.766544342041016,22440800,0.0,0.0
2017-09-12 00:00:00-04:00,32.29999923706055,32.470001220703125,32.189998626708984,32.40999984741211,24.935819625854492,18923100,0.0,0.0
2017-09-13 00:00:00-04:00,32.34000015258789,32.38999938964844,31.959999084472656,32.18000030517578,24.758853912353516,22705100,0.0,0.0
2017-09-14 00:00:00-04:00,31.90999984741211,32.220001220703125,31.90999984741211,32.189998626708984,24.766544342041016,18194800,0.0,0.0
2017-09-15 00:00:00-04:00,32.20000076293945,32.5,32.119998931884766,32.439998626708984,24.958898544311523,29336100,0.0,0.0
2017-09-18 00:00:00-04:00,32.43000030517578,32.65999984741211,32.2599983215332,32.52000045776367,25.02046012878418,17290900,0.0,0.0
2017-09-19 00:00:00-04:00,32.459999084472656,32.650001525878906,32.400001525878906,32.4900016784668,24.997365951538086,12927700,0.0,0.0
2017-09-20 00:00:00-04:00,32.54999923706055,32.75,32.38999938964844,32.599998474121094,25.08199691772461,19865400,0.0,0.0
2017-09-21 00:00:00-04:00,32.720001220703125,32.900001525878906,32.5,32.70000076293945,25.1589412689209,19870000,0.0,0.0
2017-09-22 00:00:00-04:00,32.65999984741211,33.529998779296875,32.63999938964844,33.369998931884766,25.674423217773438,28234900,0.0,0.0
2017-09-25 00:00:00-04:00,33.310001373291016,33.84000015258789,33.20000076293945,33.720001220703125,25.943708419799805,32396900,0.0,0.0
2017-09-26 00:00:00-04:00,33.7599983215332,34.099998474121094,33.66999816894531,33.7599983215332,25.97449493408203,26138300,0.0,0.0
2017-09-27 00:00:00-04:00,33.779998779296875,33.91999816894531,33.29999923706055,33.47999954223633,25.75905990600586,22594600,0.0,0.0
2017-09-28 00:00:00-04:00,33.220001220703125,33.459999084472656,33.220001220703125,33.349998474121094,25.65903663635254,15496900,0.0,0.0
2017-09-29 00:00:00-04:00,33.310001373291016,33.66999816894531,33.2400016784668,33.630001068115234,25.874465942382812,14802700,0.0,0.0
2017-10-02 00:00:00-04:00,33.61000061035156,33.77000045776367,33.52000045776367,33.75,25.966787338256836,16555200,0.0,0.0
2017-10-03 00:00:00-04:00,33.720001220703125,33.900001525878906,33.61000061035156,33.849998474121094,26.043731689453125,13346900,0.0,0.0
2017-10-04 00:00:00-04:00,33.529998779296875,33.560001373291016,33.290000915527344,33.439998626708984,25.950607299804688,14652200,0.29,0.0
2017-10-05 00:00:00-04:00,33.58000183105469,33.66999816894531,33.40999984741211,33.59000015258789,26.067012786865234,14524800,0.0,0.0
2017-10-06 00:00:00-04:00,33.650001525878906,33.779998779296875,33.52000045776367,33.75,26.191173553466797,15464700,0.0,0.0
2017-10-09 00:00:00-04:00,33.77000045776367,33.88999938964844,33.61000061035156,33.7599983215332,26.198949813842773,8728400,0.0,0.0
2017-10-10 00:00:00-04:00,33.880001068115234,33.90999984741211,33.470001220703125,33.54999923706055,26.03597068786621,18011000,0.0,0.0
2017-10-11 00:00:00-04:00,33.380001068115234,33.630001068115234,33.25,33.59000015258789,26.067012786865234,12561400,0.0,0.0
2017-10-12 00:00:00-04:00,33.2599983215332,33.459999084472656,33.16999816894531,33.2599983215332,25.810922622680664,17905600,0.0,0.0
2017-10-13 00:00:00-04:00,33.400001525878906,33.56999969482422,33.31999969482422,33.470001220703125,25.973896026611328,13578800,0.0,0.0
2017-10-16 00:00:00-04:00,33.599998474121094,33.63999938964844,33.470001220703125,33.540000915527344,26.028215408325195,10509100,0.0,0.0
2017-10-17 00:00:00-04:00,33.59000015258789,33.66999816894531,33.459999084472656,33.599998474121094,26.07476234436035,9303100,0.0,0.0
2017-10-18 00:00:00-04:00,33.720001220703125,33.75,33.439998626708984,33.54999923706055,26.03597068786621,9971200,0.0,0.0
2017-10-19 00:00:00-04:00,33.5099983215332,33.88999938964844,33.45000076293945,33.75,26.191173553466797,13203100,0.0,0.0
2017-10-20 00:00:00-04:00,34.02000045776367,34.38999938964844,34.0099983215332,34.25,26.579200744628906,24361400,0.0,0.0
2017-10-23 00:00:00-04:00,34.45000076293945,34.68000030517578,34.27000045776367,34.349998474121094,26.65680503845215,22632000,0.0,0.0
2017-10-24 00:00:00-04:00,34.400001525878906,34.66999816894531,34.25,34.58000183105469,26.83528709411621,16280200,0.0,0.0
2017-10-25 00:00:00-04:00,34.72999954223633,34.72999954223633,34.15999984741211,34.29999923706055,26.618000030517578,17400900,0.0,0.0
2017-10-26 00:00:00-04:00,34.40999984741211,34.5099983215332,34.06999969482422,34.27000045776367,26.59471893310547,14616100,0.0,0.0
2017-10-27 00:00:00-04:00,34.150001525878906,34.619998931884766,34.09000015258789,34.43000030517578,26.718883514404297,20356600,0.0,0.0
2017-10-30 00:00:00-04:00,34.130001068115234,34.380001068115234,33.81999969482422,34.040000915527344,26.416231155395508,18345100,0.0,0.0
2017-10-31 00:00:00-04:00,33.97999954223633,34.2400016784668,33.959999084472656,34.150001525878906,26.501596450805664,13935100,0.0,0.0
2017-11-01 00:00:00-04:00,34.290000915527344,34.75,34.279998779296875,34.619998931884766,26.8663272857666,22051300,0.0,0.0
2017-11-02 00:00:00-04:00,34.54999923706055,34.63999938964844,34.15999984741211,34.209999084472656,26.548152923583984,19827600,0.0,0.0
2017-11-03 00:00:00-04:00,34.279998779296875,34.4900016784668,34.029998779296875,34.470001220703125,26.74992561340332,13414400,0.0,0.0
2017-11-06 00:00:00-05:00,34.369998931884766,34.560001373291016,34.2599983215332,34.40999984741211,26.7033634185791,12786900,0.0,0.0
2017-11-07 00:00:00-05:00,34.31999969482422,34.47999954223633,34.209999084472656,34.400001525878906,26.695600509643555,11332900,0.0,0.0
2017-11-08 00:00:00-05:00,34.310001373291016,34.5,34.119998931884766,34.5,26.773208618164062,13061300,0.0,0.0
2017-11-09 00:00:00-05:00,34.290000915527344,34.31999969482422,33.869998931884766,34.04999923706055,26.42399787902832,16785000,0.0,0.0
2017-11-10 00:00:00-05:00,34.060001373291016,34.09000015258789,33.66999816894531,33.9900016784668,26.377431869506836,19319400,0.0,0.0
2017-11-13 00:00:00-05:00,33.86000061035156,34.209999084472656,33.83000183105469,33.95000076293945,26.346385955810547,16441500,0.0,0.0
2017-11-14 00:00:00-05:00,33.86000061035156,34.15999984741211,33.79999923706055,34.040000915527344,26.416231155395508,17468500,0.0,0.0
2017-11-15 00:00:00-05:00,33.970001220703125,34.310001373291016,33.75,34.11000061035156,26.470556259155273,30829600,0.0,0.0
2017-11-16 00:00:00-05:00,36.040000915527344,36.66999816894531,35.83000183105469,35.880001068115234,27.844131469726562,61177100,0.0,0.0
2017-11-17 00:00:00-05:00,35.900001525878906,36.31999969482422,35.810001373291016,35.900001525878906,27.859651565551758,27988000,0.0,0.0
2017-11-20 00:00:00-05:00,35.93000030517578,36.540000915527344,35.93000030517578,36.5,28.325273513793945,26897800,0.0,0.0
2017-11-21 00:00:00-05:00,36.75,36.970001220703125,36.58000183105469,36.650001525878906,28.44167709350586,24146400,0.0,0.0
2017-11-22 00:00:00-05:00,36.70000076293945,36.720001220703125,36.36000061035156,36.45000076293945,28.286470413208008,17226400,0.0,0.0
2017-11-24 00:00:00-05:00,36.40999984741211,36.56999969482422,36.31999969482422,36.4900016784668,28.317516326904297,6155800,0.0,0.0
2017-11-27 00:00:00-05:00,36.5099983215332,37.09000015258789,36.5,36.869998931884766,28.61241340637207,20942200,0.0,0.0
2017-11-28 00:00:00-05:00,37.0,37.79999923706055,36.97999954223633,37.72999954223633,29.27979278564453,30966600,0.0,0.0
2017-11-29 00:00:00-05:00,37.75,38.029998779296875,37.22999954223633,37.47999954223633,29.085798263549805,36788600,0.0,0.0
2017-11-30 00:00:00-05:00,37.619998931884766,37.79999923706055,37.29999923706055,37.29999923706055,28.94610595703125,30749500,0.0,0.0
2017-12-01 00:00:00-05:00,37.09000015258789,37.65999984741211,36.72999954223633,37.599998474121094,29.178916931152344,26920900,0.0,0.0
2017-12-04 00:00:00-05:00,37.810001373291016,37.9900016784668,37.540000915527344,37.720001220703125,29.272045135498047,29414400,0.0,0.0
2017-12-05 00:00:00-05:00,37.7400016784668,37.81999969482422,37.16999816894531,37.310001373291016,28.95387077331543,23288200,0.0,0.0
2017-12-06 00:00:00-05:00,37.369998931884766,37.720001220703125,37.25,37.40999984741211,29.03145980834961,16581800,0.0,0.0
2017-12-07 00:00:00-05:00,37.2599983215332,37.779998779296875,37.2599983215332,37.400001525878906,29.023712158203125,17092000,0.0,0.0
2017-12-08 00:00:00-05:00,37.59000015258789,37.689998626708984,37.41999816894531,37.61000061035156,29.186677932739258,14044400,0.0,0.0
2017-12-11 00:00:00-05:00,37.59000015258789,38.040000915527344,37.56999969482422,37.959999084472656,29.458280563354492,16749500,0.0,0.0
2017-12-12 00:00:00-05:00,37.790000915527344,38.099998474121094,37.560001373291016,37.90999984741211,29.41948890686035,16658600,0.0,0.0
2017-12-13 00:00:00-05:00,38.09000015258789,38.369998931884766,38.0,38.150001525878906,29.60572624206543,20199500,0.0,0.0
2017-12-14 00:00:00-05:00,38.20000076293945,38.27000045776367,37.849998474121094,37.900001525878906,29.411727905273438,16738300,0.0,0.0
2017-12-15 00:00:00-05:00,38.0099983215332,38.279998779296875,37.70000076293945,38.189998626708984,29.63677215576172,47167700,0.0,0.0
2017-12-18 00:00:00-05:00,38.47999954223633,38.88999938964844,38.29999923706055,38.47999954223633,29.86182403564453,21591400,0.0,0.0
2017-12-19 00:00:00-05:00,38.65999984741211,38.86000061035156,38.279998779296875,38.29999923706055,29.722139358520508,19695200,0.0,0.0
2017-12-20 00:00:00-05:00,38.4900016784668,38.79999923706055,38.209999084472656,38.7400016784668,30.063596725463867,18939500,0.0,0.0
2017-12-21 00:00:00-05:00,38.880001068115234,38.9900016784668,38.4900016784668,38.529998779296875,29.900625228881836,16387500,0.0,0.0
2017-12-22 00:00:00-05:00,38.52000045776367,38.7400016784668,38.470001220703125,38.54999923706055,29.91614532470703,11441600,0.0,0.0
2017-12-26 00:00:00-05:00,38.54999923706055,38.68000030517578,38.36000061035156,38.47999954223633,29.86182403564453,8186100,0.0,0.0
2017-12-27 00:00:00-05:00,38.540000915527344,38.650001525878906,38.45000076293945,38.560001373291016,29.92391014099121,10543000,0.0,0.0
2017-12-28 00:00:00-05:00,38.72999954223633,38.72999954223633,38.45000076293945,38.59000015258789,29.947189331054688,8807700,0.0,0.0
2017-12-29 00:00:00-05:00,38.40999984741211,38.619998931884766,38.29999923706055,38.29999923706055,29.722139358520508,12583600,0.0,0.0
2018-01-02 00:00:00-05:00,38.66999816894531,38.95000076293945,38.43000030517578,38.86000061035156,30.156713485717773,20135700,0.0,0.0
2018-01-03 00:00:00-05:00,38.720001220703125,39.279998779296875,38.529998779296875,39.16999816894531,30.39729118347168,29536000,0.0,0.0
2018-01-04 00:00:00-05:00,39.04999923706055,39.540000915527344,38.93000030517578,38.9900016784668,30.483291625976562,20731400,0.29,0.0
2018-01-05 00:00:00-05:00,39.54999923706055,39.880001068115234,39.369998931884766,39.529998779296875,30.905473709106445,24588200,0.0,0.0
2018-01-08 00:00:00-05:00,39.52000045776367,39.959999084472656,39.349998474121094,39.939998626708984,31.226024627685547,16582000,0.0,0.0
2018-01-09 00:00:00-05:00,39.790000915527344,39.959999084472656,39.540000915527344,39.689998626708984,31.030559539794922,21449800,0.0,0.0
2018-01-10 00:00:00-05:00,39.650001525878906,40.2400016784668,39.630001068115234,39.90999984741211,31.202566146850586,19473000,0.0,0.0
2018-01-11 00:00:00-05:00,40.13999938964844,40.209999084472656,39.75,40.099998474121094,31.351106643676758,21685600,0.0,0.0
2018-01-12 00:00:00-05:00,40.220001220703125,40.93000030517578,40.04999923706055,40.869998931884766,31.95311737060547,23770500,0.0,0.0
2018-01-16 00:00:00-05:00,40.900001525878906,41.15999984741211,40.31999969482422,40.540000915527344,31.695117950439453,32845000,0.0,0.0
2018-01-17 00:00:00-05:00,40.84000015258789,41.31999969482422,40.709999084472656,41.20000076293945,32.21112060546875,24427100,0.0,0.0
2018-01-18 00:00:00-05:00,41.2400016784668,41.47999954223633,41.029998779296875,41.29999923706055,32.2892951965332,19610200,0.0,0.0
2018-01-19 00:00:00-05:00,41.279998779296875,41.52000045776367,41.099998474121094,41.290000915527344,32.28148651123047,24582000,0.0,0.0
2018-01-22 00:00:00-05:00,41.20000076293945,41.65999984741211,41.02000045776367,41.65999984741211,32.57075500488281,22995100,0.0,0.0
2018-01-23 00:00:00-05:00,41.540000915527344,42.130001068115234,41.540000915527344,42.099998474121094,32.914756774902344,23984500,0.0,0.0
2018-01-24 00:00:00-05:00,42.20000076293945,42.689998626708984,42.0099983215332,42.16999816894531,32.969478607177734,26696200,0.0,0.0
2018-01-25 00:00:00-05:00,42.27000045776367,42.470001220703125,41.81999969482422,41.900001525878906,32.758384704589844,19207500,0.0,0.0
2018-01-26 00:00:00-05:00,42.150001525878906,42.560001373291016,41.95000076293945,42.560001373291016,33.27439880371094,23380400,0.0,0.0
2018-01-29 00:00:00-05:00,42.29999923706055,42.97999954223633,42.29999923706055,42.849998474121094,33.501129150390625,23625900,0.0,0.0
2018-01-30 00:00:00-05:00,42.689998626708984,42.86000061035156,41.970001220703125,42.25,33.03203582763672,28993900,0.0,0.0
2018-01-31 00:00:00-05:00,41.97999954223633,42.0099983215332,41.349998474121094,41.540000915527344,32.47693634033203,36512100,0.0,0.0
2018-02-01 00:00:00-05:00,41.09000015258789,42.11000061035156,40.66999816894531,41.70000076293945,32.6020393371582,26148500,0.0,0.0
2018-02-02 00:00:00-05:00,41.5,41.95000076293945,40.869998931884766,40.93000030517578,32.000030517578125,27224200,0.0,0.0
2018-02-05 00:00:00-05:00,40.869998931884766,41.40999984741211,38.720001220703125,38.779998779296875,30.319114685058594,52399600,0.0,0.0
2018-02-06 00:00:00-05:00,38.33000183105469,40.310001373291016,37.349998474121094,40.16999816894531,31.405832290649414,55171600,0.0,0.0
2018-02-07 00:00:00-05:00,40.310001373291016,41.209999084472656,40.029998779296875,40.34000015258789,31.53874397277832,32690800,0.0,0.0
2018-02-08 00:00:00-05:00,40.439998626708984,40.7599983215332,38.720001220703125,38.77000045776367,30.311288833618164,42982100,0.0,0.0
2018-02-09 00:00:00-05:00,39.0,39.91999816894531,38.22999954223633,39.529998779296875,30.905473709106445,51304200,0.0,0.0
2018-02-12 00:00:00-05:00,40.52000045776367,40.90999984741211,40.22999954223633,40.599998474121094,31.74203109741211,38210700,0.0,0.0
2018-02-13 00:00:00-05:00,40.5,41.310001373291016,40.220001220703125,41.22999954223633,32.23457336425781,30999100,0.0,0.0
2018-02-14 00:00:00-05:00,41.040000915527344,42.2599983215332,40.9900016784668,42.09000015258789,32.906944274902344,43835900,0.0,0.0
2018-02-15 00:00:00-05:00,45.06999969482422,45.130001068115234,43.2599983215332,44.08000183105469,34.4627685546875,72267500,0.0,0.0
2018-02-16 00:00:00-05:00,43.88999938964844,45.09000015258789,43.790000915527344,44.33000183105469,34.658233642578125,39267500,0.0,0.0
2018-02-20 00:00:00-05:00,44.0,44.689998626708984,43.810001373291016,44.060001373291016,34.447139739990234,29006900,0.0,0.0
2018-02-21 00:00:00-05:00,44.11000061035156,44.41999816894531,43.279998779296875,43.310001373291016,33.86077117919922,28499200,0.0,0.0
2018-02-22 00:00:00-05:00,43.4900016784668,43.560001373291016,42.75,42.939998626708984,33.571495056152344,25887600,0.0,0.0
2018-02-23 00:00:00-05:00,43.369998931884766,44.040000915527344,42.91999816894531,44.0,34.40022277832031,25781400,0.0,0.0
2018-02-26 00:00:00-05:00,44.29999923706055,45.45000076293945,44.130001068115234,45.36000061035156,35.463504791259766,27771100,0.0,0.0
2018-02-27 00:00:00-05:00,45.40999984741211,45.61000061035156,44.619998931884766,45.040000915527344,35.21331787109375,27419300,0.0,0.0
2018-02-28 00:00:00-05:00,45.27000045776367,45.88999938964844,44.779998779296875,44.779998779296875,35.01005172729492,26885200,0.0,0.0
2018-03-01 00:00:00-05:00,44.68000030517578,45.0,43.349998474121094,43.79999923706055,34.243858337402344,32154300,0.0,0.0
2018-03-02 00:00:00-05:00,43.290000915527344,44.220001220703125,43.099998474121094,44.060001373291016,34.447139739990234,28848100,0.0,0.0
2018-03-05 00:00:00-05:00,43.91999816894531,44.77000045776367,43.70000076293945,44.52000045776367,34.806766510009766,22101700,0.0,0.0
2018-03-06 00:00:00-05:00,44.650001525878906,44.790000915527344,44.13999938964844,44.290000915527344,34.62694549560547,21930000,0.0,0.0
2018-03-07 00:00:00-05:00,44.029998779296875,44.38999938964844,43.79999923706055,44.20000076293945,34.556602478027344,22034400,0.0,0.0
2018-03-08 00:00:00-05:00,44.25,44.40999984741211,43.939998626708984,44.34000015258789,34.66603469848633,20285600,0.0,0.0
2018-03-09 00:00:00-05:00,44.619998931884766,45.540000915527344,44.61000061035156,45.369998931884766,35.471317291259766,22230900,0.0,0.0
2018-03-12 00:00:00-04:00,45.529998779296875,45.869998931884766,45.400001525878906,45.54999923706055,35.612064361572266,18299800,0.0,0.0
2018-03-13 00:00:00-04:00,45.779998779296875,46.15999984741211,44.91999816894531,45.15999984741211,35.30714416503906,23411200,0.0,0.0
2018-03-14 00:00:00-04:00,45.34000015258789,45.7599983215332,45.09000015258789,45.279998779296875,35.40096664428711,21141100,0.0,0.0
2018-03-15 00:00:00-04:00,45.29999923706055,45.7400016784668,45.119998931884766,45.33000183105469,35.44004821777344,23520400,0.0,0.0
2018-03-16 00:00:00-04:00,45.33000183105469,45.599998474121094,44.970001220703125,45.0099983215332,35.18986892700195,56129000,0.0,0.0
2018-03-19 00:00:00-04:00,44.59000015258789,44.81999969482422,43.900001525878906,44.27000045776367,34.6113166809082,26734100,0.0,0.0
2018-03-20 00:00:00-04:00,44.4900016784668,44.63999938964844,44.18000030517578,44.369998931884766,34.68950271606445,22809700,0.0,0.0
2018-03-21 00:00:00-04:00,44.2400016784668,44.900001525878906,44.130001068115234,44.310001373291016,34.64259338378906,22528200,0.0,0.0
2018-03-22 00:00:00-04:00,43.7599983215332,44.02000045776367,43.02000045776367,43.06999969482422,33.673126220703125,29520800,0.0,0.0
2018-03-23 00:00:00-04:00,43.709999084472656,43.84000015258789,42.41999816894531,42.41999816894531,33.16494369506836,31759200,0.0,0.0
2018-03-26 00:00:00-04:00,43.25,44.15999984741211,42.83000183105469,44.060001373291016,34.447139739990234,29731900,0.0,0.0
2018-03-27 00:00:00-04:00,44.4900016784668,44.52000045776367,42.2400016784668,42.68000030517578,33.36822509765625,30942000,0.0,0.0
2018-03-28 00:00:00-04:00,42.5099983215332,42.84000015258789,41.619998931884766,41.65999984741211,32.57075500488281,36696800,0.0,0.0
2018-03-29 00:00:00-04:00,41.939998626708984,42.93000030517578,41.58000183105469,42.88999938964844,33.532405853271484,55021200,0.0,0.0
2018-04-02 00:00:00-04:00,42.52000045776367,42.630001068115234,40.529998779296875,41.0099983215332,32.06257247924805,36791800,0.0,0.0
2018-04-03 00:00:00-04:00,41.34000015258789,41.5,40.720001220703125,41.380001068115234,32.35184860229492,28003900,0.0,0.0
2018-04-04 00:00:00-04:00,40.38999938964844,41.54999923706055,40.189998626708984,41.20000076293945,32.470062255859375,30117600,0.33,0.0
2018-04-05 00:00:00-04:00,41.5,42.02000045776367,41.380001068115234,41.81999969482422,32.95869445800781,29331600,0.0,0.0
2018-04-06 00:00:00-04:00,41.400001525878906,41.68000030517578,40.45000076293945,40.72999954223633,32.099647521972656,32208700,0.0,0.0
2018-04-09 00:00:00-04:00,40.95000076293945,42.060001373291016,40.900001525878906,41.16999816894531,32.44641876220703,25725800,0.0,0.0
2018-04-10 00:00:00-04:00,42.099998474121094,42.709999084472656,41.75,42.5099983215332,33.50248336791992,22724400,0.0,0.0
2018-04-11 00:00:00-04:00,42.41999816894531,42.900001525878906,42.2599983215332,42.43000030517578,33.4394416809082,21693000,0.0,0.0
2018-04-12 00:00:00-04:00,42.779998779296875,43.63999938964844,42.72999954223633,43.34000015258789,34.156620025634766,22297000,0.0,0.0
2018-04-13 00:00:00-04:00,43.54999923706055,43.7400016784668,42.63999938964844,43.0,33.88865280151367,18272300,0.0,0.0
2018-04-16 00:00:00-04:00,43.119998931884766,43.63999938964844,43.029998779296875,43.29999923706055,34.12508773803711,15807900,0.0,0.0
2018-04-17 00:00:00-04:00,43.849998474121094,44.75,43.709999084472656,44.59000015258789,35.141746520996094,21474600,0.0,0.0
2018-04-18 00:00:00-04:00,44.61000061035156,44.91999816894531,44.29999923706055,44.630001068115234,35.173282623291016,17605300,0.0,0.0
2018-04-19 00:00:00-04:00,44.41999816894531,44.95000076293945,44.380001068115234,44.560001373291016,35.11810302734375,21472300,0.0,0.0
2018-04-20 00:00:00-04:00,44.5,44.75,43.619998931884766,44.09000015258789,34.74769592285156,23539200,0.0,0.0
2018-04-23 00:00:00-04:00,44.2599983215332,44.47999954223633,43.869998931884766,44.25,34.87379455566406,20716800,0.0,0.0
2018-04-24 00:00:00-04:00,44.43000030517578,44.90999984741211,43.33000183105469,43.7400016784668,34.47186279296875,21421500,0.0,0.0
2018-04-25 00:00:00-04:00,43.79999923706055,43.9900016784668,42.75,43.709999084472656,34.44821548461914,21706000,0.0,0.0
2018-04-26 00:00:00-04:00,43.97999954223633,44.4900016784668,43.439998626708984,44.209999084472656,34.842281341552734,20549300,0.0,0.0
2018-04-27 00:00:00-04:00,44.689998626708984,45.34000015258789,44.36000061035156,44.709999084472656,35.236328125,20077400,0.0,0.0
2018-04-30 00:00:00-04:00,44.91999816894531,45.18000030517578,44.279998779296875,44.290000915527344,34.90531921386719,19958500,0.0,0.0
2018-05-01 00:00:00-04:00,43.90999984741211,44.95000076293945,43.83000183105469,44.83000183105469,35.33089828491211,16865500,0.0,0.0
2018-05-02 00:00:00-04:00,44.90999984741211,45.04999923706055,43.79999923706055,43.86000061035156,34.56642150878906,23601600,0.0,0.0
2018-05-03 00:00:00-04:00,44.0099983215332,44.810001373291016,43.439998626708984,44.439998626708984,35.02353286743164,23750200,0.0,0.0
2018-05-04 00:00:00-04:00,44.0099983215332,45.5,43.900001525878906,45.29999923706055,35.70130157470703,19504100,0.0,0.0
2018-05-07 00:00:00-04:00,45.36000061035156,46.0,45.29999923706055,45.72999954223633,36.04018783569336,17822400,0.0,0.0
2018-05-08 00:00:00-04:00,45.81999969482422,45.869998931884766,45.380001068115234,45.709999084472656,36.02442932128906,20285300,0.0,0.0
2018-05-09 00:00:00-04:00,45.900001525878906,46.099998474121094,45.189998626708984,46.040000915527344,36.28450393676758,20438300,0.0,0.0
2018-05-10 00:00:00-04:00,46.0,46.369998931884766,45.66999816894531,46.29999923706055,36.48940658569336,18469400,0.0,0.0
2018-05-11 00:00:00-04:00,46.09000015258789,46.27000045776367,45.779998779296875,45.93000030517578,36.19780349731445,17551500,0.0,0.0
2018-05-14 00:00:00-04:00,45.75,46.22999954223633,45.66999816894531,45.70000076293945,36.016563415527344,22037700,0.0,0.0
2018-05-15 00:00:00-04:00,45.209999084472656,45.54999923706055,44.93000030517578,45.47999954223633,35.84317398071289,24753600,0.0,0.0
2018-05-16 00:00:00-04:00,45.36000061035156,45.54999923706055,45.0099983215332,45.15999984741211,35.59097671508789,31253700,0.0,0.0
2018-05-17 00:00:00-04:00,43.130001068115234,44.15999984741211,43.02000045776367,43.459999084472656,34.25118637084961,48210400,0.0,0.0
2018-05-18 00:00:00-04:00,43.459999084472656,43.56999969482422,43.11000061035156,43.209999084472656,34.054161071777344,24456000,0.0,0.0
2018-05-21 00:00:00-04:00,43.4900016784668,43.939998626708984,43.41999816894531,43.75,34.479736328125,21785900,0.0,0.0
2018-05-22 00:00:00-04:00,43.790000915527344,43.90999984741211,43.47999954223633,43.650001525878906,34.40092849731445,16381800,0.0,0.0
2018-05-23 00:00:00-04:00,43.400001525878906,43.70000076293945,42.88999938964844,43.68000030517578,34.4245719909668,20638800,0.0,0.0
2018-05-24 00:00:00-04:00,43.599998474121094,43.970001220703125,43.0099983215332,43.56999969482422,34.33787536621094,18377500,0.0,0.0
2018-05-25 00:00:00-04:00,43.459999084472656,43.619998931884766,43.209999084472656,43.2599983215332,34.09355545043945,15362000,0.0,0.0
2018-05-29 00:00:00-04:00,42.7599983215332,43.15999984741211,42.52000045776367,42.970001220703125,33.86501693725586,25197400,0.0,0.0
2018-05-30 00:00:00-04:00,43.08000183105469,43.34000015258789,42.83000183105469,42.849998474121094,33.77044677734375,22498800,0.0,0.0
2018-05-31 00:00:00-04:00,42.86000061035156,43.130001068115234,42.61000061035156,42.709999084472656,33.660099029541016,31439600,0.0,0.0
2018-06-01 00:00:00-04:00,42.90999984741211,43.689998626708984,42.880001068115234,43.65999984741211,34.408809661865234,18352700,0.0,0.0
2018-06-04 00:00:00-04:00,43.5,43.83000183105469,43.209999084472656,43.58000183105469,34.34575653076172,18087700,0.0,0.0
2018-06-05 00:00:00-04:00,43.7400016784668,43.75,43.38999938964844,43.66999816894531,34.41668701171875,16728800,0.0,0.0
2018-06-06 00:00:00-04:00,43.7599983215332,44.310001373291016,43.65999984741211,44.2599983215332,34.881675720214844,17730200,0.0,0.0
2018-06-07 00:00:00-04:00,44.2400016784668,44.38999938964844,43.349998474121094,43.650001525878906,34.40092849731445,19722000,0.0,0.0
2018-06-08 00:00:00-04:00,43.52000045776367,43.72999954223633,43.310001373291016,43.47999954223633,34.26695251464844,18812400,0.0,0.0
2018-06-11 00:00:00-04:00,43.619998931884766,43.91999816894531,43.439998626708984,43.689998626708984,34.43245315551758,15069000,0.0,0.0
2018-06-12 00:00:00-04:00,43.68000030517578,43.95000076293945,43.470001220703125,43.939998626708984,34.62948226928711,17564900,0.0,0.0
2018-06-13 00:00:00-04:00,44.02000045776367,44.529998779296875,43.84000015258789,44.0099983215332,34.68464660644531,24383200,0.0,0.0
2018-06-14 00:00:00-04:00,44.22999954223633,44.810001373291016,44.04999923706055,44.689998626708984,35.220550537109375,24020500,0.0,0.0
2018-06-15 00:00:00-04:00,44.36000061035156,44.529998779296875,43.59000015258789,44.25,34.87379455566406,49379800,0.0,0.0
2018-06-18 00:00:00-04:00,43.869998931884766,44.41999816894531,43.38999938964844,44.209999084472656,34.842281341552734,17625400,0.0,0.0
2018-06-19 00:00:00-04:00,43.619998931884766,44.02000045776367,43.439998626708984,43.81999969482422,34.534912109375,22199200,0.0,0.0
2018-06-20 00:00:00-04:00,43.95000076293945,43.9900016784668,43.70000076293945,43.7400016784668,34.47186279296875,21276500,0.0,0.0
2018-06-21 00:00:00-04:00,43.689998626708984,43.779998779296875,43.060001373291016,43.15999984741211,34.01475143432617,20924400,0.0,0.0
2018-06-22 00:00:00-04:00,43.34000015258789,43.45000076293945,42.88999938964844,43.20000076293945,34.0462760925293,27460000,0.0,0.0
2018-06-25 00:00:00-04:00,42.689998626708984,42.81999969482422,41.810001373291016,42.290000915527344,33.329097747802734,28626700,0.0,0.0
2018-06-26 00:00:00-04:00,42.47999954223633,43.13999938964844,42.38999938964844,42.54999923706055,33.53400802612305,22171200,0.0,0.0
2018-06-27 00:00:00-04:00,42.72999954223633,43.150001525878906,42.279998779296875,42.33000183105469,33.360618591308594,20794800,0.0,0.0
2018-06-28 00:00:00-04:00,42.33000183105469,43.189998626708984,42.279998779296875,42.939998626708984,33.841373443603516,22197700,0.0,0.0
2018-06-29 00:00:00-04:00,43.04999923706055,43.5,42.970001220703125,43.029998779296875,33.91230010986328,20522900,0.0,0.0
2018-07-02 00:00:00-04:00,42.560001373291016,42.83000183105469,42.20000076293945,42.810001373291016,33.73892593383789,21810900,0.0,0.0
2018-07-03 00:00:00-04:00,42.939998626708984,43.22999954223633,42.619998931884766,42.66999816894531,33.62858200073242,13474700,0.0,0.0
2018-07-05 00:00:00-04:00,42.560001373291016,42.63999938964844,41.959999084472656,42.560001373291016,33.80331802368164,18118700,0.33,0.0
2018-07-06 00:00:00-04:00,42.38999938964844,42.880001068115234,42.310001373291016,42.709999084472656,33.92245101928711,20258300,0.0,0.0
2018-07-09 00:00:00-04:00,42.75,42.779998779296875,42.36000061035156,42.66999816894531,33.890682220458984,23210000,0.0,0.0
2018-07-10 00:00:00-04:00,42.869998931884766,43.040000915527344,42.709999084472656,42.86000061035156,34.04159927368164,20224600,0.0,0.0
2018-07-11 00:00:00-04:00,42.560001373291016,42.7599983215332,42.439998626708984,42.56999969482422,33.81126403808594,17721600,0.0,0.0
2018-07-12 00:00:00-04:00,42.7599983215332,43.630001068115234,42.75,43.58000183105469,34.61344528198242,17999500,0.0,0.0
2018-07-13 00:00:00-04:00,43.52000045776367,43.779998779296875,40.939998626708984,41.779998779296875,33.183807373046875,50831300,0.0,0.0
2018-07-16 00:00:00-04:00,42.04999923706055,42.939998626708984,42.0,42.5,33.75566101074219,24468000,0.0,0.0
2018-07-17 00:00:00-04:00,42.209999084472656,42.5099983215332,42.13999938964844,42.34000015258789,33.62858200073242,21188400,0.0,0.0
2018-07-18 00:00:00-04:00,42.2400016784668,42.470001220703125,42.150001525878906,42.209999084472656,33.52532958984375,20364000,0.0,0.0
2018-07-19 00:00:00-04:00,42.79999923706055,43.0099983215332,42.220001220703125,42.400001525878906,33.67623519897461,24498800,0.0,0.0
2018-07-20 00:00:00-04:00,42.2599983215332,42.369998931884766,41.86000061035156,42.0099983215332,33.366485595703125,20732100,0.0,0.0
2018-07-23 00:00:00-04:00,41.91999816894531,42.119998931884766,41.439998626708984,42.060001373291016,33.40619659423828,15656500,0.0,0.0
2018-07-24 00:00:00-04:00,42.220001220703125,42.880001068115234,42.06999969482422,42.38999938964844,33.66828918457031,17493900,0.0,0.0
2018-07-25 00:00:00-04:00,42.36000061035156,43.220001220703125,42.290000915527344,43.15999984741211,34.27986526489258,20658300,0.0,0.0
2018-07-26 00:00:00-04:00,43.58000183105469,43.83000183105469,43.220001220703125,43.529998779296875,34.5737419128418,23518700,0.0,0.0
2018-07-27 00:00:00-04:00,43.2599983215332,43.619998931884766,42.41999816894531,42.56999969482422,33.81126403808594,22050900,0.0,0.0
2018-07-30 00:00:00-04:00,42.459999084472656,42.61000061035156,42.08000183105469,42.16999816894531,33.4935417175293,15300400,0.0,0.0
2018-07-31 00:00:00-04:00,42.2400016784668,42.619998931884766,41.91999816894531,42.290000915527344,33.588863372802734,20900300,0.0,0.0
2018-08-01 00:00:00-04:00,41.9900016784668,42.34000015258789,41.33000183105469,41.86000061035156,33.247352600097656,21650000,0.0,0.0
2018-08-02 00:00:00-04:00,41.38999938964844,42.599998474121094,41.20000076293945,42.529998779296875,33.77949523925781,18033200,0.0,0.0
2018-08-03 00:00:00-04:00,42.709999084472656,42.880001068115234,42.459999084472656,42.83000183105469,34.01776885986328,13394300,0.0,0.0
2018-08-06 00:00:00-04:00,42.72999954223633,43.40999984741211,42.65999984741211,43.29999923706055,34.39106369018555,14345800,0.0,0.0
2018-08-07 00:00:00-04:00,43.29999923706055,43.63999938964844,43.2400016784668,43.58000183105469,34.61344528198242,18040500,0.0,0.0
2018-08-08 00:00:00-04:00,43.63999938964844,43.959999084472656,43.439998626708984,43.84000015258789,34.81996154785156,13917100,0.0,0.0
2018-08-09 00:00:00-04:00,43.88999938964844,44.11000061035156,43.70000076293945,43.779998779296875,34.772300720214844,14098900,0.0,0.0
2018-08-10 00:00:00-04:00,43.689998626708984,43.95000076293945,43.58000183105469,43.779998779296875,34.772300720214844,14322100,0.0,0.0
2018-08-13 00:00:00-04:00,44.08000183105469,44.38999938964844,43.70000076293945,43.75,34.74846649169922,18113200,0.0,0.0
2018-08-14 00:00:00-04:00,43.84000015258789,44.279998779296875,43.58000183105469,44.0,34.94704055786133,15981300,0.0,0.0
2018-08-15 00:00:00-04:00,43.65999984741211,44.5,43.0099983215332,43.86000061035156,34.83583450317383,27902200,0.0,0.0
2018-08-16 00:00:00-04:00,45.77000045776367,46.09000015258789,45.08000183105469,45.15999984741211,35.868370056152344,48648500,0.0,0.0
2018-08-17 00:00:00-04:00,45.099998474121094,46.08000183105469,44.91999816894531,45.869998931884766,36.432289123535156,23153900,0.0,0.0
2018-08-20 00:00:00-04:00,45.9900016784668,46.33000183105469,45.779998779296875,46.220001220703125,36.710269927978516,19288500,0.0,0.0
2018-08-21 00:00:00-04:00,46.25,46.43000030517578,45.720001220703125,45.779998779296875,36.36079788208008,18617300,0.0,0.0
2018-08-22 00:00:00-04:00,45.95000076293945,46.15999984741211,45.720001220703125,45.9900016784668,36.52759552001953,13202900,0.0,0.0
2018-08-23 00:00:00-04:00,45.880001068115234,46.25,45.849998474121094,46.02000045776367,36.55142593383789,15379000,0.0,0.0
2018-08-24 00:00:00-04:00,46.20000076293945,46.439998626708984,46.06999969482422,46.31999969482422,36.78969955444336,15575200,0.0,0.0
2018-08-27 00:00:00-04:00,46.5,46.86000061035156,46.34000015258789,46.59000015258789,37.0041389465332,17209900,0.0,0.0
2018-08-28 00:00:00-04:00,46.779998779296875,47.27000045776367,46.619998931884766,46.95000076293945,37.29009246826172,19147300,0.0,0.0
2018-08-29 00:00:00-04:00,47.06999969482422,47.619998931884766,46.900001525878906,47.47999954223633,37.71103286743164,20220600,0.0,0.0
2018-08-30 00:00:00-04:00,47.310001373291016,47.540000915527344,46.970001220703125,47.150001525878906,37.44892120361328,16238500,0.0,0.0
2018-08-31 00:00:00-04:00,46.90999984741211,47.83000183105469,46.79999923706055,47.77000045776367,37.94136428833008,24904200,0.0,0.0
2018-09-04 00:00:00-04:00,47.84000015258789,48.060001373291016,47.5099983215332,47.72999954223633,37.90958786010742,19122200,0.0,0.0
2018-09-05 00:00:00-04:00,47.560001373291016,47.650001525878906,46.7599983215332,47.27000045776367,37.54423904418945,20818100,0.0,0.0
2018-09-06 00:00:00-04:00,47.439998626708984,47.900001525878906,47.06999969482422,47.279998779296875,37.552181243896484,16537600,0.0,0.0
2018-09-07 00:00:00-04:00,47.0099983215332,47.4900016784668,46.880001068115234,47.04999923706055,37.36949920654297,17229700,0.0,0.0
2018-09-10 00:00:00-04:00,47.29999923706055,47.459999084472656,46.779998779296875,47.06999969482422,37.385398864746094,16597200,0.0,0.0
2018-09-11 00:00:00-04:00,46.90999984741211,47.16999816894531,46.439998626708984,47.029998779296875,37.35361099243164,17291500,0.0,0.0
2018-09-12 00:00:00-04:00,46.86000061035156,47.0099983215332,46.439998626708984,46.88999938964844,37.2424201965332,16649400,0.0,0.0
2018-09-13 00:00:00-04:00,46.84000015258789,47.400001525878906,46.79999923706055,47.2400016784668,37.52041244506836,17972100,0.0,0.0
2018-09-14 00:00:00-04:00,47.27000045776367,47.4900016784668,47.099998474121094,47.400001525878906,37.647499084472656,13937000,0.0,0.0
2018-09-17 00:00:00-04:00,47.22999954223633,47.58000183105469,47.06999969482422,47.11000061035156,37.41715621948242,14430200,0.0,0.0
2018-09-18 00:00:00-04:00,47.06999969482422,47.650001525878906,47.06999969482422,47.459999084472656,37.69514846801758,16469600,0.0,0.0
2018-09-19 00:00:00-04:00,47.41999816894531,47.619998931884766,47.119998931884766,47.279998779296875,37.552181243896484,12721900,0.0,0.0
2018-09-20 00:00:00-04:00,47.40999984741211,47.810001373291016,47.15999984741211,47.72999954223633,37.90958786010742,17007800,0.0,0.0
2018-09-21 00:00:00-04:00,47.93000030517578,48.63999938964844,47.81999969482422,48.560001373291016,38.568817138671875,59664600,0.0,0.0
2018-09-24 00:00:00-04:00,48.209999084472656,48.619998931884766,48.189998626708984,48.439998626708984,38.47350311279297,21819300,0.0,0.0
2018-09-25 00:00:00-04:00,48.56999969482422,48.880001068115234,48.43000030517578,48.470001220703125,38.497344970703125,15810800,0.0,0.0
2018-09-26 00:00:00-04:00,48.7400016784668,49.060001373291016,48.27000045776367,48.40999984741211,38.4496955871582,20080100,0.0,0.0
2018-09-27 00:00:00-04:00,48.33000183105469,48.7599983215332,48.209999084472656,48.33000183105469,38.386146545410156,15910100,0.0,0.0
2018-09-28 00:00:00-04:00,48.27000045776367,48.79999923706055,48.060001373291016,48.650001525878906,38.64030456542969,15474300,0.0,0.0
2018-10-01 00:00:00-04:00,49.0,49.13999938964844,48.66999816894531,48.869998931884766,38.815040588378906,13669500,0.0,0.0
2018-10-02 00:00:00-04:00,48.75,49.13999938964844,48.66999816894531,49.0099983215332,38.926231384277344,15671600,0.0,0.0
2018-10-03 00:00:00-04:00,49.2599983215332,49.470001220703125,49.06999969482422,49.13999938964844,39.02949142456055,16737500,0.0,0.0
2018-10-04 00:00:00-04:00,48.630001068115234,48.77000045776367,48.040000915527344,48.380001068115234,38.6856575012207,22110900,0.33,0.0
2018-10-05 00:00:00-04:00,48.400001525878906,48.849998474121094,47.61000061035156,48.130001068115234,38.485740661621094,19103300,0.0,0.0
2018-10-08 00:00:00-04:00,47.91999816894531,48.5,47.150001525878906,47.52000045776367,37.99797821044922,23791400,0.0,0.0
2018-10-09 00:00:00-04:00,47.529998779296875,48.029998779296875,47.279998779296875,47.4900016784668,37.9739875793457,17008400,0.0,0.0
2018-10-10 00:00:00-04:00,47.439998626708984,47.5099983215332,45.540000915527344,45.630001068115234,36.48668670654297,33055800,0.0,0.0
2018-10-11 00:00:00-04:00,45.459999084472656,45.599998474121094,43.91999816894531,44.119998931884766,35.279266357421875,36496300,0.0,0.0
2018-10-12 00:00:00-04:00,44.93000030517578,45.849998474121094,44.459999084472656,45.709999084472656,36.55066680908203,35424000,0.0,0.0
2018-10-15 00:00:00-04:00,45.52000045776367,45.720001220703125,44.66999816894531,44.66999816894531,35.719058990478516,26160500,0.0,0.0
2018-10-16 00:00:00-04:00,45.290000915527344,45.939998626708984,44.849998474121094,45.81999969482422,36.63862228393555,22669400,0.0,0.0
2018-10-17 00:00:00-04:00,45.88999938964844,46.22999954223633,45.220001220703125,45.939998626708984,36.73457717895508,17803400,0.0,0.0
2018-10-18 00:00:00-04:00,46.29999923706055,46.4900016784668,45.150001525878906,45.459999084472656,36.350765228271484,19044600,0.0,0.0
2018-10-19 00:00:00-04:00,45.400001525878906,46.20000076293945,45.130001068115234,45.34000015258789,36.25481414794922,21356300,0.0,0.0
2018-10-22 00:00:00-04:00,45.77000045776367,46.279998779296875,45.40999984741211,45.7599983215332,36.59064865112305,19195400,0.0,0.0
2018-10-23 00:00:00-04:00,45.150001525878906,45.77000045776367,44.439998626708984,45.41999816894531,36.318763732910156,21836200,0.0,0.0
2018-10-24 00:00:00-04:00,45.4900016784668,45.68000030517578,43.959999084472656,44.06999969482422,35.239288330078125,29588800,0.0,0.0
2018-10-25 00:00:00-04:00,44.619998931884766,45.810001373291016,44.209999084472656,45.470001220703125,36.35874938964844,27054500,0.0,0.0
2018-10-26 00:00:00-04:00,44.56999969482422,45.11000061035156,43.779998779296875,44.25,35.38322448730469,31806600,0.0,0.0
2018-10-29 00:00:00-04:00,44.88999938964844,45.04999923706055,42.939998626708984,43.84000015258789,35.05537796020508,28214200,0.0,0.0
2018-10-30 00:00:00-04:00,43.91999816894531,44.70000076293945,43.75,44.58000183105469,35.647090911865234,25924600,0.0,0.0
2018-10-31 00:00:00-04:00,45.04999923706055,46.29999923706055,44.88999938964844,45.75,36.5826530456543,26023700,0.0,0.0
2018-11-01 00:00:00-04:00,45.66999816894531,45.880001068115234,45.099998474121094,45.650001525878906,36.502685546875,24662100,0.0,0.0
2018-11-02 00:00:00-04:00,45.720001220703125,46.09000015258789,44.97999954223633,45.47999954223633,36.36674499511719,25581300,0.0,0.0
2018-11-05 00:00:00-05:00,45.7400016784668,46.439998626708984,45.349998474121094,46.13999938964844,36.894508361816406,17525200,0.0,0.0
2018-11-06 00:00:00-05:00,46.040000915527344,46.619998931884766,46.0,46.5,37.182369232177734,15446700,0.0,0.0
2018-11-07 00:00:00-05:00,46.97999954223633,47.93000030517578,46.75,47.900001525878906,38.30183792114258,19990400,0.0,0.0
2018-11-08 00:00:00-05:00,47.869998931884766,48.439998626708984,47.869998931884766,48.439998626708984,38.733638763427734,21002000,0.0,0.0
2018-11-09 00:00:00-05:00,48.08000183105469,48.25,46.70000076293945,47.11000061035156,37.670135498046875,22015400,0.0,0.0
2018-11-12 00:00:00-05:00,47.13999938964844,47.25,45.540000915527344,45.619998931884766,36.47869873046875,25913500,0.0,0.0
2018-11-13 00:00:00-05:00,45.70000076293945,46.060001373291016,45.029998779296875,45.119998931884766,36.07888412475586,26196700,0.0,0.0
2018-11-14 00:00:00-05:00,45.459999084472656,45.63999938964844,44.08000183105469,44.33000183105469,35.447181701660156,36613500,0.0,0.0
2018-11-15 00:00:00-05:00,46.79999923706055,47.099998474121094,45.150001525878906,46.77000045776367,37.39826202392578,45983300,0.0,0.0
2018-11-16 00:00:00-05:00,46.459999084472656,47.040000915527344,46.130001068115234,46.349998474121094,37.06241989135742,31327400,0.0,0.0
2018-11-19 00:00:00-05:00,46.349998474121094,46.58000183105469,45.25,45.75,36.5826530456543,28370400,0.0,0.0
2018-11-20 00:00:00-05:00,44.91999816894531,45.290000915527344,44.13999938964844,44.4900016784668,35.57513427734375,28430600,0.0,0.0
2018-11-21 00:00:00-05:00,44.95000076293945,45.18000030517578,44.400001525878906,44.88999938964844,35.89497756958008,20117400,0.0,0.0
2018-11-23 00:00:00-05:00,44.45000076293945,45.119998931884766,44.38999938964844,44.540000915527344,35.61510467529297,9372900,0.0,0.0
2018-11-26 00:00:00-05:00,45.13999938964844,45.63999938964844,45.09000015258789,45.56999969482422,36.43872833251953,18275900,0.0,0.0
2018-11-27 00:00:00-05:00,45.45000076293945,46.38999938964844,45.209999084472656,46.119998931884766,36.87851333618164,21472700,0.0,0.0
2018-11-28 00:00:00-05:00,46.29999923706055,47.47999954223633,46.119998931884766,47.290000915527344,37.8140754699707,24293800,0.0,0.0
2018-11-29 00:00:00-05:00,46.900001525878906,47.7599983215332,46.900001525878906,47.34000015258789,37.854042053222656,22650800,0.0,0.0
2018-11-30 00:00:00-05:00,47.27000045776367,47.90999984741211,46.91999816894531,47.869998931884766,38.27784729003906,41619100,0.0,0.0
2018-12-03 00:00:00-05:00,48.31999969482422,48.790000915527344,48.08000183105469,48.7400016784668,38.97352600097656,24690100,0.0,0.0
2018-12-04 00:00:00-05:00,48.70000076293945,49.13999938964844,47.25,47.349998474121094,37.862030029296875,30802700,0.0,0.0
2018-12-06 00:00:00-05:00,46.9900016784668,48.459999084472656,46.470001220703125,48.38999938964844,38.69364929199219,40133000,0.0,0.0
2018-12-07 00:00:00-05:00,48.15999984741211,48.4900016784668,46.36000061035156,46.439998626708984,37.13438415527344,38298000,0.0,0.0
2018-12-10 00:00:00-05:00,46.29999923706055,47.130001068115234,45.81999969482422,46.86000061035156,37.47023010253906,28682000,0.0,0.0
2018-12-11 00:00:00-05:00,47.86000061035156,47.900001525878906,46.709999084472656,47.09000015258789,37.65413284301758,26048500,0.0,0.0
2018-12-12 00:00:00-05:00,47.91999816894531,48.20000076293945,47.36000061035156,47.41999816894531,37.91801834106445,23157200,0.0,0.0
2018-12-13 00:00:00-05:00,47.68000030517578,47.970001220703125,47.130001068115234,47.470001220703125,37.95800018310547,20051700,0.0,0.0
2018-12-14 00:00:00-05:00,46.369998931884766,46.619998931884766,45.63999938964844,45.81999969482422,36.63862228393555,27364500,0.0,0.0
2018-12-17 00:00:00-05:00,45.81999969482422,45.9900016784668,43.90999984741211,44.20000076293945,35.343238830566406,36610300,0.0,0.0
2018-12-18 00:00:00-05:00,44.54999923706055,44.61000061035156,43.72999954223633,44.060001373291016,35.231300354003906,30513800,0.0,0.0
2018-12-19 00:00:00-05:00,43.88999938964844,44.91999816894531,42.56999969482422,43.13999938964844,34.49563980102539,34820100,0.0,0.0
2018-12-20 00:00:00-05:00,42.9900016784668,43.22999954223633,41.869998931884766,42.4900016784668,33.97589111328125,38810900,0.0,0.0
2018-12-21 00:00:00-05:00,42.90999984741211,43.459999084472656,41.7400016784668,41.849998474121094,33.4641227722168,77915100,0.0,0.0
2018-12-24 00:00:00-05:00,41.70000076293945,41.810001373291016,40.25,40.279998779296875,32.20873260498047,24069400,0.0,0.0
2018-12-26 00:00:00-05:00,40.68000030517578,42.5,40.400001525878906,42.470001220703125,33.95988464355469,33335900,0.0,0.0
2018-12-27 00:00:00-05:00,41.88999938964844,42.93000030517578,41.150001525878906,42.90999984741211,34.31173324584961,28404100,0.0,0.0
2018-12-28 00:00:00-05:00,43.16999816894531,43.529998779296875,42.459999084472656,42.77000045776367,34.19977951049805,22447300,0.0,0.0
2018-12-31 00:00:00-05:00,43.189998626708984,43.54999923706055,42.88999938964844,43.33000183105469,34.64757537841797,20581200,0.0,0.0
2019-01-02 00:00:00-05:00,42.279998779296875,43.20000076293945,42.209999084472656,42.95000076293945,34.34371566772461,23833500,0.0,0.0
2019-01-03 00:00:00-05:00,42.29999923706055,42.40999984741211,40.959999084472656,41.06999969482422,33.09469985961914,29606700,0.33,0.0
2019-01-04 00:00:00-05:00,41.849998474121094,43.0,41.529998779296875,42.91999816894531,34.58544921875,27515000,0.0,0.0
2019-01-07 00:00:00-05:00,42.86000061035156,43.650001525878906,42.7599983215332,43.209999084472656,34.81914138793945,19488100,0.0,0.0
2019-01-08 00:00:00-05:00,43.56999969482422,43.939998626708984,43.099998474121094,43.560001373291016,35.101173400878906,22071400,0.0,0.0
2019-01-09 00:00:00-05:00,43.869998931884766,43.869998931884766,43.16999816894531,43.31999969482422,34.907779693603516,22640000,0.0,0.0
2019-01-10 00:00:00-05:00,43.11000061035156,43.290000915527344,42.58000183105469,43.2400016784668,34.84331512451172,23277600,0.0,0.0
2019-01-11 00:00:00-05:00,43.11000061035156,43.540000915527344,42.88999938964844,43.4900016784668,35.044769287109375,17378400,0.0,0.0
2019-01-14 00:00:00-05:00,43.08000183105469,43.38999938964844,43.0,43.209999084472656,34.81914138793945,16243600,0.0,0.0
2019-01-15 00:00:00-05:00,43.33000183105469,44.040000915527344,43.150001525878906,44.02000045776367,35.47185516357422,17744100,0.0,0.0
2019-01-16 00:00:00-05:00,44.119998931884766,44.2400016784668,43.7599983215332,43.959999084472656,35.423492431640625,17262500,0.0,0.0
2019-01-17 00:00:00-05:00,43.869998931884766,44.529998779296875,43.79999923706055,44.209999084472656,35.62495803833008,18826200,0.0,0.0
2019-01-18 00:00:00-05:00,44.47999954223633,45.349998474121094,44.310001373291016,45.029998779296875,36.28571319580078,24416500,0.0,0.0
2019-01-22 00:00:00-05:00,44.880001068115234,45.2400016784668,44.380001068115234,44.779998779296875,36.08426284790039,21338400,0.0,0.0
2019-01-23 00:00:00-05:00,45.13999938964844,45.880001068115234,45.02000045776367,45.459999084472656,36.63222122192383,24770400,0.0,0.0
2019-01-24 00:00:00-05:00,45.630001068115234,45.75,45.22999954223633,45.61000061035156,36.753089904785156,17360600,0.0,0.0
2019-01-25 00:00:00-05:00,46.119998931884766,46.65999984741211,45.95000076293945,46.130001068115234,37.172119140625,24196600,0.0,0.0
2019-01-28 00:00:00-05:00,45.72999954223633,45.77000045776367,45.22999954223633,45.75,36.86590576171875,18296700,0.0,0.0
2019-01-29 00:00:00-05:00,45.810001373291016,46.04999923706055,45.650001525878906,45.959999084472656,37.03512191772461,14470100,0.0,0.0
2019-01-30 00:00:00-05:00,45.939998626708984,46.93000030517578,45.91999816894531,46.709999084472656,37.63948440551758,18329300,0.0,0.0
2019-01-31 00:00:00-05:00,46.720001220703125,47.380001068115234,46.52000045776367,47.290000915527344,38.10686492919922,23693600,0.0,0.0
2019-02-01 00:00:00-05:00,47.369998931884766,47.560001373291016,47.04999923706055,47.34000015258789,38.14714050292969,16266500,0.0,0.0
2019-02-04 00:00:00-05:00,47.220001220703125,47.470001220703125,47.119998931884766,47.349998474121094,38.15519332885742,15743100,0.0,0.0
2019-02-05 00:00:00-05:00,47.41999816894531,47.459999084472656,47.08000183105469,47.2599983215332,38.082672119140625,16946300,0.0,0.0
2019-02-06 00:00:00-05:00,47.119998931884766,47.59000015258789,46.95000076293945,47.47999954223633,38.259952545166016,18160500,0.0,0.0
2019-02-07 00:00:00-05:00,47.189998626708984,47.31999969482422,46.4900016784668,46.70000076293945,37.631431579589844,20331200,0.0,0.0
2019-02-08 00:00:00-05:00,46.400001525878906,47.20000076293945,46.29999923706055,47.189998626708984,38.026268005371094,18407100,0.0,0.0
2019-02-11 00:00:00-05:00,47.34000015258789,47.709999084472656,47.130001068115234,47.58000183105469,38.340538024902344,19363600,0.0,0.0
2019-02-12 00:00:00-05:00,47.27000045776367,48.150001525878906,47.15999984741211,47.88999938964844,38.5903434753418,23909200,0.0,0.0
2019-02-13 00:00:00-05:00,47.86000061035156,47.95000076293945,47.119998931884766,47.5,38.27607345581055,28325600,0.0,0.0
2019-02-14 00:00:00-05:00,48.849998474121094,49.68000030517578,48.34000015258789,48.400001525878906,39.00131607055664,47598600,0.0,0.0
2019-02-15 00:00:00-05:00,48.83000183105469,49.59000015258789,48.439998626708984,49.43000030517578,39.8312873840332,30189600,0.0,0.0
2019-02-19 00:00:00-05:00,49.20000076293945,49.93000030517578,49.20000076293945,49.650001525878906,40.00857162475586,20204500,0.0,0.0
2019-02-20 00:00:00-05:00,49.70000076293945,49.79999923706055,49.349998474121094,49.630001068115234,39.992454528808594,17550900,0.0,0.0
2019-02-21 00:00:00-05:00,49.540000915527344,49.720001220703125,49.20000076293945,49.40999984741211,39.81516647338867,17120600,0.0,0.0
2019-02-22 00:00:00-05:00,49.70000076293945,50.220001220703125,49.58000183105469,50.11000061035156,40.379249572753906,22008100,0.0,0.0
2019-02-25 00:00:00-05:00,50.34000015258789,51.0,50.34000015258789,50.790000915527344,40.927181243896484,24264300,0.0,0.0
2019-02-26 00:00:00-05:00,50.5099983215332,51.40999984741211,50.47999954223633,51.18000030517578,41.2414665222168,19382500,0.0,0.0
2019-02-27 00:00:00-05:00,51.209999084472656,51.650001525878906,50.88999938964844,51.59000015258789,41.57183837890625,19940900,0.0,0.0
2019-02-28 00:00:00-05:00,51.54999923706055,51.959999084472656,51.349998474121094,51.77000045776367,41.716896057128906,30708500,0.0,0.0
2019-03-01 00:00:00-05:00,52.0,52.09000015258789,51.27000045776367,51.40999984741211,41.42680358886719,23683700,0.0,0.0
2019-03-04 00:00:00-05:00,51.650001525878906,51.91999816894531,50.630001068115234,51.15999984741211,41.2253532409668,18725900,0.0,0.0
2019-03-05 00:00:00-05:00,51.119998931884766,51.5099983215332,50.970001220703125,51.29999923706055,41.33816146850586,14994200,0.0,0.0
2019-03-06 00:00:00-05:00,51.369998931884766,51.790000915527344,50.91999816894531,51.66999816894531,41.63630676269531,19686900,0.0,0.0
2019-03-07 00:00:00-05:00,51.54999923706055,51.970001220703125,51.209999084472656,51.290000915527344,41.330101013183594,22209200,0.0,0.0
2019-03-08 00:00:00-05:00,50.720001220703125,51.130001068115234,50.5099983215332,51.06999969482422,41.152828216552734,18182200,0.0,0.0
2019-03-11 00:00:00-04:00,51.13999938964844,52.09000015258789,51.099998474121094,51.91999816894531,41.83775329589844,17859300,0.0,0.0
2019-03-12 00:00:00-04:00,52.0099983215332,52.279998779296875,51.68000030517578,52.150001525878906,42.023109436035156,19485300,0.0,0.0
2019-03-13 00:00:00-04:00,52.40999984741211,52.86000061035156,52.13999938964844,52.59000015258789,42.377655029296875,20568000,0.0,0.0
2019-03-14 00:00:00-04:00,52.630001068115234,52.959999084472656,52.5099983215332,52.7400016784668,42.498538970947266,19215900,0.0,0.0
2019-03-15 00:00:00-04:00,52.939998626708984,53.619998931884766,52.93000030517578,53.20000076293945,42.86920928955078,43670700,0.0,0.0
2019-03-18 00:00:00-04:00,53.27000045776367,53.939998626708984,53.09000015258789,53.5099983215332,43.11899948120117,19073800,0.0,0.0
2019-03-19 00:00:00-04:00,53.790000915527344,54.0,53.13999938964844,53.310001373291016,42.95785903930664,20596400,0.0,0.0
2019-03-20 00:00:00-04:00,53.15999984741211,53.869998931884766,52.86000061035156,53.2599983215332,42.91754150390625,21140800,0.0,0.0
2019-03-21 00:00:00-04:00,53.08000183105469,54.22999954223633,53.040000915527344,53.939998626708984,43.46551513671875,20082700,0.0,0.0
2019-03-22 00:00:00-04:00,53.90999984741211,54.13999938964844,52.70000076293945,52.7400016784668,42.498538970947266,23938500,0.0,0.0
2019-03-25 00:00:00-04:00,52.70000076293945,52.93000030517578,52.25,52.72999954223633,42.4904670715332,18774900,0.0,0.0
2019-03-26 00:00:00-04:00,53.189998626708984,53.4900016784668,53.0,53.22999954223633,42.89337158203125,17742700,0.0,0.0
2019-03-27 00:00:00-04:00,53.29999923706055,53.65999984741211,52.7400016784668,53.13999938964844,42.82085418701172,20447500,0.0,0.0
2019-03-28 00:00:00-04:00,53.189998626708984,53.689998626708984,53.02000045776367,53.36000061035156,42.998130798339844,13095000,0.0,0.0
2019-03-29 00:00:00-04:00,53.70000076293945,54.0,53.36000061035156,53.9900016784668,43.50580978393555,19582300,0.0,0.0
2019-04-01 00:00:00-04:00,54.47999954223633,55.02000045776367,54.38999938964844,54.97999954223633,44.303550720214844,19741700,0.0,0.0
2019-04-02 00:00:00-04:00,55.0,55.40999984741211,54.970001220703125,55.290000915527344,44.5533447265625,17264000,0.0,0.0
2019-04-03 00:00:00-04:00,55.459999084472656,55.79999923706055,55.06999969482422,55.630001068115234,44.82733154296875,21110400,0.0,0.0
2019-04-04 00:00:00-04:00,55.369998931884766,55.68000030517578,54.86000061035156,55.13999938964844,44.71379089355469,16412100,0.35,0.0
2019-04-05 00:00:00-04:00,55.25,55.61000061035156,55.130001068115234,55.209999084472656,44.77055740356445,13817500,0.0,0.0
2019-04-08 00:00:00-04:00,55.20000076293945,55.560001373291016,54.790000915527344,55.4900016784668,44.997623443603516,13862800,0.0,0.0
2019-04-09 00:00:00-04:00,55.08000183105469,55.41999816894531,54.86000061035156,55.18000030517578,44.7462272644043,15508400,0.0,0.0
2019-04-10 00:00:00-04:00,55.11000061035156,55.84000015258789,55.11000061035156,55.81999969482422,45.26521301269531,13460200,0.0,0.0
2019-04-11 00:00:00-04:00,55.93000030517578,55.95000076293945,55.310001373291016,55.599998474121094,45.08681869506836,13186000,0.0,0.0
2019-04-12 00:00:00-04:00,55.93000030517578,56.36000061035156,55.790000915527344,56.290000915527344,45.6463508605957,14331700,0.0,0.0
2019-04-15 00:00:00-04:00,56.400001525878906,56.61000061035156,56.2400016784668,56.560001373291016,45.865291595458984,12198400,0.0,0.0
2019-04-16 00:00:00-04:00,56.619998931884766,57.529998779296875,56.61000061035156,56.95000076293945,46.18156051635742,19718300,0.0,0.0
2019-04-17 00:00:00-04:00,57.18000030517578,57.31999969482422,56.290000915527344,56.310001373291016,45.662574768066406,26093600,0.0,0.0
2019-04-18 00:00:00-04:00,56.630001068115234,56.70000076293945,56.11000061035156,56.400001525878906,45.73554992675781,18332000,0.0,0.0
2019-04-22 00:00:00-04:00,56.15999984741211,56.599998474121094,56.099998474121094,56.34000015258789,45.686893463134766,11951500,0.0,0.0
2019-04-23 00:00:00-04:00,56.43000030517578,56.70000076293945,56.20000076293945,56.689998626708984,45.97072219848633,18796600,0.0,0.0
2019-04-24 00:00:00-04:00,56.63999938964844,57.150001525878906,56.58000183105469,56.880001068115234,46.12480163574219,13212000,0.0,0.0
2019-04-25 00:00:00-04:00,56.459999084472656,56.779998779296875,56.0099983215332,56.33000183105469,45.67878723144531,15526900,0.0,0.0
2019-04-26 00:00:00-04:00,56.02000045776367,56.369998931884766,55.68000030517578,55.880001068115234,45.313880920410156,18010900,0.0,0.0
2019-04-29 00:00:00-04:00,55.66999816894531,56.220001220703125,55.54999923706055,56.130001068115234,45.51659393310547,16259500,0.0,0.0
2019-04-30 00:00:00-04:00,56.0,56.119998931884766,55.529998779296875,55.95000076293945,45.37063980102539,20846000,0.0,0.0
2019-05-01 00:00:00-04:00,56.0,56.349998474121094,55.5099983215332,55.58000183105469,45.07059860229492,17648500,0.0,0.0
2019-05-02 00:00:00-04:00,55.47999954223633,55.88999938964844,54.81999969482422,54.939998626708984,44.551612854003906,24220600,0.0,0.0
2019-05-03 00:00:00-04:00,54.63999938964844,54.9900016784668,54.18000030517578,54.939998626708984,44.551612854003906,26887100,0.0,0.0
2019-05-06 00:00:00-04:00,53.86000061035156,54.7599983215332,53.560001373291016,54.59000015258789,44.267799377441406,17025900,0.0,0.0
2019-05-07 00:00:00-04:00,53.86000061035156,54.2400016784668,52.939998626708984,53.45000076293945,43.343353271484375,25289700,0.0,0.0
2019-05-08 00:00:00-04:00,53.16999816894531,53.939998626708984,53.130001068115234,53.470001220703125,43.35956573486328,21525100,0.0,0.0
2019-05-09 00:00:00-04:00,52.81999969482422,53.209999084472656,52.22999954223633,52.91999816894531,42.91357421875,24322800,0.0,0.0
2019-05-10 00:00:00-04:00,52.61000061035156,53.54999923706055,51.95000076293945,53.36000061035156,43.27037048339844,21795900,0.0,0.0
2019-05-13 00:00:00-04:00,51.83000183105469,52.2599983215332,51.060001373291016,51.29999923706055,41.59989929199219,28869900,0.0,0.0
2019-05-14 00:00:00-04:00,51.45000076293945,52.439998626708984,51.380001068115234,52.02000045776367,42.183746337890625,25478300,0.0,0.0
2019-05-15 00:00:00-04:00,51.7599983215332,52.709999084472656,51.689998626708984,52.439998626708984,42.524322509765625,30577200,0.0,0.0
2019-05-16 00:00:00-04:00,54.27000045776367,56.400001525878906,54.119998931884766,55.93000030517578,45.35441589355469,46057800,0.0,0.0
2019-05-17 00:00:00-04:00,55.779998779296875,56.83000183105469,55.52000045776367,56.349998474121094,45.69499206542969,27299300,0.0,0.0
2019-05-20 00:00:00-04:00,55.79999923706055,56.38999938964844,55.54999923706055,56.0099983215332,45.419288635253906,21004100,0.0,0.0
2019-05-21 00:00:00-04:00,56.68000030517578,56.75,56.130001068115234,56.52000045776367,45.832855224609375,18562300,0.0,0.0
2019-05-22 00:00:00-04:00,56.220001220703125,56.29999923706055,55.66999816894531,55.689998626708984,45.1598014831543,19479200,0.0,0.0
2019-05-23 00:00:00-04:00,54.90999984741211,55.0099983215332,53.939998626708984,54.189998626708984,43.94342803955078,22734200,0.0,0.0
2019-05-24 00:00:00-04:00,54.56999969482422,54.66999816894531,54.060001373291016,54.369998931884766,44.08940124511719,13057600,0.0,0.0
2019-05-28 00:00:00-04:00,54.7400016784668,55.029998779296875,53.81999969482422,53.93000030517578,43.73258590698242,29769200,0.0,0.0
2019-05-29 00:00:00-04:00,53.54999923706055,53.54999923706055,52.86000061035156,53.18000030517578,43.1244010925293,19762100,0.0,0.0
2019-05-30 00:00:00-04:00,53.439998626708984,53.779998779296875,53.34000015258789,53.56999969482422,43.44065475463867,12954300,0.0,0.0
2019-05-31 00:00:00-04:00,52.790000915527344,52.880001068115234,52.0099983215332,52.029998779296875,42.191864013671875,20480400,0.0,0.0
2019-06-03 00:00:00-04:00,52.04999923706055,52.56999969482422,51.4900016784668,51.779998779296875,41.98912811279297,22380500,0.0,0.0
2019-06-04 00:00:00-04:00,52.47999954223633,53.63999938964844,52.40999984741211,53.22999954223633,43.164955139160156,21689300,0.0,0.0
2019-06-05 00:00:00-04:00,53.849998474121094,54.790000915527344,53.75,54.75,44.39753341674805,22521900,0.0,0.0
2019-06-06 00:00:00-04:00,54.88999938964844,55.29999923706055,54.209999084472656,55.099998474121094,44.68136978149414,15927300,0.0,0.0
2019-06-07 00:00:00-04:00,55.40999984741211,56.29999923706055,55.029998779296875,55.93000030517578,45.35441589355469,17394900,0.0,0.0
2019-06-10 00:00:00-04:00,56.13999938964844,56.650001525878906,55.959999084472656,56.41999816894531,45.751766204833984,16871000,0.0,0.0
2019-06-11 00:00:00-04:00,56.7400016784668,57.560001373291016,56.72999954223633,57.11000061035156,46.31129837036133,26723700,0.0,0.0
2019-06-12 00:00:00-04:00,56.04999923706055,56.59000015258789,55.650001525878906,55.86000061035156,45.29766082763672,23183000,0.0,0.0
2019-06-13 00:00:00-04:00,55.91999816894531,56.27000045776367,55.779998779296875,56.16999816894531,45.54902648925781,15785300,0.0,0.0
2019-06-14 00:00:00-04:00,55.9900016784668,56.02000045776367,54.65999984741211,54.75,44.39753341674805,22530500,0.0,0.0
2019-06-17 00:00:00-04:00,54.9900016784668,55.470001220703125,54.86000061035156,55.400001525878906,44.92462921142578,20392600,0.0,0.0
2019-06-18 00:00:00-04:00,56.06999969482422,56.650001525878906,55.75,56.04999923706055,45.45172119140625,21173200,0.0,0.0
2019-06-19 00:00:00-04:00,56.040000915527344,56.369998931884766,55.77000045776367,56.130001068115234,45.51659393310547,21096300,0.0,0.0
2019-06-20 00:00:00-04:00,57.0,57.540000915527344,56.68000030517578,57.40999984741211,46.554569244384766,20969800,0.0,0.0
2019-06-21 00:00:00-04:00,57.40999984741211,58.150001525878906,56.97999954223633,57.029998779296875,46.24641799926758,57588800,0.0,0.0
2019-06-24 00:00:00-04:00,57.25,57.290000915527344,56.689998626708984,57.18000030517578,46.368072509765625,17794100,0.0,0.0
2019-06-25 00:00:00-04:00,57.060001373291016,57.20000076293945,56.0099983215332,56.08000183105469,45.4760627746582,25520600,0.0,0.0
2019-06-26 00:00:00-04:00,56.540000915527344,57.04999923706055,56.36000061035156,56.599998474121094,45.89772415161133,19286100,0.0,0.0
2019-06-27 00:00:00-04:00,56.939998626708984,57.25,55.470001220703125,55.72999954223633,45.19224166870117,23959900,0.0,0.0
2019-06-28 00:00:00-04:00,55.90999984741211,55.97999954223633,54.029998779296875,54.72999954223633,44.38132095336914,103123400,0.0,0.0
2019-07-01 00:00:00-04:00,55.2599983215332,55.349998474121094,54.22999954223633,54.7400016784668,44.389442443847656,28410000,0.0,0.0
2019-07-02 00:00:00-04:00,54.83000183105469,55.91999816894531,54.779998779296875,55.810001373291016,45.257102966308594,20307100,0.0,0.0
2019-07-03 00:00:00-04:00,55.77000045776367,56.540000915527344,55.540000915527344,56.47999954223633,46.08945846557617,13866800,0.35,0.0
2019-07-05 00:00:00-04:00,56.0,56.72999954223633,55.709999084472656,56.599998474121094,46.187381744384766,14273900,0.0,0.0
2019-07-08 00:00:00-04:00,56.25,56.47999954223633,55.959999084472656,56.189998626708984,45.852821350097656,15835100,0.0,0.0
2019-07-09 00:00:00-04:00,56.369998931884766,56.689998626708984,56.040000915527344,56.34000015258789,45.975223541259766,19564000,0.0,0.0
2019-07-10 00:00:00-04:00,56.689998626708984,57.650001525878906,56.599998474121094,57.130001068115234,46.61989212036133,19362600,0.0,0.0
2019-07-11 00:00:00-04:00,57.369998931884766,57.619998931884766,56.91999816894531,57.29999923706055,46.758609771728516,15994600,0.0,0.0
2019-07-12 00:00:00-04:00,57.58000183105469,57.9900016784668,57.56999969482422,57.95000076293945,47.28902816772461,13660400,0.0,0.0
2019-07-15 00:00:00-04:00,58.0,58.22999954223633,57.869998931884766,58.04999923706055,47.370635986328125,8809700,0.0,0.0
2019-07-16 00:00:00-04:00,58.130001068115234,58.2599983215332,57.459999084472656,57.619998931884766,47.019752502441406,11501100,0.0,0.0
2019-07-17 00:00:00-04:00,57.56999969482422,57.790000915527344,57.189998626708984,57.209999084472656,46.68517303466797,9266900,0.0,0.0
2019-07-18 00:00:00-04:00,57.04999923706055,57.790000915527344,56.900001525878906,57.7400016784668,47.11766052246094,10287400,0.0,0.0
2019-07-19 00:00:00-04:00,57.810001373291016,58.06999969482422,57.31999969482422,57.36000061035156,46.80757522583008,13882400,0.0,0.0
2019-07-22 00:00:00-04:00,57.459999084472656,58.0099983215332,57.369998931884766,57.72999954223633,47.109500885009766,10485600,0.0,0.0
2019-07-23 00:00:00-04:00,58.060001373291016,58.099998474121094,57.47999954223633,57.709999084472656,47.09318161010742,12692200,0.0,0.0
2019-07-24 00:00:00-04:00,57.58000183105469,57.68000030517578,57.11000061035156,57.22999954223633,46.70148468017578,18177000,0.0,0.0
2019-07-25 00:00:00-04:00,57.36000061035156,57.5,56.369998931884766,56.619998931884766,46.203712463378906,15127200,0.0,0.0
2019-07-26 00:00:00-04:00,56.68000030517578,56.84000015258789,56.369998931884766,56.529998779296875,46.13026809692383,15243000,0.0,0.0
2019-07-29 00:00:00-04:00,56.689998626708984,57.150001525878906,56.540000915527344,56.93000030517578,46.45668029785156,12051100,0.0,0.0
2019-07-30 00:00:00-04:00,56.849998474121094,56.900001525878906,56.349998474121094,56.470001220703125,46.081302642822266,9623400,0.0,0.0
2019-07-31 00:00:00-04:00,56.33000183105469,56.83000183105469,54.900001525878906,55.400001525878906,45.2081413269043,17441200,0.0,0.0
2019-08-01 00:00:00-04:00,55.84000015258789,56.88999938964844,55.15999984741211,55.38999938964844,45.19999313354492,19020600,0.0,0.0
2019-08-02 00:00:00-04:00,54.220001220703125,54.31999969482422,52.58000183105469,53.25,43.45368194580078,29021900,0.0,0.0
2019-08-05 00:00:00-04:00,52.38999938964844,52.540000915527344,50.939998626708984,51.369998931884766,41.91954040527344,29931800,0.0,0.0
2019-08-06 00:00:00-04:00,51.95000076293945,52.72999954223633,51.599998474121094,52.599998474121094,42.92325973510742,20708400,0.0,0.0
2019-08-07 00:00:00-04:00,51.83000183105469,52.4900016784668,51.209999084472656,52.34000015258789,42.71109390258789,24128600,0.0,0.0
2019-08-08 00:00:00-04:00,52.790000915527344,53.36000061035156,52.59000015258789,53.15999984741211,43.38023376464844,26093500,0.0,0.0
2019-08-09 00:00:00-04:00,52.779998779296875,52.869998931884766,52.040000915527344,52.43000030517578,42.7845344543457,17425000,0.0,0.0
2019-08-12 00:00:00-04:00,52.27000045776367,52.36000061035156,51.34000015258789,51.540000915527344,42.058265686035156,16388300,0.0,0.0
2019-08-13 00:00:00-04:00,51.470001220703125,53.06999969482422,51.20000076293945,52.720001220703125,43.021183013916016,21499500,0.0,0.0
2019-08-14 00:00:00-04:00,52.119998931884766,52.119998931884766,50.130001068115234,50.61000061035156,41.29936599731445,28688100,0.0,0.0
2019-08-15 00:00:00-04:00,47.36000061035156,47.939998626708984,46.0,46.25,37.741455078125,61129100,0.0,0.0
2019-08-16 00:00:00-04:00,46.41999816894531,47.36000061035156,46.400001525878906,46.959999084472656,38.320838928222656,24471800,0.0,0.0
2019-08-19 00:00:00-04:00,47.900001525878906,48.599998474121094,47.4900016784668,48.5,39.57754135131836,26384800,0.0,0.0
2019-08-20 00:00:00-04:00,48.540000915527344,48.59000015258789,47.91999816894531,47.93000030517578,39.11239242553711,18201600,0.0,0.0
2019-08-21 00:00:00-04:00,48.5,48.93000030517578,48.36000061035156,48.77000045776367,39.79787063598633,18365400,0.0,0.0
2019-08-22 00:00:00-04:00,49.2400016784668,49.33000183105469,47.939998626708984,48.18000030517578,39.316402435302734,21515100,0.0,0.0
2019-08-23 00:00:00-04:00,47.900001525878906,48.52000045776367,46.43000030517578,46.61000061035156,38.03523635864258,25871100,0.0,0.0
2019-08-26 00:00:00-04:00,47.04999923706055,47.27000045776367,46.66999816894531,47.099998474121094,38.435089111328125,14820100,0.0,0.0
2019-08-27 00:00:00-04:00,47.540000915527344,47.650001525878906,46.689998626708984,46.790000915527344,38.182125091552734,20859000,0.0,0.0
2019-08-28 00:00:00-04:00,46.529998779296875,46.959999084472656,46.2400016784668,46.869998931884766,38.24740982055664,11187600,0.0,0.0
2019-08-29 00:00:00-04:00,47.59000015258789,47.90999984741211,47.11000061035156,47.27000045776367,38.57382583618164,14733400,0.0,0.0
2019-08-30 00:00:00-04:00,47.52000045776367,47.56999969482422,46.54999923706055,46.810001373291016,38.19843673706055,19248400,0.0,0.0
2019-09-03 00:00:00-04:00,46.630001068115234,46.970001220703125,46.20000076293945,46.5,37.945465087890625,17009400,0.0,0.0
2019-09-04 00:00:00-04:00,47.02000045776367,47.40999984741211,46.88999938964844,47.31999969482422,38.6146125793457,13691300,0.0,0.0
2019-09-05 00:00:00-04:00,48.02000045776367,48.709999084472656,47.779998779296875,48.41999816894531,39.51224136352539,18434200,0.0,0.0
2019-09-06 00:00:00-04:00,48.650001525878906,48.9900016784668,48.27000045776367,48.84000015258789,39.854984283447266,17939100,0.0,0.0
2019-09-09 00:00:00-04:00,48.970001220703125,49.0099983215332,48.459999084472656,48.58000183105469,39.6428108215332,21175100,0.0,0.0
2019-09-10 00:00:00-04:00,48.56999969482422,49.349998474121094,47.95000076293945,49.209999084472656,40.15691375732422,16119200,0.0,0.0
2019-09-11 00:00:00-04:00,49.95000076293945,50.06999969482422,49.33000183105469,50.029998779296875,40.82606506347656,18656000,0.0,0.0
2019-09-12 00:00:00-04:00,50.279998779296875,50.29999923706055,49.40999984741211,49.93000030517578,40.74446105957031,16546700,0.0,0.0
2019-09-13 00:00:00-04:00,50.0099983215332,50.220001220703125,49.7599983215332,50.029998779296875,40.82606506347656,15867800,0.0,0.0
2019-09-16 00:00:00-04:00,49.79999923706055,50.18000030517578,49.790000915527344,49.959999084472656,40.768943786621094,13025600,0.0,0.0
2019-09-17 00:00:00-04:00,49.97999954223633,50.02000045776367,49.18000030517578,49.40999984741211,40.320125579833984,16070600,0.0,0.0
2019-09-18 00:00:00-04:00,49.470001220703125,49.7400016784668,48.779998779296875,49.34000015258789,40.262996673583984,12563800,0.0,0.0
2019-09-19 00:00:00-04:00,49.349998474121094,49.91999816894531,49.040000915527344,49.189998626708984,40.14059066772461,15349400,0.0,0.0
2019-09-20 00:00:00-04:00,49.290000915527344,49.869998931884766,48.869998931884766,49.599998474121094,40.47515869140625,48301300,0.0,0.0
2019-09-23 00:00:00-04:00,49.65999984741211,49.75,49.279998779296875,49.41999816894531,40.32828140258789,16450000,0.0,0.0
2019-09-24 00:00:00-04:00,49.75,50.20000076293945,48.93000030517578,49.119998931884766,40.083457946777344,26717200,0.0,0.0
2019-09-25 00:00:00-04:00,49.04999923706055,49.77000045776367,48.58000183105469,49.61000061035156,40.48332214355469,14013500,0.0,0.0
2019-09-26 00:00:00-04:00,49.43000030517578,49.4900016784668,48.2599983215332,48.83000183105469,39.84682083129883,20172900,0.0,0.0
2019-09-27 00:00:00-04:00,49.0,49.470001220703125,48.599998474121094,48.84000015258789,39.854984283447266,16065300,0.0,0.0
2019-09-30 00:00:00-04:00,48.95000076293945,49.65999984741211,48.95000076293945,49.40999984741211,40.320125579833984,14903600,0.0,0.0
2019-10-01 00:00:00-04:00,49.650001525878906,49.869998931884766,47.36000061035156,47.7400016784668,38.95734405517578,24185600,0.0,0.0
2019-10-02 00:00:00-04:00,47.349998474121094,47.380001068115234,46.0099983215332,46.560001373291016,37.99443435668945,30722400,0.0,0.0
2019-10-03 00:00:00-04:00,46.31999969482422,47.08000183105469,45.70000076293945,47.060001373291016,38.69331359863281,15915500,0.35,0.0
2019-10-04 00:00:00-04:00,47.25,47.630001068115234,46.95000076293945,47.52000045776367,39.0715217590332,16718800,0.0,0.0
2019-10-07 00:00:00-04:00,47.470001220703125,48.130001068115234,47.31999969482422,47.77000045776367,39.2770881652832,14625200,0.0,0.0
2019-10-08 00:00:00-04:00,47.5,47.540000915527344,46.349998474121094,46.38999938964844,38.142433166503906,23022400,0.0,0.0
2019-10-09 00:00:00-04:00,46.91999816894531,47.16999816894531,46.65999984741211,46.84000015258789,38.51242446899414,16768600,0.0,0.0
2019-10-10 00:00:00-04:00,46.04999923706055,46.22999954223633,45.54999923706055,46.150001525878906,37.94511032104492,24698500,0.0,0.0
2019-10-11 00:00:00-04:00,46.66999816894531,47.29999923706055,46.459999084472656,46.560001373291016,38.28221130371094,25153600,0.0,0.0
2019-10-14 00:00:00-04:00,46.54999923706055,46.54999923706055,46.0,46.04999923706055,37.86286926269531,15076900,0.0,0.0
2019-10-15 00:00:00-04:00,46.25,46.58000183105469,46.040000915527344,46.36000061035156,38.117767333984375,18794400,0.0,0.0
2019-10-16 00:00:00-04:00,46.36000061035156,46.880001068115234,46.31999969482422,46.790000915527344,38.4713134765625,16454200,0.0,0.0
2019-10-17 00:00:00-04:00,47.150001525878906,47.29999923706055,46.599998474121094,47.029998779296875,38.668643951416016,14352400,0.0,0.0
2019-10-18 00:00:00-04:00,47.099998474121094,47.27000045776367,46.65999984741211,46.709999084472656,38.405548095703125,17226200,0.0,0.0
2019-10-21 00:00:00-04:00,47.13999938964844,47.47999954223633,46.970001220703125,47.38999938964844,38.96464157104492,13277700,0.0,0.0
2019-10-22 00:00:00-04:00,47.5,47.88999938964844,47.400001525878906,47.54999923706055,39.096195220947266,15067100,0.0,0.0
2019-10-23 00:00:00-04:00,47.470001220703125,47.70000076293945,46.84000015258789,47.04999923706055,38.68507766723633,15647100,0.0,0.0
2019-10-24 00:00:00-04:00,47.22999954223633,47.22999954223633,46.099998474121094,46.40999984741211,38.158870697021484,18338800,0.0,0.0
2019-10-25 00:00:00-04:00,46.540000915527344,46.9900016784668,46.459999084472656,46.900001525878906,38.56174850463867,15701200,0.0,0.0
2019-10-28 00:00:00-04:00,47.150001525878906,47.599998474121094,47.060001373291016,47.16999816894531,38.78376007080078,13859700,0.0,0.0
2019-10-29 00:00:00-04:00,47.0,47.43000030517578,46.90999984741211,47.2400016784668,38.8413200378418,13713900,0.0,0.0
2019-10-30 00:00:00-04:00,47.29999923706055,47.58000183105469,47.15999984741211,47.560001373291016,39.10441970825195,12062000,0.0,0.0
2019-10-31 00:00:00-04:00,47.599998474121094,47.650001525878906,47.099998474121094,47.5099983215332,39.06331253051758,12488300,0.0,0.0
2019-11-01 00:00:00-04:00,46.849998474121094,47.4900016784668,46.63999938964844,47.029998779296875,38.668643951416016,24404100,0.0,0.0
2019-11-04 00:00:00-05:00,47.5,47.880001068115234,47.31999969482422,47.47999954223633,39.038639068603516,15018900,0.0,0.0
2019-11-05 00:00:00-05:00,47.59000015258789,47.91999816894531,47.2599983215332,47.7599983215332,39.268856048583984,18988900,0.0,0.0
2019-11-06 00:00:00-05:00,47.810001373291016,48.5,47.790000915527344,48.27000045776367,39.68818664550781,15904500,0.0,0.0
2019-11-07 00:00:00-05:00,48.61000061035156,48.97999954223633,48.20000076293945,48.41999816894531,39.811519622802734,16717800,0.0,0.0
2019-11-08 00:00:00-05:00,48.41999816894531,48.849998474121094,48.04999923706055,48.83000183105469,40.14862060546875,14407000,0.0,0.0
2019-11-11 00:00:00-05:00,48.0099983215332,48.470001220703125,47.560001373291016,48.099998474121094,39.54840850830078,19590400,0.0,0.0
2019-11-12 00:00:00-05:00,48.290000915527344,48.7400016784668,48.119998931884766,48.369998931884766,39.77040481567383,15632900,0.0,0.0
2019-11-13 00:00:00-05:00,48.2400016784668,48.849998474121094,48.150001525878906,48.459999084472656,39.84440994262695,25187000,0.0,0.0
2019-11-14 00:00:00-05:00,45.560001373291016,46.0,44.599998474121094,44.90999984741211,36.9255485534668,65568900,0.0,0.0
2019-11-15 00:00:00-05:00,45.06999969482422,45.650001525878906,44.810001373291016,45.09000015258789,37.07355880737305,32385000,0.0,0.0
2019-11-18 00:00:00-05:00,44.97999954223633,45.189998626708984,44.439998626708984,45.150001525878906,37.122886657714844,22742800,0.0,0.0
2019-11-19 00:00:00-05:00,45.38999938964844,45.599998474121094,45.08000183105469,45.470001220703125,37.385990142822266,19612600,0.0,0.0
2019-11-20 00:00:00-05:00,45.689998626708984,45.7400016784668,44.93000030517578,45.08000183105469,37.06533432006836,18660800,0.0,0.0
2019-11-21 00:00:00-05:00,45.130001068115234,45.150001525878906,44.689998626708984,44.84000015258789,36.868003845214844,19868800,0.0,0.0
2019-11-22 00:00:00-05:00,45.150001525878906,45.16999816894531,44.689998626708984,44.849998474121094,36.87621307373047,18725700,0.0,0.0
2019-11-25 00:00:00-05:00,45.0,45.54999923706055,44.93000030517578,45.45000076293945,37.36954879760742,19653300,0.0,0.0
2019-11-26 00:00:00-05:00,45.529998779296875,45.77000045776367,45.25,45.310001373291016,37.25444030761719,29422000,0.0,0.0
2019-11-27 00:00:00-05:00,45.36000061035156,45.41999816894531,44.93000030517578,45.2400016784668,37.19688034057617,14889900,0.0,0.0
2019-11-29 00:00:00-05:00,45.2400016784668,45.540000915527344,45.150001525878906,45.310001373291016,37.25444030761719,9808900,0.0,0.0
2019-12-02 00:00:00-05:00,45.25,45.33000183105469,44.66999816894531,44.70000076293945,36.75289535522461,17630100,0.0,0.0
2019-12-03 00:00:00-05:00,44.400001525878906,44.4900016784668,43.7400016784668,44.279998779296875,36.40756607055664,19625500,0.0,0.0
2019-12-04 00:00:00-05:00,44.52000045776367,44.54999923706055,43.86000061035156,43.88999938964844,36.08688735961914,17202200,0.0,0.0
2019-12-05 00:00:00-05:00,44.04999923706055,44.099998474121094,43.400001525878906,43.52000045776367,35.782684326171875,22632800,0.0,0.0
2019-12-06 00:00:00-05:00,43.88999938964844,44.060001373291016,43.650001525878906,43.84000015258789,36.0457878112793,16541000,0.0,0.0
2019-12-09 00:00:00-05:00,43.88999938964844,44.369998931884766,43.75,43.900001525878906,36.095130920410156,17508500,0.0,0.0
2019-12-10 00:00:00-05:00,43.849998474121094,44.18000030517578,43.79999923706055,44.099998474121094,36.25956344604492,21862400,0.0,0.0
2019-12-11 00:00:00-05:00,44.36000061035156,44.45000076293945,44.150001525878906,44.279998779296875,36.40756607055664,16440500,0.0,0.0
2019-12-12 00:00:00-05:00,44.54999923706055,45.77000045776367,44.40999984741211,45.66999816894531,37.5504264831543,27061600,0.0,0.0
2019-12-13 00:00:00-05:00,45.90999984741211,46.04999923706055,45.20000076293945,45.29999923706055,37.246212005615234,21796900,0.0,0.0
2019-12-16 00:00:00-05:00,45.79999923706055,46.59000015258789,45.79999923706055,45.97999954223633,37.80532455444336,21871300,0.0,0.0
2019-12-17 00:00:00-05:00,46.220001220703125,46.52000045776367,45.93000030517578,46.439998626708984,38.18354034423828,22510000,0.0,0.0
2019-12-18 00:00:00-05:00,46.52000045776367,46.7599983215332,46.25,46.63999938964844,38.34797668457031,21921200,0.0,0.0
2019-12-19 00:00:00-05:00,47.150001525878906,47.9900016784668,47.11000061035156,47.880001068115234,39.367523193359375,30764700,0.0,0.0
2019-12-20 00:00:00-05:00,48.25,48.369998931884766,47.41999816894531,47.45000076293945,39.013980865478516,52575300,0.0,0.0
2019-12-23 00:00:00-05:00,47.54999923706055,48.29999923706055,47.41999816894531,48.099998474121094,39.54840850830078,20253500,0.0,0.0
2019-12-24 00:00:00-05:00,48.15999984741211,48.25,47.650001525878906,47.779998779296875,39.285301208496094,7044700,0.0,0.0
2019-12-26 00:00:00-05:00,47.779998779296875,48.0,47.650001525878906,47.849998474121094,39.34285354614258,11091700,0.0,0.0
2019-12-27 00:00:00-05:00,47.9900016784668,48.02000045776367,47.68000030517578,47.77000045776367,39.2770881652832,11056800,0.0,0.0
2019-12-30 00:00:00-05:00,47.75,47.880001068115234,47.290000915527344,47.59000015258789,39.12907791137695,12128600,0.0,0.0
2019-12-31 00:00:00-05:00,47.540000915527344,47.97999954223633,47.40999984741211,47.959999084472656,39.43329620361328,14892600,0.0,0.0
2020-01-02 00:00:00-05:00,48.060001373291016,48.41999816894531,47.880001068115234,48.41999816894531,40.104183197021484,16708100,0.35,0.0
2020-01-03 00:00:00-05:00,47.90999984741211,48.13999938964844,47.47999954223633,47.630001068115234,39.44986343383789,15577400,0.0,0.0
2020-01-06 00:00:00-05:00,47.13999938964844,47.81999969482422,47.0099983215332,47.79999923706055,39.590660095214844,22183600,0.0,0.0
2020-01-07 00:00:00-05:00,47.720001220703125,47.720001220703125,47.099998474121094,47.4900016784668,39.33390808105469,16501900,0.0,0.0
2020-01-08 00:00:00-05:00,46.970001220703125,47.790000915527344,46.810001373291016,47.52000045776367,39.3587532043457,25175900,0.0,0.0
2020-01-09 00:00:00-05:00,47.790000915527344,47.880001068115234,47.06999969482422,47.31999969482422,39.19309997558594,18203600,0.0,0.0
2020-01-10 00:00:00-05:00,47.47999954223633,47.560001373291016,47.060001373291016,47.130001068115234,39.035743713378906,13502600,0.0,0.0
2020-01-13 00:00:00-05:00,47.310001373291016,47.97999954223633,47.29999923706055,47.970001220703125,39.731475830078125,18237400,0.0,0.0
2020-01-14 00:00:00-05:00,47.959999084472656,47.9900016784668,47.619998931884766,47.790000915527344,39.58238983154297,17948700,0.0,0.0
2020-01-15 00:00:00-05:00,47.91999816894531,48.400001525878906,47.7599983215332,48.0099983215332,39.76460266113281,16289400,0.0,0.0
2020-01-16 00:00:00-05:00,48.380001068115234,49.08000183105469,48.22999954223633,49.04999923706055,40.62599182128906,20094900,0.0,0.0
2020-01-17 00:00:00-05:00,49.310001373291016,49.540000915527344,48.869998931884766,49.02000045776367,40.60114288330078,27176200,0.0,0.0
2020-01-21 00:00:00-05:00,48.959999084472656,49.20000076293945,48.66999816894531,48.79999923706055,40.41891860961914,21771800,0.0,0.0
2020-01-22 00:00:00-05:00,49.279998779296875,49.529998779296875,49.040000915527344,49.06999969482422,40.64256286621094,15186000,0.0,0.0
2020-01-23 00:00:00-05:00,49.0,49.18000030517578,48.40999984741211,49.0,40.58457565307617,16767700,0.0,0.0
2020-01-24 00:00:00-05:00,49.220001220703125,49.47999954223633,48.540000915527344,48.849998474121094,40.46033477783203,14066700,0.0,0.0
2020-01-27 00:00:00-05:00,47.88999938964844,48.06999969482422,47.27000045776367,47.470001220703125,39.31734848022461,20666000,0.0,0.0
2020-01-28 00:00:00-05:00,47.52000045776367,47.970001220703125,47.5,47.77000045776367,39.565826416015625,14035100,0.0,0.0
2020-01-29 00:00:00-05:00,47.970001220703125,47.97999954223633,46.93000030517578,47.04999923706055,38.9694709777832,14273600,0.0,0.0
2020-01-30 00:00:00-05:00,46.540000915527344,47.27000045776367,46.2599983215332,47.2400016784668,39.12685775756836,14822600,0.0,0.0
2020-01-31 00:00:00-05:00,46.9900016784668,47.0,45.84000015258789,45.970001220703125,38.07495880126953,20069900,0.0,0.0
2020-02-03 00:00:00-05:00,46.400001525878906,46.83000183105469,46.209999084472656,46.529998779296875,38.538795471191406,15374900,0.0,0.0
2020-02-04 00:00:00-05:00,47.220001220703125,47.709999084472656,47.11000061035156,47.619998931884766,39.441585540771484,13947300,0.0,0.0
2020-02-05 00:00:00-05:00,48.33000183105469,48.599998474121094,48.150001525878906,48.45000076293945,40.12904357910156,17042300,0.0,0.0
2020-02-06 00:00:00-05:00,48.689998626708984,48.81999969482422,48.220001220703125,48.689998626708984,40.32782745361328,9814800,0.0,0.0
2020-02-07 00:00:00-05:00,48.599998474121094,48.77000045776367,47.869998931884766,47.970001220703125,39.731475830078125,16807500,0.0,0.0
2020-02-10 00:00:00-05:00,47.9900016784668,48.88999938964844,47.880001068115234,48.869998931884766,40.47691345214844,19012700,0.0,0.0
2020-02-11 00:00:00-05:00,49.38999938964844,49.709999084472656,48.86000061035156,49.130001068115234,40.69225311279297,23168300,0.0,0.0
2020-02-12 00:00:00-05:00,49.43000030517578,50.279998779296875,49.400001525878906,49.93000030517578,41.3548583984375,31686200,0.0,0.0
2020-02-13 00:00:00-05:00,47.150001525878906,47.66999816894531,46.58000183105469,47.31999969482422,39.19309997558594,47044700,0.0,0.0
2020-02-14 00:00:00-05:00,47.15999984741211,47.220001220703125,46.47999954223633,46.970001220703125,38.903228759765625,26747200,0.0,0.0
2020-02-18 00:00:00-05:00,46.81999969482422,46.849998474121094,46.290000915527344,46.59000015258789,38.58848190307617,18546300,0.0,0.0
2020-02-19 00:00:00-05:00,46.689998626708984,46.810001373291016,45.900001525878906,46.290000915527344,38.340003967285156,27626400,0.0,0.0
2020-02-20 00:00:00-05:00,46.09000015258789,46.959999084472656,45.900001525878906,46.849998474121094,38.80381774902344,20416700,0.0,0.0
2020-02-21 00:00:00-05:00,46.72999954223633,46.849998474121094,46.04999923706055,46.29999923706055,38.34828567504883,20028700,0.0,0.0
2020-02-24 00:00:00-05:00,45.0,45.68000030517578,44.0,44.0,36.443302154541016,35295900,0.0,0.0
2020-02-25 00:00:00-05:00,44.04999923706055,44.209999084472656,42.06999969482422,42.7400016784668,35.399696350097656,48024700,0.0,0.0
2020-02-26 00:00:00-05:00,42.970001220703125,43.380001068115234,41.939998626708984,42.15999984741211,34.919307708740234,38513200,0.0,0.0
2020-02-27 00:00:00-05:00,41.279998779296875,42.099998474121094,40.0099983215332,40.040000915527344,33.16339874267578,51442900,0.0,0.0
2020-02-28 00:00:00-05:00,38.70000076293945,40.54999923706055,38.349998474121094,39.93000030517578,33.07228469848633,80188000,0.0,0.0
2020-03-02 00:00:00-05:00,40.150001525878906,41.189998626708984,38.91999816894531,41.16999816894531,34.09932327270508,48864300,0.0,0.0
2020-03-03 00:00:00-05:00,41.2599983215332,41.900001525878906,39.709999084472656,40.040000915527344,33.16339874267578,49294700,0.0,0.0
2020-03-04 00:00:00-05:00,40.720001220703125,41.45000076293945,39.79999923706055,41.38999938964844,34.28154373168945,30022100,0.0,0.0
2020-03-05 00:00:00-05:00,40.16999816894531,40.5099983215332,39.290000915527344,39.56999969482422,32.77412033081055,30255900,0.0,0.0
2020-03-06 00:00:00-05:00,38.0,39.95000076293945,37.79999923706055,39.68000030517578,32.86521530151367,48605600,0.0,0.0
2020-03-09 00:00:00-04:00,36.900001525878906,39.560001373291016,36.290000915527344,37.959999084472656,31.440624237060547,61535300,0.0,0.0
2020-03-10 00:00:00-04:00,39.25,40.150001525878906,37.869998931884766,40.08000183105469,33.196537017822266,50536500,0.0,0.0
2020-03-11 00:00:00-04:00,39.02000045776367,39.15999984741211,36.369998931884766,37.04999923706055,30.686904907226562,63594300,0.0,0.0
2020-03-12 00:00:00-04:00,34.5,35.81999969482422,33.0,33.20000076293945,27.498126983642578,51855300,0.0,0.0
2020-03-13 00:00:00-04:00,35.18000030517578,37.68000030517578,33.33000183105469,37.63999938964844,31.175580978393555,53859600,0.0,0.0
2020-03-16 00:00:00-04:00,33.22999954223633,36.9900016784668,32.400001525878906,33.709999084472656,27.920530319213867,44211300,0.0,0.0
2020-03-17 00:00:00-04:00,34.70000076293945,36.25,33.599998474121094,35.5,29.403112411499023,41572400,0.0,0.0
2020-03-18 00:00:00-04:00,33.7599983215332,37.709999084472656,33.310001373291016,37.119998931884766,30.744890213012695,56904300,0.0,0.0
2020-03-19 00:00:00-04:00,37.04999923706055,39.31999969482422,36.150001525878906,37.709999084472656,31.233556747436523,58319700,0.0,0.0
2020-03-20 00:00:00-04:00,38.27000045776367,38.470001220703125,35.400001525878906,35.599998474121094,29.485931396484375,48582500,0.0,0.0
2020-03-23 00:00:00-04:00,35.5099983215332,35.81999969482422,33.7400016784668,34.599998474121094,28.65768051147461,39823400,0.0,0.0
2020-03-24 00:00:00-04:00,36.40999984741211,38.68000030517578,35.540000915527344,38.599998474121094,31.970703125,48235600,0.0,0.0
2020-03-25 00:00:00-04:00,38.650001525878906,39.95000076293945,37.5,37.66999816894531,31.200439453125,42873900,0.0,0.0
2020-03-26 00:00:00-04:00,37.970001220703125,40.91999816894531,37.369998931884766,40.58000183105469,33.610660552978516,38473300,0.0,0.0
2020-03-27 00:00:00-04:00,39.209999084472656,40.150001525878906,38.40999984741211,38.81999969482422,32.152923583984375,31278600,0.0,0.0
2020-03-30 00:00:00-04:00,39.45000076293945,40.4900016784668,38.959999084472656,40.31999969482422,33.39530563354492,27120300,0.0,0.0
2020-03-31 00:00:00-04:00,40.130001068115234,40.41999816894531,39.11000061035156,39.310001373291016,32.55875778198242,26014200,0.0,0.0
2020-04-01 00:00:00-04:00,38.16999816894531,38.86000061035156,37.869998931884766,38.33000183105469,31.74707794189453,26790700,0.0,0.0
2020-04-02 00:00:00-04:00,37.84000015258789,39.95000076293945,37.470001220703125,39.79999923706055,33.27716064453125,28180500,0.36,0.0
2020-04-03 00:00:00-04:00,39.81999969482422,40.290000915527344,38.540000915527344,39.060001373291016,32.658443450927734,21235200,0.0,0.0
2020-04-06 00:00:00-04:00,40.459999084472656,41.68000030517578,39.779998779296875,41.43000030517578,34.640018463134766,31641400,0.0,0.0
2020-04-07 00:00:00-04:00,42.65999984741211,42.7400016784668,40.59000015258789,40.63999938964844,33.9794921875,30366100,0.0,0.0
2020-04-08 00:00:00-04:00,41.16999816894531,42.20000076293945,40.869998931884766,41.7400016784668,34.89921569824219,22683500,0.0,0.0
2020-04-09 00:00:00-04:00,42.09000015258789,42.20000076293945,40.849998474121094,41.20000076293945,34.447715759277344,27643900,0.0,0.0
2020-04-13 00:00:00-04:00,41.040000915527344,41.459999084472656,40.529998779296875,41.220001220703125,34.464439392089844,19592000,0.0,0.0
2020-04-14 00:00:00-04:00,41.90999984741211,42.81999969482422,41.529998779296875,42.779998779296875,35.768760681152344,22882400,0.0,0.0
2020-04-15 00:00:00-04:00,42.20000076293945,42.369998931884766,41.22999954223633,41.52000045776367,34.71527099609375,18428800,0.0,0.0
2020-04-16 00:00:00-04:00,41.7599983215332,41.790000915527344,40.68000030517578,41.5,34.69854736328125,26178000,0.0,0.0
2020-04-17 00:00:00-04:00,42.25,42.63999938964844,41.7400016784668,42.47999954223633,35.517940521240234,30701500,0.0,0.0
2020-04-20 00:00:00-04:00,41.91999816894531,43.290000915527344,41.790000915527344,42.540000915527344,35.56810760498047,23438800,0.0,0.0
2020-04-21 00:00:00-04:00,41.83000183105469,41.9900016784668,40.40999984741211,40.54999923706055,33.90425109863281,31661000,0.0,0.0
2020-04-22 00:00:00-04:00,41.27000045776367,42.09000015258789,41.11000061035156,41.7599983215332,34.915931701660156,18330700,0.0,0.0
2020-04-23 00:00:00-04:00,41.88999938964844,42.54999923706055,41.529998779296875,41.619998931884766,34.79888153076172,16100200,0.0,0.0
2020-04-24 00:00:00-04:00,41.84000015258789,42.65999984741211,41.650001525878906,42.52000045776367,35.55137634277344,14639200,0.0,0.0
2020-04-27 00:00:00-04:00,42.70000076293945,43.220001220703125,42.58000183105469,43.060001373291016,36.002872467041016,17937900,0.0,0.0
2020-04-28 00:00:00-04:00,43.5,43.630001068115234,42.40999984741211,42.4900016784668,35.52629470825195,16427700,0.0,0.0
2020-04-29 00:00:00-04:00,43.349998474121094,43.47999954223633,42.93000030517578,43.34000015258789,36.23698806762695,17430100,0.0,0.0
2020-04-30 00:00:00-04:00,43.16999816894531,43.16999816894531,42.16999816894531,42.380001068115234,35.434329986572266,26679900,0.0,0.0
2020-05-01 00:00:00-04:00,41.720001220703125,41.810001373291016,40.77000045776367,40.91999816894531,34.21360397338867,22095300,0.0,0.0
2020-05-04 00:00:00-04:00,40.95000076293945,41.40999984741211,40.4900016784668,41.349998474121094,34.57313537597656,15997700,0.0,0.0
2020-05-05 00:00:00-04:00,41.61000061035156,41.93000030517578,41.38999938964844,41.459999084472656,34.66510009765625,15060200,0.0,0.0
2020-05-06 00:00:00-04:00,41.560001373291016,41.689998626708984,40.970001220703125,41.150001525878906,34.40591049194336,16040300,0.0,0.0
2020-05-07 00:00:00-04:00,41.59000015258789,41.77000045776367,41.220001220703125,41.369998931884766,34.58985137939453,20173600,0.0,0.0
2020-05-08 00:00:00-04:00,42.02000045776367,43.02000045776367,41.70000076293945,42.9900016784668,35.94435501098633,21959100,0.0,0.0
2020-05-11 00:00:00-04:00,42.779998779296875,43.650001525878906,42.61000061035156,43.31999969482422,36.22026824951172,26182700,0.0,0.0
2020-05-12 00:00:00-04:00,43.939998626708984,44.29999923706055,43.189998626708984,43.220001220703125,36.136661529541016,25817100,0.0,0.0
2020-05-13 00:00:00-04:00,43.40999984741211,43.56999969482422,41.310001373291016,41.95000076293945,35.07480239868164,36986700,0.0,0.0
2020-05-14 00:00:00-04:00,43.43000030517578,44.58000183105469,43.2599983215332,43.849998474121094,36.66339111328125,50417700,0.0,0.0
2020-05-15 00:00:00-04:00,42.93000030517578,44.380001068115234,42.849998474121094,44.27000045776367,37.01457214355469,30573000,0.0,0.0
2020-05-18 00:00:00-04:00,45.209999084472656,45.29999923706055,44.33000183105469,45.060001373291016,37.67510223388672,26966500,0.0,0.0
2020-05-19 00:00:00-04:00,44.83000183105469,44.97999954223633,44.40999984741211,44.61000061035156,37.29884719848633,24345400,0.0,0.0
2020-05-20 00:00:00-04:00,45.04999923706055,45.81999969482422,45.029998779296875,45.439998626708984,37.99281692504883,20184500,0.0,0.0
2020-05-21 00:00:00-04:00,45.45000076293945,45.65999984741211,44.560001373291016,44.63999938964844,37.323936462402344,18674900,0.0,0.0
2020-05-22 00:00:00-04:00,44.66999816894531,44.95000076293945,44.119998931884766,44.900001525878906,37.541324615478516,12592800,0.0,0.0
2020-05-26 00:00:00-04:00,45.779998779296875,45.79999923706055,44.68000030517578,44.84000015258789,37.49115753173828,21776900,0.0,0.0
2020-05-27 00:00:00-04:00,45.040000915527344,45.97999954223633,44.79999923706055,45.959999084472656,38.42759704589844,22157200,0.0,0.0
2020-05-28 00:00:00-04:00,45.900001525878906,46.459999084472656,45.369998931884766,45.599998474121094,38.12660598754883,20013000,0.0,0.0
2020-05-29 00:00:00-04:00,46.040000915527344,47.81999969482422,45.40999984741211,47.81999969482422,39.98276138305664,43553600,0.0,0.0
2020-06-01 00:00:00-04:00,47.150001525878906,47.290000915527344,46.22999954223633,46.29999923706055,38.711875915527344,18712400,0.0,0.0
2020-06-02 00:00:00-04:00,46.400001525878906,46.900001525878906,45.880001068115234,46.88999938964844,39.20517349243164,17285900,0.0,0.0
2020-06-03 00:00:00-04:00,46.97999954223633,47.20000076293945,46.540000915527344,46.939998626708984,39.246986389160156,17492000,0.0,0.0
2020-06-04 00:00:00-04:00,46.77000045776367,47.25,46.529998779296875,46.86000061035156,39.180091857910156,14100700,0.0,0.0
2020-06-05 00:00:00-04:00,47.27000045776367,48.290000915527344,47.20000076293945,47.83000183105469,39.99111557006836,22591100,0.0,0.0
2020-06-08 00:00:00-04:00,47.459999084472656,48.15999984741211,47.119998931884766,48.130001068115234,40.241947174072266,17820900,0.0,0.0
2020-06-09 00:00:00-04:00,48.02000045776367,48.2400016784668,47.4900016784668,48.04999923706055,40.1750602722168,18597300,0.0,0.0
2020-06-10 00:00:00-04:00,47.65999984741211,47.83000183105469,47.119998931884766,47.41999816894531,39.648311614990234,18462400,0.0,0.0
2020-06-11 00:00:00-04:00,46.9900016784668,47.0,43.63999938964844,43.66999816894531,36.51290512084961,35582000,0.0,0.0
2020-06-12 00:00:00-04:00,44.959999084472656,45.86000061035156,44.11000061035156,45.06999969482422,37.68345642089844,26125600,0.0,0.0
2020-06-15 00:00:00-04:00,44.119998931884766,45.7599983215332,43.93000030517578,45.349998474121094,37.917572021484375,21300100,0.0,0.0
2020-06-16 00:00:00-04:00,47.40999984741211,47.4900016784668,45.90999984741211,46.47999954223633,38.86236572265625,28074600,0.0,0.0
2020-06-17 00:00:00-04:00,46.75,46.81999969482422,45.900001525878906,46.16999816894531,38.60316848754883,20399100,0.0,0.0
2020-06-18 00:00:00-04:00,45.790000915527344,46.04999923706055,45.349998474121094,45.83000183105469,38.31890869140625,22423500,0.0,0.0
2020-06-19 00:00:00-04:00,46.2599983215332,46.5099983215332,45.04999923706055,45.31999969482422,37.89248275756836,36103200,0.0,0.0
2020-06-22 00:00:00-04:00,45.11000061035156,45.459999084472656,44.810001373291016,45.15999984741211,37.758705139160156,18398600,0.0,0.0
2020-06-23 00:00:00-04:00,45.91999816894531,46.150001525878906,45.31999969482422,45.470001220703125,38.01789093017578,23222400,0.0,0.0
2020-06-24 00:00:00-04:00,45.290000915527344,45.470001220703125,44.38999938964844,44.75,37.4159049987793,22840100,0.0,0.0
2020-06-25 00:00:00-04:00,44.77000045776367,45.31999969482422,44.20000076293945,45.220001220703125,37.808868408203125,19114900,0.0,0.0
2020-06-26 00:00:00-04:00,45.119998931884766,46.5099983215332,44.630001068115234,46.310001373291016,38.72023391723633,106928300,0.0,0.0
2020-06-29 00:00:00-04:00,46.34000015258789,46.45000076293945,45.66999816894531,46.150001525878906,38.586463928222656,23875400,0.0,0.0
2020-06-30 00:00:00-04:00,46.150001525878906,47.0099983215332,46.099998474121094,46.63999938964844,38.996150970458984,21888800,0.0,0.0
2020-07-01 00:00:00-04:00,46.540000915527344,46.720001220703125,46.0,46.060001373291016,38.51120376586914,17129500,0.0,0.0
2020-07-02 00:00:00-04:00,46.06999969482422,46.220001220703125,45.47999954223633,45.630001068115234,38.45222091674805,19632000,0.36,0.0
2020-07-06 00:00:00-04:00,46.06999969482422,46.4900016784668,45.869998931884766,46.41999816894531,39.11794662475586,16152900,0.0,0.0
2020-07-07 00:00:00-04:00,46.119998931884766,46.290000915527344,45.560001373291016,45.630001068115234,38.45222091674805,17102800,0.0,0.0
2020-07-08 00:00:00-04:00,45.59000015258789,46.06999969482422,45.31999969482422,45.810001373291016,38.603904724121094,15020800,0.0,0.0
2020-07-09 00:00:00-04:00,46.599998474121094,47.20000076293945,46.220001220703125,46.70000076293945,39.353912353515625,26027700,0.0,0.0
2020-07-10 00:00:00-04:00,46.72999954223633,46.91999816894531,46.2400016784668,46.65999984741211,39.3201904296875,13775700,0.0,0.0
2020-07-13 00:00:00-04:00,46.869998931884766,46.9900016784668,45.779998779296875,45.93000030517578,38.70502471923828,17965500,0.0,0.0
2020-07-14 00:00:00-04:00,45.4900016784668,46.5,45.40999984741211,46.2599983215332,38.98310852050781,19303500,0.0,0.0
2020-07-15 00:00:00-04:00,46.5,46.83000183105469,45.9900016784668,46.400001525878906,39.10109329223633,15705000,0.0,0.0
2020-07-16 00:00:00-04:00,45.70000076293945,45.83000183105469,45.20000076293945,45.779998779296875,38.578617095947266,17709400,0.0,0.0
2020-07-17 00:00:00-04:00,46.040000915527344,46.93000030517578,45.880001068115234,46.75,39.396034240722656,20389700,0.0,0.0
2020-07-20 00:00:00-04:00,46.66999816894531,47.099998474121094,46.2599983215332,46.970001220703125,39.5814323425293,15966500,0.0,0.0
2020-07-21 00:00:00-04:00,47.279998779296875,47.33000183105469,46.849998474121094,47.02000045776367,39.62356948852539,16044700,0.0,0.0
2020-07-22 00:00:00-04:00,47.02000045776367,47.11000061035156,46.529998779296875,46.900001525878906,39.52244567871094,27218300,0.0,0.0
2020-07-23 00:00:00-04:00,46.97999954223633,47.70000076293945,46.68000030517578,47.40999984741211,39.952213287353516,23750200,0.0,0.0
2020-07-24 00:00:00-04:00,47.4900016784668,47.63999938964844,46.11000061035156,46.400001525878906,39.10109329223633,16983600,0.0,0.0
2020-07-27 00:00:00-04:00,46.65999984741211,47.2599983215332,46.150001525878906,47.189998626708984,39.76682662963867,15576000,0.0,0.0
2020-07-28 00:00:00-04:00,46.97999954223633,47.08000183105469,46.209999084472656,46.279998779296875,38.99995803833008,13975300,0.0,0.0
2020-07-29 00:00:00-04:00,46.400001525878906,46.880001068115234,46.369998931884766,46.709999084472656,39.362335205078125,11618200,0.0,0.0
2020-07-30 00:00:00-04:00,46.130001068115234,46.459999084472656,45.380001068115234,46.439998626708984,39.13481140136719,15385100,0.0,0.0
2020-07-31 00:00:00-04:00,46.38999938964844,47.11000061035156,45.86000061035156,47.099998474121094,39.690982818603516,17701100,0.0,0.0
2020-08-03 00:00:00-04:00,47.13999938964844,47.36000061035156,46.68000030517578,47.15999984741211,39.741546630859375,14141100,0.0,0.0
2020-08-04 00:00:00-04:00,47.0099983215332,47.66999816894531,46.90999984741211,47.66999816894531,40.17131423950195,12839500,0.0,0.0
2020-08-05 00:00:00-04:00,47.66999816894531,47.72999954223633,47.04999923706055,47.33000183105469,39.884803771972656,13075600,0.0,0.0
2020-08-06 00:00:00-04:00,47.22999954223633,47.83000183105469,47.099998474121094,47.77000045776367,40.25558853149414,14190900,0.0,0.0
2020-08-07 00:00:00-04:00,47.33000183105469,47.599998474121094,47.029998779296875,47.43000030517578,39.96906661987305,17054300,0.0,0.0
2020-08-10 00:00:00-04:00,47.15999984741211,48.0,47.15999984741211,47.72999954223633,40.22188186645508,14999200,0.0,0.0
2020-08-11 00:00:00-04:00,47.900001525878906,48.45000076293945,47.09000015258789,47.189998626708984,39.76682662963867,18859600,0.0,0.0
2020-08-12 00:00:00-04:00,47.279998779296875,48.130001068115234,47.27000045776367,48.099998474121094,40.533668518066406,26823700,0.0,0.0
2020-08-13 00:00:00-04:00,43.790000915527344,43.84000015258789,42.380001068115234,42.720001220703125,35.99998092651367,91849500,0.0,0.0
2020-08-14 00:00:00-04:00,42.4900016784668,42.880001068115234,42.27000045776367,42.5,35.814579010009766,32539500,0.0,0.0
2020-08-17 00:00:00-04:00,42.54999923706055,42.7599983215332,41.86000061035156,42.09000015258789,35.46906661987305,30511700,0.0,0.0
2020-08-18 00:00:00-04:00,42.130001068115234,42.290000915527344,41.810001373291016,41.97999954223633,35.37637710571289,23344600,0.0,0.0
2020-08-19 00:00:00-04:00,42.099998474121094,42.349998474121094,41.779998779296875,41.869998931884766,35.28367233276367,20097400,0.0,0.0
2020-08-20 00:00:00-04:00,41.869998931884766,42.41999816894531,41.72999954223633,42.310001373291016,35.65447235107422,18443900,0.0,0.0
2020-08-21 00:00:00-04:00,42.04999923706055,42.29999923706055,41.810001373291016,42.25,35.60390090942383,17389600,0.0,0.0
2020-08-24 00:00:00-04:00,42.06999969482422,42.470001220703125,42.0,42.18000030517578,35.54490661621094,17742900,0.0,0.0
2020-08-25 00:00:00-04:00,42.22999954223633,42.29999923706055,41.779998779296875,41.959999084472656,35.359519958496094,15417400,0.0,0.0
2020-08-26 00:00:00-04:00,41.650001525878906,42.279998779296875,41.45000076293945,42.25,35.60390090942383,21625800,0.0,0.0
2020-08-27 00:00:00-04:00,42.400001525878906,42.470001220703125,42.02000045776367,42.290000915527344,35.63761520385742,22456800,0.0,0.0
2020-08-28 00:00:00-04:00,42.13999938964844,42.29999923706055,42.0,42.20000076293945,35.561767578125,16573600,0.0,0.0
2020-08-31 00:00:00-04:00,42.099998474121094,42.349998474121094,41.939998626708984,42.220001220703125,35.57862091064453,21298000,0.0,0.0
2020-09-01 00:00:00-04:00,42.0,42.06999969482422,41.5,42.029998779296875,35.41849899291992,23325100,0.0,0.0
2020-09-02 00:00:00-04:00,42.040000915527344,42.689998626708984,42.029998779296875,42.41999816894531,35.74715805053711,30045700,0.0,0.0
2020-09-03 00:00:00-04:00,41.75,41.83000183105469,40.66999816894531,40.95000076293945,34.50840759277344,39288100,0.0,0.0
2020-09-04 00:00:00-04:00,41.20000076293945,41.43000030517578,40.439998626708984,40.81999969482422,34.398841857910156,34867400,0.0,0.0
2020-09-08 00:00:00-04:00,40.04999923706055,40.61000061035156,39.970001220703125,40.0,33.70783615112305,29101800,0.0,0.0
2020-09-09 00:00:00-04:00,40.099998474121094,40.47999954223633,39.720001220703125,40.130001068115234,33.8173942565918,23351600,0.0,0.0
2020-09-10 00:00:00-04:00,40.029998779296875,40.63999938964844,39.41999816894531,39.56999969482422,33.34547424316406,25108800,0.0,0.0
2020-09-11 00:00:00-04:00,39.77000045776367,40.04999923706055,39.52000045776367,39.880001068115234,33.60671615600586,21853000,0.0,0.0
2020-09-14 00:00:00-04:00,40.220001220703125,40.63999938964844,40.04999923706055,40.369998931884766,34.01963806152344,19866700,0.0,0.0
2020-09-15 00:00:00-04:00,40.5099983215332,40.84000015258789,40.380001068115234,40.599998474121094,34.21345520019531,19024100,0.0,0.0
2020-09-16 00:00:00-04:00,40.720001220703125,41.16999816894531,40.38999938964844,40.41999816894531,34.061763763427734,24310200,0.0,0.0
2020-09-17 00:00:00-04:00,39.65999984741211,40.400001525878906,39.5099983215332,40.369998931884766,34.01963806152344,22225900,0.0,0.0
2020-09-18 00:00:00-04:00,40.18000030517578,40.31999969482422,39.58000183105469,39.810001373291016,33.547725677490234,44450800,0.0,0.0
2020-09-21 00:00:00-04:00,39.310001373291016,39.470001220703125,38.689998626708984,39.040000915527344,32.89885330200195,28495000,0.0,0.0
2020-09-22 00:00:00-04:00,39.18000030517578,39.459999084472656,38.880001068115234,39.31999969482422,33.13480758666992,17656800,0.0,0.0
2020-09-23 00:00:00-04:00,39.22999954223633,39.38999938964844,38.18000030517578,38.279998779296875,32.25840759277344,24843200,0.0,0.0
2020-09-24 00:00:00-04:00,38.0,38.15999984741211,37.599998474121094,37.849998474121094,31.896041870117188,30910400,0.0,0.0
2020-09-25 00:00:00-04:00,37.7599983215332,38.540000915527344,37.619998931884766,38.45000076293945,32.40166091918945,22966600,0.0,0.0
2020-09-28 00:00:00-04:00,39.20000076293945,39.290000915527344,38.790000915527344,39.130001068115234,32.97468948364258,24275700,0.0,0.0
2020-09-29 00:00:00-04:00,39.06999969482422,39.380001068115234,38.83000183105469,39.060001373291016,32.91571044921875,16353700,0.0,0.0
2020-09-30 00:00:00-04:00,39.09000015258789,39.70000076293945,39.02000045776367,39.38999938964844,33.19379425048828,27113200,0.0,0.0
2020-10-01 00:00:00-04:00,39.099998474121094,39.310001373291016,38.56999969482422,38.79999923706055,32.99818801879883,20763500,0.36,0.0
2020-10-02 00:00:00-04:00,38.04999923706055,38.54999923706055,37.970001220703125,38.27000045776367,32.547447204589844,24493000,0.0,0.0
2020-10-05 00:00:00-04:00,38.47999954223633,38.790000915527344,38.279998779296875,38.56999969482422,32.80257797241211,26929100,0.0,0.0
2020-10-06 00:00:00-04:00,38.5,39.349998474121094,38.400001525878906,38.56999969482422,32.80257797241211,28430800,0.0,0.0
2020-10-07 00:00:00-04:00,38.97999954223633,39.58000183105469,38.779998779296875,39.400001525878906,33.50846862792969,20593700,0.0,0.0
2020-10-08 00:00:00-04:00,39.79999923706055,40.18000030517578,39.65999984741211,39.790000915527344,33.84015655517578,19031300,0.0,0.0
2020-10-09 00:00:00-04:00,40.150001525878906,40.22999954223633,39.720001220703125,39.849998474121094,33.89117431640625,16167500,0.0,0.0
2020-10-12 00:00:00-04:00,39.93000030517578,40.529998779296875,39.630001068115234,40.36000061035156,34.32492446899414,22757200,0.0,0.0
2020-10-13 00:00:00-04:00,40.540000915527344,40.61000061035156,39.709999084472656,39.810001373291016,33.85716247558594,23438300,0.0,0.0
2020-10-14 00:00:00-04:00,39.849998474121094,40.41999816894531,39.7599983215332,39.88999938964844,33.925193786621094,16439100,0.0,0.0
2020-10-15 00:00:00-04:00,39.470001220703125,40.0,39.349998474121094,39.970001220703125,33.99324035644531,15451400,0.0,0.0
2020-10-16 00:00:00-04:00,39.880001068115234,40.29999923706055,39.54999923706055,40.15999984741211,34.15481948852539,21292500,0.0,0.0
2020-10-19 00:00:00-04:00,40.150001525878906,40.380001068115234,39.15999984741211,39.29999923706055,33.423423767089844,19600500,0.0,0.0
2020-10-20 00:00:00-04:00,39.439998626708984,39.5099983215332,39.029998779296875,39.20000076293945,33.3383674621582,16564900,0.0,0.0
2020-10-21 00:00:00-04:00,39.310001373291016,39.56999969482422,38.97999954223633,39.060001373291016,33.219303131103516,17016300,0.0,0.0
2020-10-22 00:00:00-04:00,38.849998474121094,38.959999084472656,38.380001068115234,38.81999969482422,33.015193939208984,20399000,0.0,0.0
2020-10-23 00:00:00-04:00,38.93000030517578,38.970001220703125,38.650001525878906,38.81999969482422,33.015193939208984,15556100,0.0,0.0
2020-10-26 00:00:00-04:00,38.400001525878906,38.43000030517578,37.150001525878906,37.66999816894531,32.03715133666992,29146500,0.0,0.0
2020-10-27 00:00:00-04:00,37.380001068115234,37.5,36.59000015258789,36.869998931884766,31.35677719116211,37911500,0.0,0.0
2020-10-28 00:00:00-04:00,36.31999969482422,36.5099983215332,35.68000030517578,35.709999084472656,30.370237350463867,34561500,0.0,0.0
2020-10-29 00:00:00-04:00,35.5099983215332,36.06999969482422,35.279998779296875,35.689998626708984,30.353229522705078,35332000,0.0,0.0
2020-10-30 00:00:00-04:00,35.599998474121094,35.93000030517578,35.4900016784668,35.900001525878906,30.531835556030273,29151200,0.0,0.0
2020-11-02 00:00:00-05:00,36.189998626708984,36.349998474121094,35.66999816894531,35.900001525878906,30.531835556030273,23483100,0.0,0.0
2020-11-03 00:00:00-05:00,36.36000061035156,37.33000183105469,36.29999923706055,36.68000030517578,31.1951904296875,27342900,0.0,0.0
2020-11-04 00:00:00-05:00,37.029998779296875,37.29999923706055,36.5,36.56999969482422,31.101638793945312,30121900,0.0,0.0
2020-11-05 00:00:00-05:00,37.02000045776367,37.29999923706055,36.90999984741211,37.22999954223633,31.662954330444336,23149700,0.0,0.0
2020-11-06 00:00:00-05:00,37.560001373291016,37.599998474121094,37.08000183105469,37.529998779296875,31.918092727661133,19475300,0.0,0.0
2020-11-09 00:00:00-05:00,39.91999816894531,40.22999954223633,38.119998931884766,38.20000076293945,32.48789978027344,42649500,0.0,0.0
2020-11-10 00:00:00-05:00,38.209999084472656,39.029998779296875,38.16999816894531,38.720001220703125,32.930145263671875,31514500,0.0,0.0
2020-11-11 00:00:00-05:00,39.0099983215332,39.45000076293945,38.439998626708984,39.33000183105469,33.44894027709961,27332800,0.0,0.0
2020-11-12 00:00:00-05:00,38.97999954223633,39.38999938964844,38.400001525878906,38.66999816894531,32.88762664794922,29368300,0.0,0.0
2020-11-13 00:00:00-05:00,41.20000076293945,41.52000045776367,40.560001373291016,41.400001525878906,35.20940399169922,49106400,0.0,0.0
2020-11-16 00:00:00-05:00,41.7400016784668,42.59000015258789,41.349998474121094,42.540000915527344,36.17893600463867,34572600,0.0,0.0
2020-11-17 00:00:00-05:00,41.91999816894531,42.349998474121094,41.619998931884766,41.880001068115234,35.61763381958008,23140900,0.0,0.0
2020-11-18 00:00:00-05:00,41.900001525878906,42.2400016784668,41.2599983215332,41.31999969482422,35.1413688659668,21327700,0.0,0.0
2020-11-19 00:00:00-05:00,41.0,41.369998931884766,40.77000045776367,41.16999816894531,35.01380157470703,22177700,0.0,0.0
2020-11-20 00:00:00-05:00,41.04999923706055,41.38999938964844,40.91999816894531,40.970001220703125,34.84370422363281,19776300,0.0,0.0
2020-11-23 00:00:00-05:00,41.029998779296875,41.79999923706055,41.02000045776367,41.63999938964844,35.413516998291016,19651400,0.0,0.0
2020-11-24 00:00:00-05:00,42.13999938964844,42.709999084472656,41.900001525878906,42.61000061035156,36.23847579956055,22849700,0.0,0.0
2020-11-25 00:00:00-05:00,42.779998779296875,42.79999923706055,42.209999084472656,42.5,36.14492416381836,22617700,0.0,0.0
2020-11-27 00:00:00-05:00,42.86000061035156,42.97999954223633,42.63999938964844,42.70000076293945,36.31501770019531,10769500,0.0,0.0
2020-11-30 00:00:00-05:00,42.439998626708984,43.04999923706055,42.40999984741211,43.02000045776367,36.587162017822266,34741600,0.0,0.0
2020-12-01 00:00:00-05:00,43.0099983215332,44.06999969482422,43.0099983215332,43.540000915527344,37.0294075012207,23942500,0.0,0.0
2020-12-02 00:00:00-05:00,43.38999938964844,43.959999084472656,43.349998474121094,43.88999938964844,37.32706832885742,17422200,0.0,0.0
2020-12-03 00:00:00-05:00,43.779998779296875,44.13999938964844,43.599998474121094,44.11000061035156,37.51417541503906,27710700,0.0,0.0
2020-12-04 00:00:00-05:00,43.88999938964844,44.5099983215332,43.88999938964844,44.380001068115234,37.743797302246094,17319800,0.0,0.0
2020-12-07 00:00:00-05:00,44.290000915527344,44.4900016784668,43.90999984741211,44.349998474121094,37.71827697753906,14086800,0.0,0.0
2020-12-08 00:00:00-05:00,44.209999084472656,44.529998779296875,43.93000030517578,44.369998931884766,37.73529815673828,13348500,0.0,0.0
2020-12-09 00:00:00-05:00,44.470001220703125,44.83000183105469,44.36000061035156,44.689998626708984,38.007450103759766,22679800,0.0,0.0
2020-12-10 00:00:00-05:00,44.540000915527344,44.61000061035156,44.11000061035156,44.31999969482422,37.692771911621094,17741500,0.0,0.0
2020-12-11 00:00:00-05:00,43.939998626708984,44.33000183105469,43.720001220703125,44.31999969482422,37.692771911621094,14577700,0.0,0.0
2020-12-14 00:00:00-05:00,44.27000045776367,44.90999984741211,44.150001525878906,44.2400016784668,37.6247444152832,16112300,0.0,0.0
2020-12-15 00:00:00-05:00,44.38999938964844,44.79999923706055,44.13999938964844,44.720001220703125,38.032958984375,18159400,0.0,0.0
2020-12-16 00:00:00-05:00,44.70000076293945,45.13999938964844,44.529998779296875,44.720001220703125,38.032958984375,16192000,0.0,0.0
2020-12-17 00:00:00-05:00,44.90999984741211,44.93000030517578,44.599998474121094,44.81999969482422,38.11800765991211,16141600,0.0,0.0
2020-12-18 00:00:00-05:00,44.900001525878906,45.56999969482422,44.77000045776367,45.439998626708984,38.645294189453125,41027000,0.0,0.0
2020-12-21 00:00:00-05:00,44.470001220703125,44.959999084472656,44.06999969482422,44.880001068115234,38.16904067993164,19865300,0.0,0.0
2020-12-22 00:00:00-05:00,44.439998626708984,45.06999969482422,44.439998626708984,44.689998626708984,38.007450103759766,16024000,0.0,0.0
2020-12-23 00:00:00-05:00,44.650001525878906,44.79999923706055,44.349998474121094,44.380001068115234,37.743797302246094,12032600,0.0,0.0
2020-12-24 00:00:00-05:00,44.45000076293945,44.59000015258789,44.22999954223633,44.540000915527344,37.879878997802734,5720500,0.0,0.0
2020-12-28 00:00:00-05:00,44.93000030517578,45.34000015258789,44.720001220703125,44.91999816894531,38.20305252075195,13458400,0.0,0.0
2020-12-29 00:00:00-05:00,44.970001220703125,45.25,44.529998779296875,44.63999938964844,37.964927673339844,11829000,0.0,0.0
2020-12-30 00:00:00-05:00,44.7400016784668,45.060001373291016,44.439998626708984,44.47999954223633,37.828857421875,11043100,0.0,0.0
2020-12-31 00:00:00-05:00,44.380001068115234,44.84000015258789,44.15999984741211,44.75,38.058475494384766,15105500,0.0,0.0
2021-01-04 00:00:00-05:00,44.310001373291016,44.369998931884766,43.349998474121094,43.959999084472656,37.689796447753906,24392500,0.36,0.0
2021-01-05 00:00:00-05:00,43.68000030517578,44.06999969482422,43.380001068115234,43.97999954223633,37.706966400146484,17763700,0.0,0.0
2021-01-06 00:00:00-05:00,44.130001068115234,44.869998931884766,43.88999938964844,44.400001525878906,38.06705856323242,21823100,0.0,0.0
2021-01-07 00:00:00-05:00,44.20000076293945,45.11000061035156,44.16999816894531,44.959999084472656,38.54716873168945,18218800,0.0,0.0
2021-01-08 00:00:00-05:00,44.47999954223633,45.40999984741211,44.25,45.060001373291016,38.63291931152344,20936300,0.0,0.0
2021-01-11 00:00:00-05:00,45.150001525878906,45.95000076293945,45.02000045776367,45.36000061035156,38.8901252746582,25058200,0.0,0.0
2021-01-12 00:00:00-05:00,45.29999923706055,45.93000030517578,44.959999084472656,45.790000915527344,39.25878143310547,20145000,0.0,0.0
2021-01-13 00:00:00-05:00,45.290000915527344,45.970001220703125,45.18000030517578,45.36000061035156,38.8901252746582,19367300,0.0,0.0
2021-01-14 00:00:00-05:00,44.869998931884766,45.599998474121094,44.849998474121094,45.150001525878906,38.7100715637207,22333500,0.0,0.0
2021-01-15 00:00:00-05:00,44.959999084472656,45.650001525878906,44.880001068115234,45.43000030517578,38.950138092041016,30271700,0.0,0.0
2021-01-19 00:00:00-05:00,45.33000183105469,45.630001068115234,44.77000045776367,45.189998626708984,38.74436950683594,28868800,0.0,0.0
2021-01-20 00:00:00-05:00,45.33000183105469,45.5,45.13999938964844,45.34000015258789,38.87297821044922,16499400,0.0,0.0
2021-01-21 00:00:00-05:00,45.20000076293945,45.2400016784668,44.720001220703125,45.11000061035156,38.675785064697266,17488400,0.0,0.0
2021-01-22 00:00:00-05:00,44.75,44.88999938964844,44.22999954223633,44.77000045776367,38.38427734375,14643400,0.0,0.0
2021-01-25 00:00:00-05:00,45.040000915527344,45.16999816894531,44.709999084472656,45.029998779296875,38.6071891784668,16581300,0.0,0.0
2021-01-26 00:00:00-05:00,44.88999938964844,45.349998474121094,44.77000045776367,45.2599983215332,38.80438995361328,13087800,0.0,0.0
2021-01-27 00:00:00-05:00,45.2400016784668,46.459999084472656,45.08000183105469,45.70000076293945,39.18162155151367,29634500,0.0,0.0
2021-01-28 00:00:00-05:00,45.90999984741211,46.27000045776367,45.29999923706055,45.34000015258789,38.87297821044922,21166000,0.0,0.0
2021-01-29 00:00:00-05:00,44.849998474121094,45.369998931884766,44.47999954223633,44.58000183105469,38.22137451171875,22608100,0.0,0.0
2021-02-01 00:00:00-05:00,44.91999816894531,45.630001068115234,44.65999984741211,45.400001525878906,38.92441940307617,16776900,0.0,0.0
2021-02-02 00:00:00-05:00,45.52000045776367,45.939998626708984,45.43000030517578,45.83000183105469,39.29308319091797,16520900,0.0,0.0
2021-02-03 00:00:00-05:00,45.75,46.15999984741211,45.540000915527344,45.77000045776367,39.24164581298828,13173600,0.0,0.0
2021-02-04 00:00:00-05:00,45.869998931884766,47.31999969482422,45.77000045776367,47.25,40.51054382324219,22285700,0.0,0.0
2021-02-05 00:00:00-05:00,47.56999969482422,48.34000015258789,47.5,48.08000183105469,41.2221565246582,25488600,0.0,0.0
2021-02-08 00:00:00-05:00,48.560001373291016,49.34000015258789,48.560001373291016,48.939998626708984,41.95949172973633,25215400,0.0,0.0
2021-02-09 00:00:00-05:00,48.77000045776367,48.83000183105469,48.40999984741211,48.5,41.582252502441406,24795000,0.0,0.0
2021-02-10 00:00:00-05:00,46.150001525878906,47.40999984741211,45.83000183105469,47.2400016784668,40.50197219848633,44540900,0.0,0.0
2021-02-11 00:00:00-05:00,47.349998474121094,47.90999984741211,47.20000076293945,47.58000183105469,40.79347610473633,18589900,0.0,0.0
2021-02-12 00:00:00-05:00,47.43000030517578,47.689998626708984,46.90999984741211,47.290000915527344,40.544837951660156,15239800,0.0,0.0
2021-02-16 00:00:00-05:00,47.2599983215332,47.2599983215332,46.400001525878906,46.5099983215332,39.87609100341797,18539000,0.0,0.0
2021-02-17 00:00:00-05:00,46.31999969482422,46.400001525878906,45.869998931884766,46.25,39.65317153930664,13296300,0.0,0.0
2021-02-18 00:00:00-05:00,46.38999938964844,46.400001525878906,45.689998626708984,46.34000015258789,39.73033905029297,16867500,0.0,0.0
2021-02-19 00:00:00-05:00,46.540000915527344,46.61000061035156,45.58000183105469,45.68000030517578,39.164485931396484,25117700,0.0,0.0
2021-02-22 00:00:00-05:00,45.290000915527344,45.68000030517578,44.81999969482422,45.43000030517578,38.950138092041016,21435800,0.0,0.0
2021-02-23 00:00:00-05:00,45.2599983215332,45.779998779296875,45.099998474121094,45.5099983215332,39.01872253417969,19714900,0.0,0.0
2021-02-24 00:00:00-05:00,45.2400016784668,45.79999923706055,45.040000915527344,45.7400016784668,39.21592330932617,17823600,0.0,0.0
2021-02-25 00:00:00-05:00,45.59000015258789,46.2400016784668,45.2400016784668,45.52000045776367,39.027305603027344,21916700,0.0,0.0
2021-02-26 00:00:00-05:00,45.58000183105469,45.779998779296875,44.7599983215332,44.869998931884766,38.470008850097656,22144900,0.0,0.0
2021-03-01 00:00:00-05:00,45.220001220703125,46.220001220703125,45.220001220703125,45.91999816894531,39.370243072509766,17394100,0.0,0.0
2021-03-02 00:00:00-05:00,45.93000030517578,46.08000183105469,45.41999816894531,45.52000045776367,39.027305603027344,14833000,0.0,0.0
2021-03-03 00:00:00-05:00,45.43000030517578,45.529998779296875,45.0,45.130001068115234,38.692928314208984,16851100,0.0,0.0
2021-03-04 00:00:00-05:00,45.13999938964844,45.470001220703125,44.150001525878906,44.560001373291016,38.20423126220703,24653500,0.0,0.0
2021-03-05 00:00:00-05:00,45.45000076293945,46.7400016784668,45.27000045776367,46.25,39.65317153930664,33197600,0.0,0.0
2021-03-08 00:00:00-05:00,46.2400016784668,48.400001525878906,46.20000076293945,47.5099983215332,40.733455657958984,34824500,0.0,0.0
2021-03-09 00:00:00-05:00,47.81999969482422,48.369998931884766,47.720001220703125,47.88999938964844,41.05924987792969,26512700,0.0,0.0
2021-03-10 00:00:00-05:00,48.470001220703125,48.790000915527344,48.189998626708984,48.290000915527344,41.40220260620117,19841500,0.0,0.0
2021-03-11 00:00:00-05:00,48.5099983215332,49.08000183105469,48.22999954223633,48.79999923706055,41.839454650878906,21976600,0.0,0.0
2021-03-12 00:00:00-05:00,48.810001373291016,48.9900016784668,48.470001220703125,48.81999969482422,41.85660934448242,15196500,0.0,0.0
2021-03-15 00:00:00-04:00,48.900001525878906,49.439998626708984,48.900001525878906,49.40999984741211,42.362449645996094,15523600,0.0,0.0
2021-03-16 00:00:00-04:00,49.189998626708984,49.7400016784668,49.189998626708984,49.66999816894531,42.58536911010742,17282300,0.0,0.0
2021-03-17 00:00:00-04:00,49.61000061035156,49.61000061035156,48.88999938964844,49.41999816894531,42.37102127075195,18326900,0.0,0.0
2021-03-18 00:00:00-04:00,48.52000045776367,49.56999969482422,48.52000045776367,48.79999923706055,41.839454650878906,18416900,0.0,0.0
2021-03-19 00:00:00-04:00,48.709999084472656,49.220001220703125,48.31999969482422,48.97999954223633,41.99379348754883,65366800,0.0,0.0
2021-03-22 00:00:00-04:00,48.939998626708984,50.380001068115234,48.939998626708984,50.29999923706055,43.12550735473633,28813900,0.0,0.0
2021-03-23 00:00:00-04:00,50.02000045776367,50.68000030517578,49.900001525878906,50.0099983215332,42.876861572265625,28328200,0.0,0.0
2021-03-24 00:00:00-04:00,49.939998626708984,50.45000076293945,49.619998931884766,49.650001525878906,42.56822967529297,26444700,0.0,0.0
2021-03-25 00:00:00-04:00,50.58000183105469,51.400001525878906,50.290000915527344,50.5099983215332,43.3055534362793,34537700,0.0,0.0
2021-03-26 00:00:00-04:00,50.599998474121094,52.63999938964844,50.560001373291016,52.56999969482422,45.07172775268555,31997000,0.0,0.0
2021-03-29 00:00:00-04:00,52.400001525878906,52.939998626708984,52.279998779296875,52.52000045776367,45.02886199951172,25032800,0.0,0.0
2021-03-30 00:00:00-04:00,52.11000061035156,52.290000915527344,51.18000030517578,51.77000045776367,44.38584518432617,22465100,0.0,0.0
2021-03-31 00:00:00-04:00,51.83000183105469,52.04999923706055,51.54999923706055,51.709999084472656,44.33440399169922,22212400,0.0,0.0
2021-04-01 00:00:00-04:00,51.75,52.06999969482422,51.349998474121094,51.97999954223633,44.56587600708008,17896200,0.0,0.0
2021-04-05 00:00:00-04:00,51.630001068115234,52.91999816894531,51.630001068115234,52.40999984741211,45.256690979003906,19860900,0.37,0.0
2021-04-06 00:00:00-04:00,51.97999954223633,52.220001220703125,51.779998779296875,52.029998779296875,44.92856216430664,15126100,0.0,0.0
2021-04-07 00:00:00-04:00,52.0099983215332,52.13999938964844,51.58000183105469,51.77000045776367,44.70404815673828,15783600,0.0,0.0
2021-04-08 00:00:00-04:00,51.939998626708984,52.0,51.45000076293945,51.90999984741211,44.8249397277832,15111300,0.0,0.0
2021-04-09 00:00:00-04:00,51.83000183105469,52.150001525878906,51.68000030517578,52.09000015258789,44.98037338256836,13135800,0.0,0.0
2021-04-12 00:00:00-04:00,52.06999969482422,52.15999984741211,51.470001220703125,51.56999969482422,44.531333923339844,16441700,0.0,0.0
2021-04-13 00:00:00-04:00,51.63999938964844,51.880001068115234,51.34000015258789,51.65999984741211,44.60905838012695,13353200,0.0,0.0
2021-04-14 00:00:00-04:00,51.5099983215332,51.68000030517578,51.13999938964844,51.369998931884766,44.358638763427734,15376600,0.0,0.0
2021-04-15 00:00:00-04:00,51.7599983215332,51.939998626708984,51.369998931884766,51.63999938964844,44.59178161621094,17869800,0.0,0.0
2021-04-16 00:00:00-04:00,52.45000076293945,53.18000030517578,52.2599983215332,52.79999923706055,45.593467712402344,28327900,0.0,0.0
2021-04-19 00:00:00-04:00,52.529998779296875,52.959999084472656,52.4900016784668,52.849998474121094,45.63663864135742,20245600,0.0,0.0
2021-04-20 00:00:00-04:00,52.59000015258789,52.790000915527344,51.599998474121094,51.790000915527344,44.7213134765625,21257500,0.0,0.0
2021-04-21 00:00:00-04:00,51.84000015258789,52.06999969482422,51.47999954223633,51.93000030517578,44.84220886230469,14015500,0.0,0.0
2021-04-22 00:00:00-04:00,51.810001373291016,52.09000015258789,51.380001068115234,51.5,44.47090530395508,15564800,0.0,0.0
2021-04-23 00:00:00-04:00,51.5,52.130001068115234,51.18000030517578,51.90999984741211,44.8249397277832,14016800,0.0,0.0
2021-04-26 00:00:00-04:00,51.650001525878906,51.77000045776367,51.5,51.63999938964844,44.59178161621094,13778200,0.0,0.0
2021-04-27 00:00:00-04:00,51.58000183105469,51.66999816894531,51.349998474121094,51.369998931884766,44.358638763427734,13601000,0.0,0.0
2021-04-28 00:00:00-04:00,51.560001373291016,51.77000045776367,50.91999816894531,51.11000061035156,44.13412857055664,14984000,0.0,0.0
2021-04-29 00:00:00-04:00,51.18000030517578,51.599998474121094,50.97999954223633,51.459999084472656,44.436363220214844,13916600,0.0,0.0
2021-04-30 00:00:00-04:00,51.220001220703125,51.22999954223633,50.40999984741211,50.90999984741211,43.9614143371582,19930200,0.0,0.0
2021-05-03 00:00:00-04:00,51.209999084472656,51.400001525878906,50.810001373291016,51.16999816894531,44.18593215942383,13465900,0.0,0.0
2021-05-04 00:00:00-04:00,51.11000061035156,51.22999954223633,50.29999923706055,50.709999084472656,43.788726806640625,18164800,0.0,0.0
2021-05-05 00:00:00-04:00,50.9900016784668,51.25,50.68000030517578,51.130001068115234,44.15140151977539,16205300,0.0,0.0
2021-05-06 00:00:00-04:00,51.06999969482422,52.709999084472656,50.95000076293945,52.439998626708984,45.282588958740234,27106800,0.0,0.0
2021-05-07 00:00:00-04:00,52.47999954223633,53.68000030517578,52.220001220703125,53.43000030517578,46.137481689453125,24146000,0.0,0.0
2021-05-10 00:00:00-04:00,53.970001220703125,54.13999938964844,53.15999984741211,53.15999984741211,45.90432357788086,23845600,0.0,0.0
2021-05-11 00:00:00-04:00,53.099998474121094,53.11000061035156,52.11000061035156,52.83000183105469,45.6193733215332,20220900,0.0,0.0
2021-05-12 00:00:00-04:00,52.18000030517578,52.43000030517578,51.470001220703125,51.599998474121094,44.55724334716797,22123300,0.0,0.0
2021-05-13 00:00:00-04:00,52.11000061035156,52.810001373291016,51.880001068115234,52.4900016784668,45.325775146484375,15864000,0.0,0.0
2021-05-14 00:00:00-04:00,52.93000030517578,53.220001220703125,52.599998474121094,52.900001525878906,45.6798210144043,14789400,0.0,0.0
2021-05-17 00:00:00-04:00,52.7599983215332,53.150001525878906,52.68000030517578,52.939998626708984,45.714351654052734,15731000,0.0,0.0
2021-05-18 00:00:00-04:00,52.79999923706055,53.34000015258789,52.7400016784668,52.93000030517578,45.705726623535156,20177200,0.0,0.0
2021-05-19 00:00:00-04:00,51.880001068115234,52.65999984741211,51.86000061035156,52.470001220703125,45.30850601196289,29187900,0.0,0.0
2021-05-20 00:00:00-04:00,50.40999984741211,52.970001220703125,50.099998474121094,52.849998474121094,45.63663864135742,48830800,0.0,0.0
2021-05-21 00:00:00-04:00,52.77000045776367,52.93000030517578,52.2400016784668,52.43000030517578,45.27395248413086,24468400,0.0,0.0
2021-05-24 00:00:00-04:00,52.959999084472656,53.77000045776367,52.790000915527344,53.38999938964844,46.10293197631836,21128900,0.0,0.0
2021-05-25 00:00:00-04:00,53.369998931884766,53.58000183105469,53.13999938964844,53.310001373291016,46.03385925292969,20657200,0.0,0.0
2021-05-26 00:00:00-04:00,53.349998474121094,53.61000061035156,52.81999969482422,52.90999984741211,45.68844985961914,18671200,0.0,0.0
2021-05-27 00:00:00-04:00,52.93000030517578,53.349998474121094,52.58000183105469,52.91999816894531,45.697086334228516,56216100,0.0,0.0
2021-05-28 00:00:00-04:00,53.18000030517578,53.220001220703125,52.84000015258789,52.900001525878906,45.6798210144043,14863500,0.0,0.0
2021-06-01 00:00:00-04:00,52.959999084472656,53.31999969482422,52.43000030517578,52.619998931884766,45.43803405761719,15741700,0.0,0.0
2021-06-02 00:00:00-04:00,52.650001525878906,52.9900016784668,52.400001525878906,52.959999084472656,45.731632232666016,14529300,0.0,0.0
2021-06-03 00:00:00-04:00,52.79999923706055,53.560001373291016,52.619998931884766,53.33000183105469,46.051124572753906,17593100,0.0,0.0
2021-06-04 00:00:00-04:00,53.439998626708984,54.16999816894531,53.439998626708984,54.06999969482422,46.690120697021484,11676700,0.0,0.0
2021-06-07 00:00:00-04:00,54.31999969482422,54.439998626708984,53.790000915527344,53.91999816894531,46.56060028076172,14899800,0.0,0.0
2021-06-08 00:00:00-04:00,53.970001220703125,54.38999938964844,53.88999938964844,54.130001068115234,46.74193572998047,15329700,0.0,0.0
2021-06-09 00:00:00-04:00,54.18000030517578,54.41999816894531,53.939998626708984,54.02000045776367,46.64694595336914,14860900,0.0,0.0
2021-06-10 00:00:00-04:00,54.43000030517578,55.08000183105469,54.27000045776367,55.029998779296875,47.51908874511719,22183500,0.0,0.0
2021-06-11 00:00:00-04:00,55.189998626708984,55.349998474121094,54.540000915527344,54.77000045776367,47.294578552246094,17134000,0.0,0.0
2021-06-14 00:00:00-04:00,54.38999938964844,54.529998779296875,53.529998779296875,54.16999816894531,46.77647018432617,15131400,0.0,0.0
2021-06-15 00:00:00-04:00,54.22999954223633,54.31999969482422,53.72999954223633,53.790000915527344,46.44834899902344,12542600,0.0,0.0
2021-06-16 00:00:00-04:00,53.849998474121094,53.91999816894531,53.130001068115234,53.470001220703125,46.172019958496094,15477900,0.0,0.0
2021-06-17 00:00:00-04:00,53.40999984741211,53.54999923706055,53.0099983215332,53.130001068115234,45.87841796875,18288400,0.0,0.0
2021-06-18 00:00:00-04:00,52.810001373291016,52.84000015258789,51.880001068115234,52.06999969482422,44.96310043334961,35758300,0.0,0.0
2021-06-21 00:00:00-04:00,52.369998931884766,53.40999984741211,52.290000915527344,53.18000030517578,45.921592712402344,17682200,0.0,0.0
2021-06-22 00:00:00-04:00,53.29999923706055,53.36000061035156,52.810001373291016,53.2599983215332,45.99067306518555,16451200,0.0,0.0
2021-06-23 00:00:00-04:00,53.27000045776367,53.290000915527344,52.59000015258789,52.7599983215332,45.558921813964844,14749800,0.0,0.0
2021-06-24 00:00:00-04:00,52.939998626708984,53.04999923706055,52.61000061035156,52.779998779296875,45.57618713378906,13974300,0.0,0.0
2021-06-25 00:00:00-04:00,52.77000045776367,53.20000076293945,52.650001525878906,53.060001373291016,45.8179817199707,16682700,0.0,0.0
2021-06-28 00:00:00-04:00,53.15999984741211,53.290000915527344,52.91999816894531,52.959999084472656,45.731632232666016,14008700,0.0,0.0
2021-06-29 00:00:00-04:00,52.88999938964844,53.189998626708984,52.77000045776367,52.90999984741211,45.68844985961914,10926100,0.0,0.0
2021-06-30 00:00:00-04:00,52.95000076293945,53.06999969482422,52.619998931884766,53.0,45.76616668701172,15826400,0.0,0.0
2021-07-01 00:00:00-04:00,53.04999923706055,53.599998474121094,53.0,53.439998626708984,46.14610290527344,15074800,0.0,0.0
2021-07-02 00:00:00-04:00,53.189998626708984,53.619998931884766,52.84000015258789,53.540000915527344,46.55479431152344,15066000,0.37,0.0
2021-07-06 00:00:00-04:00,53.220001220703125,53.36000061035156,52.34000015258789,52.97999954223633,46.06786346435547,19394500,0.0,0.0
2021-07-07 00:00:00-04:00,53.06999969482422,53.29999923706055,52.66999816894531,53.2599983215332,46.31132125854492,14411600,0.0,0.0
2021-07-08 00:00:00-04:00,53.15999984741211,53.720001220703125,52.90999984741211,53.2599983215332,46.31132125854492,15691800,0.0,0.0
2021-07-09 00:00:00-04:00,53.36000061035156,53.93000030517578,53.290000915527344,53.7400016784668,46.728702545166016,14673400,0.0,0.0
2021-07-12 00:00:00-04:00,54.040000915527344,54.040000915527344,53.130001068115234,53.22999954223633,46.28522872924805,14000600,0.0,0.0
2021-07-13 00:00:00-04:00,53.34000015258789,53.58000183105469,53.20000076293945,53.31999969482422,46.36349105834961,9927400,0.0,0.0
2021-07-14 00:00:00-04:00,53.5,54.20000076293945,53.34000015258789,54.09000015258789,47.03303909301758,17113700,0.0,0.0
2021-07-15 00:00:00-04:00,53.84000015258789,53.869998931884766,53.2400016784668,53.650001525878906,46.65044403076172,14952400,0.0,0.0
2021-07-16 00:00:00-04:00,53.880001068115234,54.40999984741211,53.650001525878906,53.70000076293945,46.69392395019531,14144900,0.0,0.0
2021-07-19 00:00:00-04:00,53.66999816894531,53.70000076293945,52.72999954223633,53.060001373291016,46.13742446899414,19925300,0.0,0.0
2021-07-20 00:00:00-04:00,53.279998779296875,53.93000030517578,53.189998626708984,53.58000183105469,46.58956527709961,17250200,0.0,0.0
2021-07-21 00:00:00-04:00,53.81999969482422,53.900001525878906,53.41999816894531,53.880001068115234,46.85042953491211,14068600,0.0,0.0
2021-07-22 00:00:00-04:00,53.90999984741211,54.54999923706055,53.779998779296875,54.540000915527344,47.42433166503906,15729800,0.0,0.0
2021-07-23 00:00:00-04:00,54.88999938964844,55.34000015258789,54.5099983215332,55.22999954223633,48.02429962158203,13042500,0.0,0.0
2021-07-26 00:00:00-04:00,55.130001068115234,55.650001525878906,55.130001068115234,55.470001220703125,48.23299789428711,10097400,0.0,0.0
2021-07-27 00:00:00-04:00,55.380001068115234,55.40999984741211,54.790000915527344,55.279998779296875,48.067771911621094,14738700,0.0,0.0
2021-07-28 00:00:00-04:00,55.459999084472656,55.52000045776367,54.40999984741211,54.77000045776367,47.62431335449219,18835700,0.0,0.0
2021-07-29 00:00:00-04:00,55.0,55.349998474121094,54.900001525878906,55.06999969482422,47.88517761230469,10680200,0.0,0.0
2021-07-30 00:00:00-04:00,55.08000183105469,55.4900016784668,55.0099983215332,55.369998931884766,48.14604187011719,13438800,0.0,0.0
2021-08-02 00:00:00-04:00,55.599998474121094,55.939998626708984,55.2599983215332,55.45000076293945,48.215599060058594,12468800,0.0,0.0
2021-08-03 00:00:00-04:00,55.540000915527344,56.41999816894531,55.27000045776367,56.25,48.91122817993164,17357400,0.0,0.0
2021-08-04 00:00:00-04:00,56.369998931884766,56.369998931884766,55.470001220703125,55.689998626708984,48.42428970336914,11662400,0.0,0.0
2021-08-05 00:00:00-04:00,55.52000045776367,55.97999954223633,55.5,55.7599983215332,48.48515701293945,10785200,0.0,0.0
2021-08-06 00:00:00-04:00,55.470001220703125,55.95000076293945,55.150001525878906,55.59000015258789,48.33734130859375,18386100,0.0,0.0
2021-08-09 00:00:00-04:00,55.81999969482422,56.06999969482422,55.400001525878906,55.470001220703125,48.23299789428711,8707200,0.0,0.0
2021-08-10 00:00:00-04:00,55.5,55.66999816894531,55.25,55.61000061035156,48.354732513427734,10441900,0.0,0.0
2021-08-11 00:00:00-04:00,55.88999938964844,56.0099983215332,55.599998474121094,55.86000061035156,48.57210922241211,12604500,0.0,0.0
2021-08-12 00:00:00-04:00,55.849998474121094,56.45000076293945,55.65999984741211,56.38999938964844,49.032958984375,11209700,0.0,0.0
2021-08-13 00:00:00-04:00,56.38999938964844,56.619998931884766,56.2599983215332,56.470001220703125,49.1025276184082,10841700,0.0,0.0
2021-08-16 00:00:00-04:00,56.29999923706055,56.43000030517578,55.93000030517578,56.279998779296875,48.93731689453125,14407400,0.0,0.0
2021-08-17 00:00:00-04:00,55.869998931884766,56.02000045776367,55.630001068115234,56.0099983215332,48.70254135131836,11987500,0.0,0.0
2021-08-18 00:00:00-04:00,55.790000915527344,56.13999938964844,55.029998779296875,55.150001525878906,47.95475387573242,17111700,0.0,0.0
2021-08-19 00:00:00-04:00,54.7599983215332,57.4900016784668,54.59000015258789,57.27000045776367,49.79814910888672,39881600,0.0,0.0
2021-08-20 00:00:00-04:00,57.25,58.34000015258789,56.849998474121094,58.220001220703125,50.62420654296875,21876500,0.0,0.0
2021-08-23 00:00:00-04:00,57.849998474121094,58.70000076293945,57.7400016784668,58.540000915527344,50.902462005615234,16225400,0.0,0.0
2021-08-24 00:00:00-04:00,58.4900016784668,59.43000030517578,58.43000030517578,59.31999969482422,51.5806884765625,17658300,0.0,0.0
2021-08-25 00:00:00-04:00,59.540000915527344,60.27000045776367,59.16999816894531,59.349998474121094,51.606773376464844,18069600,0.0,0.0
2021-08-26 00:00:00-04:00,59.41999816894531,59.630001068115234,58.9900016784668,59.20000076293945,51.47634506225586,13729400,0.0,0.0
2021-08-27 00:00:00-04:00,59.27000045776367,59.349998474121094,58.86000061035156,59.02000045776367,51.3198356628418,14795200,0.0,0.0
2021-08-30 00:00:00-04:00,58.97999954223633,59.220001220703125,58.79999923706055,59.130001068115234,51.41548538208008,11798600,0.0,0.0
2021-08-31 00:00:00-04:00,59.11000061035156,59.18000030517578,58.58000183105469,59.02000045776367,51.3198356628418,19873900,0.0,0.0
2021-09-01 00:00:00-04:00,59.02000045776367,59.13999938964844,58.65999984741211,59.040000915527344,51.33723068237305,11629700,0.0,0.0
2021-09-02 00:00:00-04:00,59.349998474121094,59.720001220703125,59.060001373291016,59.529998779296875,51.7632942199707,12855700,0.0,0.0
2021-09-03 00:00:00-04:00,59.33000183105469,59.65999984741211,59.279998779296875,59.41999816894531,51.66764831542969,9732200,0.0,0.0
2021-09-07 00:00:00-04:00,59.2400016784668,59.369998931884766,58.75,58.880001068115234,51.19809341430664,15503600,0.0,0.0
2021-09-08 00:00:00-04:00,58.54999923706055,58.93000030517578,58.4900016784668,58.68000030517578,51.02419662475586,13124500,0.0,0.0
2021-09-09 00:00:00-04:00,58.45000076293945,58.939998626708984,58.25,58.599998474121094,50.954620361328125,14958800,0.0,0.0
2021-09-10 00:00:00-04:00,58.75,58.95000076293945,57.81999969482422,57.88999938964844,50.337257385253906,13622100,0.0,0.0
2021-09-13 00:00:00-04:00,58.15999984741211,58.529998779296875,57.72999954223633,58.099998474121094,50.519866943359375,13553200,0.0,0.0
2021-09-14 00:00:00-04:00,58.2400016784668,58.470001220703125,57.65999984741211,57.869998931884766,50.319881439208984,12810300,0.0,0.0
2021-09-15 00:00:00-04:00,57.779998779296875,59.599998474121094,57.060001373291016,57.560001373291016,50.05031967163086,37524600,0.0,0.0
2021-09-16 00:00:00-04:00,58.310001373291016,58.81999969482422,57.130001068115234,57.33000183105469,49.8503303527832,24029600,0.0,0.0
2021-09-17 00:00:00-04:00,57.38999938964844,57.45000076293945,56.470001220703125,56.849998474121094,49.43294143676758,40262700,0.0,0.0
2021-09-20 00:00:00-04:00,56.380001068115234,56.400001525878906,55.290000915527344,55.88999938964844,48.59819793701172,21897000,0.0,0.0
2021-09-21 00:00:00-04:00,55.959999084472656,56.369998931884766,55.22999954223633,55.2599983215332,48.050384521484375,18700600,0.0,0.0
2021-09-22 00:00:00-04:00,55.7599983215332,56.130001068115234,55.369998931884766,55.52000045776367,48.27647018432617,17940600,0.0,0.0
2021-09-23 00:00:00-04:00,55.70000076293945,56.900001525878906,55.599998474121094,56.689998626708984,49.2938232421875,16262500,0.0,0.0
2021-09-24 00:00:00-04:00,56.45000076293945,56.810001373291016,56.220001220703125,56.72999954223633,49.32859802246094,13156400,0.0,0.0
2021-09-27 00:00:00-04:00,56.459999084472656,56.66999816894531,56.04999923706055,56.220001220703125,48.8851432800293,13859500,0.0,0.0
2021-09-28 00:00:00-04:00,55.779998779296875,55.9900016784668,55.40999984741211,55.52000045776367,48.27647018432617,17803200,0.0,0.0
2021-09-29 00:00:00-04:00,55.619998931884766,55.97999954223633,55.34000015258789,55.47999954223633,48.24169158935547,14051700,0.0,0.0
2021-09-30 00:00:00-04:00,55.79999923706055,55.900001525878906,54.40999984741211,54.43000030517578,47.328670501708984,18538000,0.0,0.0
2021-10-01 00:00:00-04:00,54.599998474121094,55.40999984741211,54.040000915527344,55.13999938964844,47.946041107177734,18338000,0.0,0.0
2021-10-04 00:00:00-04:00,54.5,54.68000030517578,53.95000076293945,54.22999954223633,47.47332763671875,17084100,0.37,0.0
2021-10-05 00:00:00-04:00,54.130001068115234,55.029998779296875,54.130001068115234,54.689998626708984,47.876014709472656,14135000,0.0,0.0
2021-10-06 00:00:00-04:00,54.349998474121094,54.380001068115234,52.97999954223633,53.939998626708984,47.219459533691406,26339200,0.0,0.0
2021-10-07 00:00:00-04:00,54.4900016784668,55.40999984741211,54.349998474121094,55.02000045776367,48.16489791870117,14725500,0.0,0.0
2021-10-08 00:00:00-04:00,55.20000076293945,55.29999923706055,54.75,55.08000183105469,48.21742630004883,9255500,0.0,0.0
2021-10-11 00:00:00-04:00,55.25,55.380001068115234,54.900001525878906,54.93000030517578,48.08610534667969,8117600,0.0,0.0
2021-10-12 00:00:00-04:00,54.9900016784668,55.060001373291016,54.06999969482422,54.279998779296875,47.51709747314453,14241900,0.0,0.0
2021-10-13 00:00:00-04:00,54.31999969482422,54.75,54.08000183105469,54.619998931884766,47.81473922729492,13737100,0.0,0.0
2021-10-14 00:00:00-04:00,55.09000015258789,55.849998474121094,54.97999954223633,55.650001525878906,48.716400146484375,14455900,0.0,0.0
2021-10-15 00:00:00-04:00,55.88999938964844,55.88999938964844,54.959999084472656,55.25,48.366241455078125,15202200,0.0,0.0
2021-10-18 00:00:00-04:00,55.040000915527344,55.4900016784668,54.56999969482422,55.189998626708984,48.3137092590332,10989600,0.0,0.0
2021-10-19 00:00:00-04:00,55.290000915527344,55.779998779296875,55.029998779296875,55.7400016784668,48.795188903808594,13258400,0.0,0.0
2021-10-20 00:00:00-04:00,55.79999923706055,56.22999954223633,55.79999923706055,56.20000076293945,49.1978759765625,11613600,0.0,0.0
2021-10-21 00:00:00-04:00,56.040000915527344,56.119998931884766,55.529998779296875,55.689998626708984,48.75142288208008,12619900,0.0,0.0
2021-10-22 00:00:00-04:00,55.54999923706055,55.86000061035156,54.939998626708984,55.11000061035156,48.243682861328125,15026600,0.0,0.0
2021-10-25 00:00:00-04:00,55.11000061035156,55.41999816894531,54.810001373291016,55.13999938964844,48.26994323730469,10218900,0.0,0.0
2021-10-26 00:00:00-04:00,55.560001373291016,56.349998474121094,55.400001525878906,55.810001373291016,48.856468200683594,15250000,0.0,0.0
2021-10-27 00:00:00-04:00,56.130001068115234,56.720001220703125,55.93000030517578,56.18000030517578,49.18036651611328,16279000,0.0,0.0
2021-10-28 00:00:00-04:00,56.22999954223633,56.689998626708984,55.88999938964844,56.2400016784668,49.2328987121582,11209200,0.0,0.0
2021-10-29 00:00:00-04:00,56.31999969482422,56.58000183105469,55.86000061035156,55.970001220703125,48.99654006958008,13550400,0.0,0.0
2021-11-01 00:00:00-04:00,55.869998931884766,56.25,55.5,56.099998474121094,49.11033248901367,14341400,0.0,0.0
2021-11-02 00:00:00-04:00,56.369998931884766,57.869998931884766,56.279998779296875,57.619998931884766,50.440956115722656,22097900,0.0,0.0
2021-11-03 00:00:00-04:00,57.58000183105469,57.93000030517578,57.119998931884766,57.650001525878906,50.46722412109375,13219400,0.0,0.0
2021-11-04 00:00:00-04:00,57.599998474121094,57.689998626708984,56.560001373291016,57.119998931884766,50.00324249267578,18070400,0.0,0.0
2021-11-05 00:00:00-04:00,57.380001068115234,57.79999923706055,56.93000030517578,57.06999969482422,49.9594841003418,15637700,0.0,0.0
2021-11-08 00:00:00-05:00,57.099998474121094,57.52000045776367,56.59000015258789,57.0,49.8982048034668,15045300,0.0,0.0
2021-11-09 00:00:00-05:00,57.06999969482422,57.630001068115234,56.900001525878906,57.439998626708984,50.28337860107422,14459800,0.0,0.0
2021-11-10 00:00:00-05:00,57.900001525878906,58.630001068115234,57.689998626708984,57.77000045776367,50.572269439697266,17876300,0.0,0.0
2021-11-11 00:00:00-05:00,57.56999969482422,57.77000045776367,56.689998626708984,56.7599983215332,49.688106536865234,17440700,0.0,0.0
2021-11-12 00:00:00-05:00,56.970001220703125,57.150001525878906,56.310001373291016,56.81999969482422,49.74062728881836,16663600,0.0,0.0
2021-11-15 00:00:00-05:00,56.93000030517578,57.70000076293945,56.83000183105469,57.27000045776367,50.134559631347656,19041800,0.0,0.0
2021-11-16 00:00:00-05:00,57.2400016784668,58.08000183105469,56.93000030517578,57.0,49.8982048034668,21136900,0.0,0.0
2021-11-17 00:00:00-05:00,56.61000061035156,57.13999938964844,56.27000045776367,56.7599983215332,49.688106536865234,31496300,0.0,0.0
2021-11-18 00:00:00-05:00,52.72999954223633,53.93000030517578,51.08000183105469,53.630001068115234,46.948081970214844,70834000,0.0,0.0
2021-11-19 00:00:00-05:00,53.54999923706055,53.689998626708984,52.779998779296875,53.25,46.61542892456055,30030800,0.0,0.0
2021-11-22 00:00:00-05:00,53.349998474121094,55.529998779296875,53.29999923706055,54.599998474121094,47.7972297668457,39949300,0.0,0.0
2021-11-23 00:00:00-05:00,54.61000061035156,55.58000183105469,54.470001220703125,55.29999923706055,48.410011291503906,25653100,0.0,0.0
2021-11-24 00:00:00-05:00,55.150001525878906,55.75,55.150001525878906,55.540000915527344,48.62010955810547,19328700,0.0,0.0
2021-11-26 00:00:00-05:00,54.459999084472656,55.189998626708984,54.459999084472656,54.66999816894531,47.85850524902344,16730300,0.0,0.0
2021-11-29 00:00:00-05:00,55.13999938964844,56.189998626708984,54.83000183105469,55.7599983215332,48.81269454956055,25724500,0.0,0.0
2021-11-30 00:00:00-05:00,55.58000183105469,55.599998474121094,54.150001525878906,54.84000015258789,48.007328033447266,45141300,0.0,0.0
2021-12-01 00:00:00-05:00,55.529998779296875,56.380001068115234,54.93000030517578,55.029998779296875,48.17364501953125,24120500,0.0,0.0
2021-12-02 00:00:00-05:00,55.150001525878906,56.61000061035156,55.08000183105469,56.150001525878906,49.15410614013672,22384700,0.0,0.0
2021-12-03 00:00:00-05:00,56.29999923706055,56.81999969482422,55.66999816894531,56.22999954223633,49.224143981933594,26235400,0.0,0.0
2021-12-06 00:00:00-05:00,56.70000076293945,57.16999816894531,56.470001220703125,56.959999084472656,49.863189697265625,23172800,0.0,0.0
2021-12-07 00:00:00-05:00,57.099998474121094,58.220001220703125,57.0099983215332,58.08000183105469,50.84364318847656,24254800,0.0,0.0
2021-12-08 00:00:00-05:00,58.08000183105469,58.130001068115234,56.630001068115234,57.02000045776367,49.915714263916016,23631300,0.0,0.0
2021-12-09 00:00:00-05:00,57.20000076293945,57.83000183105469,56.93000030517578,57.54999923706055,50.37968063354492,16480200,0.0,0.0
2021-12-10 00:00:00-05:00,57.90999984741211,59.34000015258789,57.90999984741211,59.25,51.86787414550781,19901500,0.0,0.0
2021-12-13 00:00:00-05:00,59.099998474121094,59.5099983215332,58.540000915527344,58.61000061035156,51.30760955810547,18496300,0.0,0.0
2021-12-14 00:00:00-05:00,58.34000015258789,58.529998779296875,57.369998931884766,57.77000045776367,50.572269439697266,19114200,0.0,0.0
2021-12-15 00:00:00-05:00,57.91999816894531,60.029998779296875,57.900001525878906,59.93000030517578,52.4631462097168,27953900,0.0,0.0
2021-12-16 00:00:00-05:00,60.04999923706055,60.7599983215332,59.869998931884766,60.310001373291016,52.795806884765625,24599300,0.0,0.0
2021-12-17 00:00:00-05:00,60.27000045776367,60.79999923706055,59.790000915527344,60.459999084472656,52.9271125793457,62171000,0.0,0.0
2021-12-20 00:00:00-05:00,59.66999816894531,60.40999984741211,59.29999923706055,60.36000061035156,52.839569091796875,21342100,0.0,0.0
2021-12-21 00:00:00-05:00,60.439998626708984,61.2400016784668,60.0,61.029998779296875,53.426082611083984,20761100,0.0,0.0
2021-12-22 00:00:00-05:00,60.970001220703125,61.599998474121094,60.619998931884766,61.529998779296875,53.863800048828125,17095500,0.0,0.0
2021-12-23 00:00:00-05:00,61.790000915527344,62.900001525878906,61.790000915527344,62.279998779296875,54.52034378051758,17771400,0.0,0.0
2021-12-27 00:00:00-05:00,62.40999984741211,63.470001220703125,62.279998779296875,63.41999816894531,55.518314361572266,14779700,0.0,0.0
2021-12-28 00:00:00-05:00,63.41999816894531,63.84000015258789,63.22999954223633,63.529998779296875,55.61461639404297,12865000,0.0,0.0
2021-12-29 00:00:00-05:00,63.650001525878906,64.29000091552734,63.54999923706055,63.959999084472656,55.99103927612305,15069900,0.0,0.0
2021-12-30 00:00:00-05:00,64.04000091552734,64.13999938964844,63.470001220703125,63.619998931884766,55.693397521972656,9076700,0.0,0.0
2021-12-31 00:00:00-05:00,63.54999923706055,63.81999969482422,63.31999969482422,63.369998931884766,55.474544525146484,10359100,0.0,0.0
2022-01-03 00:00:00-05:00,62.900001525878906,63.349998474121094,62.5,63.15999984741211,55.290714263916016,17184300,0.0,0.0
2022-01-04 00:00:00-05:00,62.439998626708984,62.810001373291016,61.11000061035156,61.25,53.934627532958984,29682500,0.37,0.0
2022-01-05 00:00:00-05:00,61.189998626708984,61.63999938964844,60.25,60.279998779296875,53.08048629760742,30317900,0.0,0.0
2022-01-06 00:00:00-05:00,60.0,61.130001068115234,59.90999984741211,60.91999816894531,53.64405059814453,19616600,0.0,0.0
2022-01-07 00:00:00-05:00,60.869998931884766,61.5,60.66999816894531,61.130001068115234,53.82897186279297,20152400,0.0,0.0
2022-01-10 00:00:00-05:00,60.869998931884766,61.900001525878906,60.52000045776367,61.81999969482422,54.436561584472656,24715300,0.0,0.0
2022-01-11 00:00:00-05:00,61.599998474121094,62.43000030517578,61.439998626708984,62.369998931884766,54.920875549316406,22804200,0.0,0.0
2022-01-12 00:00:00-05:00,62.400001525878906,62.81999969482422,61.91999816894531,62.119998931884766,54.70073699951172,13405400,0.0,0.0
2022-01-13 00:00:00-05:00,62.08000183105469,62.150001525878906,61.209999084472656,61.5,54.15478515625,14871600,0.0,0.0
2022-01-14 00:00:00-05:00,61.470001220703125,61.5,60.939998626708984,61.36000061035156,54.03150939941406,18831900,0.0,0.0
2022-01-18 00:00:00-05:00,59.97999954223633,60.220001220703125,59.4900016784668,59.72999954223633,52.5961799621582,26545800,0.0,0.0
2022-01-19 00:00:00-05:00,58.0,59.4900016784668,57.779998779296875,58.900001525878906,51.86530685424805,24333900,0.0,0.0
2022-01-20 00:00:00-05:00,58.9900016784668,59.34000015258789,58.02000045776367,58.08000183105469,51.14324188232422,17726500,0.0,0.0
2022-01-21 00:00:00-05:00,58.06999969482422,58.34000015258789,56.61000061035156,56.68000030517578,49.91045379638672,25914000,0.0,0.0
2022-01-24 00:00:00-05:00,56.15999984741211,57.0,54.869998931884766,56.900001525878906,50.10417556762695,34180100,0.0,0.0
2022-01-25 00:00:00-05:00,56.09000015258789,56.689998626708984,55.06999969482422,56.11000061035156,49.40852737426758,25156400,0.0,0.0
2022-01-26 00:00:00-05:00,56.11000061035156,56.45000076293945,54.86000061035156,55.33000183105469,48.72169494628906,28632700,0.0,0.0
2022-01-27 00:00:00-05:00,55.5099983215332,56.529998779296875,54.400001525878906,54.619998931884766,48.096492767333984,25967400,0.0,0.0
2022-01-28 00:00:00-05:00,54.5,55.65999984741211,53.45000076293945,55.61000061035156,48.96825408935547,30976600,0.0,0.0
2022-01-31 00:00:00-05:00,55.43000030517578,55.86000061035156,54.869998931884766,55.66999816894531,49.021080017089844,29925300,0.0,0.0
2022-02-01 00:00:00-05:00,55.45000076293945,55.5,54.7400016784668,55.369998931884766,48.75691604614258,22438500,0.0,0.0
2022-02-02 00:00:00-05:00,55.22999954223633,56.31999969482422,55.16999816894531,56.16999816894531,49.461360931396484,23316700,0.0,0.0
2022-02-03 00:00:00-05:00,55.869998931884766,56.150001525878906,55.060001373291016,55.20000076293945,48.60722351074219,19260500,0.0,0.0
2022-02-04 00:00:00-05:00,54.88999938964844,55.619998931884766,54.38999938964844,55.150001525878906,48.56319046020508,19675900,0.0,0.0
2022-02-07 00:00:00-05:00,55.33000183105469,55.529998779296875,54.70000076293945,55.16999816894531,48.58080291748047,14450200,0.0,0.0
2022-02-08 00:00:00-05:00,55.060001373291016,55.4900016784668,54.709999084472656,55.34000015258789,48.73049545288086,15219900,0.0,0.0
2022-02-09 00:00:00-05:00,55.81999969482422,56.380001068115234,55.47999954223633,56.290000915527344,49.56703186035156,19136700,0.0,0.0
2022-02-10 00:00:00-05:00,55.2400016784668,56.029998779296875,54.7400016784668,54.869998931884766,48.31663513183594,19730600,0.0,0.0
2022-02-11 00:00:00-05:00,54.869998931884766,55.09000015258789,53.77000045776367,53.900001525878906,47.462486267089844,20132500,0.0,0.0
2022-02-14 00:00:00-05:00,53.40999984741211,53.650001525878906,52.70000076293945,53.18000030517578,46.82847213745117,21868400,0.0,0.0
2022-02-15 00:00:00-05:00,53.720001220703125,54.29999923706055,53.63999938964844,54.27000045776367,47.78828430175781,17678000,0.0,0.0
2022-02-16 00:00:00-05:00,54.130001068115234,54.439998626708984,53.38999938964844,54.25,47.77067565917969,20388700,0.0,0.0
2022-02-17 00:00:00-05:00,55.5,57.060001373291016,55.400001525878906,55.77000045776367,49.109134674072266,32884700,0.0,0.0
2022-02-18 00:00:00-05:00,55.459999084472656,57.689998626708984,55.380001068115234,57.209999084472656,50.37715530395508,35626200,0.0,0.0
2022-02-22 00:00:00-05:00,56.93000030517578,57.13999938964844,55.7400016784668,56.29999923706055,49.57583236694336,25188300,0.0,0.0
2022-02-23 00:00:00-05:00,56.61000061035156,56.9900016784668,54.369998931884766,54.439998626708984,47.93798828125,22033700,0.0,0.0
2022-02-24 00:00:00-05:00,54.06999969482422,54.83000183105469,53.209999084472656,54.72999954223633,48.193355560302734,27739300,0.0,0.0
2022-02-25 00:00:00-05:00,54.97999954223633,56.220001220703125,54.4900016784668,56.040000915527344,49.346893310546875,18963700,0.0,0.0
2022-02-28 00:00:00-05:00,55.40999984741211,56.0,54.75,55.77000045776367,49.109134674072266,23868700,0.0,0.0
2022-03-01 00:00:00-05:00,55.529998779296875,55.849998474121094,54.2599983215332,54.619998931884766,48.096492767333984,17799600,0.0,0.0
2022-03-02 00:00:00-05:00,54.77000045776367,56.380001068115234,54.709999084472656,56.150001525878906,49.443756103515625,18660000,0.0,0.0
2022-03-03 00:00:00-05:00,56.7400016784668,57.0,55.84000015258789,56.06999969482422,49.373313903808594,16794600,0.0,0.0
2022-03-04 00:00:00-05:00,55.66999816894531,56.900001525878906,55.25,56.5099983215332,49.76075744628906,16729000,0.0,0.0
2022-03-07 00:00:00-05:00,56.310001373291016,56.439998626708984,55.52000045776367,55.59000015258789,48.95064163208008,21350900,0.0,0.0
2022-03-08 00:00:00-05:00,55.70000076293945,55.86000061035156,54.06999969482422,54.400001525878906,47.90277099609375,23642400,0.0,0.0
2022-03-09 00:00:00-05:00,55.63999938964844,56.25,55.25,55.91999816894531,49.2412223815918,19150900,0.0,0.0
2022-03-10 00:00:00-05:00,54.400001525878906,55.15999984741211,53.970001220703125,54.709999084472656,48.17573928833008,18550900,0.0,0.0
2022-03-11 00:00:00-05:00,55.290000915527344,56.209999084472656,54.599998474121094,54.689998626708984,48.15812683105469,20330300,0.0,0.0
2022-03-14 00:00:00-04:00,54.72999954223633,55.400001525878906,54.0,54.29999923706055,47.81471252441406,17977500,0.0,0.0
2022-03-15 00:00:00-04:00,54.41999816894531,55.72999954223633,54.41999816894531,55.599998474121094,48.959434509277344,18829100,0.0,0.0
2022-03-16 00:00:00-04:00,55.93000030517578,56.0,54.599998474121094,55.810001373291016,49.14436340332031,21821800,0.0,0.0
2022-03-17 00:00:00-04:00,55.4900016784668,56.29999923706055,55.349998474121094,56.16999816894531,49.461360931396484,18830500,0.0,0.0
2022-03-18 00:00:00-04:00,56.029998779296875,56.41999816894531,55.540000915527344,55.970001220703125,49.28525161743164,51807200,0.0,0.0
2022-03-21 00:00:00-04:00,56.060001373291016,56.54999923706055,55.52000045776367,56.0,49.31166458129883,29174600,0.0,0.0
2022-03-22 00:00:00-04:00,56.36000061035156,56.720001220703125,56.09000015258789,56.16999816894531,49.461360931396484,29287900,0.0,0.0
2022-03-23 00:00:00-04:00,55.900001525878906,56.09000015258789,54.45000076293945,54.47999954223633,47.97321701049805,19742100,0.0,0.0
2022-03-24 00:00:00-04:00,54.66999816894531,54.689998626708984,53.68000030517578,54.5,47.990821838378906,20551500,0.0,0.0
2022-03-25 00:00:00-04:00,54.61000061035156,55.18000030517578,54.400001525878906,54.970001220703125,48.40468978881836,18090600,0.0,0.0
2022-03-28 00:00:00-04:00,54.79999923706055,55.15999984741211,54.41999816894531,55.13999938964844,48.554378509521484,17164600,0.0,0.0
2022-03-29 00:00:00-04:00,55.66999816894531,56.310001373291016,55.040000915527344,55.66999816894531,49.021080017089844,20036500,0.0,0.0
2022-03-30 00:00:00-04:00,55.75,56.939998626708984,55.59000015258789,56.04999923706055,49.35570526123047,16125400,0.0,0.0
2022-03-31 00:00:00-04:00,56.040000915527344,56.880001068115234,55.720001220703125,55.7599983215332,49.10032653808594,27587700,0.0,0.0
2022-04-01 00:00:00-04:00,56.16999816894531,56.189998626708984,54.88999938964844,55.65999984741211,49.01227569580078,17465100,0.0,0.0
2022-04-04 00:00:00-04:00,55.459999084472656,56.119998931884766,54.9900016784668,55.869998931884766,49.19720458984375,19629200,0.0,0.0
2022-04-05 00:00:00-04:00,55.20000076293945,55.59000015258789,54.66999816894531,54.91999816894531,48.691837310791016,16063600,0.38,0.0
2022-04-06 00:00:00-04:00,54.689998626708984,54.7599983215332,53.84000015258789,54.369998931884766,48.204200744628906,19644100,0.0,0.0
2022-04-07 00:00:00-04:00,54.43000030517578,54.849998474121094,53.7400016784668,54.630001068115234,48.43472671508789,15739000,0.0,0.0
2022-04-08 00:00:00-04:00,54.84000015258789,54.90999984741211,54.0099983215332,54.279998779296875,48.124412536621094,18148200,0.0,0.0
2022-04-11 00:00:00-04:00,53.91999816894531,53.95000076293945,52.790000915527344,52.880001068115234,46.8831901550293,20992100,0.0,0.0
2022-04-12 00:00:00-04:00,51.70000076293945,52.95000076293945,51.47999954223633,51.81999969482422,45.943382263183594,25254200,0.0,0.0
2022-04-13 00:00:00-04:00,51.84000015258789,52.36000061035156,51.40999984741211,52.150001525878906,46.23596954345703,17004600,0.0,0.0
2022-04-14 00:00:00-04:00,52.08000183105469,52.380001068115234,51.119998931884766,51.16999816894531,45.36709976196289,18024800,0.0,0.0
2022-04-18 00:00:00-04:00,50.880001068115234,51.560001373291016,50.79999923706055,51.11000061035156,45.31390380859375,13990700,0.0,0.0
2022-04-19 00:00:00-04:00,51.0,51.939998626708984,50.91999816894531,51.83000183105469,45.95226287841797,15490900,0.0,0.0
2022-04-20 00:00:00-04:00,52.220001220703125,53.66999816894531,52.150001525878906,53.02000045776367,47.00730514526367,19526200,0.0,0.0
2022-04-21 00:00:00-04:00,53.34000015258789,53.83000183105469,52.72999954223633,52.779998779296875,46.79452133178711,17147300,0.0,0.0
2022-04-22 00:00:00-04:00,52.91999816894531,52.959999084472656,51.290000915527344,51.36000061035156,45.535552978515625,17693000,0.0,0.0
2022-04-25 00:00:00-04:00,51.45000076293945,51.97999954223633,50.540000915527344,51.939998626708984,46.049774169921875,18677000,0.0,0.0
2022-04-26 00:00:00-04:00,51.880001068115234,51.939998626708984,50.869998931884766,50.900001525878906,45.12771987915039,19238300,0.0,0.0
2022-04-27 00:00:00-04:00,50.90999984741211,51.11000061035156,49.25,49.310001373291016,43.71803283691406,33668600,0.0,0.0
2022-04-28 00:00:00-04:00,49.529998779296875,50.779998779296875,49.209999084472656,50.630001068115234,44.88834762573242,20170700,0.0,0.0
2022-04-29 00:00:00-04:00,50.5099983215332,50.63999938964844,48.869998931884766,48.97999954223633,43.42546463012695,20281400,0.0,0.0
2022-05-02 00:00:00-04:00,49.34000015258789,49.90999984741211,48.93000030517578,49.86000061035156,44.205657958984375,22499200,0.0,0.0
2022-05-03 00:00:00-04:00,49.77000045776367,50.36000061035156,49.529998779296875,49.91999816894531,44.25885009765625,15828200,0.0,0.0
2022-05-04 00:00:00-04:00,50.029998779296875,51.65999984741211,49.66999816894531,51.58000183105469,45.73059844970703,23942300,0.0,0.0
2022-05-05 00:00:00-04:00,51.150001525878906,51.209999084472656,49.15999984741211,49.61000061035156,43.984012603759766,24846500,0.0,0.0
2022-05-06 00:00:00-04:00,49.150001525878906,49.84000015258789,48.849998474121094,49.33000183105469,43.73576354980469,21743900,0.0,0.0
2022-05-09 00:00:00-04:00,49.0,49.41999816894531,48.66999816894531,48.959999084472656,43.407718658447266,22421200,0.0,0.0
2022-05-10 00:00:00-04:00,49.709999084472656,50.2400016784668,49.150001525878906,49.54999923706055,43.930816650390625,21741100,0.0,0.0
2022-05-11 00:00:00-04:00,49.09000015258789,49.63999938964844,48.58000183105469,48.650001525878906,43.13288116455078,23872100,0.0,0.0
2022-05-12 00:00:00-04:00,48.630001068115234,48.779998779296875,47.470001220703125,48.290000915527344,42.81370162963867,25951000,0.0,0.0
2022-05-13 00:00:00-04:00,48.709999084472656,49.630001068115234,48.529998779296875,49.560001373291016,43.93968963623047,18954500,0.0,0.0
2022-05-16 00:00:00-04:00,49.65999984741211,49.65999984741211,48.880001068115234,49.0,43.44319152832031,20254500,0.0,0.0
2022-05-17 00:00:00-04:00,49.68000030517578,50.720001220703125,49.5099983215332,50.599998474121094,44.86174392700195,18780600,0.0,0.0
2022-05-18 00:00:00-04:00,50.470001220703125,50.470001220703125,48.209999084472656,48.36000061035156,42.875770568847656,40672700,0.0,0.0
2022-05-19 00:00:00-04:00,43.060001373291016,43.93000030517578,41.02000045776367,41.720001220703125,36.988773345947266,97674600,0.0,0.0
2022-05-20 00:00:00-04:00,41.86000061035156,43.0,41.52000045776367,42.939998626708984,38.070411682128906,46148700,0.0,0.0
2022-05-23 00:00:00-04:00,43.34000015258789,43.81999969482422,42.939998626708984,43.349998474121094,38.433921813964844,27366600,0.0,0.0
2022-05-24 00:00:00-04:00,43.400001525878906,44.060001373291016,42.5,43.77000045776367,38.80630111694336,30053900,0.0,0.0
2022-05-25 00:00:00-04:00,43.75,44.41999816894531,43.189998626708984,44.0,39.01021194458008,25504600,0.0,0.0
2022-05-26 00:00:00-04:00,44.04999923706055,45.529998779296875,44.04999923706055,44.9900016784668,39.887939453125,28294700,0.0,0.0
2022-05-27 00:00:00-04:00,45.119998931884766,45.63999938964844,44.95000076293945,45.619998931884766,40.44648742675781,23882100,0.0,0.0
2022-05-31 00:00:00-04:00,45.27000045776367,45.61000061035156,44.7400016784668,45.04999923706055,39.94113540649414,64821200,0.0,0.0
2022-06-01 00:00:00-04:00,45.54999923706055,45.79999923706055,44.77000045776367,45.22999954223633,40.10072708129883,20666000,0.0,0.0
2022-06-02 00:00:00-04:00,45.18000030517578,45.79999923706055,44.900001525878906,45.790000915527344,40.59721755981445,20546800,0.0,0.0
2022-06-03 00:00:00-04:00,45.54999923706055,45.7400016784668,45.119998931884766,45.25,40.11845397949219,17947000,0.0,0.0
2022-06-06 00:00:00-04:00,45.599998474121094,46.09000015258789,45.130001068115234,45.33000183105469,40.189388275146484,12641900,0.0,0.0
2022-06-07 00:00:00-04:00,44.81999969482422,45.650001525878906,44.720001220703125,45.56999969482422,40.40216064453125,14667200,0.0,0.0
2022-06-08 00:00:00-04:00,45.45000076293945,45.630001068115234,44.880001068115234,44.91999816894531,39.82588195800781,16263800,0.0,0.0
2022-06-09 00:00:00-04:00,44.83000183105469,45.27000045776367,44.2400016784668,44.2599983215332,39.24073028564453,18417700,0.0,0.0
2022-06-10 00:00:00-04:00,43.79999923706055,43.9900016784668,43.290000915527344,43.4900016784668,38.55805206298828,20262400,0.0,0.0
2022-06-13 00:00:00-04:00,43.060001373291016,43.84000015258789,42.88999938964844,43.2400016784668,38.33639144897461,29050800,0.0,0.0
2022-06-14 00:00:00-04:00,43.630001068115234,43.70000076293945,42.56999969482422,42.90999984741211,38.043827056884766,22499100,0.0,0.0
2022-06-15 00:00:00-04:00,43.369998931884766,44.43000030517578,43.099998474121094,43.79999923706055,38.83289337158203,22525100,0.0,0.0
2022-06-16 00:00:00-04:00,42.810001373291016,43.40999984741211,42.810001373291016,43.31999969482422,38.407325744628906,27049000,0.0,0.0
2022-06-17 00:00:00-04:00,43.36000061035156,44.0,43.2400016784668,43.38999938964844,38.46938705444336,59678600,0.0,0.0
2022-06-21 00:00:00-04:00,43.810001373291016,44.279998779296875,43.70000076293945,44.13999938964844,39.134334564208984,23277900,0.0,0.0
2022-06-22 00:00:00-04:00,43.470001220703125,44.119998931884766,43.16999816894531,43.56999969482422,38.62898635864258,19942300,0.0,0.0
2022-06-23 00:00:00-04:00,43.40999984741211,43.459999084472656,42.720001220703125,42.93000030517578,38.061546325683594,33801700,0.0,0.0
2022-06-24 00:00:00-04:00,43.439998626708984,44.220001220703125,43.2400016784668,44.099998474121094,39.09886932373047,30543800,0.0,0.0
2022-06-27 00:00:00-04:00,44.290000915527344,44.290000915527344,43.630001068115234,43.77000045776367,38.80630111694336,22755300,0.0,0.0
2022-06-28 00:00:00-04:00,43.90999984741211,44.470001220703125,42.9900016784668,43.060001373291016,38.176815032958984,20091300,0.0,0.0
2022-06-29 00:00:00-04:00,43.13999938964844,43.2599983215332,42.689998626708984,42.880001068115234,38.0172233581543,13450800,0.0,0.0
2022-06-30 00:00:00-04:00,42.369998931884766,43.13999938964844,42.189998626708984,42.63999938964844,37.804439544677734,24947900,0.0,0.0
2022-07-01 00:00:00-04:00,42.52000045776367,42.70000076293945,41.56999969482422,42.599998474121094,37.76897430419922,24338500,0.0,0.0
2022-07-05 00:00:00-04:00,41.52000045776367,41.970001220703125,40.81999969482422,41.959999084472656,37.536380767822266,24442600,0.38,0.0
2022-07-06 00:00:00-04:00,42.119998931884766,42.93000030517578,42.0099983215332,42.689998626708984,38.189422607421875,17250400,0.0,0.0
2022-07-07 00:00:00-04:00,42.880001068115234,43.36000061035156,42.790000915527344,43.220001220703125,38.663551330566406,22316700,0.0,0.0
2022-07-08 00:00:00-04:00,43.029998779296875,43.61000061035156,42.939998626708984,43.38999938964844,38.81562423706055,11817000,0.0,0.0
2022-07-11 00:00:00-04:00,43.34000015258789,43.68000030517578,43.06999969482422,43.25,38.690391540527344,15245200,0.0,0.0
2022-07-12 00:00:00-04:00,43.58000183105469,43.83000183105469,42.65999984741211,42.86000061035156,38.34150695800781,17385300,0.0,0.0
2022-07-13 00:00:00-04:00,41.849998474121094,43.04999923706055,41.79999923706055,42.70000076293945,38.19837188720703,16854200,0.0,0.0
2022-07-14 00:00:00-04:00,41.790000915527344,42.470001220703125,41.349998474121094,42.33000183105469,37.86738204956055,17336200,0.0,0.0
2022-07-15 00:00:00-04:00,42.5,43.130001068115234,42.5,43.06999969482422,38.529361724853516,19897800,0.0,0.0
2022-07-18 00:00:00-04:00,43.29999923706055,43.31999969482422,42.40999984741211,42.599998474121094,38.108917236328125,16743800,0.0,0.0
2022-07-19 00:00:00-04:00,42.81999969482422,44.09000015258789,42.650001525878906,44.029998779296875,39.38815689086914,22861400,0.0,0.0
2022-07-20 00:00:00-04:00,44.08000183105469,44.31999969482422,43.65999984741211,44.130001068115234,39.47761535644531,15599200,0.0,0.0
2022-07-21 00:00:00-04:00,44.290000915527344,44.689998626708984,44.06999969482422,44.58000183105469,39.88017654418945,15364600,0.0,0.0
2022-07-22 00:00:00-04:00,44.779998779296875,44.91999816894531,44.25,44.459999084472656,39.77283477783203,14854600,0.0,0.0
2022-07-25 00:00:00-04:00,44.65999984741211,44.65999984741211,44.11000061035156,44.34000015258789,39.66548538208008,12954700,0.0,0.0
2022-07-26 00:00:00-04:00,44.369998931884766,44.540000915527344,43.75,43.83000183105469,39.20924758911133,19513000,0.0,0.0
2022-07-27 00:00:00-04:00,44.189998626708984,44.790000915527344,43.83000183105469,44.63999938964844,39.9338493347168,22349000,0.0,0.0
2022-07-28 00:00:00-04:00,44.880001068115234,45.869998931884766,44.709999084472656,45.619998931884766,40.81052780151367,17576200,0.0,0.0
2022-07-29 00:00:00-04:00,45.11000061035156,45.4900016784668,44.83000183105469,45.369998931884766,40.58687973022461,23701700,0.0,0.0
2022-08-01 00:00:00-04:00,45.060001373291016,45.43000030517578,44.7599983215332,45.279998779296875,40.50638198852539,14153400,0.0,0.0
2022-08-02 00:00:00-04:00,45.52000045776367,45.70000076293945,44.900001525878906,44.91999816894531,40.184326171875,15005400,0.0,0.0
2022-08-03 00:00:00-04:00,44.900001525878906,45.81999969482422,44.790000915527344,45.709999084472656,40.89103698730469,14943800,0.0,0.0
2022-08-04 00:00:00-04:00,45.900001525878906,45.93000030517578,45.0099983215332,45.380001068115234,40.59583282470703,15249300,0.0,0.0
2022-08-05 00:00:00-04:00,44.90999984741211,45.06999969482422,44.540000915527344,45.0099983215332,40.264835357666016,19533900,0.0,0.0
2022-08-08 00:00:00-04:00,45.4900016784668,45.52000045776367,44.86000061035156,45.02000045776367,40.2737922668457,15465600,0.0,0.0
2022-08-09 00:00:00-04:00,45.150001525878906,45.18000030517578,44.720001220703125,44.91999816894531,40.184326171875,12826200,0.0,0.0
2022-08-10 00:00:00-04:00,45.709999084472656,46.060001373291016,45.43000030517578,46.02000045776367,41.168357849121094,18935400,0.0,0.0
2022-08-11 00:00:00-04:00,46.11000061035156,46.43000030517578,45.77000045776367,45.900001525878906,41.0610237121582,15849000,0.0,0.0
2022-08-12 00:00:00-04:00,46.09000015258789,46.61000061035156,45.970001220703125,46.61000061035156,41.696163177490234,16967600,0.0,0.0
2022-08-15 00:00:00-04:00,46.38999938964844,46.619998931884766,46.029998779296875,46.59000015258789,41.67827224731445,15456100,0.0,0.0
2022-08-16 00:00:00-04:00,46.56999969482422,47.0099983215332,46.439998626708984,46.77000045776367,41.839298248291016,21153700,0.0,0.0
2022-08-17 00:00:00-04:00,46.36000061035156,47.099998474121094,46.22999954223633,46.65999984741211,41.74089050292969,27975600,0.0,0.0
2022-08-18 00:00:00-04:00,49.79999923706055,50.0,49.11000061035156,49.369998931884766,44.16518783569336,39999900,0.0,0.0
2022-08-19 00:00:00-04:00,49.0099983215332,49.459999084472656,48.540000915527344,48.70000076293945,43.565826416015625,23130400,0.0,0.0
2022-08-22 00:00:00-04:00,48.470001220703125,48.5,47.52000045776367,47.709999084472656,42.68019485473633,20534100,0.0,0.0
2022-08-23 00:00:00-04:00,47.59000015258789,48.040000915527344,47.38999938964844,47.40999984741211,42.411827087402344,13764600,0.0,0.0
2022-08-24 00:00:00-04:00,47.09000015258789,47.40999984741211,46.869998931884766,47.06999969482422,42.107666015625,14946500,0.0,0.0
2022-08-25 00:00:00-04:00,47.25,47.43000030517578,46.84000015258789,47.27000045776367,42.286582946777344,23039300,0.0,0.0
2022-08-26 00:00:00-04:00,47.08000183105469,47.27000045776367,45.880001068115234,45.88999938964844,41.052066802978516,20309800,0.0,0.0
2022-08-29 00:00:00-04:00,45.720001220703125,46.0,45.4900016784668,45.709999084472656,40.89103698730469,13425700,0.0,0.0
2022-08-30 00:00:00-04:00,45.75,45.869998931884766,44.959999084472656,45.2400016784668,40.47059631347656,14279100,0.0,0.0
2022-08-31 00:00:00-04:00,45.779998779296875,45.83000183105469,44.59000015258789,44.720001220703125,40.005409240722656,23006100,0.0,0.0
2022-09-01 00:00:00-04:00,44.56999969482422,45.34000015258789,44.400001525878906,45.290000915527344,40.51532745361328,16236400,0.0,0.0
2022-09-02 00:00:00-04:00,45.709999084472656,45.91999816894531,44.279998779296875,44.59000015258789,39.889122009277344,14720900,0.0,0.0
2022-09-06 00:00:00-04:00,44.65999984741211,44.790000915527344,43.97999954223633,44.470001220703125,39.78177261352539,14366100,0.0,0.0
2022-09-07 00:00:00-04:00,44.75,45.16999816894531,44.349998474121094,45.02000045776367,40.2737922668457,18297400,0.0,0.0
2022-09-08 00:00:00-04:00,44.7599983215332,45.470001220703125,44.619998931884766,45.369998931884766,40.58687973022461,14231500,0.0,0.0
2022-09-09 00:00:00-04:00,45.65999984741211,45.88999938964844,45.400001525878906,45.77000045776367,40.94472122192383,15499300,0.0,0.0
2022-09-12 00:00:00-04:00,46.11000061035156,46.72999954223633,45.970001220703125,46.400001525878906,41.508304595947266,17923000,0.0,0.0
2022-09-13 00:00:00-04:00,45.720001220703125,45.90999984741211,44.02000045776367,44.11000061035156,39.45972442626953,23028600,0.0,0.0
2022-09-14 00:00:00-04:00,44.040000915527344,44.27000045776367,43.560001373291016,43.959999084472656,39.32553482055664,27551500,0.0,0.0
2022-09-15 00:00:00-04:00,43.810001373291016,43.869998931884766,43.09000015258789,43.290000915527344,38.726165771484375,18148600,0.0,0.0
2022-09-16 00:00:00-04:00,43.11000061035156,43.58000183105469,42.790000915527344,43.29999923706055,38.73512268066406,32696100,0.0,0.0
2022-09-19 00:00:00-04:00,42.900001525878906,43.439998626708984,42.7599983215332,43.29999923706055,38.73512268066406,13667500,0.0,0.0
2022-09-20 00:00:00-04:00,43.0099983215332,43.02000045776367,42.2599983215332,42.58000183105469,38.09102249145508,16813900,0.0,0.0
2022-09-21 00:00:00-04:00,42.31999969482422,42.869998931884766,41.56999969482422,41.59000015258789,37.20539093017578,21415900,0.0,0.0
2022-09-22 00:00:00-04:00,41.34000015258789,41.54999923706055,41.13999938964844,41.150001525878906,36.81177520751953,16691000,0.0,0.0
2022-09-23 00:00:00-04:00,41.25,41.25,40.119998931884766,40.65999984741211,36.37343215942383,19067700,0.0,0.0
2022-09-26 00:00:00-04:00,40.65999984741211,41.189998626708984,40.369998931884766,40.58000183105469,36.3018798828125,22694800,0.0,0.0
2022-09-27 00:00:00-04:00,41.13999938964844,41.459999084472656,40.22999954223633,40.52000045776367,36.24820327758789,15027900,0.0,0.0
2022-09-28 00:00:00-04:00,40.849998474121094,41.56999969482422,40.59000015258789,41.34000015258789,36.98175048828125,23217700,0.0,0.0
2022-09-29 00:00:00-04:00,41.04999923706055,41.099998474121094,40.150001525878906,40.56999969482422,36.29291915893555,19496400,0.0,0.0
2022-09-30 00:00:00-04:00,40.65999984741211,41.040000915527344,39.959999084472656,40.0,35.78302001953125,27989900,0.0,0.0
2022-10-03 00:00:00-04:00,40.66999816894531,41.529998779296875,40.470001220703125,41.290000915527344,36.93702697753906,22203600,0.0,0.0
2022-10-04 00:00:00-04:00,41.560001373291016,42.040000915527344,41.38999938964844,41.81999969482422,37.7586555480957,22889400,0.38,0.0
2022-10-05 00:00:00-04:00,41.59000015258789,42.25,41.400001525878906,41.9900016784668,37.912139892578125,14289700,0.0,0.0
2022-10-06 00:00:00-04:00,41.650001525878906,42.09000015258789,41.369998931884766,41.52000045776367,37.48777770996094,18198800,0.0,0.0
2022-10-07 00:00:00-04:00,41.25,41.25,40.08000183105469,40.27000045776367,36.359169006347656,19055400,0.0,0.0
2022-10-10 00:00:00-04:00,40.630001068115234,40.810001373291016,39.599998474121094,39.88999938964844,36.016082763671875,16628400,0.0,0.0
2022-10-11 00:00:00-04:00,39.810001373291016,40.11000061035156,39.27000045776367,39.58000183105469,35.736183166503906,19386400,0.0,0.0
2022-10-12 00:00:00-04:00,39.70000076293945,39.86000061035156,39.25,39.27000045776367,35.45629119873047,17279900,0.0,0.0
2022-10-13 00:00:00-04:00,39.029998779296875,40.79999923706055,38.599998474121094,40.61000061035156,36.66615295410156,26328300,0.0,0.0
2022-10-14 00:00:00-04:00,40.84000015258789,40.959999084472656,39.91999816894531,40.20000076293945,36.29597854614258,19571000,0.0,0.0
2022-10-17 00:00:00-04:00,41.040000915527344,41.529998779296875,40.95000076293945,41.29999923706055,37.289146423339844,27845200,0.0,0.0
2022-10-18 00:00:00-04:00,41.91999816894531,42.220001220703125,41.2599983215332,41.790000915527344,37.73155212402344,18223300,0.0,0.0
2022-10-19 00:00:00-04:00,41.630001068115234,42.2400016784668,41.470001220703125,41.880001068115234,37.81282043457031,19071700,0.0,0.0
2022-10-20 00:00:00-04:00,41.560001373291016,42.619998931884766,41.459999084472656,41.709999084472656,37.65933609008789,16830500,0.0,0.0
2022-10-21 00:00:00-04:00,41.849998474121094,42.970001220703125,41.810001373291016,42.79999923706055,38.643470764160156,25035000,0.0,0.0
2022-10-24 00:00:00-04:00,43.119998931884766,43.72999954223633,42.900001525878906,43.540000915527344,39.31160354614258,18785300,0.0,0.0
2022-10-25 00:00:00-04:00,43.34000015258789,44.400001525878906,43.20000076293945,44.36000061035156,40.051971435546875,19165200,0.0,0.0
2022-10-26 00:00:00-04:00,44.93000030517578,45.22999954223633,44.279998779296875,44.380001068115234,40.070030212402344,20051000,0.0,0.0
2022-10-27 00:00:00-04:00,44.77000045776367,45.09000015258789,44.36000061035156,44.41999816894531,40.10614776611328,18102500,0.0,0.0
2022-10-28 00:00:00-04:00,44.689998626708984,45.709999084472656,44.650001525878906,45.63999938964844,41.207664489746094,17978300,0.0,0.0
2022-10-31 00:00:00-04:00,45.310001373291016,45.63999938964844,45.060001373291016,45.43000030517578,41.018062591552734,17793700,0.0,0.0
2022-11-01 00:00:00-04:00,45.58000183105469,45.790000915527344,45.060001373291016,45.459999084472656,41.045143127441406,12088700,0.0,0.0
2022-11-02 00:00:00-04:00,45.470001220703125,46.209999084472656,44.54999923706055,44.56999969482422,40.2415771484375,15308800,0.0,0.0
2022-11-03 00:00:00-04:00,44.029998779296875,44.150001525878906,43.38999938964844,43.849998474121094,39.591495513916016,17895600,0.0,0.0
2022-11-04 00:00:00-04:00,44.5,45.08000183105469,43.83000183105469,44.52000045776367,40.19643783569336,19648700,0.0,0.0
2022-11-07 00:00:00-05:00,44.83000183105469,44.97999954223633,44.40999984741211,44.54999923706055,40.223514556884766,21383000,0.0,0.0
2022-11-08 00:00:00-05:00,44.689998626708984,45.349998474121094,44.18000030517578,44.61000061035156,40.27769470214844,17503100,0.0,0.0
2022-11-09 00:00:00-05:00,44.5099983215332,44.720001220703125,43.88999938964844,43.90999984741211,39.64567565917969,19311700,0.0,0.0
2022-11-10 00:00:00-05:00,45.70000076293945,45.810001373291016,44.650001525878906,45.65999984741211,41.22572708129883,27190100,0.0,0.0
2022-11-11 00:00:00-05:00,45.18000030517578,45.31999969482422,43.91999816894531,44.790000915527344,40.44021224975586,25961800,0.0,0.0
2022-11-14 00:00:00-05:00,44.83000183105469,45.439998626708984,44.68000030517578,44.7400016784668,40.39507293701172,21091300,0.0,0.0
2022-11-15 00:00:00-05:00,45.040000915527344,45.2400016784668,44.45000076293945,44.900001525878906,40.53953552246094,19318000,0.0,0.0
2022-11-16 00:00:00-05:00,44.939998626708984,44.97999954223633,44.29999923706055,44.38999938964844,40.079063415527344,24939600,0.0,0.0
2022-11-17 00:00:00-05:00,46.189998626708984,46.849998474121094,45.15999984741211,46.59000015258789,42.065406799316406,38887800,0.0,0.0
2022-11-18 00:00:00-05:00,46.90999984741211,48.040000915527344,46.86000061035156,47.790000915527344,43.148868560791016,30843200,0.0,0.0
2022-11-21 00:00:00-05:00,47.61000061035156,48.290000915527344,47.560001373291016,47.619998931884766,42.99538040161133,17049500,0.0,0.0
2022-11-22 00:00:00-05:00,48.0,48.41999816894531,47.7599983215332,48.380001068115234,43.68157196044922,16367800,0.0,0.0
2022-11-23 00:00:00-05:00,48.400001525878906,48.9900016784668,48.31999969482422,48.56999969482422,43.85311508178711,12065600,0.0,0.0
2022-11-25 00:00:00-05:00,48.75,49.04999923706055,48.349998474121094,48.400001525878906,43.69963455200195,8492600,0.0,0.0
2022-11-28 00:00:00-05:00,48.290000915527344,48.470001220703125,47.91999816894531,48.08000183105469,43.410701751708984,14976600,0.0,0.0
2022-11-29 00:00:00-05:00,48.25,48.40999984741211,47.84000015258789,48.279998779296875,43.59128189086914,13779300,0.0,0.0
2022-11-30 00:00:00-05:00,48.16999816894531,49.83000183105469,47.959999084472656,49.720001220703125,44.89143753051758,29919700,0.0,0.0
2022-12-01 00:00:00-05:00,49.880001068115234,50.459999084472656,49.689998626708984,49.970001220703125,45.117164611816406,18559500,0.0,0.0
2022-12-02 00:00:00-05:00,49.22999954223633,49.84000015258789,48.91999816894531,49.70000076293945,44.873382568359375,12325100,0.0,0.0
2022-12-05 00:00:00-05:00,49.54999923706055,49.63999938964844,49.16999816894531,49.33000183105469,44.53931427001953,13795900,0.0,0.0
2022-12-06 00:00:00-05:00,49.439998626708984,49.439998626708984,48.2599983215332,48.59000015258789,43.87117004394531,15443800,0.0,0.0
2022-12-07 00:00:00-05:00,48.400001525878906,48.54999923706055,48.060001373291016,48.18000030517578,43.50099182128906,15171700,0.0,0.0
2022-12-08 00:00:00-05:00,48.65999984741211,49.20000076293945,48.619998931884766,48.9900016784668,44.232337951660156,16015800,0.0,0.0
2022-12-09 00:00:00-05:00,49.099998474121094,49.16999816894531,48.439998626708984,48.459999084472656,43.75379943847656,14303200,0.0,0.0
2022-12-12 00:00:00-05:00,48.79999923706055,49.31999969482422,48.369998931884766,49.29999923706055,44.512229919433594,15425300,0.0,0.0
2022-12-13 00:00:00-05:00,50.33000183105469,50.709999084472656,49.22999954223633,49.63999938964844,44.819210052490234,22705900,0.0,0.0
2022-12-14 00:00:00-05:00,49.7400016784668,50.060001373291016,48.81999969482422,49.29999923706055,44.512229919433594,19050400,0.0,0.0
2022-12-15 00:00:00-05:00,48.959999084472656,49.04999923706055,47.7400016784668,48.150001525878906,43.473907470703125,19372500,0.0,0.0
2022-12-16 00:00:00-05:00,47.40999984741211,48.0,47.08000183105469,47.810001373291016,43.166927337646484,66125400,0.0,0.0
2022-12-19 00:00:00-05:00,47.65999984741211,47.959999084472656,47.13999938964844,47.400001525878906,42.796749114990234,17986300,0.0,0.0
2022-12-20 00:00:00-05:00,47.40999984741211,47.560001373291016,46.790000915527344,47.369998931884766,42.76966094970703,15086200,0.0,0.0
2022-12-21 00:00:00-05:00,47.689998626708984,47.959999084472656,47.41999816894531,47.65999984741211,43.031490325927734,15599400,0.0,0.0
2022-12-22 00:00:00-05:00,47.4900016784668,47.4900016784668,46.689998626708984,47.31999969482422,42.724510192871094,23118500,0.0,0.0
2022-12-23 00:00:00-05:00,47.25,47.4900016784668,47.0099983215332,47.47999954223633,42.86897659301758,9554400,0.0,0.0
2022-12-27 00:00:00-05:00,47.66999816894531,47.709999084472656,47.220001220703125,47.529998779296875,42.914119720458984,12066200,0.0,0.0
2022-12-28 00:00:00-05:00,47.689998626708984,47.77000045776367,46.97999954223633,47.06999969482422,42.4987907409668,9847400,0.0,0.0
2022-12-29 00:00:00-05:00,47.2599983215332,47.7400016784668,47.2599983215332,47.5,42.88703155517578,11396500,0.0,0.0
2022-12-30 00:00:00-05:00,47.27000045776367,47.66999816894531,46.95000076293945,47.63999938964844,43.013431549072266,13199800,0.0,0.0
2023-01-03 00:00:00-05:00,47.86000061035156,48.04999923706055,47.310001373291016,47.939998626708984,43.284297943115234,17718900,0.0,0.0
2023-01-04 00:00:00-05:00,48.279998779296875,48.47999954223633,47.16999816894531,47.54999923706055,43.27519989013672,18339800,0.38,0.0
2023-01-05 00:00:00-05:00,47.4900016784668,47.4900016784668,46.7599983215332,46.880001068115234,42.66543960571289,17372100,0.0,0.0
2023-01-06 00:00:00-05:00,47.459999084472656,48.59000015258789,47.279998779296875,48.31999969482422,43.97597885131836,20823000,0.0,0.0
2023-01-09 00:00:00-05:00,48.2599983215332,49.209999084472656,48.220001220703125,48.58000183105469,44.212608337402344,13938000,0.0,0.0
2023-01-10 00:00:00-05:00,48.79999923706055,49.209999084472656,48.59000015258789,48.810001373291016,44.42192840576172,12474400,0.0,0.0
2023-01-11 00:00:00-05:00,48.83000183105469,49.22999954223633,48.70000076293945,49.209999084472656,44.78596878051758,12530900,0.0,0.0
2023-01-12 00:00:00-05:00,49.209999084472656,49.43000030517578,48.849998474121094,49.0,44.5948486328125,14241700,0.0,0.0
2023-01-13 00:00:00-05:00,48.560001373291016,49.02000045776367,48.41999816894531,48.880001068115234,44.48563766479492,12649300,0.0,0.0
2023-01-17 00:00:00-05:00,48.91999816894531,48.939998626708984,47.95000076293945,48.08000183105469,43.75754928588867,19290800,0.0,0.0
2023-01-18 00:00:00-05:00,48.189998626708984,48.27000045776367,46.88999938964844,46.900001525878906,42.68363952636719,19882200,0.0,0.0
2023-01-19 00:00:00-05:00,46.95000076293945,47.04999923706055,46.38999938964844,46.459999084472656,42.28319549560547,19118600,0.0,0.0
2023-01-20 00:00:00-05:00,46.060001373291016,46.83000183105469,45.66999816894531,46.779998779296875,42.57442855834961,21847200,0.0,0.0
2023-01-23 00:00:00-05:00,46.900001525878906,47.869998931884766,46.810001373291016,47.5,43.22969436645508,15180500,0.0,0.0
2023-01-24 00:00:00-05:00,47.4900016784668,48.02000045776367,47.060001373291016,47.810001373291016,43.51182556152344,14872700,0.0,0.0
2023-01-25 00:00:00-05:00,47.97999954223633,48.08000183105469,47.22999954223633,47.97999954223633,43.666542053222656,14638700,0.0,0.0
2023-01-26 00:00:00-05:00,48.150001525878906,48.470001220703125,47.83000183105469,48.34000015258789,43.994178771972656,12952700,0.0,0.0
2023-01-27 00:00:00-05:00,48.099998474121094,48.72999954223633,47.970001220703125,48.5099983215332,44.148887634277344,13414800,0.0,0.0
2023-01-30 00:00:00-05:00,48.13999938964844,48.5,48.119998931884766,48.220001220703125,43.88497543334961,19261900,0.0,0.0
2023-01-31 00:00:00-05:00,48.119998931884766,48.689998626708984,48.04999923706055,48.66999816894531,44.29451370239258,16821600,0.0,0.0
2023-02-01 00:00:00-05:00,48.38999938964844,48.900001525878906,47.5099983215332,48.56999969482422,44.203495025634766,19639400,0.0,0.0
2023-02-02 00:00:00-05:00,48.529998779296875,49.560001373291016,48.36000061035156,49.31999969482422,44.886077880859375,17883800,0.0,0.0
2023-02-03 00:00:00-05:00,49.29999923706055,49.29999923706055,48.5099983215332,48.630001068115234,44.25810623168945,17980000,0.0,0.0
2023-02-06 00:00:00-05:00,48.06999969482422,48.279998779296875,47.52000045776367,47.56999969482422,43.29340362548828,13991600,0.0,0.0
2023-02-07 00:00:00-05:00,47.2400016784668,48.150001525878906,46.970001220703125,47.84000015258789,43.53913116455078,16675200,0.0,0.0
2023-02-08 00:00:00-05:00,47.380001068115234,47.540000915527344,46.77000045776367,46.959999084472656,42.73824691772461,18905500,0.0,0.0
2023-02-09 00:00:00-05:00,47.22999954223633,47.40999984741211,46.43000030517578,46.72999954223633,42.528926849365234,18598400,0.0,0.0
2023-02-10 00:00:00-05:00,46.70000076293945,47.31999969482422,46.63999938964844,47.2599983215332,43.01127243041992,17397300,0.0,0.0
2023-02-13 00:00:00-05:00,47.45000076293945,47.9900016784668,47.38999938964844,47.86000061035156,43.55733108520508,19422100,0.0,0.0
2023-02-14 00:00:00-05:00,47.779998779296875,48.0,47.18000030517578,47.70000076293945,43.41172409057617,19134400,0.0,0.0
2023-02-15 00:00:00-05:00,47.5,48.52000045776367,47.33000183105469,48.45000076293945,44.094295501708984,27071200,0.0,0.0
2023-02-16 00:00:00-05:00,49.9900016784668,51.7400016784668,49.79999923706055,50.9900016784668,46.40593719482422,48125300,0.0,0.0
2023-02-17 00:00:00-05:00,51.33000183105469,51.439998626708984,50.599998474121094,50.77000045776367,46.20573425292969,25321400,0.0,0.0
2023-02-21 00:00:00-05:00,50.709999084472656,50.7599983215332,49.619998931884766,49.689998626708984,45.222816467285156,25100500,0.0,0.0
2023-02-22 00:00:00-05:00,49.849998474121094,49.849998474121094,48.88999938964844,49.310001373291016,44.876976013183594,20301900,0.0,0.0
2023-02-23 00:00:00-05:00,49.540000915527344,49.68000030517578,48.54999923706055,49.209999084472656,44.78596878051758,14066200,0.0,0.0
2023-02-24 00:00:00-05:00,48.810001373291016,48.900001525878906,48.16999816894531,48.47999954223633,44.12159729003906,17251600,0.0,0.0
2023-02-27 00:00:00-05:00,48.95000076293945,49.34000015258789,48.54999923706055,48.72999954223633,44.349117279052734,14776400,0.0,0.0
2023-02-28 00:00:00-05:00,48.810001373291016,48.93000030517578,48.380001068115234,48.41999816894531,44.06698226928711,16622400,0.0,0.0
2023-03-01 00:00:00-05:00,48.439998626708984,48.59000015258789,48.02000045776367,48.34000015258789,43.994178771972656,13449300,0.0,0.0
2023-03-02 00:00:00-05:00,48.31999969482422,48.630001068115234,48.119998931884766,48.529998779296875,44.16709518432617,18281800,0.0,0.0
2023-03-03 00:00:00-05:00,48.9900016784668,49.36000061035156,48.81999969482422,49.279998779296875,44.84967041015625,15969900,0.0,0.0
2023-03-06 00:00:00-05:00,49.459999084472656,49.810001373291016,49.2400016784668,49.41999816894531,44.97708511352539,13878400,0.0,0.0
2023-03-07 00:00:00-05:00,49.56999969482422,49.7599983215332,48.630001068115234,48.90999984741211,44.512939453125,17506600,0.0,0.0
2023-03-08 00:00:00-05:00,49.02000045776367,49.27000045776367,48.7400016784668,49.11000061035156,44.69495391845703,12055500,0.0,0.0
2023-03-09 00:00:00-05:00,49.29999923706055,49.689998626708984,48.709999084472656,48.810001373291016,44.42192840576172,12497700,0.0,0.0
2023-03-10 00:00:00-05:00,48.88999938964844,49.16999816894531,48.29999923706055,48.560001373291016,44.194400787353516,16338200,0.0,0.0
2023-03-13 00:00:00-04:00,48.529998779296875,48.880001068115234,48.119998931884766,48.40999984741211,44.05788803100586,20280800,0.0,0.0
2023-03-14 00:00:00-04:00,48.68000030517578,49.2599983215332,48.5099983215332,49.04999923706055,44.64034652709961,17679600,0.0,0.0
2023-03-15 00:00:00-04:00,48.369998931884766,49.11000061035156,48.369998931884766,49.060001373291016,44.649452209472656,17354900,0.0,0.0
2023-03-16 00:00:00-04:00,48.68000030517578,50.290000915527344,48.5099983215332,50.119998931884766,45.61415481567383,21425100,0.0,0.0
2023-03-17 00:00:00-04:00,50.2599983215332,50.54999923706055,49.7400016784668,50.189998626708984,45.67786407470703,47642700,0.0,0.0
2023-03-20 00:00:00-04:00,50.220001220703125,51.040000915527344,50.0099983215332,50.939998626708984,46.36043930053711,22699700,0.0,0.0
2023-03-21 00:00:00-04:00,51.209999084472656,51.33000183105469,50.33000183105469,50.66999816894531,46.114715576171875,23334000,0.0,0.0
2023-03-22 00:00:00-04:00,50.7400016784668,50.75,49.41999816894531,49.459999084472656,45.013484954833984,21399400,0.0,0.0
2023-03-23 00:00:00-04:00,49.560001373291016,50.25,49.40999984741211,49.72999954223633,45.25922393798828,17775400,0.0,0.0
2023-03-24 00:00:00-04:00,49.900001525878906,50.54999923706055,49.5,50.5099983215332,45.96908950805664,19438800,0.0,0.0
2023-03-27 00:00:00-04:00,50.70000076293945,50.95000076293945,50.47999954223633,50.540000915527344,45.99639892578125,15857200,0.0,0.0
2023-03-28 00:00:00-04:00,50.31999969482422,50.599998474121094,50.27000045776367,50.38999938964844,45.85988235473633,11124300,0.0,0.0
2023-03-29 00:00:00-04:00,50.72999954223633,51.27000045776367,50.63999938964844,51.16999816894531,46.569759368896484,18463400,0.0,0.0
2023-03-30 00:00:00-04:00,51.58000183105469,51.68000030517578,51.130001068115234,51.43000030517578,46.80638885498047,11754600,0.0,0.0
2023-03-31 00:00:00-04:00,51.439998626708984,52.349998474121094,51.38999938964844,52.279998779296875,47.5799674987793,20588800,0.0,0.0
2023-04-03 00:00:00-04:00,52.060001373291016,52.560001373291016,51.9900016784668,52.310001373291016,47.607276916503906,16884600,0.0,0.0
2023-04-04 00:00:00-04:00,52.029998779296875,52.119998931884766,51.43000030517578,51.81999969482422,47.51557540893555,13599900,0.39,0.0
2023-04-05 00:00:00-04:00,52.06999969482422,52.290000915527344,51.68000030517578,51.81999969482422,47.51557540893555,13797900,0.0,0.0
2023-04-06 00:00:00-04:00,50.91999816894531,51.560001373291016,50.72999954223633,51.27000045776367,47.01126480102539,14749000,0.0,0.0
2023-04-10 00:00:00-04:00,51.11000061035156,51.400001525878906,50.880001068115234,51.33000183105469,47.066280364990234,10177700,0.0,0.0
2023-04-11 00:00:00-04:00,51.119998931884766,51.29999923706055,50.52000045776367,50.619998931884766,46.41525650024414,15957900,0.0,0.0
2023-04-12 00:00:00-04:00,50.81999969482422,50.95000076293945,50.04999923706055,50.11000061035156,45.947608947753906,16100700,0.0,0.0
2023-04-13 00:00:00-04:00,50.209999084472656,50.83000183105469,50.09000015258789,50.79999923706055,46.580299377441406,15451700,0.0,0.0
2023-04-14 00:00:00-04:00,50.52000045776367,50.849998474121094,50.20000076293945,50.540000915527344,46.34189987182617,12360100,0.0,0.0
2023-04-17 00:00:00-04:00,50.560001373291016,50.68000030517578,50.04999923706055,50.279998779296875,46.103492736816406,12042300,0.0,0.0
2023-04-18 00:00:00-04:00,50.380001068115234,50.689998626708984,50.06999969482422,50.310001373291016,46.13100814819336,15203600,0.0,0.0
2023-04-19 00:00:00-04:00,49.22999954223633,49.27000045776367,47.9900016784668,48.040000915527344,44.049564361572266,30466700,0.0,0.0
2023-04-20 00:00:00-04:00,47.61000061035156,47.650001525878906,46.36000061035156,46.58000183105469,42.710838317871094,39769400,0.0,0.0
2023-04-21 00:00:00-04:00,46.56999969482422,47.119998931884766,46.2400016784668,47.029998779296875,43.12346267700195,20861000,0.0,0.0
2023-04-24 00:00:00-04:00,47.04999923706055,47.45000076293945,47.0,47.38999938964844,43.453556060791016,17359900,0.0,0.0
2023-04-25 00:00:00-04:00,47.369998931884766,47.43000030517578,46.810001373291016,47.09000015258789,43.178470611572266,20281600,0.0,0.0
2023-04-26 00:00:00-04:00,46.7599983215332,46.849998474121094,46.43000030517578,46.540000915527344,42.674163818359375,22390500,0.0,0.0
2023-04-27 00:00:00-04:00,46.779998779296875,46.79999923706055,45.970001220703125,46.560001373291016,42.692501068115234,22845400,0.0,0.0
2023-04-28 00:00:00-04:00,46.689998626708984,47.2599983215332,46.61000061035156,47.25,43.3251838684082,19665000,0.0,0.0
2023-05-01 00:00:00-04:00,47.20000076293945,47.52000045776367,47.130001068115234,47.34000015258789,43.4077033996582,13122300,0.0,0.0
2023-05-02 00:00:00-04:00,46.90999984741211,47.08000183105469,46.060001373291016,46.36000061035156,42.50911331176758,20175100,0.0,0.0
2023-05-03 00:00:00-04:00,46.41999816894531,46.54999923706055,45.86000061035156,45.959999084472656,42.14234161376953,20765700,0.0,0.0
2023-05-04 00:00:00-04:00,45.77000045776367,45.93000030517578,45.560001373291016,45.70000076293945,41.90393829345703,17748900,0.0,0.0
2023-05-05 00:00:00-04:00,46.119998931884766,46.36000061035156,45.91999816894531,46.25,42.40824890136719,14317400,0.0,0.0
2023-05-08 00:00:00-04:00,46.439998626708984,46.52000045776367,46.09000015258789,46.34000015258789,42.49077224731445,12000000,0.0,0.0
2023-05-09 00:00:00-04:00,45.97999954223633,46.52000045776367,45.91999816894531,46.470001220703125,42.60997772216797,15221900,0.0,0.0
2023-05-10 00:00:00-04:00,46.70000076293945,46.93000030517578,46.150001525878906,46.709999084472656,42.830039978027344,15625100,0.0,0.0
2023-05-11 00:00:00-04:00,46.83000183105469,46.849998474121094,46.20000076293945,46.369998931884766,42.518287658691406,12521900,0.0,0.0
2023-05-12 00:00:00-04:00,46.279998779296875,46.810001373291016,46.279998779296875,46.709999084472656,42.830039978027344,14097500,0.0,0.0
2023-05-15 00:00:00-04:00,46.79999923706055,47.2599983215332,46.560001373291016,47.099998474121094,43.1876335144043,13204400,0.0,0.0
2023-05-16 00:00:00-04:00,47.2400016784668,47.33000183105469,46.79999923706055,46.91999816894531,43.02259063720703,16496300,0.0,0.0
2023-05-17 00:00:00-04:00,47.150001525878906,47.7599983215332,47.0099983215332,47.630001068115234,43.67361831665039,29326000,0.0,0.0
2023-05-18 00:00:00-04:00,45.7599983215332,48.25,45.70000076293945,48.20000076293945,44.19626998901367,41475700,0.0,0.0
2023-05-19 00:00:00-04:00,48.43000030517578,49.34000015258789,48.400001525878906,49.130001068115234,45.04902648925781,28564100,0.0,0.0
2023-05-22 00:00:00-04:00,49.11000061035156,49.22999954223633,48.77000045776367,48.81999969482422,44.7647705078125,18667500,0.0,0.0
2023-05-23 00:00:00-04:00,48.61000061035156,49.349998474121094,48.599998474121094,48.90999984741211,44.8473014831543,17645900,0.0,0.0
2023-05-24 00:00:00-04:00,48.95000076293945,49.0,48.16999816894531,48.40999984741211,44.388832092285156,15452900,0.0,0.0
2023-05-25 00:00:00-04:00,47.77000045776367,49.22999954223633,47.720001220703125,49.029998779296875,44.95732498168945,21717000,0.0,0.0
2023-05-26 00:00:00-04:00,49.11000061035156,50.09000015258789,49.11000061035156,49.86000061035156,45.7183837890625,19825600,0.0,0.0
2023-05-30 00:00:00-04:00,49.9900016784668,50.4900016784668,49.7400016784668,50.16999816894531,46.00262451171875,19074800,0.0,0.0
2023-05-31 00:00:00-04:00,49.90999984741211,50.029998779296875,49.61000061035156,49.66999816894531,45.54416275024414,51990300,0.0,0.0
2023-06-01 00:00:00-04:00,49.7599983215332,50.09000015258789,49.2599983215332,49.7400016784668,45.60835647583008,17817000,0.0,0.0
2023-06-02 00:00:00-04:00,49.869998931884766,50.25,49.72999954223633,50.02000045776367,45.865089416503906,19155400,0.0,0.0
2023-06-05 00:00:00-04:00,50.220001220703125,50.58000183105469,50.040000915527344,50.209999084472656,46.03931427001953,13964100,0.0,0.0
2023-06-06 00:00:00-04:00,49.790000915527344,49.90999984741211,49.13999938964844,49.810001373291016,45.672542572021484,16029600,0.0,0.0
2023-06-07 00:00:00-04:00,49.70000076293945,50.13999938964844,49.650001525878906,49.779998779296875,45.6450309753418,15950600,0.0,0.0
2023-06-08 00:00:00-04:00,49.91999816894531,50.0,49.56999969482422,49.68000030517578,45.55333709716797,13289100,0.0,0.0
2023-06-09 00:00:00-04:00,49.529998779296875,49.970001220703125,49.369998931884766,49.65999984741211,45.534996032714844,12173400,0.0,0.0
2023-06-12 00:00:00-04:00,49.91999816894531,50.5099983215332,49.66999816894531,50.47999954223633,46.286888122558594,15495000,0.0,0.0
2023-06-13 00:00:00-04:00,50.689998626708984,50.939998626708984,50.45000076293945,50.79999923706055,46.580299377441406,24035500,0.0,0.0
2023-06-14 00:00:00-04:00,50.79999923706055,51.220001220703125,50.630001068115234,50.959999084472656,46.72700881958008,16630700,0.0,0.0
2023-06-15 00:00:00-04:00,50.90999984741211,52.06999969482422,50.83000183105469,51.93000030517578,47.61644744873047,22496900,0.0,0.0
2023-06-16 00:00:00-04:00,52.20000076293945,52.40999984741211,51.93000030517578,52.06999969482422,47.74481201171875,37134400,0.0,0.0
2023-06-20 00:00:00-04:00,51.939998626708984,52.08000183105469,51.470001220703125,51.54999923706055,47.26800537109375,20138000,0.0,0.0
2023-06-21 00:00:00-04:00,51.380001068115234,51.400001525878906,50.81999969482422,50.849998474121094,46.62614822387695,16939600,0.0,0.0
2023-06-22 00:00:00-04:00,50.650001525878906,51.13999938964844,50.43000030517578,51.119998931884766,46.873722076416016,14993800,0.0,0.0
2023-06-23 00:00:00-04:00,50.63999938964844,50.720001220703125,50.09000015258789,50.33000183105469,46.14934158325195,16544600,0.0,0.0
2023-06-26 00:00:00-04:00,50.310001373291016,50.79999923706055,50.18000030517578,50.209999084472656,46.03931427001953,13032100,0.0,0.0
2023-06-27 00:00:00-04:00,50.310001373291016,51.040000915527344,50.25,50.86000061035156,46.63531494140625,12981000,0.0,0.0
2023-06-28 00:00:00-04:00,50.779998779296875,51.02000045776367,50.439998626708984,50.869998931884766,46.64448928833008,11387600,0.0,0.0
2023-06-29 00:00:00-04:00,50.86000061035156,51.27000045776367,50.81999969482422,51.209999084472656,46.95624923706055,14246000,0.0,0.0
2023-06-30 00:00:00-04:00,51.880001068115234,52.2599983215332,51.52000045776367,51.7400016784668,47.442222595214844,18188300,0.0,0.0
2023-07-03 00:00:00-04:00,51.36000061035156,51.83000183105469,51.33000183105469,51.81999969482422,47.51557540893555,7338300,0.0,0.0
2023-07-05 00:00:00-04:00,50.970001220703125,51.56999969482422,50.93000030517578,51.5099983215332,47.5894889831543,14950500,0.39,0.0
2023-07-06 00:00:00-04:00,51.06999969482422,51.189998626708984,50.650001525878906,51.11000061035156,47.219932556152344,13931100,0.0,0.0
2023-07-07 00:00:00-04:00,51.0,51.650001525878906,50.7400016784668,50.9900016784668,47.10906982421875,15580400,0.0,0.0
2023-07-10 00:00:00-04:00,51.06999969482422,51.5,51.02000045776367,51.400001525878906,47.48786544799805,19046500,0.0,0.0
2023-07-11 00:00:00-04:00,51.56999969482422,52.150001525878906,51.540000915527344,52.119998931884766,48.15306091308594,14998300,0.0,0.0
2023-07-12 00:00:00-04:00,51.560001373291016,51.93000030517578,50.529998779296875,50.7400016784668,46.878089904785156,26332500,0.0,0.0
2023-07-13 00:00:00-04:00,50.689998626708984,51.619998931884766,50.650001525878906,51.529998779296875,47.60796356201172,17864800,0.0,0.0
2023-07-14 00:00:00-04:00,50.41999816894531,50.970001220703125,50.060001373291016,50.380001068115234,46.54550552368164,19566600,0.0,0.0
2023-07-17 00:00:00-04:00,50.20000076293945,50.95000076293945,50.13999938964844,50.810001373291016,46.94276428222656,16140700,0.0,0.0
2023-07-18 00:00:00-04:00,50.97999954223633,51.369998931884766,50.849998474121094,51.2400016784668,47.34004211425781,16430800,0.0,0.0
2023-07-19 00:00:00-04:00,52.209999084472656,52.439998626708984,51.70000076293945,52.43000030517578,48.4394645690918,21745000,0.0,0.0
2023-07-20 00:00:00-04:00,52.060001373291016,52.869998931884766,51.91999816894531,52.369998931884766,48.384037017822266,22784400,0.0,0.0
2023-07-21 00:00:00-04:00,52.75,53.0,52.529998779296875,52.630001068115234,48.62424850463867,51284800,0.0,0.0
2023-07-24 00:00:00-04:00,52.689998626708984,53.310001373291016,52.66999816894531,53.11000061035156,49.067710876464844,18390200,0.0,0.0
2023-07-25 00:00:00-04:00,53.189998626708984,53.7599983215332,53.11000061035156,53.599998474121094,49.520423889160156,16136600,0.0,0.0
2023-07-26 00:00:00-04:00,53.540000915527344,53.650001525878906,52.959999084472656,53.220001220703125,49.169334411621094,13563700,0.0,0.0
2023-07-27 00:00:00-04:00,53.599998474121094,53.88999938964844,52.86000061035156,53.0,48.96607971191406,15795500,0.0,0.0
2023-07-28 00:00:00-04:00,52.060001373291016,52.41999816894531,51.77000045776367,52.09000015258789,48.125343322753906,27491300,0.0,0.0
2023-07-31 00:00:00-04:00,51.84000015258789,52.18000030517578,51.7400016784668,52.040000915527344,48.07915115356445,14193500,0.0,0.0
2023-08-01 00:00:00-04:00,52.56999969482422,52.779998779296875,52.310001373291016,52.65999984741211,48.65195846557617,15286200,0.0,0.0
2023-08-02 00:00:00-04:00,52.380001068115234,53.11000061035156,52.31999969482422,52.58000183105469,48.57804489135742,17693700,0.0,0.0
2023-08-03 00:00:00-04:00,52.4900016784668,53.27000045776367,52.2400016784668,53.150001525878906,49.104671478271484,15186400,0.0,0.0
2023-08-04 00:00:00-04:00,52.880001068115234,53.31999969482422,52.540000915527344,52.630001068115234,48.62424850463867,12266700,0.0,0.0
2023-08-07 00:00:00-04:00,52.970001220703125,53.06999969482422,52.68000030517578,53.0099983215332,48.975318908691406,11327900,0.0,0.0
2023-08-08 00:00:00-04:00,52.65999984741211,53.130001068115234,52.36000061035156,53.060001373291016,49.021522521972656,12224800,0.0,0.0
2023-08-09 00:00:00-04:00,52.900001525878906,53.45000076293945,52.65999984741211,52.9900016784668,48.95684051513672,18765500,0.0,0.0
2023-08-10 00:00:00-04:00,53.40999984741211,54.13999938964844,53.16999816894531,53.369998931884766,49.30791473388672,16329500,0.0,0.0
2023-08-11 00:00:00-04:00,53.349998474121094,53.95000076293945,53.189998626708984,53.790000915527344,49.695960998535156,14344500,0.0,0.0
2023-08-14 00:00:00-04:00,53.79999923706055,54.130001068115234,53.720001220703125,53.880001068115234,49.77910232543945,20707300,0.0,0.0
2023-08-15 00:00:00-04:00,53.619998931884766,53.72999954223633,53.18000030517578,53.349998474121094,49.28943634033203,20173400,0.0,0.0
2023-08-16 00:00:00-04:00,53.189998626708984,53.52000045776367,52.869998931884766,52.959999084472656,48.92912673950195,26470200,0.0,0.0
2023-08-17 00:00:00-04:00,54.439998626708984,55.84000015258789,54.369998931884766,54.72999954223633,50.56440734863281,45278000,0.0,0.0
2023-08-18 00:00:00-04:00,54.630001068115234,55.459999084472656,54.619998931884766,55.040000915527344,50.85081481933594,28839800,0.0,0.0
2023-08-21 00:00:00-04:00,55.20000076293945,55.790000915527344,55.150001525878906,55.439998626708984,51.22037124633789,18283200,0.0,0.0
2023-08-22 00:00:00-04:00,55.47999954223633,55.81999969482422,55.279998779296875,55.459999084472656,51.23884963989258,15661300,0.0,0.0
2023-08-23 00:00:00-04:00,55.61000061035156,56.20000076293945,55.400001525878906,55.97999954223633,51.719268798828125,18250000,0.0,0.0
2023-08-24 00:00:00-04:00,56.31999969482422,56.47999954223633,55.209999084472656,55.2400016784668,51.03559875488281,17586400,0.0,0.0
2023-08-25 00:00:00-04:00,55.25,55.869998931884766,55.25,55.70000076293945,51.4605827331543,15731800,0.0,0.0
2023-08-28 00:00:00-04:00,55.88999938964844,56.279998779296875,55.68000030517578,56.20000076293945,51.922523498535156,15189900,0.0,0.0
2023-08-29 00:00:00-04:00,56.349998474121094,56.79999923706055,56.11000061035156,56.560001373291016,52.255126953125,17859100,0.0,0.0
2023-08-30 00:00:00-04:00,56.630001068115234,56.90999984741211,56.540000915527344,56.810001373291016,52.48609924316406,12145400,0.0,0.0
2023-08-31 00:00:00-04:00,57.099998474121094,57.529998779296875,56.88999938964844,57.349998474121094,52.98500061035156,22619700,0.0,0.0
2023-09-01 00:00:00-04:00,57.38999938964844,58.189998626708984,57.38999938964844,57.84000015258789,53.43770980834961,14080400,0.0,0.0
2023-09-05 00:00:00-04:00,57.81999969482422,57.81999969482422,57.22999954223633,57.2599983215332,52.90184020996094,13885000,0.0,0.0
2023-09-06 00:00:00-04:00,57.099998474121094,57.470001220703125,57.06999969482422,57.15999984741211,52.8094596862793,11380400,0.0,0.0
2023-09-07 00:00:00-04:00,56.970001220703125,57.09000015258789,56.65999984741211,56.790000915527344,52.46762466430664,14762000,0.0,0.0
2023-09-08 00:00:00-04:00,56.7599983215332,57.06999969482422,56.560001373291016,56.66999816894531,52.356746673583984,13992000,0.0,0.0
2023-09-11 00:00:00-04:00,56.720001220703125,56.970001220703125,56.439998626708984,56.84000015258789,52.513816833496094,15842300,0.0,0.0
2023-09-12 00:00:00-04:00,56.650001525878906,56.86000061035156,56.34000015258789,56.38999938964844,52.098060607910156,13916100,0.0,0.0
2023-09-13 00:00:00-04:00,56.31999969482422,56.529998779296875,56.08000183105469,56.279998779296875,51.99644470214844,13092200,0.0,0.0
2023-09-14 00:00:00-04:00,56.41999816894531,56.470001220703125,56.08000183105469,56.369998931884766,52.079586029052734,15760300,0.0,0.0
2023-09-15 00:00:00-04:00,56.310001373291016,56.38999938964844,55.540000915527344,56.040000915527344,51.774696350097656,44029200,0.0,0.0
2023-09-18 00:00:00-04:00,56.0099983215332,56.279998779296875,55.83000183105469,56.11000061035156,51.839378356933594,11825000,0.0,0.0
2023-09-19 00:00:00-04:00,56.18000030517578,56.209999084472656,55.459999084472656,55.84000015258789,51.58992004394531,10748500,0.0,0.0
2023-09-20 00:00:00-04:00,55.95000076293945,56.04999923706055,55.439998626708984,55.5,51.27580261230469,12219900,0.0,0.0
2023-09-21 00:00:00-04:00,53.40999984741211,54.099998474121094,52.849998474121094,53.34000015258789,49.280208587646484,37436100,0.0,0.0
2023-09-22 00:00:00-04:00,53.400001525878906,53.83000183105469,53.20000076293945,53.56999969482422,49.49270248413086,17869500,0.0,0.0
2023-09-25 00:00:00-04:00,53.459999084472656,53.68000030517578,53.15999984741211,53.47999954223633,49.409542083740234,14224400,0.0,0.0
2023-09-26 00:00:00-04:00,53.18000030517578,53.29999923706055,52.58000183105469,52.709999084472656,48.69815444946289,15618400,0.0,0.0
2023-09-27 00:00:00-04:00,52.88999938964844,53.369998931884766,52.529998779296875,53.20000076293945,49.15085983276367,15845500,0.0,0.0
2023-09-28 00:00:00-04:00,53.369998931884766,54.189998626708984,53.349998474121094,53.880001068115234,49.77910232543945,17204400,0.0,0.0
2023-09-29 00:00:00-04:00,54.15999984741211,54.20000076293945,53.5,53.7599983215332,49.66823959350586,13951200,0.0,0.0
2023-10-02 00:00:00-04:00,53.84000015258789,54.400001525878906,53.810001373291016,54.38999938964844,50.25028610229492,13934000,0.0,0.0
2023-10-03 00:00:00-04:00,53.86000061035156,53.88999938964844,53.349998474121094,53.650001525878906,49.92459487915039,15700600,0.39,0.0
2023-10-04 00:00:00-04:00,53.65999984741211,53.849998474121094,53.220001220703125,53.45000076293945,49.73847579956055,17009000,0.0,0.0
2023-10-05 00:00:00-04:00,53.400001525878906,53.470001220703125,52.58000183105469,53.06999969482422,49.38486099243164,14929400,0.0,0.0
2023-10-06 00:00:00-04:00,52.9900016784668,53.75,52.7400016784668,53.45000076293945,49.73847579956055,15665500,0.0,0.0
2023-10-09 00:00:00-04:00,53.349998474121094,53.959999084472656,53.25,53.91999816894531,50.175838470458984,10163600,0.0,0.0
2023-10-10 00:00:00-04:00,53.959999084472656,54.09000015258789,53.650001525878906,53.869998931884766,50.12931442260742,13105600,0.0,0.0
2023-10-11 00:00:00-04:00,53.93000030517578,54.130001068115234,53.349998474121094,53.65999984741211,49.933895111083984,12658000,0.0,0.0
2023-10-12 00:00:00-04:00,54.02000045776367,54.220001220703125,53.5099983215332,53.849998474121094,50.11069869995117,11846100,0.0,0.0
2023-10-13 00:00:00-04:00,53.880001068115234,54.119998931884766,53.439998626708984,53.77000045776367,50.03626251220703,14413800,0.0,0.0
2023-10-16 00:00:00-04:00,54.06999969482422,54.59000015258789,54.040000915527344,54.15999984741211,50.3991813659668,11736600,0.0,0.0
2023-10-17 00:00:00-04:00,53.790000915527344,53.97999954223633,53.16999816894531,53.939998626708984,50.1944580078125,17105900,0.0,0.0
2023-10-18 00:00:00-04:00,53.790000915527344,54.189998626708984,53.599998474121094,53.77000045776367,50.03626251220703,13087300,0.0,0.0
2023-10-19 00:00:00-04:00,53.7599983215332,53.93000030517578,53.20000076293945,53.31999969482422,49.61750411987305,16325600,0.0,0.0
2023-10-20 00:00:00-04:00,53.38999938964844,53.59000015258789,52.79999923706055,52.93000030517578,49.25458908081055,23888700,0.0,0.0
2023-10-23 00:00:00-04:00,52.81999969482422,52.849998474121094,52.15999984741211,52.20000076293945,48.575286865234375,17760000,0.0,0.0
2023-10-24 00:00:00-04:00,52.2599983215332,53.04999923706055,52.060001373291016,53.0099983215332,49.32902908325195,14824200,0.0,0.0
2023-10-25 00:00:00-04:00,53.11000061035156,53.369998931884766,52.33000183105469,52.400001525878906,48.76138687133789,14384700,0.0,0.0
2023-10-26 00:00:00-04:00,51.869998931884766,52.130001068115234,51.310001373291016,51.369998931884766,47.80290603637695,17594500,0.0,0.0
2023-10-27 00:00:00-04:00,51.63999938964844,52.150001525878906,51.400001525878906,51.560001373291016,47.9797248840332,13333900,0.0,0.0
2023-10-30 00:00:00-04:00,51.349998474121094,51.63999938964844,51.09000015258789,51.56999969482422,47.98902130126953,13322400,0.0,0.0
2023-10-31 00:00:00-04:00,51.75,52.16999816894531,51.68000030517578,52.130001068115234,48.51013946533203,13509300,0.0,0.0
2023-11-01 00:00:00-04:00,52.040000915527344,52.279998779296875,51.79999923706055,52.189998626708984,48.56597137451172,14300700,0.0,0.0
2023-11-02 00:00:00-04:00,52.31999969482422,52.79999923706055,52.18000030517578,52.75,49.08708953857422,17459700,0.0,0.0
2023-11-03 00:00:00-04:00,53.2599983215332,53.45000076293945,52.630001068115234,53.0099983215332,49.32902908325195,17644900,0.0,0.0
2023-11-06 00:00:00-05:00,52.970001220703125,53.29999923706055,52.880001068115234,53.290000915527344,49.58958435058594,15429600,0.0,0.0
2023-11-07 00:00:00-05:00,53.34000015258789,53.439998626708984,52.970001220703125,53.130001068115234,49.440704345703125,15153100,0.0,0.0
2023-11-08 00:00:00-05:00,53.38999938964844,53.5,52.77000045776367,53.0,49.31972885131836,13633800,0.0,0.0
2023-11-09 00:00:00-05:00,52.119998931884766,52.56999969482422,51.75,52.0,48.389163970947266,21039400,0.0,0.0
2023-11-10 00:00:00-05:00,52.25,52.630001068115234,51.93000030517578,52.59000015258789,48.93819046020508,17369000,0.0,0.0
2023-11-13 00:00:00-05:00,52.47999954223633,52.63999938964844,52.09000015258789,52.22999954223633,48.60319137573242,14931600,0.0,0.0
2023-11-14 00:00:00-05:00,52.470001220703125,53.369998931884766,52.470001220703125,53.16999816894531,49.4779167175293,18331000,0.0,0.0
2023-11-15 00:00:00-05:00,53.27000045776367,53.43000030517578,53.040000915527344,53.279998779296875,49.58027648925781,32188200,0.0,0.0
2023-11-16 00:00:00-05:00,47.40999984741211,48.060001373291016,46.20000076293945,48.040000915527344,44.70414352416992,79057800,0.0,0.0
2023-11-17 00:00:00-05:00,48.04999923706055,48.36000061035156,47.72999954223633,47.7599983215332,44.44358444213867,32593700,0.0,0.0
2023-11-20 00:00:00-05:00,47.560001373291016,48.369998931884766,47.54999923706055,48.27000045776367,44.91817855834961,27421000,0.0,0.0
2023-11-21 00:00:00-05:00,48.27000045776367,48.349998474121094,47.65999984741211,47.79999923706055,44.48081588745117,21510500,0.0,0.0
2023-11-22 00:00:00-05:00,48.08000183105469,48.349998474121094,47.95000076293945,48.08000183105469,44.741371154785156,17308400,0.0,0.0
2023-11-24 00:00:00-05:00,48.09000015258789,48.400001525878906,48.04999923706055,48.36000061035156,45.00192642211914,8209500,0.0,0.0
2023-11-27 00:00:00-05:00,48.33000183105469,48.369998931884766,47.90999984741211,47.93000030517578,44.60177993774414,17651600,0.0,0.0
2023-11-28 00:00:00-05:00,47.95000076293945,48.189998626708984,47.810001373291016,47.849998474121094,44.527339935302734,16360900,0.0,0.0
2023-11-29 00:00:00-05:00,48.11000061035156,48.439998626708984,48.029998779296875,48.04999923706055,44.71345520019531,16700500,0.0,0.0
2023-11-30 00:00:00-05:00,48.189998626708984,48.5,47.939998626708984,48.380001068115234,45.020538330078125,37165000,0.0,0.0
2023-12-01 00:00:00-05:00,48.279998779296875,48.779998779296875,48.02000045776367,48.470001220703125,45.10428237915039,18744700,0.0,0.0
2023-12-04 00:00:00-05:00,48.060001373291016,48.18000030517578,47.779998779296875,48.04999923706055,44.71345520019531,17812900,0.0,0.0
2023-12-05 00:00:00-05:00,47.75,47.959999084472656,47.59000015258789,47.93000030517578,44.60177993774414,20985000,0.0,0.0
2023-12-06 00:00:00-05:00,48.06999969482422,48.209999084472656,47.650001525878906,47.70000076293945,44.387752532958984,19535500,0.0,0.0
2023-12-07 00:00:00-05:00,47.90999984741211,48.36000061035156,47.79999923706055,48.2599983215332,44.908870697021484,20478500,0.0,0.0
2023-12-08 00:00:00-05:00,48.279998779296875,48.59000015258789,48.209999084472656,48.380001068115234,45.020538330078125,16039900,0.0,0.0
2023-12-11 00:00:00-05:00,48.939998626708984,49.439998626708984,48.849998474121094,49.38999938964844,45.96040344238281,25618900,0.0,0.0
2023-12-12 00:00:00-05:00,49.58000183105469,49.59000015258789,49.11000061035156,49.33000183105469,45.904571533203125,18712200,0.0,0.0
2023-12-13 00:00:00-05:00,49.2400016784668,49.70000076293945,48.810001373291016,49.689998626708984,46.239566802978516,18689200,0.0,0.0
2023-12-14 00:00:00-05:00,50.0,50.0099983215332,49.16999816894531,49.439998626708984,46.006927490234375,28418700,0.0,0.0
2023-12-15 00:00:00-05:00,49.4900016784668,49.93000030517578,49.43000030517578,49.869998931884766,46.40706253051758,58860100,0.0,0.0
2023-12-18 00:00:00-05:00,49.91999816894531,50.29999923706055,49.400001525878906,50.2400016784668,46.751380920410156,20453100,0.0,0.0
2023-12-19 00:00:00-05:00,50.369998931884766,50.459999084472656,49.84000015258789,50.18000030517578,46.69554901123047,17035800,0.0,0.0
2023-12-20 00:00:00-05:00,50.119998931884766,50.33000183105469,49.790000915527344,49.79999923706055,46.3419303894043,17812200,0.0,0.0
2023-12-21 00:00:00-05:00,49.93000030517578,49.97999954223633,49.380001068115234,49.70000076293945,46.24887466430664,18772300,0.0,0.0
2023-12-22 00:00:00-05:00,49.84000015258789,50.38999938964844,49.84000015258789,50.09000015258789,46.61178970336914,12903800,0.0,0.0
2023-12-26 00:00:00-05:00,50.11000061035156,50.400001525878906,50.04999923706055,50.279998779296875,46.78860092163086,9721200,0.0,0.0
2023-12-27 00:00:00-05:00,50.29999923706055,50.560001373291016,50.279998779296875,50.439998626708984,46.9374885559082,10414300,0.0,0.0
2023-12-28 00:00:00-05:00,50.58000183105469,50.630001068115234,50.41999816894531,50.47999954223633,46.97471237182617,8549900,0.0,0.0
2023-12-29 00:00:00-05:00,50.45000076293945,50.59000015258789,50.220001220703125,50.52000045776367,47.011932373046875,12492900,0.0,0.0
2024-01-02 00:00:00-05:00,50.4900016784668,50.86000061035156,50.25,50.5099983215332,47.002628326416016,20242900,0.0,0.0
2024-01-03 00:00:00-05:00,50.16999816894531,50.68000030517578,49.939998626708984,50.5099983215332,47.368370056152344,20303900,0.39,0.0
2024-01-04 00:00:00-05:00,50.439998626708984,50.5099983215332,49.9900016784668,50.08000183105469,46.96512222290039,18134100,0.0,0.0
2024-01-05 00:00:00-05:00,50.18000030517578,50.369998931884766,49.869998931884766,50.09000015258789,46.9744987487793,13989300,0.0,0.0
2024-01-08 00:00:00-05:00,49.75,50.5,49.689998626708984,50.459999084472656,47.32147979736328,18070300,0.0,0.0
2024-01-09 00:00:00-05:00,49.959999084472656,50.040000915527344,49.43000030517578,49.90999984741211,46.80569839477539,20489200,0.0,0.0
2024-01-10 00:00:00-05:00,50.0,50.31999969482422,49.81999969482422,50.2400016784668,47.115169525146484,15174200,0.0,0.0
2024-01-11 00:00:00-05:00,50.45000076293945,50.5,50.040000915527344,50.439998626708984,47.30272674560547,16458300,0.0,0.0
2024-01-12 00:00:00-05:00,50.5,50.81999969482422,50.29999923706055,50.34000015258789,47.20895004272461,18785700,0.0,0.0
2024-01-16 00:00:00-05:00,50.25,50.59000015258789,50.06999969482422,50.59000015258789,47.44340133666992,17015900,0.0,0.0
2024-01-17 00:00:00-05:00,50.2400016784668,50.43000030517578,49.90999984741211,50.29999923706055,47.17143630981445,17370600,0.0,0.0
2024-01-18 00:00:00-05:00,50.29999923706055,50.79999923706055,50.279998779296875,50.75,47.59344482421875,18487500,0.0,0.0
2024-01-19 00:00:00-05:00,50.75,51.38999938964844,50.72999954223633,51.27000045776367,48.08110427856445,23015300,0.0,0.0
2024-01-22 00:00:00-05:00,51.54999923706055,51.779998779296875,51.40999984741211,51.56999969482422,48.36244583129883,20298700,0.0,0.0
2024-01-23 00:00:00-05:00,51.38999938964844,51.81999969482422,51.29999923706055,51.7599983215332,48.540618896484375,15044300,0.0,0.0
2024-01-24 00:00:00-05:00,52.0,52.0,51.209999084472656,51.310001373291016,48.118614196777344,19458500,0.0,0.0
2024-01-25 00:00:00-05:00,51.75,52.560001373291016,51.75,52.33000183105469,49.07518005371094,18936600,0.0,0.0
2024-01-26 00:00:00-05:00,52.41999816894531,52.619998931884766,51.9900016784668,52.13999938964844,48.89699172973633,13160300,0.0,0.0
2024-01-29 00:00:00-05:00,51.84000015258789,52.38999938964844,51.83000183105469,52.290000915527344,49.03766632080078,13492400,0.0,0.0
2024-01-30 00:00:00-05:00,52.29999923706055,52.41999816894531,52.0,52.2400016784668,48.99077224731445,14322100,0.0,0.0
2024-01-31 00:00:00-05:00,51.849998474121094,51.939998626708984,50.06999969482422,50.18000030517578,47.05889892578125,29311800,0.0,0.0
2024-02-01 00:00:00-05:00,50.22999954223633,50.459999084472656,49.81999969482422,50.18000030517578,47.05889892578125,20635700,0.0,0.0
2024-02-02 00:00:00-05:00,50.13999938964844,50.380001068115234,49.619998931884766,50.18000030517578,47.05889892578125,20533100,0.0,0.0
2024-02-05 00:00:00-05:00,49.939998626708984,50.150001525878906,49.2599983215332,49.5099983215332,46.430572509765625,19602000,0.0,0.0
2024-02-06 00:00:00-05:00,50.310001373291016,50.61000061035156,49.790000915527344,49.97999954223633,46.871337890625,19265800,0.0,0.0
2024-02-07 00:00:00-05:00,50.29999923706055,50.349998474121094,49.459999084472656,49.77000045776367,46.674400329589844,16794400,0.0,0.0
2024-02-08 00:00:00-05:00,49.900001525878906,49.9900016784668,49.54999923706055,49.95000076293945,46.84320831298828,19599000,0.0,0.0
2024-02-09 00:00:00-05:00,49.93000030517578,50.2599983215332,49.630001068115234,50.130001068115234,47.01200485229492,24076900,0.0,0.0
2024-02-12 00:00:00-05:00,50.029998779296875,50.20000076293945,49.529998779296875,49.9900016784668,46.88071060180664,19046300,0.0,0.0
2024-02-13 00:00:00-05:00,49.619998931884766,49.939998626708984,49.13999938964844,49.63999938964844,46.55248260498047,23633700,0.0,0.0
2024-02-14 00:00:00-05:00,49.56999969482422,50.34000015258789,49.54999923706055,50.279998779296875,47.152679443359375,31176400,0.0,0.0
2024-02-15 00:00:00-05:00,48.2599983215332,49.689998626708984,48.189998626708984,49.060001373291016,46.00856399536133,42766500,0.0,0.0
2024-02-16 00:00:00-05:00,48.75,49.08000183105469,48.38999938964844,48.439998626708984,45.427120208740234,24912300,0.0,0.0
2024-02-20 00:00:00-05:00,47.970001220703125,48.470001220703125,47.849998474121094,48.279998779296875,45.277076721191406,26402500,0.0,0.0
2024-02-21 00:00:00-05:00,48.45000076293945,48.52000045776367,47.900001525878906,48.47999954223633,45.464637756347656,15981300,0.0,0.0
2024-02-22 00:00:00-05:00,48.27000045776367,48.70000076293945,48.150001525878906,48.56999969482422,45.549034118652344,22020300,0.0,0.0
2024-02-23 00:00:00-05:00,48.619998931884766,49.13999938964844,48.5,48.86000061035156,45.82099914550781,13141900,0.0,0.0
2024-02-26 00:00:00-05:00,48.849998474121094,48.900001525878906,48.36000061035156,48.400001525878906,45.389610290527344,13018700,0.0,0.0
2024-02-27 00:00:00-05:00,48.150001525878906,48.45000076293945,48.02000045776367,48.310001373291016,45.30521011352539,12515400,0.0,0.0
2024-02-28 00:00:00-05:00,48.20000076293945,48.47999954223633,48.0099983215332,48.060001373291016,45.070762634277344,14635100,0.0,0.0
2024-02-29 00:00:00-05:00,48.189998626708984,48.47999954223633,48.130001068115234,48.369998931884766,45.361473083496094,22962500,0.0,0.0
2024-03-01 00:00:00-05:00,48.11000061035156,48.41999816894531,47.65999984741211,48.400001525878906,45.389610290527344,18508100,0.0,0.0
2024-03-04 00:00:00-05:00,48.369998931884766,49.470001220703125,48.22999954223633,49.130001068115234,46.07421112060547,25214500,0.0,0.0
2024-03-05 00:00:00-05:00,49.040000915527344,49.06999969482422,48.56999969482422,48.95000076293945,45.905399322509766,18101300,0.0,0.0
2024-03-06 00:00:00-05:00,48.97999954223633,49.40999984741211,48.970001220703125,49.16999816894531,46.111717224121094,20903600,0.0,0.0
2024-03-07 00:00:00-05:00,49.439998626708984,49.47999954223633,48.83000183105469,48.900001525878906,45.858516693115234,21224700,0.0,0.0
2024-03-08 00:00:00-05:00,48.869998931884766,49.779998779296875,48.849998474121094,49.5,46.42119598388672,19316200,0.0,0.0
2024-03-11 00:00:00-04:00,49.720001220703125,50.29999923706055,49.58000183105469,50.220001220703125,47.096412658691406,17715100,0.0,0.0
2024-03-12 00:00:00-04:00,50.540000915527344,50.54999923706055,49.88999938964844,50.06999969482422,46.95573806762695,17590400,0.0,0.0
2024-03-13 00:00:00-04:00,50.029998779296875,50.150001525878906,49.83000183105469,50.11000061035156,46.993247985839844,16669900,0.0,0.0
2024-03-14 00:00:00-04:00,50.27000045776367,50.349998474121094,49.599998474121094,49.790000915527344,46.693153381347656,17239400,0.0,0.0
2024-03-15 00:00:00-04:00,49.790000915527344,49.959999084472656,48.900001525878906,48.93000030517578,45.88665008544922,57049200,0.0,0.0
2024-03-18 00:00:00-04:00,49.220001220703125,49.65999984741211,48.97999954223633,49.27000045776367,46.20549774169922,17406700,0.0,0.0
2024-03-19 00:00:00-04:00,49.119998931884766,49.599998474121094,48.970001220703125,49.13999938964844,46.08358383178711,19601100,0.0,0.0
2024-03-20 00:00:00-04:00,49.040000915527344,49.58000183105469,48.939998626708984,49.54999923706055,46.468074798583984,18554100,0.0,0.0
2024-03-21 00:00:00-04:00,49.709999084472656,50.189998626708984,49.560001373291016,49.880001068115234,46.77756118774414,26102900,0.0,0.0
2024-03-22 00:00:00-04:00,50.04999923706055,50.099998474121094,49.720001220703125,49.779998779296875,46.68377685546875,15022900,0.0,0.0
2024-03-25 00:00:00-04:00,49.560001373291016,49.7599983215332,49.290000915527344,49.68000030517578,46.589996337890625,16191200,0.0,0.0
2024-03-26 00:00:00-04:00,49.54999923706055,49.810001373291016,49.47999954223633,49.54999923706055,46.468074798583984,13842900,0.0,0.0
2024-03-27 00:00:00-04:00,49.77000045776367,49.900001525878906,49.40999984741211,49.77000045776367,46.674400329589844,17231000,0.0,0.0
2024-03-28 00:00:00-04:00,49.88999938964844,50.20000076293945,49.810001373291016,49.90999984741211,46.80569839477539,18139700,0.0,0.0
2024-04-01 00:00:00-04:00,49.959999084472656,50.20000076293945,49.869998931884766,50.040000915527344,46.927608489990234,15138100,0.0,0.0
2024-04-02 00:00:00-04:00,49.959999084472656,50.09000015258789,49.150001525878906,49.36000061035156,46.28990173339844,16414400,0.0,0.0
2024-04-03 00:00:00-04:00,48.79999923706055,49.220001220703125,48.65999984741211,48.7400016784668,46.0818977355957,22210000,0.4,0.0
2024-04-04 00:00:00-04:00,49.09000015258789,49.54999923706055,48.040000915527344,48.11000061035156,45.48625564575195,17374000,0.0,0.0
2024-04-05 00:00:00-04:00,47.959999084472656,48.66999816894531,47.88999938964844,48.54999923706055,45.902259826660156,18661300,0.0,0.0
2024-04-08 00:00:00-04:00,48.189998626708984,48.65999984741211,48.15999984741211,48.2400016784668,45.609169006347656,15375700,0.0,0.0
2024-04-09 00:00:00-04:00,48.84000015258789,50.20000076293945,48.52000045776367,50.0099983215332,47.28263473510742,26686600,0.0,0.0
2024-04-10 00:00:00-04:00,49.72999954223633,49.77000045776367,48.810001373291016,49.209999084472656,46.526268005371094,20026400,0.0,0.0
2024-04-11 00:00:00-04:00,49.31999969482422,49.59000015258789,49.0,49.529998779296875,46.82881164550781,15703900,0.0,0.0
2024-04-12 00:00:00-04:00,49.209999084472656,49.22999954223633,48.439998626708984,48.4900016784668,45.84553527832031,16418100,0.0,0.0
2024-04-15 00:00:00-04:00,49.720001220703125,49.790000915527344,48.20000076293945,48.2400016784668,45.609169006347656,20310800,0.0,0.0
2024-04-16 00:00:00-04:00,48.470001220703125,48.5099983215332,47.84000015258789,47.91999816894531,45.30662155151367,14233400,0.0,0.0
2024-04-17 00:00:00-04:00,48.0,48.279998779296875,47.709999084472656,47.790000915527344,45.183712005615234,14407600,0.0,0.0
2024-04-18 00:00:00-04:00,48.40999984741211,48.40999984741211,47.880001068115234,48.11000061035156,45.48625564575195,13080900,0.0,0.0
2024-04-19 00:00:00-04:00,48.38999938964844,48.43000030517578,48.029998779296875,48.31999969482422,45.68479919433594,20964400,0.0,0.0
2024-04-22 00:00:00-04:00,48.4900016784668,48.59000015258789,48.0,48.13999938964844,45.51462173461914,20135700,0.0,0.0
2024-04-23 00:00:00-04:00,48.13999938964844,48.459999084472656,48.060001373291016,48.31999969482422,45.68479919433594,16261700,0.0,0.0
2024-04-24 00:00:00-04:00,48.04999923706055,48.380001068115234,47.91999816894531,48.349998474121094,45.713165283203125,14828500,0.0,0.0
2024-04-25 00:00:00-04:00,48.779998779296875,48.93000030517578,47.849998474121094,48.099998474121094,45.47679901123047,18790900,0.0,0.0
2024-04-26 00:00:00-04:00,47.63999938964844,48.279998779296875,47.61000061035156,47.86000061035156,45.24989318847656,14658900,0.0,0.0
2024-04-29 00:00:00-04:00,47.9900016784668,48.310001373291016,47.58000183105469,47.779998779296875,45.17424774169922,11599500,0.0,0.0
2024-04-30 00:00:00-04:00,47.61000061035156,47.689998626708984,46.970001220703125,46.97999954223633,44.417884826660156,18535400,0.0,0.0
2024-05-01 00:00:00-04:00,46.70000076293945,47.56999969482422,46.68000030517578,46.84000015258789,44.28551483154297,18266400,0.0,0.0
2024-05-02 00:00:00-04:00,47.029998779296875,47.119998931884766,46.599998474121094,46.790000915527344,44.23824691772461,15441700,0.0,0.0
2024-05-03 00:00:00-04:00,47.099998474121094,47.400001525878906,46.84000015258789,47.119998931884766,44.55024337768555,17935300,0.0,0.0
2024-05-06 00:00:00-04:00,47.220001220703125,47.439998626708984,46.970001220703125,47.11000061035156,44.54079055786133,14163000,0.0,0.0
2024-05-07 00:00:00-04:00,47.209999084472656,47.459999084472656,47.0099983215332,47.279998779296875,44.70151901245117,14308200,0.0,0.0
2024-05-08 00:00:00-04:00,47.439998626708984,48.13999938964844,47.25,48.0,45.38225173950195,15130200,0.0,0.0
2024-05-09 00:00:00-04:00,48.0,48.09000015258789,47.650001525878906,47.790000915527344,45.183712005615234,12449300,0.0,0.0
2024-05-10 00:00:00-04:00,48.0,48.099998474121094,47.70000076293945,48.060001373291016,45.43898391723633,12096900,0.0,0.0
2024-05-13 00:00:00-04:00,48.310001373291016,48.81999969482422,48.22999954223633,48.68000030517578,46.025169372558594,15149100,0.0,0.0
2024-05-14 00:00:00-04:00,48.97999954223633,49.18000030517578,48.349998474121094,48.95000076293945,46.28044128417969,17379700,0.0,0.0
2024-05-15 00:00:00-04:00,49.189998626708984,49.72999954223633,48.72999954223633,49.66999816894531,46.961177825927734,37342100,0.0,0.0
2024-05-16 00:00:00-04:00,50.08000183105469,50.11000061035156,48.16999816894531,48.34000015258789,45.703712463378906,47829400,0.0,0.0
2024-05-17 00:00:00-04:00,48.2599983215332,48.560001373291016,48.11000061035156,48.16999816894531,45.5429801940918,22020300,0.0,0.0
2024-05-20 00:00:00-04:00,48.0,48.06999969482422,47.0099983215332,47.130001068115234,44.55970001220703,22040700,0.0,0.0
2024-05-21 00:00:00-04:00,47.119998931884766,47.150001525878906,46.61000061035156,46.939998626708984,44.38006591796875,25172200,0.0,0.0
2024-05-22 00:00:00-04:00,47.099998474121094,47.84000015258789,47.040000915527344,47.43000030517578,44.84334182739258,19940600,0.0,0.0
2024-05-23 00:00:00-04:00,47.150001525878906,47.189998626708984,46.5099983215332,46.599998474121094,44.05860137939453,18837500,0.0,0.0
2024-05-24 00:00:00-04:00,46.630001068115234,46.79999923706055,46.380001068115234,46.41999816894531,43.888423919677734,11941100,0.0,0.0
2024-05-28 00:00:00-04:00,46.150001525878906,46.88999938964844,45.97999954223633,46.279998779296875,43.75605773925781,18178800,0.0,0.0
2024-05-29 00:00:00-04:00,45.900001525878906,46.33000183105469,45.849998474121094,46.08000183105469,43.56696701049805,16001100,0.0,0.0
2024-05-30 00:00:00-04:00,46.099998474121094,46.459999084472656,46.0,46.119998931884766,43.60478591918945,19894200,0.0,0.0
2024-05-31 00:00:00-04:00,46.13999938964844,46.56999969482422,46.0099983215332,46.5,43.964054107666016,39269100,0.0,0.0
2024-06-03 00:00:00-04:00,46.720001220703125,46.77000045776367,46.279998779296875,46.650001525878906,44.10587692260742,23295000,0.0,0.0
2024-06-04 00:00:00-04:00,46.650001525878906,47.599998474121094,46.5099983215332,47.41999816894531,44.83388137817383,23330300,0.0,0.0
2024-06-05 00:00:00-04:00,47.52000045776367,47.630001068115234,45.63999938964844,46.02000045776367,43.510231018066406,28746400,0.0,0.0
2024-06-06 00:00:00-04:00,45.939998626708984,46.38999938964844,45.779998779296875,46.22999954223633,43.70878219604492,15456100,0.0,0.0
2024-06-07 00:00:00-04:00,45.95000076293945,46.290000915527344,45.790000915527344,45.84000015258789,43.340057373046875,15734600,0.0,0.0
2024-06-10 00:00:00-04:00,45.79999923706055,45.86000061035156,45.27000045776367,45.849998474121094,43.34950637817383,13400400,0.0,0.0
2024-06-11 00:00:00-04:00,45.689998626708984,45.93000030517578,45.36000061035156,45.77000045776367,43.27386474609375,17450700,0.0,0.0
2024-06-12 00:00:00-04:00,45.9900016784668,46.08000183105469,45.38999938964844,45.619998931884766,43.13204574584961,16803100,0.0,0.0
2024-06-13 00:00:00-04:00,45.41999816894531,45.54999923706055,45.119998931884766,45.52000045776367,43.037513732910156,16149000,0.0,0.0
2024-06-14 00:00:00-04:00,45.31999969482422,45.709999084472656,44.970001220703125,45.68000030517578,43.18878173828125,15274200,0.0,0.0
2024-06-17 00:00:00-04:00,45.400001525878906,45.709999084472656,44.95000076293945,45.689998626708984,43.19823455810547,16382000,0.0,0.0
2024-06-18 00:00:00-04:00,45.5,45.9900016784668,45.5,45.970001220703125,43.46297073364258,17627000,0.0,0.0
2024-06-20 00:00:00-04:00,45.90999984741211,46.869998931884766,45.86000061035156,46.720001220703125,44.172061920166016,25613200,0.0,0.0
2024-06-21 00:00:00-04:00,47.099998474121094,47.84000015258789,47.04999923706055,47.290000915527344,44.710975646972656,64967000,0.0,0.0
2024-06-24 00:00:00-04:00,47.4900016784668,47.779998779296875,47.02000045776367,47.279998779296875,44.70151901245117,19136200,0.0,0.0
2024-06-25 00:00:00-04:00,47.27000045776367,47.81999969482422,46.9900016784668,47.380001068115234,44.79607009887695,17615800,0.0,0.0
2024-06-26 00:00:00-04:00,47.060001373291016,47.40999984741211,46.79999923706055,46.86000061035156,44.30442810058594,13981300,0.0,0.0
2024-06-27 00:00:00-04:00,46.779998779296875,47.5099983215332,46.77000045776367,47.45000076293945,44.86224365234375,16541900,0.0,0.0
2024-06-28 00:00:00-04:00,47.54999923706055,47.86000061035156,47.34000015258789,47.5099983215332,44.91897201538086,23921100,0.0,0.0
2024-07-01 00:00:00-04:00,47.47999954223633,47.84000015258789,47.349998474121094,47.52000045776367,44.928428649902344,17776000,0.0,0.0
2024-07-02 00:00:00-04:00,47.400001525878906,47.790000915527344,46.959999084472656,47.279998779296875,44.70151901245117,19794200,0.0,0.0
2024-07-03 00:00:00-04:00,47.150001525878906,47.52000045776367,47.040000915527344,47.09000015258789,44.52188491821289,8118300,0.0,0.0
2024-07-05 00:00:00-04:00,46.43000030517578,46.7599983215332,46.310001373291016,46.650001525878906,44.483741760253906,14692600,0.4,0.0
2024-07-08 00:00:00-04:00,46.349998474121094,46.779998779296875,45.95000076293945,46.060001373291016,43.921138763427734,19320900,0.0,0.0
2024-07-09 00:00:00-04:00,46.0,46.099998474121094,45.650001525878906,45.79999923706055,43.67321014404297,17343400,0.0,0.0
2024-07-10 00:00:00-04:00,46.060001373291016,46.290000915527344,45.83000183105469,46.27000045776367,44.12138748168945,18737300,0.0,0.0
2024-07-11 00:00:00-04:00,46.18000030517578,46.90999984741211,46.18000030517578,46.7599983215332,44.5886344909668,19741200,0.0,0.0
2024-07-12 00:00:00-04:00,46.779998779296875,47.86000061035156,46.650001525878906,47.380001068115234,45.179847717285156,20936100,0.0,0.0
2024-07-15 00:00:00-04:00,47.40999984741211,47.4900016784668,46.790000915527344,47.400001525878906,45.19891357421875,15925900,0.0,0.0
2024-07-16 00:00:00-04:00,47.45000076293945,47.970001220703125,47.220001220703125,47.41999816894531,45.217979431152344,17037300,0.0,0.0
2024-07-17 00:00:00-04:00,47.459999084472656,48.7400016784668,47.349998474121094,48.52000045776367,46.266902923583984,26638700,0.0,0.0
2024-07-18 00:00:00-04:00,48.150001525878906,48.63999938964844,47.97999954223633,48.040000915527344,45.80919647216797,18462500,0.0,0.0
2024-07-19 00:00:00-04:00,48.09000015258789,48.099998474121094,47.13999938964844,47.31999969482422,45.122623443603516,18289200,0.0,0.0
2024-07-22 00:00:00-04:00,47.31999969482422,47.380001068115234,46.77000045776367,46.81999969482422,44.64584732055664,19899400,0.0,0.0
2024-07-23 00:00:00-04:00,46.75,46.779998779296875,46.34000015258789,46.36000061035156,44.20720672607422,16372000,0.0,0.0
2024-07-24 00:00:00-04:00,46.540000915527344,47.040000915527344,46.2400016784668,46.849998474121094,44.67445755004883,25318200,0.0,0.0
2024-07-25 00:00:00-04:00,47.369998931884766,48.189998626708984,47.060001373291016,47.2400016784668,45.04635238647461,20631200,0.0,0.0
2024-07-26 00:00:00-04:00,47.31999969482422,48.0099983215332,47.2400016784668,47.880001068115234,45.6566276550293,16104900,0.0,0.0
2024-07-29 00:00:00-04:00,47.81999969482422,48.209999084472656,47.439998626708984,47.9900016784668,45.76151657104492,11475700,0.0,0.0
2024-07-30 00:00:00-04:00,48.189998626708984,48.54999923706055,47.88999938964844,48.13999938964844,45.90454864501953,20166000,0.0,0.0
2024-07-31 00:00:00-04:00,48.40999984741211,48.77000045776367,48.2400016784668,48.45000076293945,46.20015335083008,19953600,0.0,0.0
2024-08-01 00:00:00-04:00,48.619998931884766,48.720001220703125,47.20000076293945,47.38999938964844,45.18937683105469,18837500,0.0,0.0
2024-08-02 00:00:00-04:00,47.68000030517578,47.75,46.349998474121094,46.65999984741211,44.4932746887207,24000200,0.0,0.0
2024-08-05 00:00:00-04:00,46.54999923706055,46.68000030517578,44.689998626708984,44.7400016784668,42.66243362426758,29669600,0.0,0.0
2024-08-06 00:00:00-04:00,44.75,45.7400016784668,44.63999938964844,45.15999984741211,43.06292724609375,20524000,0.0,0.0
2024-08-07 00:00:00-04:00,45.41999816894531,46.209999084472656,45.09000015258789,45.119998931884766,43.02478790283203,18301100,0.0,0.0
2024-08-08 00:00:00-04:00,45.279998779296875,46.27000045776367,45.279998779296875,45.83000183105469,43.70181655883789,18369100,0.0,0.0
2024-08-09 00:00:00-04:00,45.70000076293945,46.060001373291016,45.2400016784668,45.470001220703125,43.35853958129883,21217600,0.0,0.0
2024-08-12 00:00:00-04:00,45.529998779296875,45.7400016784668,44.5,44.86000061035156,42.77686309814453,20289500,0.0,0.0
2024-08-13 00:00:00-04:00,44.97999954223633,45.38999938964844,44.88999938964844,45.369998931884766,43.2631721496582,20976900,0.0,0.0
2024-08-14 00:00:00-04:00,45.13999938964844,45.7400016784668,45.040000915527344,45.439998626708984,43.329925537109375,30675600,0.0,0.0
2024-08-15 00:00:00-04:00,48.75,50.279998779296875,48.15999984741211,48.529998779296875,46.27643966674805,45976400,0.0,0.0
2024-08-16 00:00:00-04:00,48.63999938964844,49.72999954223633,48.5,49.459999084472656,47.163246154785156,27424900,0.0,0.0
2024-08-19 00:00:00-04:00,49.33000183105469,49.9900016784668,49.29999923706055,49.97999954223633,47.65911102294922,16436600,0.0,0.0
2024-08-20 00:00:00-04:00,49.97999954223633,50.369998931884766,49.599998474121094,50.2400016784668,47.90703582763672,18697300,0.0,0.0
2024-08-21 00:00:00-04:00,50.290000915527344,50.54999923706055,50.029998779296875,50.45000076293945,48.10728454589844,21177600,0.0,0.0
2024-08-22 00:00:00-04:00,50.720001220703125,50.93000030517578,50.18000030517578,50.220001220703125,47.88796615600586,19143100,0.0,0.0
2024-08-23 00:00:00-04:00,50.5099983215332,50.77000045776367,50.31999969482422,50.7400016784668,48.38381576538086,16474100,0.0,0.0
2024-08-26 00:00:00-04:00,50.790000915527344,51.02000045776367,50.720001220703125,50.790000915527344,48.43149185180664,12016800,0.0,0.0
2024-08-27 00:00:00-04:00,50.66999816894531,50.84000015258789,50.400001525878906,50.709999084472656,48.35520553588867,10243900,0.0,0.0
2024-08-28 00:00:00-04:00,50.45000076293945,50.56999969482422,49.40999984741211,49.849998474121094,47.53514099121094,14571400,0.0,0.0
2024-08-29 00:00:00-04:00,49.970001220703125,50.81999969482422,49.880001068115234,50.38999938964844,48.05006790161133,16324100,0.0,0.0
2024-08-30 00:00:00-04:00,50.54999923706055,50.689998626708984,50.06999969482422,50.540000915527344,48.1931037902832,15615800,0.0,0.0
2024-09-03 00:00:00-04:00,50.310001373291016,50.5,49.900001525878906,50.060001373291016,47.73539352416992,14918600,0.0,0.0
2024-09-04 00:00:00-04:00,49.81999969482422,50.040000915527344,49.58000183105469,49.70000076293945,47.392112731933594,16411700,0.0,0.0
2024-09-05 00:00:00-04:00,49.5,49.650001525878906,48.939998626708984,49.130001068115234,46.84858322143555,16312000,0.0,0.0
2024-09-06 00:00:00-04:00,48.869998931884766,49.22999954223633,48.20000076293945,48.5,46.247833251953125,21040500,0.0,0.0
2024-09-09 00:00:00-04:00,48.470001220703125,49.150001525878906,48.2599983215332,48.70000076293945,46.43854522705078,18677600,0.0,0.0
2024-09-10 00:00:00-04:00,48.790000915527344,48.970001220703125,48.439998626708984,48.790000915527344,46.52436828613281,11754700,0.0,0.0
2024-09-11 00:00:00-04:00,48.75,49.209999084472656,47.849998474121094,49.11000061035156,46.829505920410156,15106600,0.0,0.0
2024-09-12 00:00:00-04:00,49.09000015258789,49.63999938964844,48.86000061035156,49.61000061035156,47.30629348754883,13229500,0.0,0.0
2024-09-13 00:00:00-04:00,49.7400016784668,50.060001373291016,49.66999816894531,49.79999923706055,47.48746871948242,10168900,0.0,0.0
2024-09-16 00:00:00-04:00,49.880001068115234,51.06999969482422,49.779998779296875,51.029998779296875,48.66034698486328,16668200,0.0,0.0
2024-09-17 00:00:00-04:00,51.02000045776367,51.41999816894531,50.56999969482422,50.61000061035156,48.25985336303711,13230300,0.0,0.0
2024-09-18 00:00:00-04:00,50.38999938964844,51.13999938964844,50.27000045776367,50.56999969482422,48.22171401977539,12697700,0.0,0.0
2024-09-19 00:00:00-04:00,51.40999984741211,51.720001220703125,51.150001525878906,51.439998626708984,49.051307678222656,16274000,0.0,0.0
2024-09-20 00:00:00-04:00,51.45000076293945,52.33000183105469,51.41999816894531,51.970001220703125,49.556697845458984,44096600,0.0,0.0
2024-09-23 00:00:00-04:00,52.060001373291016,52.439998626708984,51.88999938964844,52.189998626708984,49.7664794921875,18343400,0.0,0.0
2024-09-24 00:00:00-04:00,52.209999084472656,52.56999969482422,52.0099983215332,52.52000045776367,50.08115768432617,26479300,0.0,0.0
2024-09-25 00:00:00-04:00,52.56999969482422,52.72999954223633,52.369998931884766,52.650001525878906,50.20512008666992,22422200,0.0,0.0
2024-09-26 00:00:00-04:00,53.0,53.290000915527344,52.7599983215332,52.849998474121094,50.39582824707031,18374000,0.0,0.0
2024-09-27 00:00:00-04:00,53.040000915527344,53.220001220703125,52.86000061035156,53.02000045776367,50.55794143676758,13868300,0.0,0.0
2024-09-30 00:00:00-04:00,53.02000045776367,53.310001373291016,52.650001525878906,53.220001220703125,50.7486572265625,17807500,0.0,0.0
2024-10-01 00:00:00-04:00,53.11000061035156,53.20000076293945,52.310001373291016,52.7400016784668,50.29094314575195,16621800,0.0,0.0
2024-10-02 00:00:00-04:00,52.400001525878906,52.84000015258789,52.130001068115234,52.619998931884766,50.55997848510742,11071300,0.4,0.0
2024-10-03 00:00:00-04:00,52.189998626708984,52.65999984741211,52.15999984741211,52.43000030517578,50.37741470336914,11029100,0.0,0.0
2024-10-04 00:00:00-04:00,52.79999923706055,52.90999984741211,52.40999984741211,52.75,50.684898376464844,11724100,0.0,0.0
2024-10-07 00:00:00-04:00,52.58000183105469,52.849998474121094,52.369998931884766,52.5099983215332,50.45429229736328,10941700,0.0,0.0
2024-10-08 00:00:00-04:00,52.63999938964844,52.77000045776367,52.20000076293945,52.72999954223633,50.665679931640625,12365000,0.0,0.0
2024-10-09 00:00:00-04:00,52.650001525878906,53.68000030517578,52.540000915527344,53.560001373291016,51.46318817138672,10586100,0.0,0.0
2024-10-10 00:00:00-04:00,53.70000076293945,53.810001373291016,53.41999816894531,53.540000915527344,51.443965911865234,9377500,0.0,0.0
2024-10-11 00:00:00-04:00,53.52000045776367,54.33000183105469,53.52000045776367,54.25,52.12617111206055,12704500,0.0,0.0
2024-10-14 00:00:00-04:00,54.310001373291016,54.40999984741211,53.790000915527344,54.27000045776367,52.1453857421875,11428600,0.0,0.0
2024-10-15 00:00:00-04:00,54.41999816894531,54.61000061035156,53.91999816894531,54.08000183105469,51.96282958984375,20066300,0.0,0.0
2024-10-16 00:00:00-04:00,55.0,56.40999984741211,54.83000183105469,56.380001068115234,54.172786712646484,32382300,0.0,0.0
2024-10-17 00:00:00-04:00,56.380001068115234,56.58000183105469,55.849998474121094,56.400001525878906,54.19199752807617,18383400,0.0,0.0
2024-10-18 00:00:00-04:00,56.40999984741211,56.869998931884766,56.209999084472656,56.7599983215332,54.53790283203125,17679800,0.0,0.0
2024-10-21 00:00:00-04:00,56.689998626708984,57.060001373291016,56.5099983215332,56.59000015258789,54.37455749511719,14083600,0.0,0.0
2024-10-22 00:00:00-04:00,56.0,56.900001525878906,55.86000061035156,56.599998474121094,54.38417053222656,14956300,0.0,0.0
2024-10-23 00:00:00-04:00,56.15999984741211,56.59000015258789,55.9900016784668,56.279998779296875,54.076698303222656,18723000,0.0,0.0
2024-10-24 00:00:00-04:00,56.380001068115234,56.54999923706055,55.810001373291016,55.959999084472656,53.76922607421875,14699600,0.0,0.0
2024-10-25 00:00:00-04:00,56.25,56.630001068115234,55.66999816894531,55.7400016784668,53.557838439941406,14680500,0.0,0.0
2024-10-28 00:00:00-04:00,55.900001525878906,55.97999954223633,55.209999084472656,55.279998779296875,53.115848541259766,12912300,0.0,0.0
2024-10-29 00:00:00-04:00,55.369998931884766,56.11000061035156,55.27000045776367,55.68000030517578,53.50019073486328,18810100,0.0,0.0
2024-10-30 00:00:00-04:00,55.56999969482422,56.040000915527344,55.369998931884766,55.59000015258789,53.4137077331543,13284300,0.0,0.0
2024-10-31 00:00:00-04:00,55.43000030517578,55.5099983215332,54.709999084472656,54.77000045776367,52.62580871582031,22023400,0.0,0.0
2024-11-01 00:00:00-04:00,54.7400016784668,55.810001373291016,54.529998779296875,55.5,53.32723617553711,19235600,0.0,0.0
2024-11-04 00:00:00-05:00,55.45000076293945,55.90999984741211,55.119998931884766,55.83000183105469,53.64431381225586,13269900,0.0,0.0
2024-11-05 00:00:00-05:00,55.900001525878906,56.27000045776367,55.5,56.15999984741211,53.961395263671875,10183600,0.0,0.0
2024-11-06 00:00:00-05:00,57.189998626708984,58.09000015258789,56.959999084472656,57.869998931884766,55.60444259643555,20506000,0.0,0.0
2024-11-07 00:00:00-05:00,57.79999923706055,58.29999923706055,57.540000915527344,58.08000183105469,55.80623245239258,17880200,0.0,0.0
2024-11-08 00:00:00-05:00,58.09000015258789,58.20000076293945,57.65999984741211,58.060001373291016,55.78701400756836,17517700,0.0,0.0
2024-11-11 00:00:00-05:00,59.0,59.380001068115234,58.36000061035156,58.630001068115234,56.33470153808594,17827000,0.0,0.0
2024-11-12 00:00:00-05:00,58.7599983215332,59.040000915527344,58.43000030517578,58.709999084472656,56.411563873291016,16609400,0.0,0.0
2024-11-13 00:00:00-05:00,58.150001525878906,59.279998779296875,57.84000015258789,59.18000030517578,56.863162994384766,36350600,0.0,0.0
2024-11-14 00:00:00-05:00,58.9900016784668,58.9900016784668,57.52000045776367,57.91999816894531,55.652488708496094,33747700,0.0,0.0
2024-11-15 00:00:00-05:00,57.45000076293945,58.099998474121094,57.22999954223633,57.459999084472656,55.21050262451172,28173700,0.0,0.0
2024-11-18 00:00:00-05:00,57.54999923706055,57.9900016784668,57.22999954223633,57.310001373291016,55.06637191772461,23769300,0.0,0.0
2024-11-19 00:00:00-05:00,56.68000030517578,57.040000915527344,56.349998474121094,57.0099983215332,54.77811813354492,17476200,0.0,0.0
2024-11-20 00:00:00-05:00,56.84000015258789,57.5,56.61000061035156,57.5,55.248931884765625,15345000,0.0,0.0
2024-11-21 00:00:00-05:00,57.290000915527344,57.93000030517578,57.099998474121094,57.560001373291016,55.30659103393555,16162400,0.0,0.0
2024-11-22 00:00:00-05:00,57.59000015258789,58.70000076293945,57.459999084472656,58.54999923706055,56.25782012939453,14952100,0.0,0.0
2024-11-25 00:00:00-05:00,58.650001525878906,58.959999084472656,58.2599983215332,58.7400016784668,56.44038772583008,52408200,0.0,0.0
2024-11-26 00:00:00-05:00,59.0,59.63999938964844,58.939998626708984,59.59000015258789,57.25711441040039,14209700,0.0,0.0
2024-11-27 00:00:00-05:00,59.61000061035156,59.869998931884766,58.93000030517578,59.290000915527344,56.9688606262207,12703300,0.0,0.0
2024-11-29 00:00:00-05:00,59.06999969482422,59.59000015258789,59.040000915527344,59.209999084472656,56.891990661621094,11618400,0.0,0.0
2024-12-02 00:00:00-05:00,59.25,59.70000076293945,59.13999938964844,59.43000030517578,57.10337448120117,15977400,0.0,0.0
2024-12-03 00:00:00-05:00,59.43000030517578,59.529998779296875,59.16999816894531,59.47999954223633,57.151424407958984,11746000,0.0,0.0
2024-12-04 00:00:00-05:00,59.63999938964844,59.84000015258789,59.27000045776367,59.619998931884766,57.28594207763672,16872100,0.0,0.0
2024-12-05 00:00:00-05:00,59.790000915527344,60.22999954223633,59.70000076293945,60.02000045776367,57.6702766418457,19121700,0.0,0.0
2024-12-06 00:00:00-05:00,60.0,60.08000183105469,59.77000045776367,59.88999938964844,57.54536819458008,14622700,0.0,0.0
2024-12-09 00:00:00-05:00,59.83000183105469,59.880001068115234,58.86000061035156,58.95000076293945,56.64216995239258,16517500,0.0,0.0
2024-12-10 00:00:00-05:00,58.5,58.86000061035156,58.130001068115234,58.720001220703125,56.421173095703125,14480200,0.0,0.0
2024-12-11 00:00:00-05:00,58.880001068115234,58.959999084472656,58.310001373291016,58.59000015258789,56.296260833740234,26842900,0.0,0.0
2024-12-12 00:00:00-05:00,58.689998626708984,59.7400016784668,58.630001068115234,58.849998474121094,56.546085357666016,17704600,0.0,0.0
2024-12-13 00:00:00-05:00,58.619998931884766,58.939998626708984,58.380001068115234,58.619998931884766,56.32508850097656,14129700,0.0,0.0
2024-12-16 00:00:00-05:00,58.470001220703125,58.4900016784668,57.849998474121094,58.349998474121094,56.06565475463867,26883200,0.0,0.0
2024-12-17 00:00:00-05:00,58.380001068115234,59.06999969482422,58.16999816894531,58.52000045776367,56.229007720947266,24912500,0.0,0.0
2024-12-18 00:00:00-05:00,58.709999084472656,58.709999084472656,57.47999954223633,57.529998779296875,55.27775192260742,24195100,0.0,0.0
2024-12-19 00:00:00-05:00,57.38999938964844,58.13999938964844,57.34000015258789,57.630001068115234,55.373844146728516,21947800,0.0,0.0
2024-12-20 00:00:00-05:00,57.56999969482422,58.779998779296875,57.27000045776367,58.52000045776367,56.229007720947266,69544600,0.0,0.0
2024-12-23 00:00:00-05:00,58.130001068115234,59.02000045776367,58.119998931884766,58.97999954223633,56.67099380493164,18671200,0.0,0.0
2024-12-24 00:00:00-05:00,58.79999923706055,59.849998474121094,58.79999923706055,59.849998474121094,57.506935119628906,9922300,0.0,0.0
2024-12-26 00:00:00-05:00,59.619998931884766,60.060001373291016,59.400001525878906,59.97999954223633,57.6318473815918,8524500,0.0,0.0
2024-12-27 00:00:00-05:00,59.56999969482422,60.02000045776367,59.13999938964844,59.61000061035156,57.27633285522461,13021400,0.0,0.0
2024-12-30 00:00:00-05:00,59.09000015258789,59.38999938964844,58.40999984741211,59.189998626708984,56.872772216796875,12948100,0.0,0.0
2024-12-31 00:00:00-05:00,59.220001220703125,59.380001068115234,58.77000045776367,59.20000076293945,56.88237762451172,14173000,0.0,0.0
2025-01-02 00:00:00-05:00,59.27000045776367,59.68000030517578,58.56999969482422,59.099998474121094,56.786293029785156,16144300,0.0,0.0
2025-01-03 00:00:00-05:00,58.84000015258789,59.16999816894531,58.36000061035156,58.86000061035156,56.941078186035156,18859000,0.4,0.0
2025-01-06 00:00:00-05:00,58.90999984741211,59.58000183105469,58.59000015258789,58.77000045776367,56.854007720947266,18543300,0.0,0.0
2025-01-07 00:00:00-05:00,58.970001220703125,59.25,58.650001525878906,58.93000030517578,57.00879669189453,16863800,0.0,0.0
2025-01-08 00:00:00-05:00,58.88999938964844,59.2400016784668,58.27000045776367,59.20000076293945,57.26999282836914,14400300,0.0,0.0
2025-01-10 00:00:00-05:00,58.790000915527344,59.060001373291016,58.540000915527344,58.7400016784668,56.82499313354492,17274500,0.0,0.0
2025-01-13 00:00:00-05:00,58.91999816894531,58.93000030517578,58.16999816894531,58.7599983215332,56.844337463378906,19340700,0.0,0.0
2025-01-14 00:00:00-05:00,58.970001220703125,59.34000015258789,58.75,59.33000183105469,57.39575958251953,16715500,0.0,0.0
2025-01-15 00:00:00-05:00,59.86000061035156,60.34000015258789,59.59000015258789,59.97999954223633,58.024566650390625,19185100,0.0,0.0
2025-01-16 00:00:00-05:00,60.18000030517578,60.45000076293945,59.779998779296875,59.81999969482422,57.869781494140625,18445700,0.0,0.0
2025-01-17 00:00:00-05:00,60.7599983215332,60.95000076293945,60.20000076293945,60.22999954223633,58.266414642333984,23876400,0.0,0.0
2025-01-21 00:00:00-05:00,60.470001220703125,61.33000183105469,60.279998779296875,61.029998779296875,59.04033279418945,18623800,0.0,0.0
2025-01-22 00:00:00-05:00,61.040000915527344,61.7599983215332,60.9900016784668,61.630001068115234,59.62077713012695,19436600,0.0,0.0
2025-01-23 00:00:00-05:00,61.79999923706055,62.31999969482422,61.380001068115234,62.22999954223633,60.20121383666992,14212000,0.0,0.0
2025-01-24 00:00:00-05:00,62.060001373291016,62.290000915527344,61.86000061035156,62.22999954223633,60.20121383666992,17232900,0.0,0.0
2025-01-27 00:00:00-05:00,61.38999938964844,61.459999084472656,58.7599983215332,59.08000183105469,57.153907775878906,33730300,0.0,0.0
2025-01-28 00:00:00-05:00,59.02000045776367,59.560001373291016,58.91999816894531,59.43000030517578,57.492496490478516,25473300,0.0,0.0
2025-01-29 00:00:00-05:00,59.95000076293945,60.540000915527344,59.5099983215332,59.54999923706055,57.608585357666016,17925300,0.0,0.0
2025-01-30 00:00:00-05:00,60.470001220703125,61.08000183105469,60.25,60.470001220703125,58.498592376708984,17079000,0.0,0.0
2025-01-31 00:00:00-05:00,60.529998779296875,61.189998626708984,60.459999084472656,60.599998474121094,58.624351501464844,16554200,0.0,0.0
2025-02-03 00:00:00-05:00,60.189998626708984,61.2599983215332,59.54999923706055,61.040000915527344,59.05000686645508,20375700,0.0,0.0
2025-02-04 00:00:00-05:00,60.84000015258789,61.59000015258789,60.72999954223633,61.34000015258789,59.34022521972656,12742700,0.0,0.0
2025-02-05 00:00:00-05:00,61.45000076293945,62.709999084472656,61.29999923706055,62.56999969482422,60.53012466430664,18997400,0.0,0.0
2025-02-06 00:00:00-05:00,62.81999969482422,62.90999984741211,62.06999969482422,62.27000045776367,60.23991012573242,15521800,0.0,0.0
2025-02-07 00:00:00-05:00,62.7400016784668,63.25,62.209999084472656,62.27000045776367,60.23991012573242,23861000,0.0,0.0
2025-02-10 00:00:00-05:00,63.119998931884766,63.150001525878906,62.380001068115234,62.810001373291016,60.76230239868164,15816200,0.0,0.0
2025-02-11 00:00:00-05:00,62.529998779296875,62.79999923706055,62.18000030517578,62.43000030517578,60.39469528198242,17702500,0.0,0.0
2025-02-12 00:00:00-05:00,61.439998626708984,62.560001373291016,61.20000076293945,62.529998779296875,60.49143600463867,30116300,0.0,0.0
2025-02-13 00:00:00-05:00,66.0999984741211,66.5,62.720001220703125,63.84000015258789,61.758724212646484,43257700,0.0,0.0
2025-02-14 00:00:00-05:00,63.790000915527344,65.06999969482422,63.439998626708984,64.87000274658203,62.75514221191406,23693300,0.0,0.0
2025-02-18 00:00:00-05:00,65.30000305175781,66.25,64.43000030517578,64.58999633789062,62.48426818847656,22047500,0.0,0.0
2025-02-19 00:00:00-05:00,64.5199966430664,64.95999908447266,64.29000091552734,64.83999633789062,62.72611999511719,14164100,0.0,0.0
2025-02-20 00:00:00-05:00,64.95999908447266,65.2300033569336,64.2699966430664,64.66999816894531,62.56166458129883,14836600,0.0,0.0
2025-02-21 00:00:00-05:00,64.68000030517578,64.95999908447266,63.880001068115234,63.97999954223633,61.894161224365234,18905800,0.0,0.0
2025-02-24 00:00:00-05:00,64.43000030517578,64.58000183105469,63.150001525878906,63.2400016784668,61.178279876708984,17287500,0.0,0.0
2025-02-25 00:00:00-05:00,64.5999984741211,64.63999938964844,63.31999969482422,64.2699966430664,62.17470169067383,22100100,0.0,0.0
2025-02-26 00:00:00-05:00,64.05000305175781,64.77999877929688,63.939998626708984,64.08000183105469,61.99089813232422,13452300,0.0,0.0
2025-02-27 00:00:00-05:00,64.7699966430664,65.29000091552734,63.75,63.810001373291016,61.72970199584961,24695600,0.0,0.0
2025-02-28 00:00:00-05:00,63.93000030517578,64.16000366210938,62.83000183105469,64.11000061035156,62.01992416381836,26711800,0.0,0.0
2025-03-03 00:00:00-05:00,64.38999938964844,64.87999725341797,63.189998626708984,63.47999954223633,61.41046142578125,21810700,0.0,0.0
2025-03-04 00:00:00-05:00,63.7400016784668,63.90999984741211,62.61000061035156,63.2599983215332,61.197635650634766,24588300,0.0,0.0
2025-03-05 00:00:00-05:00,63.22999954223633,64.18000030517578,62.79999923706055,63.959999084472656,61.874813079833984,14931500,0.0,0.0
2025-03-06 00:00:00-05:00,63.79999923706055,64.0199966430664,62.7599983215332,63.40999984741211,61.342742919921875,23155100,0.0,0.0
2025-03-07 00:00:00-05:00,62.900001525878906,64.16999816894531,62.189998626708984,63.939998626708984,61.855464935302734,21154800,0.0,0.0
2025-03-10 00:00:00-04:00,63.47999954223633,63.689998626708984,61.68000030517578,62.060001373291016,60.03675842285156,27417600,0.0,0.0
2025-03-11 00:00:00-04:00,62.279998779296875,62.380001068115234,60.529998779296875,60.66999816894531,58.69207000732422,25787400,0.0,0.0
2025-03-12 00:00:00-04:00,60.959999084472656,61.18000030517578,60.25,60.459999084472656,58.48891067504883,18935300,0.0,0.0
2025-03-13 00:00:00-04:00,60.40999984741211,60.4900016784668,59.22999954223633,59.66999816894531,57.72467041015625,16463300,0.0,0.0
2025-03-14 00:00:00-04:00,60.31999969482422,60.619998931884766,59.91999816894531,60.5,58.527610778808594,16250700,0.0,0.0
2025-03-17 00:00:00-04:00,60.400001525878906,61.209999084472656,60.34000015258789,60.88999938964844,58.9048957824707,15335800,0.0,0.0
2025-03-18 00:00:00-04:00,60.66999816894531,60.79999923706055,59.66999816894531,60.29999923706055,58.33413314819336,16669000,0.0,0.0
2025-03-19 00:00:00-04:00,60.630001068115234,61.58000183105469,60.5,61.119998931884766,59.12739944458008,15488800,0.0,0.0
2025-03-20 00:00:00-04:00,60.47999954223633,61.02000045776367,60.34000015258789,60.619998931884766,58.643699645996094,16528600,0.0,0.0
2025-03-21 00:00:00-04:00,60.16999816894531,60.400001525878906,59.43000030517578,60.29999923706055,58.33413314819336,65935200,0.0,0.0
2025-03-24 00:00:00-04:00,61.040000915527344,61.380001068115234,60.880001068115234,60.970001220703125,58.98229217529297,28335600,0.0,0.0
2025-03-25 00:00:00-04:00,60.84000015258789,61.209999084472656,60.70000076293945,60.9900016784668,59.00164031982422,20877600,0.0,0.0
2025-03-26 00:00:00-04:00,61.029998779296875,61.84000015258789,61.0099983215332,61.79999923706055,59.78523635864258,30621200,0.0,0.0
2025-03-27 00:00:00-04:00,61.88999938964844,61.97999954223633,61.33000183105469,61.400001525878906,59.39827346801758,25720200,0.0,0.0
2025-03-28 00:00:00-04:00,61.65999984741211,61.779998779296875,60.5099983215332,60.86000061035156,58.875877380371094,24931700,0.0,0.0
2025-03-31 00:00:00-04:00,60.630001068115234,61.900001525878906,60.2400016784668,61.709999084472656,59.698158264160156,29335700,0.0,0.0
2025-04-01 00:00:00-04:00,61.380001068115234,62.040000915527344,61.060001373291016,61.79999923706055,59.78523635864258,17381400,0.0,0.0
2025-04-02 00:00:00-04:00,61.20000076293945,61.869998931884766,61.099998474121094,61.81999969482422,59.80458068847656,18610700,0.0,0.0
2025-04-03 00:00:00-04:00,59.380001068115234,59.91999816894531,57.2599983215332,57.310001373291016,55.811763763427734,40006300,0.41,0.0
2025-04-04 00:00:00-04:00,56.65999984741211,57.470001220703125,54.439998626708984,54.540000915527344,53.11417770385742,42924400,0.0,0.0
2025-04-07 00:00:00-04:00,53.380001068115234,56.119998931884766,52.11000061035156,54.40999984741211,52.987579345703125,46816200,0.0,0.0
2025-04-08 00:00:00-04:00,54.7400016784668,55.869998931884766,52.720001220703125,53.189998626708984,51.799468994140625,37377000,0.0,0.0
2025-04-09 00:00:00-04:00,53.08000183105469,58.43000030517578,52.66999816894531,58.130001068115234,56.610328674316406,53380800,0.0,0.0
2025-04-10 00:00:00-04:00,57.81999969482422,57.939998626708984,55.0,56.59000015258789,55.1105842590332,31964600,0.0,0.0
2025-04-11 00:00:00-04:00,56.66999816894531,57.79999923706055,56.279998779296875,57.33000183105469,55.831241607666016,23036900,0.0,0.0
2025-04-14 00:00:00-04:00,57.88999938964844,58.209999084472656,57.099998474121094,57.40999984741211,55.90914535522461,15657700,0.0,0.0
2025-04-15 00:00:00-04:00,57.869998931884766,57.90999984741211,57.060001373291016,57.20000076293945,55.70464324951172,18543600,0.0,0.0
2025-04-16 00:00:00-04:00,56.56999969482422,57.08000183105469,55.41999816894531,55.7599983215332,54.302284240722656,20551300,0.0,0.0
2025-04-17 00:00:00-04:00,56.20000076293945,56.40999984741211,55.689998626708984,55.7599983215332,54.302284240722656,15910400,0.0,0.0
2025-04-21 00:00:00-04:00,55.15999984741211,55.33000183105469,53.83000183105469,54.369998931884766,52.94862365722656,15578800,0.0,0.0
2025-04-22 00:00:00-04:00,55.220001220703125,55.279998779296875,54.59000015258789,55.040000915527344,53.60110855102539,19961800,0.0,0.0
2025-04-23 00:00:00-04:00,56.150001525878906,56.97999954223633,55.5,55.630001068115234,54.175689697265625,30231500,0.0,0.0
2025-04-24 00:00:00-04:00,55.29999923706055,56.56999969482422,55.15999984741211,56.290000915527344,54.81843566894531,22782300,0.0,0.0
2025-04-25 00:00:00-04:00,56.209999084472656,56.779998779296875,56.06999969482422,56.709999084472656,55.227447509765625,16493500,0.0,0.0
2025-04-28 00:00:00-04:00,56.529998779296875,57.33000183105469,56.41999816894531,56.84000015258789,55.35405349731445,23140600,0.0,0.0
2025-04-29 00:00:00-04:00,56.689998626708984,57.4900016784668,56.630001068115234,57.34000015258789,55.840980529785156,13466000,0.0,0.0
2025-04-30 00:00:00-04:00,57.099998474121094,57.90999984741211,56.459999084472656,57.72999954223633,56.22077941894531,19921200,0.0,0.0
2025-05-01 00:00:00-04:00,57.779998779296875,58.470001220703125,57.68000030517578,58.119998931884766,56.600589752197266,16420800,0.0,0.0
2025-05-02 00:00:00-04:00,59.060001373291016,59.41999816894531,58.7400016784668,59.33000183105469,57.77895736694336,18753200,0.0,0.0
2025-05-05 00:00:00-04:00,59.0,59.650001525878906,58.880001068115234,59.31999969482422,57.76921463012695,14758500,0.0,0.0
2025-05-06 00:00:00-04:00,58.630001068115234,59.5099983215332,58.58000183105469,59.220001220703125,57.67182922363281,13766500,0.0,0.0
2025-05-07 00:00:00-04:00,59.20000076293945,59.900001525878906,59.06999969482422,59.56999969482422,58.01268005371094,14078300,0.0,0.0
2025-05-08 00:00:00-04:00,59.959999084472656,60.279998779296875,59.43000030517578,59.709999084472656,58.149024963378906,16196700,0.0,0.0
2025-05-09 00:00:00-04:00,60.65999984741211,60.83000183105469,59.439998626708984,59.77000045776367,58.207454681396484,17480700,0.0,0.0
2025-05-12 00:00:00-04:00,61.61000061035156,61.849998474121094,61.119998931884766,61.66999816894531,60.057777404785156,23700000,0.0,0.0
2025-05-13 00:00:00-04:00,61.68000030517578,62.2400016784668,61.61000061035156,61.779998779296875,60.16490936279297,18591200,0.0,0.0
2025-05-14 00:00:00-04:00,61.630001068115234,61.869998931884766,60.849998474121094,61.290000915527344,59.68771743774414,34509200,0.0,0.0
2025-05-15 00:00:00-04:00,63.06999969482422,65.75,62.91999816894531,64.26000213623047,62.580078125,60718000,0.0,0.0
2025-05-16 00:00:00-04:00,63.90999984741211,64.02999877929688,62.97999954223633,63.619998931884766,61.95680236816406,30289900,0.0,0.0
2025-05-19 00:00:00-04:00,63.43000030517578,64.12999725341797,63.18000030517578,63.91999816894531,62.24896240234375,16249000,0.0,0.0
2025-05-20 00:00:00-04:00,63.7400016784668,63.849998474121094,63.06999969482422,63.41999816894531,61.762027740478516,14995200,0.0,0.0
2025-05-21 00:00:00-04:00,62.9900016784668,63.90999984741211,62.970001220703125,63.20000076293945,61.54778289794922,15595900,0.0,0.0
2025-05-22 00:00:00-04:00,63.40999984741211,63.720001220703125,62.95000076293945,63.36000061035156,61.7036018371582,15641100,0.0,0.0
2025-05-23 00:00:00-04:00,62.709999084472656,63.220001220703125,62.529998779296875,63.11000061035156,61.46013641357422,15645400,0.0,0.0
2025-05-27 00:00:00-04:00,63.7599983215332,63.9900016784668,63.34000015258789,63.75,62.083404541015625,17429400,0.0,0.0
2025-05-28 00:00:00-04:00,63.88999938964844,63.9900016784668,63.25,63.34000015258789,61.68412399291992,13814500,0.0,0.0
2025-05-29 00:00:00-04:00,63.72999954223633,63.7400016784668,62.4900016784668,63.04999923706055,61.40170669555664,13982800,0.0,0.0
2025-05-30 00:00:00-04:00,62.91999816894531,63.18000030517578,62.29999923706055,63.040000915527344,61.391963958740234,25829000,0.0,0.0
2025-06-02 00:00:00-04:00,62.72999954223633,63.880001068115234,62.709999084472656,63.849998474121094,62.180789947509766,15816000,0.0,0.0
2025-06-03 00:00:00-04:00,63.79999923706055,64.45999908447266,63.720001220703125,64.36000061035156,62.677459716796875,15156900,0.0,0.0
2025-06-04 00:00:00-04:00,64.66000366210938,64.88999938964844,64.3499984741211,64.38999938964844,62.70667266845703,14770900,0.0,0.0
2025-06-05 00:00:00-04:00,64.4800033569336,64.91000366210938,64.27999877929688,64.62000274658203,62.930660247802734,17025200,0.0,0.0
2025-06-06 00:00:00-04:00,65.31999969482422,66.16000366210938,65.2300033569336,66.05999755859375,64.33301544189453,20943800,0.0,0.0
2025-06-09 00:00:00-04:00,66.11000061035156,66.36000061035156,65.58999633789062,65.9000015258789,64.17720031738281,13689800,0.0,0.0
2025-06-10 00:00:00-04:00,66.01000213623047,66.08000183105469,64.80999755859375,65.1500015258789,63.446807861328125,17214900,0.0,0.0
2025-06-11 00:00:00-04:00,65.11000061035156,65.1500015258789,63.869998931884766,64.19000244140625,62.51190185546875,20442600,0.0,0.0
2025-06-12 00:00:00-04:00,64.31999969482422,65.20999908447266,64.11000061035156,65.0999984741211,63.39811325073242,15160800,0.0,0.0
2025-06-13 00:00:00-04:00,64.58999633789062,64.72000122070312,63.93000030517578,64.08999633789062,62.414512634277344,14635000,0.0,0.0
2025-06-16 00:00:00-04:00,65.19000244140625,65.61000061035156,64.8499984741211,65.51000213623047,63.79740524291992,16957700,0.0,0.0
2025-06-17 00:00:00-04:00,65.63999938964844,66.1500015258789,65.0199966430664,65.33000183105469,63.622100830078125,18845200,0.0,0.0
2025-06-18 00:00:00-04:00,65.69000244140625,66.33999633789062,65.37999725341797,65.83999633789062,64.1187515258789,22664200,0.0,0.0
2025-06-20 00:00:00-04:00,66.48999786376953,66.6500015258789,65.72000122070312,66.31999969482422,64.58621215820312,50421700,0.0,0.0
2025-06-23 00:00:00-04:00,66.3499984741211,67.48999786376953,66.20999908447266,67.37999725341797,65.6185073852539,34030000,0.0,0.0
2025-06-24 00:00:00-04:00,67.77999877929688,68.04000091552734,67.36000061035156,67.88999938964844,66.11517333984375,23162700,0.0,0.0
2025-06-25 00:00:00-04:00,67.8499984741211,68.52999877929688,67.77999877929688,68.19000244140625,66.40734100341797,19395700,0.0,0.0
2025-06-26 00:00:00-04:00,68.72000122070312,69.16000366210938,68.41999816894531,68.94999694824219,67.1474609375,23154000,0.0,0.0
2025-06-27 00:00:00-04:00,68.87000274658203,69.22000122070312,68.33999633789062,68.6500015258789,66.85531616210938,26224600,0.0,0.0
2025-06-30 00:00:00-04:00,68.83000183105469,69.77999877929688,68.75,69.37999725341797,67.56622314453125,32561200,0.0,0.0
2025-07-01 00:00:00-04:00,69.37999725341797,69.55000305175781,68.63999938964844,69.0999984741211,67.29353332519531,21939500,0.0,0.0
2025-07-02 00:00:00-04:00,68.68000030517578,68.94000244140625,68.18000030517578,68.58999633789062,66.79686737060547,16655200,0.0,0.0
2025-07-03 00:00:00-04:00,68.18000030517578,69.47000122070312,68.18000030517578,69.37000274658203,67.96273803710938,17973500,0.41,0.0
2025-07-07 00:00:00-04:00,69.08000183105469,69.30000305175781,68.61000061035156,68.93000030517578,67.53166961669922,23985200,0.0,0.0
2025-07-08 00:00:00-04:00,68.80000305175781,68.91999816894531,68.3499984741211,68.58999633789062,67.19854736328125,21182600,0.0,0.0
2025-07-09 00:00:00-04:00,68.54000091552734,69.31999969482422,68.30999755859375,69.2699966430664,67.86476135253906,23765900,0.0,0.0
2025-07-10 00:00:00-04:00,69.26000213623047,69.38999938964844,68.55999755859375,68.76000213623047,67.3651123046875,15005300,0.0,0.0
2025-07-11 00:00:00-04:00,68.29000091552734,68.5,67.69000244140625,67.94999694824219,66.57154083251953,14699400,0.0,0.0
2025-07-14 00:00:00-04:00,67.83000183105469,68.02999877929688,67.19999694824219,67.81999969482422,66.44418334960938,16451400,0.0,0.0
2025-07-15 00:00:00-04:00,67.68000030517578,67.87999725341797,67.1500015258789,67.18000030517578,65.81716918945312,13944600,0.0,0.0
2025-07-16 00:00:00-04:00,67.1500015258789,67.55999755859375,66.9800033569336,67.37000274658203,66.00331115722656,15156100,0.0,0.0
2025-07-17 00:00:00-04:00,67.55000305175781,68.47000122070312,67.51000213623047,68.30000305175781,66.91443634033203,20400000,0.0,0.0
2025-07-18 00:00:00-04:00,68.77999877929688,68.83999633789062,67.95999908447266,68.05000305175781,66.66951751708984,16145100,0.0,0.0
2025-07-21 00:00:00-04:00,67.9000015258789,68.62000274658203,67.79000091552734,68.33999633789062,66.95362091064453,14674200,0.0,0.0
2025-07-22 00:00:00-04:00,68.33999633789062,68.5999984741211,68.08000183105469,68.16000366210938,66.77729034423828,14527200,0.0,0.0
2025-07-23 00:00:00-04:00,68.3499984741211,68.83000183105469,68.05999755859375,68.62000274658203,67.22795104980469,13042300,0.0,0.0
2025-07-24 00:00:00-04:00,68.36000061035156,68.58999633789062,67.91999816894531,68.29000091552734,66.9046401977539,13534000,0.0,0.0
2025-07-25 00:00:00-04:00,68.37999725341797,68.81999969482422,68.06999969482422,68.69000244140625,67.2965316772461,11590000,0.0,0.0
2025-07-28 00:00:00-04:00,67.75,67.95999908447266,67.37000274658203,67.91999816894531,66.54214477539062,20558400,0.0,0.0
2025-07-29 00:00:00-04:00,68.2300033569336,68.72000122070312,67.83000183105469,67.95999908447266,66.58133697509766,15261800,0.0,0.0
2025-07-30 00:00:00-04:00,67.83999633789062,68.58000183105469,67.3499984741211,68.27999877929688,66.89484405517578,15518200,0.0,0.0
2025-07-31 00:00:00-04:00,68.30999755859375,69.1500015258789,67.87999725341797,68.08000183105469,66.69891357421875,18529200,0.0,0.0
2025-08-01 00:00:00-04:00,67.51000213623047,67.61000061035156,66.5199966430664,67.11000061035156,65.74857330322266,21650000,0.0,0.0
2025-08-04 00:00:00-04:00,67.7699966430664,68.51000213623047,67.61000061035156,68.48999786376953,67.10059356689453,17052200,0.0,0.0
2025-08-05 00:00:00-04:00,68.69000244140625,68.87000274658203,67.44000244140625,67.5199966430664,66.15025329589844,15434500,0.0,0.0
2025-08-06 00:00:00-04:00,67.95999908447266,69.3499984741211,67.7699966430664,69.20999908447266,67.80598449707031,23107800,0.0,0.0
2025-08-07 00:00:00-04:00,69.80000305175781,70.13999938964844,69.20999908447266,69.9000015258789,68.48198699951172,22579600,0.0,0.0
2025-08-08 00:00:00-04:00,70.23999786376953,72.0199966430664,70.22000122070312,71.79000091552734,70.3336410522461,31662400,0.0,0.0
2025-08-11 00:00:00-04:00,72.30000305175781,72.55000305175781,70.33999633789062,70.66999816894531,69.23636627197266,28911400,0.0,0.0
2025-08-12 00:00:00-04:00,70.79000091552734,71.5,70.55999755859375,71.37999725341797,69.93195343017578,21912100,0.0,0.0
2025-08-13 00:00:00-04:00,71.86000061035156,72.02999877929688,70.25,70.4000015258789,68.97183990478516,38096400,0.0,0.0
2025-08-14 00:00:00-04:00,68.0,70.61000061035156,67.4800033569336,69.30000305175781,67.8941650390625,39317300,0.0,0.0
2025-08-15 00:00:00-04:00,68.44999694824219,68.6500015258789,65.86000061035156,66.19999694824219,64.85704040527344,40877300,0.0,0.0
2025-08-18 00:00:00-04:00,66.08000183105469,67.11000061035156,65.75,66.94999694824219,65.59182739257812,20903400,0.0,0.0
2025-08-19 00:00:00-04:00,66.76000213623047,67.5199966430664,66.4800033569336,66.76000213623047,65.40568542480469,18746600,0.0,0.0
2025-08-20 00:00:00-04:00,66.81999969482422,67.19000244140625,66.54000091552734,67.11000061035156,65.74857330322266,14946400,0.0,0.0
2025-08-21 00:00:00-04:00,67.0999984741211,67.22000122070312,66.47000122070312,67.0199966430664,65.66040802001953,12456600,0.0,0.0
2025-08-22 00:00:00-04:00,67.33000183105469,68.04000091552734,67.01000213623047,67.31999969482422,65.9543228149414,16830600,0.0,0.0
2025-08-25 00:00:00-04:00,67.27999877929688,67.5,67.11000061035156,67.13999938964844,65.77796936035156,11724500,0.0,0.0
2025-08-26 00:00:00-04:00,67.16999816894531,68.75,67.11000061035156,68.38999938964844,67.00261688232422,28307900,0.0,0.0
2025-08-27 00:00:00-04:00,68.31999969482422,68.75,68.1500015258789,68.44000244140625,67.05160522460938,13876700,0.0,0.0
2025-08-28 00:00:00-04:00,68.36000061035156,69.58000183105469,68.3499984741211,69.43000030517578,68.02151489257812,15256000,0.0,0.0
2025-08-29 00:00:00-04:00,69.11000061035156,69.45999908447266,68.83000183105469,69.08999633789062,67.68841552734375,14953000,0.0,0.0
2025-09-02 00:00:00-04:00,68.11000061035156,68.31999969482422,67.37999725341797,67.80000305175781,66.42459106445312,18928800,0.0,0.0
2025-09-03 00:00:00-04:00,68.05000305175781,68.12999725341797,67.33000183105469,67.66999816894531,66.29722595214844,14320100,0.0,0.0
2025-09-04 00:00:00-04:00,68.0999984741211,68.41000366210938,67.41000366210938,67.98999786376953,66.61072540283203,14388500,0.0,0.0
2025-09-05 00:00:00-04:00,67.72000122070312,68.0999984741211,66.4800033569336,66.9000015258789,65.5428466796875,21050800,0.0,0.0
2025-09-08 00:00:00-04:00,66.72000122070312,67.01000213623047,66.3499984741211,66.87999725341797,65.52324676513672,14038000,0.0,0.0
2025-09-09 00:00:00-04:00,66.73999786376953,67.44000244140625,66.63999938964844,67.33999633789062,65.97391510009766,11649400,0.0,0.0
2025-09-10 00:00:00-04:00,67.58999633789062,68.31999969482422,67.12000274658203,68.12999725341797,66.74789428710938,14689500,0.0,0.0
2025-09-11 00:00:00-04:00,68.30999755859375,68.56999969482422,67.51000213623047,67.69000244140625,66.31681823730469,17560800,0.0,0.0
2025-09-12 00:00:00-04:00,66.87999725341797,67.33999633789062,66.12999725341797,66.52999877929688,65.18035125732422,18529200,0.0,0.0
2025-09-15 00:00:00-04:00,66.51000213623047,67.19999694824219,66.3499984741211,67.0199966430664,65.66040802001953,16203100,0.0,0.0
2025-09-16 00:00:00-04:00,67.0199966430664,67.37999725341797,66.55000305175781,66.93000030517578,65.57223510742188,18019300,0.0,0.0
2025-09-17 00:00:00-04:00,67.0,67.87999725341797,66.37999725341797,67.72000122070312,66.3462142944336,18652100,0.0,0.0
2025-09-18 00:00:00-04:00,67.9000015258789,68.76000213623047,67.4800033569336,68.68000030517578,67.28673553466797,20279000,0.0,0.0
2025-09-19 00:00:00-04:00,68.91999816894531,68.91999816894531,67.18000030517578,68.20999908447266,66.82626342773438,47822500,0.0,0.0
2025-09-22 00:00:00-04:00,67.86000061035156,68.0,67.30000305175781,67.75,66.37560272216797,20396700,0.0,0.0
2025-09-23 00:00:00-04:00,67.58000183105469,68.22000122070312,67.06999969482422,67.54000091552734,66.16986083984375,22240000,0.0,0.0
2025-09-24 00:00:00-04:00,67.69999694824219,67.86000061035156,66.88999938964844,67.31999969482422,65.9543228149414,17433100,0.0,0.0
2025-09-25 00:00:00-04:00,67.31999969482422,68.23999786376953,67.11000061035156,67.8499984741211,66.47356414794922,22351700,0.0,0.0
2025-09-26 00:00:00-04:00,67.87000274658203,67.91000366210938,66.8499984741211,67.22000122070312,65.85635375976562,15077400,0.0,0.0
2025-09-29 00:00:00-04:00,67.72000122070312,67.94999694824219,67.44000244140625,67.72000122070312,66.3462142944336,14358300,0.0,0.0
2025-09-30 00:00:00-04:00,67.70999908447266,68.7699966430664,67.69000244140625,68.41999816894531,67.03199768066406,20498900,0.0,0.0
2025-10-01 00:00:00-04:00,67.9000015258789,68.81999969482422,67.69000244140625,68.75,67.35530853271484,15530700,0.0,0.0
2025-10-02 00:00:00-04:00,69.18000030517578,69.48999786376953,68.26000213623047,68.30999755859375,66.92424011230469,15708300,0.0,0.0
2025-10-03 00:00:00-04:00,67.94999694824219,68.58000183105469,67.6500015258789,67.91999816894531,66.9439468383789,11113200,0.41,0.0
2025-10-06 00:00:00-04:00,68.44000244140625,68.94999694824219,67.80999755859375,68.91000366210938,67.91973876953125,21952700,0.0,0.0
2025-10-07 00:00:00-04:00,68.91999816894531,69.22000122070312,68.44000244140625,68.98999786376953,67.99857330322266,16493200,0.0,0.0
2025-10-08 00:00:00-04:00,69.80999755859375,70.76000213623047,69.0,70.33000183105469,69.31932067871094,34246300,0.0,0.0
2025-10-09 00:00:00-04:00,70.30999755859375,70.62000274658203,69.02999877929688,69.95999908447266,68.95463562011719,21209500,0.0,0.0
2025-10-10 00:00:00-04:00,70.41000366210938,70.80999755859375,67.88999938964844,67.94000244140625,66.96366119384766,20961500,0.0,0.0
2025-10-13 00:00:00-04:00,68.55000305175781,68.88999938964844,67.12999725341797,67.45999908447266,66.49055480957031,14127900,0.0,0.0
2025-10-14 00:00:00-04:00,67.11000061035156,69.16000366210938,66.80999755859375,68.66000366210938,67.6733169555664,15402000,0.0,0.0
2025-10-15 00:00:00-04:00,69.30999755859375,70.30000305175781,68.81999969482422,69.5199966430664,68.52095794677734,16260500,0.0,0.0
2025-10-16 00:00:00-04:00,69.77999877929688,70.06999969482422,68.56999969482422,69.08999633789062,68.09713745117188,13950600,0.0,0.0
2025-10-17 00:00:00-04:00,69.05999755859375,70.7699966430664,68.94999694824219,70.12999725341797,69.12218475341797,16286900,0.0,0.0
2025-10-20 00:00:00-04:00,70.12000274658203,70.97000122070312,70.12000274658203,70.6500015258789,69.63472747802734,12183500,0.0,0.0
2025-10-21 00:00:00-04:00,70.58000183105469,71.23999786376953,70.37999725341797,70.72000122070312,69.70372009277344,15763300,0.0,0.0
2025-10-22 00:00:00-04:00,70.86000061035156,70.97000122070312,69.8499984741211,70.66000366210938,69.64458465576172,14967200,0.0,0.0
2025-10-23 00:00:00-04:00,70.5999984741211,71.23999786376953,70.2300033569336,70.2699966430664,69.26017761230469,14614100,0.0,0.0
2025-10-24 00:00:00-04:00,70.63999938964844,70.94000244140625,70.05999755859375,70.62999725341797,69.61500549316406,13075600,0.0,0.0
2025-10-27 00:00:00-04:00,70.54000091552734,71.45999908447266,70.43000030517578,71.38999938964844,70.36408233642578,15986800,0.0,0.0
2025-10-28 00:00:00-04:00,71.19999694824219,72.68000030517578,71.02999877929688,72.62000274658203,71.576416015625,19896800,0.0,0.0
2025-10-29 00:00:00-04:00,72.68000030517578,72.81999969482422,70.91999816894531,71.33000183105469,70.30494689941406,18020600,0.0,0.0
2025-10-30 00:00:00-04:00,71.37000274658203,73.11000061035156,71.33999633789062,72.91000366210938,71.86224365234375,18101800,0.0,0.0
2025-10-31 00:00:00-04:00,72.72000122070312,73.4800033569336,72.43000030517578,73.11000061035156,72.05937194824219,24008000,0.0,0.0
2025-11-03 00:00:00-05:00,74.61000061035156,74.83999633789062,73.62000274658203,74.44999694824219,73.38011169433594,21733400,0.0,0.0
2025-11-04 00:00:00-05:00,73.9000015258789,73.98999786376953,71.9800033569336,72.31999969482422,71.28073120117188,22345000,0.0,0.0
2025-11-05 00:00:00-05:00,72.22000122070312,72.58000183105469,71.33999633789062,72.0999984741211,71.06388092041016,16113500,0.0,0.0
2025-11-06 00:00:00-05:00,71.70999908447266,72.2300033569336,70.69000244140625,71.04000091552734,70.01911926269531,16469900,0.0,0.0
2025-11-07 00:00:00-05:00,71.38999938964844,71.58999633789062,70.54000091552734,71.06999969482422,70.04869079589844,16913700,0.0,0.0
2025-11-10 00:00:00-05:00,71.76000213623047,72.5,71.1500015258789,72.08999633789062,71.05402374267578,22201200,0.0,0.0
2025-11-11 00:00:00-05:00,71.73999786376953,72.25,71.0999984741211,71.70999908447266,70.67948150634766,21412900,0.0,0.0
2025-11-12 00:00:00-05:00,71.91000366210938,74.20999908447266,71.72000122070312,73.95999908447266,72.89715576171875,57591600,0.0,0.0
2025-11-13 00:00:00-05:00,77.94999694824219,79.5,76.6500015258789,77.37999725341797,76.26800537109375,57638500,0.0,0.0
2025-11-14 00:00:00-05:00,76.58000183105469,78.66999816894531,75.83999633789062,78.0,76.87909698486328,38819600,0.0,0.0
2025-11-17 00:00:00-05:00,77.88999938964844,79.38999938964844,77.47000122070312,77.77999877929688,76.66226196289062,28720100,0.0,0.0
2025-11-18 00:00:00-05:00,77.55000305175781,78.19999694824219,76.44999694824219,77.37000274658203,76.2581558227539,26025500,0.0,0.0
2025-11-19 00:00:00-05:00,77.30000305175781,78.93000030517578,77.16000366210938,78.38999938964844,77.26349639892578,24759700,0.0,0.0
2025-11-20 00:00:00-05:00,79.12000274658203,80.05999755859375,75.31999969482422,75.44000244140625,74.35588836669922,27381900,0.0,0.0
2025-11-21 00:00:00-05:00,75.63999938964844,76.94000244140625,75.47000122070312,76.0999984741211,75.00640869140625,24428800,0.0,0.0
2025-11-24 00:00:00-05:00,76.48999786376953,76.87999725341797,75.68000030517578,76.23999786376953,75.1443862915039,26691500,0.0,0.0
2025-11-25 00:00:00-05:00,76.48999786376953,77.05999755859375,76.08000183105469,76.31999969482422,75.22323608398438,18818800,0.0,0.0
2025-11-26 00:00:00-05:00,76.45999908447266,76.5999984741211,75.33999633789062,76.06999969482422,74.9768295288086,15972600,0.0,0.0
2025-11-28 00:00:00-05:00,76.13999938964844,76.95999908447266,75.80999755859375,76.94000244140625,75.83433532714844,7320900,0.0,0.0
2025-12-01 00:00:00-05:00,76.66999816894531,76.81999969482422,75.93000030517578,76.04000091552734,74.947265625,15529600,0.0,0.0
2025-12-02 00:00:00-05:00,76.16000366210938,77.0,75.76000213623047,76.87000274658203,75.76534271240234,14619100,0.0,0.0
2025-12-03 00:00:00-05:00,76.58999633789062,77.81999969482422,75.6500015258789,77.75,76.63268280029297,16088400,0.0,0.0
2025-12-04 00:00:00-05:00,77.69000244140625,77.86000061035156,77.16999816894531,77.76000213623047,76.64253997802734,12572600,0.0,0.0
2025-12-05 00:00:00-05:00,77.97000122070312,78.19000244140625,77.4000015258789,77.97000122070312,76.84953308105469,12579400,0.0,0.0
2025-12-08 00:00:00-05:00,78.20999908447266,79.37999725341797,78.12000274658203,78.86000061035156,77.72673797607422,17454500,0.0,0.0
2025-12-09 00:00:00-05:00,78.79000091552734,79.87999725341797,78.51000213623047,79.51000213623047,78.3674087524414,15737500,0.0,0.0
2025-12-10 00:00:00-05:00,78.83000183105469,80.81999969482422,78.80000305175781,80.25,79.09676361083984,21302700,0.0,0.0
2025-12-11 00:00:00-05:00,80.23999786376953,80.37000274658203,78.83000183105469,79.2699966430664,78.13084411621094,18652300,0.0,0.0
2025-12-12 00:00:00-05:00,79.45999908447266,79.55999755859375,77.72000122070312,77.80000305175781,76.68197631835938,16672300,0.0,0.0
2025-12-15 00:00:00-05:00,78.20999908447266,78.70999908447266,77.54000091552734,78.25,77.1255111694336,17646000,0.0,0.0
2025-12-16 00:00:00-05:00,78.11000061035156,78.61000061035156,77.37999725341797,77.55000305175781,76.4355697631836,17737200,0.0,0.0
2025-12-17 00:00:00-05:00,77.9000015258789,78.19999694824219,75.91999816894531,76.0,74.9078369140625,26094400,0.0,0.0
2025-12-18 00:00:00-05:00,76.33000183105469,77.80999755859375,76.26000213623047,76.94999694824219,75.84418487548828,19249400,0.0,0.0
2025-12-19 00:00:00-05:00,76.97000122070312,79.16999816894531,76.79000091552734,78.41999816894531,77.29305267333984,84881900,0.0,0.0
2025-12-22 00:00:00-05:00,79.0199966430664,79.1500015258789,77.95999908447266,78.11000061035156,76.98751068115234,18016100,0.0,0.0
2025-12-23 00:00:00-05:00,77.61000061035156,78.12000274658203,77.58999633789062,78.0199966430664,76.89881134033203,16712600,0.0,0.0
2025-12-24 00:00:00-05:00,78.0199966430664,78.29000091552734,77.8499984741211,78.0199966430664,76.89881134033203,9104400,0.0,0.0
2025-12-26 00:00:00-05:00,78.0999984741211,78.27999877929688,77.93000030517578,78.16000366210938,77.03679656982422,10158000,0.0,0.0
2025-12-29 00:00:00-05:00,78.02999877929688,78.30000305175781,77.5199966430664,77.79000091552734,76.672119140625,17941800,0.0,0.0
2025-12-30 00:00:00-05:00,77.80999755859375,77.80999755859375,77.16999816894531,77.41000366210938,76.2975845336914,13952200,0.0,0.0
2025-12-31 00:00:00-05:00,77.33999633789062,77.81999969482422,76.87999725341797,77.02999877929688,75.92303466796875,13570500,0.0,0.0
2026-01-02 00:00:00-05:00,76.6500015258789,76.94999694824219,75.61000061035156,76.04000091552734,75.34831237792969,15749800,0.41,0.0
2026-01-05 00:00:00-05:00,76.44999694824219,76.7699966430664,75.20999908447266,75.58000183105469,74.89250183105469,16328800,0.0,0.0
2026-01-06 00:00:00-05:00,75.52999877929688,75.7300033569336,74.80999755859375,75.2300033569336,74.54568481445312,17017200,0.0,0.0
2026-01-07 00:00:00-05:00,75.12000274658203,75.37999725341797,74.19999694824219,74.72000122070312,74.04031372070312,20347400,0.0,0.0
2026-01-08 00:00:00-05:00,74.30999755859375,74.45999908447266,73.55000305175781,73.95999908447266,73.2872314453125,17192200,0.0,0.0
2026-01-09 00:00:00-05:00,73.44999694824219,74.33000183105469,73.33999633789062,73.87999725341797,73.20796203613281,19104100,0.0,0.0
2026-01-12 00:00:00-05:00,72.91000366210938,74.05000305175781,72.80000305175781,74.01000213623047,73.33677673339844,20985700,0.0,0.0
2026-01-13 00:00:00-05:00,73.98999786376953,75.5,73.86000061035156,75.47000122070312,74.78350067138672,17809900,0.0,0.0
2026-01-14 00:00:00-05:00,74.93000030517578,75.11000061035156,73.81999969482422,74.41000366210938,73.73313903808594,17801300,0.0,0.0
2026-01-15 00:00:00-05:00,75.22000122070312,76.05000305175781,74.91000366210938,75.25,74.56549835205078,18213000,0.0,0.0
2026-01-16 00:00:00-05:00,75.63999938964844,75.98999786376953,74.5999984741211,75.19000244140625,74.50604248046875,25743300,0.0,0.0
2026-01-20 00:00:00-05:00,74.5199966430664,74.87000274658203,73.20999908447266,73.3499984741211,72.68277740478516,23999700,0.0,0.0
2026-01-21 00:00:00-05:00,73.94999694824219,74.36000061035156,73.01000213623047,73.69000244140625,73.01969146728516,18210200,0.0,0.0
2026-01-22 00:00:00-05:00,74.11000061035156,74.77999877929688,73.87999725341797,74.33000183105469,73.65386962890625,12879800,0.0,0.0
2026-01-23 00:00:00-05:00,73.94999694824219,75.06999969482422,73.70999908447266,74.58999633789062,73.9114990234375,13125500,0.0,0.0
2026-01-26 00:00:00-05:00,76.47000122070312,77.41999816894531,75.63999938964844,77.01000213623047,76.30949401855469,24714400,0.0,0.0
2026-01-27 00:00:00-05:00,77.19000244140625,78.91000366210938,77.05000305175781,78.68000030517578,77.96429443359375,17756700,0.0,0.0
2026-01-28 00:00:00-05:00,78.93000030517578,79.04000091552734,78.0199966430664,78.95999908447266,78.24174499511719,14022900,0.0,0.0
2026-01-29 00:00:00-05:00,79.11000061035156,79.4800033569336,77.62999725341797,78.43000030517578,77.7165756225586,22642900,0.0,0.0
2026-01-30 00:00:00-05:00,78.08999633789062,78.80000305175781,77.72000122070312,78.31999969482422,77.6075668334961,26458400,0.0,0.0
2026-02-02 00:00:00-05:00,78.12000274658203,81.16000366210938,78.0,80.63999938964844,79.90646362304688,28238600,0.0,0.0
2026-02-03 00:00:00-05:00,80.80999755859375,83.25,80.80999755859375,83.11000061035156,82.35400390625,34962100,0.0,0.0
2026-02-04 00:00:00-05:00,83.9800033569336,84.23999786376953,81.13999938964844,81.16000366210938,80.42173767089844,39765700,0.0,0.0
2026-02-05 00:00:00-05:00,80.86000061035156,83.30999755859375,80.80999755859375,82.36000061035156,81.6108169555664,24236500,0.0,0.0
2026-02-06 00:00:00-05:00,83.55999755859375,85.0,82.80999755859375,84.81999969482422,84.04844665527344,23936600,0.0,0.0
2026-02-09 00:00:00-05:00,84.7300033569336,87.25,84.30999755859375,86.77999877929688,85.99061584472656,22908400,0.0,0.0
2026-02-10 00:00:00-05:00,86.97000122070312,88.19000244140625,86.12999725341797,86.29000091552734,85.50507354736328,32113800,0.0,0.0
2026-02-11 00:00:00-05:00,86.05999755859375,87.13999938964844,85.12999725341797,85.54000091552734,84.76189422607422,34455800,0.0,0.0
2026-02-12 00:00:00-05:00,79.61000061035156,80.37000274658203,74.08999633789062,75.0,74.3177719116211,68098600,0.0,0.0
2026-02-13 00:00:00-05:00,74.37999725341797,77.30000305175781,73.41999816894531,76.8499984741211,76.15094757080078,42886400,0.0,0.0
2026-02-17 00:00:00-05:00,76.94999694824219,77.56999969482422,76.4800033569336,76.8499984741211,76.15094757080078,24792700,0.0,0.0
2026-02-18 00:00:00-05:00,76.55000305175781,78.5999984741211,76.48999786376953,78.18000030517578,77.46884155273438,20648800,0.0,0.0
2026-02-19 00:00:00-05:00,77.98999786376953,79.16000366210938,77.87000274658203,78.55999755859375,77.84539031982422,18443200,0.0,0.0
2026-02-20 00:00:00-05:00,78.12999725341797,79.33000183105469,78.12999725341797,79.19999694824219,78.47956848144531,29461600,0.0,0.0
2026-02-23 00:00:00-05:00,78.8499984741211,79.4800033569336,76.94000244140625,77.73999786376953,77.03284454345703,24485900,0.0,0.0
2026-02-24 00:00:00-05:00,77.73999786376953,78.70999908447266,77.47000122070312,78.13999938964844,77.42920684814453,19485100,0.0,0.0
2026-02-25 00:00:00-05:00,78.44999694824219,79.41999816894531,78.26000213623047,79.12000274658203,78.40029907226562,22721800,0.0,0.0
2026-02-26 00:00:00-05:00,78.94000244140625,79.33999633789062,77.72000122070312,78.0999984741211,77.38957214355469,19608000,0.0,0.0
2026-02-27 00:00:00-05:00,77.6500015258789,79.52999877929688,77.06999969482422,79.45999908447266,78.73719787597656,27498000,0.0,0.0
2026-03-02 00:00:00-05:00,78.75,79.5199966430664,77.69000244140625,79.41999816894531,78.69756317138672,18540400,0.0,0.0
2026-03-03 00:00:00-05:00,78.37999725341797,79.44000244140625,77.56999969482422,78.95999908447266,78.24174499511719,17521100,0.0,0.0
2026-03-04 00:00:00-05:00,79.19999694824219,80.95999908447266,78.52999877929688,80.87000274658203,80.1343765258789,20388100,0.0,0.0
2026-03-05 00:00:00-05:00,79.98999786376953,81.16999816894531,79.05000305175781,80.01000213623047,79.28219604492188,26844800,0.0,0.0
2026-03-06 00:00:00-05:00,78.5199966430664,79.5199966430664,78.3499984741211,78.63999938964844,77.9246597290039,20621200,0.0,0.0
2026-03-09 00:00:00-04:00,77.18000030517578,77.55999755859375,75.19999694824219,76.20999908447266,75.51676177978516,32855900,0.0,0.0
2026-03-10 00:00:00-04:00,77.13999938964844,79.01000213623047,77.0999984741211,77.69999694824219,76.99320983886719,24836000,0.0,0.0
2026-03-11 00:00:00-04:00,77.63999938964844,78.5,77.12000274658203,78.0999984741211,77.38957214355469,14719900,0.0,0.0
2026-03-12 00:00:00-04:00,76.94999694824219,78.12999725341797,76.94999694824219,77.73999786376953,77.03284454345703,19969500,0.0,0.0
2026-03-13 00:00:00-04:00,78.06999969482422,79.26000213623047,77.94000244140625,78.33000183105469,77.61747741699219,19080400,0.0,0.0
2026-03-16 00:00:00-04:00,78.91999816894531,79.16999816894531,78.19000244140625,78.9000015258789,78.18229675292969,14715100,0.0,0.0
2026-03-17 00:00:00-04:00,79.18000030517578,80.05000305175781,78.81999969482422,79.2699966430664,78.5489273071289,16210500,0.0,0.0
2026-03-18 00:00:00-04:00,79.73999786376953,80.02999877929688,77.52999877929688,77.5999984741211,76.89411926269531,18827600,0.0,0.0
2026-03-19 00:00:00-04:00,77.55000305175781,78.87999725341797,76.91999816894531,78.51000213623047,77.79584503173828,17519600,0.0,0.0
2026-03-20 00:00:00-04:00,78.44999694824219,79.04000091552734,76.70999908447266,77.6500015258789,76.94367218017578,90380800,0.0,0.0
2026-03-23 00:00:00-04:00,78.63999938964844,79.51000213623047,78.41999816894531,78.81999969482422,78.10301971435547,20072200,0.0,0.0
2026-03-24 00:00:00-04:00,78.37000274658203,80.94000244140625,78.12999725341797,80.86000061035156,80.12446594238281,23528000,0.0,0.0
2026-03-25 00:00:00-04:00,81.0,82.68000030517578,80.88999938964844,81.83000183105469,81.08564758300781,23146000,0.0,0.0
2026-03-26 00:00:00-04:00,82.06999969482422,83.11000061035156,81.80999755859375,82.16000366210938,81.41265106201172,26649600,0.0,0.0
2026-03-27 00:00:00-04:00,81.9800033569336,82.12000274658203,79.4000015258789,79.91999816894531,79.1930160522461,20557400,0.0,0.0
2026-03-30 00:00:00-04:00,79.86000061035156,80.38999938964844,76.58999633789062,77.04000091552734,76.3392105102539,24306300,0.0,0.0
2026-03-31 00:00:00-04:00,77.88999938964844,78.19000244140625,76.30999755859375,77.58999633789062,76.88420867919922,25105700,0.0,0.0
2026-04-01 00:00:00-04:00,78.0,79.12000274658203,77.80999755859375,77.93000030517578,77.22112274169922,21309000,0.0,0.0
2026-04-02 00:00:00-04:00,76.7300033569336,79.0999984741211,76.54000091552734,79.0199966430664,78.7254867553711,12634900,0.42,0.0
2026-04-06 00:00:00-04:00,79.12000274658203,80.4800033569336,79.0199966430664,80.44000244140625,80.14019775390625,16388600,0.0,0.0
2026-04-07 00:00:00-04:00,80.0199966430664,80.88999938964844,79.41999816894531,80.68000030517578,80.37930297851562,13428100,0.0,0.0
2026-04-08 00:00:00-04:00,82.30999755859375,83.73999786376953,81.5,83.69999694824219,83.38804626464844,19621900,0.0,0.0
2026-04-09 00:00:00-04:00,83.8499984741211,84.7699966430664,82.1500015258789,83.16999816894531,82.86002349853516,17611700,0.0,0.0
2026-04-10 00:00:00-04:00,83.88999938964844,84.55999755859375,81.62000274658203,82.22000122070312,81.91356658935547,17571100,0.0,0.0
2026-04-13 00:00:00-04:00,82.04000091552734,82.38999938964844,81.25,82.3499984741211,82.04307556152344,19997500,0.0,0.0
2026-04-14 00:00:00-04:00,82.02999877929688,82.6500015258789,81.36000061035156,82.61000061035156,82.30210876464844,17856800,0.0,0.0
2026-04-15 00:00:00-04:00,82.52999877929688,82.66000366210938,80.87999725341797,82.36000061035156,82.05303955078125,15066400,0.0,0.0
2026-04-16 00:00:00-04:00,82.08000183105469,84.52999877929688,82.0,84.5,84.18506622314453,14609000,0.0,0.0
2026-04-17 00:00:00-04:00,85.19000244140625,86.37999725341797,84.5999984741211,86.25,85.92854309082031,20321900,0.0,0.0
2026-04-20 00:00:00-04:00,86.19999694824219,88.3499984741211,85.86000061035156,87.70999908447266,87.38310241699219,16695600,0.0,0.0
2026-04-21 00:00:00-04:00,87.91999816894531,89.80000305175781,87.16000366210938,89.69999694824219,89.36568450927734,18653400,0.0,0.0
2026-04-22 00:00:00-04:00,89.93000030517578,90.44999694824219,89.4800033569336,89.80000305175781,89.46531677246094,16986100,0.0,0.0
2026-04-23 00:00:00-04:00,89.31999969482422,90.0,88.2699966430664,88.58999633789062,88.25981903076172,21156700,0.0,0.0
2026-04-24 00:00:00-04:00,87.41000366210938,89.7300033569336,87.41000366210938,89.01000213623047,88.67826080322266,18969900,0.0,0.0
2026-04-27 00:00:00-04:00,89.27999877929688,89.5,87.63999938964844,88.26000213623047,87.9310531616211,13810500,0.0,0.0
2026-04-28 00:00:00-04:00,88.55000305175781,88.55000305175781,85.77999877929688,86.86000061035156,86.53627014160156,16889300,0.0,0.0
2026-04-29 00:00:00-04:00,87.31999969482422,89.62999725341797,86.83999633789062,89.56999969482422,89.23616790771484,15427900,0.0,0.0
2026-04-30 00:00:00-04:00,89.81999969482422,91.66999816894531,89.31999969482422,91.5,91.15898132324219,21686700,0.0,0.0
2026-05-01 00:00:00-04:00,91.75,92.91999816894531,91.16000366210938,91.8499984741211,91.50767517089844,16095700,0.0,0.0
2026-05-04 00:00:00-04:00,91.8499984741211,93.0999984741211,91.19000244140625,92.62999725341797,92.2847671508789,12684800,0.0,0.0
2026-05-05 00:00:00-04:00,93.81999969482422,94.72000122070312,93.37999725341797,94.30000305175781,93.94854736328125,13456200,0.0,0.0
2026-05-06 00:00:00-04:00,92.63999938964844,93.41999816894531,91.0,91.63999938964844,91.29845428466797,27026600,0.0,0.0
2026-05-07 00:00:00-04:00,92.0,92.7300033569336,91.61000061035156,92.16000366210938,91.81652069091797,17062300,0.0,0.0
2026-05-08 00:00:00-04:00,93.33000183105469,97.0199966430664,93.13999938964844,96.56999969482422,96.2100830078125,24652500,0.0,0.0
2026-05-11 00:00:00-04:00,96.3499984741211,98.83000183105469,95.33000183105469,98.72000122070312,98.3520736694336,31852500,0.0,0.0
2026-05-12 00:00:00-04:00,99.5199966430664,99.93000030517578,97.7699966430664,99.29000091552734,98.9199447631836,28810800,0.0,0.0
2026-05-13 00:00:00-04:00,99.4000015258789,102.01000213623047,99.29000091552734,101.87000274658203,101.4903335571289,45241600,0.0,0.0
2026-05-14 00:00:00-04:00,117.55000305175781,119.36000061035156,113.97000122070312,115.52999877929688,115.09941864013672,70932300,0.0,0.0
2026-05-15 00:00:00-04:00,114.61000061035156,118.83000183105469,114.0,118.20999908447266,117.76942443847656,38519600,0.0,0.0
2026-05-18 00:00:00-04:00,118.80000305175781,119.38999938964844,116.02999877929688,118.87999725341797,118.43692779541016,24763500,0.0,0.0
2026-05-19 00:00:00-04:00,117.04000091552734,118.5,114.79000091552734,115.37999725341797,114.9499740600586,32525500,0.0,0.0
2026-05-20 00:00:00-04:00,115.69000244140625,116.91999816894531,113.8499984741211,114.3499984741211,113.92381286621094,26154800,0.0,0.0
2026-05-21 00:00:00-04:00,114.12999725341797,118.5999984741211,113.56999969482422,118.19999694824219,117.75946044921875,22700600,0.0,0.0
2026-05-22 00:00:00-04:00,118.45999908447266,120.79000091552734,117.68000030517578,120.41000366210938,119.96123504638672,22237200,0.0,0.0
2026-05-26 00:00:00-04:00,120.54000091552734,120.7699966430664,117.0999984741211,118.33000183105469,117.88898468017578,26607200,0.0,0.0
2026-05-27 00:00:00-04:00,117.94000244140625,120.38999938964844,116.7699966430664,119.66999816894531,119.22398376464844,21705100,0.0,0.0
2026-05-28 00:00:00-04:00,120.52999877929688,120.72000122070312,117.95999908447266,118.63999938964844,118.19782257080078,20631300,0.0,0.0
2026-05-29 00:00:00-04:00,117.81999969482422,121.43000030517578,117.01000213623047,120.41999816894531,119.97119140625,42179300,0.0,0.0
2026-06-01 00:00:00-04:00,119.80000305175781,121.94999694824219,118.30000305175781,121.33000183105469,120.87779998779297,23966800,0.0,0.0
2026-06-02 00:00:00-04:00,122.48999786376953,128.22000122070312,122.48999786376953,128.0,127.52294158935547,26451500,0.0,0.0
2026-06-03 00:00:00-04:00,126.16000366210938,129.4199981689453,124.91999816894531,126.5,126.02853393554688,29972500,0.0,0.0
2026-06-04 00:00:00-04:00,126.05999755859375,130.3699951171875,124.13999938964844,130.0,129.51548767089844,23339500,0.0,0.0
2026-06-05 00:00:00-04:00,128.66000366210938,128.83999633789062,121.55000305175781,121.63999938964844,121.1866455078125,33169300,0.0,0.0
2026-06-08 00:00:00-04:00,123.55999755859375,126.44000244140625,122.0,124.1500015258789,123.68729400634766,24288200,0.0,0.0
2026-06-09 00:00:00-04:00,123.26000213623047,124.22000122070312,117.0999984741211,120.36000061035156,119.91141510009766,22744100,0.0,0.0
2026-06-10 00:00:00-04:00,119.72000122070312,120.94999694824219,118.36000061035156,118.80000305175781,118.35723114013672,19740500,0.0,0.0
2026-06-11 00:00:00-04:00,117.18000030517578,122.55000305175781,116.5,121.83000183105469,121.37593841552734,24625500,0.0,0.0
2026-06-12 00:00:00-04:00,122.3499984741211,122.79000091552734,120.7300033569336,121.0999984741211,120.6486587524414,18222800,0.0,0.0
2026-06-15 00:00:00-04:00,122.55999755859375,122.58999633789062,119.52999877929688,120.16999816894531,119.72212219238281,23148000,0.0,0.0
2026-06-16 00:00:00-04:00,120.29000091552734,120.7699966430664,119.19999694824219,119.56999969482422,119.12435913085938,16644300,0.0,0.0
2026-06-17 00:00:00-04:00,118.95999908447266,119.66000366210938,116.94000244140625,117.33000183105469,116.89270782470703,18472000,0.0,0.0
2026-06-18 00:00:00-04:00,118.5999984741211,120.31999969482422,117.30000305175781,119.54000091552734,119.09447479248047,52284400,0.0,0.0
2026-06-22 00:00:00-04:00,119.5999984741211,122.08999633789062,119.5999984741211,121.52999877929688,121.07705688476562,20174100,0.0,0.0
2026-06-23 00:00:00-04:00,118.54000091552734,122.33999633789062,117.6500015258789,121.1500015258789,120.69847106933594,22654400,0.0,0.0
2026-06-24 00:00:00-04:00,120.56999969482422,122.88999938964844,119.02999877929688,119.7300033569336,119.28376770019531,21752900,0.0,0.0
2026-06-25 00:00:00-04:00,120.80999755859375,121.13999938964844,117.55999755859375,118.97000122070312,118.52659606933594,26918700,0.0,0.0
2026-06-26 00:00:00-04:00,117.18000030517578,117.18000030517578,112.86000061035156,113.7699966430664,113.3459701538086,51641400,0.0,0.0
2026-06-29 00:00:00-04:00,114.9800033569336,118.18000030517578,114.7300033569336,117.69999694824219,117.2613296508789,22447200,0.0,0.0
2026-06-30 00:00:00-04:00,116.77999877929688,119.0999984741211,116.19999694824219,117.45999908447266,117.02222442626953,32465500,0.0,0.0
2026-07-01 00:00:00-04:00,116.54000091552734,117.43000030517578,114.98999786376953,117.01000213623047,116.57390594482422,32016000,0.0,0.0
2026-07-02 00:00:00-04:00,117.02999877929688,117.13999938964844,111.9000015258789,112.69000244140625,112.27000427246094,24251000,0.0,0.0
2026-07-06 00:00:00-04:00,113.05000305175781,115.4800033569336,112.68000030517578,113.9800033569336,113.9800033569336,22920000,0.42,0.0
2026-07-07 00:00:00-04:00,112.79000091552734,114.02999877929688,111.66999816894531,111.79000091552734,111.79000091552734,16650900,0.0,0.0
2026-07-08 00:00:00-04:00,111.68000030517578,114.05000305175781,111.33000183105469,113.81999969482422,113.81999969482422,18314100,0.0,0.0
2026-07-09 00:00:00-04:00,115.27999877929688,119.4800033569336,115.27999877929688,118.30999755859375,118.30999755859375,21293400,0.0,0.0
2026-07-10 00:00:00-04:00,117.62999725341797,121.61000061035156,117.02999877929688,121.30999755859375,121.30999755859375,26178700,0.0,0.0
2026-07-13 00:00:00-04:00,119.97000122070312,120.33999633789062,117.26000213623047,119.25,119.25,17569200,0.0,0.0
2026-07-14 00:00:00-04:00,119.75,120.05999755859375,116.55999755859375,117.08999633789062,117.08999633789062,21935600,0.0,0.0
2026-07-15 00:00:00-04:00,117.19999694824219,117.5,110.22000122070312,111.7699966430664,111.7699966430664,23829100,0.0,0.0
2026-07-16 00:00:00-04:00,110.22000122070312,111.23999786376953,107.52999877929688,109.66000366210938,109.66000366210938,25222400,0.0,0.0
2026-07-17 00:00:00-04:00,109.1500015258789,113.2300033569336,108.91000366210938,111.94000244140625,111.94000244140625,28459500,0.0,0.0
2026-07-20 00:00:00-04:00,112.27999877929688,113.2300033569336,110.6500015258789,110.69999694824219,110.69999694824219,15821200,0.0,0.0
2026-07-21 00:00:00-04:00,112.69999694824219,113.18000030517578,110.93000030517578,112.18000030517578,112.18000030517578,17031500,0.0,0.0
2026-07-22 00:00:00-04:00,111.5199966430664,113.77999877929688,111.36000061035156,112.20999908447266,112.20999908447266,13726600,0.0,0.0
2026-07-23 00:00:00-04:00,112.0,113.9000015258789,111.83000183105469,112.76000213623047,112.76000213623047,15175500,0.0,0.0
2026-07-24 00:00:00-04:00,112.37000274658203,114.56999969482422,112.19999694824219,114.16999816894531,114.16999816894531,19131700,0.0,0.0
2026-07-27 00:00:00-04:00,115.16000366210938,115.37999725341797,112.73999786376953,114.56999969482422,114.56999969482422,15974600,0.0,0.0
2026-07-28 00:00:00-04:00,114.12999725341797,117.06999969482422,111.7300033569336,115.58000183105469,115.58000183105469,27972100,0.0,0.0
2026-07-29 00:00:00-04:00,117.0199966430664,117.27999877929688,112.3499984741211,112.4800033569336,112.4800033569336,22761500,0.0,0.0
2026-07-30 00:00:00-04:00,112.69000244140625,114.33000183105469,111.66000366210938,113.55999755859375,113.55999755859375,25570000,0.0,0.0
2026-07-31 00:00:00-04:00,115.33000183105469,117.25,113.88999938964844,115.98999786376953,115.98999786376953,18812000,0.0,0.0
2026-08-03 00:00:00-04:00,114.5999984741211,116.2699966430664,113.81999969482422,115.86000061035156,115.86000061035156,17712400,0.0,0.0
2026-08-04 00:00:00-04:00,119.38999938964844,121.9000015258789,118.7300033569336,121.73999786376953,121.73999786376953,26637900,0.0,0.0
2026-08-05 00:00:00-04:00,124.0,124.20999908447266,114.87999725341797,121.5,121.5,18468700,0.0,0.0
2026-08-06 00:00:00-04:00,121.4800033569336,122.19000244140625,119.9000015258789,120.87999725341797,120.87999725341797,14049700,0.0,0.0
2026-08-07 00:00:00-04:00,121.87999725341797,122.58999633789062,119.44999694824219,121.43000030517578,121.43000030517578,15964600,0.0,0.0
2026-08-10 00:00:00-04:00,123.05000305175781,124.70999908447266,122.2699966430664,122.56999969482422,122.56999969482422,21131900,0.0,0.0
2026-08-11 00:00:00-04:00,123.0,123.16000366210938,120.12000274658203,120.43000030517578,120.43000030517578,16377800,0.0,0.0
2026-08-12 00:00:00-04:00,122.75,124.44999694824219,122.26000213623047,123.87999725341797,123.87999725341797,36223000,0.0,0.0
2026-08-13 00:00:00-04:00,113.93000030517578,115.94999694824219,111.4800033569336,113.47000122070312,113.47000122070312,61560400,0.0,0.0
2026-08-14 00:00:00-04:00,112.80000305175781,113.68000030517578,110.05999755859375,111.68000030517578,111.68000030517578,29390600,0.0,0.0
