Date,Open,High,Low,Close,Adj Close,Volume,Dividends,Stock Splits
2015-01-02 00:00:00-05:00,60.630001068115234,61.630001068115234,59.599998474121094,60.959999084472656,41.00143814086914,3017000,0.0,0.0
2015-01-05 00:00:00-05:00,59.689998626708984,59.689998626708984,57.79999923706055,58.70000076293945,39.48138427734375,3864500,0.0,0.0
2015-01-06 00:00:00-05:00,58.599998474121094,59.189998626708984,56.77000045776367,57.5,38.67426681518555,4685000,0.0,0.0
2015-01-07 00:00:00-05:00,58.09000015258789,58.939998626708984,57.380001068115234,57.77000045776367,38.855865478515625,4208700,0.0,0.0
2015-01-08 00:00:00-05:00,58.75,60.45000076293945,58.0099983215332,59.81999969482422,40.23468780517578,4551800,0.0,0.0
2015-01-09 00:00:00-05:00,60.0,60.720001220703125,59.06999969482422,60.40999984741211,40.63151550292969,3556300,0.0,0.0
2015-01-12 00:00:00-05:00,59.209999084472656,59.59000015258789,57.91999816894531,59.130001068115234,39.77060317993164,4333100,0.0,0.0
2015-01-13 00:00:00-05:00,59.279998779296875,59.790000915527344,58.470001220703125,58.88999938964844,39.60918045043945,4910900,0.0,0.0
2015-01-14 00:00:00-05:00,58.279998779296875,59.380001068115234,57.310001373291016,58.5,39.34684753417969,5974000,0.0,0.0
2015-01-15 00:00:00-05:00,59.91999816894531,60.16999816894531,57.779998779296875,57.86000061035156,38.9163932800293,3758900,0.0,0.0
2015-01-16 00:00:00-05:00,58.369998931884766,60.810001373291016,58.290000915527344,60.70000076293945,40.826576232910156,5252000,0.0,0.0
2015-01-20 00:00:00-05:00,59.599998474121094,60.0,58.400001525878906,59.63999938964844,40.11362075805664,4769500,0.0,0.0
2015-01-21 00:00:00-05:00,60.400001525878906,61.66999816894531,59.95000076293945,61.599998474121094,41.43190383911133,4001500,0.0,0.0
2015-01-22 00:00:00-05:00,61.97999954223633,62.18000030517578,59.91999816894531,61.25,41.196502685546875,3888400,0.0,0.0
2015-01-23 00:00:00-05:00,60.95000076293945,61.619998931884766,60.13999938964844,60.15999984741211,40.4633674621582,3998300,0.0,0.0
2015-01-26 00:00:00-05:00,60.400001525878906,62.15999984741211,60.02000045776367,61.720001220703125,41.51262664794922,3336900,0.0,0.0
2015-01-27 00:00:00-05:00,61.22999954223633,62.56999969482422,60.630001068115234,62.099998474121094,41.76820373535156,2737300,0.0,0.0
2015-01-28 00:00:00-05:00,61.5,61.540000915527344,58.33000183105469,58.43000030517578,39.29977798461914,4753000,0.0,0.0
2015-01-29 00:00:00-05:00,58.93000030517578,59.209999084472656,56.90999984741211,58.720001220703125,39.49483108520508,3087200,0.0,0.0
2015-01-30 00:00:00-05:00,58.119998931884766,60.93000030517578,57.68000030517578,60.27000045776367,40.537353515625,3792600,0.0,0.0
2015-02-02 00:00:00-05:00,61.34000015258789,62.849998474121094,60.849998474121094,62.84000015258789,42.265926361083984,4579600,0.0,0.0
2015-02-03 00:00:00-05:00,63.790000915527344,64.94000244140625,63.33000183105469,64.06999969482422,43.09321594238281,6447400,0.0,0.0
2015-02-04 00:00:00-05:00,62.7400016784668,64.2699966430664,62.349998474121094,64.0,43.04613494873047,5257000,0.0,0.0
2015-02-05 00:00:00-05:00,64.54000091552734,65.4000015258789,64.06999969482422,65.0,43.71873474121094,5249600,0.0,0.0
2015-02-06 00:00:00-05:00,65.70999908447266,65.91000366210938,64.86000061035156,65.2699966430664,43.90032958984375,4855200,0.0,0.0
2015-02-09 00:00:00-05:00,65.6500015258789,65.86000061035156,64.62000274658203,64.7300033569336,43.537132263183594,3941200,0.0,0.0
2015-02-10 00:00:00-05:00,64.69999694824219,64.72000122070312,62.689998626708984,64.18000030517578,43.167198181152344,4257400,0.0,0.0
2015-02-11 00:00:00-05:00,63.0,64.63999938964844,62.45000076293945,64.5999984741211,43.44969177246094,3883700,0.0,0.0
2015-02-12 00:00:00-05:00,65.58999633789062,66.27999877929688,65.0999984741211,65.77999877929688,44.24335479736328,4933500,0.0,0.0
2015-02-13 00:00:00-05:00,66.68000030517578,66.69000244140625,65.41000366210938,66.47000122070312,44.707462310791016,4872400,0.0,0.0
2015-02-17 00:00:00-05:00,66.12000274658203,67.08000183105469,65.80999755859375,66.6500015258789,44.82851028442383,4582000,0.0,0.0
2015-02-18 00:00:00-05:00,64.86000061035156,65.8499984741211,63.540000915527344,63.95000076293945,43.012508392333984,6840200,0.0,0.0
2015-02-19 00:00:00-05:00,62.369998931884766,64.80000305175781,62.18000030517578,64.41000366210938,43.32190704345703,4240600,0.0,0.0
2015-02-20 00:00:00-05:00,64.16999816894531,64.70999908447266,63.33000183105469,63.81999969482422,42.9250602722168,2771000,0.0,0.0
2015-02-23 00:00:00-05:00,63.15999984741211,64.38999938964844,62.68000030517578,63.95000076293945,43.012508392333984,2263500,0.0,0.0
2015-02-24 00:00:00-05:00,64.56999969482422,64.9000015258789,63.88999938964844,64.83999633789062,43.61111831665039,2993000,0.0,0.0
2015-02-25 00:00:00-05:00,64.7300033569336,65.52999877929688,63.97999954223633,65.44999694824219,44.02139663696289,3355800,0.0,0.0
2015-02-26 00:00:00-05:00,64.7300033569336,64.94000244140625,62.2599983215332,62.54999923706055,42.07087707519531,3561700,0.0,0.0
2015-02-27 00:00:00-05:00,62.7400016784668,62.93000030517578,61.5,61.59000015258789,41.425174713134766,3278300,0.0,0.0
2015-03-02 00:00:00-05:00,61.59000015258789,61.59000015258789,60.22999954223633,60.86000061035156,40.9341926574707,4529100,0.0,0.0
2015-03-03 00:00:00-05:00,60.7599983215332,61.959999084472656,60.650001525878906,61.25,41.196502685546875,3615500,0.0,0.0
2015-03-04 00:00:00-05:00,61.439998626708984,61.97999954223633,60.529998779296875,61.86000061035156,41.606788635253906,3745000,0.0,0.0
2015-03-05 00:00:00-05:00,61.63999938964844,61.63999938964844,60.81999969482422,60.83000183105469,40.91399383544922,2499600,0.0,0.0
2015-03-06 00:00:00-05:00,59.869998931884766,60.189998626708984,59.11000061035156,59.18000030517578,39.804229736328125,4572600,0.0,0.0
2015-03-09 00:00:00-04:00,59.02000045776367,59.47999954223633,58.02000045776367,58.040000915527344,39.037479400634766,2790000,0.0,0.0
2015-03-10 00:00:00-04:00,57.459999084472656,58.11000061035156,56.970001220703125,56.9900016784668,38.33124542236328,2809700,0.0,0.0
2015-03-11 00:00:00-04:00,58.38999938964844,58.47999954223633,57.470001220703125,57.84000015258789,39.06746292114258,7496400,0.24,0.0
2015-03-12 00:00:00-04:00,57.959999084472656,58.099998474121094,57.09000015258789,57.16999816894531,38.614925384521484,3328300,0.0,0.0
2015-03-13 00:00:00-04:00,56.54999923706055,57.75,56.349998474121094,57.70000076293945,38.9729118347168,3690900,0.0,0.0
2015-03-16 00:00:00-04:00,57.119998931884766,58.79999923706055,56.790000915527344,58.75,39.68212127685547,3568300,0.0,0.0
2015-03-17 00:00:00-04:00,58.22999954223633,58.66999816894531,57.529998779296875,58.04999923706055,39.209312438964844,2518400,0.0,0.0
2015-03-18 00:00:00-04:00,57.20000076293945,60.58000183105469,57.0,60.2400016784668,40.68852233886719,3533900,0.0,0.0
2015-03-19 00:00:00-04:00,59.09000015258789,59.45000076293945,58.18000030517578,58.2599983215332,39.35114669799805,2238200,0.0,0.0
2015-03-20 00:00:00-04:00,58.849998474121094,59.619998931884766,58.59000015258789,58.65999984741211,39.621337890625,4336700,0.0,0.0
2015-03-23 00:00:00-04:00,58.7599983215332,59.22999954223633,57.95000076293945,57.970001220703125,39.15526580810547,2834900,0.0,0.0
2015-03-24 00:00:00-04:00,58.09000015258789,58.58000183105469,57.7400016784668,57.84000015258789,39.06746292114258,2868900,0.0,0.0
2015-03-25 00:00:00-04:00,58.45000076293945,60.349998474121094,58.34000015258789,59.63999938964844,40.283260345458984,6182100,0.0,0.0
2015-03-26 00:00:00-04:00,60.939998626708984,61.18000030517578,59.630001068115234,60.060001373291016,40.56694793701172,3811200,0.0,0.0
2015-03-27 00:00:00-04:00,59.88999938964844,59.88999938964844,58.95000076293945,59.150001525878906,39.95230484008789,2277300,0.0,0.0
2015-03-30 00:00:00-04:00,59.93000030517578,60.810001373291016,59.52000045776367,60.709999084472656,41.00599670410156,3248400,0.0,0.0
2015-03-31 00:00:00-04:00,59.84000015258789,61.060001373291016,59.540000915527344,60.310001373291016,40.73581314086914,3135500,0.0,0.0
2015-04-01 00:00:00-04:00,60.68000030517578,62.2599983215332,60.59000015258789,61.58000183105469,41.59361267089844,3582100,0.0,0.0
2015-04-02 00:00:00-04:00,61.369998931884766,62.91999816894531,61.060001373291016,62.54999923706055,42.24878692626953,4740500,0.0,0.0
2015-04-06 00:00:00-04:00,62.970001220703125,64.05000305175781,62.849998474121094,63.40999984741211,42.829673767089844,3922900,0.0,0.0
2015-04-07 00:00:00-04:00,63.47999954223633,64.29000091552734,63.2400016784668,63.33000183105469,42.775638580322266,3388400,0.0,0.0
2015-04-08 00:00:00-04:00,63.68000030517578,63.9900016784668,62.959999084472656,63.040000915527344,42.57976150512695,2821400,0.0,0.0
2015-04-09 00:00:00-04:00,63.66999816894531,65.23999786376953,63.470001220703125,64.94000244140625,43.86309051513672,3854800,0.0,0.0
2015-04-10 00:00:00-04:00,64.97000122070312,64.97000122070312,64.04000091552734,64.86000061035156,43.809059143066406,2341000,0.0,0.0
2015-04-13 00:00:00-04:00,65.48999786376953,65.48999786376953,64.48999786376953,64.58000183105469,43.61992645263672,2054700,0.0,0.0
2015-04-14 00:00:00-04:00,65.05999755859375,66.61000061035156,65.04000091552734,66.16000366210938,44.68714141845703,3168100,0.0,0.0
2015-04-15 00:00:00-04:00,66.66000366210938,67.36000061035156,66.23999786376953,66.94999694824219,45.22072219848633,4583200,0.0,0.0
2015-04-16 00:00:00-04:00,66.48999786376953,67.31999969482422,65.72000122070312,66.58999633789062,44.97755813598633,3463500,0.0,0.0
2015-04-17 00:00:00-04:00,66.11000061035156,66.38999938964844,65.45999908447266,65.91999816894531,44.52503204345703,2354400,0.0,0.0
2015-04-20 00:00:00-04:00,65.91000366210938,67.41000366210938,65.9000015258789,66.66999816894531,45.031612396240234,2240100,0.0,0.0
2015-04-21 00:00:00-04:00,66.87000274658203,66.93000030517578,64.7699966430664,65.27999877929688,44.092742919921875,2600100,0.0,0.0
2015-04-22 00:00:00-04:00,65.41999816894531,66.16999816894531,64.8499984741211,65.83000183105469,44.46424865722656,3298400,0.0,0.0
2015-04-23 00:00:00-04:00,66.19999694824219,67.19999694824219,66.05999755859375,66.30000305175781,44.781715393066406,2764400,0.0,0.0
2015-04-24 00:00:00-04:00,65.80999755859375,66.69000244140625,65.30000305175781,66.5,44.916786193847656,3819400,0.0,0.0
2015-04-27 00:00:00-04:00,66.87999725341797,67.27999877929688,66.52999877929688,66.55999755859375,44.95731735229492,3083100,0.0,0.0
2015-04-28 00:00:00-04:00,66.80999755859375,67.5199966430664,66.41999816894531,67.4800033569336,45.5787239074707,2873100,0.0,0.0
2015-04-29 00:00:00-04:00,67.16999816894531,68.98999786376953,66.70999908447266,68.94999694824219,46.57160568237305,4664600,0.0,0.0
2015-04-30 00:00:00-04:00,69.16000366210938,69.16000366210938,67.36000061035156,68.20999908447266,46.07178497314453,3388700,0.0,0.0
2015-05-01 00:00:00-04:00,67.9000015258789,69.4000015258789,67.75,68.61000061035156,46.34196472167969,5235200,0.0,0.0
2015-05-04 00:00:00-04:00,68.77999877929688,69.19999694824219,68.19000244140625,69.02999877929688,46.62563705444336,2817700,0.0,0.0
2015-05-05 00:00:00-04:00,69.69000244140625,70.4800033569336,66.45999908447266,66.6500015258789,45.01810073852539,5707500,0.0,0.0
2015-05-06 00:00:00-04:00,68.5999984741211,69.68000030517578,67.0,67.4800033569336,45.5787239074707,5887300,0.0,0.0
2015-05-07 00:00:00-04:00,67.2699966430664,67.5999984741211,66.11000061035156,66.47000122070312,44.89653396606445,4426600,0.0,0.0
2015-05-08 00:00:00-04:00,67.31999969482422,67.95999908447266,66.12000274658203,67.88999938964844,45.855648040771484,3639000,0.0,0.0
2015-05-11 00:00:00-04:00,67.97000122070312,67.97000122070312,66.30000305175781,66.45999908447266,44.8897705078125,3657900,0.0,0.0
2015-05-12 00:00:00-04:00,66.43000030517578,68.0999984741211,66.33000183105469,67.56999969482422,45.639488220214844,2659300,0.0,0.0
2015-05-13 00:00:00-04:00,67.54000091552734,67.7300033569336,65.58999633789062,65.94999694824219,44.545291900634766,3437400,0.0,0.0
2015-05-14 00:00:00-04:00,66.08999633789062,66.62000274658203,65.55000305175781,65.68000030517578,44.362918853759766,2020500,0.0,0.0
2015-05-15 00:00:00-04:00,65.16000366210938,66.1500015258789,64.86000061035156,65.86000061035156,44.4844970703125,2443000,0.0,0.0
2015-05-18 00:00:00-04:00,65.08999633789062,66.3499984741211,65.05999755859375,66.23999786376953,44.74116897583008,2007900,0.0,0.0
2015-05-19 00:00:00-04:00,65.37000274658203,65.75,64.70999908447266,64.77999877929688,43.75502014160156,2795400,0.0,0.0
2015-05-20 00:00:00-04:00,65.52999877929688,65.9800033569336,64.87000274658203,65.81999969482422,44.45748519897461,2945600,0.0,0.0
2015-05-21 00:00:00-04:00,66.27999877929688,67.5999984741211,66.27999877929688,67.51000213623047,45.598976135253906,2922300,0.0,0.0
2015-05-22 00:00:00-04:00,66.83999633789062,67.95999908447266,66.63999938964844,67.47000122070312,45.57195281982422,2311000,0.0,0.0
2015-05-26 00:00:00-04:00,66.4800033569336,67.2300033569336,66.19999694824219,66.29000091552734,44.77494812011719,2577800,0.0,0.0
2015-05-27 00:00:00-04:00,66.13999938964844,66.8499984741211,65.26000213623047,66.05000305175781,44.61283493041992,1970500,0.0,0.0
2015-05-28 00:00:00-04:00,65.87999725341797,65.94999694824219,64.77999877929688,65.37999725341797,44.16028594970703,2167600,0.0,0.0
2015-05-29 00:00:00-04:00,65.4800033569336,65.69999694824219,64.79000091552734,65.22000122070312,44.052223205566406,2596400,0.0,0.0
2015-06-01 00:00:00-04:00,65.38999938964844,65.5,63.83000183105469,64.47000122070312,43.545650482177734,3266000,0.0,0.0
2015-06-02 00:00:00-04:00,64.83999633789062,65.31999969482422,64.30000305175781,64.83000183105469,43.78880310058594,2395600,0.0,0.0
2015-06-03 00:00:00-04:00,64.61000061035156,65.01000213623047,63.779998779296875,63.90999984741211,43.16740417480469,2378500,0.0,0.0
2015-06-04 00:00:00-04:00,63.380001068115234,63.56999969482422,62.93000030517578,63.08000183105469,42.60676956176758,3106900,0.0,0.0
2015-06-05 00:00:00-04:00,62.720001220703125,64.54000091552734,62.54999923706055,63.79999923706055,43.09309005737305,2740500,0.0,0.0
2015-06-08 00:00:00-04:00,63.380001068115234,63.880001068115234,62.189998626708984,62.5,42.215023040771484,3319900,0.0,0.0
2015-06-09 00:00:00-04:00,63.18000030517578,63.66999816894531,62.0099983215332,62.119998931884766,41.95835876464844,3569400,0.0,0.0
2015-06-10 00:00:00-04:00,63.029998779296875,64.06999969482422,62.4900016784668,63.810001373291016,43.0998420715332,4079400,0.0,0.0
2015-06-11 00:00:00-04:00,63.84000015258789,64.05000305175781,62.88999938964844,62.939998626708984,42.67271423339844,3200500,0.24,0.0
2015-06-12 00:00:00-04:00,62.58000183105469,62.619998931884766,61.33000183105469,61.869998931884766,41.947261810302734,3120300,0.0,0.0
2015-06-15 00:00:00-04:00,61.380001068115234,62.18000030517578,61.279998779296875,61.630001068115234,41.784542083740234,2137900,0.0,0.0
2015-06-16 00:00:00-04:00,61.619998931884766,62.540000915527344,61.5,62.459999084472656,42.34728240966797,2184400,0.0,0.0
2015-06-17 00:00:00-04:00,62.45000076293945,63.40999984741211,61.290000915527344,61.63999938964844,41.79133605957031,2355100,0.0,0.0
2015-06-18 00:00:00-04:00,61.90999984741211,62.189998626708984,61.369998931884766,61.439998626708984,41.65572738647461,1988000,0.0,0.0
2015-06-19 00:00:00-04:00,61.16999816894531,61.58000183105469,60.91999816894531,60.970001220703125,41.33707046508789,2928300,0.0,0.0
2015-06-22 00:00:00-04:00,61.150001525878906,61.54999923706055,60.560001373291016,61.349998474121094,41.594703674316406,1901300,0.0,0.0
2015-06-23 00:00:00-04:00,61.400001525878906,61.619998931884766,61.189998626708984,61.43000030517578,41.64895248413086,1780400,0.0,0.0
2015-06-24 00:00:00-04:00,61.2400016784668,61.790000915527344,60.9900016784668,61.09000015258789,41.41843032836914,1545000,0.0,0.0
2015-06-25 00:00:00-04:00,61.25,61.349998474121094,60.18000030517578,60.380001068115234,40.93706512451172,2552900,0.0,0.0
2015-06-26 00:00:00-04:00,60.41999816894531,60.83000183105469,59.880001068115234,60.459999084472656,40.99129867553711,2539000,0.0,0.0
2015-06-29 00:00:00-04:00,59.5099983215332,59.9900016784668,58.77000045776367,58.81999969482422,39.879390716552734,2931200,0.0,0.0
2015-06-30 00:00:00-04:00,59.61000061035156,59.880001068115234,59.06999969482422,59.4900016784668,40.33365249633789,3291700,0.0,0.0
2015-07-01 00:00:00-04:00,59.41999816894531,59.79999923706055,57.47999954223633,57.72999954223633,39.140380859375,3556700,0.0,0.0
2015-07-02 00:00:00-04:00,57.869998931884766,58.43000030517578,57.58000183105469,57.869998931884766,39.23529052734375,2826200,0.0,0.0
2015-07-06 00:00:00-04:00,56.810001373291016,57.939998626708984,56.459999084472656,56.68000030517578,38.428497314453125,3255700,0.0,0.0
2015-07-07 00:00:00-04:00,56.56999969482422,57.38999938964844,55.119998931884766,57.31999969482422,38.86241149902344,3506200,0.0,0.0
2015-07-08 00:00:00-04:00,56.970001220703125,57.4900016784668,55.2400016784668,55.54999923706055,37.6623649597168,3024900,0.0,0.0
2015-07-09 00:00:00-04:00,56.75,57.130001068115234,55.93000030517578,55.939998626708984,37.92677688598633,2548100,0.0,0.0
2015-07-10 00:00:00-04:00,56.61000061035156,56.93000030517578,55.68000030517578,55.849998474121094,37.865760803222656,2757400,0.0,0.0
2015-07-13 00:00:00-04:00,55.97999954223633,56.0,55.029998779296875,55.400001525878906,37.560672760009766,3272700,0.0,0.0
2015-07-14 00:00:00-04:00,55.400001525878906,56.470001220703125,55.02000045776367,56.13999938964844,38.0623779296875,3200300,0.0,0.0
2015-07-15 00:00:00-04:00,55.630001068115234,56.369998931884766,54.45000076293945,54.84000015258789,37.18099594116211,3564600,0.0,0.0
2015-07-16 00:00:00-04:00,55.06999969482422,55.380001068115234,54.13999938964844,54.369998931884766,36.862327575683594,2904100,0.0,0.0
2015-07-17 00:00:00-04:00,54.130001068115234,54.369998931884766,53.439998626708984,53.63999938964844,36.36740493774414,2783100,0.0,0.0
2015-07-20 00:00:00-04:00,53.369998931884766,53.630001068115234,51.83000183105469,51.83000183105469,35.1402473449707,4678800,0.0,0.0
2015-07-21 00:00:00-04:00,52.04999923706055,52.529998779296875,51.70000076293945,52.08000183105469,35.30973815917969,4347500,0.0,0.0
2015-07-22 00:00:00-04:00,51.84000015258789,51.939998626708984,50.619998931884766,51.13999938964844,34.67242431640625,3855400,0.0,0.0
2015-07-23 00:00:00-04:00,51.209999084472656,51.439998626708984,50.349998474121094,51.15999984741211,34.68598175048828,3548500,0.0,0.0
2015-07-24 00:00:00-04:00,51.08000183105469,51.13999938964844,49.029998779296875,49.400001525878906,33.49272537231445,5021000,0.0,0.0
2015-07-27 00:00:00-04:00,48.41999816894531,49.41999816894531,48.209999084472656,48.83000183105469,33.10627746582031,5668900,0.0,0.0
2015-07-28 00:00:00-04:00,49.119998931884766,50.45000076293945,48.63999938964844,49.9900016784668,33.89274215698242,4905800,0.0,0.0
2015-07-29 00:00:00-04:00,49.88999938964844,51.7400016784668,49.68000030517578,51.18000030517578,34.69955062866211,4438500,0.0,0.0
2015-07-30 00:00:00-04:00,51.0,51.66999816894531,50.130001068115234,50.61000061035156,34.31309127807617,3515600,0.0,0.0
2015-07-31 00:00:00-04:00,50.209999084472656,50.36000061035156,49.349998474121094,49.41999816894531,33.50629425048828,3978100,0.0,0.0
2015-08-03 00:00:00-04:00,48.75,49.65999984741211,48.11000061035156,48.36000061035156,32.78762435913086,4218700,0.0,0.0
2015-08-04 00:00:00-04:00,48.650001525878906,49.650001525878906,48.119998931884766,48.7400016784668,33.04525375366211,4692200,0.0,0.0
2015-08-05 00:00:00-04:00,50.34000015258789,51.68000030517578,46.66999816894531,46.95000076293945,31.831653594970703,7958100,0.0,0.0
2015-08-06 00:00:00-04:00,46.900001525878906,48.63999938964844,46.45000076293945,48.29999923706055,32.7469367980957,5896900,0.0,0.0
2015-08-07 00:00:00-04:00,48.040000915527344,48.7599983215332,45.97999954223633,46.40999984741211,31.465526580810547,4363100,0.0,0.0
2015-08-10 00:00:00-04:00,46.63999938964844,48.22999954223633,46.150001525878906,47.880001068115234,32.462181091308594,6412600,0.0,0.0
2015-08-11 00:00:00-04:00,46.720001220703125,47.61000061035156,46.58000183105469,47.29999923706055,32.068946838378906,5708400,0.0,0.0
2015-08-12 00:00:00-04:00,47.220001220703125,48.02000045776367,46.18000030517578,47.880001068115234,32.462181091308594,5413800,0.0,0.0
2015-08-13 00:00:00-04:00,47.290000915527344,47.52000045776367,45.90999984741211,46.0099983215332,31.194334030151367,5170500,0.0,0.0
2015-08-14 00:00:00-04:00,45.880001068115234,46.52000045776367,45.689998626708984,46.060001373291016,31.228229522705078,5960200,0.0,0.0
2015-08-17 00:00:00-04:00,45.790000915527344,46.720001220703125,45.599998474121094,46.40999984741211,31.465526580810547,3443800,0.0,0.0
2015-08-18 00:00:00-04:00,46.040000915527344,46.689998626708984,45.90999984741211,46.220001220703125,31.33671760559082,3961800,0.0,0.0
2015-08-19 00:00:00-04:00,45.91999816894531,46.13999938964844,44.439998626708984,44.65999984741211,30.27906036376953,4362900,0.0,0.0
2015-08-20 00:00:00-04:00,45.09000015258789,45.09000015258789,42.79999923706055,42.810001373291016,29.024782180786133,5362200,0.0,0.0
2015-08-21 00:00:00-04:00,42.36000061035156,42.7400016784668,41.09000015258789,41.09000015258789,27.858625411987305,5713400,0.0,0.0
2015-08-24 00:00:00-04:00,38.41999816894531,40.290000915527344,37.0,38.08000183105469,25.817874908447266,10777700,0.0,0.0
2015-08-25 00:00:00-04:00,39.58000183105469,39.58000183105469,36.630001068115234,36.630001068115234,24.83478355407715,7888100,0.0,0.0
2015-08-26 00:00:00-04:00,37.400001525878906,38.47999954223633,36.970001220703125,38.45000076293945,26.068727493286133,7326200,0.0,0.0
2015-08-27 00:00:00-04:00,39.31999969482422,41.209999084472656,39.189998626708984,40.779998779296875,27.64845085144043,9059100,0.0,0.0
2015-08-28 00:00:00-04:00,40.52000045776367,42.720001220703125,40.349998474121094,42.20000076293945,28.6112003326416,8502800,0.0,0.0
2015-08-31 00:00:00-04:00,41.56999969482422,43.189998626708984,40.5,42.65999984741211,28.92307472229004,7125400,0.0,0.0
2015-09-01 00:00:00-04:00,41.06999969482422,42.09000015258789,39.970001220703125,40.33000183105469,27.343366622924805,6676800,0.0,0.0
2015-09-02 00:00:00-04:00,41.16999816894531,41.2400016784668,39.13999938964844,40.720001220703125,27.607772827148438,5348700,0.0,0.0
2015-09-03 00:00:00-04:00,40.83000183105469,42.20000076293945,40.38999938964844,40.83000183105469,27.68234634399414,5355000,0.0,0.0
2015-09-04 00:00:00-04:00,39.9900016784668,40.43000030517578,39.63999938964844,40.13999938964844,27.214529037475586,3856600,0.0,0.0
2015-09-08 00:00:00-04:00,40.7400016784668,40.77000045776367,39.470001220703125,40.5,27.458600997924805,4629500,0.0,0.0
2015-09-09 00:00:00-04:00,40.900001525878906,41.5,39.38999938964844,39.689998626708984,26.909433364868164,7706400,0.0,0.0
2015-09-10 00:00:00-04:00,39.880001068115234,40.599998474121094,39.290000915527344,39.9900016784668,27.112842559814453,5857500,0.0,0.0
2015-09-11 00:00:00-04:00,39.0,39.209999084472656,38.119998931884766,38.84000015258789,26.49213981628418,4692300,0.24,0.0
2015-09-14 00:00:00-04:00,38.720001220703125,39.0,38.18000030517578,38.90999984741211,26.53988265991211,4433500,0.0,0.0
2015-09-15 00:00:00-04:00,39.11000061035156,39.619998931884766,38.790000915527344,39.16999816894531,26.717226028442383,3161400,0.0,0.0
2015-09-16 00:00:00-04:00,39.4900016784668,41.119998931884766,39.4900016784668,41.04999923706055,27.999547958374023,4303400,0.0,0.0
2015-09-17 00:00:00-04:00,41.09000015258789,41.970001220703125,40.599998474121094,40.810001373291016,27.835847854614258,5200400,0.0,0.0
2015-09-18 00:00:00-04:00,39.959999084472656,40.41999816894531,39.36000061035156,39.779998779296875,27.1332950592041,5719000,0.0,0.0
2015-09-21 00:00:00-04:00,40.20000076293945,40.790000915527344,39.459999084472656,40.33000183105469,27.50845718383789,3387100,0.0,0.0
2015-09-22 00:00:00-04:00,39.650001525878906,40.61000061035156,39.119998931884766,39.5,26.94231414794922,5051100,0.0,0.0
2015-09-23 00:00:00-04:00,39.560001373291016,39.790000915527344,38.06999969482422,38.150001525878906,26.02151107788086,4003300,0.0,0.0
2015-09-24 00:00:00-04:00,37.709999084472656,38.95000076293945,37.40999984741211,38.599998474121094,26.328432083129883,4799300,0.0,0.0
2015-09-25 00:00:00-04:00,38.86000061035156,39.0,38.150001525878906,38.470001220703125,26.23977279663086,4253900,0.0,0.0
2015-09-28 00:00:00-04:00,38.0099983215332,38.20000076293945,36.75,36.75,25.066579818725586,5788700,0.0,0.0
2015-09-29 00:00:00-04:00,37.060001373291016,37.20000076293945,36.02000045776367,36.43000030517578,24.848316192626953,5113700,0.0,0.0
2015-09-30 00:00:00-04:00,36.970001220703125,37.470001220703125,36.0099983215332,37.09000015258789,25.29848861694336,6573600,0.0,0.0
2015-10-01 00:00:00-04:00,37.86000061035156,38.91999816894531,37.369998931884766,37.75,25.7486572265625,5624400,0.0,0.0
2015-10-02 00:00:00-04:00,37.380001068115234,40.79999923706055,37.20000076293945,40.720001220703125,27.774459838867188,6483100,0.0,0.0
2015-10-05 00:00:00-04:00,41.18000030517578,43.41999816894531,41.099998474121094,42.91999816894531,29.275043487548828,7163800,0.0,0.0
2015-10-06 00:00:00-04:00,43.09000015258789,44.47999954223633,42.7400016784668,43.75,29.841171264648438,6607000,0.0,0.0
2015-10-07 00:00:00-04:00,44.54999923706055,45.45000076293945,42.45000076293945,43.86000061035156,29.91620635986328,6390100,0.0,0.0
2015-10-08 00:00:00-04:00,43.630001068115234,44.959999084472656,43.060001373291016,44.66999816894531,30.46868133544922,4656400,0.0,0.0
2015-10-09 00:00:00-04:00,44.970001220703125,45.369998931884766,44.18000030517578,45.2400016784668,30.857473373413086,5791900,0.0,0.0
2015-10-12 00:00:00-04:00,45.2400016784668,45.34000015258789,43.540000915527344,43.9900016784668,30.00486183166504,4031000,0.0,0.0
2015-10-13 00:00:00-04:00,43.5,44.81999969482422,43.150001525878906,43.720001220703125,29.820707321166992,3101000,0.0,0.0
2015-10-14 00:00:00-04:00,43.56999969482422,44.880001068115234,43.439998626708984,44.650001525878906,30.455041885375977,3541000,0.0,0.0
2015-10-15 00:00:00-04:00,44.400001525878906,45.709999084472656,44.18000030517578,45.66999816894531,31.150772094726562,3732600,0.0,0.0
2015-10-16 00:00:00-04:00,46.099998474121094,46.459999084472656,45.099998474121094,46.43000030517578,31.66916275024414,5131000,0.0,0.0
2015-10-19 00:00:00-04:00,45.61000061035156,45.939998626708984,44.849998474121094,45.279998779296875,30.884748458862305,4345200,0.0,0.0
2015-10-20 00:00:00-04:00,45.25,46.369998931884766,45.0099983215332,45.689998626708984,31.16441535949707,2997200,0.0,0.0
2015-10-21 00:00:00-04:00,45.41999816894531,45.61000061035156,43.34000015258789,43.900001525878906,29.943483352661133,6868500,0.0,0.0
2015-10-22 00:00:00-04:00,44.400001525878906,45.02000045776367,43.630001068115234,44.75,30.523237228393555,4389200,0.0,0.0
2015-10-23 00:00:00-04:00,44.380001068115234,45.22999954223633,43.95000076293945,44.959999084472656,30.6664981842041,3300300,0.0,0.0
2015-10-26 00:00:00-04:00,44.7599983215332,44.790000915527344,42.7400016784668,42.790000915527344,29.186365127563477,3984500,0.0,0.0
2015-10-27 00:00:00-04:00,42.02000045776367,42.02000045776367,40.529998779296875,41.20000076293945,28.10186004638672,5464000,0.0,0.0
2015-10-28 00:00:00-04:00,40.599998474121094,42.27000045776367,39.83000183105469,41.560001373291016,28.3474063873291,6544700,0.0,0.0
2015-10-29 00:00:00-04:00,41.220001220703125,42.47999954223633,40.900001525878906,41.040000915527344,27.992717742919922,5636400,0.0,0.0
2015-10-30 00:00:00-04:00,41.2400016784668,42.58000183105469,40.33000183105469,41.93000030517578,28.59978675842285,5756500,0.0,0.0
2015-11-02 00:00:00-05:00,41.34000015258789,43.310001373291016,41.0,43.130001068115234,29.41826820373535,5430000,0.0,0.0
2015-11-03 00:00:00-05:00,43.650001525878906,46.4900016784668,43.369998931884766,45.220001220703125,30.843833923339844,6572500,0.0,0.0
2015-11-04 00:00:00-05:00,46.72999954223633,47.84000015258789,45.91999816894531,46.4900016784668,31.710079193115234,9572500,0.0,0.0
2015-11-05 00:00:00-05:00,46.2400016784668,48.540000915527344,46.0,47.5099983215332,32.405799865722656,6390800,0.0,0.0
2015-11-06 00:00:00-05:00,47.060001373291016,48.68000030517578,46.27000045776367,46.869998931884766,31.969268798828125,5704300,0.0,0.0
2015-11-09 00:00:00-05:00,47.45000076293945,48.08000183105469,46.400001525878906,46.97999954223633,32.04430389404297,5301100,0.0,0.0
2015-11-10 00:00:00-05:00,46.79999923706055,48.25,46.619998931884766,47.7599983215332,32.57632827758789,5134400,0.0,0.0
2015-11-11 00:00:00-05:00,47.56999969482422,47.81999969482422,45.22999954223633,45.619998931884766,31.11667251586914,4244200,0.0,0.0
2015-11-12 00:00:00-05:00,44.970001220703125,46.06999969482422,44.400001525878906,45.060001373291016,30.734699249267578,6082600,0.0,0.0
2015-11-13 00:00:00-05:00,45.0,45.84000015258789,44.47999954223633,45.04999923706055,30.727880477905273,5084900,0.0,0.0
2015-11-16 00:00:00-05:00,45.119998931884766,46.540000915527344,44.959999084472656,46.5,31.71690559387207,3911700,0.0,0.0
2015-11-17 00:00:00-05:00,46.150001525878906,46.4900016784668,45.0,45.90999984741211,31.314476013183594,3767100,0.0,0.0
2015-11-18 00:00:00-05:00,46.47999954223633,47.38999938964844,45.66999816894531,47.06999969482422,32.105690002441406,3163400,0.0,0.0
2015-11-19 00:00:00-05:00,46.5,46.97999954223633,45.310001373291016,45.97999954223633,31.362211227416992,3657400,0.0,0.0
2015-11-20 00:00:00-05:00,46.119998931884766,46.5099983215332,45.06999969482422,45.25,30.864294052124023,3969500,0.0,0.0
2015-11-23 00:00:00-05:00,45.06999969482422,45.650001525878906,44.630001068115234,44.93000030517578,30.646024703979492,3055200,0.0,0.0
2015-11-24 00:00:00-05:00,45.470001220703125,47.029998779296875,45.33000183105469,46.54999923706055,31.751005172729492,3128000,0.0,0.0
2015-11-25 00:00:00-05:00,46.29999923706055,46.40999984741211,45.349998474121094,45.90999984741211,31.314476013183594,2294400,0.0,0.0
2015-11-27 00:00:00-05:00,45.439998626708984,45.70000076293945,44.68000030517578,44.869998931884766,30.6050968170166,1170200,0.0,0.0
2015-11-30 00:00:00-05:00,45.08000183105469,46.56999969482422,44.880001068115234,46.0099983215332,31.38267707824707,4405700,0.0,0.0
2015-12-01 00:00:00-05:00,46.11000061035156,46.52000045776367,45.66999816894531,46.4900016784668,31.710079193115234,3805200,0.0,0.0
2015-12-02 00:00:00-05:00,45.779998779296875,46.08000183105469,43.439998626708984,43.529998779296875,29.69111442565918,4784000,0.0,0.0
2015-12-03 00:00:00-05:00,43.869998931884766,43.869998931884766,40.68000030517578,41.099998474121094,28.033649444580078,9820800,0.0,0.0
2015-12-04 00:00:00-05:00,40.34000015258789,40.9900016784668,39.619998931884766,40.529998779296875,27.644859313964844,5912400,0.0,0.0
2015-12-07 00:00:00-05:00,37.7599983215332,38.2599983215332,36.130001068115234,36.439998626708984,24.855133056640625,11420200,0.0,0.0
2015-12-08 00:00:00-05:00,35.29999923706055,35.7599983215332,33.52000045776367,35.189998626708984,24.002531051635742,13144200,0.0,0.0
2015-12-09 00:00:00-05:00,36.38999938964844,36.470001220703125,34.380001068115234,35.31999969482422,24.091197967529297,7916100,0.0,0.0
2015-12-10 00:00:00-05:00,35.099998474121094,36.70000076293945,34.70000076293945,35.5099983215332,24.220808029174805,6799700,0.0,0.0
2015-12-11 00:00:00-05:00,34.540000915527344,35.400001525878906,33.40999984741211,33.54999923706055,23.039628982543945,5925400,0.24,0.0
2015-12-14 00:00:00-05:00,33.369998931884766,33.720001220703125,31.399999618530273,31.540000915527344,21.65930938720703,11006400,0.0,0.0
2015-12-15 00:00:00-05:00,31.979999542236328,32.439998626708984,31.5,31.8700008392334,21.885929107666016,7808500,0.0,0.0
2015-12-16 00:00:00-05:00,31.850000381469727,32.04999923706055,29.979999542236328,30.56999969482422,20.99318504333496,8350500,0.0,0.0
2015-12-17 00:00:00-05:00,30.510000228881836,30.65999984741211,28.0,28.979999542236328,19.901294708251953,15841400,0.0,0.0
2015-12-18 00:00:00-05:00,28.950000762939453,29.979999542236328,28.579999923706055,28.670000076293945,19.68841552734375,9366500,0.0,0.0
2015-12-21 00:00:00-05:00,28.700000762939453,29.670000076293945,28.389999389648438,28.829999923706055,19.798288345336914,7462700,0.0,0.0
2015-12-22 00:00:00-05:00,28.81999969482422,30.34000015258789,28.649999618530273,29.829999923706055,20.485013961791992,8734100,0.0,0.0
2015-12-23 00:00:00-05:00,30.610000610351562,33.380001068115234,30.600000381469727,33.20000076293945,22.799274444580078,10280800,0.0,0.0
2015-12-24 00:00:00-05:00,33.220001220703125,33.470001220703125,32.029998779296875,32.70000076293945,22.455909729003906,3816900,0.0,0.0
2015-12-28 00:00:00-05:00,32.2400016784668,32.47999954223633,31.280000686645508,31.690000534057617,21.762317657470703,4816600,0.0,0.0
2015-12-29 00:00:00-05:00,32.310001373291016,32.84000015258789,31.510000228881836,32.2400016784668,22.14002227783203,5476400,0.0,0.0
2015-12-30 00:00:00-05:00,31.5,32.529998779296875,30.729999542236328,31.0,21.28847885131836,5265500,0.0,0.0
2015-12-31 00:00:00-05:00,30.989999771118164,32.20000076293945,30.56999969482422,32.0,21.97520637512207,4454100,0.0,0.0
2016-01-04 00:00:00-05:00,31.780000686645508,32.90999984741211,31.530000686645508,32.31999969482422,22.19495964050293,6770300,0.0,0.0
2016-01-05 00:00:00-05:00,32.20000076293945,32.93000030517578,31.559999465942383,32.83000183105469,22.545190811157227,6258100,0.0,0.0
2016-01-06 00:00:00-05:00,31.610000610351562,31.6299991607666,30.1299991607666,30.209999084472656,20.74596405029297,7777700,0.0,0.0
2016-01-07 00:00:00-05:00,29.209999084472656,30.1299991607666,27.899999618530273,28.059999465942383,19.26951026916504,11164900,0.0,0.0
2016-01-08 00:00:00-05:00,28.350000381469727,28.93000030517578,27.450000762939453,28.5,19.57166862487793,8160500,0.0,0.0
2016-01-11 00:00:00-05:00,28.799999237060547,28.829999923706055,26.510000228881836,26.969999313354492,18.520980834960938,10329800,0.0,0.0
2016-01-12 00:00:00-05:00,27.65999984741211,27.860000610351562,24.549999237060547,25.719999313354492,17.662574768066406,14152100,0.0,0.0
2016-01-13 00:00:00-05:00,26.360000610351562,26.690000534057617,24.219999313354492,24.799999237060547,17.030786514282227,11457100,0.0,0.0
2016-01-14 00:00:00-05:00,25.040000915527344,26.219999313354492,24.18000030517578,25.959999084472656,17.8273868560791,8580900,0.0,0.0
2016-01-15 00:00:00-05:00,24.3700008392334,24.649999618530273,23.360000610351562,24.489999771118164,16.817899703979492,9673400,0.0,0.0
2016-01-19 00:00:00-05:00,24.8799991607666,24.8799991607666,22.75,23.479999542236328,16.124309539794922,9417700,0.0,0.0
2016-01-20 00:00:00-05:00,22.559999465942383,22.649999618530273,19.690000534057617,21.59000015258789,14.826394081115723,18600900,0.0,0.0
2016-01-21 00:00:00-05:00,21.329999923706055,24.920000076293945,21.18000030517578,24.18000030517578,16.605016708374023,10875600,0.0,0.0
2016-01-22 00:00:00-05:00,26.440000534057617,27.5,24.969999313354492,25.6299991607666,17.600765228271484,14612300,0.0,0.0
2016-01-25 00:00:00-05:00,24.75,26.020000457763672,22.760000228881836,22.770000457763672,15.636735916137695,10370000,0.0,0.0
2016-01-26 00:00:00-05:00,23.889999389648438,24.649999618530273,22.700000762939453,24.559999465942383,16.8659610748291,7529800,0.0,0.0
2016-01-27 00:00:00-05:00,24.15999984741211,25.850000381469727,23.520000457763672,24.489999771118164,16.817899703979492,10952700,0.0,0.0
2016-01-28 00:00:00-05:00,25.799999237060547,26.989999771118164,25.209999084472656,26.790000915527344,18.39736557006836,11272800,0.0,0.0
2016-01-29 00:00:00-05:00,27.059999465942383,28.65999984741211,26.799999237060547,27.899999618530273,19.159639358520508,11270900,0.0,0.0
2016-02-01 00:00:00-05:00,27.030000686645508,27.030000686645508,25.399999618530273,26.059999465942383,17.896059036254883,8310500,0.0,0.0
2016-02-02 00:00:00-05:00,24.8799991607666,25.3799991607666,24.459999084472656,24.690000534057617,16.955245971679688,7786100,0.0,0.0
2016-02-03 00:00:00-05:00,25.350000381469727,26.600000381469727,24.1200008392334,26.59000015258789,18.26002311706543,12323100,0.0,0.0
2016-02-04 00:00:00-05:00,26.770000457763672,28.8700008392334,26.420000076293945,26.559999465942383,18.23941993713379,11744100,0.0,0.0
2016-02-05 00:00:00-05:00,25.850000381469727,25.940000534057617,24.34000015258789,24.850000381469727,17.065120697021484,9510100,0.0,0.0
2016-02-08 00:00:00-05:00,24.059999465942383,24.18000030517578,22.239999771118164,23.68000030517578,16.26165199279785,9304900,0.0,0.0
2016-02-09 00:00:00-05:00,22.729999542236328,23.399999618530273,22.1200008392334,22.65999984741211,15.561193466186523,8871100,0.0,0.0
2016-02-10 00:00:00-05:00,22.200000762939453,23.420000076293945,21.31999969482422,21.6299991607666,14.853867530822754,9868600,0.0,0.0
2016-02-11 00:00:00-05:00,21.020000457763672,21.600000381469727,19.6200008392334,21.25,14.59290885925293,15209000,0.0,0.0
2016-02-12 00:00:00-05:00,20.6200008392334,21.81999969482422,20.56999969482422,21.690000534057617,14.89507007598877,19887100,0.0,0.0
2016-02-16 00:00:00-05:00,22.34000015258789,22.530000686645508,20.25,21.260000228881836,14.599781036376953,13772500,0.0,0.0
2016-02-17 00:00:00-05:00,20.40999984741211,20.829999923706055,18.3799991607666,20.329999923706055,13.9611234664917,30662900,0.0,0.0
2016-02-18 00:00:00-05:00,19.209999084472656,20.40999984741211,18.989999771118164,19.700000762939453,13.52849006652832,97177500,0.0,0.0
2016-02-19 00:00:00-05:00,19.25,19.309999465942383,18.06999969482422,18.649999618530273,12.807426452636719,33916500,0.0,0.0
2016-02-22 00:00:00-05:00,18.649999618530273,20.5,18.649999618530273,20.299999237060547,13.940522193908691,24330200,0.0,0.0
2016-02-23 00:00:00-05:00,20.079999923706055,20.389999389648438,18.889999389648438,18.90999984741211,12.985974311828613,19387700,0.0,0.0
2016-02-24 00:00:00-05:00,18.459999084472656,19.5,18.219999313354492,19.40999984741211,13.32933521270752,17820900,0.0,0.0
2016-02-25 00:00:00-05:00,19.450000762939453,19.950000762939453,18.850000381469727,19.559999465942383,13.432343482971191,16421600,0.0,0.0
2016-02-26 00:00:00-05:00,20.3700008392334,20.579999923706055,19.84000015258789,20.290000915527344,13.933652877807617,24943100,0.0,0.0
2016-02-29 00:00:00-05:00,20.420000076293945,20.440000534057617,19.489999771118164,19.68000030517578,13.514749526977539,17878000,0.0,0.0
2016-03-01 00:00:00-05:00,19.989999771118164,20.0,18.559999465942383,19.219999313354492,13.198857307434082,22698700,0.0,0.0
2016-03-02 00:00:00-05:00,19.059999465942383,21.540000915527344,18.850000381469727,21.520000457763672,14.778329849243164,20265900,0.0,0.0
2016-03-03 00:00:00-05:00,21.389999389648438,22.510000228881836,21.190000534057617,22.0,15.107955932617188,17474400,0.0,0.0
2016-03-04 00:00:00-05:00,22.510000228881836,24.040000915527344,21.450000762939453,23.309999465942383,16.00756072998047,21258900,0.0,0.0
2016-03-07 00:00:00-05:00,23.299999237060547,24.719999313354492,23.290000915527344,24.190000534057617,16.611881256103516,21885000,0.0,0.0
2016-03-08 00:00:00-05:00,23.90999984741211,23.90999984741211,21.440000534057617,21.469999313354492,14.743988990783691,16059700,0.0,0.0
2016-03-09 00:00:00-05:00,22.06999969482422,23.440000534057617,21.5,22.93000030517578,15.746610641479492,14397800,0.0,0.0
2016-03-10 00:00:00-05:00,22.68000030517578,22.770000457763672,21.149999618530273,22.479999542236328,15.43758773803711,18339500,0.0,0.0
2016-03-11 00:00:00-05:00,23.3700008392334,25.040000915527344,23.309999465942383,24.780000686645508,17.2006893157959,19564400,0.24,0.0
2016-03-14 00:00:00-04:00,24.020000457763672,24.959999084472656,23.799999237060547,24.790000915527344,17.207622528076172,12254800,0.0,0.0
2016-03-15 00:00:00-04:00,24.299999237060547,24.600000381469727,23.1299991607666,24.09000015258789,16.72173500061035,12384600,0.0,0.0
2016-03-16 00:00:00-04:00,24.360000610351562,26.239999771118164,24.209999084472656,26.219999313354492,18.200244903564453,15702000,0.0,0.0
2016-03-17 00:00:00-04:00,27.030000686645508,28.06999969482422,26.329999923706055,27.399999618530273,19.019319534301758,17461800,0.0,0.0
2016-03-18 00:00:00-04:00,27.93000030517578,28.559999465942383,26.450000762939453,27.540000915527344,19.116500854492188,26829400,0.0,0.0
2016-03-21 00:00:00-04:00,27.290000915527344,28.850000381469727,27.06999969482422,28.020000457763672,19.449689865112305,13667600,0.0,0.0
2016-03-22 00:00:00-04:00,27.56999969482422,28.6299991607666,27.5,28.010000228881836,19.4427433013916,10769100,0.0,0.0
2016-03-23 00:00:00-04:00,27.59000015258789,27.8700008392334,25.450000762939453,25.760000228881836,17.880943298339844,14814600,0.0,0.0
2016-03-24 00:00:00-04:00,24.8799991607666,26.6299991607666,24.600000381469727,26.469999313354492,18.373781204223633,12753400,0.0,0.0
2016-03-28 00:00:00-04:00,26.540000915527344,26.610000610351562,25.219999313354492,25.84000015258789,17.93647003173828,9698900,0.0,0.0
2016-03-29 00:00:00-04:00,25.280000686645508,26.170000076293945,24.579999923706055,26.09000015258789,18.110004425048828,12580000,0.0,0.0
2016-03-30 00:00:00-04:00,26.56999969482422,26.969999313354492,25.65999984741211,26.200000762939453,18.186363220214844,10610500,0.0,0.0
2016-03-31 00:00:00-04:00,26.020000457763672,27.5,25.889999389648438,27.440000534057617,19.047088623046875,11418900,0.0,0.0
2016-04-01 00:00:00-04:00,26.389999389648438,26.8700008392334,25.600000381469727,26.610000610351562,18.470958709716797,15199900,0.0,0.0
2016-04-04 00:00:00-04:00,26.719999313354492,27.290000915527344,25.940000534057617,26.049999237060547,18.082237243652344,8820200,0.0,0.0
2016-04-05 00:00:00-04:00,25.610000610351562,26.84000015258789,25.549999237060547,26.389999389648438,18.31824493408203,10035400,0.0,0.0
2016-04-06 00:00:00-04:00,26.889999389648438,27.959999084472656,26.280000686645508,27.559999465942383,19.130386352539062,12189100,0.0,0.0
2016-04-07 00:00:00-04:00,27.360000610351562,28.25,27.149999618530273,27.600000381469727,19.158151626586914,10606900,0.0,0.0
2016-04-08 00:00:00-04:00,28.600000381469727,29.3700008392334,28.450000762939453,28.770000457763672,19.97028923034668,9888100,0.0,0.0
2016-04-11 00:00:00-04:00,29.010000228881836,29.700000762939453,28.90999984741211,29.049999237060547,20.164649963378906,8342400,0.0,0.0
2016-04-12 00:00:00-04:00,29.790000915527344,31.260000228881836,29.290000915527344,30.959999084472656,21.490447998046875,16470200,0.0,0.0
2016-04-13 00:00:00-04:00,30.760000228881836,31.280000686645508,30.079999923706055,30.959999084472656,21.490447998046875,13266200,0.0,0.0
2016-04-14 00:00:00-04:00,31.18000030517578,31.40999984741211,30.579999923706055,31.350000381469727,21.76116180419922,10436500,0.0,0.0
2016-04-15 00:00:00-04:00,31.010000228881836,31.649999618530273,30.43000030517578,31.399999618530273,21.79587173461914,10890900,0.0,0.0
2016-04-18 00:00:00-04:00,29.969999313354492,32.290000915527344,29.729999542236328,32.0,22.21234893798828,10880100,0.0,0.0
2016-04-19 00:00:00-04:00,32.900001525878906,33.95000076293945,32.45000076293945,33.619998931884766,23.336851119995117,11769100,0.0,0.0
2016-04-20 00:00:00-04:00,33.0,35.369998931884766,32.61000061035156,34.75,24.1212215423584,12902400,0.0,0.0
2016-04-21 00:00:00-04:00,34.86000061035156,35.25,33.81999969482422,33.93000030517578,23.552032470703125,14104500,0.0,0.0
2016-04-22 00:00:00-04:00,34.27000045776367,35.540000915527344,34.2599983215332,35.20000076293945,24.433591842651367,11294700,0.0,0.0
2016-04-25 00:00:00-04:00,34.959999084472656,35.18000030517578,33.560001373291016,33.95000076293945,23.56591033935547,11134700,0.0,0.0
2016-04-26 00:00:00-04:00,34.349998474121094,34.9900016784668,33.90999984741211,34.619998931884766,24.030977249145508,10971400,0.0,0.0
2016-04-27 00:00:00-04:00,34.900001525878906,37.18000030517578,34.900001525878906,36.90999984741211,25.620555877685547,14921700,0.0,0.0
2016-04-28 00:00:00-04:00,36.45000076293945,37.66999816894531,35.900001525878906,36.11000061035156,25.065250396728516,12081400,0.0,0.0
2016-04-29 00:00:00-04:00,36.540000915527344,36.95000076293945,33.81999969482422,34.68000030517578,24.072633743286133,17332000,0.0,0.0
2016-05-02 00:00:00-04:00,34.43000030517578,34.84000015258789,33.5,34.560001373291016,23.989337921142578,9928100,0.0,0.0
2016-05-03 00:00:00-04:00,33.790000915527344,33.97999954223633,32.400001525878906,32.75,22.732946395874023,12722900,0.0,0.0
2016-05-04 00:00:00-04:00,33.939998626708984,34.25,30.280000686645508,31.309999465942383,21.73339080810547,18024300,0.0,0.0
2016-05-05 00:00:00-04:00,32.4900016784668,32.939998626708984,30.709999084472656,31.200000762939453,21.657039642333984,11039800,0.0,0.0
2016-05-06 00:00:00-04:00,30.719999313354492,32.34000015258789,30.549999237060547,31.399999618530273,21.79587173461914,10078600,0.0,0.0
2016-05-09 00:00:00-04:00,31.0,31.06999969482422,29.600000381469727,30.040000915527344,20.851842880249023,9751500,0.0,0.0
2016-05-10 00:00:00-04:00,30.399999618530273,31.559999465942383,30.110000610351562,31.540000915527344,21.89304542541504,7598600,0.0,0.0
2016-05-11 00:00:00-04:00,31.239999771118164,33.38999938964844,30.670000076293945,32.540000915527344,22.58718490600586,10725500,0.0,0.0
2016-05-12 00:00:00-04:00,33.70000076293945,34.119998931884766,32.369998931884766,32.709999084472656,22.705183029174805,9704200,0.0,0.0
2016-05-13 00:00:00-04:00,31.889999389648438,33.36000061035156,31.799999237060547,32.52000045776367,22.573301315307617,6731800,0.0,0.0
2016-05-16 00:00:00-04:00,33.47999954223633,34.41999816894531,33.470001220703125,33.790000915527344,23.454849243164062,8588000,0.0,0.0
2016-05-17 00:00:00-04:00,33.88999938964844,35.04999923706055,33.40999984741211,34.630001068115234,24.037931442260742,9807600,0.0,0.0
2016-05-18 00:00:00-04:00,34.459999084472656,34.959999084472656,33.7400016784668,34.119998931884766,23.683916091918945,9747100,0.0,0.0
2016-05-19 00:00:00-04:00,33.54999923706055,34.22999954223633,32.77000045776367,33.900001525878906,23.531206130981445,8081000,0.0,0.0
2016-05-20 00:00:00-04:00,34.27000045776367,34.540000915527344,33.619998931884766,34.25,23.774152755737305,7720300,0.0,0.0
2016-05-23 00:00:00-04:00,33.970001220703125,34.7400016784668,33.77000045776367,34.540000915527344,23.975452423095703,6494600,0.0,0.0
2016-05-24 00:00:00-04:00,34.790000915527344,35.349998474121094,34.11000061035156,34.4900016784668,23.940746307373047,7883800,0.0,0.0
2016-05-25 00:00:00-04:00,35.0,36.65999984741211,34.77000045776367,36.439998626708984,25.294309616088867,9777800,0.0,0.0
2016-05-26 00:00:00-04:00,36.81999969482422,37.08000183105469,35.849998474121094,35.900001525878906,24.91948127746582,7546100,0.0,0.0
2016-05-27 00:00:00-04:00,35.560001373291016,35.93000030517578,35.099998474121094,35.900001525878906,24.91948127746582,5385500,0.0,0.0
2016-05-31 00:00:00-04:00,36.189998626708984,37.15999984741211,35.880001068115234,36.09000015258789,25.05136489868164,6883100,0.0,0.0
2016-06-01 00:00:00-04:00,35.369998931884766,36.16999816894531,34.88999938964844,36.150001525878906,25.093006134033203,8027500,0.0,0.0
2016-06-02 00:00:00-04:00,35.439998626708984,36.81999969482422,35.38999938964844,36.810001373291016,25.5511474609375,6622900,0.0,0.0
2016-06-03 00:00:00-04:00,36.88999938964844,37.439998626708984,35.599998474121094,35.91999816894531,24.933359146118164,6990300,0.0,0.0
2016-06-06 00:00:00-04:00,37.2599983215332,37.689998626708984,36.65999984741211,37.560001373291016,26.071744918823242,7977200,0.0,0.0
2016-06-07 00:00:00-04:00,37.959999084472656,39.099998474121094,37.81999969482422,38.7599983215332,26.904708862304688,9766400,0.0,0.0
2016-06-08 00:00:00-04:00,39.13999938964844,39.470001220703125,37.4900016784668,37.58000183105469,26.08562660217285,9518100,0.0,0.0
2016-06-09 00:00:00-04:00,36.939998626708984,37.630001068115234,36.43000030517578,37.45000076293945,25.99538803100586,5823500,0.0,0.0
2016-06-10 00:00:00-04:00,36.56999969482422,36.81999969482422,34.849998474121094,35.119998931884766,24.3780517578125,8044300,0.0,0.0
2016-06-13 00:00:00-04:00,34.84000015258789,36.529998779296875,34.779998779296875,35.779998779296875,24.878686904907227,7993900,0.06,0.0
2016-06-14 00:00:00-04:00,35.599998474121094,36.43000030517578,34.52000045776367,35.54999923706055,24.71876335144043,7375800,0.0,0.0
2016-06-15 00:00:00-04:00,35.41999816894531,36.0099983215332,34.66999816894531,35.09000015258789,24.398910522460938,7003900,0.0,0.0
2016-06-16 00:00:00-04:00,34.959999084472656,35.400001525878906,33.61000061035156,34.79999923706055,24.197269439697266,17231400,0.0,0.0
2016-06-17 00:00:00-04:00,35.279998779296875,36.439998626708984,35.150001525878906,35.97999954223633,25.01774787902832,13328500,0.0,0.0
2016-06-20 00:00:00-04:00,36.79999923706055,37.7599983215332,36.7400016784668,37.31999969482422,25.94948959350586,9509700,0.0,0.0
2016-06-21 00:00:00-04:00,37.16999816894531,38.41999816894531,36.7599983215332,38.189998626708984,26.55441665649414,7597400,0.0,0.0
2016-06-22 00:00:00-04:00,38.540000915527344,38.90999984741211,37.560001373291016,37.939998626708984,26.38057518005371,6678300,0.0,0.0
2016-06-23 00:00:00-04:00,38.439998626708984,38.86000061035156,38.060001373291016,38.79999923706055,26.978559494018555,5841200,0.0,0.0
2016-06-24 00:00:00-04:00,36.43000030517578,37.7599983215332,35.650001525878906,35.849998474121094,24.927356719970703,18759500,0.0,0.0
2016-06-27 00:00:00-04:00,35.16999816894531,35.34000015258789,32.810001373291016,33.75,23.467180252075195,15020900,0.0,0.0
2016-06-28 00:00:00-04:00,35.02000045776367,36.130001068115234,34.880001068115234,35.9900016784668,25.024707794189453,8328700,0.0,0.0
2016-06-29 00:00:00-04:00,36.61000061035156,37.150001525878906,36.31999969482422,36.689998626708984,25.511430740356445,6788500,0.0,0.0
2016-06-30 00:00:00-04:00,36.540000915527344,36.790000915527344,35.81999969482422,36.25,25.205493927001953,6254100,0.0,0.0
2016-07-01 00:00:00-04:00,35.97999954223633,37.63999938964844,35.880001068115234,37.45000076293945,26.039880752563477,7255300,0.0,0.0
2016-07-05 00:00:00-04:00,36.43000030517578,36.72999954223633,35.470001220703125,36.150001525878906,25.135953903198242,6408600,0.0,0.0
2016-07-06 00:00:00-04:00,35.83000183105469,37.02000045776367,35.68000030517578,36.97999954223633,25.71307373046875,6966500,0.0,0.0
2016-07-07 00:00:00-04:00,37.540000915527344,38.38999938964844,36.349998474121094,36.810001373291016,25.59487533569336,7558900,0.0,0.0
2016-07-08 00:00:00-04:00,37.58000183105469,37.90999984741211,36.63999938964844,37.58000183105469,26.13027000427246,5699800,0.0,0.0
2016-07-11 00:00:00-04:00,38.099998474121094,38.459999084472656,37.619998931884766,37.66999816894531,26.19285011291504,5611900,0.0,0.0
2016-07-12 00:00:00-04:00,38.81999969482422,40.29999923706055,38.619998931884766,40.0099983215332,27.819904327392578,8801300,0.0,0.0
2016-07-13 00:00:00-04:00,40.040000915527344,40.25,38.18000030517578,39.0,27.117631912231445,6592900,0.0,0.0
2016-07-14 00:00:00-04:00,39.83000183105469,39.900001525878906,38.279998779296875,38.38999938964844,26.693483352661133,6364100,0.0,0.0
2016-07-15 00:00:00-04:00,38.59000015258789,39.0099983215332,37.91999816894531,38.290000915527344,26.623950958251953,5250900,0.0,0.0
2016-07-18 00:00:00-04:00,37.880001068115234,38.380001068115234,37.380001068115234,38.11000061035156,26.498788833618164,5425600,0.0,0.0
2016-07-19 00:00:00-04:00,38.33000183105469,38.4900016784668,37.650001525878906,37.75,26.24846839904785,5817200,0.0,0.0
2016-07-20 00:00:00-04:00,37.310001373291016,38.31999969482422,36.779998779296875,37.959999084472656,26.39449119567871,6062000,0.0,0.0
2016-07-21 00:00:00-04:00,37.959999084472656,38.90999984741211,37.2599983215332,37.33000183105469,25.956439971923828,5794200,0.0,0.0
2016-07-22 00:00:00-04:00,37.599998474121094,37.93000030517578,37.220001220703125,37.75,26.24846839904785,4792500,0.0,0.0
2016-07-25 00:00:00-04:00,37.34000015258789,37.439998626708984,36.0,36.08000183105469,25.087282180786133,6405100,0.0,0.0
2016-07-26 00:00:00-04:00,36.06999969482422,37.7400016784668,36.0,37.459999084472656,26.046831130981445,11555500,0.0,0.0
2016-07-27 00:00:00-04:00,37.81999969482422,38.470001220703125,35.900001525878906,36.130001068115234,25.12204933166504,11405300,0.0,0.0
2016-07-28 00:00:00-04:00,36.209999084472656,36.63999938964844,35.65999984741211,36.130001068115234,25.12204933166504,6028500,0.0,0.0
2016-07-29 00:00:00-04:00,35.939998626708984,38.36000061035156,35.61000061035156,38.279998779296875,26.616994857788086,10235300,0.0,0.0
2016-08-01 00:00:00-04:00,37.7400016784668,37.7599983215332,35.7400016784668,35.90999984741211,24.96907615661621,8791900,0.0,0.0
2016-08-02 00:00:00-04:00,36.220001220703125,36.849998474121094,35.0099983215332,36.119998931884766,25.115097045898438,9254100,0.0,0.0
2016-08-03 00:00:00-04:00,36.119998931884766,38.130001068115234,35.540000915527344,38.0,26.422304153442383,11775400,0.0,0.0
2016-08-04 00:00:00-04:00,37.79999923706055,38.88999938964844,37.279998779296875,38.61000061035156,26.846450805664062,9601100,0.0,0.0
2016-08-05 00:00:00-04:00,38.66999816894531,39.68000030517578,38.060001373291016,39.5099983215332,27.472246170043945,6639500,0.0,0.0
2016-08-08 00:00:00-04:00,40.0,41.099998474121094,39.84000015258789,40.20000076293945,27.95201873779297,9180300,0.0,0.0
2016-08-09 00:00:00-04:00,40.5,40.77000045776367,39.650001525878906,39.900001525878906,27.74341583251953,4908000,0.0,0.0
2016-08-10 00:00:00-04:00,40.150001525878906,40.41999816894531,39.400001525878906,39.56999969482422,27.513967514038086,4835300,0.0,0.0
2016-08-11 00:00:00-04:00,40.09000015258789,41.65999984741211,39.599998474121094,41.310001373291016,28.72382164001465,7407000,0.0,0.0
2016-08-12 00:00:00-04:00,41.56999969482422,42.099998474121094,41.369998931884766,41.66999816894531,28.97414779663086,4589800,0.0,0.0
2016-08-15 00:00:00-04:00,42.150001525878906,42.68000030517578,41.849998474121094,41.959999084472656,29.175792694091797,3928800,0.0,0.0
2016-08-16 00:00:00-04:00,42.72999954223633,42.77000045776367,41.58000183105469,42.470001220703125,29.5304012298584,7562300,0.0,0.0
2016-08-17 00:00:00-04:00,42.470001220703125,43.40999984741211,42.0099983215332,43.310001373291016,30.114473342895508,7074400,0.0,0.0
2016-08-18 00:00:00-04:00,43.65999984741211,45.0099983215332,43.65999984741211,44.7599983215332,31.1226863861084,6775400,0.0,0.0
2016-08-19 00:00:00-04:00,44.470001220703125,44.72999954223633,43.86000061035156,44.33000183105469,30.82370948791504,4460600,0.0,0.0
2016-08-22 00:00:00-04:00,43.650001525878906,44.439998626708984,43.400001525878906,44.099998474121094,30.663774490356445,4682800,0.0,0.0
2016-08-23 00:00:00-04:00,43.709999084472656,45.45000076293945,43.709999084472656,45.22999954223633,31.449501037597656,5730900,0.0,0.0
2016-08-24 00:00:00-04:00,44.84000015258789,45.380001068115234,44.310001373291016,44.5099983215332,30.9488582611084,4770200,0.0,0.0
2016-08-25 00:00:00-04:00,44.5099983215332,45.0,43.939998626708984,44.380001068115234,30.858469009399414,4122700,0.0,0.0
2016-08-26 00:00:00-04:00,44.58000183105469,45.22999954223633,44.099998474121094,44.43000030517578,30.893234252929688,4760500,0.0,0.0
2016-08-29 00:00:00-04:00,44.38999938964844,45.060001373291016,44.220001220703125,45.0099983215332,31.29652214050293,5571300,0.0,0.0
2016-08-30 00:00:00-04:00,45.0099983215332,45.619998931884766,44.029998779296875,44.439998626708984,30.900190353393555,5286700,0.0,0.0
2016-08-31 00:00:00-04:00,43.939998626708984,44.16999816894531,42.7400016784668,43.33000183105469,30.12838363647461,6948600,0.0,0.0
2016-09-01 00:00:00-04:00,43.18000030517578,43.91999816894531,42.83000183105469,43.70000076293945,30.385656356811523,6026800,0.0,0.0
2016-09-02 00:00:00-04:00,44.18000030517578,45.06999969482422,44.040000915527344,44.27000045776367,30.78196907043457,5105900,0.0,0.0
2016-09-06 00:00:00-04:00,44.099998474121094,44.630001068115234,43.59000015258789,44.209999084472656,30.74026107788086,5178800,0.0,0.0
2016-09-07 00:00:00-04:00,44.54999923706055,44.900001525878906,43.77000045776367,44.20000076293945,30.73331069946289,4112800,0.0,0.0
2016-09-08 00:00:00-04:00,44.79999923706055,45.52000045776367,44.209999084472656,45.279998779296875,31.484256744384766,6448900,0.0,0.0
2016-09-09 00:00:00-04:00,44.65999984741211,44.869998931884766,43.209999084472656,43.36000061035156,30.149232864379883,6411600,0.0,0.0
2016-09-12 00:00:00-04:00,42.689998626708984,43.66999816894531,42.02000045776367,43.189998626708984,30.031034469604492,5414700,0.0,0.0
2016-09-13 00:00:00-04:00,42.38999938964844,42.40999984741211,40.900001525878906,41.13999938964844,28.645423889160156,7034900,0.06,0.0
2016-09-14 00:00:00-04:00,40.970001220703125,41.79999923706055,39.90999984741211,40.18000030517578,27.976985931396484,6536100,0.0,0.0
2016-09-15 00:00:00-04:00,40.38999938964844,41.25,40.2599983215332,40.900001525878906,28.47830581665039,4470500,0.0,0.0
2016-09-16 00:00:00-04:00,40.0,41.130001068115234,39.91999816894531,40.9900016784668,28.540979385375977,5589600,0.0,0.0
2016-09-19 00:00:00-04:00,41.540000915527344,41.849998474121094,40.79999923706055,40.849998474121094,28.443485260009766,3869200,0.0,0.0
2016-09-20 00:00:00-04:00,40.84000015258789,41.70000076293945,40.470001220703125,40.65999984741211,28.311193466186523,3887500,0.0,0.0
2016-09-21 00:00:00-04:00,41.2400016784668,42.220001220703125,41.150001525878906,42.16999816894531,29.362594604492188,4746400,0.0,0.0
2016-09-22 00:00:00-04:00,42.90999984741211,43.11000061035156,41.7599983215332,41.880001068115234,29.160663604736328,4600200,0.0,0.0
2016-09-23 00:00:00-04:00,41.56999969482422,41.97999954223633,39.189998626708984,39.540000915527344,27.531352996826172,8050100,0.0,0.0
2016-09-26 00:00:00-04:00,39.810001373291016,40.29999923706055,39.2599983215332,39.63999938964844,27.60097885131836,6357400,0.0,0.0
2016-09-27 00:00:00-04:00,39.0,39.0,37.849998474121094,38.380001068115234,26.72365379333496,8866400,0.0,0.0
2016-09-28 00:00:00-04:00,38.75,41.849998474121094,37.97999954223633,41.58000183105469,28.9517822265625,10634800,0.0,0.0
2016-09-29 00:00:00-04:00,41.75,43.9900016784668,41.54999923706055,43.040000915527344,29.968372344970703,9428300,0.0,0.0
2016-09-30 00:00:00-04:00,43.54999923706055,44.25,42.88999938964844,44.11000061035156,30.713401794433594,5969800,0.0,0.0
2016-10-03 00:00:00-04:00,43.959999084472656,44.34000015258789,43.38999938964844,44.20000076293945,30.776063919067383,4248500,0.0,0.0
2016-10-04 00:00:00-04:00,44.27000045776367,44.5099983215332,42.939998626708984,43.279998779296875,30.135480880737305,3923700,0.0,0.0
2016-10-05 00:00:00-04:00,44.04999923706055,44.939998626708984,43.70000076293945,44.18000030517578,30.76213836669922,6381700,0.0,0.0
2016-10-06 00:00:00-04:00,44.560001373291016,44.83000183105469,43.15999984741211,43.47999954223633,30.274742126464844,5452300,0.0,0.0
2016-10-07 00:00:00-04:00,43.75,43.970001220703125,42.38999938964844,42.810001373291016,29.808238983154297,4907400,0.0,0.0
2016-10-10 00:00:00-04:00,43.4900016784668,44.5,43.25,44.38999938964844,30.908370971679688,4893500,0.0,0.0
2016-10-11 00:00:00-04:00,44.2400016784668,44.34000015258789,43.650001525878906,44.13999938964844,30.734296798706055,4444700,0.0,0.0
2016-10-12 00:00:00-04:00,43.93000030517578,44.70000076293945,43.15999984741211,44.560001373291016,31.026729583740234,6757900,0.0,0.0
2016-10-13 00:00:00-04:00,44.040000915527344,44.7599983215332,43.27000045776367,43.900001525878906,30.567182540893555,4636300,0.0,0.0
2016-10-14 00:00:00-04:00,44.13999938964844,44.4900016784668,43.06999969482422,43.08000183105469,29.9962158203125,3257600,0.0,0.0
2016-10-17 00:00:00-04:00,42.939998626708984,43.15999984741211,41.400001525878906,41.77000045776367,29.084081649780273,6840100,0.0,0.0
2016-10-18 00:00:00-04:00,42.599998474121094,42.7400016784668,41.56999969482422,41.900001525878906,29.17459487915039,5126700,0.0,0.0
2016-10-19 00:00:00-04:00,42.15999984741211,43.5,41.95000076293945,42.959999084472656,29.912662506103516,5655800,0.0,0.0
2016-10-20 00:00:00-04:00,42.2599983215332,43.220001220703125,41.97999954223633,42.939998626708984,29.89874267578125,4258100,0.0,0.0
2016-10-21 00:00:00-04:00,42.41999816894531,43.040000915527344,42.27000045776367,42.689998626708984,29.724668502807617,3173700,0.0,0.0
2016-10-24 00:00:00-04:00,42.54999923706055,42.65999984741211,40.95000076293945,41.720001220703125,29.049270629882812,4414700,0.0,0.0
2016-10-25 00:00:00-04:00,41.41999816894531,41.93000030517578,40.650001525878906,40.66999816894531,28.318157196044922,3670800,0.0,0.0
2016-10-26 00:00:00-04:00,40.09000015258789,40.720001220703125,39.40999984741211,40.20000076293945,27.990901947021484,6910600,0.0,0.0
2016-10-27 00:00:00-04:00,40.459999084472656,41.220001220703125,40.20000076293945,40.459999084472656,28.171934127807617,4303900,0.0,0.0
2016-10-28 00:00:00-04:00,40.439998626708984,40.7400016784668,38.90999984741211,39.18000030517578,27.28069305419922,5872900,0.0,0.0
2016-10-31 00:00:00-04:00,39.04999923706055,39.060001373291016,37.810001373291016,37.88999938964844,26.382471084594727,6902400,0.0,0.0
2016-11-01 00:00:00-04:00,38.470001220703125,38.7599983215332,36.63999938964844,37.689998626708984,26.24321174621582,6471200,0.0,0.0
2016-11-02 00:00:00-04:00,37.33000183105469,39.86000061035156,37.16999816894531,39.54999923706055,27.538314819335938,12156400,0.0,0.0
2016-11-03 00:00:00-04:00,39.880001068115234,41.0,39.81999969482422,40.5099983215332,28.206748962402344,7930300,0.0,0.0
2016-11-04 00:00:00-04:00,40.41999816894531,40.939998626708984,39.630001068115234,40.189998626708984,27.98393440246582,5988300,0.0,0.0
2016-11-07 00:00:00-05:00,41.029998779296875,41.84000015258789,40.970001220703125,41.81999969482422,29.118900299072266,5336900,0.0,0.0
2016-11-08 00:00:00-05:00,41.33000183105469,42.31999969482422,41.220001220703125,41.97999954223633,29.23029899597168,4293300,0.0,0.0
2016-11-09 00:00:00-05:00,41.93000030517578,44.119998931884766,41.810001373291016,43.619998931884766,30.37221908569336,6196300,0.0,0.0
2016-11-10 00:00:00-05:00,43.52000045776367,43.77000045776367,42.2599983215332,43.13999938964844,30.038002014160156,5621600,0.0,0.0
2016-11-11 00:00:00-05:00,42.52000045776367,42.79999923706055,41.09000015258789,41.849998474121094,29.13977813720703,5287900,0.0,0.0
2016-11-14 00:00:00-05:00,41.65999984741211,42.869998931884766,41.18000030517578,42.810001373291016,29.808238983154297,4828100,0.0,0.0
2016-11-15 00:00:00-05:00,43.4900016784668,45.0,43.470001220703125,45.0,31.333097457885742,6640700,0.0,0.0
2016-11-16 00:00:00-05:00,44.779998779296875,45.04999923706055,43.86000061035156,43.97999954223633,30.622882843017578,5611300,0.0,0.0
2016-11-17 00:00:00-05:00,44.369998931884766,44.689998626708984,42.75,42.869998931884766,29.850008010864258,6041600,0.0,0.0
2016-11-18 00:00:00-05:00,43.349998474121094,44.369998931884766,43.20000076293945,43.81999969482422,30.51148223876953,4769900,0.0,0.0
2016-11-21 00:00:00-05:00,44.97999954223633,45.29999923706055,44.40999984741211,44.900001525878906,31.26347541809082,4861900,0.0,0.0
2016-11-22 00:00:00-05:00,45.08000183105469,45.290000915527344,43.59000015258789,44.47999954223633,30.97102928161621,4356400,0.0,0.0
2016-11-23 00:00:00-05:00,44.099998474121094,45.04999923706055,43.75,45.040000915527344,31.360946655273438,2920700,0.0,0.0
2016-11-25 00:00:00-05:00,44.540000915527344,44.810001373291016,43.56999969482422,44.22999954223633,30.796960830688477,1962400,0.0,0.0
2016-11-28 00:00:00-05:00,44.849998474121094,44.97999954223633,42.54999923706055,42.650001525878906,29.696823120117188,5810300,0.0,0.0
2016-11-29 00:00:00-05:00,41.2400016784668,42.40999984741211,40.43000030517578,42.15999984741211,29.355634689331055,7671900,0.0,0.0
2016-11-30 00:00:00-05:00,46.720001220703125,48.709999084472656,46.5099983215332,48.33000183105469,33.651756286621094,17514200,0.0,0.0
2016-12-01 00:00:00-05:00,49.5099983215332,49.59000015258789,47.54999923706055,47.849998474121094,33.317535400390625,7155000,0.0,0.0
2016-12-02 00:00:00-05:00,47.2400016784668,48.790000915527344,47.2400016784668,47.849998474121094,33.317535400390625,4454200,0.0,0.0
2016-12-05 00:00:00-05:00,48.43000030517578,48.90999984741211,47.63999938964844,47.7400016784668,33.24093246459961,4282100,0.0,0.0
2016-12-06 00:00:00-05:00,46.90999984741211,47.959999084472656,45.779998779296875,47.310001373291016,32.94153594970703,5334800,0.0,0.0
2016-12-07 00:00:00-05:00,47.150001525878906,48.13999938964844,46.93000030517578,47.54999923706055,33.108642578125,4936700,0.0,0.0
2016-12-08 00:00:00-05:00,48.099998474121094,48.40999984741211,46.810001373291016,47.7400016784668,33.24093246459961,4987300,0.0,0.0
2016-12-09 00:00:00-05:00,48.279998779296875,48.4900016784668,47.7400016784668,48.06999969482422,33.470703125,3675200,0.0,0.0
2016-12-12 00:00:00-05:00,50.36000061035156,50.689998626708984,47.95000076293945,48.119998931884766,33.50553894042969,7603100,0.0,0.0
2016-12-13 00:00:00-05:00,48.75,48.7599983215332,47.470001220703125,48.189998626708984,33.59614944458008,4485200,0.06,0.0
2016-12-14 00:00:00-05:00,47.5,48.88999938964844,46.81999969482422,47.02000045776367,32.780487060546875,5678900,0.0,0.0
2016-12-15 00:00:00-05:00,46.70000076293945,47.72999954223633,46.41999816894531,47.529998779296875,33.13603210449219,4984000,0.0,0.0
2016-12-16 00:00:00-05:00,47.880001068115234,47.88999938964844,47.029998779296875,47.380001068115234,33.031463623046875,4847600,0.0,0.0
2016-12-19 00:00:00-05:00,47.20000076293945,47.540000915527344,46.7400016784668,47.040000915527344,32.7944221496582,3657500,0.0,0.0
2016-12-20 00:00:00-05:00,47.11000061035156,47.58000183105469,46.5,46.65999984741211,32.52949905395508,3371400,0.0,0.0
2016-12-21 00:00:00-05:00,47.09000015258789,47.20000076293945,46.209999084472656,46.56999969482422,32.466758728027344,2788200,0.0,0.0
2016-12-22 00:00:00-05:00,46.5099983215332,47.630001068115234,46.380001068115234,46.900001525878906,32.69681167602539,4874500,0.0,0.0
2016-12-23 00:00:00-05:00,46.72999954223633,47.20000076293945,46.31999969482422,46.540000915527344,32.44584274291992,2727100,0.0,0.0
2016-12-27 00:00:00-05:00,46.709999084472656,47.029998779296875,46.61000061035156,46.84000015258789,32.65499496459961,1792100,0.0,0.0
2016-12-28 00:00:00-05:00,47.0099983215332,47.20000076293945,46.060001373291016,46.2400016784668,32.236690521240234,2392300,0.0,0.0
2016-12-29 00:00:00-05:00,46.0,46.209999084472656,45.630001068115234,45.95000076293945,32.034515380859375,2111800,0.0,0.0
2016-12-30 00:00:00-05:00,45.95000076293945,46.65999984741211,45.5099983215332,45.66999816894531,31.83932113647461,2871800,0.0,0.0
2017-01-03 00:00:00-05:00,46.81999969482422,47.560001373291016,45.619998931884766,47.08000183105469,32.82230758666992,5828600,0.0,0.0
2017-01-04 00:00:00-05:00,46.939998626708984,47.529998779296875,46.4900016784668,47.5,33.11512756347656,3706200,0.0,0.0
2017-01-05 00:00:00-05:00,47.72999954223633,49.45000076293945,47.66999816894531,49.0099983215332,34.16782760620117,7513000,0.0,0.0
2017-01-06 00:00:00-05:00,49.029998779296875,49.25,48.43000030517578,48.66999816894531,33.93079376220703,3193900,0.0,0.0
2017-01-09 00:00:00-05:00,48.06999969482422,48.18000030517578,46.5099983215332,46.58000183105469,32.47372817993164,5736100,0.0,0.0
2017-01-10 00:00:00-05:00,46.970001220703125,47.22999954223633,46.45000076293945,46.70000076293945,32.557395935058594,4642700,0.0,0.0
2017-01-11 00:00:00-05:00,46.459999084472656,47.459999084472656,46.25,47.400001525878906,33.04539489746094,3997600,0.0,0.0
2017-01-12 00:00:00-05:00,47.68000030517578,47.79999923706055,46.040000915527344,46.459999084472656,32.39006042480469,4433600,0.0,0.0
2017-01-13 00:00:00-05:00,46.099998474121094,46.7400016784668,45.93000030517578,46.40999984741211,32.35519790649414,3081600,0.0,0.0
2017-01-17 00:00:00-05:00,46.56999969482422,47.18000030517578,46.349998474121094,46.47999954223633,32.40400695800781,3376800,0.0,0.0
2017-01-18 00:00:00-05:00,45.9900016784668,46.41999816894531,45.529998779296875,46.36000061035156,32.32035827636719,3653500,0.0,0.0
2017-01-19 00:00:00-05:00,46.4900016784668,46.65999984741211,45.86000061035156,46.09000015258789,32.13212585449219,2602700,0.0,0.0
2017-01-20 00:00:00-05:00,46.790000915527344,46.95000076293945,46.0099983215332,46.2599983215332,32.250640869140625,3571300,0.0,0.0
2017-01-23 00:00:00-05:00,45.790000915527344,46.099998474121094,45.119998931884766,45.630001068115234,31.811445236206055,4985300,0.0,0.0
2017-01-24 00:00:00-05:00,46.08000183105469,46.88999938964844,45.88999938964844,46.59000015258789,32.480712890625,3185600,0.0,0.0
2017-01-25 00:00:00-05:00,46.630001068115234,47.029998779296875,46.13999938964844,46.459999084472656,32.39006042480469,4992600,0.0,0.0
2017-01-26 00:00:00-05:00,46.810001373291016,47.81999969482422,46.66999816894531,47.150001525878906,32.8711051940918,3018000,0.0,0.0
2017-01-27 00:00:00-05:00,46.779998779296875,46.88999938964844,46.2599983215332,46.63999938964844,32.51556396484375,2726400,0.0,0.0
2017-01-30 00:00:00-05:00,46.5099983215332,46.5099983215332,44.41999816894531,45.06999969482422,31.4210147857666,4126000,0.0,0.0
2017-01-31 00:00:00-05:00,45.189998626708984,45.560001373291016,44.58000183105469,45.540000915527344,31.748687744140625,3493600,0.0,0.0
2017-02-01 00:00:00-05:00,45.97999954223633,46.189998626708984,44.84000015258789,45.540000915527344,31.748687744140625,3566600,0.0,0.0
2017-02-02 00:00:00-05:00,45.540000915527344,45.97999954223633,44.849998474121094,45.650001525878906,31.825374603271484,3269900,0.0,0.0
2017-02-03 00:00:00-05:00,45.58000183105469,47.16999816894531,45.540000915527344,46.790000915527344,32.62013244628906,3824700,0.0,0.0
2017-02-06 00:00:00-05:00,46.66999816894531,46.880001068115234,45.189998626708984,45.27000045776367,31.560449600219727,3629400,0.0,0.0
2017-02-07 00:00:00-05:00,44.880001068115234,45.349998474121094,43.869998931884766,44.13999938964844,30.772655487060547,3854600,0.0,0.0
2017-02-08 00:00:00-05:00,43.59000015258789,44.72999954223633,43.119998931884766,44.060001373291016,30.71689224243164,4356100,0.0,0.0
2017-02-09 00:00:00-05:00,44.63999938964844,44.93000030517578,44.279998779296875,44.75,31.197921752929688,2915000,0.0,0.0
2017-02-10 00:00:00-05:00,45.02000045776367,45.939998626708984,45.0,45.40999984741211,31.65804672241211,3445000,0.0,0.0
2017-02-13 00:00:00-05:00,45.06999969482422,45.65999984741211,44.70000076293945,45.2599983215332,31.553482055664062,3261700,0.0,0.0
2017-02-14 00:00:00-05:00,45.68000030517578,45.9900016784668,44.66999816894531,45.939998626708984,32.027549743652344,3360600,0.0,0.0
2017-02-15 00:00:00-05:00,46.29999923706055,47.25,43.81999969482422,44.22999954223633,30.835407257080078,9506800,0.0,0.0
2017-02-16 00:00:00-05:00,44.439998626708984,45.22999954223633,44.029998779296875,44.11000061035156,30.751747131347656,6199400,0.0,0.0
2017-02-17 00:00:00-05:00,43.880001068115234,44.27000045776367,43.61000061035156,44.16999816894531,30.793577194213867,3362900,0.0,0.0
2017-02-21 00:00:00-05:00,44.560001373291016,45.619998931884766,44.36000061035156,45.060001373291016,31.414045333862305,4971900,0.0,0.0
2017-02-22 00:00:00-05:00,44.5,44.970001220703125,43.709999084472656,43.7599983215332,30.507741928100586,4805800,0.0,0.0
2017-02-23 00:00:00-05:00,44.849998474121094,44.95000076293945,43.4900016784668,43.9900016784668,30.668094635009766,4982400,0.0,0.0
2017-02-24 00:00:00-05:00,43.5,43.88999938964844,42.560001373291016,42.810001373291016,29.845443725585938,4574400,0.0,0.0
2017-02-27 00:00:00-05:00,43.06999969482422,43.45000076293945,42.630001068115234,43.060001373291016,30.019729614257812,7623600,0.0,0.0
2017-02-28 00:00:00-05:00,42.95000076293945,43.84000015258789,42.86000061035156,43.36000061035156,30.22886848449707,5194200,0.0,0.0
2017-03-01 00:00:00-05:00,43.95000076293945,44.77000045776367,43.56999969482422,44.630001068115234,31.114269256591797,4669400,0.0,0.0
2017-03-02 00:00:00-05:00,43.9900016784668,44.150001525878906,43.34000015258789,43.470001220703125,30.305553436279297,4393000,0.0,0.0
2017-03-03 00:00:00-05:00,43.70000076293945,43.9900016784668,43.189998626708984,43.349998474121094,30.221899032592773,2677300,0.0,0.0
2017-03-06 00:00:00-05:00,43.349998474121094,44.0,42.90999984741211,43.939998626708984,30.633224487304688,5376700,0.0,0.0
2017-03-07 00:00:00-05:00,44.27000045776367,44.33000183105469,43.310001373291016,43.560001373291016,30.36830711364746,2843100,0.0,0.0
2017-03-08 00:00:00-05:00,43.04999923706055,43.2599983215332,40.47999954223633,40.720001220703125,28.38836669921875,7773200,0.0,0.0
2017-03-09 00:00:00-05:00,40.27000045776367,41.040000915527344,39.47999954223633,40.77000045776367,28.4232234954834,8696700,0.0,0.0
2017-03-10 00:00:00-05:00,41.279998779296875,41.33000183105469,39.849998474121094,40.2599983215332,28.067668914794922,5036000,0.0,0.0
2017-03-13 00:00:00-04:00,40.04999923706055,41.18000030517578,40.04999923706055,40.959999084472656,28.598308563232422,4366700,0.06,0.0
2017-03-14 00:00:00-04:00,40.29999923706055,40.31999969482422,38.689998626708984,40.02000045776367,27.942001342773438,5860400,0.0,0.0
2017-03-15 00:00:00-04:00,40.47999954223633,41.27000045776367,40.13999938964844,41.119998931884766,28.710018157958984,3497700,0.0,0.0
2017-03-16 00:00:00-04:00,41.11000061035156,41.13999938964844,40.5099983215332,40.720001220703125,28.43074607849121,2900200,0.0,0.0
2017-03-17 00:00:00-04:00,40.90999984741211,41.189998626708984,40.4900016784668,40.540000915527344,28.305068969726562,5180900,0.0,0.0
2017-03-20 00:00:00-04:00,40.02000045776367,40.68000030517578,39.849998474121094,40.540000915527344,28.305068969726562,3295900,0.0,0.0
2017-03-21 00:00:00-04:00,40.58000183105469,40.81999969482422,39.5099983215332,39.79999923706055,27.788393020629883,3960500,0.0,0.0
2017-03-22 00:00:00-04:00,39.41999816894531,40.15999984741211,38.9900016784668,39.34000015258789,27.467226028442383,4561800,0.0,0.0
2017-03-23 00:00:00-04:00,39.18000030517578,39.68000030517578,38.91999816894531,39.09000015258789,27.292678833007812,4051900,0.0,0.0
2017-03-24 00:00:00-04:00,39.209999084472656,39.459999084472656,38.65999984741211,38.79999923706055,27.090192794799805,4148600,0.0,0.0
2017-03-27 00:00:00-04:00,38.25,39.029998779296875,38.02000045776367,38.880001068115234,27.146053314208984,4048000,0.0,0.0
2017-03-28 00:00:00-04:00,39.25,39.810001373291016,38.84000015258789,39.619998931884766,27.66271209716797,4889600,0.0,0.0
2017-03-29 00:00:00-04:00,39.70000076293945,41.27000045776367,39.58000183105469,41.220001220703125,28.779836654663086,5821400,0.0,0.0
2017-03-30 00:00:00-04:00,41.720001220703125,42.0099983215332,41.119998931884766,41.45000076293945,28.9404354095459,6667200,0.0,0.0
2017-03-31 00:00:00-04:00,41.20000076293945,41.95000076293945,41.06999969482422,41.720001220703125,29.128944396972656,4806900,0.0,0.0
2017-04-03 00:00:00-04:00,41.70000076293945,42.31999969482422,41.2599983215332,42.029998779296875,29.345382690429688,4297400,0.0,0.0
2017-04-04 00:00:00-04:00,42.060001373291016,42.52000045776367,41.5099983215332,42.4900016784668,29.666555404663086,3850600,0.0,0.0
2017-04-05 00:00:00-04:00,42.95000076293945,43.52000045776367,41.439998626708984,41.52000045776367,28.98929786682129,5680800,0.0,0.0
2017-04-06 00:00:00-04:00,41.91999816894531,43.15999984741211,41.75,42.880001068115234,29.938852310180664,6989800,0.0,0.0
2017-04-07 00:00:00-04:00,42.810001373291016,43.099998474121094,42.4900016784668,42.540000915527344,29.701459884643555,3710100,0.0,0.0
2017-04-10 00:00:00-04:00,42.88999938964844,43.220001220703125,42.7400016784668,43.060001373291016,30.064533233642578,3184500,0.0,0.0
2017-04-11 00:00:00-04:00,42.86000061035156,42.9900016784668,41.95000076293945,42.52000045776367,29.687509536743164,7316600,0.0,0.0
2017-04-12 00:00:00-04:00,42.52000045776367,42.970001220703125,41.720001220703125,41.869998931884766,29.233673095703125,3899900,0.0,0.0
2017-04-13 00:00:00-04:00,42.0,42.34000015258789,40.470001220703125,40.650001525878906,28.38187026977539,4507500,0.0,0.0
2017-04-17 00:00:00-04:00,40.619998931884766,41.029998779296875,39.93000030517578,41.0099983215332,28.633211135864258,4373800,0.0,0.0
2017-04-18 00:00:00-04:00,40.630001068115234,41.25,40.2599983215332,40.529998779296875,28.29808235168457,4158700,0.0,0.0
2017-04-19 00:00:00-04:00,40.63999938964844,40.84000015258789,39.09000015258789,39.25,27.404380798339844,4839900,0.0,0.0
2017-04-20 00:00:00-04:00,39.459999084472656,39.939998626708984,39.34000015258789,39.70000076293945,27.71858024597168,3502200,0.0,0.0
2017-04-21 00:00:00-04:00,39.439998626708984,39.869998931884766,38.95000076293945,39.72999954223633,27.73951530456543,4301300,0.0,0.0
2017-04-24 00:00:00-04:00,40.08000183105469,40.279998779296875,39.59000015258789,39.81999969482422,27.802358627319336,3609500,0.0,0.0
2017-04-25 00:00:00-04:00,39.810001373291016,40.68000030517578,39.65999984741211,40.59000015258789,28.339969635009766,3726800,0.0,0.0
2017-04-26 00:00:00-04:00,40.13999938964844,41.290000915527344,40.09000015258789,40.59000015258789,28.339969635009766,4127100,0.0,0.0
2017-04-27 00:00:00-04:00,40.150001525878906,40.310001373291016,39.060001373291016,39.349998474121094,27.474205017089844,5109800,0.0,0.0
2017-04-28 00:00:00-04:00,39.650001525878906,40.02000045776367,39.25,39.4900016784668,27.57194709777832,3662100,0.0,0.0
2017-05-01 00:00:00-04:00,39.470001220703125,39.70000076293945,39.16999816894531,39.310001373291016,27.4462833404541,2950600,0.0,0.0
2017-05-02 00:00:00-04:00,39.29999923706055,39.720001220703125,38.400001525878906,38.849998474121094,27.125106811523438,5262900,0.0,0.0
2017-05-03 00:00:00-04:00,39.0,39.13999938964844,37.599998474121094,38.16999816894531,26.650325775146484,7651000,0.0,0.0
2017-05-04 00:00:00-04:00,37.77000045776367,37.77000045776367,36.560001373291016,36.97999954223633,25.819469451904297,7536100,0.0,0.0
2017-05-05 00:00:00-04:00,37.20000076293945,38.06999969482422,36.91999816894531,38.02000045776367,26.545597076416016,4874000,0.0,0.0
2017-05-08 00:00:00-04:00,37.93000030517578,38.41999816894531,37.59000015258789,38.15999984741211,26.643346786499023,4135700,0.0,0.0
2017-05-09 00:00:00-04:00,38.220001220703125,38.29999923706055,37.61000061035156,37.88999938964844,26.4548397064209,3550400,0.0,0.0
2017-05-10 00:00:00-04:00,38.439998626708984,39.11000061035156,38.189998626708984,38.540000915527344,26.908658981323242,5631500,0.0,0.0
2017-05-11 00:00:00-04:00,38.72999954223633,38.849998474121094,37.869998931884766,37.95000076293945,26.496721267700195,3640900,0.0,0.0
2017-05-12 00:00:00-04:00,37.84000015258789,38.09000015258789,37.540000915527344,37.86000061035156,26.433881759643555,3000900,0.0,0.0
2017-05-15 00:00:00-04:00,38.75,38.959999084472656,37.7599983215332,38.15999984741211,26.643346786499023,4222800,0.0,0.0
2017-05-16 00:00:00-04:00,38.18000030517578,38.34000015258789,37.650001525878906,37.91999816894531,26.47577667236328,3761500,0.0,0.0
2017-05-17 00:00:00-04:00,37.91999816894531,38.13999938964844,37.2400016784668,37.349998474121094,26.077800750732422,4631300,0.0,0.0
2017-05-18 00:00:00-04:00,37.0,37.5,36.7599983215332,36.900001525878906,25.76361083984375,5053700,0.0,0.0
2017-05-19 00:00:00-04:00,37.15999984741211,38.4900016784668,37.119998931884766,38.38999938964844,26.803932189941406,4251500,0.0,0.0
2017-05-22 00:00:00-04:00,38.63999938964844,38.790000915527344,37.869998931884766,38.08000183105469,26.587488174438477,3904800,0.0,0.0
2017-05-23 00:00:00-04:00,38.0099983215332,38.189998626708984,37.599998474121094,37.81999969482422,26.40595817565918,3212400,0.0,0.0
2017-05-24 00:00:00-04:00,37.630001068115234,37.880001068115234,36.75,37.130001068115234,25.924196243286133,5043400,0.0,0.0
2017-05-25 00:00:00-04:00,37.0,37.7599983215332,35.58000183105469,35.72999954223633,24.94671630859375,5323300,0.0,0.0
2017-05-26 00:00:00-04:00,35.61000061035156,35.88999938964844,35.220001220703125,35.81999969482422,25.009553909301758,3719600,0.0,0.0
2017-05-30 00:00:00-04:00,35.380001068115234,35.470001220703125,34.29999923706055,34.4900016784668,24.080947875976562,5530200,0.0,0.0
2017-05-31 00:00:00-04:00,33.83000183105469,34.470001220703125,33.380001068115234,33.97999954223633,23.724855422973633,9029700,0.0,0.0
2017-06-01 00:00:00-04:00,34.11000061035156,34.81999969482422,33.86000061035156,34.27000045776367,23.927345275878906,4213000,0.0,0.0
2017-06-02 00:00:00-04:00,33.90999984741211,33.970001220703125,32.869998931884766,33.130001068115234,23.131397247314453,6472800,0.0,0.0
2017-06-05 00:00:00-04:00,32.959999084472656,33.310001373291016,32.689998626708984,33.04999923706055,23.075542449951172,5085400,0.0,0.0
2017-06-06 00:00:00-04:00,32.9900016784668,33.90999984741211,32.77000045776367,33.900001525878906,23.669010162353516,7250800,0.0,0.0
2017-06-07 00:00:00-04:00,33.650001525878906,33.900001525878906,31.81999969482422,31.920000076293945,22.28657341003418,8373900,0.0,0.0
2017-06-08 00:00:00-04:00,31.920000076293945,32.2400016784668,31.459999084472656,31.489999771118164,21.986343383789062,6004600,0.0,0.0
2017-06-09 00:00:00-04:00,31.56999969482422,32.779998779296875,31.3799991607666,32.58000183105469,22.747392654418945,6913600,0.0,0.0
2017-06-12 00:00:00-04:00,33.060001373291016,33.59000015258789,32.599998474121094,32.720001220703125,22.845138549804688,5624500,0.0,0.0
2017-06-13 00:00:00-04:00,32.709999084472656,33.5,32.58000183105469,33.4900016784668,23.425704956054688,4478000,0.06,0.0
2017-06-14 00:00:00-04:00,33.29999923706055,33.29999923706055,31.75,32.189998626708984,22.51637077331543,7083700,0.0,0.0
2017-06-15 00:00:00-04:00,31.969999313354492,32.40999984741211,31.280000686645508,31.489999771118164,22.0267333984375,5194300,0.0,0.0
2017-06-16 00:00:00-04:00,31.739999771118164,31.770000457763672,31.260000228881836,31.760000228881836,22.21559715270996,6384800,0.0,0.0
2017-06-19 00:00:00-04:00,31.81999969482422,31.90999984741211,31.219999313354492,31.31999969482422,21.907825469970703,4684800,0.0,0.0
2017-06-20 00:00:00-04:00,30.709999084472656,31.389999389648438,30.389999389648438,31.15999984741211,21.79590606689453,5585100,0.0,0.0
2017-06-21 00:00:00-04:00,31.1200008392334,31.450000762939453,29.920000076293945,30.149999618530273,21.08942985534668,6774500,0.0,0.0
2017-06-22 00:00:00-04:00,30.309999465942383,30.68000030517578,29.889999389648438,30.010000228881836,20.991500854492188,5805400,0.0,0.0
2017-06-23 00:00:00-04:00,30.09000015258789,30.6299991607666,30.030000686645508,30.479999542236328,21.320261001586914,4161300,0.0,0.0
2017-06-26 00:00:00-04:00,30.700000762939453,31.18000030517578,30.280000686645508,30.719999313354492,21.48813247680664,5088600,0.0,0.0
2017-06-27 00:00:00-04:00,30.719999313354492,31.0,30.229999542236328,30.350000381469727,21.229326248168945,9619000,0.0,0.0
2017-06-28 00:00:00-04:00,30.3799991607666,30.969999313354492,30.15999984741211,30.549999237060547,21.369218826293945,7398100,0.0,0.0
2017-06-29 00:00:00-04:00,30.899999618530273,32.2400016784668,30.790000915527344,31.809999465942383,22.250574111938477,7410100,0.0,0.0
2017-06-30 00:00:00-04:00,32.27000045776367,32.36000061035156,31.450000762939453,31.969999313354492,22.362491607666016,6659700,0.0,0.0
2017-07-03 00:00:00-04:00,32.130001068115234,33.08000183105469,32.06999969482422,32.779998779296875,22.9290714263916,2651900,0.0,0.0
2017-07-05 00:00:00-04:00,32.45000076293945,32.47999954223633,31.010000228881836,31.100000381469727,21.753936767578125,7234900,0.0,0.0
2017-07-06 00:00:00-04:00,31.15999984741211,31.40999984741211,30.06999969482422,30.18000030517578,21.110408782958984,7081400,0.0,0.0
2017-07-07 00:00:00-04:00,29.809999465942383,29.950000762939453,28.790000915527344,29.540000915527344,20.662748336791992,7366500,0.0,0.0
2017-07-10 00:00:00-04:00,29.3799991607666,30.049999237060547,29.34000015258789,29.729999542236328,20.795644760131836,7655000,0.0,0.0
2017-07-11 00:00:00-04:00,30.25,30.920000076293945,29.850000381469727,30.530000686645508,21.355236053466797,7450900,0.0,0.0
2017-07-12 00:00:00-04:00,31.020000457763672,31.600000381469727,30.6299991607666,30.809999465942383,21.55108642578125,5668700,0.0,0.0
2017-07-13 00:00:00-04:00,30.799999237060547,31.280000686645508,30.700000762939453,31.200000762939453,21.823883056640625,4550400,0.0,0.0
2017-07-14 00:00:00-04:00,31.309999465942383,31.8700008392334,31.15999984741211,31.649999618530273,22.138652801513672,4846100,0.0,0.0
2017-07-17 00:00:00-04:00,31.6200008392334,32.0099983215332,31.260000228881836,31.350000381469727,21.928813934326172,5803500,0.0,0.0
2017-07-18 00:00:00-04:00,31.6299991607666,31.68000030517578,31.09000015258789,31.360000610351562,21.93580436706543,4574900,0.0,0.0
2017-07-19 00:00:00-04:00,31.290000915527344,32.650001525878906,31.219999313354492,32.5,22.73321533203125,5498500,0.0,0.0
2017-07-20 00:00:00-04:00,32.709999084472656,32.810001373291016,31.959999084472656,31.989999771118164,22.376480102539062,4954600,0.0,0.0
2017-07-21 00:00:00-04:00,31.940000534057617,32.09000015258789,31.489999771118164,31.959999084472656,22.355491638183594,3774900,0.0,0.0
2017-07-24 00:00:00-04:00,31.8799991607666,32.25,31.540000915527344,31.739999771118164,22.20160675048828,4171200,0.0,0.0
2017-07-25 00:00:00-04:00,32.349998474121094,33.40999984741211,32.2400016784668,32.97999954223633,23.068967819213867,5465300,0.0,0.0
2017-07-26 00:00:00-04:00,33.349998474121094,33.83000183105469,32.779998779296875,32.9900016784668,23.07596206665039,6258300,0.0,0.0
2017-07-27 00:00:00-04:00,32.939998626708984,33.470001220703125,32.849998474121094,33.470001220703125,23.411714553833008,3591200,0.0,0.0
2017-07-28 00:00:00-04:00,33.369998931884766,34.13999938964844,33.09000015258789,33.209999084472656,23.229846954345703,4323600,0.0,0.0
2017-07-31 00:00:00-04:00,33.02000045776367,33.709999084472656,32.91999816894531,33.310001373291016,23.299795150756836,3790700,0.0,0.0
2017-08-01 00:00:00-04:00,33.25,33.599998474121094,32.619998931884766,32.97999954223633,23.068967819213867,4659300,0.0,0.0
2017-08-02 00:00:00-04:00,32.720001220703125,33.720001220703125,32.04999923706055,33.400001525878906,23.362754821777344,5605500,0.0,0.0
2017-08-03 00:00:00-04:00,33.560001373291016,34.279998779296875,32.2400016784668,32.27000045776367,22.57234001159668,6413900,0.0,0.0
2017-08-04 00:00:00-04:00,32.34000015258789,33.77000045776367,32.279998779296875,33.65999984741211,23.544614791870117,7148400,0.0,0.0
2017-08-07 00:00:00-04:00,33.4900016784668,33.529998779296875,32.310001373291016,32.400001525878906,22.66326904296875,4379800,0.0,0.0
2017-08-08 00:00:00-04:00,32.279998779296875,32.88999938964844,32.0099983215332,32.13999938964844,22.481399536132812,6161400,0.0,0.0
2017-08-09 00:00:00-04:00,32.380001068115234,32.77000045776367,31.780000686645508,32.08000183105469,22.439434051513672,4297900,0.0,0.0
2017-08-10 00:00:00-04:00,32.33000183105469,32.63999938964844,31.709999084472656,31.760000228881836,22.21559715270996,4010000,0.0,0.0
2017-08-11 00:00:00-04:00,31.540000915527344,31.989999771118164,31.40999984741211,31.610000610351562,22.110675811767578,3588200,0.0,0.0
2017-08-14 00:00:00-04:00,31.709999084472656,31.84000015258789,31.049999237060547,31.06999969482422,21.73295021057129,3093500,0.0,0.0
2017-08-15 00:00:00-04:00,30.969999313354492,30.989999771118164,30.579999923706055,30.920000076293945,21.628032684326172,4004900,0.0,0.0
2017-08-16 00:00:00-04:00,31.110000610351562,31.530000686645508,30.5,30.65999984741211,21.4461669921875,3843000,0.0,0.0
2017-08-17 00:00:00-04:00,30.5,31.219999313354492,30.170000076293945,30.18000030517578,21.110408782958984,3800900,0.0,0.0
2017-08-18 00:00:00-04:00,30.15999984741211,30.75,29.790000915527344,30.399999618530273,21.26430320739746,4204200,0.0,0.0
2017-08-21 00:00:00-04:00,30.329999923706055,30.459999084472656,30.079999923706055,30.34000015258789,21.222332000732422,2922900,0.0,0.0
2017-08-22 00:00:00-04:00,30.440000534057617,30.6200008392334,30.1200008392334,30.399999618530273,21.26430320739746,3931000,0.0,0.0
2017-08-23 00:00:00-04:00,30.329999923706055,31.3700008392334,30.15999984741211,30.979999542236328,21.669998168945312,3320000,0.0,0.0
2017-08-24 00:00:00-04:00,30.760000228881836,31.290000915527344,30.670000076293945,31.1200008392334,21.767932891845703,3820900,0.0,0.0
2017-08-25 00:00:00-04:00,31.25,31.65999984741211,31.100000381469727,31.15999984741211,21.79590606689453,3246900,0.0,0.0
2017-08-28 00:00:00-04:00,31.270000457763672,31.270000457763672,30.469999313354492,30.93000030517578,21.63503074645996,2967000,0.0,0.0
2017-08-29 00:00:00-04:00,30.59000015258789,31.1200008392334,30.239999771118164,30.989999771118164,21.676998138427734,3438400,0.0,0.0
2017-08-30 00:00:00-04:00,30.75,31.200000762939453,30.510000228881836,30.959999084472656,21.6560115814209,3213600,0.0,0.0
2017-08-31 00:00:00-04:00,31.260000228881836,31.799999237060547,31.040000915527344,31.399999618530273,21.963781356811523,5333100,0.0,0.0
2017-09-01 00:00:00-04:00,31.510000228881836,32.349998474121094,31.139999389648438,32.11000061035156,22.460416793823242,3821000,0.0,0.0
2017-09-05 00:00:00-04:00,32.349998474121094,32.70000076293945,31.739999771118164,32.130001068115234,22.47441291809082,3836800,0.0,0.0
2017-09-06 00:00:00-04:00,32.40999984741211,33.09000015258789,32.33000183105469,32.68000030517578,22.85912322998047,3810700,0.0,0.0
2017-09-07 00:00:00-04:00,32.470001220703125,32.72999954223633,32.09000015258789,32.38999938964844,22.65627098083496,2903300,0.0,0.0
2017-09-08 00:00:00-04:00,32.279998779296875,32.279998779296875,31.010000228881836,31.469999313354492,22.01274299621582,4439900,0.0,0.0
2017-09-11 00:00:00-04:00,31.6299991607666,32.0,31.469999313354492,31.809999465942383,22.250574111938477,3862700,0.0,0.0
2017-09-12 00:00:00-04:00,31.889999389648438,32.540000915527344,31.809999465942383,32.16999816894531,22.50238800048828,3619500,0.0,0.0
2017-09-13 00:00:00-04:00,32.34000015258789,33.52000045776367,32.33000183105469,33.5099983215332,23.439693450927734,6000400,0.0,0.0
2017-09-14 00:00:00-04:00,33.650001525878906,34.599998474121094,33.650001525878906,33.900001525878906,23.75502586364746,5577000,0.06,0.0
2017-09-15 00:00:00-04:00,33.939998626708984,34.22999954223633,33.25,33.650001525878906,23.57984161376953,4709400,0.0,0.0
2017-09-18 00:00:00-04:00,33.4900016784668,33.9900016784668,33.119998931884766,33.970001220703125,23.80408477783203,4305800,0.0,0.0
2017-09-19 00:00:00-04:00,33.95000076293945,34.02000045776367,33.599998474121094,33.77000045776367,23.66392707824707,3605000,0.0,0.0
2017-09-20 00:00:00-04:00,34.0,34.939998626708984,34.0,34.88999938964844,24.448762893676758,5017200,0.0,0.0
2017-09-21 00:00:00-04:00,34.779998779296875,35.65999984741211,34.630001068115234,35.349998474121094,24.771099090576172,4761100,0.0,0.0
2017-09-22 00:00:00-04:00,35.22999954223633,35.810001373291016,35.150001525878906,35.779998779296875,25.072410583496094,4734900,0.0,0.0
2017-09-25 00:00:00-04:00,36.08000183105469,36.869998931884766,36.029998779296875,36.66999816894531,25.696067810058594,4337300,0.0,0.0
2017-09-26 00:00:00-04:00,36.47999954223633,37.040000915527344,36.220001220703125,36.93000030517578,25.878263473510742,4578800,0.0,0.0
2017-09-27 00:00:00-04:00,36.97999954223633,37.189998626708984,36.630001068115234,37.16999816894531,26.046436309814453,4638800,0.0,0.0
2017-09-28 00:00:00-04:00,37.209999084472656,37.45000076293945,36.47999954223633,36.59000015258789,25.640012741088867,5216500,0.0,0.0
2017-09-29 00:00:00-04:00,36.5099983215332,36.72999954223633,36.130001068115234,36.709999084472656,25.724103927612305,5507900,0.0,0.0
2017-10-02 00:00:00-04:00,36.02000045776367,36.630001068115234,35.29999923706055,36.599998474121094,25.647022247314453,4673200,0.0,0.0
2017-10-03 00:00:00-04:00,36.45000076293945,36.70000076293945,36.220001220703125,36.529998779296875,25.59796905517578,3003100,0.0,0.0
2017-10-04 00:00:00-04:00,36.56999969482422,36.72999954223633,35.7599983215332,35.86000061035156,25.12847137451172,4379300,0.0,0.0
2017-10-05 00:00:00-04:00,36.189998626708984,36.56999969482422,36.11000061035156,36.349998474121094,25.47182846069336,3354000,0.0,0.0
2017-10-06 00:00:00-04:00,35.91999816894531,36.15999984741211,35.650001525878906,35.779998779296875,25.072410583496094,3174100,0.0,0.0
2017-10-09 00:00:00-04:00,35.900001525878906,36.0,35.54999923706055,35.88999938964844,25.149494171142578,3068700,0.0,0.0
2017-10-10 00:00:00-04:00,36.540000915527344,36.84000015258789,35.91999816894531,36.0,25.226577758789062,4089200,0.0,0.0
2017-10-11 00:00:00-04:00,36.13999938964844,36.2400016784668,35.65999984741211,36.08000183105469,25.28264045715332,3415000,0.0,0.0
2017-10-12 00:00:00-04:00,35.59000015258789,35.790000915527344,35.400001525878906,35.61000061035156,24.953290939331055,3233500,0.0,0.0
2017-10-13 00:00:00-04:00,36.099998474121094,36.349998474121094,35.849998474121094,35.869998931884766,25.135480880737305,2461700,0.0,0.0
2017-10-16 00:00:00-04:00,36.06999969482422,36.40999984741211,35.7599983215332,35.849998474121094,25.12146759033203,3568400,0.0,0.0
2017-10-17 00:00:00-04:00,35.86000061035156,35.93000030517578,35.189998626708984,35.72999954223633,25.037376403808594,3160800,0.0,0.0
2017-10-18 00:00:00-04:00,35.720001220703125,36.13999938964844,35.09000015258789,35.220001220703125,24.680002212524414,3553700,0.0,0.0
2017-10-19 00:00:00-04:00,35.029998779296875,35.459999084472656,34.75,34.95000076293945,24.49079704284668,2892600,0.0,0.0
2017-10-20 00:00:00-04:00,35.04999923706055,35.119998931884766,34.630001068115234,34.93000030517578,24.476789474487305,2923100,0.0,0.0
2017-10-23 00:00:00-04:00,35.0,35.34000015258789,34.630001068115234,34.650001525878906,24.28057861328125,3352900,0.0,0.0
2017-10-24 00:00:00-04:00,34.869998931884766,35.25,34.689998626708984,34.84000015258789,24.413719177246094,4247900,0.0,0.0
2017-10-25 00:00:00-04:00,34.61000061035156,34.959999084472656,34.18000030517578,34.349998474121094,24.07036018371582,3647600,0.0,0.0
2017-10-26 00:00:00-04:00,34.400001525878906,34.9900016784668,33.970001220703125,34.90999984741211,24.4627742767334,5216600,0.0,0.0
2017-10-27 00:00:00-04:00,34.560001373291016,35.88999938964844,34.470001220703125,35.880001068115234,25.14249610900879,4530100,0.0,0.0
2017-10-30 00:00:00-04:00,36.040000915527344,36.54999923706055,35.77000045776367,36.0,25.226577758789062,8143300,0.0,0.0
2017-10-31 00:00:00-04:00,35.93000030517578,37.040000915527344,35.4900016784668,36.900001525878906,25.85724449157715,6139000,0.0,0.0
2017-11-01 00:00:00-04:00,37.75,39.34000015258789,37.59000015258789,39.08000183105469,27.384851455688477,9303000,0.0,0.0
2017-11-02 00:00:00-04:00,39.06999969482422,39.68000030517578,38.4900016784668,38.83000183105469,27.20966339111328,9585700,0.0,0.0
2017-11-03 00:00:00-04:00,38.939998626708984,39.54999923706055,38.459999084472656,39.27000045776367,27.517986297607422,6359200,0.0,0.0
2017-11-06 00:00:00-05:00,39.66999816894531,40.939998626708984,39.529998779296875,40.86000061035156,28.632164001464844,9214600,0.0,0.0
2017-11-07 00:00:00-05:00,40.86000061035156,41.470001220703125,40.849998474121094,41.2599983215332,28.912460327148438,10660600,0.0,0.0
2017-11-08 00:00:00-05:00,40.91999816894531,41.130001068115234,40.11000061035156,40.2599983215332,28.211721420288086,6517100,0.0,0.0
2017-11-09 00:00:00-05:00,40.119998931884766,41.029998779296875,40.06999969482422,40.810001373291016,28.597126007080078,6213400,0.0,0.0
2017-11-10 00:00:00-05:00,41.0,41.02000045776367,40.0099983215332,40.40999984741211,28.316829681396484,4439500,0.0,0.0
2017-11-13 00:00:00-05:00,39.68000030517578,40.56999969482422,39.54999923706055,39.650001525878906,27.784269332885742,4681300,0.0,0.0
2017-11-14 00:00:00-05:00,39.38999938964844,39.65999984741211,38.16999816894531,38.22999954223633,26.789220809936523,4205900,0.0,0.0
2017-11-15 00:00:00-05:00,37.849998474121094,38.06999969482422,37.380001068115234,37.90999984741211,26.56498908996582,4694600,0.0,0.0
2017-11-16 00:00:00-05:00,37.93000030517578,38.34000015258789,37.709999084472656,38.15999984741211,26.740175247192383,4645600,0.0,0.0
2017-11-17 00:00:00-05:00,38.41999816894531,38.959999084472656,38.310001373291016,38.68000030517578,27.104549407958984,3254100,0.0,0.0
2017-11-20 00:00:00-05:00,38.34000015258789,38.369998931884766,37.349998474121094,37.40999984741211,26.214616775512695,5144000,0.0,0.0
2017-11-21 00:00:00-05:00,37.77000045776367,37.91999816894531,37.15999984741211,37.54999923706055,26.312715530395508,3585000,0.0,0.0
2017-11-22 00:00:00-05:00,37.939998626708984,38.18000030517578,37.68000030517578,37.9900016784668,26.621044158935547,2562800,0.0,0.0
2017-11-24 00:00:00-05:00,38.18000030517578,38.5,38.0,38.029998779296875,26.649070739746094,1526100,0.0,0.0
2017-11-27 00:00:00-05:00,37.83000183105469,37.83000183105469,36.779998779296875,36.790000915527344,25.78015899658203,4591200,0.0,0.0
2017-11-28 00:00:00-05:00,36.72999954223633,37.34000015258789,36.56999969482422,37.16999816894531,26.046436309814453,2845600,0.0,0.0
2017-11-29 00:00:00-05:00,37.08000183105469,37.58000183105469,36.720001220703125,37.099998474121094,25.99738883972168,5562100,0.0,0.0
2017-11-30 00:00:00-05:00,37.380001068115234,38.619998931884766,37.380001068115234,38.529998779296875,26.999441146850586,8006100,0.0,0.0
2017-12-01 00:00:00-05:00,38.939998626708984,39.93000030517578,38.650001525878906,38.84000015258789,27.216672897338867,5809800,0.0,0.0
2017-12-04 00:00:00-05:00,38.709999084472656,39.66999816894531,38.369998931884766,38.63999938964844,27.076526641845703,5415700,0.0,0.0
2017-12-05 00:00:00-05:00,38.630001068115234,39.0,38.33000183105469,38.380001068115234,26.89433479309082,4002300,0.0,0.0
2017-12-06 00:00:00-05:00,38.18000030517578,38.189998626708984,36.810001373291016,36.880001068115234,25.843231201171875,3670200,0.0,0.0
2017-12-07 00:00:00-05:00,36.84000015258789,37.29999923706055,36.68000030517578,37.150001525878906,26.03243064880371,2854600,0.0,0.0
2017-12-08 00:00:00-05:00,37.689998626708984,38.43000030517578,37.41999816894531,38.04999923706055,26.6630916595459,7562200,0.0,0.0
2017-12-11 00:00:00-05:00,38.16999816894531,38.66999816894531,38.0099983215332,38.4900016784668,26.971418380737305,2961400,0.0,0.0
2017-12-12 00:00:00-05:00,38.720001220703125,38.880001068115234,37.95000076293945,38.40999984741211,26.915353775024414,3686500,0.0,0.0
2017-12-13 00:00:00-05:00,38.40999984741211,38.52000045776367,37.97999954223633,38.119998931884766,26.712139129638672,3056700,0.0,0.0
2017-12-14 00:00:00-05:00,37.959999084472656,38.439998626708984,37.90999984741211,38.0,26.67003059387207,3799500,0.06,0.0
2017-12-15 00:00:00-05:00,38.369998931884766,38.369998931884766,37.43000030517578,37.68000030517578,26.445446014404297,8030500,0.0,0.0
2017-12-18 00:00:00-05:00,37.869998931884766,38.22999954223633,37.45000076293945,38.060001373291016,26.712146759033203,5318400,0.0,0.0
2017-12-19 00:00:00-05:00,38.310001373291016,39.06999969482422,37.970001220703125,38.70000076293945,27.16132164001465,5487600,0.0,0.0
2017-12-20 00:00:00-05:00,39.06999969482422,39.88999938964844,38.209999084472656,39.84000015258789,27.961423873901367,5830400,0.0,0.0
2017-12-21 00:00:00-05:00,39.849998474121094,41.31999969482422,39.540000915527344,40.91999816894531,28.71941375732422,5680700,0.0,0.0
2017-12-22 00:00:00-05:00,41.08000183105469,41.709999084472656,40.810001373291016,41.56999969482422,29.175615310668945,4245200,0.0,0.0
2017-12-26 00:00:00-05:00,41.709999084472656,42.599998474121094,41.52000045776367,42.58000183105469,29.88446617126465,3776500,0.0,0.0
2017-12-27 00:00:00-05:00,42.54999923706055,42.54999923706055,41.65999984741211,41.84000015258789,29.3651123046875,2826100,0.0,0.0
2017-12-28 00:00:00-05:00,41.90999984741211,41.97999954223633,41.38999938964844,41.7599983215332,29.308961868286133,2224600,0.0,0.0
2017-12-29 00:00:00-05:00,42.040000915527344,42.040000915527344,41.310001373291016,41.400001525878906,29.056304931640625,2763900,0.0,0.0
2018-01-02 00:00:00-05:00,41.790000915527344,42.25,41.63999938964844,42.22999954223633,29.63882827758789,4782500,0.0,0.0
2018-01-03 00:00:00-05:00,42.439998626708984,43.279998779296875,42.34000015258789,42.720001220703125,29.982728958129883,3908700,0.0,0.0
2018-01-04 00:00:00-05:00,42.880001068115234,43.290000915527344,42.290000915527344,43.22999954223633,30.340667724609375,4243500,0.0,0.0
2018-01-05 00:00:00-05:00,43.06999969482422,43.27000045776367,42.56999969482422,43.11000061035156,30.256452560424805,3722200,0.0,0.0
2018-01-08 00:00:00-05:00,43.130001068115234,43.40999984741211,42.56999969482422,43.25,30.354707717895508,3596000,0.0,0.0
2018-01-09 00:00:00-05:00,43.36000061035156,43.36000061035156,42.439998626708984,42.540000915527344,29.856399536132812,5826100,0.0,0.0
2018-01-10 00:00:00-05:00,42.54999923706055,42.68000030517578,41.959999084472656,42.18000030517578,29.603736877441406,3457100,0.0,0.0
2018-01-11 00:00:00-05:00,42.619998931884766,43.560001373291016,42.25,43.06999969482422,30.228376388549805,6856900,0.0,0.0
2018-01-12 00:00:00-05:00,43.08000183105469,44.209999084472656,43.02000045776367,44.040000915527344,30.909160614013672,7671400,0.0,0.0
2018-01-16 00:00:00-05:00,44.16999816894531,44.41999816894531,43.2400016784668,43.2599983215332,30.361724853515625,5634900,0.0,0.0
2018-01-17 00:00:00-05:00,43.45000076293945,43.84000015258789,42.65999984741211,43.439998626708984,30.488048553466797,4341500,0.0,0.0
2018-01-18 00:00:00-05:00,43.22999954223633,43.779998779296875,42.900001525878906,43.20000076293945,30.319618225097656,2714700,0.0,0.0
2018-01-19 00:00:00-05:00,42.939998626708984,43.029998779296875,42.38999938964844,42.849998474121094,30.0739688873291,5604300,0.0,0.0
2018-01-22 00:00:00-05:00,43.060001373291016,44.81999969482422,42.9900016784668,44.810001373291016,31.449588775634766,4840600,0.0,0.0
2018-01-23 00:00:00-05:00,44.88999938964844,45.13999938964844,44.2400016784668,44.52000045776367,31.246042251586914,4173500,0.0,0.0
2018-01-24 00:00:00-05:00,44.70000076293945,45.029998779296875,44.060001373291016,44.52000045776367,31.246042251586914,5302100,0.0,0.0
2018-01-25 00:00:00-05:00,44.970001220703125,45.15999984741211,43.88999938964844,43.90999984741211,30.817920684814453,3633900,0.0,0.0
2018-01-26 00:00:00-05:00,44.029998779296875,44.310001373291016,43.7599983215332,43.86000061035156,30.782835006713867,2734500,0.0,0.0
2018-01-29 00:00:00-05:00,43.59000015258789,44.40999984741211,43.310001373291016,43.33000183105469,30.410850524902344,3401000,0.0,0.0
2018-01-30 00:00:00-05:00,42.91999816894531,43.040000915527344,41.40999984741211,41.52000045776367,29.14051628112793,6403900,0.0,0.0
2018-01-31 00:00:00-05:00,41.52000045776367,41.970001220703125,41.06999969482422,41.369998931884766,29.035236358642578,4526900,0.0,0.0
2018-02-01 00:00:00-05:00,41.68000030517578,42.349998474121094,41.459999084472656,42.220001220703125,29.63181495666504,7342200,0.0,0.0
2018-02-02 00:00:00-05:00,41.619998931884766,41.75,39.95000076293945,40.029998779296875,28.09476661682129,6009900,0.0,0.0
2018-02-05 00:00:00-05:00,39.369998931884766,40.18000030517578,38.29999923706055,38.650001525878906,27.126232147216797,8425300,0.0,0.0
2018-02-06 00:00:00-05:00,37.72999954223633,39.22999954223633,37.22999954223633,38.380001068115234,26.936731338500977,8520400,0.0,0.0
2018-02-07 00:00:00-05:00,38.369998931884766,38.91999816894531,36.7400016784668,36.7599983215332,25.799739837646484,8469500,0.0,0.0
2018-02-08 00:00:00-05:00,36.880001068115234,37.38999938964844,34.88999938964844,34.939998626708984,24.522397994995117,7717800,0.0,0.0
2018-02-09 00:00:00-05:00,35.279998779296875,35.279998779296875,32.689998626708984,34.68000030517578,24.339916229248047,11522700,0.0,0.0
2018-02-12 00:00:00-05:00,35.29999923706055,36.11000061035156,35.04999923706055,35.779998779296875,25.111934661865234,6551600,0.0,0.0
2018-02-13 00:00:00-05:00,35.369998931884766,35.38999938964844,34.400001525878906,34.56999969482422,24.262710571289062,4890000,0.0,0.0
2018-02-14 00:00:00-05:00,34.029998779296875,35.79999923706055,33.790000915527344,35.560001373291016,24.95753288269043,6463500,0.0,0.0
2018-02-15 00:00:00-05:00,35.650001525878906,35.689998626708984,33.560001373291016,34.7400016784668,24.38202667236328,6839600,0.0,0.0
2018-02-16 00:00:00-05:00,34.630001068115234,34.90999984741211,34.0,34.11000061035156,23.939868927001953,6752900,0.0,0.0
2018-02-20 00:00:00-05:00,34.29999923706055,34.900001525878906,34.18000030517578,34.650001525878906,24.318857192993164,6373400,0.0,0.0
2018-02-21 00:00:00-05:00,31.1299991607666,33.209999084472656,30.25,30.56999969482422,21.45534324645996,31052300,0.0,0.0
2018-02-22 00:00:00-05:00,30.709999084472656,31.559999465942383,30.190000534057617,30.40999984741211,21.343040466308594,18625400,0.0,0.0
2018-02-23 00:00:00-05:00,30.770000457763672,31.459999084472656,30.239999771118164,31.43000030517578,22.058921813964844,11877800,0.0,0.0
2018-02-26 00:00:00-05:00,31.540000915527344,31.979999542236328,30.729999542236328,31.610000610351562,22.185256958007812,11189400,0.0,0.0
2018-02-27 00:00:00-05:00,31.420000076293945,32.47999954223633,31.389999389648438,31.860000610351562,22.360715866088867,10584900,0.0,0.0
2018-02-28 00:00:00-05:00,31.920000076293945,32.189998626708984,30.65999984741211,30.670000076293945,21.52552604675293,12820800,0.0,0.0
2018-03-01 00:00:00-05:00,30.65999984741211,31.479999542236328,30.40999984741211,30.540000915527344,21.434282302856445,8932300,0.0,0.0
2018-03-02 00:00:00-05:00,30.399999618530273,31.420000076293945,29.969999313354492,31.360000610351562,22.00979232788086,9107600,0.0,0.0
2018-03-05 00:00:00-05:00,31.1200008392334,32.33000183105469,31.110000610351562,32.0,22.458974838256836,9848900,0.0,0.0
2018-03-06 00:00:00-05:00,32.15999984741211,32.220001220703125,31.260000228881836,31.329999923706055,21.988739013671875,6937100,0.0,0.0
2018-03-07 00:00:00-05:00,30.969999313354492,31.5,30.739999771118164,30.950000762939453,21.722042083740234,6492400,0.0,0.0
2018-03-08 00:00:00-05:00,31.790000915527344,32.5099983215332,31.719999313354492,32.38999938964844,22.732698440551758,12183900,0.0,0.0
2018-03-09 00:00:00-05:00,32.560001373291016,32.849998474121094,32.150001525878906,32.720001220703125,22.964305877685547,9139500,0.0,0.0
2018-03-12 00:00:00-04:00,32.72999954223633,33.349998474121094,32.599998474121094,32.81999969482422,23.034488677978516,7303000,0.0,0.0
2018-03-13 00:00:00-04:00,32.970001220703125,33.13999938964844,32.310001373291016,32.790000915527344,23.013437271118164,9880400,0.0,0.0
2018-03-14 00:00:00-04:00,32.810001373291016,33.02000045776367,32.540000915527344,32.619998931884766,22.936079025268555,9723500,0.06,0.0
2018-03-15 00:00:00-04:00,32.689998626708984,33.04999923706055,31.510000228881836,31.709999084472656,22.296239852905273,9724900,0.0,0.0
2018-03-16 00:00:00-04:00,31.719999313354492,32.58000183105469,31.649999618530273,31.959999084472656,22.472015380859375,10675500,0.0,0.0
2018-03-19 00:00:00-04:00,31.75,31.899999618530273,30.899999618530273,31.15999984741211,21.90951919555664,9728400,0.0,0.0
2018-03-20 00:00:00-04:00,31.459999084472656,31.959999084472656,31.399999618530273,31.549999237060547,22.18373680114746,8607900,0.0,0.0
2018-03-21 00:00:00-04:00,31.780000686645508,33.29999923706055,31.649999618530273,32.91999816894531,23.14702606201172,10172400,0.0,0.0
2018-03-22 00:00:00-04:00,32.43000030517578,32.75,32.09000015258789,32.290000915527344,22.704051971435547,8580800,0.0,0.0
2018-03-23 00:00:00-04:00,32.47999954223633,33.08000183105469,32.099998474121094,32.22999954223633,22.661867141723633,8514900,0.0,0.0
2018-03-26 00:00:00-04:00,32.56999969482422,32.56999969482422,31.549999237060547,32.470001220703125,22.830617904663086,6366000,0.0,0.0
2018-03-27 00:00:00-04:00,32.5,32.59000015258789,31.579999923706055,31.709999084472656,22.296239852905273,6045100,0.0,0.0
2018-03-28 00:00:00-04:00,31.8700008392334,32.040000915527344,30.979999542236328,31.200000762939453,21.937646865844727,7075500,0.0,0.0
2018-03-29 00:00:00-04:00,31.420000076293945,31.959999084472656,31.190000534057617,31.790000915527344,22.352487564086914,6290400,0.0,0.0
2018-04-02 00:00:00-04:00,31.649999618530273,31.709999084472656,29.829999923706055,30.350000381469727,21.339981079101562,8078300,0.0,0.0
2018-04-03 00:00:00-04:00,30.459999084472656,31.389999389648438,30.010000228881836,31.3700008392334,22.057170867919922,7195000,0.0,0.0
2018-04-04 00:00:00-04:00,30.690000534057617,31.420000076293945,30.459999084472656,31.31999969482422,22.022018432617188,6405500,0.0,0.0
2018-04-05 00:00:00-04:00,31.420000076293945,32.4900016784668,31.3799991607666,32.290000915527344,22.704051971435547,5654900,0.0,0.0
2018-04-06 00:00:00-04:00,32.04999923706055,32.220001220703125,30.969999313354492,31.450000762939453,22.11342430114746,6514100,0.0,0.0
2018-04-09 00:00:00-04:00,31.799999237060547,32.279998779296875,31.43000030517578,31.469999313354492,22.12748146057129,6724600,0.0,0.0
2018-04-10 00:00:00-04:00,32.220001220703125,33.81999969482422,32.15999984741211,33.599998474121094,23.625152587890625,8647800,0.0,0.0
2018-04-11 00:00:00-04:00,33.529998779296875,34.060001373291016,33.369998931884766,33.7400016784668,23.72359275817871,6238700,0.0,0.0
2018-04-12 00:00:00-04:00,33.54999923706055,33.560001373291016,32.83000183105469,32.83000183105469,23.083744049072266,9887000,0.0,0.0
2018-04-13 00:00:00-04:00,33.25,33.88999938964844,33.130001068115234,33.599998474121094,23.625152587890625,7749800,0.0,0.0
2018-04-16 00:00:00-04:00,33.619998931884766,33.720001220703125,33.130001068115234,33.619998931884766,23.639219284057617,4698600,0.0,0.0
2018-04-17 00:00:00-04:00,33.58000183105469,33.880001068115234,33.220001220703125,33.689998626708984,23.68843650817871,5516400,0.0,0.0
2018-04-18 00:00:00-04:00,34.099998474121094,36.709999084472656,34.099998474121094,36.099998474121094,25.382980346679688,15106900,0.0,0.0
2018-04-19 00:00:00-04:00,36.540000915527344,36.63999938964844,35.41999816894531,35.689998626708984,25.094684600830078,12064800,0.0,0.0
2018-04-20 00:00:00-04:00,35.459999084472656,35.599998474121094,34.790000915527344,35.400001525878906,24.89079475402832,8332500,0.0,0.0
2018-04-23 00:00:00-04:00,35.189998626708984,35.59000015258789,34.72999954223633,35.43000030517578,24.911884307861328,5048900,0.0,0.0
2018-04-24 00:00:00-04:00,35.54999923706055,35.779998779296875,34.27000045776367,34.47999954223633,24.243907928466797,9014500,0.0,0.0
2018-04-25 00:00:00-04:00,34.5,35.310001373291016,34.119998931884766,35.20000076293945,24.750154495239258,7969100,0.0,0.0
2018-04-26 00:00:00-04:00,35.209999084472656,35.84000015258789,35.189998626708984,35.779998779296875,25.157968521118164,6409400,0.0,0.0
2018-04-27 00:00:00-04:00,35.40999984741211,36.060001373291016,35.150001525878906,35.75,25.136878967285156,6937300,0.0,0.0
2018-04-30 00:00:00-04:00,35.529998779296875,36.63999938964844,35.47999954223633,36.33000183105469,25.544696807861328,6304600,0.0,0.0
2018-05-01 00:00:00-04:00,36.18000030517578,36.61000061035156,35.7400016784668,36.20000076293945,25.453296661376953,5657300,0.0,0.0
2018-05-02 00:00:00-04:00,37.56999969482422,39.619998931884766,37.2400016784668,38.22999954223633,26.880640029907227,17385600,0.0,0.0
2018-05-03 00:00:00-04:00,37.959999084472656,38.18000030517578,37.06999969482422,37.20000076293945,26.156417846679688,8730900,0.0,0.0
2018-05-04 00:00:00-04:00,37.2599983215332,38.08000183105469,36.959999084472656,37.869998931884766,26.627519607543945,6466600,0.0,0.0
2018-05-07 00:00:00-04:00,38.439998626708984,39.40999984741211,37.84000015258789,37.88999938964844,26.641584396362305,10541000,0.0,0.0
2018-05-08 00:00:00-04:00,37.88999938964844,39.31999969482422,36.54999923706055,39.02000045776367,27.43611717224121,12191400,0.0,0.0
2018-05-09 00:00:00-04:00,39.61000061035156,40.97999954223633,39.59000015258789,40.220001220703125,28.279869079589844,13498700,0.0,0.0
2018-05-10 00:00:00-04:00,40.560001373291016,40.91999816894531,40.040000915527344,40.88999938964844,28.750965118408203,8170200,0.0,0.0
2018-05-11 00:00:00-04:00,40.93000030517578,41.400001525878906,40.689998626708984,40.95000076293945,28.793163299560547,10409500,0.0,0.0
2018-05-14 00:00:00-04:00,41.2400016784668,41.560001373291016,40.849998474121094,41.31999969482422,29.053306579589844,6328900,0.0,0.0
2018-05-15 00:00:00-04:00,41.380001068115234,41.63999938964844,40.869998931884766,41.279998779296875,29.025178909301758,7387100,0.0,0.0
2018-05-16 00:00:00-04:00,41.029998779296875,41.59000015258789,40.86000061035156,41.400001525878906,29.109569549560547,4742500,0.0,0.0
2018-05-17 00:00:00-04:00,41.7400016784668,42.70000076293945,41.66999816894531,42.36000061035156,29.784563064575195,6624200,0.0,0.0
2018-05-18 00:00:00-04:00,42.16999816894531,42.38999938964844,41.7400016784668,41.959999084472656,29.503311157226562,4232600,0.0,0.0
2018-05-21 00:00:00-04:00,42.45000076293945,42.63999938964844,41.81999969482422,42.33000183105469,29.763469696044922,4461600,0.0,0.0
2018-05-22 00:00:00-04:00,42.540000915527344,42.88999938964844,41.560001373291016,41.79999923706055,29.390819549560547,6311600,0.0,0.0
2018-05-23 00:00:00-04:00,41.630001068115234,42.22999954223633,41.040000915527344,42.189998626708984,29.665037155151367,6366500,0.0,0.0
2018-05-24 00:00:00-04:00,41.2400016784668,41.84000015258789,40.7599983215332,41.689998626708984,29.313472747802734,6046300,0.0,0.0
2018-05-25 00:00:00-04:00,40.470001220703125,40.720001220703125,39.59000015258789,40.58000183105469,28.532995223999023,6948700,0.0,0.0
2018-05-29 00:00:00-04:00,39.970001220703125,40.93000030517578,39.7599983215332,40.88999938964844,28.750965118408203,5295400,0.0,0.0
2018-05-30 00:00:00-04:00,41.18000030517578,42.29999923706055,41.18000030517578,41.93000030517578,29.482229232788086,6170000,0.0,0.0
2018-05-31 00:00:00-04:00,41.56999969482422,42.310001373291016,41.33000183105469,41.56999969482422,29.22909927368164,5413300,0.0,0.0
2018-06-01 00:00:00-04:00,41.619998931884766,41.970001220703125,40.970001220703125,41.400001525878906,29.109569549560547,4966900,0.0,0.0
2018-06-04 00:00:00-04:00,41.900001525878906,42.20000076293945,39.95000076293945,40.09000015258789,28.188465118408203,7568900,0.0,0.0
2018-06-05 00:00:00-04:00,39.63999938964844,39.959999084472656,38.470001220703125,39.31999969482422,27.647056579589844,10997700,0.0,0.0
2018-06-06 00:00:00-04:00,42.0,42.459999084472656,41.349998474121094,41.5099983215332,29.186901092529297,11933500,0.0,0.0
2018-06-07 00:00:00-04:00,41.63999938964844,42.529998779296875,41.63999938964844,41.95000076293945,29.496288299560547,6088900,0.0,0.0
2018-06-08 00:00:00-04:00,41.7400016784668,42.25,41.47999954223633,42.15999984741211,29.643938064575195,5371900,0.0,0.0
2018-06-11 00:00:00-04:00,42.220001220703125,42.630001068115234,41.86000061035156,42.27000045776367,29.721275329589844,6910400,0.0,0.0
2018-06-12 00:00:00-04:00,42.130001068115234,42.900001525878906,41.86000061035156,41.93000030517578,29.482229232788086,7041500,0.0,0.0
2018-06-13 00:00:00-04:00,41.65999984741211,42.9900016784668,41.58000183105469,42.59000015258789,29.946279525756836,6242700,0.0,0.0
2018-06-14 00:00:00-04:00,42.7599983215332,43.11000061035156,41.619998931884766,41.709999084472656,29.38272476196289,5515700,0.08,0.0
2018-06-15 00:00:00-04:00,41.36000061035156,41.5,40.040000915527344,40.25,28.354223251342773,9282700,0.0,0.0
2018-06-18 00:00:00-04:00,40.31999969482422,41.83000183105469,40.25,41.099998474121094,28.95301055908203,5914800,0.0,0.0
2018-06-19 00:00:00-04:00,40.349998474121094,42.02000045776367,40.25,41.61000061035156,29.31227684020996,5951900,0.0,0.0
2018-06-20 00:00:00-04:00,42.220001220703125,42.83000183105469,41.66999816894531,42.61000061035156,30.016735076904297,7271300,0.0,0.0
2018-06-21 00:00:00-04:00,42.279998779296875,42.279998779296875,40.970001220703125,41.150001525878906,28.988231658935547,6101600,0.0,0.0
2018-06-22 00:00:00-04:00,42.61000061035156,43.849998474121094,42.61000061035156,43.279998779296875,30.48871421813965,7990500,0.0,0.0
2018-06-25 00:00:00-04:00,42.61000061035156,43.220001220703125,41.619998931884766,41.88999938964844,29.509531021118164,5697700,0.0,0.0
2018-06-26 00:00:00-04:00,42.15999984741211,42.81999969482422,41.619998931884766,42.59000015258789,30.002641677856445,5055800,0.0,0.0
2018-06-27 00:00:00-04:00,43.13999938964844,44.540000915527344,43.13999938964844,43.470001220703125,30.622560501098633,8072100,0.0,0.0
2018-06-28 00:00:00-04:00,43.599998474121094,44.0,42.91999816894531,43.58000183105469,30.700054168701172,6250200,0.0,0.0
2018-06-29 00:00:00-04:00,43.72999954223633,44.88999938964844,43.689998626708984,43.959999084472656,30.967741012573242,6191600,0.0,0.0
2018-07-02 00:00:00-04:00,43.40999984741211,43.849998474121094,42.959999084472656,43.529998779296875,30.664827346801758,4360400,0.0,0.0
2018-07-03 00:00:00-04:00,44.20000076293945,45.20000076293945,43.7400016784668,44.0,30.995925903320312,4132900,0.0,0.0
2018-07-05 00:00:00-04:00,44.279998779296875,44.38999938964844,43.68000030517578,43.9900016784668,30.988872528076172,5456300,0.0,0.0
2018-07-06 00:00:00-04:00,43.650001525878906,44.849998474121094,43.459999084472656,44.5099983215332,31.355194091796875,4270200,0.0,0.0
2018-07-09 00:00:00-04:00,44.880001068115234,45.310001373291016,44.70000076293945,45.29999923706055,31.911701202392578,4718400,0.0,0.0
2018-07-10 00:00:00-04:00,46.0,46.540000915527344,45.45000076293945,45.61000061035156,32.130096435546875,7678600,0.0,0.0
2018-07-11 00:00:00-04:00,44.95000076293945,45.43000030517578,43.91999816894531,44.119998931884766,31.08046531677246,5113900,0.0,0.0
2018-07-12 00:00:00-04:00,44.630001068115234,44.630001068115234,43.630001068115234,43.93000030517578,30.946611404418945,4959500,0.0,0.0
2018-07-13 00:00:00-04:00,44.060001373291016,45.33000183105469,43.93000030517578,44.720001220703125,31.503131866455078,6548700,0.0,0.0
2018-07-16 00:00:00-04:00,43.939998626708984,44.56999969482422,43.18000030517578,44.209999084472656,31.143844604492188,5571300,0.0,0.0
2018-07-17 00:00:00-04:00,43.91999816894531,44.56999969482422,43.619998931884766,44.08000183105469,31.052282333374023,4823900,0.0,0.0
2018-07-18 00:00:00-04:00,43.58000183105469,43.84000015258789,42.790000915527344,43.75,30.819808959960938,8151700,0.0,0.0
2018-07-19 00:00:00-04:00,43.66999816894531,44.529998779296875,43.470001220703125,44.13999938964844,31.09454917907715,5095100,0.0,0.0
2018-07-20 00:00:00-04:00,44.40999984741211,44.40999984741211,43.689998626708984,44.13999938964844,31.09454917907715,5088300,0.0,0.0
2018-07-23 00:00:00-04:00,44.439998626708984,44.7400016784668,44.130001068115234,44.209999084472656,31.143844604492188,3823700,0.0,0.0
2018-07-24 00:00:00-04:00,44.45000076293945,45.310001373291016,44.25,44.560001373291016,31.390409469604492,4269100,0.0,0.0
2018-07-25 00:00:00-04:00,44.59000015258789,45.38999938964844,44.470001220703125,45.27000045776367,31.890581130981445,4533500,0.0,0.0
2018-07-26 00:00:00-04:00,45.439998626708984,45.61000061035156,44.84000015258789,45.150001525878906,31.806039810180664,4958200,0.0,0.0
2018-07-27 00:00:00-04:00,44.939998626708984,45.529998779296875,44.45000076293945,44.54999923706055,31.383371353149414,4340500,0.0,0.0
2018-07-30 00:00:00-04:00,45.189998626708984,45.439998626708984,44.86000061035156,45.060001373291016,31.74264144897461,5591000,0.0,0.0
2018-07-31 00:00:00-04:00,45.0,45.290000915527344,44.380001068115234,45.0099983215332,31.70743179321289,5588000,0.0,0.0
2018-08-01 00:00:00-04:00,42.5,43.97999954223633,41.25,43.470001220703125,30.622560501098633,16603400,0.0,0.0
2018-08-02 00:00:00-04:00,43.099998474121094,44.36000061035156,43.04999923706055,43.939998626708984,30.953649520874023,6503100,0.0,0.0
2018-08-03 00:00:00-04:00,43.900001525878906,44.060001373291016,42.77000045776367,43.04999923706055,30.32668685913086,6560100,0.0,0.0
2018-08-06 00:00:00-04:00,43.7599983215332,44.33000183105469,43.439998626708984,43.650001525878906,30.74936294555664,6769600,0.0,0.0
2018-08-07 00:00:00-04:00,44.2400016784668,44.34000015258789,43.380001068115234,43.45000076293945,30.608469009399414,5816300,0.0,0.0
2018-08-08 00:00:00-04:00,43.119998931884766,43.279998779296875,41.959999084472656,42.66999816894531,30.058988571166992,7014100,0.0,0.0
2018-08-09 00:00:00-04:00,42.83000183105469,42.959999084472656,42.040000915527344,42.06999969482422,29.63633155822754,5755600,0.0,0.0
2018-08-10 00:00:00-04:00,41.88999938964844,42.90999984741211,41.630001068115234,42.84000015258789,30.178749084472656,5844200,0.0,0.0
2018-08-13 00:00:00-04:00,42.52000045776367,43.029998779296875,42.029998779296875,42.06999969482422,29.63633155822754,5861500,0.0,0.0
2018-08-14 00:00:00-04:00,42.650001525878906,42.7599983215332,42.220001220703125,42.40999984741211,29.87584114074707,4867500,0.0,0.0
2018-08-15 00:00:00-04:00,42.06999969482422,42.06999969482422,40.06999969482422,40.47999954223633,28.5162410736084,8336000,0.0,0.0
2018-08-16 00:00:00-04:00,40.619998931884766,41.150001525878906,40.220001220703125,40.68000030517578,28.65713882446289,5371400,0.0,0.0
2018-08-17 00:00:00-04:00,40.900001525878906,41.029998779296875,40.41999816894531,40.599998474121094,28.600786209106445,4529700,0.0,0.0
2018-08-20 00:00:00-04:00,40.529998779296875,41.33000183105469,40.38999938964844,41.040000915527344,28.910743713378906,4174200,0.0,0.0
2018-08-21 00:00:00-04:00,41.5,42.189998626708984,41.459999084472656,41.849998474121094,29.48134422302246,4872300,0.0,0.0
2018-08-22 00:00:00-04:00,42.369998931884766,43.0,42.310001373291016,42.709999084472656,30.087169647216797,5292800,0.0,0.0
2018-08-23 00:00:00-04:00,42.45000076293945,42.630001068115234,42.18000030517578,42.52000045776367,29.95333480834961,4245000,0.0,0.0
2018-08-24 00:00:00-04:00,43.0,43.310001373291016,42.52000045776367,42.65999984741211,30.05195426940918,3545600,0.0,0.0
2018-08-27 00:00:00-04:00,42.65999984741211,42.9900016784668,42.43000030517578,42.880001068115234,30.206937789916992,3873000,0.0,0.0
2018-08-28 00:00:00-04:00,42.70000076293945,43.2599983215332,42.2400016784668,42.5099983215332,29.946279525756836,4761800,0.0,0.0
2018-08-29 00:00:00-04:00,42.900001525878906,43.369998931884766,42.689998626708984,42.959999084472656,30.263290405273438,4551100,0.0,0.0
2018-08-30 00:00:00-04:00,43.08000183105469,43.599998474121094,42.86000061035156,43.130001068115234,30.383047103881836,4207400,0.0,0.0
2018-08-31 00:00:00-04:00,42.880001068115234,43.029998779296875,42.41999816894531,42.93000030517578,30.242155075073242,3776800,0.0,0.0
2018-09-04 00:00:00-04:00,43.060001373291016,43.27000045776367,42.119998931884766,42.349998474121094,29.833574295043945,4972800,0.0,0.0
2018-09-05 00:00:00-04:00,42.060001373291016,42.06999969482422,41.220001220703125,41.709999084472656,29.38272476196289,7087700,0.0,0.0
2018-09-06 00:00:00-04:00,41.459999084472656,41.459999084472656,40.5,40.630001068115234,28.621919631958008,9195500,0.0,0.0
2018-09-07 00:00:00-04:00,40.220001220703125,40.560001373291016,39.650001525878906,40.470001220703125,28.509206771850586,7669500,0.0,0.0
2018-09-10 00:00:00-04:00,40.790000915527344,41.06999969482422,40.15999984741211,40.5099983215332,28.53738021850586,5692400,0.0,0.0
2018-09-11 00:00:00-04:00,40.310001373291016,41.599998474121094,40.27000045776367,41.4900016784668,29.22774314880371,7606000,0.0,0.0
2018-09-12 00:00:00-04:00,42.04999923706055,42.27000045776367,41.5099983215332,41.95000076293945,29.551788330078125,8555800,0.0,0.0
2018-09-13 00:00:00-04:00,41.58000183105469,41.84000015258789,40.68000030517578,40.880001068115234,28.853052139282227,7547900,0.08,0.0
2018-09-14 00:00:00-04:00,40.86000061035156,41.08000183105469,39.56999969482422,39.66999816894531,27.99903678894043,11391400,0.0,0.0
2018-09-17 00:00:00-04:00,39.880001068115234,40.189998626708984,38.689998626708984,38.810001373291016,27.39204978942871,10602000,0.0,0.0
2018-09-18 00:00:00-04:00,39.25,39.650001525878906,39.029998779296875,39.33000183105469,27.75906753540039,6920400,0.0,0.0
2018-09-19 00:00:00-04:00,39.349998474121094,40.09000015258789,39.150001525878906,39.869998931884766,28.14019775390625,5806100,0.0,0.0
2018-09-20 00:00:00-04:00,40.220001220703125,40.33000183105469,39.880001068115234,40.11000061035156,28.309587478637695,5157800,0.0,0.0
2018-09-21 00:00:00-04:00,40.11000061035156,40.91999816894531,40.02000045776367,40.54999923706055,28.620145797729492,9825000,0.0,0.0
2018-09-24 00:00:00-04:00,41.189998626708984,41.79999923706055,41.08000183105469,41.54999923706055,29.325939178466797,6367100,0.0,0.0
2018-09-25 00:00:00-04:00,41.869998931884766,41.939998626708984,41.36000061035156,41.40999984741211,29.227128982543945,6252500,0.0,0.0
2018-09-26 00:00:00-04:00,40.900001525878906,41.02000045776367,39.619998931884766,39.68000030517578,28.006088256835938,8234400,0.0,0.0
2018-09-27 00:00:00-04:00,40.18000030517578,40.18000030517578,39.33000183105469,39.380001068115234,27.79435157775879,5706400,0.0,0.0
2018-09-28 00:00:00-04:00,39.369998931884766,40.2599983215332,39.310001373291016,39.939998626708984,28.189598083496094,7239400,0.0,0.0
2018-10-01 00:00:00-04:00,40.02000045776367,40.470001220703125,39.720001220703125,40.20000076293945,28.373111724853516,5902500,0.0,0.0
2018-10-02 00:00:00-04:00,40.54999923706055,40.54999923706055,39.720001220703125,39.86000061035156,28.13313865661621,6768600,0.0,0.0
2018-10-03 00:00:00-04:00,39.880001068115234,40.779998779296875,39.470001220703125,40.650001525878906,28.69072723388672,6084600,0.0,0.0
2018-10-04 00:00:00-04:00,40.38999938964844,40.880001068115234,39.84000015258789,40.13999938964844,28.330759048461914,4255400,0.0,0.0
2018-10-05 00:00:00-04:00,40.189998626708984,40.7400016784668,39.63999938964844,40.040000915527344,28.260181427001953,5085500,0.0,0.0
2018-10-08 00:00:00-04:00,39.70000076293945,39.86000061035156,38.65999984741211,38.779998779296875,27.370882034301758,8175200,0.0,0.0
2018-10-09 00:00:00-04:00,38.810001373291016,40.02000045776367,38.470001220703125,39.5099983215332,27.8861083984375,7421100,0.0,0.0
2018-10-10 00:00:00-04:00,39.400001525878906,39.5,37.25,37.29999923706055,26.326290130615234,8290600,0.0,0.0
2018-10-11 00:00:00-04:00,36.970001220703125,37.400001525878906,35.869998931884766,36.040000915527344,25.436988830566406,9628100,0.0,0.0
2018-10-12 00:00:00-04:00,36.849998474121094,36.97999954223633,35.81999969482422,36.630001068115234,25.853403091430664,7670200,0.0,0.0
2018-10-15 00:00:00-04:00,36.90999984741211,37.150001525878906,36.04999923706055,36.11000061035156,25.48639678955078,6328400,0.0,0.0
2018-10-16 00:00:00-04:00,36.959999084472656,37.72999954223633,36.66999816894531,37.08000183105469,26.171024322509766,7495500,0.0,0.0
2018-10-17 00:00:00-04:00,36.7599983215332,36.97999954223633,35.599998474121094,36.0,25.408754348754883,8328900,0.0,0.0
2018-10-18 00:00:00-04:00,35.33000183105469,35.7599983215332,34.66999816894531,35.099998474121094,24.773529052734375,7779700,0.0,0.0
2018-10-19 00:00:00-04:00,35.2400016784668,35.7400016784668,34.88999938964844,34.939998626708984,24.66061019897461,4493900,0.0,0.0
2018-10-22 00:00:00-04:00,34.86000061035156,35.09000015258789,34.34000015258789,34.869998931884766,24.611204147338867,4949400,0.0,0.0
2018-10-23 00:00:00-04:00,33.9900016784668,34.16999816894531,33.2599983215332,33.72999954223633,23.806591033935547,7186000,0.0,0.0
2018-10-24 00:00:00-04:00,34.220001220703125,34.279998779296875,32.06999969482422,32.130001068115234,22.677316665649414,7418600,0.0,0.0
2018-10-25 00:00:00-04:00,32.58000183105469,33.290000915527344,32.310001373291016,32.849998474121094,23.185487747192383,6423600,0.0,0.0
2018-10-26 00:00:00-04:00,32.18000030517578,32.90999984741211,31.690000534057617,32.380001068115234,22.853769302368164,7365900,0.0,0.0
2018-10-29 00:00:00-04:00,32.59000015258789,32.65999984741211,30.360000610351562,30.979999542236328,21.865646362304688,7084100,0.0,0.0
2018-10-30 00:00:00-04:00,30.760000228881836,32.38999938964844,30.65999984741211,32.31999969482422,22.811410903930664,7518800,0.0,0.0
2018-10-31 00:00:00-04:00,32.77000045776367,33.2599983215332,32.349998474121094,32.400001525878906,22.867881774902344,8033200,0.0,0.0
2018-11-01 00:00:00-04:00,32.529998779296875,33.720001220703125,32.369998931884766,32.86000061035156,23.19254493713379,9823500,0.0,0.0
2018-11-02 00:00:00-04:00,32.9900016784668,33.4900016784668,32.189998626708984,32.279998779296875,22.78318214416504,6305000,0.0,0.0
2018-11-05 00:00:00-05:00,32.84000015258789,33.279998779296875,32.70000076293945,33.099998474121094,23.361936569213867,6018900,0.0,0.0
2018-11-06 00:00:00-05:00,33.2599983215332,33.599998474121094,32.459999084472656,32.93000030517578,23.24195671081543,7910700,0.0,0.0
2018-11-07 00:00:00-05:00,33.45000076293945,34.650001525878906,32.88999938964844,33.86000061035156,23.89834976196289,11394200,0.0,0.0
2018-11-08 00:00:00-05:00,33.650001525878906,34.2400016784668,32.54999923706055,32.720001220703125,23.093738555908203,6708200,0.0,0.0
2018-11-09 00:00:00-05:00,32.060001373291016,33.2400016784668,31.709999084472656,33.0099983215332,23.298416137695312,7897200,0.0,0.0
2018-11-12 00:00:00-05:00,33.4900016784668,33.4900016784668,31.5,31.549999237060547,22.2679443359375,6717700,0.0,0.0
2018-11-13 00:00:00-05:00,31.3700008392334,32.189998626708984,30.829999923706055,30.899999618530273,21.80917739868164,7976400,0.0,0.0
2018-11-14 00:00:00-05:00,31.729999542236328,31.959999084472656,30.280000686645508,30.540000915527344,21.555095672607422,7793500,0.0,0.0
2018-11-15 00:00:00-05:00,30.389999389648438,30.81999969482422,29.90999984741211,30.6200008392334,21.611557006835938,10229800,0.0,0.0
2018-11-16 00:00:00-05:00,30.610000610351562,30.940000534057617,28.940000534057617,29.559999465942383,20.8634090423584,17938000,0.0,0.0
2018-11-19 00:00:00-05:00,29.399999618530273,30.059999465942383,29.149999618530273,29.6200008392334,20.905757904052734,7778000,0.0,0.0
2018-11-20 00:00:00-05:00,28.84000015258789,28.989999771118164,27.059999465942383,27.440000534057617,19.36711883544922,11635100,0.0,0.0
2018-11-21 00:00:00-05:00,27.739999771118164,28.950000762939453,27.719999313354492,28.530000686645508,20.136436462402344,6299100,0.0,0.0
2018-11-23 00:00:00-05:00,27.3700008392334,27.780000686645508,26.799999237060547,26.90999984741211,18.993043899536133,5545600,0.0,0.0
2018-11-26 00:00:00-05:00,27.290000915527344,27.6299991607666,26.790000915527344,27.1299991607666,19.148317337036133,7705000,0.0,0.0
2018-11-27 00:00:00-05:00,27.09000015258789,27.3700008392334,26.479999542236328,26.610000610351562,18.781309127807617,6088500,0.0,0.0
2018-11-28 00:00:00-05:00,26.559999465942383,26.8700008392334,25.8700008392334,26.8700008392334,18.964811325073242,6246900,0.0,0.0
2018-11-29 00:00:00-05:00,26.959999084472656,27.350000381469727,26.610000610351562,26.90999984741211,18.993043899536133,8024600,0.0,0.0
2018-11-30 00:00:00-05:00,26.510000228881836,27.149999618530273,25.979999542236328,27.030000686645508,19.077743530273438,10152900,0.0,0.0
2018-12-03 00:00:00-05:00,28.360000610351562,29.18000030517578,28.079999923706055,28.770000457763672,20.305830001831055,11739200,0.0,0.0
2018-12-04 00:00:00-05:00,28.770000457763672,29.040000915527344,28.09000015258789,28.170000076293945,19.88235092163086,9765500,0.0,0.0
2018-12-06 00:00:00-05:00,27.260000228881836,27.84000015258789,26.639999389648438,27.75,19.585920333862305,9912100,0.0,0.0
2018-12-07 00:00:00-05:00,28.270000457763672,28.739999771118164,27.1299991607666,27.200000762939453,19.19772720336914,8442500,0.0,0.0
2018-12-10 00:00:00-05:00,26.559999465942383,27.1200008392334,25.84000015258789,26.270000457763672,18.541332244873047,7803700,0.0,0.0
2018-12-11 00:00:00-05:00,26.709999084472656,27.170000076293945,26.270000457763672,26.75,18.880117416381836,9868400,0.0,0.0
2018-12-12 00:00:00-05:00,27.209999084472656,28.100000381469727,27.200000762939453,27.280000686645508,19.25419044494629,8237000,0.0,0.0
2018-12-13 00:00:00-05:00,27.100000381469727,27.229999542236328,26.40999984741211,26.8700008392334,19.020591735839844,7976000,0.08,0.0
2018-12-14 00:00:00-05:00,26.510000228881836,26.540000915527344,25.770000457763672,25.84000015258789,18.291479110717773,6420700,0.0,0.0
2018-12-17 00:00:00-05:00,25.68000030517578,26.559999465942383,25.350000381469727,25.510000228881836,18.057878494262695,8951200,0.0,0.0
2018-12-18 00:00:00-05:00,25.459999084472656,25.709999084472656,24.389999389648438,24.40999984741211,17.279218673706055,10057600,0.0,0.0
2018-12-19 00:00:00-05:00,24.6200008392334,25.100000381469727,23.670000076293945,23.850000381469727,16.882808685302734,10649300,0.0,0.0
2018-12-20 00:00:00-05:00,23.31999969482422,23.84000015258789,22.399999618530273,22.510000228881836,15.93425464630127,13613800,0.0,0.0
2018-12-21 00:00:00-05:00,22.450000762939453,22.799999237060547,21.8799991607666,21.90999984741211,15.509527206420898,16282800,0.0,0.0
2018-12-24 00:00:00-05:00,21.610000610351562,21.950000762939453,20.969999313354492,20.979999542236328,14.851211547851562,5332200,0.0,0.0
2018-12-26 00:00:00-05:00,21.1200008392334,22.719999313354492,20.3700008392334,22.709999084472656,16.075828552246094,9944300,0.0,0.0
2018-12-27 00:00:00-05:00,22.229999542236328,22.899999618530273,21.760000228881836,22.899999618530273,16.21033477783203,8395900,0.0,0.0
2018-12-28 00:00:00-05:00,22.979999542236328,23.15999984741211,22.219999313354492,22.459999084472656,15.898863792419434,7783500,0.0,0.0
2018-12-31 00:00:00-05:00,22.65999984741211,22.950000762939453,22.030000686645508,22.540000915527344,15.955499649047852,9196600,0.0,0.0
2019-01-02 00:00:00-05:00,21.940000534057617,23.40999984741211,21.760000228881836,23.209999084472656,16.42976951599121,6788900,0.0,0.0
2019-01-03 00:00:00-05:00,23.25,23.979999542236328,22.8799991607666,23.520000457763672,16.64920997619629,7699700,0.0,0.0
2019-01-04 00:00:00-05:00,24.139999389648438,24.729999542236328,24.030000686645508,24.56999969482422,17.392475128173828,9714500,0.0,0.0
2019-01-07 00:00:00-05:00,24.739999771118164,25.75,24.34000015258789,25.350000381469727,17.944623947143555,7237600,0.0,0.0
2019-01-08 00:00:00-05:00,25.68000030517578,25.90999984741211,25.110000610351562,25.549999237060547,18.086200714111328,7185100,0.0,0.0
2019-01-09 00:00:00-05:00,25.940000534057617,26.139999389648438,25.329999923706055,25.829999923706055,18.284404754638672,12577400,0.0,0.0
2019-01-10 00:00:00-05:00,25.56999969482422,26.440000534057617,25.329999923706055,26.290000915527344,18.610029220581055,8847500,0.0,0.0
2019-01-11 00:00:00-05:00,25.799999237060547,26.5,25.690000534057617,26.360000610351562,18.659576416015625,7811000,0.0,0.0
2019-01-14 00:00:00-05:00,25.8700008392334,26.56999969482422,25.860000610351562,26.170000076293945,18.525081634521484,5823300,0.0,0.0
2019-01-15 00:00:00-05:00,26.399999618530273,26.59000015258789,26.239999771118164,26.399999618530273,18.687889099121094,6301000,0.0,0.0
2019-01-16 00:00:00-05:00,26.170000076293945,26.389999389648438,25.690000534057617,25.889999389648438,18.326873779296875,10838200,0.0,0.0
2019-01-17 00:00:00-05:00,25.59000015258789,26.510000228881836,25.520000457763672,26.389999389648438,18.680810928344727,8678500,0.0,0.0
2019-01-18 00:00:00-05:00,26.709999084472656,27.139999389648438,26.530000686645508,27.139999389648438,19.21171760559082,10160000,0.0,0.0
2019-01-22 00:00:00-05:00,26.739999771118164,26.969999313354492,26.190000534057617,26.6299991607666,18.850704193115234,9361600,0.0,0.0
2019-01-23 00:00:00-05:00,26.81999969482422,26.850000381469727,25.920000076293945,26.31999969482422,18.631261825561523,8882600,0.0,0.0
2019-01-24 00:00:00-05:00,26.229999542236328,26.850000381469727,26.100000381469727,26.600000381469727,18.829463958740234,6737000,0.0,0.0
2019-01-25 00:00:00-05:00,26.899999618530273,27.420000076293945,26.799999237060547,27.25,19.289581298828125,7222800,0.0,0.0
2019-01-28 00:00:00-05:00,26.84000015258789,26.889999389648438,26.290000915527344,26.5,18.758678436279297,5541200,0.0,0.0
2019-01-29 00:00:00-05:00,26.84000015258789,27.0,26.610000610351562,26.850000381469727,19.00642967224121,4338200,0.0,0.0
2019-01-30 00:00:00-05:00,27.020000457763672,27.68000030517578,26.989999771118164,27.670000076293945,19.586883544921875,5284400,0.0,0.0
2019-01-31 00:00:00-05:00,27.81999969482422,27.920000076293945,26.540000915527344,26.649999618530273,18.864864349365234,6890300,0.0,0.0
2019-02-01 00:00:00-05:00,26.81999969482422,27.520000457763672,26.760000228881836,27.010000228881836,19.119699478149414,6224000,0.0,0.0
2019-02-04 00:00:00-05:00,26.709999084472656,27.3700008392334,26.68000030517578,27.15999984741211,19.225875854492188,5654000,0.0,0.0
2019-02-05 00:00:00-05:00,27.06999969482422,27.3799991607666,26.850000381469727,26.860000610351562,19.01351547241211,8934200,0.0,0.0
2019-02-06 00:00:00-05:00,26.709999084472656,26.920000076293945,26.43000030517578,26.780000686645508,18.956878662109375,4790000,0.0,0.0
2019-02-07 00:00:00-05:00,26.510000228881836,26.579999923706055,25.229999542236328,25.299999237060547,17.90922737121582,6542400,0.0,0.0
2019-02-08 00:00:00-05:00,25.299999237060547,25.440000534057617,24.299999237060547,24.920000076293945,17.640235900878906,7077700,0.0,0.0
2019-02-11 00:00:00-05:00,24.700000762939453,25.5,24.510000228881836,25.440000534057617,18.008325576782227,5106000,0.0,0.0
2019-02-12 00:00:00-05:00,25.8799991607666,26.43000030517578,25.81999969482422,25.959999084472656,18.376422882080078,7033400,0.0,0.0
2019-02-13 00:00:00-05:00,26.1200008392334,27.170000076293945,26.100000381469727,26.90999984741211,19.048906326293945,8143200,0.0,0.0
2019-02-14 00:00:00-05:00,26.799999237060547,27.639999389648438,26.770000457763672,27.329999923706055,19.346214294433594,5740400,0.0,0.0
2019-02-15 00:00:00-05:00,27.719999313354492,28.459999084472656,27.670000076293945,28.420000076293945,20.1177978515625,7114400,0.0,0.0
2019-02-19 00:00:00-05:00,28.09000015258789,28.56999969482422,28.09000015258789,28.309999465942383,20.039928436279297,8169100,0.0,0.0
2019-02-20 00:00:00-05:00,30.8799991607666,32.529998779296875,30.110000610351562,30.270000457763672,21.427366256713867,34746600,0.0,0.0
2019-02-21 00:00:00-05:00,30.459999084472656,30.989999771118164,29.440000534057617,29.850000381469727,21.130056381225586,19449100,0.0,0.0
2019-02-22 00:00:00-05:00,30.100000381469727,30.219999313354492,28.860000610351562,29.649999618530273,20.988483428955078,11957200,0.0,0.0
2019-02-25 00:00:00-05:00,29.510000228881836,29.950000762939453,29.389999389648438,29.489999771118164,20.875219345092773,9952500,0.0,0.0
2019-02-26 00:00:00-05:00,29.489999771118164,30.149999618530273,29.489999771118164,29.59000015258789,20.946008682250977,7921100,0.0,0.0
2019-02-27 00:00:00-05:00,29.8799991607666,30.34000015258789,29.489999771118164,29.8799991607666,21.151296615600586,6652700,0.0,0.0
2019-02-28 00:00:00-05:00,29.899999618530273,29.950000762939453,29.350000381469727,29.510000228881836,20.889379501342773,9008700,0.0,0.0
2019-03-01 00:00:00-05:00,29.450000762939453,30.299999237060547,29.450000762939453,30.149999618530273,21.342418670654297,13399000,0.0,0.0
2019-03-04 00:00:00-05:00,30.299999237060547,30.440000534057617,29.030000686645508,29.440000534057617,20.839832305908203,11404900,0.0,0.0
2019-03-05 00:00:00-05:00,29.479999542236328,29.56999969482422,28.899999618530273,29.270000457763672,20.71949577331543,7440400,0.0,0.0
2019-03-06 00:00:00-05:00,29.0,29.329999923706055,28.600000381469727,28.719999313354492,20.33016014099121,6347200,0.0,0.0
2019-03-07 00:00:00-05:00,28.760000228881836,28.799999237060547,27.989999771118164,28.059999465942383,19.862964630126953,8760900,0.0,0.0
2019-03-08 00:00:00-05:00,27.459999084472656,27.520000457763672,26.59000015258789,26.709999084472656,18.907331466674805,10808600,0.0,0.0
2019-03-11 00:00:00-04:00,27.020000457763672,27.979999542236328,26.889999389648438,27.799999237060547,19.67891502380371,8110800,0.0,0.0
2019-03-12 00:00:00-04:00,28.030000686645508,28.770000457763672,27.8799991607666,28.760000228881836,20.358474731445312,7048800,0.0,0.0
2019-03-13 00:00:00-04:00,29.15999984741211,29.5,28.950000762939453,29.329999923706055,20.761959075927734,9233700,0.0,0.0
2019-03-14 00:00:00-04:00,29.239999771118164,29.649999618530273,29.219999313354492,29.5,20.939420700073242,6571700,0.08,0.0
2019-03-15 00:00:00-04:00,29.299999237060547,29.709999084472656,29.270000457763672,29.639999389648438,21.038785934448242,8012700,0.0,0.0
2019-03-18 00:00:00-04:00,29.850000381469727,30.56999969482422,29.799999237060547,30.510000228881836,21.656326293945312,6771400,0.0,0.0
2019-03-19 00:00:00-04:00,30.760000228881836,30.920000076293945,30.09000015258789,30.239999771118164,21.464677810668945,6193000,0.0,0.0
2019-03-20 00:00:00-04:00,30.1299991607666,31.610000610351562,30.110000610351562,31.25,22.181583404541016,10054100,0.0,0.0
2019-03-21 00:00:00-04:00,31.260000228881836,31.75,30.989999771118164,31.649999618530273,22.465505599975586,6863900,0.0,0.0
2019-03-22 00:00:00-04:00,31.43000030517578,31.600000381469727,30.219999313354492,30.34000015258789,21.535655975341797,7404000,0.0,0.0
2019-03-25 00:00:00-04:00,30.34000015258789,30.940000534057617,29.979999542236328,30.81999969482422,21.87636375427246,5355100,0.0,0.0
2019-03-26 00:00:00-04:00,31.489999771118164,31.959999084472656,31.3799991607666,31.600000381469727,22.430021286010742,5790800,0.0,0.0
2019-03-27 00:00:00-04:00,31.479999542236328,31.809999465942383,31.0,31.329999923706055,22.23836326599121,5433000,0.0,0.0
2019-03-28 00:00:00-04:00,30.969999313354492,31.93000030517578,30.959999084472656,31.8799991607666,22.628761291503906,5973000,0.0,0.0
2019-03-29 00:00:00-04:00,32.349998474121094,32.43000030517578,31.420000076293945,31.559999465942383,22.40162467956543,6528600,0.0,0.0
2019-04-01 00:00:00-04:00,31.920000076293945,32.08000183105469,31.280000686645508,31.540000915527344,22.387428283691406,5252100,0.0,0.0
2019-04-02 00:00:00-04:00,31.600000381469727,31.829999923706055,31.15999984741211,31.209999084472656,22.153188705444336,4385200,0.0,0.0
2019-04-03 00:00:00-04:00,31.3799991607666,31.450000762939453,30.489999771118164,30.709999084472656,21.79828643798828,4312600,0.0,0.0
2019-04-04 00:00:00-04:00,30.799999237060547,31.1200008392334,30.40999984741211,31.010000228881836,22.01123046875,5131500,0.0,0.0
2019-04-05 00:00:00-04:00,31.15999984741211,32.209999084472656,31.139999389648438,32.20000076293945,22.85590934753418,7171400,0.0,0.0
2019-04-08 00:00:00-04:00,32.38999938964844,32.4900016784668,31.639999389648438,32.029998779296875,22.735239028930664,5413700,0.0,0.0
2019-04-09 00:00:00-04:00,31.84000015258789,31.93000030517578,30.969999313354492,31.059999465942383,22.046722412109375,4981600,0.0,0.0
2019-04-10 00:00:00-04:00,31.260000228881836,31.600000381469727,31.110000610351562,31.399999618530273,22.288053512573242,4927900,0.0,0.0
2019-04-11 00:00:00-04:00,31.190000534057617,31.75,30.84000015258789,31.18000030517578,22.131893157958984,3416500,0.0,0.0
2019-04-12 00:00:00-04:00,32.9900016784668,33.810001373291016,32.599998474121094,33.47999954223633,23.764461517333984,13576000,0.0,0.0
2019-04-15 00:00:00-04:00,33.22999954223633,33.5,32.540000915527344,32.56999969482422,23.118534088134766,6383500,0.0,0.0
2019-04-16 00:00:00-04:00,32.75,32.93000030517578,32.16999816894531,32.83000183105469,23.30308723449707,5129200,0.0,0.0
2019-04-17 00:00:00-04:00,33.099998474121094,33.38999938964844,32.93000030517578,33.209999084472656,23.57280921936035,5092000,0.0,0.0
2019-04-18 00:00:00-04:00,33.27000045776367,33.81999969482422,33.13999938964844,33.54999923706055,23.814149856567383,7864600,0.0,0.0
2019-04-22 00:00:00-04:00,34.099998474121094,35.220001220703125,33.5,35.15999984741211,24.956945419311523,10513100,0.0,0.0
2019-04-23 00:00:00-04:00,35.27000045776367,35.38999938964844,34.439998626708984,34.599998474121094,24.559452056884766,6277600,0.0,0.0
2019-04-24 00:00:00-04:00,34.88999938964844,35.16999816894531,34.33000183105469,34.4900016784668,24.481367111206055,7331900,0.0,0.0
2019-04-25 00:00:00-04:00,34.31999969482422,34.4900016784668,33.5099983215332,33.540000915527344,23.80705451965332,6210000,0.0,0.0
2019-04-26 00:00:00-04:00,33.15999984741211,33.33000183105469,32.2599983215332,32.689998626708984,23.203710556030273,4967900,0.0,0.0
2019-04-29 00:00:00-04:00,32.529998779296875,33.15999984741211,32.470001220703125,32.720001220703125,23.22500991821289,4900200,0.0,0.0
2019-04-30 00:00:00-04:00,33.119998931884766,33.220001220703125,31.719999313354492,32.13999938964844,22.813316345214844,7090500,0.0,0.0
2019-05-01 00:00:00-04:00,33.0,33.189998626708984,31.299999237060547,31.84000015258789,22.600372314453125,13692400,0.0,0.0
2019-05-02 00:00:00-04:00,31.170000076293945,32.0,30.6299991607666,30.920000076293945,21.94734764099121,9268800,0.0,0.0
2019-05-03 00:00:00-04:00,31.139999389648438,31.450000762939453,30.600000381469727,31.260000228881836,22.18868637084961,9278900,0.0,0.0
2019-05-06 00:00:00-04:00,30.8700008392334,31.549999237060547,30.65999984741211,31.489999771118164,22.351938247680664,5712600,0.0,0.0
2019-05-07 00:00:00-04:00,31.049999237060547,31.18000030517578,30.489999771118164,31.049999237060547,22.039621353149414,6314700,0.0,0.0
2019-05-08 00:00:00-04:00,30.899999618530273,31.889999389648438,30.809999465942383,31.530000686645508,22.380332946777344,5218300,0.0,0.0
2019-05-09 00:00:00-04:00,31.1299991607666,31.350000381469727,30.6299991607666,31.25,22.181583404541016,5201400,0.0,0.0
2019-05-10 00:00:00-04:00,31.110000610351562,31.440000534057617,30.690000534057617,31.309999465942383,22.22416877746582,4950500,0.0,0.0
2019-05-13 00:00:00-04:00,31.0,31.110000610351562,29.760000228881836,29.920000076293945,21.237537384033203,5947500,0.0,0.0
2019-05-14 00:00:00-04:00,30.15999984741211,30.959999084472656,30.030000686645508,30.760000228881836,21.833772659301758,4346200,0.0,0.0
2019-05-15 00:00:00-04:00,30.3700008392334,31.059999465942383,30.200000762939453,30.93000030517578,21.954444885253906,4552300,0.0,0.0
2019-05-16 00:00:00-04:00,31.34000015258789,31.809999465942383,31.149999618530273,31.299999237060547,22.217071533203125,4146600,0.0,0.0
2019-05-17 00:00:00-04:00,30.860000610351562,31.200000762939453,30.530000686645508,30.610000610351562,21.7273006439209,3156300,0.0,0.0
2019-05-20 00:00:00-04:00,30.59000015258789,30.850000381469727,29.979999542236328,30.030000686645508,21.31561279296875,5404800,0.0,0.0
2019-05-21 00:00:00-04:00,30.290000915527344,31.280000686645508,30.229999542236328,31.1200008392334,22.089305877685547,5308200,0.0,0.0
2019-05-22 00:00:00-04:00,30.670000076293945,30.8700008392334,29.280000686645508,29.309999465942383,20.80455207824707,4706800,0.0,0.0
2019-05-23 00:00:00-04:00,28.709999084472656,28.709999084472656,26.969999313354492,27.170000076293945,19.28555679321289,6956300,0.0,0.0
2019-05-24 00:00:00-04:00,27.479999542236328,27.84000015258789,26.670000076293945,26.989999771118164,19.157791137695312,5184900,0.0,0.0
2019-05-28 00:00:00-04:00,27.139999389648438,27.170000076293945,26.559999465942383,26.600000381469727,18.880964279174805,6361800,0.0,0.0
2019-05-29 00:00:00-04:00,26.1200008392334,26.860000610351562,25.950000762939453,26.850000381469727,19.05841636657715,11386500,0.0,0.0
2019-05-30 00:00:00-04:00,26.760000228881836,26.93000030517578,25.75,25.780000686645508,18.298921585083008,8207200,0.0,0.0
2019-05-31 00:00:00-04:00,25.40999984741211,25.649999618530273,25.1200008392334,25.15999984741211,17.85883140563965,6536200,0.0,0.0
2019-06-03 00:00:00-04:00,25.329999923706055,25.719999313354492,25.1299991607666,25.510000228881836,18.107271194458008,5506900,0.0,0.0
2019-06-04 00:00:00-04:00,25.829999923706055,26.190000534057617,25.239999771118164,25.989999771118164,18.44797706604004,7348800,0.0,0.0
2019-06-05 00:00:00-04:00,25.90999984741211,25.920000076293945,24.799999237060547,25.479999542236328,18.085975646972656,6671800,0.0,0.0
2019-06-06 00:00:00-04:00,25.639999389648438,25.889999389648438,25.34000015258789,25.6299991607666,18.192445755004883,5635000,0.0,0.0
2019-06-07 00:00:00-04:00,25.729999542236328,25.979999542236328,25.389999389648438,25.690000534057617,18.235036849975586,5364300,0.0,0.0
2019-06-10 00:00:00-04:00,25.809999465942383,26.860000610351562,25.75,26.1200008392334,18.540254592895508,5234800,0.0,0.0
2019-06-11 00:00:00-04:00,26.40999984741211,26.75,26.06999969482422,26.100000381469727,18.52605438232422,5756700,0.0,0.0
2019-06-12 00:00:00-04:00,25.739999771118164,25.75,25.15999984741211,25.479999542236328,18.085975646972656,5327200,0.0,0.0
2019-06-13 00:00:00-04:00,25.739999771118164,26.139999389648438,25.389999389648438,26.1200008392334,18.605976104736328,5809600,0.09,0.0
2019-06-14 00:00:00-04:00,26.049999237060547,26.200000762939453,25.670000076293945,25.770000457763672,18.356658935546875,5075600,0.0,0.0
2019-06-17 00:00:00-04:00,25.520000457763672,26.459999084472656,25.34000015258789,26.399999618530273,18.80542755126953,5624000,0.0,0.0
2019-06-18 00:00:00-04:00,26.56999969482422,27.34000015258789,26.469999313354492,26.899999618530273,19.161590576171875,5800900,0.0,0.0
2019-06-19 00:00:00-04:00,26.850000381469727,27.239999771118164,26.5,26.90999984741211,19.168712615966797,7122000,0.0,0.0
2019-06-20 00:00:00-04:00,27.649999618530273,28.299999237060547,27.559999465942383,28.06999969482422,19.99500846862793,7345900,0.0,0.0
2019-06-21 00:00:00-04:00,28.239999771118164,28.56999969482422,27.959999084472656,28.239999771118164,20.11610984802246,6676700,0.0,0.0
2019-06-24 00:00:00-04:00,28.219999313354492,28.520000457763672,27.709999084472656,27.920000076293945,19.888160705566406,5202100,0.0,0.0
2019-06-25 00:00:00-04:00,27.809999465942383,28.219999313354492,27.649999618530273,27.920000076293945,19.888160705566406,4782200,0.0,0.0
2019-06-26 00:00:00-04:00,28.469999313354492,29.200000762939453,28.420000076293945,28.729999542236328,20.46514892578125,6219400,0.0,0.0
2019-06-27 00:00:00-04:00,28.729999542236328,28.959999084472656,28.18000030517578,28.299999237060547,20.15884780883789,4934200,0.0,0.0
2019-06-28 00:00:00-04:00,28.3700008392334,28.770000457763672,28.1200008392334,28.520000457763672,20.3155574798584,8134800,0.0,0.0
2019-07-01 00:00:00-04:00,29.1200008392334,29.360000610351562,28.649999618530273,28.899999618530273,20.586240768432617,4932400,0.0,0.0
2019-07-02 00:00:00-04:00,28.729999542236328,28.729999542236328,27.440000534057617,27.540000915527344,19.61748504638672,9228000,0.0,0.0
2019-07-03 00:00:00-04:00,27.75,27.75,27.209999084472656,27.520000457763672,19.60323143005371,4011000,0.0,0.0
2019-07-05 00:00:00-04:00,27.440000534057617,27.940000534057617,27.350000381469727,27.899999618530273,19.873918533325195,4754100,0.0,0.0
2019-07-08 00:00:00-04:00,27.709999084472656,28.719999313354492,27.649999618530273,27.940000534057617,19.90241241455078,7030300,0.0,0.0
2019-07-09 00:00:00-04:00,27.84000015258789,28.1200008392334,27.420000076293945,28.079999923706055,20.002138137817383,4639800,0.0,0.0
2019-07-10 00:00:00-04:00,28.40999984741211,29.1299991607666,28.290000915527344,28.84000015258789,20.543502807617188,5116800,0.0,0.0
2019-07-11 00:00:00-04:00,28.860000610351562,28.969999313354492,28.40999984741211,28.65999984741211,20.415281295776367,4207300,0.0,0.0
2019-07-12 00:00:00-04:00,28.719999313354492,29.049999237060547,28.6200008392334,28.649999618530273,20.408161163330078,4853500,0.0,0.0
2019-07-15 00:00:00-04:00,28.75,28.850000381469727,27.579999923706055,27.649999618530273,19.69583511352539,5786100,0.0,0.0
2019-07-16 00:00:00-04:00,27.6299991607666,27.729999542236328,26.59000015258789,26.799999237060547,19.09035873413086,7598100,0.0,0.0
2019-07-17 00:00:00-04:00,26.770000457763672,26.959999084472656,25.920000076293945,25.93000030517578,18.47063446044922,5634600,0.0,0.0
2019-07-18 00:00:00-04:00,25.780000686645508,25.959999084472656,25.440000534057617,25.700000762939453,18.306798934936523,6051400,0.0,0.0
2019-07-19 00:00:00-04:00,25.760000228881836,26.420000076293945,25.479999542236328,26.34000015258789,18.762683868408203,6905300,0.0,0.0
2019-07-22 00:00:00-04:00,26.389999389648438,26.809999465942383,26.139999389648438,26.40999984741211,18.812549591064453,4518100,0.0,0.0
2019-07-23 00:00:00-04:00,25.920000076293945,26.309999465942383,25.579999923706055,26.209999084472656,18.670082092285156,7234600,0.0,0.0
2019-07-24 00:00:00-04:00,26.229999542236328,26.889999389648438,26.209999084472656,26.510000228881836,18.88378143310547,6577200,0.0,0.0
2019-07-25 00:00:00-04:00,26.610000610351562,26.670000076293945,25.479999542236328,25.56999969482422,18.214197158813477,5530200,0.0,0.0
2019-07-26 00:00:00-04:00,25.530000686645508,25.920000076293945,25.34000015258789,25.540000915527344,18.192829132080078,4823600,0.0,0.0
2019-07-29 00:00:00-04:00,25.350000381469727,25.6299991607666,24.920000076293945,25.520000457763672,18.178577423095703,5301700,0.0,0.0
2019-07-30 00:00:00-04:00,25.510000228881836,27.1299991607666,25.43000030517578,26.8799991607666,19.14734649658203,6911300,0.0,0.0
2019-07-31 00:00:00-04:00,26.809999465942383,27.600000381469727,26.6200008392334,27.0,19.232818603515625,5991300,0.0,0.0
2019-08-01 00:00:00-04:00,26.5,26.5,24.829999923706055,25.15999984741211,17.922136306762695,9688500,0.0,0.0
2019-08-02 00:00:00-04:00,25.260000228881836,25.760000228881836,24.170000076293945,25.030000686645508,17.829540252685547,7951200,0.0,0.0
2019-08-05 00:00:00-04:00,24.25,24.540000915527344,23.93000030517578,24.059999465942383,17.138580322265625,8057700,0.0,0.0
2019-08-06 00:00:00-04:00,24.309999465942383,24.5,23.479999542236328,24.219999313354492,17.25255584716797,12237600,0.0,0.0
2019-08-07 00:00:00-04:00,23.1299991607666,24.459999084472656,22.670000076293945,24.15999984741211,17.209810256958008,13310200,0.0,0.0
2019-08-08 00:00:00-04:00,24.510000228881836,24.770000457763672,23.989999771118164,24.440000534057617,17.40926742553711,10249000,0.0,0.0
2019-08-09 00:00:00-04:00,24.6200008392334,24.979999542236328,24.030000686645508,24.049999237060547,17.131452560424805,7074500,0.0,0.0
2019-08-12 00:00:00-04:00,23.600000381469727,24.040000915527344,23.350000381469727,23.510000228881836,16.746803283691406,6449300,0.0,0.0
2019-08-13 00:00:00-04:00,23.31999969482422,24.489999771118164,23.139999389648438,23.6200008392334,16.825157165527344,8900700,0.0,0.0
2019-08-14 00:00:00-04:00,22.899999618530273,23.020000457763672,22.020000457763672,22.030000686645508,15.6925630569458,6910300,0.0,0.0
2019-08-15 00:00:00-04:00,22.040000915527344,22.15999984741211,21.389999389648438,21.6200008392334,15.400504112243652,7200700,0.0,0.0
2019-08-16 00:00:00-04:00,21.790000915527344,22.600000381469727,21.389999389648438,22.540000915527344,16.055849075317383,7774400,0.0,0.0
2019-08-19 00:00:00-04:00,22.979999542236328,23.389999389648438,22.809999465942383,23.270000457763672,16.575843811035156,5236100,0.0,0.0
2019-08-20 00:00:00-04:00,23.200000762939453,23.6200008392334,22.959999084472656,23.360000610351562,16.63995361328125,6936700,0.0,0.0
2019-08-21 00:00:00-04:00,23.68000030517578,23.969999313354492,23.31999969482422,23.3799991607666,16.654193878173828,5745400,0.0,0.0
2019-08-22 00:00:00-04:00,23.530000686645508,23.65999984741211,23.0,23.030000686645508,16.404891967773438,5894800,0.0,0.0
2019-08-23 00:00:00-04:00,22.530000686645508,22.899999618530273,21.579999923706055,21.68000030517578,15.443239212036133,9246700,0.0,0.0
2019-08-26 00:00:00-04:00,22.020000457763672,22.209999084472656,21.440000534057617,21.56999969482422,15.36489200592041,9275800,0.0,0.0
2019-08-27 00:00:00-04:00,21.760000228881836,21.969999313354492,21.1200008392334,21.34000015258789,15.201057434082031,6666700,0.0,0.0
2019-08-28 00:00:00-04:00,21.530000686645508,22.209999084472656,21.479999542236328,21.920000076293945,15.614202499389648,5824800,0.0,0.0
2019-08-29 00:00:00-04:00,22.09000015258789,22.690000534057617,22.09000015258789,22.540000915527344,16.055849075317383,6215100,0.0,0.0
2019-08-30 00:00:00-04:00,22.639999389648438,22.90999984741211,21.889999389648438,21.989999771118164,15.66406536102295,6616200,0.0,0.0
2019-09-03 00:00:00-04:00,21.440000534057617,22.149999618530273,21.299999237060547,22.09000015258789,15.735297203063965,6614700,0.0,0.0
2019-09-04 00:00:00-04:00,22.549999237060547,23.030000686645508,22.3799991607666,22.84000015258789,16.269542694091797,5609600,0.0,0.0
2019-09-05 00:00:00-04:00,23.1299991607666,24.100000381469727,23.1299991607666,23.5,16.739675521850586,7531000,0.0,0.0
2019-09-06 00:00:00-04:00,23.18000030517578,23.56999969482422,22.549999237060547,23.350000381469727,16.632827758789062,5874100,0.0,0.0
2019-09-09 00:00:00-04:00,23.690000534057617,24.68000030517578,23.68000030517578,24.6299991607666,17.54460906982422,7254700,0.0,0.0
2019-09-10 00:00:00-04:00,24.809999465942383,25.399999618530273,24.31999969482422,24.559999465942383,17.4947452545166,9206800,0.0,0.0
2019-09-11 00:00:00-04:00,24.719999313354492,25.290000915527344,24.299999237060547,24.969999313354492,17.78679847717285,7092500,0.0,0.0
2019-09-12 00:00:00-04:00,24.1299991607666,24.860000610351562,23.770000457763672,24.559999465942383,17.558029174804688,7706100,0.09,0.0
2019-09-13 00:00:00-04:00,24.950000762939453,25.309999465942383,24.6200008392334,25.06999969482422,17.922632217407227,5773800,0.0,0.0
2019-09-16 00:00:00-04:00,27.239999771118164,28.420000076293945,26.729999542236328,28.1200008392334,20.10308837890625,13742400,0.0,0.0
2019-09-17 00:00:00-04:00,28.010000228881836,28.040000915527344,26.229999542236328,26.68000030517578,19.07362937927246,9822200,0.0,0.0
2019-09-18 00:00:00-04:00,26.299999237060547,26.969999313354492,26.149999618530273,26.5,18.944944381713867,8430800,0.0,0.0
2019-09-19 00:00:00-04:00,26.829999923706055,27.020000457763672,25.81999969482422,25.959999084472656,18.55889320373535,6823200,0.0,0.0
2019-09-20 00:00:00-04:00,26.06999969482422,26.239999771118164,25.809999465942383,26.110000610351562,18.6661319732666,7923500,0.0,0.0
2019-09-23 00:00:00-04:00,25.709999084472656,26.149999618530273,25.6299991607666,25.829999923706055,18.465957641601562,4068700,0.0,0.0
2019-09-24 00:00:00-04:00,25.639999389648438,25.739999771118164,24.579999923706055,24.719999313354492,17.672414779663086,5730000,0.0,0.0
2019-09-25 00:00:00-04:00,24.270000457763672,24.829999923706055,24.190000534057617,24.709999084472656,17.665267944335938,4347500,0.0,0.0
2019-09-26 00:00:00-04:00,24.360000610351562,24.530000686645508,24.100000381469727,24.40999984741211,17.450788497924805,3653800,0.0,0.0
2019-09-27 00:00:00-04:00,24.0,24.719999313354492,23.8700008392334,24.25,17.33641242980957,4462000,0.0,0.0
2019-09-30 00:00:00-04:00,24.06999969482422,24.209999084472656,23.850000381469727,24.059999465942383,17.20057487487793,3920700,0.0,0.0
2019-10-01 00:00:00-04:00,24.200000762939453,24.540000915527344,23.100000381469727,23.139999389648438,16.542871475219727,4563500,0.0,0.0
2019-10-02 00:00:00-04:00,22.940000534057617,23.09000015258789,22.0,22.030000686645508,15.749326705932617,6803500,0.0,0.0
2019-10-03 00:00:00-04:00,21.81999969482422,22.700000762939453,21.420000076293945,22.670000076293945,16.206865310668945,7236500,0.0,0.0
2019-10-04 00:00:00-04:00,22.389999389648438,22.81999969482422,22.139999389648438,22.600000381469727,16.15682029724121,3582200,0.0,0.0
2019-10-07 00:00:00-04:00,22.459999084472656,22.600000381469727,21.549999237060547,21.889999389648438,15.649237632751465,7205800,0.0,0.0
2019-10-08 00:00:00-04:00,21.540000915527344,21.719999313354492,20.90999984741211,20.90999984741211,14.948633193969727,8530500,0.0,0.0
2019-10-09 00:00:00-04:00,21.31999969482422,21.399999618530273,20.59000015258789,21.06999969482422,15.06301498413086,7644600,0.0,0.0
2019-10-10 00:00:00-04:00,21.049999237060547,21.350000381469727,20.56999969482422,20.829999923706055,14.891438484191895,5998200,0.0,0.0
2019-10-11 00:00:00-04:00,21.18000030517578,21.719999313354492,21.049999237060547,21.260000228881836,15.198848724365234,8706400,0.0,0.0
2019-10-14 00:00:00-04:00,20.81999969482422,21.0,20.09000015258789,20.950000762939453,14.977228164672852,9665300,0.0,0.0
2019-10-15 00:00:00-04:00,20.84000015258789,21.25,20.450000762939453,20.969999313354492,14.991525650024414,6529300,0.0,0.0
2019-10-16 00:00:00-04:00,20.940000534057617,21.3799991607666,20.59000015258789,20.649999618530273,14.762754440307617,6535900,0.0,0.0
2019-10-17 00:00:00-04:00,20.690000534057617,20.729999542236328,20.170000076293945,20.3799991607666,14.56973648071289,5714900,0.0,0.0
2019-10-18 00:00:00-04:00,20.329999923706055,20.610000610351562,19.799999237060547,19.799999237060547,14.15509033203125,5893000,0.0,0.0
2019-10-21 00:00:00-04:00,19.780000686645508,20.389999389648438,19.770000457763672,20.239999771118164,14.469646453857422,5062900,0.0,0.0
2019-10-22 00:00:00-04:00,20.34000015258789,21.18000030517578,20.09000015258789,20.670000076293945,14.777058601379395,6468900,0.0,0.0
2019-10-23 00:00:00-04:00,20.639999389648438,21.530000686645508,20.31999969482422,21.299999237060547,15.227446556091309,10303100,0.0,0.0
2019-10-24 00:00:00-04:00,21.479999542236328,21.530000686645508,21.030000686645508,21.459999084472656,15.341829299926758,8312900,0.0,0.0
2019-10-25 00:00:00-04:00,21.43000030517578,21.6299991607666,21.059999465942383,21.469999313354492,15.348979949951172,9456300,0.0,0.0
2019-10-28 00:00:00-04:00,21.65999984741211,21.8700008392334,21.049999237060547,21.049999237060547,15.048718452453613,8878500,0.0,0.0
2019-10-29 00:00:00-04:00,20.809999465942383,21.540000915527344,20.709999084472656,21.399999618530273,15.298935890197754,8305100,0.0,0.0
2019-10-30 00:00:00-04:00,21.510000228881836,21.59000015258789,20.18000030517578,20.25,14.476794242858887,6303300,0.0,0.0
2019-10-31 00:00:00-04:00,20.15999984741211,20.43000030517578,19.719999313354492,20.280000686645508,14.498242378234863,5711200,0.0,0.0
2019-11-01 00:00:00-04:00,20.56999969482422,21.209999084472656,20.360000610351562,21.170000076293945,15.134510040283203,6601300,0.0,0.0
2019-11-04 00:00:00-05:00,21.610000610351562,22.649999618530273,21.510000228881836,22.56999969482422,16.135372161865234,12374300,0.0,0.0
2019-11-05 00:00:00-05:00,22.799999237060547,23.56999969482422,22.719999313354492,22.979999542236328,16.428482055664062,11001200,0.0,0.0
2019-11-06 00:00:00-05:00,24.0,24.0,22.030000686645508,22.079999923706055,15.785070419311523,10316400,0.0,0.0
2019-11-07 00:00:00-05:00,22.43000030517578,22.8700008392334,22.3799991607666,22.68000030517578,16.214014053344727,8545900,0.0,0.0
2019-11-08 00:00:00-05:00,22.309999465942383,23.0,22.059999465942383,22.90999984741211,16.37843894958496,5696800,0.0,0.0
2019-11-11 00:00:00-05:00,22.450000762939453,22.760000228881836,22.290000915527344,22.530000686645508,16.106779098510742,5730300,0.0,0.0
2019-11-12 00:00:00-05:00,22.739999771118164,23.06999969482422,22.15999984741211,22.3700008392334,15.992391586303711,7759900,0.0,0.0
2019-11-13 00:00:00-05:00,22.209999084472656,22.34000015258789,21.540000915527344,21.6200008392334,15.456212043762207,6227300,0.0,0.0
2019-11-14 00:00:00-05:00,21.700000762939453,22.110000610351562,21.639999389648438,21.84000015258789,15.613493919372559,5818300,0.0,0.0
2019-11-15 00:00:00-05:00,22.040000915527344,22.850000381469727,22.010000228881836,22.559999465942383,16.128225326538086,6862200,0.0,0.0
2019-11-18 00:00:00-05:00,22.25,22.31999969482422,21.600000381469727,21.959999084472656,15.699277877807617,7662000,0.0,0.0
2019-11-19 00:00:00-05:00,21.84000015258789,21.889999389648438,21.209999084472656,21.489999771118164,15.36327838897705,6166100,0.0,0.0
2019-11-20 00:00:00-05:00,21.399999618530273,22.540000915527344,21.290000915527344,21.950000762939453,15.692132949829102,6380900,0.0,0.0
2019-11-21 00:00:00-05:00,22.110000610351562,22.889999389648438,21.90999984741211,22.770000457763672,16.27835464477539,7108000,0.0,0.0
2019-11-22 00:00:00-05:00,22.8700008392334,23.040000915527344,22.510000228881836,22.770000457763672,16.27835464477539,4324300,0.0,0.0
2019-11-25 00:00:00-05:00,22.729999542236328,22.889999389648438,22.489999771118164,22.739999771118164,16.25691032409668,7193200,0.0,0.0
2019-11-26 00:00:00-05:00,22.700000762939453,22.809999465942383,22.149999618530273,22.260000228881836,15.913752555847168,6717600,0.0,0.0
2019-11-27 00:00:00-05:00,22.350000381469727,22.59000015258789,22.100000381469727,22.510000228881836,16.09247398376465,3221600,0.0,0.0
2019-11-29 00:00:00-05:00,22.25,22.25,21.709999084472656,21.889999389648438,15.649237632751465,2392100,0.0,0.0
2019-12-02 00:00:00-05:00,22.149999618530273,22.3700008392334,21.790000915527344,21.829999923706055,15.606341361999512,4867500,0.0,0.0
2019-12-03 00:00:00-05:00,21.5,21.770000457763672,21.09000015258789,21.40999984741211,15.306084632873535,4483700,0.0,0.0
2019-12-04 00:00:00-05:00,21.760000228881836,22.59000015258789,21.739999771118164,22.389999389648438,16.006690979003906,6375200,0.0,0.0
2019-12-05 00:00:00-05:00,22.670000076293945,22.739999771118164,21.8700008392334,22.06999969482422,15.777921676635742,5175000,0.0,0.0
2019-12-06 00:00:00-05:00,22.170000076293945,23.25,22.170000076293945,23.139999389648438,16.542871475219727,5310200,0.0,0.0
2019-12-09 00:00:00-05:00,22.90999984741211,23.299999237060547,22.8700008392334,23.149999618530273,16.550016403198242,4508700,0.0,0.0
2019-12-10 00:00:00-05:00,23.489999771118164,23.889999389648438,23.170000076293945,23.420000076293945,16.7430419921875,5087100,0.0,0.0
2019-12-11 00:00:00-05:00,23.329999923706055,23.579999923706055,23.1200008392334,23.420000076293945,16.7430419921875,3583600,0.0,0.0
2019-12-12 00:00:00-05:00,23.389999389648438,24.1200008392334,23.31999969482422,23.989999771118164,17.21669578552246,5833000,0.09,0.0
2019-12-13 00:00:00-05:00,24.049999237060547,24.209999084472656,23.43000030517578,23.479999542236328,16.850690841674805,4573600,0.0,0.0
2019-12-16 00:00:00-05:00,23.780000686645508,24.209999084472656,23.6299991607666,23.850000381469727,17.116228103637695,11448300,0.0,0.0
2019-12-17 00:00:00-05:00,23.899999618530273,24.34000015258789,23.860000610351562,24.170000076293945,17.345869064331055,5364000,0.0,0.0
2019-12-18 00:00:00-05:00,24.649999618530273,25.020000457763672,24.309999465942383,24.700000762939453,17.726238250732422,9021700,0.0,0.0
2019-12-19 00:00:00-05:00,24.739999771118164,25.229999542236328,24.709999084472656,25.110000610351562,18.020477294921875,7107400,0.0,0.0
2019-12-20 00:00:00-05:00,25.299999237060547,25.549999237060547,25.059999465942383,25.469999313354492,18.278837203979492,14639100,0.0,0.0
2019-12-23 00:00:00-05:00,25.540000915527344,26.309999465942383,25.440000534057617,26.229999542236328,18.82425880432129,6292100,0.0,0.0
2019-12-24 00:00:00-05:00,26.350000381469727,26.690000534057617,26.280000686645508,26.540000915527344,19.046733856201172,2780000,0.0,0.0
2019-12-26 00:00:00-05:00,26.700000762939453,26.90999984741211,26.31999969482422,26.360000610351562,18.91755485534668,3175300,0.0,0.0
2019-12-27 00:00:00-05:00,26.5,26.56999969482422,25.709999084472656,25.729999542236328,18.465429306030273,3950700,0.0,0.0
2019-12-30 00:00:00-05:00,25.760000228881836,25.969999313354492,25.5,25.530000686645508,18.321895599365234,3549700,0.0,0.0
2019-12-31 00:00:00-05:00,25.280000686645508,26.079999923706055,25.149999618530273,25.969999313354492,18.637666702270508,3391300,0.0,0.0
2020-01-02 00:00:00-05:00,26.209999084472656,26.280000686645508,25.6299991607666,25.790000915527344,18.508487701416016,5091400,0.0,0.0
2020-01-03 00:00:00-05:00,26.5,26.540000915527344,25.920000076293945,26.100000381469727,18.730960845947266,6983500,0.0,0.0
2020-01-06 00:00:00-05:00,26.329999923706055,26.549999237060547,26.09000015258789,26.40999984741211,18.953439712524414,4389700,0.0,0.0
2020-01-07 00:00:00-05:00,26.25,26.56999969482422,26.100000381469727,26.489999771118164,19.010852813720703,6457400,0.0,0.0
2020-01-08 00:00:00-05:00,26.450000762939453,26.489999771118164,25.209999084472656,25.549999237060547,18.33625030517578,8227400,0.0,0.0
2020-01-09 00:00:00-05:00,25.889999389648438,25.940000534057617,25.200000762939453,25.850000381469727,18.551544189453125,7500200,0.0,0.0
2020-01-10 00:00:00-05:00,25.700000762939453,25.700000762939453,25.020000457763672,25.100000381469727,18.013303756713867,5205900,0.0,0.0
2020-01-13 00:00:00-05:00,25.010000228881836,25.43000030517578,24.639999389648438,25.360000610351562,18.19989776611328,4744200,0.0,0.0
2020-01-14 00:00:00-05:00,25.510000228881836,26.360000610351562,25.3700008392334,26.229999542236328,18.82425880432129,6388500,0.0,0.0
2020-01-15 00:00:00-05:00,26.0,26.260000228881836,25.860000610351562,26.239999771118164,18.831436157226562,5669200,0.0,0.0
2020-01-16 00:00:00-05:00,26.489999771118164,26.979999542236328,26.389999389648438,26.440000534057617,18.97496795654297,6293500,0.0,0.0
2020-01-17 00:00:00-05:00,26.559999465942383,26.559999465942383,25.719999313354492,25.850000381469727,18.551544189453125,5842600,0.0,0.0
2020-01-21 00:00:00-05:00,25.649999618530273,25.770000457763672,24.979999542236328,24.989999771118164,17.934358596801758,5810100,0.0,0.0
2020-01-22 00:00:00-05:00,24.739999771118164,24.850000381469727,24.18000030517578,24.299999237060547,17.43917465209961,8146500,0.0,0.0
2020-01-23 00:00:00-05:00,24.040000915527344,24.59000015258789,23.600000381469727,24.399999618530273,17.510936737060547,5921300,0.0,0.0
2020-01-24 00:00:00-05:00,24.34000015258789,24.350000381469727,23.559999465942383,23.950000762939453,17.187990188598633,5564900,0.0,0.0
2020-01-27 00:00:00-05:00,23.200000762939453,23.420000076293945,22.440000534057617,22.6200008392334,16.233503341674805,6349000,0.0,0.0
2020-01-28 00:00:00-05:00,22.899999618530273,22.979999542236328,22.540000915527344,22.719999313354492,16.305269241333008,5050200,0.0,0.0
2020-01-29 00:00:00-05:00,22.950000762939453,23.079999923706055,22.1200008392334,22.190000534057617,15.924904823303223,5954000,0.0,0.0
2020-01-30 00:00:00-05:00,21.81999969482422,22.540000915527344,21.65999984741211,22.489999771118164,16.140201568603516,5609200,0.0,0.0
2020-01-31 00:00:00-05:00,21.950000762939453,22.049999237060547,21.270000457763672,21.719999313354492,15.587606430053711,7340500,0.0,0.0
2020-02-03 00:00:00-05:00,21.700000762939453,21.790000915527344,21.149999618530273,21.18000030517578,15.200067520141602,5867400,0.0,0.0
2020-02-04 00:00:00-05:00,21.75,22.329999923706055,21.670000076293945,21.860000610351562,15.688080787658691,6171000,0.0,0.0
2020-02-05 00:00:00-05:00,22.479999542236328,23.610000610351562,22.399999618530273,23.40999984741211,16.80044937133789,6787400,0.0,0.0
2020-02-06 00:00:00-05:00,23.479999542236328,23.549999237060547,22.940000534057617,23.1299991607666,16.599506378173828,5152800,0.0,0.0
2020-02-07 00:00:00-05:00,22.729999542236328,23.09000015258789,22.5,22.969999313354492,16.484683990478516,3338500,0.0,0.0
2020-02-10 00:00:00-05:00,22.700000762939453,22.84000015258789,22.329999923706055,22.540000915527344,16.176088333129883,3741400,0.0,0.0
2020-02-11 00:00:00-05:00,23.0,23.149999618530273,22.670000076293945,22.700000762939453,16.29091453552246,3700800,0.0,0.0
2020-02-12 00:00:00-05:00,23.350000381469727,23.790000915527344,23.1200008392334,23.260000228881836,16.69279670715332,4484100,0.0,0.0
2020-02-13 00:00:00-05:00,22.969999313354492,23.3700008392334,22.790000915527344,23.299999237060547,16.72150993347168,5176500,0.0,0.0
2020-02-14 00:00:00-05:00,23.440000534057617,23.59000015258789,22.559999465942383,22.81999969482422,16.37703514099121,7211000,0.0,0.0
2020-02-18 00:00:00-05:00,22.5,22.559999465942383,22.010000228881836,22.15999984741211,15.903375625610352,9680000,0.0,0.0
2020-02-19 00:00:00-05:00,22.520000457763672,23.030000686645508,22.15999984741211,22.719999313354492,16.305269241333008,10966700,0.0,0.0
2020-02-20 00:00:00-05:00,22.329999923706055,22.6200008392334,22.059999465942383,22.149999618530273,15.896199226379395,7706300,0.0,0.0
2020-02-21 00:00:00-05:00,21.700000762939453,21.729999542236328,20.850000381469727,20.969999313354492,15.049357414245605,9274000,0.0,0.0
2020-02-24 00:00:00-05:00,19.93000030517578,19.93000030517578,19.100000381469727,19.18000030517578,13.764745712280273,10968800,0.0,0.0
2020-02-25 00:00:00-05:00,19.209999084472656,19.360000610351562,17.610000610351562,17.780000686645508,12.760018348693848,10388900,0.0,0.0
2020-02-26 00:00:00-05:00,17.8700008392334,17.93000030517578,16.690000534057617,16.719999313354492,11.999297142028809,10340400,0.0,0.0
2020-02-27 00:00:00-05:00,15.829999923706055,16.729999542236328,15.399999618530273,15.670000076293945,11.245755195617676,13203400,0.0,0.0
2020-02-28 00:00:00-05:00,14.930000305175781,16.31999969482422,14.789999961853027,16.239999771118164,11.65481948852539,13848000,0.0,0.0
2020-03-02 00:00:00-05:00,16.530000686645508,16.670000076293945,15.40999984741211,16.309999465942383,11.705057144165039,11012000,0.0,0.0
2020-03-03 00:00:00-05:00,16.219999313354492,16.809999465942383,15.479999542236328,15.789999961853027,11.33187198638916,11433000,0.0,0.0
2020-03-04 00:00:00-05:00,16.149999618530273,16.549999237060547,15.6899995803833,16.260000228881836,11.669175148010254,8787200,0.0,0.0
2020-03-05 00:00:00-05:00,15.630000114440918,16.100000381469727,15.460000038146973,15.949999809265137,11.446698188781738,9800200,0.0,0.0
2020-03-06 00:00:00-05:00,15.15999984741211,15.220000267028809,13.010000228881836,13.369999885559082,9.595133781433105,13648400,0.0,0.0
2020-03-09 00:00:00-04:00,9.149999618530273,9.770000457763672,8.029999732971191,8.369999885559082,6.0068254470825195,24783100,0.0,0.0
2020-03-10 00:00:00-04:00,9.380000114440918,9.399999618530273,7.820000171661377,9.010000228881836,6.466128826141357,20134700,0.0,0.0
2020-03-11 00:00:00-04:00,8.420000076293945,8.9399995803833,8.09000015258789,8.40999984741211,6.035531997680664,15483400,0.0,0.0
2020-03-12 00:00:00-04:00,7.760000228881836,8.100000381469727,7.010000228881836,7.269999980926514,5.273837089538574,14551000,0.09,0.0
2020-03-13 00:00:00-04:00,8.130000114440918,8.710000038146973,7.190000057220459,8.699999809265137,6.31119441986084,18626600,0.0,0.0
2020-03-16 00:00:00-04:00,7.099999904632568,8.359999656677246,6.5,7.570000171661377,5.491463661193848,14135800,0.0,0.0
2020-03-17 00:00:00-04:00,7.599999904632568,7.869999885559082,6.360000133514404,6.460000038146973,4.686241626739502,13441300,0.0,0.0
2020-03-18 00:00:00-04:00,5.880000114440918,5.960000038146973,4.699999809265137,5.409999847412109,3.924546718597412,14374600,0.0,0.0
2020-03-19 00:00:00-04:00,5.510000228881836,6.550000190734863,5.260000228881836,6.550000190734863,4.751531600952148,14057900,0.0,0.0
2020-03-20 00:00:00-04:00,6.739999771118164,7.340000152587891,5.940000057220459,6.079999923706055,4.410581111907959,18814900,0.0,0.0
2020-03-23 00:00:00-04:00,6.019999980926514,6.590000152587891,5.699999809265137,6.179999828338623,4.483123779296875,13426500,0.0,0.0
2020-03-24 00:00:00-04:00,6.800000190734863,7.630000114440918,6.369999885559082,7.409999847412109,5.37539529800415,14859800,0.0,0.0
2020-03-25 00:00:00-04:00,7.380000114440918,7.789999961853027,6.639999866485596,7.159999847412109,5.194039344787598,12033100,0.0,0.0
2020-03-26 00:00:00-04:00,7.309999942779541,7.599999904632568,6.75,7.360000133514404,5.339125633239746,13399600,0.0,0.0
2020-03-27 00:00:00-04:00,6.940000057220459,6.960000038146973,6.210000038146973,6.289999961853027,4.562920093536377,13563100,0.0,0.0
2020-03-30 00:00:00-04:00,6.159999847412109,6.519999980926514,5.460000038146973,6.349999904632568,4.606446266174316,19194700,0.0,0.0
2020-03-31 00:00:00-04:00,6.679999828338623,7.449999809265137,6.679999828338623,6.909999847412109,5.012683391571045,14607600,0.0,0.0
2020-04-01 00:00:00-04:00,6.570000171661377,6.940000057220459,6.21999979019165,6.789999961853027,4.925632953643799,16931500,0.0,0.0
2020-04-02 00:00:00-04:00,7.289999961853027,9.039999961853027,7.070000171661377,7.789999961853027,5.651057720184326,24076400,0.0,0.0
2020-04-03 00:00:00-04:00,8.300000190734863,8.569999694824219,7.559999942779541,8.380000114440918,6.0790581703186035,17941900,0.0,0.0
2020-04-06 00:00:00-04:00,8.460000038146973,8.890000343322754,8.199999809265137,8.800000190734863,6.383735656738281,13542100,0.0,0.0
2020-04-07 00:00:00-04:00,9.59000015258789,10.079999923706055,8.640000343322754,8.710000038146973,6.318447589874268,14770900,0.0,0.0
2020-04-08 00:00:00-04:00,9.029999732971191,9.4399995803833,8.619999885559082,9.40999984741211,6.826245307922363,11611300,0.0,0.0
2020-04-09 00:00:00-04:00,10.100000381469727,10.5600004196167,8.859999656677246,9.670000076293945,7.01485538482666,24413800,0.0,0.0
2020-04-13 00:00:00-04:00,10.260000228881836,10.34000015258789,9.430000305175781,9.710000038146973,7.0438714027404785,11422400,0.0,0.0
2020-04-14 00:00:00-04:00,9.420000076293945,9.720000267028809,8.869999885559082,9.109999656677246,6.608616828918457,11435600,0.0,0.0
2020-04-15 00:00:00-04:00,8.350000381469727,8.729999542236328,8.050000190734863,8.670000076293945,6.289430618286133,10246900,0.0,0.0
2020-04-16 00:00:00-04:00,8.600000381469727,8.630000114440918,8.079999923706055,8.09000015258789,5.868685722351074,6949200,0.0,0.0
2020-04-17 00:00:00-04:00,8.180000305175781,9.25,8.130000114440918,9.220000267028809,6.688416004180908,12742900,0.0,0.0
2020-04-20 00:00:00-04:00,8.390000343322754,9.579999923706055,8.300000190734863,9.15999984741211,6.644888877868652,12798900,0.0,0.0
2020-04-21 00:00:00-04:00,8.6899995803833,9.270000457763672,8.579999923706055,9.050000190734863,6.565092086791992,14497600,0.0,0.0
2020-04-22 00:00:00-04:00,9.579999923706055,9.819999694824219,9.329999923706055,9.739999771118164,7.065635681152344,7391800,0.0,0.0
2020-04-23 00:00:00-04:00,10.130000114440918,11.0,10.050000190734863,10.569999694824219,7.667737007141113,12396400,0.0,0.0
2020-04-24 00:00:00-04:00,10.899999618530273,11.229999542236328,10.1899995803833,10.520000457763672,7.631467819213867,16016800,0.0,0.0
2020-04-27 00:00:00-04:00,10.300000190734863,10.890000343322754,9.880000114440918,10.760000228881836,7.805567741394043,7466800,0.0,0.0
2020-04-28 00:00:00-04:00,11.029999732971191,11.25,10.65999984741211,10.970000267028809,7.957908630371094,8856000,0.0,0.0
2020-04-29 00:00:00-04:00,11.510000228881836,12.899999618530273,11.350000381469727,12.630000114440918,9.162113189697266,11865400,0.0,0.0
2020-04-30 00:00:00-04:00,12.8100004196167,12.850000381469727,11.899999618530273,12.470000267028809,9.046043395996094,10381000,0.0,0.0
2020-05-01 00:00:00-04:00,11.920000076293945,12.199999809265137,11.039999961853027,11.149999618530273,8.088481903076172,7152100,0.0,0.0
2020-05-04 00:00:00-04:00,10.859999656677246,11.430000305175781,10.640000343322754,11.420000076293945,8.284347534179688,6554300,0.0,0.0
2020-05-05 00:00:00-04:00,12.15999984741211,12.25,11.109999656677246,11.180000305175781,8.110248565673828,8942300,0.0,0.0
2020-05-06 00:00:00-04:00,11.899999618530273,12.050000190734863,11.25,11.489999771118164,8.335127830505371,10874300,0.0,0.0
2020-05-07 00:00:00-04:00,11.949999809265137,12.430000305175781,11.90999984741211,12.010000228881836,8.712349891662598,8928300,0.0,0.0
2020-05-08 00:00:00-04:00,12.319999694824219,12.720000267028809,12.25,12.699999809265137,9.212892532348633,7413600,0.0,0.0
2020-05-11 00:00:00-04:00,12.5,12.779999732971191,12.25,12.460000038146973,9.038789749145508,8113500,0.0,0.0
2020-05-12 00:00:00-04:00,12.640000343322754,13.079999923706055,12.399999618530273,12.399999618530273,8.995261192321777,8834000,0.0,0.0
2020-05-13 00:00:00-04:00,12.25,12.270000457763672,11.289999961853027,11.529999732971191,8.36414623260498,9738800,0.0,0.0
2020-05-14 00:00:00-04:00,11.210000038146973,12.0600004196167,10.789999961853027,11.65999984741211,8.458449363708496,7713900,0.0,0.0
2020-05-15 00:00:00-04:00,11.609999656677246,12.34000015258789,11.510000228881836,11.949999809265137,8.668825149536133,8335400,0.0,0.0
2020-05-18 00:00:00-04:00,12.859999656677246,13.359999656677246,12.630000114440918,13.119999885559082,9.517570495605469,10691700,0.0,0.0
2020-05-19 00:00:00-04:00,13.140000343322754,13.15999984741211,12.300000190734863,12.3100004196167,8.929977416992188,9861100,0.0,0.0
2020-05-20 00:00:00-04:00,12.619999885559082,12.869999885559082,12.359999656677246,12.420000076293945,9.009774208068848,10717300,0.0,0.0
2020-05-21 00:00:00-04:00,12.489999771118164,12.609999656677246,12.050000190734863,12.289999961853027,8.915467262268066,8138600,0.0,0.0
2020-05-22 00:00:00-04:00,12.149999618530273,12.25,11.800000190734863,12.140000343322754,8.806655883789062,8327800,0.0,0.0
2020-05-26 00:00:00-04:00,12.739999771118164,12.789999961853027,12.109999656677246,12.3100004196167,8.929977416992188,9076900,0.0,0.0
2020-05-27 00:00:00-04:00,12.5,12.5,11.779999732971191,12.430000305175781,9.017029762268066,9418900,0.0,0.0
2020-05-28 00:00:00-04:00,12.390000343322754,12.399999618530273,11.569999694824219,11.65999984741211,8.458449363708496,11208700,0.0,0.0
2020-05-29 00:00:00-04:00,11.5,11.5600004196167,10.770000457763672,10.8100004196167,7.841839790344238,43102100,0.0,0.0
2020-06-01 00:00:00-04:00,10.800000190734863,11.880000114440918,10.619999885559082,11.699999809265137,8.487464904785156,12174000,0.0,0.0
2020-06-02 00:00:00-04:00,11.880000114440918,12.220000267028809,11.859999656677246,12.15999984741211,8.821162223815918,8460800,0.0,0.0
2020-06-03 00:00:00-04:00,12.399999618530273,12.59000015258789,12.079999923706055,12.520000457763672,9.082315444946289,8261400,0.0,0.0
2020-06-04 00:00:00-04:00,12.350000381469727,12.819999694824219,12.079999923706055,12.720000267028809,9.227401733398438,10409200,0.0,0.0
2020-06-05 00:00:00-04:00,13.510000228881836,14.899999618530273,13.5,14.600000381469727,10.591197967529297,15550300,0.0,0.0
2020-06-08 00:00:00-04:00,15.649999618530273,15.760000228881836,14.539999961853027,15.760000228881836,11.432690620422363,13064200,0.0,0.0
2020-06-09 00:00:00-04:00,15.0,15.029999732971191,14.220000267028809,14.550000190734863,10.554926872253418,10895900,0.0,0.0
2020-06-10 00:00:00-04:00,14.149999618530273,14.5,13.350000381469727,13.670000076293945,9.91655445098877,12575600,0.0,0.0
2020-06-11 00:00:00-04:00,12.199999809265137,13.220000267028809,11.920000076293945,12.199999809265137,8.850178718566895,9180400,0.0,0.0
2020-06-12 00:00:00-04:00,13.029999732971191,13.09000015258789,12.109999656677246,12.800000190734863,9.369916915893555,8107100,0.11,0.0
2020-06-15 00:00:00-04:00,12.010000228881836,13.09000015258789,11.819999694824219,12.890000343322754,9.435798645019531,7482400,0.0,0.0
2020-06-16 00:00:00-04:00,13.869999885559082,13.880000114440918,12.800000190734863,13.300000190734863,9.735928535461426,10065500,0.0,0.0
2020-06-17 00:00:00-04:00,13.199999809265137,13.3100004196167,12.600000381469727,12.630000114440918,9.245473861694336,7580300,0.0,0.0
2020-06-18 00:00:00-04:00,12.4399995803833,13.140000343322754,12.369999885559082,12.949999809265137,9.479720115661621,6611000,0.0,0.0
2020-06-19 00:00:00-04:00,13.420000076293945,13.65999984741211,12.729999542236328,12.9399995803833,9.472399711608887,15559700,0.0,0.0
2020-06-22 00:00:00-04:00,12.90999984741211,12.979999542236328,12.5600004196167,12.699999809265137,9.296714782714844,6084900,0.0,0.0
2020-06-23 00:00:00-04:00,12.90999984741211,13.0,12.279999732971191,12.380000114440918,9.062466621398926,9560800,0.0,0.0
2020-06-24 00:00:00-04:00,12.109999656677246,12.170000076293945,11.25,11.25,8.235276222229004,11073100,0.0,0.0
2020-06-25 00:00:00-04:00,11.109999656677246,11.789999961853027,11.0600004196167,11.699999809265137,8.564689636230469,8708200,0.0,0.0
2020-06-26 00:00:00-04:00,11.5600004196167,11.569999694824219,10.850000381469727,10.9399995803833,8.008352279663086,9114100,0.0,0.0
2020-06-29 00:00:00-04:00,10.920000076293945,11.199999809265137,10.760000228881836,11.119999885559082,8.140116691589355,8126000,0.0,0.0
2020-06-30 00:00:00-04:00,10.949999809265137,11.430000305175781,10.779999732971191,11.34000015258789,8.301161766052246,8480700,0.0,0.0
2020-07-01 00:00:00-04:00,11.359999656677246,11.800000190734863,10.979999542236328,11.100000381469727,8.125475883483887,9292600,0.0,0.0
2020-07-02 00:00:00-04:00,11.470000267028809,11.65999984741211,11.140000343322754,11.239999771118164,8.227958679199219,8120800,0.0,0.0
2020-07-06 00:00:00-04:00,11.5,11.729999542236328,10.979999542236328,11.15999984741211,8.169397354125977,8733500,0.0,0.0
2020-07-07 00:00:00-04:00,10.970000267028809,11.0,10.329999923706055,10.350000381469727,7.576457977294922,10357100,0.0,0.0
2020-07-08 00:00:00-04:00,10.3100004196167,10.5,10.09000015258789,10.359999656677246,7.583776950836182,9995400,0.0,0.0
2020-07-09 00:00:00-04:00,10.319999694824219,10.430000305175781,9.779999732971191,9.800000190734863,7.1738433837890625,8992400,0.0,0.0
2020-07-10 00:00:00-04:00,9.6899995803833,10.239999771118164,9.609999656677246,10.1899995803833,7.459331035614014,8822300,0.0,0.0
2020-07-13 00:00:00-04:00,10.199999809265137,10.460000038146973,9.829999923706055,9.960000038146973,7.290966987609863,8218600,0.0,0.0
2020-07-14 00:00:00-04:00,9.90999984741211,10.430000305175781,9.739999771118164,10.430000305175781,7.635018825531006,8370700,0.0,0.0
2020-07-15 00:00:00-04:00,10.729999542236328,10.829999923706055,10.470000267028809,10.739999771118164,7.861945152282715,7685500,0.0,0.0
2020-07-16 00:00:00-04:00,10.609999656677246,10.970000267028809,10.329999923706055,10.670000076293945,7.810706615447998,6045600,0.0,0.0
2020-07-17 00:00:00-04:00,10.720000267028809,10.930000305175781,10.199999809265137,10.289999961853027,7.532535552978516,6260700,0.0,0.0
2020-07-20 00:00:00-04:00,10.260000228881836,10.579999923706055,10.180000305175781,10.270000457763672,7.517895698547363,7694900,0.0,0.0
2020-07-21 00:00:00-04:00,10.6899995803833,11.630000114440918,10.6899995803833,11.350000381469727,8.30848217010498,14804500,0.0,0.0
2020-07-22 00:00:00-04:00,11.140000343322754,11.25,10.880000114440918,11.069999694824219,8.103514671325684,9684400,0.0,0.0
2020-07-23 00:00:00-04:00,10.869999885559082,11.220000267028809,10.760000228881836,10.880000114440918,7.9644293785095215,9173000,0.0,0.0
2020-07-24 00:00:00-04:00,10.850000381469727,11.09000015258789,10.670000076293945,10.699999809265137,7.832665920257568,5428000,0.0,0.0
2020-07-27 00:00:00-04:00,10.670000076293945,10.699999809265137,10.260000228881836,10.430000305175781,7.635018825531006,7119200,0.0,0.0
2020-07-28 00:00:00-04:00,10.359999656677246,10.680000305175781,10.3100004196167,10.34000015258789,7.569135665893555,5853400,0.0,0.0
2020-07-29 00:00:00-04:00,10.40999984741211,10.850000381469727,10.270000457763672,10.84000015258789,7.935148239135742,7501100,0.0,0.0
2020-07-30 00:00:00-04:00,10.520000457763672,10.59000015258789,10.15999984741211,10.34000015258789,7.569135665893555,7693300,0.0,0.0
2020-07-31 00:00:00-04:00,10.229999542236328,10.520000457763672,10.130000114440918,10.489999771118164,7.678938865661621,7538200,0.0,0.0
2020-08-03 00:00:00-04:00,10.510000228881836,10.770000457763672,10.279999732971191,10.600000381469727,7.759463787078857,6596700,0.0,0.0
2020-08-04 00:00:00-04:00,10.569999694824219,11.319999694824219,10.550000190734863,11.09000015258789,8.118155479431152,11389200,0.0,0.0
2020-08-05 00:00:00-04:00,11.859999656677246,12.140000343322754,11.550000190734863,12.039999961853027,8.813579559326172,14166700,0.0,0.0
2020-08-06 00:00:00-04:00,11.899999618530273,12.050000190734863,11.640000343322754,11.770000457763672,8.615931510925293,9407300,0.0,0.0
2020-08-07 00:00:00-04:00,11.569999694824219,12.170000076293945,11.430000305175781,12.109999656677246,8.86482048034668,9433600,0.0,0.0
2020-08-10 00:00:00-04:00,12.25,12.699999809265137,12.119999885559082,12.640000343322754,9.252793312072754,10311300,0.0,0.0
2020-08-11 00:00:00-04:00,13.039999961853027,13.25,12.300000190734863,12.359999656677246,9.047825813293457,8952600,0.0,0.0
2020-08-12 00:00:00-04:00,12.670000076293945,12.75,12.3100004196167,12.510000228881836,9.157630920410156,6983400,0.0,0.0
2020-08-13 00:00:00-04:00,12.210000038146973,12.359999656677246,11.829999923706055,11.84000015258789,8.851129531860352,7692500,0.26,0.0
2020-08-14 00:00:00-04:00,11.770000457763672,12.119999885559082,11.579999923706055,12.119999885559082,9.060447692871094,4218100,0.0,0.0
2020-08-17 00:00:00-04:00,12.010000228881836,12.039999961853027,11.539999961853027,11.739999771118164,8.776373863220215,6813200,0.0,0.0
2020-08-18 00:00:00-04:00,11.640000343322754,11.720000267028809,11.289999961853027,11.34000015258789,8.477349281311035,6895200,0.0,0.0
2020-08-19 00:00:00-04:00,11.34000015258789,11.399999618530273,11.0600004196167,11.09000015258789,8.290458679199219,6724900,0.0,0.0
2020-08-20 00:00:00-04:00,10.859999656677246,11.020000457763672,10.680000305175781,10.6899995803833,7.991433620452881,5064600,0.0,0.0
2020-08-21 00:00:00-04:00,10.670000076293945,10.710000038146973,10.380000114440918,10.4399995803833,7.80454158782959,4932300,0.0,0.0
2020-08-24 00:00:00-04:00,10.539999961853027,10.920000076293945,10.470000267028809,10.779999732971191,8.058713912963867,5946900,0.0,0.0
2020-08-25 00:00:00-04:00,10.899999618530273,11.069999694824219,10.710000038146973,10.979999542236328,8.208226203918457,5796300,0.0,0.0
2020-08-26 00:00:00-04:00,11.0,11.100000381469727,10.680000305175781,10.699999809265137,7.998908996582031,5244400,0.0,0.0
2020-08-27 00:00:00-04:00,10.760000228881836,10.869999885559082,10.520000457763672,10.760000228881836,8.0437650680542,5458400,0.0,0.0
2020-08-28 00:00:00-04:00,10.84000015258789,11.229999542236328,10.789999961853027,11.100000381469727,8.297937393188477,5612100,0.0,0.0
2020-08-31 00:00:00-04:00,11.100000381469727,11.140000343322754,10.75,10.869999885559082,8.125995635986328,5002400,0.0,0.0
2020-09-01 00:00:00-04:00,10.760000228881836,11.069999694824219,10.619999885559082,10.90999984741211,8.15589714050293,5747800,0.0,0.0
2020-09-02 00:00:00-04:00,10.90999984741211,10.9399995803833,10.59000015258789,10.65999984741211,7.969006538391113,8443800,0.0,0.0
2020-09-03 00:00:00-04:00,10.479999542236328,10.770000457763672,10.390000343322754,10.470000267028809,7.826969146728516,8122500,0.0,0.0
2020-09-04 00:00:00-04:00,10.609999656677246,10.770000457763672,10.350000381469727,10.550000190734863,7.886775016784668,5498300,0.0,0.0
2020-09-08 00:00:00-04:00,10.210000038146973,10.25,9.489999771118164,9.619999885559082,7.191542625427246,11081000,0.0,0.0
2020-09-09 00:00:00-04:00,9.770000457763672,9.789999961853027,9.369999885559082,9.579999923706055,7.16163969039917,7062100,0.0,0.0
2020-09-10 00:00:00-04:00,9.579999923706055,9.6899995803833,8.859999656677246,8.869999885559082,6.630871295928955,12149700,0.0,0.0
2020-09-11 00:00:00-04:00,8.789999961853027,9.020000457763672,8.65999984741211,8.970000267028809,6.789830684661865,10429000,0.11,0.0
2020-09-14 00:00:00-04:00,9.039999961853027,9.220000267028809,8.899999618530273,9.119999885559082,6.903374671936035,6228100,0.0,0.0
2020-09-15 00:00:00-04:00,9.170000076293945,9.390000343322754,9.130000114440918,9.229999542236328,6.986637592315674,8890400,0.0,0.0
2020-09-16 00:00:00-04:00,9.399999618530273,9.930000305175781,9.220000267028809,9.760000228881836,7.387819290161133,7845100,0.0,0.0
2020-09-17 00:00:00-04:00,9.510000228881836,9.970000267028809,9.460000038146973,9.949999809265137,7.531640529632568,6791100,0.0,0.0
2020-09-18 00:00:00-04:00,9.90999984741211,10.069999694824219,9.670000076293945,9.779999732971191,7.402958393096924,12580600,0.0,0.0
2020-09-21 00:00:00-04:00,9.380000114440918,9.460000038146973,9.130000114440918,9.270000457763672,7.016916751861572,5664200,0.0,0.0
2020-09-22 00:00:00-04:00,9.34000015258789,9.489999771118164,9.109999656677246,9.199999809265137,6.963928699493408,5359300,0.0,0.0
2020-09-23 00:00:00-04:00,9.260000228881836,9.34000015258789,8.680000305175781,8.680000305175781,6.570316791534424,6896800,0.0,0.0
2020-09-24 00:00:00-04:00,8.640000343322754,9.140000343322754,8.430000305175781,8.960000038146973,6.782261848449707,9167500,0.0,0.0
2020-09-25 00:00:00-04:00,8.770000457763672,8.970000267028809,8.680000305175781,8.819999694824219,6.67628812789917,6859700,0.0,0.0
2020-09-28 00:00:00-04:00,9.5600004196167,10.020000457763672,8.989999771118164,9.800000190734863,7.4180989265441895,39400900,0.0,0.0
2020-09-29 00:00:00-04:00,9.760000228881836,9.770000457763672,8.970000267028809,9.569999694824219,7.243999481201172,25306900,0.0,0.0
2020-09-30 00:00:00-04:00,9.609999656677246,9.760000228881836,9.399999618530273,9.460000038146973,7.160735130310059,12237500,0.0,0.0
2020-10-01 00:00:00-04:00,9.40999984741211,9.539999961853027,9.020000457763672,9.100000381469727,6.8882341384887695,12066500,0.0,0.0
2020-10-02 00:00:00-04:00,8.699999809265137,9.859999656677246,8.649999618530273,9.600000381469727,7.266708850860596,14637600,0.0,0.0
2020-10-05 00:00:00-04:00,9.869999885559082,10.15999984741211,9.619999885559082,10.149999618530273,7.68303108215332,12036800,0.0,0.0
2020-10-06 00:00:00-04:00,10.449999809265137,10.59000015258789,9.6899995803833,9.729999542236328,7.365111827850342,11454000,0.0,0.0
2020-10-07 00:00:00-04:00,9.800000190734863,9.949999809265137,9.59000015258789,9.869999885559082,7.471086025238037,9363500,0.0,0.0
2020-10-08 00:00:00-04:00,9.970000267028809,10.329999923706055,9.84000015258789,10.319999694824219,7.811710834503174,8722000,0.0,0.0
2020-10-09 00:00:00-04:00,10.40999984741211,10.460000038146973,10.0,10.069999694824219,7.622472763061523,8986300,0.0,0.0
2020-10-12 00:00:00-04:00,10.0,10.029999732971191,9.760000228881836,9.859999656677246,7.463515758514404,6470900,0.0,0.0
2020-10-13 00:00:00-04:00,9.800000190734863,9.970000267028809,9.479999542236328,9.5,7.191013336181641,8267600,0.0,0.0
2020-10-14 00:00:00-04:00,9.569999694824219,9.869999885559082,9.300000190734863,9.319999694824219,7.054764270782471,11721100,0.0,0.0
2020-10-15 00:00:00-04:00,9.119999885559082,9.4399995803833,8.930000305175781,9.420000076293945,7.130457401275635,10028800,0.0,0.0
2020-10-16 00:00:00-04:00,9.380000114440918,9.470000267028809,8.9399995803833,8.949999809265137,6.774691581726074,9136600,0.0,0.0
2020-10-19 00:00:00-04:00,9.050000190734863,9.09000015258789,8.770000457763672,8.859999656677246,6.706565856933594,8942500,0.0,0.0
2020-10-20 00:00:00-04:00,8.920000076293945,9.119999885559082,8.729999542236328,8.970000267028809,6.789830684661865,10046500,0.0,0.0
2020-10-21 00:00:00-04:00,8.880000114440918,9.0,8.619999885559082,8.630000114440918,6.532468318939209,13997300,0.0,0.0
2020-10-22 00:00:00-04:00,8.640000343322754,9.380000114440918,8.640000343322754,9.34000015258789,7.069901943206787,10617000,0.0,0.0
2020-10-23 00:00:00-04:00,9.40999984741211,9.5600004196167,9.210000038146973,9.359999656677246,7.085041522979736,8760000,0.0,0.0
2020-10-26 00:00:00-04:00,9.119999885559082,9.180000305175781,8.680000305175781,8.8100004196167,6.6687188148498535,9174100,0.0,0.0
2020-10-27 00:00:00-04:00,8.720000267028809,8.850000381469727,8.600000381469727,8.6899995803833,6.577884674072266,8523700,0.0,0.0
2020-10-28 00:00:00-04:00,8.390000343322754,8.449999809265137,8.010000228881836,8.100000381469727,6.13128662109375,10995600,0.0,0.0
2020-10-29 00:00:00-04:00,7.889999866485596,8.460000038146973,7.730000019073486,8.449999809265137,6.396217346191406,12843600,0.0,0.0
2020-10-30 00:00:00-04:00,8.4399995803833,8.930000305175781,8.34000015258789,8.930000305175781,6.759552478790283,15694900,0.0,0.0
2020-11-02 00:00:00-05:00,9.069999694824219,9.579999923706055,8.670000076293945,9.430000305175781,7.138026714324951,9494800,0.0,0.0
2020-11-03 00:00:00-05:00,9.6899995803833,9.899999618530273,9.4399995803833,9.640000343322754,7.296987056732178,9360000,0.0,0.0
2020-11-04 00:00:00-05:00,9.710000038146973,10.020000457763672,9.300000190734863,9.8100004196167,7.425670146942139,16190000,0.0,0.0
2020-11-05 00:00:00-05:00,9.75,10.350000381469727,9.65999984741211,10.050000190734863,7.60733699798584,14737800,0.0,0.0
2020-11-06 00:00:00-05:00,9.949999809265137,10.279999732971191,9.729999542236328,9.770000457763672,7.395389556884766,13372700,0.0,0.0
2020-11-09 00:00:00-05:00,10.829999923706055,11.880000114440918,10.829999923706055,11.329999923706055,8.576227188110352,17784200,0.0,0.0
2020-11-10 00:00:00-05:00,11.550000190734863,11.779999732971191,11.199999809265137,11.760000228881836,8.901718139648438,12157100,0.0,0.0
2020-11-11 00:00:00-05:00,11.9399995803833,11.949999809265137,11.569999694824219,11.65999984741211,8.82602310180664,9466900,0.0,0.0
2020-11-12 00:00:00-05:00,11.399999618530273,11.819999694824219,11.0600004196167,11.220000267028809,8.49296760559082,7156200,0.0,0.0
2020-11-13 00:00:00-05:00,11.34000015258789,11.829999923706055,11.289999961853027,11.779999732971191,8.916855812072754,6255500,0.0,0.0
2020-11-16 00:00:00-05:00,12.529999732971191,12.579999923706055,12.210000038146973,12.529999732971191,9.484566688537598,9010500,0.0,0.0
2020-11-17 00:00:00-05:00,12.399999618530273,13.109999656677246,12.270000457763672,13.109999656677246,9.923598289489746,10544300,0.0,0.0
2020-11-18 00:00:00-05:00,13.220000267028809,13.640000343322754,12.75,12.760000228881836,9.65866756439209,13030700,0.0,0.0
2020-11-19 00:00:00-05:00,12.760000228881836,13.59000015258789,12.65999984741211,13.5600004196167,10.264227867126465,13796600,0.0,0.0
2020-11-20 00:00:00-05:00,13.5,13.569999694824219,13.039999961853027,13.15999984741211,9.961445808410645,9144000,0.0,0.0
2020-11-23 00:00:00-05:00,13.489999771118164,14.529999732971191,13.430000305175781,14.479999542236328,10.96061897277832,13055800,0.0,0.0
2020-11-24 00:00:00-05:00,15.039999961853027,15.4399995803833,14.800000190734863,15.300000190734863,11.581317901611328,15283200,0.0,0.0
2020-11-25 00:00:00-05:00,15.079999923706055,15.329999923706055,14.850000381469727,15.119999885559082,11.44506549835205,8835500,0.0,0.0
2020-11-27 00:00:00-05:00,14.979999542236328,15.229999542236328,14.65999984741211,14.779999732971191,11.187704086303711,4805800,0.0,0.0
2020-11-30 00:00:00-05:00,14.569999694824219,14.630000114440918,13.960000038146973,13.989999771118164,10.589714050292969,11359000,0.0,0.0
2020-12-01 00:00:00-05:00,14.420000076293945,14.59000015258789,13.899999618530273,14.0,10.597283363342285,6989500,0.0,0.0
2020-12-02 00:00:00-05:00,13.899999618530273,15.279999732971191,13.779999732971191,14.800000190734863,11.20284366607666,11248500,0.0,0.0
2020-12-03 00:00:00-05:00,14.90999984741211,15.649999618530273,14.59000015258789,15.3100004196167,11.588886260986328,10305600,0.0,0.0
2020-12-04 00:00:00-05:00,15.75,16.739999771118164,15.65999984741211,16.719999313354492,12.656185150146484,13820300,0.0,0.0
2020-12-07 00:00:00-05:00,16.40999984741211,16.520000457763672,15.899999618530273,15.949999809265137,12.073333740234375,10100800,0.0,0.0
2020-12-08 00:00:00-05:00,15.75,16.5,15.670000076293945,15.970000267028809,12.088473320007324,10695900,0.0,0.0
2020-12-09 00:00:00-05:00,16.209999084472656,16.350000381469727,15.350000381469727,15.710000038146973,11.89166259765625,11767500,0.0,0.0
2020-12-10 00:00:00-05:00,15.579999923706055,16.719999313354492,15.479999542236328,16.56999969482422,12.631082534790039,9436700,0.11,0.0
2020-12-11 00:00:00-05:00,16.469999313354492,16.489999771118164,15.9399995803833,16.15999984741211,12.318547248840332,6840700,0.0,0.0
2020-12-14 00:00:00-05:00,16.540000915527344,16.600000381469727,15.359999656677246,15.369999885559082,11.716341018676758,8244700,0.0,0.0
2020-12-15 00:00:00-05:00,15.5600004196167,15.829999923706055,15.220000267028809,15.789999961853027,12.036500930786133,6702600,0.0,0.0
2020-12-16 00:00:00-05:00,15.930000305175781,16.079999923706055,15.460000038146973,15.90999984741211,12.127975463867188,11101600,0.0,0.0
2020-12-17 00:00:00-05:00,16.110000610351562,16.280000686645508,15.720000267028809,16.100000381469727,12.272810935974121,10290000,0.0,0.0
2020-12-18 00:00:00-05:00,16.049999237060547,16.25,15.4399995803833,15.630000114440918,11.914535522460938,18161900,0.0,0.0
2020-12-21 00:00:00-05:00,14.65999984741211,15.489999771118164,14.34000015258789,15.300000190734863,11.662981986999512,10013600,0.0,0.0
2020-12-22 00:00:00-05:00,15.319999694824219,15.350000381469727,14.8100004196167,14.829999923706055,11.304705619812012,5470700,0.0,0.0
2020-12-23 00:00:00-05:00,15.199999809265137,15.930000305175781,14.930000305175781,15.65999984741211,11.937403678894043,6573800,0.0,0.0
2020-12-24 00:00:00-05:00,15.680000305175781,15.699999809265137,15.130000114440918,15.329999923706055,11.6858491897583,2793200,0.0,0.0
2020-12-28 00:00:00-05:00,15.5,15.649999618530273,15.239999771118164,15.350000381469727,11.701095581054688,5395600,0.0,0.0
2020-12-29 00:00:00-05:00,15.5,15.550000190734863,15.100000381469727,15.3100004196167,11.670601844787598,5649800,0.0,0.0
2020-12-30 00:00:00-05:00,15.3100004196167,16.229999542236328,15.25,16.139999389648438,12.303298950195312,8885700,0.0,0.0
2020-12-31 00:00:00-05:00,15.989999771118164,16.209999084472656,15.649999618530273,15.8100004196167,12.051745414733887,8597400,0.0,0.0
2021-01-04 00:00:00-05:00,16.0,16.43000030517578,15.710000038146973,16.1299991607666,12.295676231384277,10303800,0.0,0.0
2021-01-05 00:00:00-05:00,16.3799991607666,17.940000534057617,16.350000381469727,17.360000610351562,13.233290672302246,17603600,0.0,0.0
2021-01-06 00:00:00-05:00,17.700000762939453,18.649999618530273,17.510000228881836,18.31999969482422,13.96508502960205,89656100,0.0,0.0
2021-01-07 00:00:00-05:00,18.1299991607666,19.270000457763672,17.969999313354492,18.56999969482422,14.155654907226562,21497600,0.0,0.0
2021-01-08 00:00:00-05:00,18.790000915527344,18.850000381469727,17.920000076293945,18.110000610351562,13.805005073547363,13952000,0.0,0.0
2021-01-11 00:00:00-05:00,17.56999969482422,18.389999389648438,17.299999237060547,18.329999923706055,13.972708702087402,10890600,0.0,0.0
2021-01-12 00:00:00-05:00,18.719999313354492,19.8799991607666,18.360000610351562,19.709999084472656,15.024660110473633,17082400,0.0,0.0
2021-01-13 00:00:00-05:00,19.65999984741211,19.719999313354492,19.010000228881836,19.1299991607666,14.582538604736328,10870300,0.0,0.0
2021-01-14 00:00:00-05:00,19.270000457763672,20.770000457763672,19.25,20.280000686645508,15.459163665771484,12994700,0.0,0.0
2021-01-15 00:00:00-05:00,19.899999618530273,19.940000534057617,18.989999771118164,19.56999969482422,14.917941093444824,12581100,0.0,0.0
2021-01-19 00:00:00-05:00,19.989999771118164,20.139999389648438,19.520000457763672,20.0,15.24572467803955,10915400,0.0,0.0
2021-01-20 00:00:00-05:00,20.239999771118164,20.299999237060547,19.5,19.969999313354492,15.222856521606445,10245700,0.0,0.0
2021-01-21 00:00:00-05:00,19.90999984741211,19.989999771118164,17.479999542236328,18.389999389648438,14.018444061279297,21202300,0.0,0.0
2021-01-22 00:00:00-05:00,17.799999237060547,18.079999923706055,17.299999237060547,17.799999237060547,13.568696022033691,16633700,0.0,0.0
2021-01-25 00:00:00-05:00,17.530000686645508,17.6299991607666,16.690000534057617,17.3700008392334,13.240914344787598,15034500,0.0,0.0
2021-01-26 00:00:00-05:00,17.68000030517578,17.93000030517578,16.829999923706055,16.850000381469727,12.844523429870605,11023100,0.0,0.0
2021-01-27 00:00:00-05:00,16.459999084472656,17.56999969482422,16.110000610351562,17.209999084472656,13.118947982788086,15504100,0.0,0.0
2021-01-28 00:00:00-05:00,17.420000076293945,17.559999465942383,16.65999984741211,17.200000762939453,13.111326217651367,12285600,0.0,0.0
2021-01-29 00:00:00-05:00,17.010000228881836,17.610000610351562,16.309999465942383,16.459999084472656,12.54723072052002,11201200,0.0,0.0
2021-02-01 00:00:00-05:00,16.799999237060547,16.969999313354492,16.170000076293945,16.760000228881836,12.775920867919922,9160500,0.0,0.0
2021-02-02 00:00:00-05:00,17.270000457763672,17.520000457763672,16.850000381469727,16.959999084472656,12.928373336791992,10544500,0.0,0.0
2021-02-03 00:00:00-05:00,17.18000030517578,18.25,17.139999389648438,18.200000762939453,13.87360954284668,10508800,0.0,0.0
2021-02-04 00:00:00-05:00,18.350000381469727,18.3799991607666,17.670000076293945,18.149999618530273,13.835497856140137,7402600,0.0,0.0
2021-02-05 00:00:00-05:00,18.6299991607666,18.809999465942383,17.860000610351562,17.899999618530273,13.64492416381836,9425300,0.0,0.0
2021-02-08 00:00:00-05:00,18.1200008392334,18.899999618530273,18.030000686645508,18.75,14.292866706848145,10309200,0.0,0.0
2021-02-09 00:00:00-05:00,18.950000762939453,19.139999389648438,18.399999618530273,18.8700008392334,14.384343147277832,8261000,0.0,0.0
2021-02-10 00:00:00-05:00,18.969999313354492,19.84000015258789,18.850000381469727,19.729999542236328,15.039909362792969,11604800,0.0,0.0
2021-02-11 00:00:00-05:00,19.520000457763672,19.530000686645508,18.690000534057617,19.299999237060547,14.712125778198242,7221000,0.0,0.0
2021-02-12 00:00:00-05:00,19.100000381469727,20.0,18.969999313354492,19.979999542236328,15.230484962463379,9125700,0.0,0.0
2021-02-16 00:00:00-05:00,20.59000015258789,21.1200008392334,20.360000610351562,20.8700008392334,15.908916473388672,14500300,0.0,0.0
2021-02-17 00:00:00-05:00,20.649999618530273,21.979999542236328,20.399999618530273,21.729999542236328,16.564481735229492,13098100,0.0,0.0
2021-02-18 00:00:00-05:00,21.520000457763672,21.68000030517578,20.5,20.540000915527344,15.657362937927246,10717500,0.0,0.0
2021-02-19 00:00:00-05:00,20.6299991607666,20.90999984741211,20.3799991607666,20.829999923706055,15.878423690795898,9343800,0.0,0.0
2021-02-22 00:00:00-05:00,21.06999969482422,22.5,20.8799991607666,21.25,16.198585510253906,19651000,0.0,0.0
2021-02-23 00:00:00-05:00,21.389999389648438,21.75,19.610000610351562,21.59000015258789,16.457761764526367,17987000,0.0,0.0
2021-02-24 00:00:00-05:00,21.700000762939453,22.450000762939453,21.31999969482422,22.270000457763672,16.97611427307129,15609200,0.0,0.0
2021-02-25 00:00:00-05:00,22.389999389648438,22.65999984741211,21.229999542236328,21.350000381469727,16.274816513061523,17195300,0.0,0.0
2021-02-26 00:00:00-05:00,21.020000457763672,21.770000457763672,20.360000610351562,21.540000915527344,16.419647216796875,16250100,0.0,0.0
2021-03-01 00:00:00-05:00,22.049999237060547,22.6200008392334,21.850000381469727,22.399999618530273,17.075210571289062,11829700,0.0,0.0
2021-03-02 00:00:00-05:00,22.489999771118164,23.18000030517578,22.299999237060547,22.479999542236328,17.136194229125977,10517000,0.0,0.0
2021-03-03 00:00:00-05:00,22.739999771118164,23.5,22.670000076293945,22.690000534057617,17.296274185180664,13706100,0.0,0.0
2021-03-04 00:00:00-05:00,22.93000030517578,24.139999389648438,22.399999618530273,23.6200008392334,18.005203247070312,19432600,0.0,0.0
2021-03-05 00:00:00-05:00,24.520000457763672,26.1299991607666,24.030000686645508,25.610000610351562,19.522151947021484,25108200,0.0,0.0
2021-03-08 00:00:00-05:00,25.75,25.969999313354492,24.209999084472656,24.56999969482422,18.7293758392334,22490300,0.0,0.0
2021-03-09 00:00:00-05:00,24.610000610351562,24.860000610351562,23.690000534057617,23.829999923706055,18.165285110473633,11746000,0.0,0.0
2021-03-10 00:00:00-05:00,23.790000915527344,24.190000534057617,23.239999771118164,23.899999618530273,18.218639373779297,16969700,0.0,0.0
2021-03-11 00:00:00-05:00,24.200000762939453,24.940000534057617,24.110000610351562,24.639999389648438,18.782733917236328,13936600,0.0,0.0
2021-03-12 00:00:00-05:00,24.579999923706055,24.75,24.09000015258789,24.25,18.713285446166992,9798700,0.3,0.0
2021-03-15 00:00:00-04:00,24.229999542236328,24.760000228881836,23.65999984741211,24.610000610351562,18.991086959838867,10401800,0.0,0.0
2021-03-16 00:00:00-04:00,24.030000686645508,24.270000457763672,23.360000610351562,23.510000228881836,18.14223861694336,9902600,0.0,0.0
2021-03-17 00:00:00-04:00,23.399999618530273,23.90999984741211,23.010000228881836,23.68000030517578,18.27342414855957,11863700,0.0,0.0
2021-03-18 00:00:00-04:00,23.549999237060547,23.65999984741211,21.979999542236328,22.360000610351562,17.254804611206055,17018600,0.0,0.0
2021-03-19 00:00:00-04:00,22.399999618530273,22.969999313354492,22.1200008392334,22.700000762939453,17.517175674438477,18103700,0.0,0.0
2021-03-22 00:00:00-04:00,22.579999923706055,22.639999389648438,22.100000381469727,22.329999923706055,17.231653213500977,11954200,0.0,0.0
2021-03-23 00:00:00-04:00,21.700000762939453,22.440000534057617,21.450000762939453,21.739999771118164,16.7763614654541,13197700,0.0,0.0
2021-03-24 00:00:00-04:00,22.31999969482422,23.1200008392334,22.299999237060547,22.34000015258789,17.239368438720703,11052300,0.0,0.0
2021-03-25 00:00:00-04:00,21.68000030517578,22.440000534057617,21.190000534057617,22.350000381469727,17.247087478637695,9282900,0.0,0.0
2021-03-26 00:00:00-04:00,22.969999313354492,23.18000030517578,22.110000610351562,22.739999771118164,17.548046112060547,11916000,0.0,0.0
2021-03-29 00:00:00-04:00,22.559999465942383,22.850000381469727,21.549999237060547,21.850000381469727,16.861248016357422,10882100,0.0,0.0
2021-03-30 00:00:00-04:00,21.510000228881836,22.110000610351562,21.18000030517578,22.0,16.977001190185547,8036200,0.0,0.0
2021-03-31 00:00:00-04:00,22.0,22.030000686645508,21.450000762939453,21.850000381469727,16.861248016357422,9276100,0.0,0.0
2021-04-01 00:00:00-04:00,22.18000030517578,23.549999237060547,22.079999923706055,23.5,18.134519577026367,14127500,0.0,0.0
2021-04-05 00:00:00-04:00,23.40999984741211,23.440000534057617,22.350000381469727,22.459999084472656,17.331972122192383,11309100,0.0,0.0
2021-04-06 00:00:00-04:00,22.760000228881836,23.520000457763672,22.56999969482422,22.780000686645508,17.57890510559082,12527800,0.0,0.0
2021-04-07 00:00:00-04:00,22.81999969482422,22.950000762939453,22.40999984741211,22.520000457763672,17.37827491760254,7821400,0.0,0.0
2021-04-08 00:00:00-04:00,22.219999313354492,22.389999389648438,21.770000457763672,22.34000015258789,17.239368438720703,7749200,0.0,0.0
2021-04-09 00:00:00-04:00,22.309999465942383,22.65999984741211,21.899999618530273,22.040000915527344,17.00786590576172,6826300,0.0,0.0
2021-04-12 00:00:00-04:00,22.350000381469727,22.600000381469727,21.770000457763672,21.8799991607666,16.884397506713867,7475500,0.0,0.0
2021-04-13 00:00:00-04:00,21.84000015258789,21.969999313354492,21.459999084472656,21.690000534057617,16.737775802612305,7356600,0.0,0.0
2021-04-14 00:00:00-04:00,21.940000534057617,23.149999618530273,21.90999984741211,22.489999771118164,17.355119705200195,11993200,0.0,0.0
2021-04-15 00:00:00-04:00,22.6200008392334,22.6200008392334,22.020000457763672,22.3700008392334,17.262521743774414,6988400,0.0,0.0
2021-04-16 00:00:00-04:00,22.510000228881836,22.559999465942383,21.68000030517578,21.8799991607666,16.884397506713867,6568300,0.0,0.0
2021-04-19 00:00:00-04:00,21.940000534057617,22.489999771118164,21.6299991607666,22.030000686645508,17.00014877319336,8624900,0.0,0.0
2021-04-20 00:00:00-04:00,21.84000015258789,21.899999618530273,20.440000534057617,20.969999313354492,16.182161331176758,13799100,0.0,0.0
2021-04-21 00:00:00-04:00,20.139999389648438,21.3799991607666,20.139999389648438,21.170000076293945,16.336505889892578,7001200,0.0,0.0
2021-04-22 00:00:00-04:00,21.260000228881836,21.34000015258789,20.790000915527344,21.0,16.205320358276367,6503700,0.0,0.0
2021-04-23 00:00:00-04:00,21.170000076293945,21.559999465942383,20.8799991607666,21.440000534057617,16.544858932495117,5023200,0.0,0.0
2021-04-26 00:00:00-04:00,21.3799991607666,22.040000915527344,21.299999237060547,21.8700008392334,16.87668228149414,7863400,0.0,0.0
2021-04-27 00:00:00-04:00,21.950000762939453,22.290000915527344,21.600000381469727,22.139999389648438,17.085033416748047,7321500,0.0,0.0
2021-04-28 00:00:00-04:00,22.639999389648438,24.200000762939453,22.469999313354492,24.030000686645508,18.543516159057617,15830700,0.0,0.0
2021-04-29 00:00:00-04:00,24.399999618530273,24.850000381469727,23.700000762939453,24.06999969482422,18.574378967285156,11528000,0.0,0.0
2021-04-30 00:00:00-04:00,23.610000610351562,24.209999084472656,23.329999923706055,23.3799991607666,18.041919708251953,8597700,0.0,0.0
2021-05-03 00:00:00-04:00,23.690000534057617,23.809999465942383,23.15999984741211,23.6200008392334,18.227121353149414,10247500,0.0,0.0
2021-05-04 00:00:00-04:00,23.739999771118164,24.09000015258789,23.020000457763672,23.450000762939453,18.09593391418457,10921300,0.0,0.0
2021-05-05 00:00:00-04:00,24.040000915527344,25.649999618530273,23.670000076293945,25.229999542236328,19.469528198242188,22502600,0.0,0.0
2021-05-06 00:00:00-04:00,25.139999389648438,25.299999237060547,24.43000030517578,25.270000457763672,19.500394821166992,11220900,0.0,0.0
2021-05-07 00:00:00-04:00,24.860000610351562,26.579999923706055,24.709999084472656,26.219999313354492,20.233495712280273,13226800,0.0,0.0
2021-05-10 00:00:00-04:00,26.450000762939453,27.31999969482422,25.989999771118164,26.010000228881836,20.071443557739258,13095300,0.0,0.0
2021-05-11 00:00:00-04:00,25.219999313354492,25.889999389648438,24.719999313354492,25.739999771118164,19.863086700439453,10516800,0.0,0.0
2021-05-12 00:00:00-04:00,25.850000381469727,27.020000457763672,25.290000915527344,25.579999923706055,19.73961639404297,14191000,0.0,0.0
2021-05-13 00:00:00-04:00,25.06999969482422,25.690000534057617,24.270000457763672,24.75,19.09912872314453,10783500,0.0,0.0
2021-05-14 00:00:00-04:00,25.239999771118164,26.399999618530273,25.239999771118164,26.3799991607666,20.356962203979492,10102400,0.0,0.0
2021-05-17 00:00:00-04:00,26.100000381469727,27.350000381469727,26.059999465942383,27.190000534057617,20.982023239135742,12044400,0.0,0.0
2021-05-18 00:00:00-04:00,27.360000610351562,27.440000534057617,26.209999084472656,26.239999771118164,20.24892807006836,13291300,0.0,0.0
2021-05-19 00:00:00-04:00,25.450000762939453,25.6200008392334,24.579999923706055,25.280000686645508,19.508113861083984,13867300,0.0,0.0
2021-05-20 00:00:00-04:00,25.170000076293945,25.399999618530273,24.559999465942383,25.260000228881836,19.4926815032959,7717500,0.0,0.0
2021-05-21 00:00:00-04:00,25.479999542236328,25.989999771118164,25.31999969482422,25.350000381469727,19.562131881713867,8636100,0.0,0.0
2021-05-24 00:00:00-04:00,25.8700008392334,26.079999923706055,25.25,25.950000762939453,20.025142669677734,9454700,0.0,0.0
2021-05-25 00:00:00-04:00,25.93000030517578,26.389999389648438,25.690000534057617,25.799999237060547,19.909393310546875,13301400,0.0,0.0
2021-05-26 00:00:00-04:00,25.84000015258789,26.489999771118164,25.639999389648438,26.40999984741211,20.380117416381836,8220100,0.0,0.0
2021-05-27 00:00:00-04:00,26.59000015258789,26.93000030517578,26.25,26.649999618530273,20.565322875976562,14805100,0.0,0.0
2021-05-28 00:00:00-04:00,26.829999923706055,26.90999984741211,26.280000686645508,26.559999465942383,20.495866775512695,6134600,0.0,0.0
2021-06-01 00:00:00-04:00,28.84000015258789,30.34000015258789,28.579999923706055,30.200000762939453,23.304790496826172,37271800,0.0,0.0
2021-06-02 00:00:00-04:00,30.34000015258789,31.389999389648438,29.719999313354492,30.799999237060547,23.767803192138672,16381900,0.0,0.0
2021-06-03 00:00:00-04:00,30.43000030517578,31.299999237060547,30.229999542236328,31.170000076293945,24.05332374572754,10345000,0.0,0.0
2021-06-04 00:00:00-04:00,31.469999313354492,31.809999465942383,30.700000762939453,31.65999984741211,24.431442260742188,9923300,0.0,0.0
2021-06-07 00:00:00-04:00,31.510000228881836,31.989999771118164,30.65999984741211,30.920000076293945,23.860401153564453,9893700,0.0,0.0
2021-06-08 00:00:00-04:00,30.489999771118164,31.1200008392334,30.110000610351562,30.850000381469727,23.806379318237305,9744900,0.0,0.0
2021-06-09 00:00:00-04:00,30.93000030517578,31.18000030517578,29.790000915527344,29.93000030517578,23.096433639526367,9713100,0.0,0.0
2021-06-10 00:00:00-04:00,30.559999465942383,30.6299991607666,29.049999237060547,29.389999389648438,22.67972755432129,11263700,0.0,0.0
2021-06-11 00:00:00-04:00,29.270000457763672,29.559999465942383,29.110000610351562,29.290000915527344,22.867097854614258,6377100,0.34,0.0
2021-06-14 00:00:00-04:00,29.6200008392334,29.950000762939453,28.760000228881836,28.979999542236328,22.625080108642578,7983200,0.0,0.0
2021-06-15 00:00:00-04:00,29.06999969482422,29.739999771118164,29.010000228881836,29.600000381469727,23.109121322631836,7208900,0.0,0.0
2021-06-16 00:00:00-04:00,29.270000457763672,29.559999465942383,28.530000686645508,29.059999465942383,22.687530517578125,9412500,0.0,0.0
2021-06-17 00:00:00-04:00,28.969999313354492,29.329999923706055,27.149999618530273,27.59000015258789,21.53988265991211,14957200,0.0,0.0
2021-06-18 00:00:00-04:00,26.850000381469727,27.440000534057617,26.670000076293945,26.75,20.88408851623535,16743600,0.0,0.0
2021-06-21 00:00:00-04:00,27.200000762939453,28.6299991607666,27.18000030517578,28.600000381469727,22.328407287597656,10531200,0.0,0.0
2021-06-22 00:00:00-04:00,28.399999618530273,28.700000762939453,27.860000610351562,28.540000915527344,22.281564712524414,7999300,0.0,0.0
2021-06-23 00:00:00-04:00,28.8700008392334,29.90999984741211,28.850000381469727,29.100000381469727,22.718761444091797,9484600,0.0,0.0
2021-06-24 00:00:00-04:00,29.110000610351562,29.760000228881836,28.639999389648438,29.739999771118164,23.218420028686523,9092900,0.0,0.0
2021-06-25 00:00:00-04:00,29.739999771118164,29.989999771118164,29.280000686645508,29.760000228881836,23.234031677246094,10966800,0.0,0.0
2021-06-28 00:00:00-04:00,29.600000381469727,29.68000030517578,28.06999969482422,28.40999984741211,22.180072784423828,12320600,0.0,0.0
2021-06-29 00:00:00-04:00,28.56999969482422,28.8799991607666,27.850000381469727,28.020000457763672,21.875591278076172,8817800,0.0,0.0
2021-06-30 00:00:00-04:00,28.43000030517578,29.280000686645508,28.389999389648438,29.190000534057617,22.789026260375977,10819200,0.0,0.0
2021-07-01 00:00:00-04:00,30.299999237060547,30.549999237060547,29.399999618530273,29.959999084472656,23.39017677307129,11461000,0.0,0.0
2021-07-02 00:00:00-04:00,29.860000610351562,29.969999313354492,29.190000534057617,29.229999542236328,22.82025909423828,9161500,0.0,0.0
2021-07-06 00:00:00-04:00,29.299999237060547,29.299999237060547,27.65999984741211,27.84000015258789,21.73506736755371,15099800,0.0,0.0
2021-07-07 00:00:00-04:00,28.190000534057617,28.610000610351562,27.020000457763672,27.530000686645508,21.493043899536133,13732000,0.0,0.0
2021-07-08 00:00:00-04:00,26.75,28.18000030517578,26.549999237060547,27.760000228881836,21.672609329223633,10291000,0.0,0.0
2021-07-09 00:00:00-04:00,28.100000381469727,28.739999771118164,27.600000381469727,28.649999618530273,22.36744499206543,8812200,0.0,0.0
2021-07-12 00:00:00-04:00,28.09000015258789,28.899999618530273,27.860000610351562,28.700000762939453,22.40648078918457,8413400,0.0,0.0
2021-07-13 00:00:00-04:00,28.489999771118164,29.18000030517578,28.31999969482422,28.969999313354492,22.617267608642578,9897400,0.0,0.0
2021-07-14 00:00:00-04:00,29.09000015258789,29.709999084472656,26.969999313354492,27.299999237060547,21.313474655151367,16498200,0.0,0.0
2021-07-15 00:00:00-04:00,26.899999618530273,27.59000015258789,26.520000457763672,26.649999618530273,20.806013107299805,13428900,0.0,0.0
2021-07-16 00:00:00-04:00,27.030000686645508,27.100000381469727,25.6299991607666,25.780000686645508,20.126794815063477,13531000,0.0,0.0
2021-07-19 00:00:00-04:00,24.59000015258789,25.229999542236328,24.049999237060547,24.93000030517578,19.463186264038086,16836900,0.0,0.0
2021-07-20 00:00:00-04:00,24.950000762939453,25.829999923706055,24.540000915527344,25.329999923706055,19.775476455688477,13312300,0.0,0.0
2021-07-21 00:00:00-04:00,25.84000015258789,26.709999084472656,25.709999084472656,26.34000015258789,20.563993453979492,9063800,0.0,0.0
2021-07-22 00:00:00-04:00,26.43000030517578,26.579999923706055,25.889999389648438,25.989999771118164,20.290740966796875,6993200,0.0,0.0
2021-07-23 00:00:00-04:00,26.049999237060547,26.06999969482422,25.18000030517578,25.6200008392334,20.001882553100586,7984500,0.0,0.0
2021-07-26 00:00:00-04:00,25.790000915527344,26.760000228881836,25.68000030517578,26.649999618530273,20.806013107299805,8333000,0.0,0.0
2021-07-27 00:00:00-04:00,26.270000457763672,26.520000457763672,25.719999313354492,25.940000534057617,20.251708984375,8499700,0.0,0.0
2021-07-28 00:00:00-04:00,26.280000686645508,26.790000915527344,25.799999237060547,26.459999084472656,20.657676696777344,6879300,0.0,0.0
2021-07-29 00:00:00-04:00,26.950000762939453,27.040000915527344,26.40999984741211,26.6299991607666,20.790403366088867,6009800,0.0,0.0
2021-07-30 00:00:00-04:00,26.549999237060547,26.549999237060547,25.540000915527344,25.84000015258789,20.173633575439453,9262000,0.0,0.0
2021-08-02 00:00:00-04:00,25.90999984741211,26.760000228881836,25.280000686645508,25.489999771118164,19.9003849029541,8739200,0.0,0.0
2021-08-03 00:00:00-04:00,25.260000228881836,26.260000228881836,24.850000381469727,26.209999084472656,20.46249771118164,10435600,0.0,0.0
2021-08-04 00:00:00-04:00,25.350000381469727,26.010000228881836,24.81999969482422,25.290000915527344,19.744247436523438,12758800,0.0,0.0
2021-08-05 00:00:00-04:00,25.649999618530273,27.049999237060547,25.649999618530273,26.6299991607666,20.790403366088867,10407600,0.0,0.0
2021-08-06 00:00:00-04:00,27.040000915527344,27.459999084472656,26.670000076293945,27.010000228881836,21.087072372436523,7952500,0.0,0.0
2021-08-09 00:00:00-04:00,26.329999923706055,26.799999237060547,25.969999313354492,26.639999389648438,20.798208236694336,7787100,0.0,0.0
2021-08-10 00:00:00-04:00,26.860000610351562,27.729999542236328,26.809999465942383,27.649999618530273,21.58673095703125,8156400,0.0,0.0
2021-08-11 00:00:00-04:00,27.350000381469727,28.100000381469727,27.049999237060547,28.0,21.859975814819336,6996200,0.0,0.0
2021-08-12 00:00:00-04:00,28.049999237060547,28.530000686645508,27.65999984741211,28.469999313354492,22.226913452148438,7314300,0.0,0.0
2021-08-13 00:00:00-04:00,28.3799991607666,28.719999313354492,27.940000534057617,28.010000228881836,21.86778450012207,5643400,0.0,0.0
2021-08-16 00:00:00-04:00,27.489999771118164,27.549999237060547,26.8700008392334,27.170000076293945,21.21198272705078,8975800,0.0,0.0
2021-08-17 00:00:00-04:00,26.899999618530273,27.579999923706055,26.700000762939453,26.90999984741211,21.00899887084961,8292500,0.0,0.0
2021-08-18 00:00:00-04:00,27.020000457763672,27.40999984741211,26.09000015258789,26.139999389648438,20.407855987548828,7773700,0.0,0.0
2021-08-19 00:00:00-04:00,25.43000030517578,25.829999923706055,24.459999084472656,25.34000015258789,19.783279418945312,15530400,0.0,0.0
2021-08-20 00:00:00-04:00,24.959999084472656,25.780000686645508,24.790000915527344,25.700000762939453,20.06433868408203,8944400,0.0,0.0
2021-08-23 00:00:00-04:00,26.719999313354492,27.3700008392334,26.639999389648438,27.260000228881836,21.28224754333496,7807100,0.0,0.0
2021-08-24 00:00:00-04:00,27.729999542236328,28.610000610351562,27.549999237060547,28.530000686645508,22.273754119873047,10505500,0.0,0.0
2021-08-25 00:00:00-04:00,28.649999618530273,29.510000228881836,28.200000762939453,29.239999771118164,22.828062057495117,10567000,0.0,0.0
2021-08-26 00:00:00-04:00,29.0,29.59000015258789,28.690000534057617,29.09000015258789,22.710956573486328,11960300,0.0,0.0
2021-08-27 00:00:00-04:00,29.459999084472656,30.40999984741211,29.459999084472656,30.360000610351562,23.70246124267578,13653800,0.0,0.0
2021-08-30 00:00:00-04:00,30.389999389648438,30.549999237060547,29.56999969482422,29.780000686645508,23.249650955200195,7964400,0.0,0.0
2021-08-31 00:00:00-04:00,29.65999984741211,30.31999969482422,29.420000076293945,29.549999237060547,23.070085525512695,11534800,0.0,0.0
2021-09-01 00:00:00-04:00,29.399999618530273,29.59000015258789,27.670000076293945,28.239999771118164,22.047346115112305,20559000,0.0,0.0
2021-09-02 00:00:00-04:00,28.600000381469727,29.969999313354492,28.600000381469727,29.31999969482422,22.890520095825195,11711300,0.0,0.0
2021-09-03 00:00:00-04:00,29.209999084472656,29.799999237060547,29.0,29.170000076293945,22.773408889770508,7305300,0.0,0.0
2021-09-07 00:00:00-04:00,28.899999618530273,29.329999923706055,28.729999542236328,29.059999465942383,22.687530517578125,5939700,0.0,0.0
2021-09-08 00:00:00-04:00,29.25,29.6200008392334,28.030000686645508,28.229999542236328,22.039541244506836,8874000,0.0,0.0
2021-09-09 00:00:00-04:00,28.010000228881836,29.079999923706055,27.729999542236328,28.450000762939453,22.211299896240234,9205700,0.0,0.0
2021-09-10 00:00:00-04:00,28.700000762939453,29.030000686645508,28.020000457763672,28.06999969482422,22.298681259155273,6582700,0.49,0.0
2021-09-13 00:00:00-04:00,28.690000534057617,29.479999542236328,28.56999969482422,28.920000076293945,22.973915100097656,9789200,0.0,0.0
2021-09-14 00:00:00-04:00,29.1299991607666,29.290000915527344,27.8700008392334,28.270000457763672,22.457563400268555,9044100,0.0,0.0
2021-09-15 00:00:00-04:00,28.90999984741211,30.43000030517578,28.8799991607666,30.329999923706055,24.09401512145996,20487900,0.0,0.0
2021-09-16 00:00:00-04:00,30.200000762939453,30.579999923706055,29.709999084472656,30.309999465942383,24.078128814697266,10065400,0.0,0.0
2021-09-17 00:00:00-04:00,30.209999084472656,30.690000534057617,29.719999313354492,29.790000915527344,23.665040969848633,24716400,0.0,0.0
2021-09-20 00:00:00-04:00,28.43000030517578,28.829999923706055,27.399999618530273,28.18000030517578,22.386066436767578,14190300,0.0,0.0
2021-09-21 00:00:00-04:00,28.81999969482422,28.90999984741211,27.809999465942383,28.489999771118164,22.632326126098633,11105200,0.0,0.0
2021-09-22 00:00:00-04:00,29.229999542236328,30.84000015258789,29.209999084472656,30.440000534057617,24.181400299072266,15922200,0.0,0.0
2021-09-23 00:00:00-04:00,30.579999923706055,32.91999816894531,30.489999771118164,32.79999923706055,26.056177139282227,15590400,0.0,0.0
2021-09-24 00:00:00-04:00,32.400001525878906,33.34000015258789,32.2599983215332,33.09000015258789,26.28654670715332,10329400,0.0,0.0
2021-09-27 00:00:00-04:00,34.0,35.09000015258789,33.91999816894531,35.0,27.803844451904297,17222100,0.0,0.0
2021-09-28 00:00:00-04:00,35.529998779296875,35.970001220703125,34.86000061035156,35.130001068115234,27.907115936279297,15516900,0.0,0.0
2021-09-29 00:00:00-04:00,34.9900016784668,36.040000915527344,34.540000915527344,35.75,28.399635314941406,13299100,0.0,0.0
2021-09-30 00:00:00-04:00,35.5,35.90999984741211,34.90999984741211,35.5099983215332,28.2089900970459,15487000,0.0,0.0
2021-10-01 00:00:00-04:00,35.86000061035156,37.16999816894531,35.810001373291016,36.810001373291016,29.24169921875,14253500,0.0,0.0
2021-10-04 00:00:00-04:00,37.5,39.400001525878906,37.439998626708984,38.7599983215332,30.790771484375,19176300,0.0,0.0
2021-10-05 00:00:00-04:00,39.31999969482422,40.2400016784668,38.83000183105469,40.08000183105469,31.839372634887695,19210500,0.0,0.0
2021-10-06 00:00:00-04:00,39.02000045776367,39.779998779296875,38.040000915527344,38.68000030517578,30.727214813232422,16983600,0.0,0.0
2021-10-07 00:00:00-04:00,38.810001373291016,38.97999954223633,37.52000045776367,38.400001525878906,30.504789352416992,14063200,0.0,0.0
2021-10-08 00:00:00-04:00,39.0,39.970001220703125,38.81999969482422,39.86000061035156,31.66459846496582,10952800,0.0,0.0
2021-10-11 00:00:00-04:00,40.65999984741211,40.86000061035156,39.25,39.45000076293945,31.338903427124023,10102100,0.0,0.0
2021-10-12 00:00:00-04:00,39.459999084472656,40.22999954223633,38.7599983215332,39.25,31.180015563964844,9319300,0.0,0.0
2021-10-13 00:00:00-04:00,38.58000183105469,39.369998931884766,38.04999923706055,38.9900016784668,30.973487854003906,7691400,0.0,0.0
2021-10-14 00:00:00-04:00,39.77000045776367,39.939998626708984,39.02000045776367,39.779998779296875,31.601045608520508,7627800,0.0,0.0
2021-10-15 00:00:00-04:00,40.25,40.97999954223633,40.029998779296875,40.099998474121094,31.855262756347656,7737500,0.0,0.0
2021-10-18 00:00:00-04:00,40.66999816894531,41.97999954223633,39.880001068115234,40.52000045776367,32.18891143798828,11777300,0.0,0.0
2021-10-19 00:00:00-04:00,40.63999938964844,41.810001373291016,40.11000061035156,40.29999923706055,32.014137268066406,16074300,0.0,0.0
2021-10-20 00:00:00-04:00,39.83000183105469,41.029998779296875,39.52000045776367,40.90999984741211,32.49872589111328,10565100,0.0,0.0
2021-10-21 00:00:00-04:00,40.599998474121094,40.790000915527344,39.15999984741211,39.70000076293945,31.537508010864258,9937800,0.0,0.0
2021-10-22 00:00:00-04:00,39.95000076293945,40.459999084472656,39.36000061035156,40.439998626708984,32.1253547668457,7334500,0.0,0.0
2021-10-25 00:00:00-04:00,41.0,41.29999923706055,40.09000015258789,40.65999984741211,32.30012893676758,8639500,0.0,0.0
2021-10-26 00:00:00-04:00,40.91999816894531,41.7400016784668,40.75,41.5099983215332,32.97536087036133,6663000,0.0,0.0
2021-10-27 00:00:00-04:00,40.70000076293945,41.060001373291016,39.40999984741211,39.61000061035156,31.46601104736328,9047100,0.0,0.0
2021-10-28 00:00:00-04:00,39.52000045776367,40.540000915527344,39.4900016784668,40.5,32.17301940917969,5849200,0.0,0.0
2021-10-29 00:00:00-04:00,40.290000915527344,40.38999938964844,39.349998474121094,40.08000183105469,31.839372634887695,7957500,0.0,0.0
2021-11-01 00:00:00-04:00,41.029998779296875,42.400001525878906,40.83000183105469,41.9900016784668,33.356666564941406,13381700,0.0,0.0
2021-11-02 00:00:00-04:00,41.7599983215332,42.529998779296875,41.70000076293945,41.97999954223633,33.348724365234375,9657200,0.0,0.0
2021-11-03 00:00:00-04:00,42.59000015258789,44.029998779296875,41.47999954223633,41.970001220703125,33.34078598022461,15035600,0.0,0.0
2021-11-04 00:00:00-04:00,42.959999084472656,43.7599983215332,41.869998931884766,42.36000061035156,33.65060043334961,11428000,0.0,0.0
2021-11-05 00:00:00-04:00,43.09000015258789,43.66999816894531,42.31999969482422,43.58000183105469,34.619754791259766,8681700,0.0,0.0
2021-11-08 00:00:00-05:00,44.150001525878906,44.790000915527344,43.810001373291016,44.119998931884766,35.04873275756836,8016400,0.0,0.0
2021-11-09 00:00:00-05:00,44.119998931884766,44.400001525878906,42.619998931884766,43.9900016784668,34.945457458496094,7071000,0.0,0.0
2021-11-10 00:00:00-05:00,43.45000076293945,43.880001068115234,41.61000061035156,42.33000183105469,33.62675857543945,9206500,0.0,0.0
2021-11-11 00:00:00-05:00,42.59000015258789,43.31999969482422,42.58000183105469,42.720001220703125,33.93657302856445,6521100,0.0,0.0
2021-11-12 00:00:00-05:00,42.33000183105469,42.869998931884766,42.029998779296875,42.58000183105469,33.82536315917969,5994800,0.0,0.0
2021-11-15 00:00:00-05:00,42.54999923706055,43.7599983215332,41.66999816894531,43.18000030517578,34.30199432373047,8705800,0.0,0.0
2021-11-16 00:00:00-05:00,43.20000076293945,43.869998931884766,42.75,43.43000030517578,34.500587463378906,5649100,0.0,0.0
2021-11-17 00:00:00-05:00,42.97999954223633,43.9900016784668,42.04999923706055,42.290000915527344,33.59498596191406,7821700,0.0,0.0
2021-11-18 00:00:00-05:00,42.439998626708984,43.95000076293945,41.81999969482422,43.31999969482422,34.41321563720703,8311900,0.0,0.0
2021-11-19 00:00:00-05:00,41.86000061035156,42.18000030517578,40.40999984741211,40.599998474121094,32.25245666503906,14549800,0.0,0.0
2021-11-22 00:00:00-05:00,40.4900016784668,42.04999923706055,40.20000076293945,41.13999938964844,32.68143844604492,10696700,0.0,0.0
2021-11-23 00:00:00-05:00,42.220001220703125,43.689998626708984,42.220001220703125,43.439998626708984,34.508541107177734,11164000,0.0,0.0
2021-11-24 00:00:00-05:00,43.15999984741211,45.560001373291016,43.099998474121094,45.09000015258789,35.81929397583008,12219100,0.0,0.0
2021-11-26 00:00:00-05:00,42.0099983215332,42.86000061035156,39.90999984741211,42.70000076293945,33.92068862915039,15887500,0.0,0.0
2021-11-29 00:00:00-05:00,44.029998779296875,45.040000915527344,43.150001525878906,43.91999816894531,34.88985061645508,10617100,0.0,0.0
2021-11-30 00:00:00-05:00,42.790000915527344,43.86000061035156,41.52000045776367,42.060001373291016,33.41227722167969,18070000,0.0,0.0
2021-12-01 00:00:00-05:00,43.939998626708984,43.939998626708984,40.75,40.84000015258789,32.443115234375,12620600,0.0,0.0
2021-12-02 00:00:00-05:00,40.279998779296875,41.86000061035156,39.06999969482422,41.59000015258789,33.03890609741211,13679300,0.0,0.0
2021-12-03 00:00:00-05:00,42.369998931884766,43.22999954223633,40.95000076293945,41.77000045776367,33.18190383911133,9960200,0.0,0.0
2021-12-06 00:00:00-05:00,42.349998474121094,43.18000030517578,41.349998474121094,42.36000061035156,33.65060043334961,8408000,0.0,0.0
2021-12-07 00:00:00-05:00,43.119998931884766,45.38999938964844,43.119998931884766,45.119998931884766,35.84312057495117,13003800,0.0,0.0
2021-12-08 00:00:00-05:00,45.33000183105469,45.54999923706055,44.52000045776367,44.90999984741211,35.67630386352539,8233300,0.0,0.0
2021-12-09 00:00:00-05:00,43.47999954223633,43.560001373291016,42.02000045776367,42.31999969482422,34.25961685180664,10979600,0.84,0.0
2021-12-10 00:00:00-05:00,42.97999954223633,43.52000045776367,41.5099983215332,43.41999816894531,35.15010070800781,8017500,0.0,0.0
2021-12-13 00:00:00-05:00,42.56999969482422,43.0,40.97999954223633,41.060001373291016,33.239593505859375,9522800,0.0,0.0
2021-12-14 00:00:00-05:00,40.400001525878906,41.08000183105469,39.88999938964844,40.34000015258789,32.65672302246094,11249700,0.0,0.0
2021-12-15 00:00:00-05:00,40.33000183105469,40.34000015258789,38.16999816894531,39.97999954223633,32.365291595458984,14637100,0.0,0.0
2021-12-16 00:00:00-05:00,40.349998474121094,41.54999923706055,40.040000915527344,40.36000061035156,32.67292404174805,10234000,0.0,0.0
2021-12-17 00:00:00-05:00,39.880001068115234,40.099998474121094,38.29999923706055,39.20000076293945,31.733856201171875,20547600,0.0,0.0
2021-12-20 00:00:00-05:00,36.380001068115234,38.380001068115234,35.54999923706055,38.2599983215332,30.9728946685791,20487400,0.0,0.0
2021-12-21 00:00:00-05:00,38.959999084472656,41.560001373291016,38.939998626708984,41.310001373291016,33.44198226928711,15177900,0.0,0.0
2021-12-22 00:00:00-05:00,41.310001373291016,42.900001525878906,40.70000076293945,42.290000915527344,34.235328674316406,7569800,0.0,0.0
2021-12-23 00:00:00-05:00,42.52000045776367,42.779998779296875,41.970001220703125,42.04999923706055,34.04103469848633,5399900,0.0,0.0
2021-12-27 00:00:00-05:00,41.93000030517578,44.75,41.310001373291016,44.61000061035156,36.11344909667969,8186200,0.0,0.0
2021-12-28 00:00:00-05:00,44.900001525878906,45.349998474121094,44.099998474121094,44.5,36.02439498901367,6374500,0.0,0.0
2021-12-29 00:00:00-05:00,44.2599983215332,45.09000015258789,43.93000030517578,44.20000076293945,35.78155517578125,7497800,0.0,0.0
2021-12-30 00:00:00-05:00,44.34000015258789,44.79999923706055,43.61000061035156,43.66999816894531,35.35248947143555,4919200,0.0,0.0
2021-12-31 00:00:00-05:00,43.5,44.310001373291016,43.310001373291016,44.04999923706055,35.66011047363281,4895700,0.0,0.0
2022-01-03 00:00:00-05:00,44.13999938964844,45.77000045776367,43.970001220703125,45.56999969482422,36.89060592651367,10232500,0.0,0.0
2022-01-04 00:00:00-05:00,46.27000045776367,47.970001220703125,46.119998931884766,47.65999984741211,38.582542419433594,15536400,0.0,0.0
2022-01-05 00:00:00-05:00,48.150001525878906,48.68000030517578,46.52000045776367,46.61000061035156,37.732521057128906,13786800,0.0,0.0
2022-01-06 00:00:00-05:00,48.439998626708984,48.9900016784668,47.0,48.369998931884766,39.157310485839844,14529500,0.0,0.0
2022-01-07 00:00:00-05:00,48.439998626708984,49.75,47.81999969482422,48.88999938964844,39.578269958496094,15611900,0.0,0.0
2022-01-10 00:00:00-05:00,48.27000045776367,48.7599983215332,46.779998779296875,48.5,39.262550354003906,9846200,0.0,0.0
2022-01-11 00:00:00-05:00,49.18000030517578,50.11000061035156,47.849998474121094,49.79999923706055,40.31494903564453,13170300,0.0,0.0
2022-01-12 00:00:00-05:00,50.63999938964844,51.15999984741211,49.56999969482422,49.900001525878906,40.39590835571289,13828000,0.0,0.0
2022-01-13 00:00:00-05:00,50.0,50.84000015258789,49.290000915527344,49.63999938964844,40.1854248046875,10745900,0.0,0.0
2022-01-14 00:00:00-05:00,49.75,51.45000076293945,49.7400016784668,50.38999938964844,40.792572021484375,12865200,0.0,0.0
2022-01-18 00:00:00-05:00,51.08000183105469,51.9900016784668,49.209999084472656,50.36000061035156,40.7682991027832,11575800,0.0,0.0
2022-01-19 00:00:00-05:00,50.77000045776367,51.0,48.91999816894531,48.93000030517578,39.610652923583984,12232000,0.0,0.0
2022-01-20 00:00:00-05:00,48.209999084472656,50.95000076293945,47.68000030517578,48.630001068115234,39.367794036865234,13374400,0.0,0.0
2022-01-21 00:00:00-05:00,47.150001525878906,47.310001373291016,45.040000915527344,46.119998931884766,37.33584976196289,17268100,0.0,0.0
2022-01-24 00:00:00-05:00,44.45000076293945,48.54999923706055,42.869998931884766,48.33000183105469,39.124935150146484,25431400,0.0,0.0
2022-01-25 00:00:00-05:00,48.02000045776367,51.84000015258789,46.91999816894531,51.2599983215332,41.496864318847656,18435600,0.0,0.0
2022-01-26 00:00:00-05:00,52.0,53.220001220703125,50.70000076293945,51.790000915527344,41.925933837890625,16714600,0.0,0.0
2022-01-27 00:00:00-05:00,53.150001525878906,54.2599983215332,50.599998474121094,51.7400016784668,41.88544464111328,13642000,0.0,0.0
2022-01-28 00:00:00-05:00,52.540000915527344,52.7400016784668,50.29999923706055,51.54999923706055,41.73164367675781,9723700,0.0,0.0
2022-01-31 00:00:00-05:00,51.43000030517578,51.5099983215332,49.63999938964844,50.56999969482422,40.93828201293945,11896500,0.0,0.0
2022-02-01 00:00:00-05:00,50.279998779296875,53.25,49.529998779296875,52.560001373291016,42.54927444458008,11710100,0.0,0.0
2022-02-02 00:00:00-05:00,52.119998931884766,53.43000030517578,51.41999816894531,53.2400016784668,43.09975814819336,9387500,0.0,0.0
2022-02-03 00:00:00-05:00,52.91999816894531,53.4900016784668,51.58000183105469,53.0099983215332,42.91355895996094,9253200,0.0,0.0
2022-02-04 00:00:00-05:00,53.849998474121094,55.439998626708984,52.68000030517578,52.869998931884766,42.80022430419922,12759300,0.0,0.0
2022-02-07 00:00:00-05:00,52.7400016784668,53.810001373291016,51.470001220703125,52.59000015258789,42.57355499267578,10298200,0.0,0.0
2022-02-08 00:00:00-05:00,52.400001525878906,52.59000015258789,50.54999923706055,51.189998626708984,41.44020462036133,9751900,0.0,0.0
2022-02-09 00:00:00-05:00,51.5099983215332,52.849998474121094,51.22999954223633,52.119998931884766,42.19306945800781,7304600,0.0,0.0
2022-02-10 00:00:00-05:00,51.72999954223633,53.95000076293945,51.72999954223633,52.220001220703125,42.27402114868164,9753200,0.0,0.0
2022-02-11 00:00:00-05:00,52.63999938964844,54.150001525878906,52.13999938964844,54.11000061035156,43.804054260253906,11954900,0.0,0.0
2022-02-14 00:00:00-05:00,53.83000183105469,53.86000061035156,51.52000045776367,52.2599983215332,42.30640411376953,11934400,0.0,0.0
2022-02-15 00:00:00-05:00,50.88999938964844,51.790000915527344,50.04999923706055,51.41999816894531,41.62639236450195,11265500,0.0,0.0
2022-02-16 00:00:00-05:00,52.220001220703125,55.70000076293945,52.06999969482422,53.849998474121094,43.593570709228516,20745200,0.0,0.0
2022-02-17 00:00:00-05:00,54.310001373291016,56.41999816894531,54.04999923706055,55.25,44.726924896240234,17642700,0.0,0.0
2022-02-18 00:00:00-05:00,54.25,55.209999084472656,53.66999816894531,54.779998779296875,44.346435546875,11707600,0.0,0.0
2022-02-22 00:00:00-05:00,58.029998779296875,58.029998779296875,51.25,52.66999816894531,42.6383171081543,23309400,0.0,0.0
2022-02-23 00:00:00-05:00,53.36000061035156,54.779998779296875,52.88999938964844,53.54999923706055,43.35071563720703,12372100,0.0,0.0
2022-02-24 00:00:00-05:00,53.70000076293945,54.099998474121094,51.209999084472656,52.75,42.70309066772461,21102500,0.0,0.0
2022-02-25 00:00:00-05:00,53.34000015258789,55.220001220703125,52.779998779296875,55.20000076293945,44.68645095825195,12605600,0.0,0.0
2022-02-28 00:00:00-05:00,55.25,59.65999984741211,54.849998474121094,59.54999923706055,48.20793533325195,22585000,0.0,0.0
2022-03-01 00:00:00-05:00,60.0,60.7400016784668,57.72999954223633,59.25,47.96507263183594,19146500,0.0,0.0
2022-03-02 00:00:00-05:00,60.060001373291016,60.41999816894531,58.11000061035156,58.650001525878906,47.47935485839844,17556100,0.0,0.0
2022-03-03 00:00:00-05:00,57.95000076293945,59.33000183105469,57.130001068115234,58.849998474121094,47.641265869140625,11719000,0.0,0.0
2022-03-04 00:00:00-05:00,59.060001373291016,59.939998626708984,56.79999923706055,59.56999969482422,48.224124908447266,18185300,0.0,0.0
2022-03-07 00:00:00-05:00,60.5,62.790000915527344,58.279998779296875,59.88999938964844,48.48317337036133,21979600,0.0,0.0
2022-03-08 00:00:00-05:00,61.29999923706055,63.099998474121094,56.040000915527344,59.47999954223633,48.15127182006836,24167800,0.0,0.0
2022-03-09 00:00:00-05:00,57.79999923706055,59.63999938964844,56.0099983215332,58.939998626708984,47.7141227722168,17694700,0.0,0.0
2022-03-10 00:00:00-05:00,59.63999938964844,60.880001068115234,58.68000030517578,60.56999969482422,49.033660888671875,18048600,0.0,0.0
2022-03-11 00:00:00-05:00,58.279998779296875,59.810001373291016,58.20000076293945,58.63999938964844,48.26815414428711,10834400,1.0,0.0
2022-03-14 00:00:00-04:00,56.5099983215332,56.93000030517578,52.099998474121094,52.689998626708984,43.37055587768555,21911600,0.0,0.0
2022-03-15 00:00:00-04:00,50.47999954223633,53.880001068115234,50.20000076293945,53.0099983215332,43.63395309448242,17372900,0.0,0.0
2022-03-16 00:00:00-04:00,53.060001373291016,54.47999954223633,51.560001373291016,52.459999084472656,43.18124008178711,13099700,0.0,0.0
2022-03-17 00:00:00-04:00,54.2599983215332,57.900001525878906,53.869998931884766,57.52000045776367,47.34625244140625,14621200,0.0,0.0
2022-03-18 00:00:00-04:00,57.599998474121094,58.630001068115234,57.400001525878906,58.27000045776367,47.96360397338867,19656000,0.0,0.0
2022-03-21 00:00:00-04:00,59.97999954223633,62.220001220703125,59.5099983215332,61.439998626708984,50.57291030883789,17038100,0.0,0.0
2022-03-22 00:00:00-04:00,61.0,61.7400016784668,59.720001220703125,60.630001068115234,49.90616989135742,9708300,0.0,0.0
2022-03-23 00:00:00-04:00,62.43000030517578,63.2599983215332,60.95000076293945,61.66999816894531,50.76223373413086,11290700,0.0,0.0
2022-03-24 00:00:00-04:00,61.5,61.93000030517578,60.79999923706055,61.540000915527344,50.65522766113281,7501500,0.0,0.0
2022-03-25 00:00:00-04:00,61.0,62.880001068115234,60.88999938964844,62.5,51.4454231262207,8547300,0.0,0.0
2022-03-28 00:00:00-04:00,60.810001373291016,61.040000915527344,59.400001525878906,60.45000076293945,49.75801467895508,8959600,0.0,0.0
2022-03-29 00:00:00-04:00,58.54999923706055,60.560001373291016,57.65999984741211,60.5099983215332,49.80739974975586,10398500,0.0,0.0
2022-03-30 00:00:00-04:00,61.20000076293945,61.720001220703125,60.13999938964844,60.560001373291016,49.84856033325195,7610600,0.0,0.0
2022-03-31 00:00:00-04:00,60.08000183105469,61.529998779296875,59.119998931884766,59.130001068115234,48.67148971557617,11344400,0.0,0.0
2022-04-01 00:00:00-04:00,59.369998931884766,60.81999969482422,59.369998931884766,60.349998474121094,49.67570114135742,6292500,0.0,0.0
2022-04-04 00:00:00-04:00,61.33000183105469,62.11000061035156,59.720001220703125,60.849998474121094,50.08726501464844,8381600,0.0,0.0
2022-04-05 00:00:00-04:00,61.04999923706055,61.619998931884766,58.130001068115234,58.470001220703125,48.12821960449219,8667400,0.0,0.0
2022-04-06 00:00:00-04:00,59.29999923706055,59.56999969482422,57.40999984741211,58.34000015258789,48.02121353149414,9136000,0.0,0.0
2022-04-07 00:00:00-04:00,58.9900016784668,60.40999984741211,58.2400016784668,60.22999954223633,49.576927185058594,7952600,0.0,0.0
2022-04-08 00:00:00-04:00,60.34000015258789,62.540000915527344,60.209999084472656,62.369998931884766,51.338417053222656,10115100,0.0,0.0
2022-04-11 00:00:00-04:00,61.54999923706055,61.599998474121094,59.849998474121094,60.029998779296875,49.412296295166016,9011300,0.0,0.0
2022-04-12 00:00:00-04:00,61.45000076293945,63.41999816894531,61.439998626708984,62.2599983215332,51.24788284301758,9418900,0.0,0.0
2022-04-13 00:00:00-04:00,63.5,64.29000091552734,62.279998779296875,63.75,52.47433853149414,9955700,0.0,0.0
2022-04-14 00:00:00-04:00,63.2599983215332,64.05000305175781,62.529998779296875,62.560001373291016,51.494815826416016,8616800,0.0,0.0
2022-04-18 00:00:00-04:00,63.2400016784668,64.23999786376953,62.650001525878906,63.540000915527344,52.30147933959961,9422300,0.0,0.0
2022-04-19 00:00:00-04:00,63.2400016784668,64.43000030517578,62.599998474121094,63.0,51.85699462890625,8156000,0.0,0.0
2022-04-20 00:00:00-04:00,63.72999954223633,64.9800033569336,63.529998779296875,64.61000061035156,53.18222427368164,7121200,0.0,0.0
2022-04-21 00:00:00-04:00,65.0,65.44999694824219,60.86000061035156,61.150001525878906,50.33420181274414,10699200,0.0,0.0
2022-04-22 00:00:00-04:00,60.869998931884766,61.68000030517578,57.689998626708984,58.06999969482422,47.798973083496094,9734600,0.0,0.0
2022-04-25 00:00:00-04:00,55.9900016784668,56.45000076293945,53.119998931884766,56.18000030517578,46.24326705932617,13608400,0.0,0.0
2022-04-26 00:00:00-04:00,56.95000076293945,58.4900016784668,56.13999938964844,56.400001525878906,46.42435836791992,9636500,0.0,0.0
2022-04-27 00:00:00-04:00,56.83000183105469,58.880001068115234,55.63999938964844,58.06999969482422,47.798973083496094,8168000,0.0,0.0
2022-04-28 00:00:00-04:00,58.290000915527344,60.52000045776367,56.4900016784668,59.88999938964844,49.297061920166016,7940000,0.0,0.0
2022-04-29 00:00:00-04:00,60.11000061035156,60.790000915527344,57.81999969482422,58.16999816894531,47.881282806396484,7834600,0.0,0.0
2022-05-02 00:00:00-04:00,57.45000076293945,58.630001068115234,56.439998626708984,58.349998474121094,48.029449462890625,11320300,0.0,0.0
2022-05-03 00:00:00-04:00,60.900001525878906,64.47000122070312,59.369998931884766,64.27999877929688,52.910587310791016,22056300,0.0,0.0
2022-05-04 00:00:00-04:00,65.4800033569336,67.91000366210938,63.959999084472656,67.73999786376953,55.758609771728516,15072000,0.0,0.0
2022-05-05 00:00:00-04:00,68.73999786376953,68.87000274658203,65.0999984741211,67.1500015258789,55.27296829223633,13010400,0.0,0.0
2022-05-06 00:00:00-04:00,68.61000061035156,69.75,66.04000091552734,69.69000244140625,57.363704681396484,14629700,0.0,0.0
2022-05-09 00:00:00-04:00,67.33999633789062,67.5999984741211,61.900001525878906,62.02000045776367,51.050323486328125,18682400,0.0,0.0
2022-05-10 00:00:00-04:00,63.5099983215332,65.58000183105469,61.52000045776367,63.7599983215332,52.482566833496094,12783500,0.0,0.0
2022-05-11 00:00:00-04:00,65.41999816894531,68.2699966430664,64.41999816894531,64.68000030517578,53.23984146118164,12610000,0.0,0.0
2022-05-12 00:00:00-04:00,64.3499984741211,65.43000030517578,62.52000045776367,64.61000061035156,53.18222427368164,10767100,0.0,0.0
2022-05-13 00:00:00-04:00,66.0,69.33000183105469,65.95999908447266,68.69999694824219,56.54881286621094,13287700,0.0,0.0
2022-05-16 00:00:00-04:00,68.9000015258789,71.62000274658203,68.80000305175781,70.98999786376953,58.43376922607422,12633200,0.0,0.0
2022-05-17 00:00:00-04:00,72.5,72.83000183105469,71.5199966430664,72.58000183105469,59.74253845214844,10782300,0.0,0.0
2022-05-18 00:00:00-04:00,73.0,73.18000030517578,68.80000305175781,69.91999816894531,57.55302810668945,13801800,0.0,0.0
2022-05-19 00:00:00-04:00,67.81999969482422,71.37000274658203,67.5,69.51000213623047,57.215553283691406,10460700,0.0,0.0
2022-05-20 00:00:00-04:00,70.51000213623047,72.2699966430664,68.12999725341797,69.91999816894531,57.55302810668945,12971600,0.0,0.0
2022-05-23 00:00:00-04:00,70.8499984741211,71.55999755859375,69.83999633789062,71.05999755859375,58.49138641357422,9610300,0.0,0.0
2022-05-24 00:00:00-04:00,70.33000183105469,71.31999969482422,69.05000305175781,70.38999938964844,57.939903259277344,7960600,0.0,0.0
2022-05-25 00:00:00-04:00,70.22000122070312,72.19000244140625,70.0,71.94000244140625,59.215755462646484,8740500,0.0,0.0
2022-05-26 00:00:00-04:00,72.5,75.44000244140625,72.30999755859375,73.80999755859375,60.754981994628906,12960200,0.0,0.0
2022-05-27 00:00:00-04:00,73.58999633789062,75.83000183105469,73.11000061035156,75.80000305175781,62.39302062988281,9335500,0.0,0.0
2022-05-31 00:00:00-04:00,78.4800033569336,79.19000244140625,74.47000122070312,74.9000015258789,61.65220642089844,22040700,0.0,0.0
2022-06-01 00:00:00-04:00,76.36000061035156,77.5999984741211,75.0199966430664,76.4800033569336,62.9527587890625,9911800,0.0,0.0
2022-06-02 00:00:00-04:00,75.41000366210938,77.19999694824219,74.83999633789062,76.30999755859375,62.812808990478516,7514300,0.0,0.0
2022-06-03 00:00:00-04:00,76.5,77.3499984741211,76.08000183105469,77.0199966430664,63.39723205566406,7106800,0.0,0.0
2022-06-06 00:00:00-04:00,77.9000015258789,78.16999816894531,76.05999755859375,77.05000305175781,63.42192459106445,7709800,0.0,0.0
2022-06-07 00:00:00-04:00,76.73999786376953,78.20999908447266,76.26000213623047,78.04000091552734,64.23680877685547,10469500,0.0,0.0
2022-06-08 00:00:00-04:00,78.5999984741211,78.69999694824219,77.12000274658203,77.93000030517578,64.14627075195312,9974100,0.0,0.0
2022-06-09 00:00:00-04:00,78.05000305175781,79.4000015258789,77.27999877929688,77.8499984741211,64.0804214477539,13712200,0.0,0.0
2022-06-10 00:00:00-04:00,75.79000091552734,76.2300033569336,72.4800033569336,74.05999755859375,61.971736907958984,14759700,1.27,0.0
2022-06-13 00:00:00-04:00,70.2699966430664,71.4800033569336,67.20999908447266,69.23999786376953,57.938472747802734,15218700,0.0,0.0
2022-06-14 00:00:00-04:00,71.51000213623047,72.44000244140625,69.12999725341797,70.58999633789062,59.068115234375,11041500,0.0,0.0
2022-06-15 00:00:00-04:00,70.58999633789062,71.20999908447266,67.52999877929688,68.45999908447266,57.28578567504883,11457200,0.0,0.0
2022-06-16 00:00:00-04:00,66.16999816894531,66.91999816894531,62.599998474121094,63.27000045776367,52.94291687011719,17448400,0.0,0.0
2022-06-17 00:00:00-04:00,62.689998626708984,62.97999954223633,56.54999923706055,58.02000045776367,48.549835205078125,32304400,0.0,0.0
2022-06-21 00:00:00-04:00,59.650001525878906,61.209999084472656,59.13999938964844,60.560001373291016,50.67524719238281,14929500,0.0,0.0
2022-06-22 00:00:00-04:00,56.31999969482422,58.529998779296875,55.65999984741211,57.54999923706055,48.15654754638672,13909100,0.0,0.0
2022-06-23 00:00:00-04:00,58.2599983215332,58.43000030517578,53.47999954223633,54.7400016784668,45.805206298828125,18060800,0.0,0.0
2022-06-24 00:00:00-04:00,55.90999984741211,56.5099983215332,53.4900016784668,53.77000045776367,44.993526458740234,34714100,0.0,0.0
2022-06-27 00:00:00-04:00,54.45000076293945,58.45000076293945,54.45000076293945,57.790000915527344,48.35737609863281,17746100,0.0,0.0
2022-06-28 00:00:00-04:00,59.18000030517578,60.4900016784668,58.04999923706055,59.459999084472656,49.754791259765625,18542000,0.0,0.0
2022-06-29 00:00:00-04:00,60.4900016784668,60.9900016784668,55.619998931884766,55.81999969482422,46.708927154541016,12722000,0.0,0.0
2022-06-30 00:00:00-04:00,54.70000076293945,56.720001220703125,54.040000915527344,55.11000061035156,46.114803314208984,11855000,0.0,0.0
2022-07-01 00:00:00-04:00,55.43000030517578,55.9900016784668,53.36000061035156,55.11000061035156,46.114803314208984,9604300,0.0,0.0
2022-07-05 00:00:00-04:00,53.41999816894531,53.709999084472656,50.4900016784668,51.88999938964844,43.420387268066406,14834300,0.0,0.0
2022-07-06 00:00:00-04:00,51.130001068115234,52.63999938964844,48.86000061035156,51.0,42.6756591796875,16175300,0.0,0.0
2022-07-07 00:00:00-04:00,52.79999923706055,54.25,52.369998931884766,53.66999816894531,44.90985107421875,12692900,0.0,0.0
2022-07-08 00:00:00-04:00,54.47999954223633,54.95000076293945,52.81999969482422,54.47999954223633,45.58763885498047,10976700,0.0,0.0
2022-07-11 00:00:00-04:00,54.220001220703125,55.02000045776367,52.2599983215332,53.31999969482422,44.61697006225586,8938200,0.0,0.0
2022-07-12 00:00:00-04:00,51.209999084472656,52.599998474121094,50.65999984741211,51.93000030517578,43.453861236572266,9733000,0.0,0.0
2022-07-13 00:00:00-04:00,51.29999923706055,54.13999938964844,51.25,52.59000015258789,44.006126403808594,8522700,0.0,0.0
2022-07-14 00:00:00-04:00,50.599998474121094,51.47999954223633,49.5099983215332,51.41999816894531,43.02709197998047,10458500,0.0,0.0
2022-07-15 00:00:00-04:00,52.79999923706055,52.959999084472656,51.369998931884766,52.709999084472656,44.10654830932617,8048500,0.0,0.0
2022-07-18 00:00:00-04:00,54.25,55.689998626708984,53.900001525878906,54.619998931884766,45.70478820800781,11090500,0.0,0.0
2022-07-19 00:00:00-04:00,54.2599983215332,57.400001525878906,54.09000015258789,57.209999084472656,47.872047424316406,10525600,0.0,0.0
2022-07-20 00:00:00-04:00,56.310001373291016,57.91999816894531,55.540000915527344,57.68000030517578,48.265323638916016,8032000,0.0,0.0
2022-07-21 00:00:00-04:00,55.79999923706055,56.2599983215332,54.189998626708984,56.20000076293945,47.02690505981445,8150400,0.0,0.0
2022-07-22 00:00:00-04:00,56.380001068115234,57.279998779296875,54.90999984741211,55.189998626708984,46.18175506591797,6315800,0.0,0.0
2022-07-25 00:00:00-04:00,56.02000045776367,58.060001373291016,55.27000045776367,57.970001220703125,48.507991790771484,8473200,0.0,0.0
2022-07-26 00:00:00-04:00,59.0,59.189998626708984,55.7599983215332,56.7599983215332,47.4954948425293,9777700,0.0,0.0
2022-07-27 00:00:00-04:00,57.400001525878906,59.95000076293945,57.0,59.58000183105469,49.85520553588867,9145900,0.0,0.0
2022-07-28 00:00:00-04:00,60.279998779296875,61.099998474121094,59.02000045776367,60.369998931884766,50.51625442504883,7631300,0.0,0.0
2022-07-29 00:00:00-04:00,61.689998626708984,63.130001068115234,61.08000183105469,62.849998474121094,52.59146499633789,11209400,0.0,0.0
2022-08-01 00:00:00-04:00,61.779998779296875,62.81999969482422,60.150001525878906,61.56999969482422,51.52040100097656,16319200,0.0,0.0
2022-08-02 00:00:00-04:00,61.31999969482422,62.20000076293945,58.91999816894531,60.630001068115234,50.73381805419922,15073700,0.0,0.0
2022-08-03 00:00:00-04:00,61.040000915527344,61.15999984741211,56.650001525878906,56.70000076293945,47.44528579711914,19943200,0.0,0.0
2022-08-04 00:00:00-04:00,56.5,56.599998474121094,54.34000015258789,54.4900016784668,45.596004486083984,15371400,0.0,0.0
2022-08-05 00:00:00-04:00,53.5,57.11000061035156,53.130001068115234,56.650001525878906,47.4034538269043,11507500,0.0,0.0
2022-08-08 00:00:00-04:00,56.540000915527344,57.900001525878906,56.2400016784668,57.52000045776367,48.13145065307617,8478100,0.0,0.0
2022-08-09 00:00:00-04:00,58.79999923706055,60.540000915527344,58.439998626708984,59.040000915527344,49.403350830078125,10416800,0.0,0.0
2022-08-10 00:00:00-04:00,59.5,60.529998779296875,57.93000030517578,60.04999923706055,50.24848937988281,8669200,0.0,0.0
2022-08-11 00:00:00-04:00,61.79999923706055,64.87999725341797,61.7599983215332,64.45999908447266,53.93867874145508,14134900,0.0,0.0
2022-08-12 00:00:00-04:00,64.12000274658203,65.80000305175781,63.68000030517578,65.55000305175781,54.85076904296875,8712000,0.0,0.0
2022-08-15 00:00:00-04:00,62.9900016784668,64.4000015258789,61.400001525878906,63.56999969482422,53.19395065307617,11134200,0.0,0.0
2022-08-16 00:00:00-04:00,64.47000122070312,65.45999908447266,62.52000045776367,63.58000183105469,53.20231246948242,9355800,0.0,0.0
2022-08-17 00:00:00-04:00,63.709999084472656,65.2300033569336,63.15999984741211,64.13999938964844,53.6709098815918,8144500,0.0,0.0
2022-08-18 00:00:00-04:00,65.04000091552734,67.9800033569336,65.0,67.91999816894531,56.833927154541016,12516300,0.0,0.0
2022-08-19 00:00:00-04:00,67.77999877929688,69.9000015258789,67.36000061035156,68.51000213623047,57.32762145996094,13972800,0.0,0.0
2022-08-22 00:00:00-04:00,67.37999725341797,68.69000244140625,65.51000213623047,68.41999816894531,57.2523193359375,12662200,0.0,0.0
2022-08-23 00:00:00-04:00,70.0,72.45999908447266,69.87000274658203,70.87999725341797,59.3108024597168,15997300,0.0,0.0
2022-08-24 00:00:00-04:00,71.41999816894531,72.76000213623047,70.94999694824219,72.44999694824219,60.624542236328125,12851700,0.0,0.0
2022-08-25 00:00:00-04:00,73.51000213623047,73.83999633789062,72.29000091552734,73.72000122070312,61.68722915649414,11149700,0.0,0.0
2022-08-26 00:00:00-04:00,74.0,74.87000274658203,72.58000183105469,72.7699966430664,60.89229965209961,10589300,0.0,0.0
2022-08-29 00:00:00-04:00,72.41000366210938,75.2699966430664,72.04000091552734,74.13999938964844,62.03868865966797,11902000,0.0,0.0
2022-08-30 00:00:00-04:00,72.56999969482422,72.81999969482422,70.26000213623047,71.08000183105469,59.47814178466797,11606400,0.0,0.0
2022-08-31 00:00:00-04:00,69.33999633789062,72.4800033569336,68.52999877929688,70.62000274658203,59.09322738647461,11430500,0.0,0.0
2022-09-01 00:00:00-04:00,68.5199966430664,68.93000030517578,66.5199966430664,68.16000366210938,57.03476333618164,13493900,0.0,0.0
2022-09-02 00:00:00-04:00,70.62000274658203,71.23999786376953,69.26000213623047,70.33999633789062,58.85893249511719,10100000,0.0,0.0
2022-09-06 00:00:00-04:00,71.22000122070312,71.58000183105469,68.94000244140625,69.54000091552734,58.189510345458984,12545000,0.0,0.0
2022-09-07 00:00:00-04:00,67.41000366210938,69.16999816894531,66.19000244140625,68.36000061035156,57.202110290527344,10785200,0.0,0.0
2022-09-08 00:00:00-04:00,68.87999725341797,69.62999725341797,67.97000122070312,68.91000366210938,57.66234588623047,11289100,0.0,0.0
2022-09-09 00:00:00-04:00,68.52999877929688,68.94999694824219,67.55000305175781,68.51000213623047,58.64677429199219,9021200,1.55,0.0
2022-09-12 00:00:00-04:00,69.66000366210938,71.56999969482422,69.25,71.19000244140625,60.94095230102539,11044600,0.0,0.0
2022-09-13 00:00:00-04:00,70.4000015258789,71.44000244140625,68.56999969482422,69.06999969482422,59.126163482666016,11480400,0.0,0.0
2022-09-14 00:00:00-04:00,70.41000366210938,73.29000091552734,70.33999633789062,72.16999816894531,61.77985382080078,12215600,0.0,0.0
2022-09-15 00:00:00-04:00,70.19000244140625,70.91999816894531,69.25,69.4800033569336,59.47713088989258,11230300,0.0,0.0
2022-09-16 00:00:00-04:00,68.75,68.97000122070312,65.41999816894531,66.81999969482422,57.20008850097656,30970300,0.0,0.0
2022-09-19 00:00:00-04:00,64.31999969482422,66.7699966430664,64.22000122070312,65.9000015258789,56.412540435791016,10530200,0.0,0.0
2022-09-20 00:00:00-04:00,65.3499984741211,65.61000061035156,63.84000015258789,65.12000274658203,55.74482727050781,7976800,0.0,0.0
2022-09-21 00:00:00-04:00,66.8499984741211,66.94000244140625,64.44000244140625,64.4800033569336,55.19697570800781,9389300,0.0,0.0
2022-09-22 00:00:00-04:00,65.86000061035156,66.0999984741211,63.04999923706055,63.119998931884766,54.03276443481445,8909800,0.0,0.0
2022-09-23 00:00:00-04:00,60.2400016784668,60.25,56.79999923706055,57.689998626708984,49.38450622558594,17563200,0.0,0.0
2022-09-26 00:00:00-04:00,57.349998474121094,58.15999984741211,55.15999984741211,55.18000030517578,47.23586654663086,13363800,0.0,0.0
2022-09-27 00:00:00-04:00,56.369998931884766,57.22999954223633,55.33000183105469,56.16999816894531,48.08332824707031,10695500,0.0,0.0
2022-09-28 00:00:00-04:00,56.75,60.189998626708984,56.279998779296875,60.04999923706055,51.40473937988281,11734500,0.0,0.0
2022-09-29 00:00:00-04:00,59.150001525878906,61.45000076293945,58.220001220703125,60.970001220703125,52.19229507446289,12286900,0.0,0.0
2022-09-30 00:00:00-04:00,60.959999084472656,61.650001525878906,59.40999984741211,60.130001068115234,51.47323226928711,9686600,0.0,0.0
2022-10-03 00:00:00-04:00,63.29999923706055,65.88999938964844,62.91999816894531,65.33000183105469,55.924598693847656,13020200,0.0,0.0
2022-10-04 00:00:00-04:00,67.06999969482422,69.08999633789062,66.62000274658203,69.06999969482422,59.126163482666016,14620700,0.0,0.0
2022-10-05 00:00:00-04:00,69.0,71.51000213623047,67.91000366210938,70.87999725341797,60.67558288574219,15689500,0.0,0.0
2022-10-06 00:00:00-04:00,70.12999725341797,72.56999969482422,70.11000061035156,72.23999786376953,61.83977508544922,11199500,0.0,0.0
2022-10-07 00:00:00-04:00,72.5,73.87000274658203,71.18000030517578,72.04000091552734,61.66857147216797,12020900,0.0,0.0
2022-10-10 00:00:00-04:00,71.88999938964844,73.45999908447266,69.91000366210938,70.3499984741211,60.22187042236328,9829700,0.0,0.0
2022-10-11 00:00:00-04:00,68.66999816894531,70.58999633789062,67.88999938964844,68.56999969482422,58.69814682006836,11718900,0.0,0.0
2022-10-12 00:00:00-04:00,68.05000305175781,70.12999725341797,67.13999938964844,69.4000015258789,59.408653259277344,7419800,0.0,0.0
2022-10-13 00:00:00-04:00,68.08000183105469,73.06999969482422,68.0199966430664,72.25,61.848331451416016,10697100,0.0,0.0
2022-10-14 00:00:00-04:00,71.20999908447266,72.72000122070312,67.95999908447266,68.0199966430664,58.22731018066406,9071800,0.0,0.0
2022-10-17 00:00:00-04:00,69.41000366210938,70.29000091552734,68.62000274658203,69.80000305175781,59.751068115234375,7969400,0.0,0.0
2022-10-18 00:00:00-04:00,70.75,71.18000030517578,68.41999816894531,69.7699966430664,59.72537612915039,7943300,0.0,0.0
2022-10-19 00:00:00-04:00,70.11000061035156,72.41999816894531,69.69000244140625,71.94000244140625,61.582969665527344,8977700,0.0,0.0
2022-10-20 00:00:00-04:00,72.93000030517578,73.3499984741211,71.18000030517578,71.68000030517578,61.36039352416992,7704000,0.0,0.0
2022-10-21 00:00:00-04:00,72.4800033569336,74.37999725341797,71.93000030517578,74.29000091552734,63.59463882446289,11214800,0.0,0.0
2022-10-24 00:00:00-04:00,74.55000305175781,75.87000274658203,73.94999694824219,75.23999786376953,64.40787506103516,8530900,0.0,0.0
2022-10-25 00:00:00-04:00,74.83999633789062,75.77999877929688,73.97000122070312,75.51000213623047,64.63900756835938,6541000,0.0,0.0
2022-10-26 00:00:00-04:00,75.87000274658203,78.08000183105469,75.87000274658203,76.91999816894531,65.84600830078125,7803200,0.0,0.0
2022-10-27 00:00:00-04:00,78.5,78.81999969482422,76.33999633789062,76.55999755859375,65.537841796875,7410900,0.0,0.0
2022-10-28 00:00:00-04:00,77.58000183105469,78.0199966430664,73.86000061035156,76.01000213623047,65.06702423095703,7861200,0.0,0.0
2022-10-31 00:00:00-04:00,75.04000091552734,78.2699966430664,74.76000213623047,77.3499984741211,66.21409606933594,8429600,0.0,0.0
2022-11-01 00:00:00-04:00,78.69000244140625,78.7699966430664,76.83999633789062,77.30000305175781,66.17131042480469,10730300,0.0,0.0
2022-11-02 00:00:00-04:00,75.44999694824219,75.45999908447266,66.5999984741211,67.44000244140625,57.73081970214844,36589400,0.0,0.0
2022-11-03 00:00:00-04:00,67.58000183105469,71.29000091552734,66.55000305175781,70.7300033569336,60.54718017578125,18048600,0.0,0.0
2022-11-04 00:00:00-04:00,72.91000366210938,74.26000213623047,70.18000030517578,71.4800033569336,61.189186096191406,14218400,0.0,0.0
2022-11-07 00:00:00-05:00,71.73999786376953,72.88999938964844,70.47000122070312,72.04000091552734,61.66857147216797,9347000,0.0,0.0
2022-11-08 00:00:00-05:00,72.19000244140625,72.48999786376953,70.38999938964844,71.98999786376953,61.625770568847656,8450300,0.0,0.0
2022-11-09 00:00:00-05:00,70.4800033569336,70.73999786376953,66.72000122070312,66.76000213623047,57.14872360229492,9463400,0.0,0.0
2022-11-10 00:00:00-05:00,68.55000305175781,69.72000122070312,66.83999633789062,68.9800033569336,59.04911422729492,8089800,0.0,0.0
2022-11-11 00:00:00-05:00,70.44999694824219,72.98999786376953,70.2699966430664,71.80000305175781,61.46311950683594,9500400,0.0,0.0
2022-11-14 00:00:00-05:00,71.3499984741211,72.93000030517578,71.12999725341797,71.5,61.20631790161133,6600600,0.0,0.0
2022-11-15 00:00:00-05:00,72.25,73.9800033569336,71.41999816894531,73.62000274658203,63.02110290527344,8500600,0.0,0.0
2022-11-16 00:00:00-05:00,72.19000244140625,73.04000091552734,70.93000030517578,71.33999633789062,61.0693473815918,8881400,0.0,0.0
2022-11-17 00:00:00-05:00,70.0,71.0199966430664,68.55999755859375,70.98999786376953,60.769744873046875,8337800,0.0,0.0
2022-11-18 00:00:00-05:00,69.0199966430664,69.83999633789062,67.5999984741211,69.62000274658203,59.59697723388672,10216600,0.0,0.0
2022-11-21 00:00:00-05:00,67.5999984741211,68.05000305175781,65.0199966430664,67.19000244140625,57.51682662963867,15267300,0.0,0.0
2022-11-22 00:00:00-05:00,68.12999725341797,70.43000030517578,67.58000183105469,68.56999969482422,58.69814682006836,14037100,0.0,0.0
2022-11-23 00:00:00-05:00,67.5,68.33000183105469,66.70999908447266,67.80000305175781,58.03900909423828,9888800,0.0,0.0
2022-11-25 00:00:00-05:00,68.44999694824219,69.0999984741211,67.95999908447266,68.3499984741211,58.50981521606445,3520500,0.0,0.0
2022-11-28 00:00:00-05:00,66.04000091552734,67.8499984741211,65.18000030517578,66.52999877929688,56.95182418823242,9713600,0.0,0.0
2022-11-29 00:00:00-05:00,67.69999694824219,68.16000366210938,66.52999877929688,67.5,57.78218460083008,10032100,0.0,0.0
2022-11-30 00:00:00-05:00,68.69999694824219,68.87999725341797,66.91000366210938,68.5199966430664,58.655338287353516,13844800,0.0,0.0
2022-12-01 00:00:00-05:00,69.55000305175781,70.12999725341797,68.13999938964844,68.27999877929688,58.449886322021484,7640300,0.0,0.0
2022-12-02 00:00:00-05:00,68.0,69.4800033569336,68.0,68.45999908447266,58.603973388671875,8250500,0.0,0.0
2022-12-05 00:00:00-05:00,69.75,70.41999816894531,65.8499984741211,66.55000305175781,56.96895980834961,11218100,0.0,0.0
2022-12-06 00:00:00-05:00,66.0,67.26000213623047,63.63999938964844,64.12999725341797,54.89735794067383,10278500,0.0,0.0
2022-12-07 00:00:00-05:00,64.56999969482422,65.45999908447266,63.400001525878906,64.25,55.00007247924805,10523200,0.0,0.0
2022-12-08 00:00:00-05:00,65.9000015258789,66.37999725341797,63.04999923706055,63.5,54.35804748535156,13385400,0.0,0.0
2022-12-09 00:00:00-05:00,61.95000076293945,62.380001068115234,59.540000915527344,59.619998931884766,52.14524841308594,13152800,1.35,0.0
2022-12-12 00:00:00-05:00,59.9900016784668,61.4900016784668,59.56999969482422,61.08000183105469,53.422203063964844,10636000,0.0,0.0
2022-12-13 00:00:00-05:00,62.63999938964844,63.09000015258789,61.0,61.97999954223633,54.20936965942383,10915100,0.0,0.0
2022-12-14 00:00:00-05:00,62.630001068115234,63.09000015258789,60.83000183105469,61.91999816894531,54.15689468383789,9062700,0.0,0.0
2022-12-15 00:00:00-05:00,61.130001068115234,61.77000045776367,60.2599983215332,61.58000183105469,53.859519958496094,7976400,0.0,0.0
2022-12-16 00:00:00-05:00,60.0,60.7599983215332,59.060001373291016,60.08000183105469,52.54757308959961,14377200,0.0,0.0
2022-12-19 00:00:00-05:00,60.45000076293945,60.91999816894531,58.720001220703125,59.2599983215332,51.83038330078125,7011700,0.0,0.0
2022-12-20 00:00:00-05:00,58.95000076293945,59.900001525878906,58.560001373291016,59.36000061035156,51.9178466796875,7606400,0.0,0.0
2022-12-21 00:00:00-05:00,60.880001068115234,61.900001525878906,60.220001220703125,61.7599983215332,54.01694869995117,7992800,0.0,0.0
2022-12-22 00:00:00-05:00,61.560001373291016,61.7599983215332,58.59000015258789,60.11000061035156,52.57381820678711,8067900,0.0,0.0
2022-12-23 00:00:00-05:00,60.93000030517578,62.52000045776367,60.439998626708984,62.5099983215332,54.67292404174805,6099600,0.0,0.0
2022-12-27 00:00:00-05:00,63.02000045776367,63.630001068115234,62.630001068115234,63.2400016784668,55.3114013671875,6771900,0.0,0.0
2022-12-28 00:00:00-05:00,62.849998474121094,62.869998931884766,60.63999938964844,60.88999938964844,53.256019592285156,6524400,0.0,0.0
2022-12-29 00:00:00-05:00,60.349998474121094,61.529998779296875,60.13999938964844,61.040000915527344,53.38722610473633,6355900,0.0,0.0
2022-12-30 00:00:00-05:00,60.95000076293945,61.56999969482422,60.52000045776367,61.5099983215332,53.79829788208008,6690900,0.0,0.0
2023-01-03 00:00:00-05:00,60.72999954223633,61.2599983215332,57.220001220703125,58.119998931884766,50.83330535888672,10613200,0.0,0.0
2023-01-04 00:00:00-05:00,56.880001068115234,59.2599983215332,56.40999984741211,58.900001525878906,51.51552200317383,9690900,0.0,0.0
2023-01-05 00:00:00-05:00,58.86000061035156,60.5,58.56999969482422,60.16999816894531,52.62628936767578,8812100,0.0,0.0
2023-01-06 00:00:00-05:00,61.16999816894531,62.2599983215332,60.79999923706055,61.22999954223633,53.55339813232422,7332500,0.0,0.0
2023-01-09 00:00:00-05:00,62.689998626708984,63.4900016784668,61.939998626708984,62.20000076293945,54.40178680419922,7567900,0.0,0.0
2023-01-10 00:00:00-05:00,62.79999923706055,63.15999984741211,61.470001220703125,63.130001068115234,55.21518325805664,5909300,0.0,0.0
2023-01-11 00:00:00-05:00,63.939998626708984,64.11000061035156,62.2599983215332,62.849998474121094,54.97028732299805,7557100,0.0,0.0
2023-01-12 00:00:00-05:00,63.439998626708984,64.77999877929688,63.27000045776367,64.02999877929688,56.00234603881836,7232000,0.0,0.0
2023-01-13 00:00:00-05:00,63.90999984741211,64.1500015258789,62.880001068115234,63.59000015258789,55.61751937866211,5474100,0.0,0.0
2023-01-17 00:00:00-05:00,63.77000045776367,64.38999938964844,63.189998626708984,63.4900016784668,55.530059814453125,5383900,0.0,0.0
2023-01-18 00:00:00-05:00,64.04000091552734,65.41000366210938,62.59000015258789,62.619998931884766,54.76913070678711,8349600,0.0,0.0
2023-01-19 00:00:00-05:00,62.18000030517578,64.19999694824219,62.040000915527344,64.08000183105469,56.046085357666016,7312900,0.0,0.0
2023-01-20 00:00:00-05:00,64.30999755859375,64.94999694824219,63.38999938964844,64.75,56.632080078125,7093800,0.0,0.0
2023-01-23 00:00:00-05:00,65.33000183105469,66.26000213623047,65.04000091552734,65.76000213623047,57.51546096801758,6246100,0.0,0.0
2023-01-24 00:00:00-05:00,65.75,66.12000274658203,63.810001373291016,63.970001220703125,55.94988250732422,7043500,0.0,0.0
2023-01-25 00:00:00-05:00,63.400001525878906,64.18000030517578,62.40999984741211,64.16999816894531,56.12480163574219,5834700,0.0,0.0
2023-01-26 00:00:00-05:00,65.12999725341797,65.7300033569336,63.689998626708984,65.72000122070312,57.480472564697266,6346700,0.0,0.0
2023-01-27 00:00:00-05:00,65.72000122070312,66.95999908447266,65.25,65.2699966430664,57.08687973022461,7210200,0.0,0.0
2023-01-30 00:00:00-05:00,64.5999984741211,64.94000244140625,62.290000915527344,62.34000015258789,54.52423095703125,8003900,0.0,0.0
2023-01-31 00:00:00-05:00,62.400001525878906,63.7400016784668,61.959999084472656,63.2400016784668,55.3114013671875,7472300,0.0,0.0
2023-02-01 00:00:00-05:00,62.560001373291016,62.79999923706055,60.7400016784668,61.88999938964844,54.130653381347656,9653400,0.0,0.0
2023-02-02 00:00:00-05:00,62.060001373291016,62.060001373291016,60.0,60.95000076293945,53.30850601196289,8770300,0.0,0.0
2023-02-03 00:00:00-05:00,61.0,62.540000915527344,60.77000045776367,60.849998474121094,53.22104263305664,6564100,0.0,0.0
2023-02-06 00:00:00-05:00,60.61000061035156,61.31999969482422,59.310001373291016,60.13999938964844,52.60005187988281,7394900,0.0,0.0
2023-02-07 00:00:00-05:00,60.720001220703125,62.33000183105469,59.86000061035156,62.209999084472656,54.41053009033203,8170800,0.0,0.0
2023-02-08 00:00:00-05:00,62.29999923706055,62.79999923706055,60.900001525878906,61.33000183105469,53.640865325927734,7848700,0.0,0.0
2023-02-09 00:00:00-05:00,61.27000045776367,61.5099983215332,60.15999984741211,60.29999923706055,52.739990234375,5685300,0.0,0.0
2023-02-10 00:00:00-05:00,61.369998931884766,63.689998626708984,61.220001220703125,63.540000915527344,55.573787689208984,8727500,0.0,0.0
2023-02-13 00:00:00-05:00,62.959999084472656,64.11000061035156,62.400001525878906,63.560001373291016,55.59128189086914,7606800,0.0,0.0
2023-02-14 00:00:00-05:00,62.91999816894531,64.4000015258789,62.540000915527344,63.939998626708984,55.92363739013672,8775600,0.0,0.0
2023-02-15 00:00:00-05:00,58.849998474121094,59.16999816894531,55.400001525878906,57.22999954223633,50.054893493652344,52418700,0.0,0.0
2023-02-16 00:00:00-05:00,57.0099983215332,57.41999816894531,55.68000030517578,55.720001220703125,48.73420333862305,17678700,0.0,0.0
2023-02-17 00:00:00-05:00,54.79999923706055,54.79999923706055,52.45000076293945,53.33000183105469,46.64385223388672,25514600,0.0,0.0
2023-02-21 00:00:00-05:00,53.68000030517578,54.09000015258789,53.189998626708984,53.72999954223633,46.99369430541992,11378800,0.0,0.0
2023-02-22 00:00:00-05:00,53.709999084472656,54.349998474121094,52.560001373291016,53.59000015258789,46.871246337890625,13144400,0.0,0.0
2023-02-23 00:00:00-05:00,54.400001525878906,55.27000045776367,53.79999923706055,55.0,48.10447311401367,11919400,0.0,0.0
2023-02-24 00:00:00-05:00,54.41999816894531,55.189998626708984,53.900001525878906,55.0,48.10447311401367,10030100,0.0,0.0
2023-02-27 00:00:00-05:00,55.119998931884766,55.27000045776367,54.2599983215332,54.52000045776367,47.684661865234375,9624200,0.0,0.0
2023-02-28 00:00:00-05:00,54.970001220703125,55.130001068115234,53.880001068115234,53.91999816894531,47.15987014770508,10887300,0.0,0.0
2023-03-01 00:00:00-05:00,53.81999969482422,55.04999923706055,53.560001373291016,54.7400016784668,47.8770751953125,9308100,0.0,0.0
2023-03-02 00:00:00-05:00,54.25,56.0,54.20000076293945,55.70000076293945,48.71670913696289,8660000,0.0,0.0
2023-03-03 00:00:00-05:00,54.90999984741211,57.130001068115234,54.779998779296875,56.66999816894531,49.565101623535156,10997800,0.0,0.0
2023-03-06 00:00:00-05:00,56.15999984741211,56.79999923706055,55.869998931884766,56.4900016784668,49.40767288208008,8926300,0.0,0.0
2023-03-07 00:00:00-05:00,56.11000061035156,56.34000015258789,54.7599983215332,55.029998779296875,48.130706787109375,9492500,0.0,0.0
2023-03-08 00:00:00-05:00,54.689998626708984,55.58000183105469,54.0099983215332,54.5,47.66716384887695,8379100,0.0,0.0
2023-03-09 00:00:00-05:00,54.81999969482422,55.369998931884766,52.849998474121094,52.97999954223633,46.33772659301758,9275200,0.0,0.0
2023-03-10 00:00:00-05:00,52.849998474121094,53.66999816894531,51.34000015258789,51.7599983215332,45.270687103271484,12351100,0.0,0.0
2023-03-13 00:00:00-04:00,50.0,51.06999969482422,49.02000045776367,49.97999954223633,43.71384811401367,15449700,0.0,0.0
2023-03-14 00:00:00-04:00,49.0099983215332,50.84000015258789,48.310001373291016,49.220001220703125,43.829612731933594,12442500,0.89,0.0
2023-03-15 00:00:00-04:00,47.09000015258789,47.27000045776367,44.369998931884766,45.119998931884766,40.17862319946289,23274200,0.0,0.0
2023-03-16 00:00:00-04:00,44.40999984741211,46.349998474121094,44.029998779296875,46.27000045776367,41.20268630981445,14250200,0.0,0.0
2023-03-17 00:00:00-04:00,46.310001373291016,46.45000076293945,45.040000915527344,46.150001525878906,41.095829010009766,28300500,0.0,0.0
2023-03-20 00:00:00-04:00,46.0,47.31999969482422,45.97999954223633,47.0,41.85272979736328,8906600,0.0,0.0
2023-03-21 00:00:00-04:00,48.040000915527344,49.5099983215332,47.880001068115234,49.060001373291016,43.6871337890625,11184700,0.0,0.0
2023-03-22 00:00:00-04:00,49.189998626708984,49.540000915527344,47.689998626708984,47.7599983215332,42.52950668334961,8633200,0.0,0.0
2023-03-23 00:00:00-04:00,48.130001068115234,48.61000061035156,46.22999954223633,46.720001220703125,41.60340118408203,8905800,0.0,0.0
2023-03-24 00:00:00-04:00,45.45000076293945,46.9900016784668,45.439998626708984,46.56999969482422,41.46983337402344,8727600,0.0,0.0
2023-03-27 00:00:00-04:00,47.400001525878906,48.40999984741211,46.58000183105469,48.08000183105469,42.814456939697266,7759600,0.0,0.0
2023-03-28 00:00:00-04:00,47.720001220703125,49.220001220703125,47.68000030517578,48.56999969482422,43.250797271728516,7671100,0.0,0.0
2023-03-29 00:00:00-04:00,49.470001220703125,49.91999816894531,49.25,49.790000915527344,44.33718490600586,8150400,0.0,0.0
2023-03-30 00:00:00-04:00,50.54999923706055,50.65999984741211,49.630001068115234,49.849998474121094,44.390621185302734,6603000,0.0,0.0
2023-03-31 00:00:00-04:00,50.33000183105469,50.849998474121094,50.119998931884766,50.61000061035156,45.06739044189453,7652500,0.0,0.0
2023-04-03 00:00:00-04:00,53.40999984741211,54.65999984741211,52.900001525878906,53.310001373291016,47.4716911315918,18907000,0.0,0.0
2023-04-04 00:00:00-04:00,53.29999923706055,53.52000045776367,51.5,52.7400016784668,46.964115142822266,10252700,0.0,0.0
2023-04-05 00:00:00-04:00,52.79999923706055,53.59000015258789,52.099998474121094,53.529998779296875,47.66759490966797,8297200,0.0,0.0
2023-04-06 00:00:00-04:00,53.22999954223633,53.529998779296875,52.720001220703125,52.90999984741211,47.11549377441406,6239500,0.0,0.0
2023-04-10 00:00:00-04:00,53.099998474121094,54.529998779296875,53.099998474121094,53.38999938964844,47.54292297363281,6996900,0.0,0.0
2023-04-11 00:00:00-04:00,53.7599983215332,54.810001373291016,53.47999954223633,54.29999923706055,48.35326385498047,6427300,0.0,0.0
2023-04-12 00:00:00-04:00,54.529998779296875,55.25,54.2599983215332,54.540000915527344,48.566993713378906,7277200,0.0,0.0
2023-04-13 00:00:00-04:00,54.400001525878906,55.4900016784668,54.38999938964844,55.220001220703125,49.17251968383789,6567500,0.0,0.0
2023-04-14 00:00:00-04:00,55.2599983215332,56.060001373291016,55.099998474121094,55.70000076293945,49.59994125366211,5969300,0.0,0.0
2023-04-17 00:00:00-04:00,55.59000015258789,56.189998626708984,55.08000183105469,55.29999923706055,49.24374771118164,6132100,0.0,0.0
2023-04-18 00:00:00-04:00,54.900001525878906,55.459999084472656,54.4900016784668,55.220001220703125,49.17251968383789,5329700,0.0,0.0
2023-04-19 00:00:00-04:00,54.18000030517578,54.959999084472656,53.95000076293945,54.849998474121094,48.8430290222168,5112300,0.0,0.0
2023-04-20 00:00:00-04:00,53.790000915527344,54.150001525878906,53.470001220703125,54.02000045776367,48.10393524169922,6705700,0.0,0.0
2023-04-21 00:00:00-04:00,54.16999816894531,54.16999816894531,53.2400016784668,53.630001068115234,47.75664520263672,5510400,0.0,0.0
2023-04-24 00:00:00-04:00,53.529998779296875,54.84000015258789,53.38999938964844,54.470001220703125,48.50464630126953,5473400,0.0,0.0
2023-04-25 00:00:00-04:00,53.599998474121094,53.7599983215332,52.650001525878906,53.209999084472656,47.38264465332031,6242700,0.0,0.0
2023-04-26 00:00:00-04:00,52.720001220703125,53.33000183105469,51.540000915527344,52.20000076293945,46.48325729370117,6955900,0.0,0.0
2023-04-27 00:00:00-04:00,52.5099983215332,52.68000030517578,51.400001525878906,52.25,46.52778625488281,6360400,0.0,0.0
2023-04-28 00:00:00-04:00,52.119998931884766,54.029998779296875,51.939998626708984,53.43000030517578,47.57854080200195,7666400,0.0,0.0
2023-05-01 00:00:00-04:00,52.689998626708984,53.7400016784668,52.529998779296875,53.2400016784668,47.409358978271484,5921700,0.0,0.0
2023-05-02 00:00:00-04:00,52.13999938964844,52.38999938964844,49.959999084472656,50.709999084472656,45.15642547607422,9588100,0.0,0.0
2023-05-03 00:00:00-04:00,49.5,50.150001525878906,48.869998931884766,49.0099983215332,43.642608642578125,9470800,0.0,0.0
2023-05-04 00:00:00-04:00,49.130001068115234,49.75,48.04999923706055,48.2400016784668,42.95693588256836,7220100,0.0,0.0
2023-05-05 00:00:00-04:00,49.900001525878906,50.86000061035156,49.70000076293945,50.36000061035156,44.84476852416992,8325300,0.0,0.0
2023-05-08 00:00:00-04:00,51.7599983215332,52.029998779296875,50.95000076293945,51.0,45.4146728515625,8842500,0.0,0.0
2023-05-09 00:00:00-04:00,50.22999954223633,51.2400016784668,48.79999923706055,49.16999816894531,43.78508377075195,13774400,0.0,0.0
2023-05-10 00:00:00-04:00,49.16999816894531,49.209999084472656,47.20000076293945,48.11000061035156,42.8411750793457,12036100,0.0,0.0
2023-05-11 00:00:00-04:00,47.33000183105469,47.849998474121094,46.88999938964844,47.2599983215332,42.084251403808594,7922500,0.0,0.0
2023-05-12 00:00:00-04:00,47.63999938964844,47.790000915527344,46.84000015258789,47.52000045776367,42.3157844543457,5950700,0.0,0.0
2023-05-15 00:00:00-04:00,47.93000030517578,48.189998626708984,47.43000030517578,47.709999084472656,42.4849739074707,7187000,0.0,0.0
2023-05-16 00:00:00-04:00,47.36000061035156,47.65999984741211,46.04999923706055,46.130001068115234,41.07801055908203,8030900,0.0,0.0
2023-05-17 00:00:00-04:00,46.59000015258789,48.279998779296875,46.45000076293945,47.709999084472656,42.4849739074707,7930900,0.0,0.0
2023-05-18 00:00:00-04:00,47.369998931884766,48.369998931884766,47.060001373291016,48.279998779296875,42.992557525634766,6115900,0.0,0.0
2023-05-19 00:00:00-04:00,49.029998779296875,49.59000015258789,48.81999969482422,49.20000076293945,43.81180191040039,8291100,0.0,0.0
2023-05-22 00:00:00-04:00,49.189998626708984,49.97999954223633,48.90999984741211,49.31999969482422,43.918663024902344,5510700,0.0,0.0
2023-05-23 00:00:00-04:00,49.75,50.16999816894531,49.060001373291016,49.11000061035156,43.73165512084961,7381000,0.0,0.0
2023-05-24 00:00:00-04:00,49.27000045776367,50.04999923706055,48.68000030517578,49.66999816894531,44.23032760620117,6903000,0.0,0.0
2023-05-25 00:00:00-04:00,48.68000030517578,48.91999816894531,47.66999816894531,47.869998931884766,42.62745666503906,11289800,0.0,0.0
2023-05-26 00:00:00-04:00,48.45000076293945,48.4900016784668,47.58000183105469,48.06999969482422,42.80555725097656,6377100,0.0,0.0
2023-05-30 00:00:00-04:00,47.310001373291016,47.709999084472656,46.31999969482422,46.959999084472656,41.81711959838867,11242800,0.0,0.0
2023-05-31 00:00:00-04:00,46.310001373291016,46.790000915527344,45.88999938964844,46.099998474121094,41.05129623413086,11537800,0.0,0.0
2023-06-01 00:00:00-04:00,46.310001373291016,47.72999954223633,45.97999954223633,46.779998779296875,41.656829833984375,7568000,0.0,0.0
2023-06-02 00:00:00-04:00,47.880001068115234,49.02000045776367,47.5,48.529998779296875,43.215171813964844,8829400,0.0,0.0
2023-06-05 00:00:00-04:00,49.599998474121094,49.599998474121094,48.2400016784668,48.369998931884766,43.07270050048828,7367600,0.0,0.0
2023-06-06 00:00:00-04:00,47.5,49.040000915527344,47.40999984741211,48.95000076293945,43.58918380737305,5952500,0.0,0.0
2023-06-07 00:00:00-04:00,49.290000915527344,50.5099983215332,49.09000015258789,50.04999923706055,44.5687141418457,7190000,0.0,0.0
2023-06-08 00:00:00-04:00,49.86000061035156,50.4900016784668,48.959999084472656,50.02000045776367,44.541996002197266,7162900,0.0,0.0
2023-06-09 00:00:00-04:00,49.93000030517578,50.47999954223633,49.52000045776367,49.869998931884766,44.40842819213867,6105400,0.0,0.0
2023-06-12 00:00:00-04:00,49.09000015258789,50.040000915527344,48.900001525878906,49.400001525878906,43.989898681640625,8611900,0.0,0.0
2023-06-13 00:00:00-04:00,50.7599983215332,51.40999984741211,50.31999969482422,50.38999938964844,44.87147903442383,13214200,0.0,0.0
2023-06-14 00:00:00-04:00,50.08000183105469,50.66999816894531,48.619998931884766,48.95000076293945,44.221038818359375,10790700,0.72,0.0
2023-06-15 00:00:00-04:00,49.119998931884766,50.27000045776367,49.06999969482422,49.599998474121094,44.8082389831543,8670000,0.0,0.0
2023-06-16 00:00:00-04:00,49.95000076293945,50.220001220703125,49.58000183105469,49.79999923706055,44.98892593383789,16259000,0.0,0.0
2023-06-20 00:00:00-04:00,49.22999954223633,49.41999816894531,47.38999938964844,48.27000045776367,43.60673141479492,10540800,0.0,0.0
2023-06-21 00:00:00-04:00,48.20000076293945,49.33000183105469,48.130001068115234,48.939998626708984,44.211997985839844,6950800,0.0,0.0
2023-06-22 00:00:00-04:00,48.13999938964844,48.20000076293945,47.47999954223633,47.689998626708984,43.08275604248047,7243500,0.0,0.0
2023-06-23 00:00:00-04:00,47.0,47.400001525878906,46.900001525878906,47.150001525878906,42.59492874145508,13663600,0.0,0.0
2023-06-26 00:00:00-04:00,47.290000915527344,48.189998626708984,47.209999084472656,47.7400016784668,43.1279296875,6833700,0.0,0.0
2023-06-27 00:00:00-04:00,47.66999816894531,47.9900016784668,47.310001373291016,47.31999969482422,42.74850845336914,7871700,0.0,0.0
2023-06-28 00:00:00-04:00,47.540000915527344,47.900001525878906,46.88999938964844,47.689998626708984,43.08275604248047,8819700,0.0,0.0
2023-06-29 00:00:00-04:00,47.939998626708984,48.43000030517578,47.7400016784668,48.400001525878906,43.724159240722656,6745800,0.0,0.0
2023-06-30 00:00:00-04:00,49.099998474121094,49.099998474121094,48.31999969482422,48.34000015258789,43.66996383666992,8876800,0.0,0.0
2023-07-03 00:00:00-04:00,48.349998474121094,49.09000015258789,48.279998779296875,48.83000183105469,44.11262512207031,4385700,0.0,0.0
2023-07-05 00:00:00-04:00,49.279998779296875,49.400001525878906,48.25,48.5,43.81451416015625,7528100,0.0,0.0
2023-07-06 00:00:00-04:00,48.0,48.470001220703125,46.70000076293945,47.54999923706055,42.95628356933594,9501500,0.0,0.0
2023-07-07 00:00:00-04:00,47.189998626708984,49.380001068115234,47.099998474121094,48.849998474121094,44.13069534301758,9701800,0.0,0.0
2023-07-10 00:00:00-04:00,48.560001373291016,49.439998626708984,48.400001525878906,49.189998626708984,44.43784713745117,5793500,0.0,0.0
2023-07-11 00:00:00-04:00,49.75,50.790000915527344,49.529998779296875,50.560001373291016,45.675498962402344,8664900,0.0,0.0
2023-07-12 00:00:00-04:00,51.20000076293945,51.56999969482422,50.77000045776367,51.09000015258789,46.154293060302734,7640900,0.0,0.0
2023-07-13 00:00:00-04:00,51.04999923706055,51.810001373291016,50.599998474121094,51.11000061035156,46.17236328125,7168500,0.0,0.0
2023-07-14 00:00:00-04:00,50.689998626708984,50.689998626708984,48.72999954223633,48.900001525878906,44.175865173339844,9704500,0.0,0.0
2023-07-17 00:00:00-04:00,48.70000076293945,49.099998474121094,48.349998474121094,48.91999816894531,44.19393539428711,6486700,0.0,0.0
2023-07-18 00:00:00-04:00,49.0,50.939998626708984,48.93000030517578,50.5099983215332,45.63031768798828,9089500,0.0,0.0
2023-07-19 00:00:00-04:00,50.470001220703125,51.150001525878906,50.36000061035156,50.619998931884766,45.72969436645508,8251200,0.0,0.0
2023-07-20 00:00:00-04:00,51.18000030517578,51.790000915527344,50.90999984741211,51.400001525878906,46.434349060058594,8133600,0.0,0.0
2023-07-21 00:00:00-04:00,51.63999938964844,52.470001220703125,51.27000045776367,52.2599983215332,47.21125793457031,9921900,0.0,0.0
2023-07-24 00:00:00-04:00,52.5,53.58000183105469,52.380001068115234,53.09000015258789,47.96107482910156,9024000,0.0,0.0
2023-07-25 00:00:00-04:00,53.0,53.79999923706055,52.86000061035156,53.400001525878906,48.241127014160156,5547000,0.0,0.0
2023-07-26 00:00:00-04:00,52.810001373291016,53.47999954223633,52.720001220703125,53.150001525878906,48.01527786254883,5078800,0.0,0.0
2023-07-27 00:00:00-04:00,53.599998474121094,53.650001525878906,52.0099983215332,52.220001220703125,47.17512893676758,7478600,0.0,0.0
2023-07-28 00:00:00-04:00,52.54999923706055,53.02000045776367,52.08000183105469,53.0,47.87977981567383,5559400,0.0,0.0
2023-07-31 00:00:00-04:00,53.5,54.220001220703125,53.43000030517578,54.0,48.78316879272461,6926000,0.0,0.0
2023-08-01 00:00:00-04:00,53.65999984741211,53.939998626708984,53.060001373291016,53.68000030517578,48.49407958984375,7363700,0.0,0.0
2023-08-02 00:00:00-04:00,52.02000045776367,52.02000045776367,49.38999938964844,49.7400016784668,44.934715270996094,21330900,0.0,0.0
2023-08-03 00:00:00-04:00,50.04999923706055,51.75,49.88999938964844,50.83000183105469,45.91941452026367,12952100,0.0,0.0
2023-08-04 00:00:00-04:00,51.130001068115234,51.97999954223633,50.689998626708984,50.79999923706055,45.892311096191406,11888800,0.0,0.0
2023-08-07 00:00:00-04:00,50.79999923706055,51.349998474121094,50.5,50.810001373291016,45.901344299316406,6614000,0.0,0.0
2023-08-08 00:00:00-04:00,49.66999816894531,50.790000915527344,48.849998474121094,50.77000045776367,45.865211486816406,6899400,0.0,0.0
2023-08-09 00:00:00-04:00,51.38999938964844,51.9900016784668,50.83000183105469,51.189998626708984,46.244632720947266,7379700,0.0,0.0
2023-08-10 00:00:00-04:00,51.31999969482422,51.7400016784668,50.2400016784668,50.7599983215332,45.85617446899414,6296900,0.0,0.0
2023-08-11 00:00:00-04:00,50.47999954223633,51.18000030517578,50.209999084472656,50.40999984741211,45.53998565673828,9473100,0.0,0.0
2023-08-14 00:00:00-04:00,50.15999984741211,50.29999923706055,49.61000061035156,50.290000915527344,45.43157958984375,6192200,0.0,0.0
2023-08-15 00:00:00-04:00,49.93000030517578,50.0,48.95000076293945,49.189998626708984,44.43784713745117,7083500,0.0,0.0
2023-08-16 00:00:00-04:00,49.20000076293945,49.47999954223633,48.5,48.52000045776367,43.832576751708984,6439900,0.0,0.0
2023-08-17 00:00:00-04:00,49.25,49.81999969482422,48.95000076293945,49.060001373291016,44.320411682128906,5943000,0.0,0.0
2023-08-18 00:00:00-04:00,48.5,50.02000045776367,48.45000076293945,49.9900016784668,45.16056442260742,6305600,0.0,0.0
2023-08-21 00:00:00-04:00,50.59000015258789,50.880001068115234,49.61000061035156,50.16999816894531,45.32317352294922,6526700,0.0,0.0
2023-08-22 00:00:00-04:00,50.31999969482422,50.560001373291016,49.720001220703125,49.7400016784668,44.934715270996094,4686500,0.0,0.0
2023-08-23 00:00:00-04:00,49.150001525878906,49.38999938964844,48.4900016784668,49.34000015258789,44.573360443115234,5748500,0.0,0.0
2023-08-24 00:00:00-04:00,48.959999084472656,49.41999816894531,48.65999984741211,48.84000015258789,44.12166213989258,5261800,0.0,0.0
2023-08-25 00:00:00-04:00,49.41999816894531,50.83000183105469,49.13999938964844,50.43000030517578,45.55805206298828,10108500,0.0,0.0
2023-08-28 00:00:00-04:00,50.720001220703125,51.56999969482422,50.369998931884766,50.56999969482422,45.68452835083008,4757700,0.0,0.0
2023-08-29 00:00:00-04:00,50.689998626708984,51.0099983215332,50.15999984741211,50.72999954223633,45.82906723022461,4677800,0.0,0.0
2023-08-30 00:00:00-04:00,51.0,51.150001525878906,50.61000061035156,50.65999984741211,45.765838623046875,4350300,0.0,0.0
2023-08-31 00:00:00-04:00,51.0099983215332,51.290000915527344,50.5099983215332,51.09000015258789,46.154293060302734,6783900,0.0,0.0
2023-09-01 00:00:00-04:00,51.91999816894531,53.34000015258789,51.7599983215332,52.91999816894531,47.8074951171875,9339800,0.0,0.0
2023-09-05 00:00:00-04:00,53.400001525878906,54.470001220703125,53.189998626708984,53.5,48.33146667480469,8350700,0.0,0.0
2023-09-06 00:00:00-04:00,53.40999984741211,54.13999938964844,53.150001525878906,53.4900016784668,48.32243347167969,5102700,0.0,0.0
2023-09-07 00:00:00-04:00,53.29999923706055,53.77000045776367,52.36000061035156,52.5,47.42808532714844,7234400,0.0,0.0
2023-09-08 00:00:00-04:00,52.83000183105469,53.33000183105469,52.56999969482422,52.65999984741211,47.5726203918457,5123400,0.0,0.0
2023-09-11 00:00:00-04:00,53.15999984741211,53.15999984741211,50.36000061035156,50.779998779296875,45.874244689941406,12427600,0.0,0.0
2023-09-12 00:00:00-04:00,51.349998474121094,52.0099983215332,51.20000076293945,51.38999938964844,46.42530822753906,8137200,0.0,0.0
2023-09-13 00:00:00-04:00,51.599998474121094,51.61000061035156,50.349998474121094,50.650001525878906,45.75680160522461,7766900,0.0,0.0
2023-09-14 00:00:00-04:00,50.959999084472656,51.36000061035156,50.27000045776367,50.93000030517578,46.45920944213867,9639000,0.49,0.0
2023-09-15 00:00:00-04:00,50.5,50.52000045776367,49.470001220703125,49.68000030517578,45.31893539428711,26185000,0.0,0.0
2023-09-18 00:00:00-04:00,50.0,50.18000030517578,49.08000183105469,49.5,45.15473937988281,9265500,0.0,0.0
2023-09-19 00:00:00-04:00,50.099998474121094,50.25,48.869998931884766,48.9900016784668,44.68951416015625,9549400,0.0,0.0
2023-09-20 00:00:00-04:00,48.61000061035156,49.060001373291016,47.86000061035156,47.880001068115234,43.67694854736328,10362300,0.0,0.0
2023-09-21 00:00:00-04:00,47.75,47.93000030517578,46.11000061035156,46.40999984741211,42.33599090576172,13741800,0.0,0.0
2023-09-22 00:00:00-04:00,46.81999969482422,47.02000045776367,46.25,46.59000015258789,42.500179290771484,8357000,0.0,0.0
2023-09-25 00:00:00-04:00,46.56999969482422,47.630001068115234,46.5,47.5099983215332,43.339420318603516,10594900,0.0,0.0
2023-09-26 00:00:00-04:00,46.86000061035156,47.56999969482422,46.810001373291016,46.95000076293945,42.828590393066406,8722300,0.0,0.0
2023-09-27 00:00:00-04:00,47.779998779296875,49.209999084472656,47.650001525878906,48.84000015258789,44.552677154541016,12027900,0.0,0.0
2023-09-28 00:00:00-04:00,48.75,49.130001068115234,48.310001373291016,48.810001373291016,44.52531051635742,6520600,0.0,0.0
2023-09-29 00:00:00-04:00,49.0,49.040000915527344,47.599998474121094,47.70000076293945,43.512752532958984,8856800,0.0,0.0
2023-10-02 00:00:00-04:00,47.81999969482422,47.81999969482422,45.349998474121094,45.650001525878906,41.6427001953125,10400300,0.0,0.0
2023-10-03 00:00:00-04:00,45.52000045776367,45.790000915527344,45.09000015258789,45.75,41.733924865722656,8624300,0.0,0.0
2023-10-04 00:00:00-04:00,44.939998626708984,45.040000915527344,42.81999969482422,43.349998474121094,39.54460525512695,14901400,0.0,0.0
2023-10-05 00:00:00-04:00,43.0,43.45000076293945,42.72999954223633,42.849998474121094,39.0884895324707,10595100,0.0,0.0
2023-10-06 00:00:00-04:00,43.0,44.220001220703125,42.59000015258789,43.70000076293945,39.86388397216797,11578500,0.0,0.0
2023-10-09 00:00:00-04:00,45.13999938964844,46.400001525878906,44.869998931884766,46.099998474121094,42.053199768066406,10939200,0.0,0.0
2023-10-10 00:00:00-04:00,46.099998474121094,46.40999984741211,45.75,46.06999969482422,42.02583312988281,7999900,0.0,0.0
2023-10-11 00:00:00-04:00,45.869998931884766,46.79999923706055,45.58000183105469,46.75,42.64613342285156,8053300,0.0,0.0
2023-10-12 00:00:00-04:00,47.25,47.380001068115234,46.2599983215332,46.689998626708984,42.591407775878906,8040700,0.0,0.0
2023-10-13 00:00:00-04:00,47.650001525878906,48.619998931884766,47.38999938964844,48.38999938964844,44.14217758178711,10185400,0.0,0.0
2023-10-16 00:00:00-04:00,48.72999954223633,49.52000045776367,48.33000183105469,49.400001525878906,45.06351852416992,9632900,0.0,0.0
2023-10-17 00:00:00-04:00,49.06999969482422,49.939998626708984,48.97999954223633,49.93000030517578,45.5469970703125,9484500,0.0,0.0
2023-10-18 00:00:00-04:00,50.27000045776367,50.84000015258789,49.869998931884766,50.08000183105469,45.68383026123047,10883400,0.0,0.0
2023-10-19 00:00:00-04:00,49.220001220703125,49.81999969482422,48.41999816894531,49.25,44.92668914794922,12615900,0.0,0.0
2023-10-20 00:00:00-04:00,49.060001373291016,49.349998474121094,48.060001373291016,48.31999969482422,44.07831954956055,7909800,0.0,0.0
2023-10-23 00:00:00-04:00,47.66999816894531,47.9900016784668,46.95000076293945,47.709999084472656,43.521873474121094,8084400,0.0,0.0
2023-10-24 00:00:00-04:00,47.849998474121094,48.02000045776367,47.2599983215332,47.470001220703125,43.302940368652344,5672600,0.0,0.0
2023-10-25 00:00:00-04:00,47.2400016784668,47.90999984741211,46.93000030517578,47.849998474121094,43.64957809448242,6337400,0.0,0.0
2023-10-26 00:00:00-04:00,47.04999923706055,47.56999969482422,46.66999816894531,47.16999816894531,43.02927017211914,5500600,0.0,0.0
2023-10-27 00:00:00-04:00,47.18000030517578,47.279998779296875,45.95000076293945,46.77000045776367,42.66437911987305,8089500,0.0,0.0
2023-10-30 00:00:00-04:00,46.689998626708984,47.20000076293945,45.66999816894531,46.16999816894531,42.11704635620117,6815200,0.0,0.0
2023-10-31 00:00:00-04:00,46.08000183105469,46.599998474121094,45.650001525878906,46.56999969482422,42.48195266723633,5896200,0.0,0.0
2023-11-01 00:00:00-04:00,47.0,47.0,46.119998931884766,46.209999084472656,42.15354919433594,7565000,0.0,0.0
2023-11-02 00:00:00-04:00,46.33000183105469,47.310001373291016,45.84000015258789,47.27000045776367,43.120487213134766,6014900,0.0,0.0
2023-11-03 00:00:00-04:00,47.41999816894531,47.93000030517578,47.209999084472656,47.34000015258789,43.18435287475586,7016500,0.0,0.0
2023-11-06 00:00:00-05:00,47.720001220703125,47.75,46.33000183105469,46.720001220703125,42.618778228759766,7874000,0.0,0.0
2023-11-07 00:00:00-05:00,45.88999938964844,46.09000015258789,45.02000045776367,45.290000915527344,41.314300537109375,11263500,0.0,0.0
2023-11-08 00:00:00-05:00,44.70000076293945,45.099998474121094,43.70000076293945,44.18000030517578,40.30174255371094,14232200,0.0,0.0
2023-11-09 00:00:00-05:00,44.56999969482422,45.130001068115234,44.119998931884766,44.13999938964844,40.2652587890625,9925700,0.0,0.0
2023-11-10 00:00:00-05:00,44.619998931884766,45.959999084472656,44.529998779296875,45.619998931884766,41.61533737182617,11178100,0.0,0.0
2023-11-13 00:00:00-05:00,45.810001373291016,46.029998779296875,45.34000015258789,45.41999816894531,41.43289566040039,8175900,0.0,0.0
2023-11-14 00:00:00-05:00,45.779998779296875,46.20000076293945,45.45000076293945,45.7400016784668,41.72480392456055,6847000,0.0,0.0
2023-11-15 00:00:00-05:00,45.66999816894531,46.40999984741211,45.459999084472656,45.52000045776367,41.524112701416016,7318600,0.0,0.0
2023-11-16 00:00:00-05:00,44.66999816894531,44.880001068115234,43.459999084472656,44.290000915527344,40.4020881652832,12410900,0.0,0.0
2023-11-17 00:00:00-05:00,44.79999923706055,45.7400016784668,44.439998626708984,45.36000061035156,41.37815475463867,9335200,0.0,0.0
2023-11-20 00:00:00-05:00,45.83000183105469,46.20000076293945,45.529998779296875,45.650001525878906,41.6427001953125,7587800,0.0,0.0
2023-11-21 00:00:00-05:00,45.290000915527344,45.56999969482422,44.959999084472656,45.25,41.2778205871582,5040000,0.0,0.0
2023-11-22 00:00:00-05:00,44.04999923706055,45.22999954223633,43.689998626708984,45.15999984741211,41.195716857910156,6973800,0.0,0.0
2023-11-24 00:00:00-05:00,45.060001373291016,45.619998931884766,44.900001525878906,45.349998474121094,41.3690299987793,4050600,0.0,0.0
2023-11-27 00:00:00-05:00,44.97999954223633,45.029998779296875,44.349998474121094,44.93000030517578,40.98590087890625,8319900,0.0,0.0
2023-11-28 00:00:00-05:00,45.119998931884766,45.41999816894531,44.720001220703125,44.81999969482422,40.88555908203125,5942200,0.0,0.0
2023-11-29 00:00:00-05:00,45.04999923706055,45.209999084472656,44.63999938964844,44.880001068115234,40.9402961730957,6470300,0.0,0.0
2023-11-30 00:00:00-05:00,45.5,45.9900016784668,44.529998779296875,44.970001220703125,41.02239227294922,12904400,0.0,0.0
2023-12-01 00:00:00-05:00,44.880001068115234,45.86000061035156,44.63999938964844,45.16999816894531,41.204837799072266,6386200,0.0,0.0
2023-12-04 00:00:00-05:00,44.630001068115234,45.310001373291016,44.470001220703125,44.68000030517578,40.75785446166992,6670300,0.0,0.0
2023-12-05 00:00:00-05:00,44.68000030517578,44.849998474121094,43.720001220703125,43.779998779296875,39.936851501464844,8282100,0.0,0.0
2023-12-06 00:00:00-05:00,43.529998779296875,44.16999816894531,43.060001373291016,43.25,39.45338821411133,10636500,0.0,0.0
2023-12-07 00:00:00-05:00,43.54999923706055,43.79999923706055,43.13999938964844,43.459999084472656,39.64495086669922,10954900,0.0,0.0
2023-12-08 00:00:00-05:00,43.83000183105469,44.2599983215332,43.66999816894531,44.09000015258789,40.21965026855469,7454700,0.0,0.0
2023-12-11 00:00:00-05:00,44.25,44.61000061035156,44.060001373291016,44.40999984741211,40.511558532714844,8093600,0.0,0.0
2023-12-12 00:00:00-05:00,43.900001525878906,43.900001525878906,43.040000915527344,43.34000015258789,39.535484313964844,11439000,0.0,0.0
2023-12-13 00:00:00-05:00,43.33000183105469,44.25,42.95000076293945,44.220001220703125,40.33823776245117,13256400,0.0,0.0
2023-12-14 00:00:00-05:00,44.25,45.4900016784668,44.15999984741211,44.9900016784668,41.767948150634766,13683600,0.77,0.0
2023-12-15 00:00:00-05:00,44.5099983215332,44.90999984741211,44.13999938964844,44.869998931884766,41.65653610229492,24624200,0.0,0.0
2023-12-18 00:00:00-05:00,45.56999969482422,46.15999984741211,45.209999084472656,45.2400016784668,42.000038146972656,12127200,0.0,0.0
2023-12-19 00:00:00-05:00,45.34000015258789,45.72999954223633,45.02000045776367,45.68000030517578,42.40852737426758,9074600,0.0,0.0
2023-12-20 00:00:00-05:00,45.849998474121094,46.22999954223633,45.16999816894531,45.2400016784668,42.000038146972656,8494500,0.0,0.0
2023-12-21 00:00:00-05:00,45.38999938964844,45.86000061035156,45.15999984741211,45.849998474121094,42.56635284423828,8104100,0.0,0.0
2023-12-22 00:00:00-05:00,46.20000076293945,46.45000076293945,45.720001220703125,45.810001373291016,42.52921676635742,6324000,0.0,0.0
2023-12-26 00:00:00-05:00,46.2599983215332,46.939998626708984,46.189998626708984,46.65999984741211,43.31834411621094,8224800,0.0,0.0
2023-12-27 00:00:00-05:00,46.54999923706055,46.77000045776367,46.2400016784668,46.400001525878906,43.076961517333984,7982600,0.0,0.0
2023-12-28 00:00:00-05:00,46.11000061035156,46.349998474121094,45.75,45.7599983215332,42.4827995300293,7843000,0.0,0.0
2023-12-29 00:00:00-05:00,45.880001068115234,45.97999954223633,45.040000915527344,45.29999923706055,42.05573654174805,9450400,0.0,0.0
2024-01-02 00:00:00-05:00,45.619998931884766,46.4900016784668,45.54999923706055,45.84000015258789,42.557071685791016,7489500,0.0,0.0
2024-01-03 00:00:00-05:00,45.689998626708984,46.84000015258789,45.52000045776367,46.810001373291016,43.45759963989258,7374600,0.0,0.0
2024-01-04 00:00:00-05:00,47.040000915527344,47.349998474121094,45.560001373291016,45.630001068115234,42.36211395263672,8311400,0.0,0.0
2024-01-05 00:00:00-05:00,45.97999954223633,46.08000183105469,45.52000045776367,45.939998626708984,42.649906158447266,7073500,0.0,0.0
2024-01-08 00:00:00-05:00,45.150001525878906,45.529998779296875,44.33000183105469,45.529998779296875,42.26926803588867,8222300,0.0,0.0
2024-01-09 00:00:00-05:00,45.59000015258789,45.650001525878906,44.54999923706055,44.77000045776367,41.56370162963867,7532800,0.0,0.0
2024-01-10 00:00:00-05:00,44.77000045776367,44.81999969482422,43.84000015258789,43.939998626708984,40.79314041137695,10531300,0.0,0.0
2024-01-11 00:00:00-05:00,44.08000183105469,44.25,43.43000030517578,43.59000015258789,40.46820831298828,10739000,0.0,0.0
2024-01-12 00:00:00-05:00,44.439998626708984,44.529998779296875,42.66999816894531,42.77000045776367,39.706932067871094,12749700,0.0,0.0
2024-01-16 00:00:00-05:00,42.529998779296875,42.75,41.52000045776367,41.68000030517578,38.69499206542969,13084600,0.0,0.0
2024-01-17 00:00:00-05:00,41.290000915527344,41.4900016784668,40.810001373291016,41.09000015258789,38.147254943847656,11802700,0.0,0.0
2024-01-18 00:00:00-05:00,40.97999954223633,41.209999084472656,40.5099983215332,41.08000183105469,38.13796615600586,10038500,0.0,0.0
2024-01-19 00:00:00-05:00,41.04999923706055,41.11000061035156,40.619998931884766,40.970001220703125,38.03584671020508,9173500,0.0,0.0
2024-01-22 00:00:00-05:00,40.79999923706055,41.619998931884766,40.560001373291016,41.18000030517578,38.23080825805664,9522600,0.0,0.0
2024-01-23 00:00:00-05:00,41.220001220703125,41.84000015258789,41.060001373291016,41.29999923706055,38.34220504760742,5843100,0.0,0.0
2024-01-24 00:00:00-05:00,41.70000076293945,41.880001068115234,41.27000045776367,41.619998931884766,38.639286041259766,8160700,0.0,0.0
2024-01-25 00:00:00-05:00,41.79999923706055,42.5,41.470001220703125,42.4900016784668,39.44698715209961,8101500,0.0,0.0
2024-01-26 00:00:00-05:00,42.38999938964844,42.77000045776367,42.119998931884766,42.619998931884766,39.56768035888672,5768600,0.0,0.0
2024-01-29 00:00:00-05:00,42.58000183105469,42.810001373291016,42.029998779296875,42.77000045776367,39.706932067871094,5362500,0.0,0.0
2024-01-30 00:00:00-05:00,42.470001220703125,43.36000061035156,42.40999984741211,43.31999969482422,40.2175407409668,6014800,0.0,0.0
2024-01-31 00:00:00-05:00,43.18000030517578,43.220001220703125,42.0099983215332,42.02000045776367,39.010643005371094,6996900,0.0,0.0
2024-02-01 00:00:00-05:00,42.290000915527344,42.619998931884766,41.47999954223633,41.79999923706055,38.8064079284668,7886700,0.0,0.0
2024-02-02 00:00:00-05:00,41.72999954223633,41.81999969482422,41.209999084472656,41.29999923706055,38.34220504760742,6951300,0.0,0.0
2024-02-05 00:00:00-05:00,41.06999969482422,41.13999938964844,40.470001220703125,40.689998626708984,37.7758903503418,7451100,0.0,0.0
2024-02-06 00:00:00-05:00,40.93000030517578,41.5,40.7400016784668,41.08000183105469,38.13796615600586,6864000,0.0,0.0
2024-02-07 00:00:00-05:00,41.16999816894531,41.470001220703125,40.689998626708984,41.310001373291016,38.35149002075195,6761800,0.0,0.0
2024-02-08 00:00:00-05:00,41.33000183105469,42.4900016784668,41.310001373291016,42.40999984741211,39.37271499633789,11090600,0.0,0.0
2024-02-09 00:00:00-05:00,42.38999938964844,42.58000183105469,41.349998474121094,41.59000015258789,38.611446380615234,7462200,0.0,0.0
2024-02-12 00:00:00-05:00,41.790000915527344,42.59000015258789,41.7599983215332,42.2400016784668,39.21489334106445,7972800,0.0,0.0
2024-02-13 00:00:00-05:00,42.08000183105469,42.27000045776367,41.40999984741211,41.900001525878906,38.89923858642578,6512500,0.0,0.0
2024-02-14 00:00:00-05:00,42.04999923706055,42.5,41.650001525878906,41.84000015258789,38.84354019165039,6715300,0.0,0.0
2024-02-15 00:00:00-05:00,41.86000061035156,43.31999969482422,41.86000061035156,43.189998626708984,40.09684753417969,8847500,0.0,0.0
2024-02-16 00:00:00-05:00,43.189998626708984,43.72999954223633,42.959999084472656,43.459999084472656,40.34751892089844,6176300,0.0,0.0
2024-02-20 00:00:00-05:00,43.380001068115234,43.83000183105469,43.130001068115234,43.40999984741211,40.30109786987305,6377800,0.0,0.0
2024-02-21 00:00:00-05:00,43.720001220703125,44.630001068115234,43.650001525878906,44.11000061035156,40.950965881347656,7520000,0.0,0.0
2024-02-22 00:00:00-05:00,43.689998626708984,44.27000045776367,43.31999969482422,43.970001220703125,40.82099914550781,10886600,0.0,0.0
2024-02-23 00:00:00-05:00,43.5099983215332,44.119998931884766,43.130001068115234,43.880001068115234,40.73743438720703,7029700,0.0,0.0
2024-02-26 00:00:00-05:00,43.72999954223633,44.349998474121094,43.47999954223633,43.83000183105469,40.69102096557617,8164000,0.0,0.0
2024-02-27 00:00:00-05:00,44.130001068115234,44.630001068115234,43.95000076293945,44.31999969482422,41.145931243896484,7475100,0.0,0.0
2024-02-28 00:00:00-05:00,44.099998474121094,44.91999816894531,43.72999954223633,44.029998779296875,40.87669372558594,11356000,0.0,0.0
2024-02-29 00:00:00-05:00,44.189998626708984,44.439998626708984,43.84000015258789,44.060001373291016,40.9045524597168,7975100,0.0,0.0
2024-03-01 00:00:00-05:00,44.45000076293945,44.790000915527344,44.08000183105469,44.38999938964844,41.21091079711914,12033200,0.0,0.0
2024-03-04 00:00:00-05:00,44.529998779296875,44.720001220703125,44.2400016784668,44.369998931884766,41.192352294921875,7332700,0.0,0.0
2024-03-05 00:00:00-05:00,44.599998474121094,45.40999984741211,44.33000183105469,45.08000183105469,41.851505279541016,9578300,0.0,0.0
2024-03-06 00:00:00-05:00,45.56999969482422,45.619998931884766,44.900001525878906,45.45000076293945,42.19499588012695,8359200,0.0,0.0
2024-03-07 00:00:00-05:00,45.45000076293945,46.279998779296875,45.40999984741211,45.88999938964844,42.603492736816406,7767900,0.0,0.0
2024-03-08 00:00:00-05:00,46.040000915527344,46.369998931884766,45.79999923706055,46.15999984741211,42.854148864746094,6790800,0.0,0.0
2024-03-11 00:00:00-04:00,46.130001068115234,46.75,45.709999084472656,46.66999816894531,43.32762908935547,7571700,0.0,0.0
2024-03-12 00:00:00-04:00,46.70000076293945,46.9900016784668,46.5,46.58000183105469,43.24407196044922,6939400,0.0,0.0
2024-03-13 00:00:00-04:00,47.02000045776367,47.79999923706055,47.02000045776367,47.40999984741211,44.01463317871094,8846300,0.0,0.0
2024-03-14 00:00:00-04:00,47.310001373291016,47.869998931884766,47.2400016784668,47.86000061035156,44.848628997802734,9075200,0.44,0.0
2024-03-15 00:00:00-04:00,47.5099983215332,48.290000915527344,47.470001220703125,47.619998931884766,44.62373352050781,16340700,0.0,0.0
2024-03-18 00:00:00-04:00,47.66999816894531,48.02000045776367,47.2599983215332,47.470001220703125,44.48317337036133,6691000,0.0,0.0
2024-03-19 00:00:00-04:00,47.45000076293945,48.529998779296875,47.34000015258789,48.43000030517578,45.38276290893555,8230900,0.0,0.0
2024-03-20 00:00:00-04:00,48.08000183105469,48.849998474121094,48.0,48.61000061035156,45.55144119262695,6248500,0.0,0.0
2024-03-21 00:00:00-04:00,48.630001068115234,48.650001525878906,48.20000076293945,48.529998779296875,45.47647476196289,6671500,0.0,0.0
2024-03-22 00:00:00-04:00,48.59000015258789,48.83000183105469,48.29999923706055,48.369998931884766,45.326541900634766,4640200,0.0,0.0
2024-03-25 00:00:00-04:00,48.68000030517578,49.2400016784668,48.560001373291016,49.04999923706055,45.9637565612793,6091000,0.0,0.0
2024-03-26 00:00:00-04:00,49.16999816894531,49.33000183105469,48.77000045776367,48.790000915527344,45.72011947631836,5832000,0.0,0.0
2024-03-27 00:00:00-04:00,48.540000915527344,49.470001220703125,48.47999954223633,49.459999084472656,46.347957611083984,5580400,0.0,0.0
2024-03-28 00:00:00-04:00,49.970001220703125,50.290000915527344,49.720001220703125,50.18000030517578,47.02265930175781,9259400,0.0,0.0
2024-04-01 00:00:00-04:00,50.91999816894531,51.20000076293945,50.31999969482422,50.95000076293945,47.744205474853516,8016600,0.0,0.0
2024-04-02 00:00:00-04:00,51.2599983215332,51.650001525878906,50.869998931884766,51.619998931884766,48.37205123901367,7093800,0.0,0.0
2024-04-03 00:00:00-04:00,51.849998474121094,52.83000183105469,51.849998474121094,52.77000045776367,49.44969177246094,8999300,0.0,0.0
2024-04-04 00:00:00-04:00,52.95000076293945,53.119998931884766,52.310001373291016,52.540000915527344,49.234161376953125,7702300,0.0,0.0
2024-04-05 00:00:00-04:00,52.779998779296875,53.58000183105469,52.33000183105469,53.27000045776367,49.91823196411133,7669300,0.0,0.0
2024-04-08 00:00:00-04:00,53.4900016784668,53.810001373291016,52.959999084472656,53.43000030517578,50.06816864013672,7183100,0.0,0.0
2024-04-09 00:00:00-04:00,53.56999969482422,54.209999084472656,53.25,54.13999938964844,50.733489990234375,7885300,0.0,0.0
2024-04-10 00:00:00-04:00,54.0099983215332,54.54999923706055,53.540000915527344,54.5099983215332,51.08020782470703,7984200,0.0,0.0
2024-04-11 00:00:00-04:00,54.4900016784668,54.93000030517578,53.27000045776367,53.900001525878906,50.50859451293945,7527400,0.0,0.0
2024-04-12 00:00:00-04:00,54.470001220703125,55.09000015258789,53.2599983215332,53.41999816894531,50.05878829956055,9808700,0.0,0.0
2024-04-15 00:00:00-04:00,53.65999984741211,54.040000915527344,52.4900016784668,52.68000030517578,49.365352630615234,7850700,0.0,0.0
2024-04-16 00:00:00-04:00,52.369998931884766,52.70000076293945,51.54999923706055,52.18000030517578,48.896820068359375,6991400,0.0,0.0
2024-04-17 00:00:00-04:00,52.040000915527344,52.650001525878906,51.439998626708984,51.66999816894531,48.41889953613281,6183100,0.0,0.0
2024-04-18 00:00:00-04:00,51.939998626708984,52.150001525878906,51.22999954223633,51.43000030517578,48.194007873535156,5168200,0.0,0.0
2024-04-19 00:00:00-04:00,51.529998779296875,52.439998626708984,51.41999816894531,51.83000183105469,48.56883239746094,5075400,0.0,0.0
2024-04-22 00:00:00-04:00,51.560001373291016,52.54999923706055,51.11000061035156,52.130001068115234,48.84996032714844,6363300,0.0,0.0
2024-04-23 00:00:00-04:00,51.970001220703125,52.709999084472656,51.619998931884766,52.56999969482422,49.26227569580078,4173200,0.0,0.0
2024-04-24 00:00:00-04:00,52.20000076293945,52.40999984741211,51.7599983215332,52.099998474121094,48.82184600830078,6470200,0.0,0.0
2024-04-25 00:00:00-04:00,52.040000915527344,52.650001525878906,51.43000030517578,52.61000061035156,49.29975509643555,6392000,0.0,0.0
2024-04-26 00:00:00-04:00,52.43000030517578,52.88999938964844,52.11000061035156,52.709999084472656,49.39346694946289,4618400,0.0,0.0
2024-04-29 00:00:00-04:00,52.5,53.20000076293945,52.5,53.08000183105469,49.74019241333008,4809100,0.0,0.0
2024-04-30 00:00:00-04:00,52.75,52.86000061035156,51.13999938964844,51.18000030517578,47.95973205566406,7539300,0.0,0.0
2024-05-01 00:00:00-04:00,50.959999084472656,51.150001525878906,49.779998779296875,50.400001525878906,47.228816986083984,8501200,0.0,0.0
2024-05-02 00:00:00-04:00,51.119998931884766,52.25,50.040000915527344,50.34000015258789,47.17258834838867,13274100,0.0,0.0
2024-05-03 00:00:00-04:00,51.11000061035156,51.29999923706055,50.15999984741211,50.540000915527344,47.36000442504883,8953800,0.0,0.0
2024-05-06 00:00:00-04:00,50.86000061035156,51.459999084472656,50.65999984741211,50.86000061035156,47.65987014770508,5858800,0.0,0.0
2024-05-07 00:00:00-04:00,50.900001525878906,51.279998779296875,50.81999969482422,50.97999954223633,47.77231979370117,5103000,0.0,0.0
2024-05-08 00:00:00-04:00,50.40999984741211,51.06999969482422,50.29999923706055,50.560001373291016,47.378753662109375,5146700,0.0,0.0
2024-05-09 00:00:00-04:00,50.689998626708984,51.20000076293945,50.58000183105469,50.849998474121094,47.6505012512207,4437900,0.0,0.0
2024-05-10 00:00:00-04:00,51.060001373291016,51.20000076293945,50.0099983215332,50.119998931884766,46.966426849365234,5061400,0.0,0.0
2024-05-13 00:00:00-04:00,50.2400016784668,50.439998626708984,49.619998931884766,49.900001525878906,46.76027297973633,6733600,0.0,0.0
2024-05-14 00:00:00-04:00,50.0,50.130001068115234,49.540000915527344,49.83000183105469,46.694679260253906,4435500,0.0,0.0
2024-05-15 00:00:00-04:00,49.619998931884766,49.810001373291016,48.689998626708984,49.709999084472656,46.58222579956055,5742200,0.0,0.0
2024-05-16 00:00:00-04:00,49.93000030517578,50.06999969482422,49.209999084472656,49.2400016784668,46.14180374145508,5312500,0.0,0.0
2024-05-17 00:00:00-04:00,49.41999816894531,49.790000915527344,49.09000015258789,49.619998931884766,46.49789047241211,4691700,0.0,0.0
2024-05-20 00:00:00-04:00,49.63999938964844,50.06999969482422,49.56999969482422,50.02000045776367,46.87272644042969,4826000,0.0,0.0
2024-05-21 00:00:00-04:00,49.79999923706055,50.2400016784668,49.65999984741211,49.77000045776367,46.63845443725586,3800400,0.0,0.0
2024-05-22 00:00:00-04:00,49.310001373291016,49.38999938964844,48.45000076293945,48.79999923706055,45.72948455810547,5115300,0.0,0.0
2024-05-23 00:00:00-04:00,49.16999816894531,49.34000015258789,48.130001068115234,48.22999954223633,45.195350646972656,4533400,0.0,0.0
2024-05-24 00:00:00-04:00,48.47999954223633,48.68000030517578,48.02000045776367,48.150001525878906,45.12038803100586,4039100,0.0,0.0
2024-05-28 00:00:00-04:00,48.369998931884766,48.970001220703125,48.349998474121094,48.90999984741211,45.83256530761719,5336400,0.0,0.0
2024-05-29 00:00:00-04:00,48.65999984741211,48.720001220703125,46.560001373291016,47.189998626708984,44.22078323364258,10321600,0.0,0.0
2024-05-30 00:00:00-04:00,47.189998626708984,47.689998626708984,47.189998626708984,47.59000015258789,44.59561538696289,6067500,0.0,0.0
2024-05-31 00:00:00-04:00,47.7400016784668,49.08000183105469,47.650001525878906,49.08000183105469,45.99187469482422,15249200,0.0,0.0
2024-06-03 00:00:00-04:00,48.790000915527344,48.84000015258789,46.93000030517578,47.08000183105469,44.11771011352539,8211700,0.0,0.0
2024-06-04 00:00:00-04:00,46.54999923706055,46.709999084472656,45.900001525878906,46.650001525878906,43.71476745605469,7669700,0.0,0.0
2024-06-05 00:00:00-04:00,46.7599983215332,46.880001068115234,46.33000183105469,46.619998931884766,43.686649322509766,5293700,0.0,0.0
2024-06-06 00:00:00-04:00,46.540000915527344,46.88999938964844,46.31999969482422,46.7599983215332,43.817848205566406,4095100,0.0,0.0
2024-06-07 00:00:00-04:00,46.45000076293945,47.16999816894531,46.25,46.790000915527344,43.8459587097168,6467600,0.0,0.0
2024-06-10 00:00:00-04:00,46.849998474121094,47.459999084472656,46.529998779296875,47.119998931884766,44.15519714355469,6607300,0.0,0.0
2024-06-11 00:00:00-04:00,46.84000015258789,47.33000183105469,46.470001220703125,47.290000915527344,44.31449508666992,4211100,0.0,0.0
2024-06-12 00:00:00-04:00,47.790000915527344,47.849998474121094,46.560001373291016,46.849998474121094,43.90217971801758,5105200,0.0,0.0
2024-06-13 00:00:00-04:00,46.619998931884766,46.70000076293945,45.66999816894531,45.7599983215332,42.88076400756836,7572700,0.0,0.0
2024-06-14 00:00:00-04:00,45.75,45.75,45.0,45.560001373291016,43.02241134643555,6809800,0.35,0.0
2024-06-17 00:00:00-04:00,45.5,45.810001373291016,45.150001525878906,45.7599983215332,43.21126937866211,5577700,0.0,0.0
2024-06-18 00:00:00-04:00,45.84000015258789,46.470001220703125,45.59000015258789,45.650001525878906,43.10739517211914,5011700,0.0,0.0
2024-06-20 00:00:00-04:00,45.63999938964844,46.290000915527344,45.40999984741211,45.9900016784668,43.42845916748047,5368200,0.0,0.0
2024-06-21 00:00:00-04:00,46.27000045776367,46.290000915527344,45.599998474121094,45.81999969482422,43.26792907714844,12610300,0.0,0.0
2024-06-24 00:00:00-04:00,46.060001373291016,47.9900016784668,46.0099983215332,47.63999938964844,44.98655700683594,8375900,0.0,0.0
2024-06-25 00:00:00-04:00,47.560001373291016,47.56999969482422,47.0099983215332,47.369998931884766,44.73159408569336,6852700,0.0,0.0
2024-06-26 00:00:00-04:00,47.36000061035156,47.40999984741211,46.380001068115234,46.720001220703125,44.1177978515625,5120900,0.0,0.0
2024-06-27 00:00:00-04:00,47.130001068115234,47.209999084472656,46.7400016784668,47.0099983215332,44.39164733886719,3620100,0.0,0.0
2024-06-28 00:00:00-04:00,47.5,47.619998931884766,46.939998626708984,47.400001525878906,44.759925842285156,7931400,0.0,0.0
2024-07-01 00:00:00-04:00,47.70000076293945,48.029998779296875,47.130001068115234,47.72999954223633,45.0715446472168,4481200,0.0,0.0
2024-07-02 00:00:00-04:00,48.150001525878906,48.40999984741211,47.54999923706055,47.77000045776367,45.109310150146484,4783000,0.0,0.0
2024-07-03 00:00:00-04:00,47.97999954223633,48.439998626708984,47.81999969482422,48.11000061035156,45.430381774902344,3338400,0.0,0.0
2024-07-05 00:00:00-04:00,47.970001220703125,48.099998474121094,46.810001373291016,47.029998779296875,44.41053009033203,6394700,0.0,0.0
2024-07-08 00:00:00-04:00,46.59000015258789,46.790000915527344,45.52000045776367,46.52000045776367,43.92893600463867,11872600,0.0,0.0
2024-07-09 00:00:00-04:00,46.099998474121094,46.90999984741211,45.880001068115234,46.060001373291016,43.49456024169922,6198100,0.0,0.0
2024-07-10 00:00:00-04:00,46.099998474121094,46.15999984741211,45.650001525878906,45.90999984741211,43.3529167175293,5700700,0.0,0.0
2024-07-11 00:00:00-04:00,45.95000076293945,46.540000915527344,45.4900016784668,46.41999816894531,43.834510803222656,6879200,0.0,0.0
2024-07-12 00:00:00-04:00,46.790000915527344,46.880001068115234,46.220001220703125,46.47999954223633,43.89116668701172,4954300,0.0,0.0
2024-07-15 00:00:00-04:00,46.95000076293945,48.66999816894531,46.68000030517578,48.04999923706055,45.373722076416016,8391700,0.0,0.0
2024-07-16 00:00:00-04:00,47.689998626708984,48.54999923706055,47.470001220703125,48.2400016784668,45.553138732910156,6136800,0.0,0.0
2024-07-17 00:00:00-04:00,48.43000030517578,49.349998474121094,48.43000030517578,48.650001525878906,45.94029998779297,7723900,0.0,0.0
2024-07-18 00:00:00-04:00,48.380001068115234,49.08000183105469,48.27000045776367,48.459999084472656,45.760887145996094,4782600,0.0,0.0
2024-07-19 00:00:00-04:00,48.400001525878906,48.400001525878906,47.529998779296875,47.7400016784668,45.08098602294922,4995500,0.0,0.0
2024-07-22 00:00:00-04:00,47.5,47.5099983215332,46.459999084472656,46.79999923706055,44.19334411621094,5634900,0.0,0.0
2024-07-23 00:00:00-04:00,46.540000915527344,46.65999984741211,45.77000045776367,45.959999084472656,43.4001350402832,6678400,0.0,0.0
2024-07-24 00:00:00-04:00,46.310001373291016,46.630001068115234,45.560001373291016,45.58000183105469,43.04129409790039,5279000,0.0,0.0
2024-07-25 00:00:00-04:00,45.630001068115234,46.650001525878906,45.4900016784668,46.279998779296875,43.702301025390625,4900400,0.0,0.0
2024-07-26 00:00:00-04:00,46.13999938964844,46.560001373291016,45.779998779296875,46.34000015258789,43.75896072387695,4327200,0.0,0.0
2024-07-29 00:00:00-04:00,46.5,46.560001373291016,45.150001525878906,45.689998626708984,43.145164489746094,5309200,0.0,0.0
2024-07-30 00:00:00-04:00,45.630001068115234,46.310001373291016,45.52000045776367,46.16999816894531,43.59843063354492,5228300,0.0,0.0
2024-07-31 00:00:00-04:00,46.88999938964844,47.33000183105469,46.810001373291016,47.029998779296875,44.41053009033203,6693300,0.0,0.0
2024-08-01 00:00:00-04:00,47.119998931884766,47.439998626708984,44.52000045776367,45.060001373291016,42.55025100708008,11131100,0.0,0.0
2024-08-02 00:00:00-04:00,44.63999938964844,44.720001220703125,42.06999969482422,42.790000915527344,40.40669250488281,12250300,0.0,0.0
2024-08-05 00:00:00-04:00,41.439998626708984,42.15999984741211,40.869998931884766,41.47999954223633,39.169654846191406,12221600,0.0,0.0
2024-08-06 00:00:00-04:00,41.540000915527344,42.43000030517578,41.33000183105469,41.97999954223633,39.641807556152344,8326700,0.0,0.0
2024-08-07 00:00:00-04:00,43.52000045776367,44.45000076293945,43.13999938964844,43.16999816894531,40.76552200317383,11873900,0.0,0.0
2024-08-08 00:00:00-04:00,43.77000045776367,45.209999084472656,43.599998474121094,45.11000061035156,42.59747314453125,8819700,0.0,0.0
2024-08-09 00:00:00-04:00,45.0099983215332,45.189998626708984,44.29999923706055,44.91999816894531,42.418052673339844,6233400,0.0,0.0
2024-08-12 00:00:00-04:00,45.119998931884766,45.47999954223633,44.97999954223633,45.33000183105469,42.80522537231445,4920600,0.0,0.0
2024-08-13 00:00:00-04:00,44.7599983215332,45.040000915527344,44.34000015258789,44.63999938964844,42.15364456176758,6873000,0.0,0.0
2024-08-14 00:00:00-04:00,44.79999923706055,44.84000015258789,44.16999816894531,44.4900016784668,42.01201248168945,5709600,0.0,0.0
2024-08-15 00:00:00-04:00,44.7400016784668,45.54999923706055,44.7400016784668,45.439998626708984,42.90909194946289,5403700,0.0,0.0
2024-08-16 00:00:00-04:00,44.970001220703125,45.41999816894531,44.81999969482422,45.09000015258789,42.57859420776367,4917900,0.0,0.0
2024-08-19 00:00:00-04:00,45.2599983215332,45.540000915527344,45.04999923706055,45.189998626708984,42.67301559448242,5064500,0.0,0.0
2024-08-20 00:00:00-04:00,44.9900016784668,45.0,43.79999923706055,44.040000915527344,41.587066650390625,6267700,0.0,0.0
2024-08-21 00:00:00-04:00,44.5099983215332,44.63999938964844,43.61000061035156,43.84000015258789,41.3982048034668,5366600,0.0,0.0
2024-08-22 00:00:00-04:00,43.95000076293945,44.08000183105469,43.540000915527344,43.66999816894531,41.2376823425293,4173600,0.0,0.0
2024-08-23 00:00:00-04:00,44.0,44.77000045776367,43.95000076293945,44.70000076293945,42.2103157043457,4314300,0.0,0.0
2024-08-26 00:00:00-04:00,45.5,46.040000915527344,45.0099983215332,45.13999938964844,42.62580871582031,5334100,0.0,0.0
2024-08-27 00:00:00-04:00,45.060001373291016,45.2599983215332,44.59000015258789,44.650001525878906,42.16309356689453,3767300,0.0,0.0
2024-08-28 00:00:00-04:00,44.290000915527344,44.869998931884766,44.25,44.59000015258789,42.1064338684082,3651200,0.0,0.0
2024-08-29 00:00:00-04:00,44.939998626708984,45.34000015258789,44.5099983215332,45.0,42.49359130859375,4365500,0.0,0.0
2024-08-30 00:00:00-04:00,44.540000915527344,44.84000015258789,44.380001068115234,44.779998779296875,42.285850524902344,5832500,0.0,0.0
2024-09-03 00:00:00-04:00,43.959999084472656,44.08000183105469,42.810001373291016,43.02000045776367,40.623878479003906,6389000,0.0,0.0
2024-09-04 00:00:00-04:00,43.20000076293945,43.470001220703125,42.099998474121094,42.2400016784668,39.887325286865234,6316400,0.0,0.0
2024-09-05 00:00:00-04:00,42.650001525878906,42.7400016784668,41.93000030517578,42.08000183105469,39.73623275756836,5320900,0.0,0.0
2024-09-06 00:00:00-04:00,42.099998474121094,42.380001068115234,41.08000183105469,41.34000015258789,39.03745651245117,6226400,0.0,0.0
2024-09-09 00:00:00-04:00,41.5,41.849998474121094,41.279998779296875,41.400001525878906,39.0941162109375,7694700,0.0,0.0
2024-09-10 00:00:00-04:00,41.400001525878906,41.43000030517578,40.099998474121094,40.22999954223633,37.98927688598633,7926400,0.0,0.0
2024-09-11 00:00:00-04:00,40.25,40.2599983215332,39.02000045776367,39.93000030517578,37.70598602294922,10260800,0.0,0.0
2024-09-12 00:00:00-04:00,39.95000076293945,40.45000076293945,39.380001068115234,40.0099983215332,37.781532287597656,8037000,0.0,0.0
2024-09-13 00:00:00-04:00,39.779998779296875,40.09000015258789,39.36000061035156,39.45000076293945,37.66695785522461,8673500,0.44,0.0
2024-09-16 00:00:00-04:00,39.75,40.18000030517578,39.38999938964844,39.63999938964844,37.84836196899414,7139000,0.0,0.0
2024-09-17 00:00:00-04:00,39.54999923706055,40.560001373291016,39.40999984741211,40.459999084472656,38.63130569458008,7490700,0.0,0.0
2024-09-18 00:00:00-04:00,40.18000030517578,41.099998474121094,40.060001373291016,40.369998931884766,38.54536819458008,5996600,0.0,0.0
2024-09-19 00:00:00-04:00,41.130001068115234,41.43000030517578,40.779998779296875,40.970001220703125,39.11825180053711,6471500,0.0,0.0
2024-09-20 00:00:00-04:00,40.790000915527344,40.88999938964844,40.20000076293945,40.790000915527344,38.946388244628906,12847500,0.0,0.0
2024-09-23 00:00:00-04:00,40.790000915527344,41.4900016784668,40.529998779296875,41.119998931884766,39.261470794677734,7209800,0.0,0.0
2024-09-24 00:00:00-04:00,41.849998474121094,41.880001068115234,40.91999816894531,41.0099983215332,39.15644454956055,6905000,0.0,0.0
2024-09-25 00:00:00-04:00,40.72999954223633,40.88999938964844,39.77000045776367,39.79999923706055,38.001136779785156,8386600,0.0,0.0
2024-09-26 00:00:00-04:00,39.20000076293945,39.400001525878906,37.77000045776367,37.869998931884766,36.158363342285156,16997600,0.0,0.0
2024-09-27 00:00:00-04:00,38.290000915527344,39.060001373291016,38.209999084472656,38.959999084472656,37.199100494384766,8631700,0.0,0.0
2024-09-30 00:00:00-04:00,38.90999984741211,39.5099983215332,38.66999816894531,39.119998931884766,37.35186767578125,10931400,0.0,0.0
2024-10-01 00:00:00-04:00,38.7599983215332,40.150001525878906,38.650001525878906,39.7599983215332,37.96294021606445,12618700,0.0,0.0
2024-10-02 00:00:00-04:00,40.5,40.72999954223633,39.900001525878906,40.5,38.66949462890625,8133200,0.0,0.0
2024-10-03 00:00:00-04:00,40.52000045776367,41.90999984741211,40.400001525878906,41.790000915527344,39.90119171142578,11722800,0.0,0.0
2024-10-04 00:00:00-04:00,42.400001525878906,42.540000915527344,41.86000061035156,42.41999816894531,40.502716064453125,10288300,0.0,0.0
2024-10-07 00:00:00-04:00,42.41999816894531,43.029998779296875,42.310001373291016,42.61000061035156,40.68412780761719,8362700,0.0,0.0
2024-10-08 00:00:00-04:00,41.84000015258789,41.959999084472656,41.029998779296875,41.68000030517578,39.796165466308594,7402600,0.0,0.0
2024-10-09 00:00:00-04:00,41.279998779296875,42.130001068115234,41.119998931884766,41.959999084472656,40.063507080078125,6264600,0.0,0.0
2024-10-10 00:00:00-04:00,42.150001525878906,42.9900016784668,41.91999816894531,42.86000061035156,40.92283248901367,7454900,0.0,0.0
2024-10-11 00:00:00-04:00,42.650001525878906,43.29999923706055,42.54999923706055,42.959999084472656,41.018306732177734,5979100,0.0,0.0
2024-10-14 00:00:00-04:00,42.56999969482422,42.91999816894531,42.400001525878906,42.869998931884766,40.932376861572266,5866100,0.0,0.0
2024-10-15 00:00:00-04:00,41.43000030517578,41.84000015258789,41.0099983215332,41.20000076293945,39.33785629272461,8384900,0.0,0.0
2024-10-16 00:00:00-04:00,41.470001220703125,41.61000061035156,40.630001068115234,40.689998626708984,38.85091018676758,7566400,0.0,0.0
2024-10-17 00:00:00-04:00,40.709999084472656,40.90999984741211,39.70000076293945,40.58000183105469,38.745880126953125,21526000,0.0,0.0
2024-10-18 00:00:00-04:00,40.459999084472656,40.689998626708984,40.08000183105469,40.65999984741211,38.822265625,6942900,0.0,0.0
2024-10-21 00:00:00-04:00,40.91999816894531,41.060001373291016,39.939998626708984,40.08000183105469,38.26847839355469,6248200,0.0,0.0
2024-10-22 00:00:00-04:00,40.279998779296875,40.439998626708984,39.95000076293945,40.16999816894531,38.35440444946289,5918700,0.0,0.0
2024-10-23 00:00:00-04:00,39.88999938964844,40.02000045776367,39.20000076293945,39.5099983215332,37.724239349365234,7346500,0.0,0.0
2024-10-24 00:00:00-04:00,39.709999084472656,39.86000061035156,39.2599983215332,39.5099983215332,37.724239349365234,4223100,0.0,0.0
2024-10-25 00:00:00-04:00,39.84000015258789,40.02000045776367,38.86000061035156,39.189998626708984,37.41870880126953,9322100,0.0,0.0
2024-10-28 00:00:00-04:00,38.18000030517578,38.880001068115234,37.970001220703125,38.59000015258789,36.845821380615234,8475500,0.0,0.0
2024-10-29 00:00:00-04:00,38.5,38.689998626708984,38.06999969482422,38.13999938964844,36.416168212890625,6111100,0.0,0.0
2024-10-30 00:00:00-04:00,38.41999816894531,38.849998474121094,38.15999984741211,38.349998474121094,36.61667251586914,6318600,0.0,0.0
2024-10-31 00:00:00-04:00,38.68000030517578,39.08000183105469,38.439998626708984,38.68000030517578,36.9317512512207,7033800,0.0,0.0
2024-11-01 00:00:00-04:00,38.84000015258789,39.119998931884766,38.15999984741211,38.31999969482422,36.58802795410156,6921500,0.0,0.0
2024-11-04 00:00:00-05:00,38.68000030517578,39.41999816894531,38.5099983215332,39.150001525878906,37.380516052246094,7877000,0.0,0.0
2024-11-05 00:00:00-05:00,39.130001068115234,39.59000015258789,38.790000915527344,39.34000015258789,37.561927795410156,12281800,0.0,0.0
2024-11-06 00:00:00-05:00,39.70000076293945,40.540000915527344,38.290000915527344,40.02000045776367,38.21118927001953,17787000,0.0,0.0
2024-11-07 00:00:00-05:00,39.79999923706055,39.79999923706055,38.790000915527344,38.88999938964844,37.13226318359375,12981500,0.0,0.0
2024-11-08 00:00:00-05:00,38.81999969482422,39.189998626708984,38.63999938964844,38.869998931884766,37.1131706237793,8623300,0.0,0.0
2024-11-11 00:00:00-05:00,38.709999084472656,39.099998474121094,38.36000061035156,38.959999084472656,37.199100494384766,8426700,0.0,0.0
2024-11-12 00:00:00-05:00,39.09000015258789,39.36000061035156,38.29999923706055,38.34000015258789,36.60712432861328,8057400,0.0,0.0
2024-11-13 00:00:00-05:00,38.43000030517578,39.349998474121094,37.939998626708984,39.11000061035156,37.342323303222656,8317600,0.0,0.0
2024-11-14 00:00:00-05:00,39.470001220703125,39.630001068115234,38.900001525878906,39.380001068115234,37.60011291503906,5235700,0.0,0.0
2024-11-15 00:00:00-05:00,39.209999084472656,39.7400016784668,38.34000015258789,38.470001220703125,36.73125076293945,6725300,0.0,0.0
2024-11-18 00:00:00-05:00,38.79999923706055,39.16999816894531,38.5,38.77000045776367,37.0176887512207,6574200,0.0,0.0
2024-11-19 00:00:00-05:00,38.20000076293945,38.560001373291016,37.88999938964844,37.90999984741211,36.196556091308594,8134100,0.0,0.0
2024-11-20 00:00:00-05:00,37.95000076293945,38.790000915527344,37.93000030517578,38.29999923706055,36.56892395019531,5777500,0.0,0.0
2024-11-21 00:00:00-05:00,38.54999923706055,38.9900016784668,38.400001525878906,38.70000076293945,36.95085525512695,7169000,0.0,0.0
2024-11-22 00:00:00-05:00,38.650001525878906,39.650001525878906,38.61000061035156,39.45000076293945,37.66695785522461,7465200,0.0,0.0
2024-11-25 00:00:00-05:00,39.459999084472656,39.58000183105469,38.209999084472656,38.27000045776367,36.540283203125,11970200,0.0,0.0
2024-11-26 00:00:00-05:00,38.119998931884766,38.279998779296875,37.279998779296875,37.709999084472656,36.00559997558594,10083200,0.0,0.0
2024-11-27 00:00:00-05:00,37.779998779296875,38.369998931884766,37.779998779296875,37.84000015258789,36.129722595214844,6298300,0.0,0.0
2024-11-29 00:00:00-05:00,38.0,38.20000076293945,37.86000061035156,37.95000076293945,36.23474884033203,3241000,0.0,0.0
2024-12-02 00:00:00-05:00,37.959999084472656,38.150001525878906,37.150001525878906,37.61000061035156,35.91012191772461,7837900,0.0,0.0
2024-12-03 00:00:00-05:00,37.91999816894531,37.9900016784668,37.2599983215332,37.58000183105469,35.88147735595703,7316800,0.0,0.0
2024-12-04 00:00:00-05:00,37.599998474121094,37.61000061035156,36.040000915527344,36.290000915527344,34.6497802734375,13021700,0.0,0.0
2024-12-05 00:00:00-05:00,36.290000915527344,36.650001525878906,35.91999816894531,35.959999084472656,34.334693908691406,10313200,0.0,0.0
2024-12-06 00:00:00-05:00,35.88999938964844,35.900001525878906,34.7599983215332,34.9900016784668,33.40853500366211,13002500,0.0,0.0
2024-12-09 00:00:00-05:00,35.400001525878906,35.90999984741211,34.849998474121094,35.5099983215332,33.905029296875,11704100,0.0,0.0
2024-12-10 00:00:00-05:00,35.689998626708984,35.7599983215332,34.689998626708984,34.72999954223633,33.16028594970703,8887400,0.0,0.0
2024-12-11 00:00:00-05:00,34.91999816894531,34.93000030517578,34.529998779296875,34.7599983215332,33.18893051147461,10382700,0.0,0.0
2024-12-12 00:00:00-05:00,34.70000076293945,34.75,33.880001068115234,34.130001068115234,32.587406158447266,11943700,0.0,0.0
2024-12-13 00:00:00-05:00,34.0,34.25,33.38999938964844,33.880001068115234,32.55857467651367,10477200,0.22,0.0
2024-12-16 00:00:00-05:00,33.75,33.75,32.560001373291016,32.59000015258789,31.318891525268555,15130700,0.0,0.0
2024-12-17 00:00:00-05:00,32.18000030517578,32.369998931884766,31.850000381469727,32.16999816894531,30.91526985168457,14450800,0.0,0.0
2024-12-18 00:00:00-05:00,32.099998474121094,32.36000061035156,31.06999969482422,31.100000381469727,29.887004852294922,13828400,0.0,0.0
2024-12-19 00:00:00-05:00,31.450000762939453,31.65999984741211,30.489999771118164,30.520000457763672,29.329626083374023,15241500,0.0,0.0
2024-12-20 00:00:00-05:00,30.450000762939453,31.1299991607666,30.389999389648438,30.770000457763672,29.56987762451172,34647800,0.0,0.0
2024-12-23 00:00:00-05:00,30.709999084472656,31.09000015258789,30.520000457763672,30.979999542236328,29.771684646606445,11098900,0.0,0.0
2024-12-24 00:00:00-05:00,30.989999771118164,31.280000686645508,30.559999465942383,31.239999771118164,30.02154541015625,5806600,0.0,0.0
2024-12-26 00:00:00-05:00,31.239999771118164,31.299999237060547,30.899999618530273,31.110000610351562,29.89661407470703,9002200,0.0,0.0
2024-12-27 00:00:00-05:00,31.09000015258789,31.59000015258789,30.989999771118164,31.200000762939453,29.983104705810547,9097600,0.0,0.0
2024-12-30 00:00:00-05:00,31.260000228881836,32.22999954223633,31.110000610351562,31.969999313354492,30.72307014465332,12334300,0.0,0.0
2024-12-31 00:00:00-05:00,31.950000762939453,32.779998779296875,31.889999389648438,32.72999954223633,31.453426361083984,10409800,0.0,0.0
2025-01-02 00:00:00-05:00,33.369998931884766,33.93000030517578,33.150001525878906,33.400001525878906,32.09729766845703,10072200,0.0,0.0
2025-01-03 00:00:00-05:00,33.689998626708984,34.029998779296875,33.349998474121094,33.93000030517578,32.60662841796875,8817900,0.0,0.0
2025-01-06 00:00:00-05:00,34.16999816894531,34.869998931884766,33.68000030517578,33.75,32.43364715576172,12626900,0.0,0.0
2025-01-07 00:00:00-05:00,34.040000915527344,35.099998474121094,34.0,34.689998626708984,33.33698272705078,11021700,0.0,0.0
2025-01-08 00:00:00-05:00,34.459999084472656,35.20000076293945,34.36000061035156,35.150001525878906,33.77904510498047,10936900,0.0,0.0
2025-01-10 00:00:00-05:00,36.25,36.880001068115234,35.650001525878906,35.9900016784668,34.58628463745117,14356700,0.0,0.0
2025-01-13 00:00:00-05:00,36.38999938964844,37.52000045776367,36.349998474121094,36.77000045776367,35.33585739135742,12201100,0.0,0.0
2025-01-14 00:00:00-05:00,36.619998931884766,37.38999938964844,36.529998779296875,37.18000030517578,35.72986602783203,9395600,0.0,0.0
2025-01-15 00:00:00-05:00,37.689998626708984,38.72999954223633,37.369998931884766,38.43000030517578,36.93111038208008,15331700,0.0,0.0
2025-01-16 00:00:00-05:00,38.029998779296875,38.63999938964844,37.91999816894531,38.41999816894531,36.9214973449707,8471200,0.0,0.0
2025-01-17 00:00:00-05:00,38.189998626708984,38.630001068115234,37.720001220703125,37.95000076293945,36.46983337402344,9359800,0.0,0.0
2025-01-21 00:00:00-05:00,37.5,37.650001525878906,36.41999816894531,36.72999954223633,35.29741668701172,13092100,0.0,0.0
2025-01-22 00:00:00-05:00,36.709999084472656,37.20000076293945,36.43000030517578,36.459999084472656,35.03794860839844,7971600,0.0,0.0
2025-01-23 00:00:00-05:00,36.70000076293945,37.220001220703125,36.310001373291016,36.45000076293945,35.0283317565918,6550300,0.0,0.0
2025-01-24 00:00:00-05:00,36.72999954223633,36.75,35.7599983215332,35.959999084472656,34.55744934082031,7202300,0.0,0.0
2025-01-27 00:00:00-05:00,36.0,36.470001220703125,35.130001068115234,35.33000183105469,33.952022552490234,9972000,0.0,0.0
2025-01-28 00:00:00-05:00,35.68000030517578,35.68000030517578,34.54999923706055,34.880001068115234,33.519569396972656,6961200,0.0,0.0
2025-01-29 00:00:00-05:00,34.849998474121094,35.22999954223633,34.470001220703125,35.06999969482422,33.70216369628906,7126600,0.0,0.0
2025-01-30 00:00:00-05:00,35.36000061035156,35.400001525878906,34.7599983215332,35.04999923706055,33.682945251464844,6101900,0.0,0.0
2025-01-31 00:00:00-05:00,35.0,35.029998779296875,33.790000915527344,34.099998474121094,32.76999282836914,8387800,0.0,0.0
2025-02-03 00:00:00-05:00,34.18000030517578,34.189998626708984,33.38999938964844,33.75,32.43364715576172,9706600,0.0,0.0
2025-02-04 00:00:00-05:00,33.33000183105469,34.599998474121094,33.209999084472656,34.41999816894531,33.0775146484375,7057200,0.0,0.0
2025-02-05 00:00:00-05:00,34.25,34.369998931884766,33.77000045776367,34.13999938964844,32.808433532714844,7592800,0.0,0.0
2025-02-06 00:00:00-05:00,34.4900016784668,34.61000061035156,33.02000045776367,33.41999816894531,32.11651611328125,8907100,0.0,0.0
2025-02-07 00:00:00-05:00,33.540000915527344,33.72999954223633,33.119998931884766,33.150001525878906,31.8570499420166,5509800,0.0,0.0
2025-02-10 00:00:00-05:00,33.540000915527344,34.470001220703125,33.47999954223633,34.2599983215332,32.92375564575195,8701700,0.0,0.0
2025-02-11 00:00:00-05:00,34.43000030517578,35.40999984741211,34.34000015258789,35.119998931884766,33.75020980834961,9504100,0.0,0.0
2025-02-12 00:00:00-05:00,34.849998474121094,35.22999954223633,33.81999969482422,33.970001220703125,32.64506912231445,8741000,0.0,0.0
2025-02-13 00:00:00-05:00,33.95000076293945,34.220001220703125,33.540000915527344,34.220001220703125,32.88531494140625,7229400,0.0,0.0
2025-02-14 00:00:00-05:00,34.459999084472656,35.20000076293945,34.43000030517578,34.63999938964844,33.288936614990234,9066800,0.0,0.0
2025-02-18 00:00:00-05:00,34.9900016784668,35.5,34.369998931884766,34.880001068115234,33.519569396972656,10239900,0.0,0.0
2025-02-19 00:00:00-05:00,36.20000076293945,38.63999938964844,36.20000076293945,37.56999969482422,36.104652404785156,21954200,0.0,0.0
2025-02-20 00:00:00-05:00,38.04999923706055,38.880001068115234,37.709999084472656,38.54999923706055,37.04642868041992,11384100,0.0,0.0
2025-02-21 00:00:00-05:00,38.25,38.650001525878906,37.349998474121094,37.4900016784668,36.027774810791016,11546100,0.0,0.0
2025-02-24 00:00:00-05:00,37.59000015258789,37.65999984741211,36.900001525878906,37.310001373291016,35.854793548583984,7804300,0.0,0.0
2025-02-25 00:00:00-05:00,37.2400016784668,37.2400016784668,35.779998779296875,35.880001068115234,34.480567932128906,10935600,0.0,0.0
2025-02-26 00:00:00-05:00,35.83000183105469,36.209999084472656,35.279998779296875,35.459999084472656,34.07695007324219,8136300,0.0,0.0
2025-02-27 00:00:00-05:00,35.70000076293945,36.689998626708984,35.38999938964844,35.880001068115234,34.480567932128906,7400600,0.0,0.0
2025-02-28 00:00:00-05:00,35.52000045776367,36.279998779296875,35.209999084472656,36.220001220703125,34.807308197021484,9073100,0.0,0.0
2025-03-03 00:00:00-05:00,36.4900016784668,36.63999938964844,33.84000015258789,34.40999984741211,33.067901611328125,13946000,0.0,0.0
2025-03-04 00:00:00-05:00,33.79999923706055,34.970001220703125,33.099998474121094,34.25,32.91414260864258,14139100,0.0,0.0
2025-03-05 00:00:00-05:00,33.599998474121094,33.86000061035156,32.709999084472656,33.65999984741211,32.34716033935547,14135300,0.0,0.0
2025-03-06 00:00:00-05:00,33.5,34.16999816894531,33.11000061035156,33.869998931884766,32.54896926879883,8651600,0.0,0.0
2025-03-07 00:00:00-05:00,34.189998626708984,35.209999084472656,34.09000015258789,34.709999084472656,33.356204986572266,10540900,0.0,0.0
2025-03-10 00:00:00-04:00,34.70000076293945,34.97999954223633,33.529998779296875,34.209999084472656,32.875701904296875,10579000,0.0,0.0
2025-03-11 00:00:00-04:00,34.599998474121094,35.18000030517578,34.02000045776367,34.40999984741211,33.067901611328125,8721900,0.0,0.0
2025-03-12 00:00:00-04:00,34.540000915527344,35.279998779296875,34.279998779296875,34.75,33.39464569091797,7621600,0.0,0.0
2025-03-13 00:00:00-04:00,34.38999938964844,34.58000183105469,33.41999816894531,33.790000915527344,32.472084045410156,9821100,0.0,0.0
2025-03-14 00:00:00-04:00,33.61000061035156,34.58000183105469,33.439998626708984,34.54999923706055,33.43995666503906,8375800,0.24,0.0
2025-03-17 00:00:00-04:00,34.630001068115234,35.380001068115234,34.630001068115234,35.11000061035156,33.981964111328125,7567000,0.0,0.0
2025-03-18 00:00:00-04:00,35.65999984741211,35.90999984741211,34.81999969482422,35.369998931884766,34.233612060546875,7292700,0.0,0.0
2025-03-19 00:00:00-04:00,35.279998779296875,36.45000076293945,35.25,36.04999923706055,34.89176559448242,10658200,0.0,0.0
2025-03-20 00:00:00-04:00,35.75,36.34000015258789,35.54999923706055,36.130001068115234,34.96919631958008,6915800,0.0,0.0
2025-03-21 00:00:00-04:00,35.970001220703125,36.279998779296875,35.77000045776367,36.150001525878906,34.988555908203125,12728200,0.0,0.0
2025-03-24 00:00:00-04:00,36.25,37.20000076293945,36.119998931884766,36.959999084472656,35.77252197265625,5722200,0.0,0.0
2025-03-25 00:00:00-04:00,37.2599983215332,37.77000045776367,36.83000183105469,36.970001220703125,35.78220748901367,5934100,0.0,0.0
2025-03-26 00:00:00-04:00,37.41999816894531,37.849998474121094,37.20000076293945,37.470001220703125,36.26613998413086,7504800,0.0,0.0
2025-03-27 00:00:00-04:00,37.290000915527344,37.4900016784668,36.689998626708984,36.880001068115234,35.695091247558594,5118700,0.0,0.0
2025-03-28 00:00:00-04:00,36.790000915527344,36.9900016784668,36.459999084472656,36.7599983215332,35.578948974609375,4324400,0.0,0.0
2025-03-31 00:00:00-04:00,36.560001373291016,37.650001525878906,36.540000915527344,37.400001525878906,36.19839096069336,7085000,0.0,0.0
2025-04-01 00:00:00-04:00,37.5,37.599998474121094,36.81999969482422,37.56999969482422,36.36293029785156,5573500,0.0,0.0
2025-04-02 00:00:00-04:00,37.040000915527344,37.959999084472656,37.040000915527344,37.91999816894531,36.701683044433594,5355500,0.0,0.0
2025-04-03 00:00:00-04:00,35.40999984741211,35.90999984741211,33.040000915527344,33.15999984741211,32.09461212158203,16227400,0.0,0.0
2025-04-04 00:00:00-04:00,32.0,32.290000915527344,29.059999465942383,29.309999465942383,28.368309020996094,23073700,0.0,0.0
2025-04-07 00:00:00-04:00,28.040000915527344,30.15999984741211,27.139999389648438,28.610000610351562,27.690799713134766,19139800,0.0,0.0
2025-04-08 00:00:00-04:00,29.420000076293945,29.68000030517578,26.40999984741211,26.799999237060547,25.93895149230957,17713000,0.0,0.0
2025-04-09 00:00:00-04:00,26.049999237060547,31.540000915527344,25.889999389648438,31.06999969482422,30.071765899658203,21581300,0.0,0.0
2025-04-10 00:00:00-04:00,29.809999465942383,30.059999465942383,27.1299991607666,27.75,26.85843276977539,16787200,0.0,0.0
2025-04-11 00:00:00-04:00,27.799999237060547,28.43000030517578,26.760000228881836,28.229999542236328,27.323007583618164,12107700,0.0,0.0
2025-04-14 00:00:00-04:00,29.239999771118164,29.239999771118164,28.09000015258789,28.729999542236328,27.806943893432617,10647600,0.0,0.0
2025-04-15 00:00:00-04:00,28.549999237060547,29.479999542236328,28.360000610351562,28.530000686645508,27.613372802734375,12112600,0.0,0.0
2025-04-16 00:00:00-04:00,28.6200008392334,29.860000610351562,28.610000610351562,29.299999237060547,28.35862922668457,10498300,0.0,0.0
2025-04-17 00:00:00-04:00,29.690000534057617,30.809999465942383,29.690000534057617,30.309999465942383,29.336181640625,10351200,0.0,0.0
2025-04-21 00:00:00-04:00,29.610000610351562,29.75,29.059999465942383,29.479999542236328,28.532848358154297,6515400,0.0,0.0
2025-04-22 00:00:00-04:00,30.670000076293945,31.549999237060547,30.440000534057617,31.200000762939453,30.197587966918945,14186000,0.0,0.0
2025-04-23 00:00:00-04:00,31.739999771118164,32.31999969482422,30.700000762939453,31.079999923706055,30.08144187927246,9338000,0.0,0.0
2025-04-24 00:00:00-04:00,31.489999771118164,31.65999984741211,30.950000762939453,31.469999313354492,30.45890998840332,6477000,0.0,0.0
2025-04-25 00:00:00-04:00,31.09000015258789,31.520000457763672,31.020000457763672,31.350000381469727,30.342769622802734,5181500,0.0,0.0
2025-04-28 00:00:00-04:00,31.360000610351562,31.799999237060547,31.260000228881836,31.549999237060547,30.53634262084961,5045800,0.0,0.0
2025-04-29 00:00:00-04:00,31.0,31.440000534057617,30.790000915527344,31.299999237060547,30.294374465942383,4949100,0.0,0.0
2025-04-30 00:00:00-04:00,30.760000228881836,30.989999771118164,29.950000762939453,30.40999984741211,29.432968139648438,7573400,0.0,0.0
2025-05-01 00:00:00-04:00,30.31999969482422,31.770000457763672,30.270000457763672,31.15999984741211,30.158872604370117,8236100,0.0,0.0
2025-05-02 00:00:00-04:00,31.65999984741211,31.860000610351562,30.979999542236328,31.440000534057617,30.42987823486328,6604300,0.0,0.0
2025-05-05 00:00:00-04:00,30.799999237060547,31.219999313354492,30.450000762939453,30.6200008392334,29.63622283935547,9983400,0.0,0.0
2025-05-06 00:00:00-04:00,30.93000030517578,31.239999771118164,30.520000457763672,30.59000015258789,29.607187271118164,9491100,0.0,0.0
2025-05-07 00:00:00-04:00,30.40999984741211,30.81999969482422,29.700000762939453,30.290000915527344,29.31682586669922,13900500,0.0,0.0
2025-05-08 00:00:00-04:00,30.8700008392334,32.290000915527344,30.75,31.93000030517578,30.904132843017578,10247500,0.0,0.0
2025-05-09 00:00:00-04:00,32.540000915527344,32.790000915527344,32.040000915527344,32.529998779296875,31.4848575592041,6843400,0.0,0.0
2025-05-12 00:00:00-04:00,34.20000076293945,34.650001525878906,33.349998474121094,33.54999923706055,32.47208023071289,8035600,0.0,0.0
2025-05-13 00:00:00-04:00,33.75,34.599998474121094,33.599998474121094,34.290000915527344,33.18830871582031,7415700,0.0,0.0
2025-05-14 00:00:00-04:00,34.04999923706055,34.20000076293945,33.7400016784668,33.959999084472656,32.86891174316406,6172200,0.0,0.0
2025-05-15 00:00:00-04:00,33.20000076293945,33.5099983215332,32.939998626708984,33.400001525878906,32.326904296875,7155400,0.0,0.0
2025-05-16 00:00:00-04:00,33.619998931884766,33.709999084472656,32.869998931884766,33.2599983215332,32.1913948059082,6046000,0.0,0.0
2025-05-19 00:00:00-04:00,32.75,32.880001068115234,32.38999938964844,32.689998626708984,31.63971519470215,5264600,0.0,0.0
2025-05-20 00:00:00-04:00,32.709999084472656,32.7400016784668,32.130001068115234,32.16999816894531,31.13642120361328,6277300,0.0,0.0
2025-05-21 00:00:00-04:00,32.0,32.2400016784668,31.5,31.5,30.487947463989258,8370400,0.0,0.0
2025-05-22 00:00:00-04:00,31.170000076293945,31.3700008392334,30.6200008392334,31.139999389648438,30.139514923095703,6814200,0.0,0.0
2025-05-23 00:00:00-04:00,30.65999984741211,31.239999771118164,30.610000610351562,31.15999984741211,30.158872604370117,7037600,0.0,0.0
2025-05-27 00:00:00-04:00,31.5,31.5,30.90999984741211,31.350000381469727,30.342769622802734,7347700,0.0,0.0
2025-05-28 00:00:00-04:00,31.65999984741211,31.790000915527344,30.829999923706055,30.860000610351562,29.868511199951172,6989200,0.0,0.0
2025-05-29 00:00:00-04:00,31.0,31.15999984741211,30.56999969482422,31.110000610351562,30.1104793548584,8889600,0.0,0.0
2025-05-30 00:00:00-04:00,30.75,30.84000015258789,30.239999771118164,30.260000228881836,29.28778839111328,18145600,0.0,0.0
2025-06-02 00:00:00-04:00,31.18000030517578,31.25,30.75,31.139999389648438,30.139514923095703,10156900,0.0,0.0
2025-06-03 00:00:00-04:00,31.139999389648438,32.29999923706055,30.799999237060547,32.0099983215332,30.9815616607666,6774400,0.0,0.0
2025-06-04 00:00:00-04:00,32.0099983215332,32.4900016784668,31.479999542236328,31.559999465942383,30.546018600463867,8118100,0.0,0.0
2025-06-05 00:00:00-04:00,31.889999389648438,31.899999618530273,31.31999969482422,31.420000076293945,30.410520553588867,4918500,0.0,0.0
2025-06-06 00:00:00-04:00,31.860000610351562,32.43000030517578,31.81999969482422,32.290000915527344,31.2525691986084,5820700,0.0,0.0
2025-06-09 00:00:00-04:00,32.5099983215332,33.0,32.290000915527344,32.650001525878906,31.601003646850586,5322300,0.0,0.0
2025-06-10 00:00:00-04:00,32.9900016784668,33.90999984741211,32.9900016784668,33.470001220703125,32.3946533203125,6319400,0.0,0.0
2025-06-11 00:00:00-04:00,33.77000045776367,34.709999084472656,33.439998626708984,34.470001220703125,33.362525939941406,8716400,0.0,0.0
2025-06-12 00:00:00-04:00,34.31999969482422,34.36000061035156,33.66999816894531,34.33000183105469,33.22702407836914,6149500,0.0,0.0
2025-06-13 00:00:00-04:00,35.2599983215332,35.599998474121094,34.650001525878906,35.11000061035156,34.2212028503418,12706100,0.24,0.0
2025-06-16 00:00:00-04:00,34.400001525878906,35.189998626708984,34.27000045776367,34.619998931884766,33.74360656738281,9279000,0.0,0.0
2025-06-17 00:00:00-04:00,35.08000183105469,35.47999954223633,34.58000183105469,34.709999084472656,33.831329345703125,10043300,0.0,0.0
2025-06-18 00:00:00-04:00,35.0,35.41999816894531,33.88999938964844,34.040000915527344,33.178287506103516,11401800,0.0,0.0
2025-06-20 00:00:00-04:00,34.119998931884766,34.38999938964844,33.7599983215332,34.290000915527344,33.421958923339844,15001600,0.0,0.0
2025-06-23 00:00:00-04:00,34.869998931884766,35.0,32.720001220703125,32.83000183105469,31.998924255371094,15657400,0.0,0.0
2025-06-24 00:00:00-04:00,32.130001068115234,32.849998474121094,32.099998474121094,32.349998474121094,31.531070709228516,8636300,0.0,0.0
2025-06-25 00:00:00-04:00,32.25,32.5099983215332,32.04999923706055,32.130001068115234,31.31664276123047,6371600,0.0,0.0
2025-06-26 00:00:00-04:00,32.20000076293945,32.79999923706055,32.189998626708984,32.47999954223633,31.657779693603516,6190200,0.0,0.0
2025-06-27 00:00:00-04:00,32.400001525878906,32.5099983215332,32.0,32.25,31.43360137939453,6351900,0.0,0.0
2025-06-30 00:00:00-04:00,32.119998931884766,32.150001525878906,31.719999313354492,31.809999465942383,31.004743576049805,5835000,0.0,0.0
2025-07-01 00:00:00-04:00,31.81999969482422,32.9900016784668,31.489999771118164,32.650001525878906,31.8234806060791,7286900,0.0,0.0
2025-07-02 00:00:00-04:00,33.209999084472656,33.470001220703125,32.529998779296875,33.40999984741211,32.564239501953125,6849400,0.0,0.0
2025-07-03 00:00:00-04:00,33.38999938964844,33.529998779296875,33.099998474121094,33.22999954223633,32.388797760009766,2849200,0.0,0.0
2025-07-07 00:00:00-04:00,32.97999954223633,33.380001068115234,32.130001068115234,32.68000030517578,31.852720260620117,7526100,0.0,0.0
2025-07-08 00:00:00-04:00,32.90999984741211,35.189998626708984,32.720001220703125,34.91999816894531,34.0360107421875,16160900,0.0,0.0
2025-07-09 00:00:00-04:00,34.75,35.029998779296875,34.22999954223633,34.59000015258789,33.71436309814453,6306200,0.0,0.0
2025-07-10 00:00:00-04:00,34.20000076293945,34.59000015258789,33.70000076293945,33.95000076293945,33.09056854248047,7752400,0.0,0.0
2025-07-11 00:00:00-04:00,33.7599983215332,34.31999969482422,33.619998931884766,33.970001220703125,33.11006164550781,5724400,0.0,0.0
2025-07-14 00:00:00-04:00,33.77000045776367,33.810001373291016,33.06999969482422,33.20000076293945,32.359554290771484,6961300,0.0,0.0
2025-07-15 00:00:00-04:00,33.31999969482422,33.349998474121094,32.150001525878906,32.16999816894531,31.355627059936523,6964000,0.0,0.0
2025-07-16 00:00:00-04:00,32.18000030517578,32.33000183105469,31.450000762939453,31.75,30.94626235961914,11508900,0.0,0.0
2025-07-17 00:00:00-04:00,31.719999313354492,32.81999969482422,31.6299991607666,32.779998779296875,31.950183868408203,6668800,0.0,0.0
2025-07-18 00:00:00-04:00,33.15999984741211,33.630001068115234,32.72999954223633,32.849998474121094,32.01841354370117,7130200,0.0,0.0
2025-07-21 00:00:00-04:00,32.900001525878906,33.02000045776367,32.29999923706055,32.349998474121094,31.531070709228516,4939700,0.0,0.0
2025-07-22 00:00:00-04:00,32.470001220703125,33.040000915527344,32.45000076293945,32.810001373291016,31.979429244995117,6161300,0.0,0.0
2025-07-23 00:00:00-04:00,32.9900016784668,33.529998779296875,32.7400016784668,33.2400016784668,32.39854049682617,6605300,0.0,0.0
2025-07-24 00:00:00-04:00,33.02000045776367,33.630001068115234,32.72999954223633,33.29999923706055,32.4570198059082,9729100,0.0,0.0
2025-07-25 00:00:00-04:00,33.33000183105469,33.459999084472656,32.849998474121094,32.939998626708984,32.106136322021484,5664200,0.0,0.0
2025-07-28 00:00:00-04:00,33.34000015258789,34.119998931884766,33.29999923706055,34.09000015258789,33.227027893066406,7174600,0.0,0.0
2025-07-29 00:00:00-04:00,34.18000030517578,34.33000183105469,33.709999084472656,34.220001220703125,33.353736877441406,6184100,0.0,0.0
2025-07-30 00:00:00-04:00,33.939998626708984,34.15999984741211,33.5099983215332,33.7599983215332,32.90537643432617,6439900,0.0,0.0
2025-07-31 00:00:00-04:00,33.41999816894531,34.040000915527344,33.06999969482422,33.220001220703125,32.37904739379883,5467900,0.0,0.0
2025-08-01 00:00:00-04:00,32.810001373291016,33.029998779296875,31.729999542236328,32.13999938964844,31.32638931274414,8893000,0.0,0.0
2025-08-04 00:00:00-04:00,31.899999618530273,32.279998779296875,31.68000030517578,31.940000534057617,31.131450653076172,7853600,0.0,0.0
2025-08-05 00:00:00-04:00,32.040000915527344,32.439998626708984,31.649999618530273,32.310001373291016,31.49208641052246,9814200,0.0,0.0
2025-08-06 00:00:00-04:00,33.0,33.86000061035156,32.13999938964844,32.45000076293945,31.628543853759766,15777800,0.0,0.0
2025-08-07 00:00:00-04:00,33.09000015258789,33.66999816894531,32.279998779296875,32.38999938964844,31.57006072998047,10939100,0.0,0.0
2025-08-08 00:00:00-04:00,32.650001525878906,33.540000915527344,32.36000061035156,33.279998779296875,32.43752670288086,9269100,0.0,0.0
2025-08-11 00:00:00-04:00,33.27000045776367,33.56999969482422,32.54999923706055,32.869998931884766,32.037906646728516,8541400,0.0,0.0
2025-08-12 00:00:00-04:00,32.97999954223633,33.7400016784668,32.7400016784668,33.31999969482422,32.47651672363281,5763000,0.0,0.0
2025-08-13 00:00:00-04:00,33.2400016784668,33.619998931884766,32.95000076293945,33.619998931884766,32.7689208984375,5817600,0.0,0.0
2025-08-14 00:00:00-04:00,33.43000030517578,33.900001525878906,33.029998779296875,33.849998474121094,32.993099212646484,4720500,0.0,0.0
2025-08-15 00:00:00-04:00,33.79999923706055,34.09000015258789,33.59000015258789,33.689998626708984,32.83715057373047,5365600,0.0,0.0
2025-08-18 00:00:00-04:00,33.529998779296875,33.81999969482422,33.150001525878906,33.54999923706055,32.70069122314453,5380200,0.0,0.0
2025-08-19 00:00:00-04:00,33.380001068115234,34.11000061035156,33.349998474121094,33.58000183105469,32.72993469238281,6284600,0.0,0.0
2025-08-20 00:00:00-04:00,33.61000061035156,34.0,33.34000015258789,33.779998779296875,32.92487335205078,8273900,0.0,0.0
2025-08-21 00:00:00-04:00,33.619998931884766,34.060001373291016,33.310001373291016,33.88999938964844,33.03208923339844,5312500,0.0,0.0
2025-08-22 00:00:00-04:00,34.08000183105469,35.279998779296875,34.029998779296875,35.15999984741211,34.26993942260742,8412600,0.0,0.0
2025-08-25 00:00:00-04:00,35.13999938964844,35.810001373291016,34.900001525878906,35.77000045776367,34.864498138427734,6681300,0.0,0.0
2025-08-26 00:00:00-04:00,35.40999984741211,35.58000183105469,34.90999984741211,35.22999954223633,34.338165283203125,7114800,0.0,0.0
2025-08-27 00:00:00-04:00,35.099998474121094,35.9900016784668,35.099998474121094,35.560001373291016,34.65981674194336,7925300,0.0,0.0
2025-08-28 00:00:00-04:00,35.72999954223633,35.970001220703125,35.25,35.880001068115234,34.97171401977539,5125700,0.0,0.0
2025-08-29 00:00:00-04:00,35.810001373291016,36.279998779296875,35.79999923706055,36.099998474121094,35.18613815307617,6146300,0.0,0.0
2025-09-02 00:00:00-04:00,36.0,36.56999969482422,35.66999816894531,36.41999816894531,35.49803924560547,6044800,0.0,0.0
2025-09-03 00:00:00-04:00,35.83000183105469,36.20000076293945,34.91999816894531,35.08000183105469,34.19196701049805,6913500,0.0,0.0
2025-09-04 00:00:00-04:00,34.93000030517578,35.630001068115234,34.66999816894531,35.58000183105469,34.6793098449707,4615700,0.0,0.0
2025-09-05 00:00:00-04:00,35.040000915527344,35.529998779296875,34.34000015258789,34.7599983215332,33.88006591796875,8729200,0.0,0.0
2025-09-08 00:00:00-04:00,35.04999923706055,35.04999923706055,34.130001068115234,34.5099983215332,33.636390686035156,8061000,0.0,0.0
2025-09-09 00:00:00-04:00,34.720001220703125,35.279998779296875,34.310001373291016,34.310001373291016,33.44145584106445,5073600,0.0,0.0
2025-09-10 00:00:00-04:00,34.36000061035156,35.52000045776367,34.20000076293945,35.52000045776367,34.620826721191406,8043200,0.0,0.0
2025-09-11 00:00:00-04:00,35.0,35.349998474121094,34.77000045776367,35.290000915527344,34.39664840698242,6242900,0.0,0.0
2025-09-12 00:00:00-04:00,35.560001373291016,35.790000915527344,34.77000045776367,34.77000045776367,33.88981246948242,7123800,0.0,0.0
2025-09-15 00:00:00-04:00,34.59000015258789,34.599998474121094,33.72999954223633,33.77000045776367,33.14390182495117,9102200,0.24,0.0
2025-09-16 00:00:00-04:00,33.939998626708984,35.130001068115234,33.88999938964844,34.970001220703125,34.3216552734375,8053700,0.0,0.0
2025-09-17 00:00:00-04:00,34.720001220703125,35.88999938964844,34.34000015258789,35.40999984741211,34.75349426269531,7499500,0.0,0.0
2025-09-18 00:00:00-04:00,35.599998474121094,35.599998474121094,34.72999954223633,35.0099983215332,34.36090850830078,6103000,0.0,0.0
2025-09-19 00:00:00-04:00,34.790000915527344,34.810001373291016,33.91999816894531,33.959999084472656,33.330379486083984,13572300,0.0,0.0
2025-09-22 00:00:00-04:00,33.81999969482422,33.9900016784668,33.58000183105469,33.720001220703125,33.09482955932617,6826400,0.0,0.0
2025-09-23 00:00:00-04:00,34.09000015258789,35.4900016784668,33.9900016784668,34.47999954223633,33.84074020385742,8409100,0.0,0.0
2025-09-24 00:00:00-04:00,34.9900016784668,35.70000076293945,34.869998931884766,35.209999084472656,34.55720138549805,5455300,0.0,0.0
2025-09-25 00:00:00-04:00,35.06999969482422,35.849998474121094,35.029998779296875,35.7599983215332,35.09700393676758,6065400,0.0,0.0
2025-09-26 00:00:00-04:00,35.869998931884766,37.2599983215332,35.790000915527344,36.9900016784668,36.30420684814453,9215500,0.0,0.0
2025-09-29 00:00:00-04:00,36.810001373291016,36.81999969482422,35.34000015258789,35.52000045776367,34.86145782470703,9375300,0.0,0.0
2025-09-30 00:00:00-04:00,35.189998626708984,35.36000061035156,34.52000045776367,35.060001373291016,34.40998840332031,9104900,0.0,0.0
2025-10-01 00:00:00-04:00,34.880001068115234,35.540000915527344,34.75,35.31999969482422,34.6651611328125,6187700,0.0,0.0
2025-10-02 00:00:00-04:00,35.0,35.4900016784668,34.18000030517578,34.31999969482422,33.68370819091797,7237400,0.0,0.0
2025-10-03 00:00:00-04:00,34.4900016784668,34.90999984741211,34.369998931884766,34.560001373291016,33.919254302978516,6409400,0.0,0.0
2025-10-06 00:00:00-04:00,34.81999969482422,35.36000061035156,34.56999969482422,34.90999984741211,34.26276397705078,4807200,0.0,0.0
2025-10-07 00:00:00-04:00,34.7599983215332,35.0,33.9900016784668,34.9900016784668,34.34128189086914,6927600,0.0,0.0
2025-10-08 00:00:00-04:00,34.9900016784668,35.0,34.25,34.970001220703125,34.3216552734375,11524900,0.0,0.0
2025-10-09 00:00:00-04:00,35.25,35.75,34.290000915527344,34.349998474121094,33.7131462097168,6872700,0.0,0.0
2025-10-10 00:00:00-04:00,33.900001525878906,34.029998779296875,32.4900016784668,32.5,31.897445678710938,11041500,0.0,0.0
2025-10-13 00:00:00-04:00,32.95000076293945,33.25,32.54999923706055,33.209999084472656,32.59428405761719,4928100,0.0,0.0
2025-10-14 00:00:00-04:00,32.41999816894531,33.119998931884766,32.2599983215332,32.709999084472656,32.103553771972656,8405000,0.0,0.0
2025-10-15 00:00:00-04:00,33.060001373291016,33.25,32.279998779296875,32.61000061035156,32.005409240722656,5688400,0.0,0.0
2025-10-16 00:00:00-04:00,32.650001525878906,32.84000015258789,31.639999389648438,32.029998779296875,31.436161041259766,6797900,0.0,0.0
2025-10-17 00:00:00-04:00,32.04999923706055,32.2400016784668,31.559999465942383,31.739999771118164,31.151538848876953,7610700,0.0,0.0
2025-10-20 00:00:00-04:00,31.770000457763672,32.279998779296875,31.600000381469727,31.93000030517578,31.338014602661133,5770200,0.0,0.0
2025-10-21 00:00:00-04:00,31.899999618530273,32.25,31.469999313354492,32.060001373291016,31.465606689453125,7513000,0.0,0.0
2025-10-22 00:00:00-04:00,32.459999084472656,32.77000045776367,32.0,32.40999984741211,31.80911636352539,8167400,0.0,0.0
2025-10-23 00:00:00-04:00,33.43000030517578,33.83000183105469,33.20000076293945,33.439998626708984,32.82001876831055,8202100,0.0,0.0
2025-10-24 00:00:00-04:00,33.599998474121094,33.650001525878906,32.88999938964844,32.970001220703125,32.358734130859375,4557500,0.0,0.0
2025-10-27 00:00:00-04:00,33.029998779296875,33.38999938964844,32.790000915527344,32.93000030517578,32.31947708129883,5762700,0.0,0.0
2025-10-28 00:00:00-04:00,32.72999954223633,32.779998779296875,32.0,32.0099983215332,31.41653060913086,6428900,0.0,0.0
2025-10-29 00:00:00-04:00,32.18000030517578,32.52000045776367,31.950000762939453,32.04999923706055,31.45578956604004,7060400,0.0,0.0
2025-10-30 00:00:00-04:00,31.90999984741211,32.4900016784668,31.649999618530273,32.0099983215332,31.41653060913086,6257100,0.0,0.0
2025-10-31 00:00:00-04:00,32.119998931884766,32.59000015258789,31.940000534057617,32.4900016784668,31.887636184692383,5408400,0.0,0.0
2025-11-03 00:00:00-05:00,32.45000076293945,32.83000183105469,31.93000030517578,32.81999969482422,32.21151351928711,7413900,0.0,0.0
2025-11-04 00:00:00-05:00,32.349998474121094,32.650001525878906,31.90999984741211,32.54999923706055,31.94651985168457,7989600,0.0,0.0
2025-11-05 00:00:00-05:00,32.5,33.119998931884766,32.290000915527344,32.34000015258789,31.740415573120117,9305500,0.0,0.0
2025-11-06 00:00:00-05:00,33.31999969482422,33.59000015258789,32.060001373291016,32.43000030517578,31.828746795654297,13993900,0.0,0.0
2025-11-07 00:00:00-05:00,32.810001373291016,33.72999954223633,32.4900016784668,33.70000076293945,33.07520294189453,9921100,0.0,0.0
2025-11-10 00:00:00-05:00,34.02000045776367,34.20000076293945,33.34000015258789,33.91999816894531,33.29111862182617,6808200,0.0,0.0
2025-11-11 00:00:00-05:00,34.11000061035156,35.58000183105469,34.11000061035156,35.15999984741211,34.50813293457031,9901700,0.0,0.0
2025-11-12 00:00:00-05:00,35.099998474121094,35.529998779296875,34.779998779296875,35.220001220703125,34.567020416259766,10711300,0.0,0.0
2025-11-13 00:00:00-05:00,35.369998931884766,35.68000030517578,34.66999816894531,35.040000915527344,34.390357971191406,8334600,0.0,0.0
2025-11-14 00:00:00-05:00,35.189998626708984,35.88999938964844,34.47999954223633,35.84000015258789,35.1755256652832,8369700,0.0,0.0
2025-11-17 00:00:00-05:00,35.849998474121094,35.88999938964844,34.849998474121094,35.06999969482422,34.419795989990234,6735700,0.0,0.0
2025-11-18 00:00:00-05:00,34.75,36.189998626708984,34.59000015258789,35.869998931884766,35.20496368408203,9686500,0.0,0.0
2025-11-19 00:00:00-05:00,35.0,35.38999938964844,34.709999084472656,35.279998779296875,34.62590408325195,7934500,0.0,0.0
2025-11-20 00:00:00-05:00,35.650001525878906,36.880001068115234,34.97999954223633,35.15999984741211,34.50813293457031,10806100,0.0,0.0
2025-11-21 00:00:00-05:00,35.06999969482422,35.9900016784668,34.790000915527344,35.650001525878906,34.98904800415039,11410100,0.0,0.0
2025-11-24 00:00:00-05:00,35.52000045776367,36.130001068115234,35.15999984741211,35.93000030517578,35.26385498046875,9494000,0.0,0.0
2025-11-25 00:00:00-05:00,35.630001068115234,35.88999938964844,35.349998474121094,35.81999969482422,35.1558952331543,6312500,0.0,0.0
2025-11-26 00:00:00-05:00,35.849998474121094,36.720001220703125,35.779998779296875,36.400001525878906,35.72514343261719,7695300,0.0,0.0
2025-11-28 00:00:00-05:00,36.47999954223633,37.369998931884766,36.369998931884766,37.060001373291016,36.37290573120117,4439000,0.0,0.0
2025-12-01 00:00:00-05:00,36.9900016784668,38.119998931884766,36.970001220703125,37.86000061035156,37.15807342529297,9103200,0.0,0.0
2025-12-02 00:00:00-05:00,37.900001525878906,37.900001525878906,37.029998779296875,37.2599983215332,36.56919479370117,6963700,0.0,0.0
2025-12-03 00:00:00-05:00,37.58000183105469,38.0099983215332,37.52000045776367,37.689998626708984,36.99122619628906,9200500,0.0,0.0
2025-12-04 00:00:00-05:00,37.7400016784668,38.0,37.560001373291016,37.709999084472656,37.01085662841797,5638500,0.0,0.0
2025-12-05 00:00:00-05:00,37.58000183105469,38.27000045776367,37.439998626708984,37.470001220703125,36.77530288696289,7670800,0.0,0.0
2025-12-08 00:00:00-05:00,37.65999984741211,38.18000030517578,37.130001068115234,37.56999969482422,36.873451232910156,8556200,0.0,0.0
2025-12-09 00:00:00-05:00,37.31999969482422,37.810001373291016,37.13999938964844,37.400001525878906,36.70660400390625,7091700,0.0,0.0
2025-12-10 00:00:00-05:00,37.400001525878906,38.47999954223633,37.06999969482422,38.40999984741211,37.6978759765625,8178700,0.0,0.0
2025-12-11 00:00:00-05:00,37.95000076293945,38.15999984741211,37.31999969482422,37.540000915527344,36.8440055847168,6407000,0.0,0.0
2025-12-12 00:00:00-05:00,38.13999938964844,38.290000915527344,37.45000076293945,37.52000045776367,36.82437515258789,7109100,0.0,0.0
2025-12-15 00:00:00-05:00,37.209999084472656,37.2599983215332,36.040000915527344,36.16999816894531,35.727943420410156,10818900,0.24,0.0
2025-12-16 00:00:00-05:00,35.720001220703125,35.849998474121094,34.90999984741211,35.09000015258789,34.66114044189453,10308300,0.0,0.0
2025-12-17 00:00:00-05:00,35.70000076293945,37.040000915527344,35.61000061035156,36.95000076293945,36.4984130859375,10536900,0.0,0.0
2025-12-18 00:00:00-05:00,36.9900016784668,37.0,35.709999084472656,35.720001220703125,35.283443450927734,8142400,0.0,0.0
2025-12-19 00:00:00-05:00,35.779998779296875,36.400001525878906,35.779998779296875,35.84000015258789,35.4019775390625,17503200,0.0,0.0
2025-12-22 00:00:00-05:00,36.36000061035156,36.880001068115234,36.2400016784668,36.43000030517578,35.984764099121094,5965700,0.0,0.0
2025-12-23 00:00:00-05:00,36.58000183105469,36.630001068115234,36.119998931884766,36.34000015258789,35.89586639404297,4609900,0.0,0.0
2025-12-24 00:00:00-05:00,36.209999084472656,36.36000061035156,36.02000045776367,36.20000076293945,35.75757598876953,2202900,0.0,0.0
2025-12-26 00:00:00-05:00,36.16999816894531,36.25,35.40999984741211,35.66999816894531,35.23405075073242,5248200,0.0,0.0
2025-12-29 00:00:00-05:00,36.029998779296875,36.45000076293945,35.95000076293945,36.18000030517578,35.73781967163086,5923600,0.0,0.0
2025-12-30 00:00:00-05:00,36.4900016784668,36.91999816894531,36.40999984741211,36.81999969482422,36.3699951171875,4940300,0.0,0.0
2025-12-31 00:00:00-05:00,36.86000061035156,36.939998626708984,36.459999084472656,36.630001068115234,36.18231964111328,3917600,0.0,0.0
2026-01-02 00:00:00-05:00,36.68000030517578,38.189998626708984,36.4900016784668,37.869998931884766,37.407161712646484,8717300,0.0,0.0
2026-01-05 00:00:00-05:00,37.790000915527344,38.08000183105469,35.45000076293945,36.54999923706055,36.10329818725586,11876600,0.0,0.0
2026-01-06 00:00:00-05:00,36.47999954223633,36.93000030517578,35.7599983215332,35.88999938964844,35.45136260986328,8595600,0.0,0.0
2026-01-07 00:00:00-05:00,35.84000015258789,35.900001525878906,34.22999954223633,34.470001220703125,34.04872131347656,13022000,0.0,0.0
2026-01-08 00:00:00-05:00,34.83000183105469,36.54999923706055,34.650001525878906,36.09000015258789,35.648921966552734,9846400,0.0,0.0
2026-01-09 00:00:00-05:00,36.189998626708984,36.400001525878906,35.65999984741211,35.7599983215332,35.32295227050781,5678200,0.0,0.0
2026-01-12 00:00:00-05:00,35.810001373291016,36.02000045776367,35.43000030517578,35.720001220703125,35.283443450927734,6689600,0.0,0.0
2026-01-13 00:00:00-05:00,36.18000030517578,37.27000045776367,36.18000030517578,36.84000015258789,36.38975143432617,9571300,0.0,0.0
2026-01-14 00:00:00-05:00,37.099998474121094,38.720001220703125,37.029998779296875,37.91999816894531,37.4565544128418,16721800,0.0,0.0
2026-01-15 00:00:00-05:00,37.2599983215332,38.2400016784668,35.970001220703125,36.31999969482422,35.8761100769043,22437000,0.0,0.0
2026-01-16 00:00:00-05:00,36.20000076293945,36.88999938964844,35.97999954223633,36.20000076293945,35.75757598876953,9210300,0.0,0.0
2026-01-20 00:00:00-05:00,36.41999816894531,37.08000183105469,36.13999938964844,36.290000915527344,35.84647750854492,9111700,0.0,0.0
2026-01-21 00:00:00-05:00,37.16999816894531,38.400001525878906,37.099998474121094,37.75,37.28863525390625,8628100,0.0,0.0
2026-01-22 00:00:00-05:00,37.709999084472656,37.9900016784668,36.95000076293945,37.97999954223633,37.51582336425781,8722300,0.0,0.0
2026-01-23 00:00:00-05:00,38.7400016784668,39.189998626708984,38.41999816894531,38.63999938964844,38.167755126953125,7445800,0.0,0.0
2026-01-26 00:00:00-05:00,39.27000045776367,39.380001068115234,38.11000061035156,38.630001068115234,38.15787887573242,6016000,0.0,0.0
2026-01-27 00:00:00-05:00,39.099998474121094,39.56999969482422,38.869998931884766,39.45000076293945,38.967857360839844,6940200,0.0,0.0
2026-01-28 00:00:00-05:00,39.56999969482422,39.9900016784668,39.16999816894531,39.83000183105469,39.34321594238281,8880600,0.0,0.0
2026-01-29 00:00:00-05:00,40.59000015258789,41.310001373291016,39.83000183105469,39.939998626708984,39.451866149902344,14530500,0.0,0.0
2026-01-30 00:00:00-05:00,39.61000061035156,40.380001068115234,39.130001068115234,40.209999084472656,39.71856689453125,11349000,0.0,0.0
2026-02-02 00:00:00-05:00,39.459999084472656,40.77000045776367,39.15999984741211,40.13999938964844,39.64942169189453,21885300,0.0,0.0
2026-02-03 00:00:00-05:00,40.2400016784668,41.540000915527344,39.5,41.11000061035156,40.607566833496094,24035000,0.0,0.0
2026-02-04 00:00:00-05:00,41.93000030517578,43.68000030517578,41.84000015258789,43.38999938964844,42.859703063964844,21828900,0.0,0.0
2026-02-05 00:00:00-05:00,42.81999969482422,43.400001525878906,41.959999084472656,43.16999816894531,42.64238739013672,12912700,0.0,0.0
2026-02-06 00:00:00-05:00,43.310001373291016,44.0,43.09000015258789,43.810001373291016,43.27457046508789,11221900,0.0,0.0
2026-02-09 00:00:00-05:00,43.65999984741211,44.02000045776367,43.369998931884766,43.47999954223633,42.94860076904297,7810800,0.0,0.0
2026-02-10 00:00:00-05:00,43.45000076293945,43.54999923706055,42.88999938964844,43.47999954223633,42.94860076904297,5965000,0.0,0.0
2026-02-11 00:00:00-05:00,44.0,45.02000045776367,43.939998626708984,44.959999084472656,44.4105110168457,9524000,0.0,0.0
2026-02-12 00:00:00-05:00,44.52000045776367,44.84000015258789,43.0,43.959999084472656,43.42273712158203,12134400,0.0,0.0
2026-02-13 00:00:00-05:00,43.56999969482422,44.900001525878906,43.56999969482422,44.65999984741211,44.11418151855469,7046200,0.0,0.0
2026-02-17 00:00:00-05:00,44.97999954223633,45.290000915527344,43.45000076293945,44.040000915527344,43.50175857543945,9195000,0.0,0.0
2026-02-18 00:00:00-05:00,44.5,45.31999969482422,43.54999923706055,44.439998626708984,43.89686965942383,14979200,0.0,0.0
2026-02-19 00:00:00-05:00,44.880001068115234,46.150001525878906,44.33000183105469,44.65999984741211,44.11418151855469,12672500,0.0,0.0
2026-02-20 00:00:00-05:00,44.34000015258789,44.709999084472656,43.849998474121094,44.38999938964844,43.847476959228516,14057600,0.0,0.0
2026-02-23 00:00:00-05:00,44.400001525878906,44.959999084472656,43.540000915527344,43.66999816894531,43.13627624511719,8751100,0.0,0.0
2026-02-24 00:00:00-05:00,43.83000183105469,43.84000015258789,42.720001220703125,43.279998779296875,42.75104522705078,9065300,0.0,0.0
2026-02-25 00:00:00-05:00,43.45000076293945,43.5,42.22999954223633,42.619998931884766,42.0991096496582,6757700,0.0,0.0
2026-02-26 00:00:00-05:00,42.150001525878906,43.31999969482422,41.7400016784668,42.65999984741211,42.13862228393555,8897200,0.0,0.0
2026-02-27 00:00:00-05:00,43.310001373291016,43.790000915527344,42.70000076293945,43.529998779296875,42.997989654541016,9521400,0.0,0.0
2026-03-02 00:00:00-05:00,45.560001373291016,45.560001373291016,43.81999969482422,44.95000076293945,44.400638580322266,16801900,0.0,0.0
2026-03-03 00:00:00-05:00,45.25,45.470001220703125,43.619998931884766,44.0,43.462249755859375,16514700,0.0,0.0
2026-03-04 00:00:00-05:00,43.529998779296875,43.97999954223633,42.70000076293945,43.4900016784668,42.9584846496582,10755800,0.0,0.0
2026-03-05 00:00:00-05:00,44.15999984741211,44.880001068115234,44.02000045776367,44.52000045776367,43.975894927978516,18760100,0.0,0.0
2026-03-06 00:00:00-05:00,44.93000030517578,45.470001220703125,44.189998626708984,44.47999954223633,43.93638229370117,13017300,0.0,0.0
2026-03-09 00:00:00-04:00,45.20000076293945,46.0,44.18000030517578,44.81999969482422,44.27222442626953,25647000,0.0,0.0
2026-03-10 00:00:00-04:00,44.47999954223633,44.93000030517578,43.43000030517578,43.70000076293945,43.165916442871094,16009200,0.0,0.0
2026-03-11 00:00:00-04:00,44.029998779296875,45.41999816894531,43.720001220703125,45.36000061035156,44.805625915527344,14039800,0.0,0.0
2026-03-12 00:00:00-04:00,45.70000076293945,46.40999984741211,45.2599983215332,46.189998626708984,45.62548065185547,24014100,0.0,0.0
2026-03-13 00:00:00-04:00,45.52000045776367,46.40999984741211,45.40999984741211,46.25,45.923362731933594,11978000,0.24,0.0
2026-03-16 00:00:00-04:00,46.0,46.90999984741211,45.56999969482422,46.650001525878906,46.32053756713867,19839700,0.0,0.0
2026-03-17 00:00:00-04:00,47.150001525878906,47.5,46.7599983215332,47.41999816894531,47.08509826660156,18441700,0.0,0.0
2026-03-18 00:00:00-04:00,47.40999984741211,48.16999816894531,47.08000183105469,48.15999984741211,47.81987380981445,21007900,0.0,0.0
2026-03-19 00:00:00-04:00,48.380001068115234,49.83000183105469,48.279998779296875,48.790000915527344,48.4454231262207,28297100,0.0,0.0
2026-03-20 00:00:00-04:00,48.720001220703125,49.66999816894531,48.41999816894531,48.65999984741211,48.316341400146484,56064600,0.0,0.0
2026-03-23 00:00:00-04:00,47.5,49.0099983215332,46.79999923706055,48.4900016784668,48.147544860839844,17112600,0.0,0.0
2026-03-24 00:00:00-04:00,48.970001220703125,50.709999084472656,48.959999084472656,50.27000045776367,49.91497039794922,20009800,0.0,0.0
2026-03-25 00:00:00-04:00,49.91999816894531,50.58000183105469,49.630001068115234,50.40999984741211,50.05398178100586,10384400,0.0,0.0
2026-03-26 00:00:00-04:00,50.869998931884766,51.849998474121094,50.68000030517578,51.349998474121094,50.987342834472656,13772400,0.0,0.0
2026-03-27 00:00:00-04:00,51.630001068115234,52.459999084472656,51.34000015258789,52.06999969482422,51.7022590637207,14984200,0.0,0.0
2026-03-30 00:00:00-04:00,52.09000015258789,52.709999084472656,51.34000015258789,51.52000045776367,51.15614318847656,12248100,0.0,0.0
2026-03-31 00:00:00-04:00,51.689998626708984,52.310001373291016,48.939998626708984,50.31999969482422,49.96461868286133,21718100,0.0,0.0
2026-04-01 00:00:00-04:00,49.099998474121094,49.81999969482422,47.63999938964844,48.59000015258789,48.2468376159668,18746100,0.0,0.0
2026-04-02 00:00:00-04:00,50.29999923706055,50.68000030517578,48.59000015258789,49.4900016784668,49.140480041503906,13939700,0.0,0.0
2026-04-06 00:00:00-04:00,49.599998474121094,49.880001068115234,49.15999984741211,49.650001525878906,49.29935073852539,9362200,0.0,0.0
2026-04-07 00:00:00-04:00,49.959999084472656,50.790000915527344,49.599998474121094,49.95000076293945,49.597232818603516,12451000,0.0,0.0
2026-04-08 00:00:00-04:00,46.27000045776367,48.099998474121094,45.099998474121094,47.90999984741211,47.57164001464844,18025000,0.0,0.0
2026-04-09 00:00:00-04:00,48.150001525878906,49.11000061035156,47.599998474121094,47.880001068115234,47.54185104370117,13745500,0.0,0.0
2026-04-10 00:00:00-04:00,47.630001068115234,48.08000183105469,46.97999954223633,47.790000915527344,47.45248794555664,10332200,0.0,0.0
2026-04-13 00:00:00-04:00,48.33000183105469,48.63999938964844,46.81999969482422,47.27000045776367,46.936161041259766,10285700,0.0,0.0
2026-04-14 00:00:00-04:00,46.630001068115234,46.849998474121094,44.91999816894531,45.25,44.930423736572266,12501400,0.0,0.0
2026-04-15 00:00:00-04:00,45.04999923706055,45.689998626708984,44.72999954223633,45.22999954223633,44.91056442260742,7743700,0.0,0.0
2026-04-16 00:00:00-04:00,45.25,46.310001373291016,45.189998626708984,45.779998779296875,45.45668029785156,7604000,0.0,0.0
2026-04-17 00:00:00-04:00,43.34000015258789,44.27000045776367,41.91999816894531,44.22999954223633,43.91762924194336,22821000,0.0,0.0
2026-04-20 00:00:00-04:00,44.810001373291016,45.279998779296875,44.380001068115234,44.939998626708984,44.62261199951172,10121300,0.0,0.0
2026-04-21 00:00:00-04:00,44.939998626708984,45.72999954223633,44.5099983215332,45.599998474121094,45.277950286865234,11074100,0.0,0.0
2026-04-22 00:00:00-04:00,46.0,47.31999969482422,45.970001220703125,47.119998931884766,46.78721618652344,12758100,0.0,0.0
2026-04-23 00:00:00-04:00,47.56999969482422,48.5,47.36000061035156,48.150001525878906,47.80994415283203,11194700,0.0,0.0
2026-04-24 00:00:00-04:00,47.93000030517578,48.150001525878906,47.459999084472656,47.939998626708984,47.60142517089844,10877000,0.0,0.0
2026-04-27 00:00:00-04:00,48.29999923706055,48.9900016784668,47.81999969482422,48.20000076293945,47.85959243774414,8762600,0.0,0.0
2026-04-28 00:00:00-04:00,49.13999938964844,49.77000045776367,48.77000045776367,49.47999954223633,49.130550384521484,13961900,0.0,0.0
2026-04-29 00:00:00-04:00,50.08000183105469,51.29999923706055,49.88999938964844,51.08000183105469,50.71925354003906,17092800,0.0,0.0
2026-04-30 00:00:00-04:00,50.11000061035156,51.45000076293945,49.68000030517578,51.369998931884766,51.0072021484375,9691700,0.0,0.0
2026-05-01 00:00:00-04:00,51.18000030517578,51.18000030517578,49.59000015258789,50.560001373291016,50.20292282104492,9504600,0.0,0.0
2026-05-04 00:00:00-04:00,50.93000030517578,51.689998626708984,50.369998931884766,51.2599983215332,50.897979736328125,11095700,0.0,0.0
2026-05-05 00:00:00-04:00,51.2400016784668,51.95000076293945,50.66999816894531,50.9900016784668,50.629886627197266,14916600,0.0,0.0
2026-05-06 00:00:00-04:00,47.5,48.7400016784668,46.45000076293945,46.599998474121094,46.27088928222656,41051300,0.0,0.0
2026-05-07 00:00:00-04:00,45.66999816894531,45.86000061035156,44.20000076293945,45.310001373291016,44.9900016784668,26624600,0.0,0.0
2026-05-08 00:00:00-04:00,46.0,46.369998931884766,45.18000030517578,45.61000061035156,45.28788375854492,15147800,0.0,0.0
2026-05-11 00:00:00-04:00,46.40999984741211,46.9900016784668,46.20000076293945,46.72999954223633,46.39997100830078,16317300,0.0,0.0
2026-05-12 00:00:00-04:00,46.790000915527344,47.25,46.380001068115234,46.77000045776367,46.43968963623047,14734200,0.0,0.0
2026-05-13 00:00:00-04:00,46.599998474121094,47.029998779296875,45.9900016784668,46.900001525878906,46.56877517700195,14414400,0.0,0.0
2026-05-14 00:00:00-04:00,46.439998626708984,47.40999984741211,46.380001068115234,47.2400016784668,46.9063720703125,10112900,0.0,0.0
2026-05-15 00:00:00-04:00,47.880001068115234,49.560001373291016,47.7400016784668,49.4900016784668,49.140480041503906,16485700,0.0,0.0
2026-05-18 00:00:00-04:00,49.0099983215332,50.13999938964844,48.31999969482422,49.68000030517578,49.329139709472656,15396100,0.0,0.0
2026-05-19 00:00:00-04:00,50.130001068115234,50.369998931884766,49.060001373291016,49.689998626708984,49.33906555175781,12242200,0.0,0.0
2026-05-20 00:00:00-04:00,49.349998474121094,50.279998779296875,48.36000061035156,48.459999084472656,48.11775207519531,12715900,0.0,0.0
2026-05-21 00:00:00-04:00,48.970001220703125,49.130001068115234,46.70000076293945,47.11000061035156,46.77729034423828,17921200,0.0,0.0
2026-05-22 00:00:00-04:00,47.040000915527344,47.61000061035156,46.79999923706055,47.220001220703125,46.886512756347656,9119200,0.0,0.0
2026-05-26 00:00:00-04:00,46.88999938964844,47.20000076293945,45.119998931884766,45.13999938964844,44.82120132446289,13228200,0.0,0.0
2026-05-27 00:00:00-04:00,44.47999954223633,44.869998931884766,43.86000061035156,44.27000045776367,43.95734786987305,12942900,0.0,0.0
2026-05-28 00:00:00-04:00,44.7599983215332,44.790000915527344,43.86000061035156,44.11000061035156,43.79847717285156,10257900,0.0,0.0
2026-05-29 00:00:00-04:00,44.060001373291016,44.720001220703125,43.630001068115234,44.4900016784668,44.1757926940918,21801400,0.0,0.0
2026-06-01 00:00:00-04:00,45.599998474121094,47.08000183105469,45.47999954223633,46.310001373291016,45.982940673828125,18765000,0.0,0.0
2026-06-02 00:00:00-04:00,46.04999923706055,46.86000061035156,45.75,46.220001220703125,45.89357376098633,11827800,0.0,0.0
2026-06-03 00:00:00-04:00,46.33000183105469,46.93000030517578,45.95000076293945,46.18000030517578,45.853858947753906,11288600,0.0,0.0
2026-06-04 00:00:00-04:00,45.61000061035156,46.209999084472656,45.349998474121094,45.9900016784668,45.665199279785156,13107400,0.0,0.0
2026-06-05 00:00:00-04:00,45.86000061035156,46.119998931884766,44.2400016784668,44.279998779296875,43.9672737121582,11095800,0.0,0.0
2026-06-08 00:00:00-04:00,44.9900016784668,45.40999984741211,44.779998779296875,45.08000183105469,44.761627197265625,12378800,0.0,0.0
2026-06-09 00:00:00-04:00,44.77000045776367,44.810001373291016,43.20000076293945,44.06999969482422,43.758758544921875,16458400,0.0,0.0
2026-06-10 00:00:00-04:00,44.95000076293945,47.18000030517578,44.939998626708984,46.599998474121094,46.27088928222656,20352100,0.0,0.0
2026-06-11 00:00:00-04:00,47.11000061035156,47.25,44.58000183105469,44.61000061035156,44.294944763183594,15188900,0.0,0.0
2026-06-12 00:00:00-04:00,44.18000030517578,45.540000915527344,44.0099983215332,45.310001373291016,44.9900016784668,14816500,0.0,0.0
2026-06-15 00:00:00-04:00,42.959999084472656,44.630001068115234,42.810001373291016,43.529998779296875,43.529998779296875,17051200,0.32,0.0
2026-06-16 00:00:00-04:00,42.7599983215332,43.189998626708984,42.5,42.88999938964844,42.88999938964844,12629900,0.0,0.0
2026-06-17 00:00:00-04:00,42.88999938964844,43.70000076293945,42.349998474121094,42.58000183105469,42.58000183105469,18710200,0.0,0.0
2026-06-18 00:00:00-04:00,42.150001525878906,42.31999969482422,41.52000045776367,42.119998931884766,42.119998931884766,37586400,0.0,0.0
2026-06-22 00:00:00-04:00,42.36000061035156,43.150001525878906,41.90999984741211,43.04999923706055,43.04999923706055,15174600,0.0,0.0
2026-06-23 00:00:00-04:00,42.9900016784668,43.54999923706055,42.849998474121094,43.38999938964844,43.38999938964844,10131100,0.0,0.0
2026-06-24 00:00:00-04:00,42.20000076293945,42.77000045776367,41.810001373291016,42.7400016784668,42.7400016784668,13735500,0.0,0.0
2026-06-25 00:00:00-04:00,42.27000045776367,43.650001525878906,42.15999984741211,42.599998474121094,42.599998474121094,12695400,0.0,0.0
2026-06-26 00:00:00-04:00,42.58000183105469,42.93000030517578,41.84000015258789,42.209999084472656,42.209999084472656,14975800,0.0,0.0
2026-06-29 00:00:00-04:00,42.18000030517578,42.880001068115234,41.939998626708984,41.9900016784668,41.9900016784668,9788400,0.0,0.0
2026-06-30 00:00:00-04:00,41.880001068115234,42.41999816894531,41.27000045776367,41.31999969482422,41.31999969482422,19570200,0.0,0.0
2026-07-01 00:00:00-04:00,41.06999969482422,41.779998779296875,40.15999984741211,40.25,40.25,11792600,0.0,0.0
2026-07-02 00:00:00-04:00,40.75,40.880001068115234,40.0,40.470001220703125,40.470001220703125,15456800,0.0,0.0
2026-07-06 00:00:00-04:00,40.150001525878906,40.709999084472656,40.04999923706055,40.36000061035156,40.36000061035156,18700800,0.0,0.0
2026-07-07 00:00:00-04:00,40.779998779296875,42.7599983215332,40.75,42.40999984741211,42.40999984741211,16695600,0.0,0.0
2026-07-08 00:00:00-04:00,43.25,43.59000015258789,42.2599983215332,43.310001373291016,43.310001373291016,17606300,0.0,0.0
2026-07-09 00:00:00-04:00,42.54999923706055,43.22999954223633,41.84000015258789,42.02000045776367,42.02000045776367,8585500,0.0,0.0
2026-07-10 00:00:00-04:00,42.22999954223633,42.5099983215332,41.810001373291016,42.22999954223633,42.22999954223633,6862100,0.0,0.0
2026-07-13 00:00:00-04:00,43.119998931884766,44.0099983215332,43.02000045776367,43.72999954223633,43.72999954223633,9996700,0.0,0.0
2026-07-14 00:00:00-04:00,43.79999923706055,44.16999816894531,42.720001220703125,43.400001525878906,43.400001525878906,8817700,0.0,0.0
2026-07-15 00:00:00-04:00,43.400001525878906,43.58000183105469,42.20000076293945,42.93000030517578,42.93000030517578,8595500,0.0,0.0
2026-07-16 00:00:00-04:00,43.130001068115234,43.650001525878906,42.91999816894531,43.029998779296875,43.029998779296875,12061500,0.0,0.0
2026-07-17 00:00:00-04:00,43.84000015258789,44.220001220703125,43.209999084472656,43.83000183105469,43.83000183105469,10067000,0.0,0.0
2026-07-20 00:00:00-04:00,43.349998474121094,44.310001373291016,43.220001220703125,43.779998779296875,43.779998779296875,9740400,0.0,0.0
2026-07-21 00:00:00-04:00,44.15999984741211,44.290000915527344,43.72999954223633,44.099998474121094,44.099998474121094,8398600,0.0,0.0
2026-07-22 00:00:00-04:00,44.709999084472656,45.25,44.65999984741211,44.880001068115234,44.880001068115234,7650600,0.0,0.0
2026-07-23 00:00:00-04:00,45.86000061035156,46.209999084472656,45.130001068115234,45.290000915527344,45.290000915527344,11955400,0.0,0.0
2026-07-24 00:00:00-04:00,45.220001220703125,45.7400016784668,44.86000061035156,45.040000915527344,45.040000915527344,10920000,0.0,0.0
2026-07-27 00:00:00-04:00,43.84000015258789,44.40999984741211,43.04999923706055,43.15999984741211,43.15999984741211,10159400,0.0,0.0
2026-07-28 00:00:00-04:00,43.220001220703125,43.66999816894531,42.40999984741211,42.65999984741211,42.65999984741211,12510900,0.0,0.0
2026-07-29 00:00:00-04:00,44.029998779296875,44.599998474121094,43.66999816894531,44.459999084472656,44.459999084472656,7891700,0.0,0.0
2026-07-30 00:00:00-04:00,43.630001068115234,44.31999969482422,43.33000183105469,44.16999816894531,44.16999816894531,11186800,0.0,0.0
2026-07-31 00:00:00-04:00,44.61000061035156,45.150001525878906,43.97999954223633,45.130001068115234,45.130001068115234,7902400,0.0,0.0
2026-08-03 00:00:00-04:00,44.099998474121094,44.68000030517578,43.77000045776367,44.56999969482422,44.56999969482422,8660000,0.0,0.0
2026-08-04 00:00:00-04:00,43.65999984741211,44.15999984741211,43.20000076293945,44.04999923706055,44.04999923706055,9813400,0.0,0.0
2026-08-05 00:00:00-04:00,43.77000045776367,43.869998931884766,42.040000915527344,42.09000015258789,42.09000015258789,15323100,0.0,0.0
2026-08-06 00:00:00-04:00,42.95000076293945,43.45000076293945,42.689998626708984,43.11000061035156,43.11000061035156,10972500,0.0,0.0
2026-08-07 00:00:00-04:00,42.59000015258789,43.560001373291016,42.41999816894531,42.97999954223633,42.97999954223633,11843000,0.0,0.0
2026-08-10 00:00:00-04:00,43.779998779296875,45.43000030517578,43.66999816894531,45.36000061035156,45.36000061035156,12870500,0.0,0.0
2026-08-11 00:00:00-04:00,45.209999084472656,45.720001220703125,45.040000915527344,45.400001525878906,45.400001525878906,7414700,0.0,0.0
2026-08-12 00:00:00-04:00,44.65999984741211,45.369998931884766,44.65999984741211,44.86000061035156,44.86000061035156,8309500,0.0,0.0
2026-08-13 00:00:00-04:00,44.25,44.529998779296875,43.650001525878906,44.38999938964844,44.38999938964844,9046300,0.0,0.0
2026-08-14 00:00:00-04:00,44.79999923706055,45.939998626708984,44.70000076293945,45.849998474121094,45.849998474121094,8917300,0.0,0.0
