Date,Open,High,Low,Close,Adj Close,Volume,Dividends,Stock Splits
2016-07-05 00:00:00-04:00,31.152156829833984,34.267372131347656,30.51839256286621,30.647668838500977,29.398868560791016,9880426,0.0,0.0
2016-07-06 00:00:00-04:00,29.68283462524414,30.647668838500977,29.19095802307129,30.111650466918945,28.884695053100586,10634933,0.0,0.0
2016-07-07 00:00:00-04:00,30.02967071533203,30.269302368164062,29.856252670288086,30.105342864990234,28.878639221191406,8700775,0.0,0.0
2016-07-08 00:00:00-04:00,30.244077682495117,31.91519546508789,29.972915649414062,31.656644821166992,30.366735458374023,6729194,0.0,0.0
2016-07-11 00:00:00-04:00,31.03234100341797,32.306175231933594,30.887300491333008,32.23680877685547,30.923263549804688,9581668,0.0,0.0
2016-07-12 00:00:00-04:00,32.1611328125,32.198970794677734,31.694482803344727,31.889970779418945,30.590553283691406,8805594,0.0,0.0
2016-07-13 00:00:00-04:00,31.889970779418945,32.22419357299805,31.42331886291504,31.92150115966797,30.62079429626465,7714271,0.0,0.0
2016-07-14 00:00:00-04:00,31.738624572753906,32.627784729003906,31.498992919921875,32.52058029174805,31.195453643798828,5520999,0.0,0.0
2016-07-15 00:00:00-04:00,32.653011322021484,32.734989166259766,31.91519546508789,32.306175231933594,30.98979949951172,5851156,0.0,0.0
2016-07-18 00:00:00-04:00,32.01609420776367,32.52688980102539,31.852134704589844,32.34400939941406,31.026090621948242,2469829,0.0,0.0
2016-07-19 00:00:00-04:00,32.18635940551758,32.51427459716797,31.807992935180664,32.50796890258789,31.183364868164062,3099695,0.0,0.0
2016-07-20 00:00:00-04:00,32.69084548950195,32.741294860839844,31.536828994750977,31.744930267333984,30.4514217376709,5315009,0.0,0.0
2016-07-21 00:00:00-04:00,31.782766342163086,31.92150115966797,31.52421760559082,31.681869506835938,30.39093017578125,4804709,0.0,0.0
2016-07-22 00:00:00-04:00,31.5305233001709,31.71339988708496,31.08279037475586,31.152156829833984,29.882801055908203,3886076,0.0,0.0
2016-07-25 00:00:00-04:00,31.038646697998047,31.183687210083008,30.18101692199707,30.887300491333008,29.628732681274414,4828337,0.0,0.0
2016-07-26 00:00:00-04:00,30.62244415283203,31.16476821899414,30.445873260498047,31.07648468017578,29.810209274291992,2491871,0.0,0.0
2016-07-27 00:00:00-04:00,30.950361251831055,31.21521759033203,30.72018814086914,30.849464416503906,29.59244155883789,2582577,0.0,0.0
2016-07-28 00:00:00-04:00,30.73595428466797,30.956668853759766,30.486862182617188,30.67919921875,29.429113388061523,4635350,0.0,0.0
2016-07-29 00:00:00-04:00,30.559383392333984,30.77379035949707,30.27560806274414,30.401729583740234,29.162954330444336,7110729,0.0,0.0
2016-08-01 00:00:00-04:00,30.338668823242188,30.590913772583008,30.010751724243164,30.14318084716797,28.91494369506836,4727165,0.0,0.0
2016-08-02 00:00:00-04:00,29.953996658325195,30.28191375732422,29.752201080322266,29.953996658325195,28.73346519470215,5181170,0.0,0.0
2016-08-03 00:00:00-04:00,29.953996658325195,31.202606201171875,29.859405517578125,31.07648468017578,29.810209274291992,7468795,0.0,0.0
2016-08-04 00:00:00-04:00,31.27197265625,31.599889755249023,31.202606201171875,31.549440383911133,30.263891220092773,4831509,0.0,0.0
2016-08-05 00:00:00-04:00,31.694482803344727,32.148521423339844,31.694482803344727,31.896276473999023,30.59660530090332,4227491,0.0,0.0
2016-08-08 00:00:00-04:00,31.92780876159668,32.07915496826172,31.492685317993164,31.562053680419922,30.275997161865234,3356272,0.0,0.0
2016-08-09 00:00:00-04:00,30.72964859008789,31.86474609375,30.534788131713867,31.82060432434082,30.524011611938477,1709296,0.0,0.0
2016-08-10 00:00:00-04:00,31.8269100189209,32.035011291503906,31.593584060668945,31.814298629760742,30.517963409423828,1875009,0.0,0.0
2016-08-11 00:00:00-04:00,31.990869522094727,33.23947525024414,31.97195053100586,33.138580322265625,31.788270950317383,3159954,0.0,0.0
2016-08-12 00:00:00-04:00,32.791744232177734,33.34037399291992,32.66562271118164,33.23947525024414,31.88507080078125,2042148,0.0,0.0
2016-08-15 00:00:00-04:00,33.39082336425781,33.90792465209961,33.334068298339844,33.838558197021484,32.45974349975586,2311887,0.0,0.0
2016-08-16 00:00:00-04:00,33.788108825683594,34.02143478393555,33.592620849609375,33.76919174194336,32.39319610595703,1589412,0.0,0.0
2016-08-17 00:00:00-04:00,33.84486389160156,33.8827018737793,33.63676071166992,33.680904388427734,32.30852127075195,1636668,0.0,0.0
2016-08-18 00:00:00-04:00,33.56108856201172,33.75027084350586,33.378211975097656,33.523250579833984,32.15727996826172,1387069,0.0,0.0
2016-08-19 00:00:00-04:00,33.39082336425781,33.39082336425781,32.60886764526367,32.741294860839844,31.407182693481445,1896734,0.0,0.0
2016-08-22 00:00:00-04:00,32.741294860839844,32.81696701049805,32.21158218383789,32.32509231567383,31.0079402923584,1715322,0.0,0.0
2016-08-23 00:00:00-04:00,32.388153076171875,32.85480499267578,32.249420166015625,32.72868347167969,31.395095825195312,3985979,0.0,0.0
2016-08-24 00:00:00-04:00,32.32509231567383,32.653011322021484,31.91141128540039,32.39445877075195,31.116443634033203,1098618,0.044143,0.0
2016-08-25 00:00:00-04:00,32.27464294433594,32.72237777709961,32.148521423339844,32.5521125793457,31.267879486083984,2196126,0.0,0.0
2016-08-26 00:00:00-04:00,32.56472396850586,33.00615310668945,32.495357513427734,32.70976638793945,31.419315338134766,1486813,0.0,0.0
2016-08-29 00:00:00-04:00,32.653011322021484,33.28992462158203,32.51427459716797,33.05029296875,31.746416091918945,1656807,0.0,0.0
2016-08-30 00:00:00-04:00,32.91156005859375,33.71874237060547,32.91156005859375,33.176414489746094,31.867555618286133,1509807,0.0,0.0
2016-08-31 00:00:00-04:00,33.088130950927734,33.30884552001953,32.791744232177734,33.21425247192383,31.90390396118164,2622221,0.0,0.0
2016-09-01 00:00:00-04:00,33.39712905883789,33.491722106933594,32.88003158569336,33.189029693603516,31.879676818847656,1521383,0.0,0.0
2016-09-02 00:00:00-04:00,33.434967041015625,33.71874237060547,33.30253982543945,33.6619873046875,32.33397674560547,1333311,0.0,0.0
2016-09-06 00:00:00-04:00,33.7376594543457,33.76919174194336,32.9746208190918,33.25209045410156,31.940244674682617,2051663,0.0,0.0
2016-09-07 00:00:00-04:00,33.06290817260742,33.49802780151367,32.80435562133789,33.384517669677734,32.06745910644531,2764306,0.0,0.0
2016-09-08 00:00:00-04:00,33.220558166503906,33.39712905883789,32.96200942993164,32.999847412109375,31.697965621948242,1740853,0.0,0.0
2016-09-09 00:00:00-04:00,32.646705627441406,32.79804992675781,31.87735939025879,31.87735939025879,30.619752883911133,3442220,0.0,0.0
2016-09-12 00:00:00-04:00,31.543134689331055,32.438602447509766,31.442237854003906,32.29356384277344,31.019535064697266,2953329,0.0,0.0
2016-09-13 00:00:00-04:00,32.07284927368164,32.41337966918945,31.51160430908203,31.555747985839844,30.310829162597656,2548483,0.0,0.0
2016-09-14 00:00:00-04:00,31.562053680419922,31.845827102661133,31.303503036499023,31.543134689331055,30.298715591430664,1827277,0.0,0.0
2016-09-15 00:00:00-04:00,31.517911911010742,31.908889770507812,31.21521759033203,31.839521408081055,30.583410263061523,2236087,0.0,0.0
2016-09-16 00:00:00-04:00,31.599889755249023,31.776460647583008,31.16476821899414,31.694482803344727,30.444091796875,3729561,0.0,0.0
2016-09-19 00:00:00-04:00,31.789073944091797,32.41653060913086,31.77015495300293,32.02239990234375,30.759077072143555,1546597,0.0,0.0
2016-09-20 00:00:00-04:00,32.02239990234375,32.21158218383789,31.66295051574707,31.688175201416016,30.43802833557129,1697403,0.0,0.0
2016-09-21 00:00:00-04:00,31.8269100189209,32.16743850708008,31.66925621032715,32.148521423339844,30.88022232055664,1349169,0.0,0.0
2016-09-22 00:00:00-04:00,32.3818473815918,32.785438537597656,32.34400939941406,32.56472396850586,31.280006408691406,2615244,0.0,0.0
2016-09-23 00:00:00-04:00,32.35031509399414,32.52688980102539,31.940420150756836,32.0854606628418,30.81964683532715,1280030,0.0,0.0
2016-09-26 00:00:00-04:00,31.946725845336914,32.47013473510742,31.71970558166504,32.299869537353516,31.025585174560547,1690901,0.0,0.0
2016-09-27 00:00:00-04:00,32.22419357299805,32.653011322021484,32.192665100097656,32.545806884765625,31.261821746826172,1897209,0.0,0.0
2016-09-28 00:00:00-04:00,32.627784729003906,32.646705627441406,32.3818473815918,32.61517333984375,31.328454971313477,1436227,0.0,0.0
2016-09-29 00:00:00-04:00,32.21788787841797,32.545806884765625,31.92780876159668,31.97195053100586,30.710613250732422,2312204,0.0,0.0
2016-09-30 00:00:00-04:00,32.23680877685547,32.331398010253906,31.707094192504883,32.09807205200195,30.831754684448242,3096048,0.0,0.0
2016-10-03 00:00:00-04:00,31.91519546508789,32.577335357666016,31.91519546508789,32.40707015991211,31.128564834594727,2157750,0.0,0.0
2016-10-04 00:00:00-04:00,32.32509231567383,32.444908142089844,31.883665084838867,32.041316986083984,30.777244567871094,1923216,0.0,0.0
2016-10-05 00:00:00-04:00,32.173744201660156,32.347164154052734,31.908889770507812,32.12329864501953,30.85599136352539,1402609,0.0,0.0
2016-10-06 00:00:00-04:00,32.05392837524414,32.142215728759766,31.845827102661133,31.97195053100586,30.710613250732422,1211524,0.0,0.0
2016-10-07 00:00:00-04:00,31.845827102661133,32.041316986083984,31.448543548583984,31.486379623413086,30.24420166015625,1673934,0.0,0.0
2016-10-10 00:00:00-04:00,31.67556381225586,31.732318878173828,31.46746253967285,31.498992919921875,30.256315231323242,1619383,0.0,0.0
2016-10-11 00:00:00-04:00,31.480073928833008,31.631420135498047,30.912525177001953,31.038646697998047,29.81412696838379,2223084,0.0,0.0
2016-10-12 00:00:00-04:00,31.152156829833984,31.152156829833984,30.67919921875,30.893606185913086,29.6748104095459,2568939,0.0,0.0
2016-10-13 00:00:00-04:00,30.666587829589844,31.32872772216797,30.269302368164062,30.78640365600586,29.571842193603516,1918141,0.0,0.0
2016-10-14 00:00:00-04:00,30.944055557250977,31.489532470703125,30.78009605407715,31.189992904663086,29.959505081176758,1383263,0.0,0.0
2016-10-17 00:00:00-04:00,31.253055572509766,31.27197265625,30.843158721923828,30.9377498626709,29.717206954956055,1770507,0.0,0.0
2016-10-18 00:00:00-04:00,31.3098087310791,31.732318878173828,30.899913787841797,30.956668853759766,29.73538589477539,1827753,0.0,0.0
2016-10-19 00:00:00-04:00,31.07017707824707,31.401878356933594,30.559383392333984,31.145851135253906,29.91710090637207,1205023,0.0,0.0
2016-10-20 00:00:00-04:00,30.988197326660156,31.013423919677734,30.546770095825195,30.710729598999023,29.499147415161133,2250676,0.0,0.0
2016-10-21 00:00:00-04:00,30.408035278320312,30.83054542541504,30.351282119750977,30.691810607910156,29.48097801208496,2706901,0.0,0.0
2016-10-24 00:00:00-04:00,30.81793212890625,31.063871383666992,30.496322631835938,30.616138458251953,29.408287048339844,2013287,0.0,0.0
2016-10-25 00:00:00-04:00,30.584606170654297,30.584606170654297,30.18101692199707,30.218852996826172,29.02667999267578,2028828,0.0,0.0
2016-10-26 00:00:00-04:00,30.14318084716797,30.344974517822266,29.97922134399414,30.1242618560791,28.93581771850586,2497104,0.0,0.0
2016-10-27 00:00:00-04:00,30.07381248474121,30.07381248474121,29.518875122070312,29.947690963745117,28.766212463378906,4985962,0.0,0.0
2016-10-28 00:00:00-04:00,31.67556381225586,32.596256256103516,31.360258102416992,31.66295051574707,30.413803100585938,6309442,0.0,0.0
2016-10-31 00:00:00-04:00,31.66295051574707,32.3818473815918,31.555747985839844,32.192665100097656,30.922618865966797,2476489,0.0,0.0
2016-11-01 00:00:00-04:00,32.12329864501953,32.173744201660156,31.52421760559082,31.839521408081055,30.583410263061523,2816001,0.0,0.0
2016-11-02 00:00:00-04:00,31.814298629760742,32.2557258605957,31.707094192504883,31.732318878173828,30.48043441772461,1374224,0.0,0.0
2016-11-03 00:00:00-04:00,31.71339988708496,32.287254333496094,31.52421760559082,32.148521423339844,30.88022232055664,1816811,0.0,0.0
2016-11-04 00:00:00-04:00,32.173744201660156,32.577335357666016,31.87105369567871,32.230499267578125,30.95895767211914,2486797,0.0,0.0
2016-11-07 00:00:00-05:00,32.52058029174805,32.83588790893555,32.183204650878906,32.65931701660156,31.370849609375,2242113,0.0,0.0
2016-11-08 00:00:00-05:00,32.71607208251953,33.29623031616211,32.39445877075195,33.20164108276367,31.89177894592285,1848843,0.0,0.0
2016-11-09 00:00:00-05:00,32.785438537597656,34.00882339477539,32.731204986572266,33.71243667602539,32.38243865966797,2654412,0.0,0.0
2016-11-10 00:00:00-05:00,34.02143478393555,34.89798355102539,33.86063003540039,34.1790885925293,32.83066940307617,2848351,0.0,0.0
2016-11-11 00:00:00-05:00,34.109718322753906,34.519615173339844,33.59892654418945,33.674598693847656,32.34608459472656,2269864,0.0,0.0
2016-11-14 00:00:00-05:00,33.838558197021484,34.09080123901367,33.731353759765625,33.939453125,32.60049819946289,4171196,0.0,0.0
2016-11-15 00:00:00-05:00,34.01512908935547,34.33673858642578,33.85747528076172,34.128639221191406,32.782222747802734,2701192,0.0,0.0
2016-11-16 00:00:00-05:00,33.920536041259766,34.33989334106445,33.870086669921875,34.3304328918457,32.976051330566406,2431771,0.0,0.0
2016-11-17 00:00:00-05:00,34.292598724365234,34.46916961669922,34.00251770019531,34.36827087402344,33.01239776611328,1478567,0.0,0.0
2016-11-18 00:00:00-05:00,34.35565948486328,34.52592468261719,34.109718322753906,34.45024871826172,33.09113311767578,1926546,0.0,0.0
2016-11-21 00:00:00-05:00,34.21061706542969,34.78447341918945,34.05296325683594,34.57637023925781,33.212284088134766,2206275,0.0,0.0
2016-11-22 00:00:00-05:00,34.519615173339844,35.16914367675781,34.40610885620117,34.916900634765625,33.58226013183594,2114142,0.044143,0.0
2016-11-23 00:00:00-05:00,35.0682487487793,35.270042419433594,34.85383987426758,35.18806457519531,33.84305191040039,1562137,0.0,0.0
2016-11-25 00:00:00-05:00,35.3646354675293,35.408775329589844,34.967350006103516,35.29526901245117,33.946170806884766,775915,0.0,0.0
2016-11-28 00:00:00-05:00,35.3646354675293,35.46553039550781,34.885372161865234,35.05563735961914,33.715694427490234,1671555,0.0,0.0
2016-11-29 00:00:00-05:00,34.91059494018555,35.30157470703125,34.81600570678711,34.860145568847656,33.52766799926758,1709455,0.0,0.0
2016-11-30 00:00:00-05:00,35.09347152709961,35.411930084228516,34.55745315551758,34.677268981933594,33.351776123046875,7483066,0.0,0.0
2016-12-01 00:00:00-05:00,34.7718620300293,34.81600570678711,34.05296325683594,34.17278289794922,32.866580963134766,5273144,0.0,0.0
2016-12-02 00:00:00-05:00,34.235843658447266,34.70249557495117,34.05927276611328,34.35565948486328,33.042457580566406,4036406,0.0,0.0
2016-12-05 00:00:00-05:00,34.538536071777344,34.61420822143555,33.781803131103516,33.99620819091797,32.69675827026367,2253055,0.0,0.0
2016-12-06 00:00:00-05:00,34.0340461730957,34.128639221191406,33.762882232666016,34.05296325683594,32.7513313293457,3617606,0.0,0.0
2016-12-07 00:00:00-05:00,34.05296325683594,34.3083610534668,33.680904388427734,34.20431137084961,32.896907806396484,5210348,0.0,0.0
2016-12-08 00:00:00-05:00,34.28628921508789,34.34304428100586,33.69667053222656,33.85116958618164,32.557254791259766,3493757,0.0,0.0
2016-12-09 00:00:00-05:00,33.74396514892578,34.15386199951172,33.624149322509766,34.05296325683594,32.7513313293457,2285722,0.0,0.0
2016-12-12 00:00:00-05:00,33.977291107177734,34.28628921508789,33.889007568359375,34.04665756225586,32.74527359008789,2431295,0.0,0.0
2016-12-13 00:00:00-05:00,34.22953414916992,34.33673858642578,33.58000564575195,33.9583740234375,32.66035842895508,4364025,0.0,0.0
2016-12-14 00:00:00-05:00,33.98359680175781,34.89482879638672,33.970985412597656,34.21061706542969,32.90296173095703,2473318,0.0,0.0
2016-12-15 00:00:00-05:00,34.185394287109375,34.866451263427734,34.00882339477539,34.563758850097656,33.24259567260742,2502496,0.0,0.0
2016-12-16 00:00:00-05:00,34.59529113769531,34.696189880371094,34.30521011352539,34.57637023925781,33.25474166870117,4196093,0.0,0.0
2016-12-19 00:00:00-05:00,34.563758850097656,34.70249557495117,34.29890441894531,34.65835189819336,33.333595275878906,1854235,0.0,0.0
2016-12-20 00:00:00-05:00,34.834922790527344,34.973655700683594,34.563758850097656,34.71510696411133,33.38816452026367,1883730,0.0,0.0
2016-12-21 00:00:00-05:00,34.66465759277344,34.66465759277344,34.00251770019531,34.128639221191406,32.82412338256836,2330757,0.0,0.0
2016-12-22 00:00:00-05:00,34.128639221191406,34.670963287353516,33.85747528076172,34.109718322753906,32.80592346191406,2447311,0.0,0.0
2016-12-23 00:00:00-05:00,34.26106643676758,34.532230377197266,33.90792465209961,34.374576568603516,33.06064987182617,811753,0.0,0.0
2016-12-27 00:00:00-05:00,34.52592468261719,34.582679748535156,34.12233352661133,34.34304428100586,33.03032302856445,1451609,0.0,0.0
2016-12-28 00:00:00-05:00,34.46916961669922,34.46916961669922,33.71874237060547,33.89531326293945,32.599708557128906,955741,0.0,0.0
2016-12-29 00:00:00-05:00,34.04665756225586,34.14125061035156,33.79441452026367,34.05927276611328,32.75740432739258,788442,0.0,0.0
2016-12-30 00:00:00-05:00,34.1790885925293,34.35565948486328,33.66829299926758,33.819637298583984,32.526920318603516,1118123,0.0,0.0
2017-01-03 00:00:00-05:00,33.98359680175781,34.16899871826172,33.416046142578125,33.8827018737793,32.58758544921875,2561169,0.0,0.0
2017-01-04 00:00:00-05:00,34.128639221191406,34.38718795776367,34.0340461730957,34.21061706542969,32.90296173095703,2358191,0.0,0.0
2017-01-05 00:00:00-05:00,34.26106643676758,34.49439239501953,33.870086669921875,34.01512908935547,32.71495819091797,2267644,0.0,0.0
2017-01-06 00:00:00-05:00,33.98990249633789,34.1790885925293,33.66829299926758,33.970985412597656,32.67249298095703,1998064,0.0,0.0
2017-01-09 00:00:00-05:00,34.06557846069336,34.1790885925293,33.79441452026367,33.8827018737793,32.58758544921875,1178699,0.0,0.0
2017-01-10 00:00:00-05:00,33.8827018737793,34.10341262817383,33.72504806518555,33.926841735839844,32.630035400390625,2079889,0.0,0.0
2017-01-11 00:00:00-05:00,33.91423034667969,33.977291107177734,33.58631134033203,33.838558197021484,32.54513931274414,5854169,0.0,0.0
2017-01-12 00:00:00-05:00,33.71874237060547,33.98359680175781,33.64937210083008,33.84486389160156,32.55118179321289,3219420,0.0,0.0
2017-01-13 00:00:00-05:00,34.30521011352539,34.78447341918945,34.30521011352539,34.532230377197266,33.2122802734375,2282550,0.0,0.0
2017-01-17 00:00:00-05:00,34.3304328918457,34.38718795776367,33.84486389160156,34.134944915771484,32.830177307128906,1958261,0.0,0.0
2017-01-18 00:00:00-05:00,34.12233352661133,34.30521011352539,33.9583740234375,34.14125061035156,32.83625030517578,2134598,0.0,0.0
2017-01-19 00:00:00-05:00,34.19800567626953,34.481781005859375,34.05296325683594,34.223228454589844,32.915096282958984,1302072,0.0,0.0
2017-01-20 00:00:00-05:00,34.31782150268555,34.481781005859375,34.185394287109375,34.380882263183594,33.06672286987305,2890691,0.0,0.0
2017-01-23 00:00:00-05:00,34.2547607421875,34.563758850097656,33.79441452026367,34.12233352661133,32.81805419921875,2176938,0.0,0.0
2017-01-24 00:00:00-05:00,34.24845504760742,34.677268981933594,34.10908889770508,34.49439239501953,33.1759033203125,2712451,0.0,0.0
2017-01-25 00:00:00-05:00,34.6457405090332,34.89798355102539,34.49439239501953,34.79077911376953,33.46095275878906,2784445,0.0,0.0
2017-01-26 00:00:00-05:00,34.68357467651367,35.30157470703125,34.532230377197266,35.11869812011719,33.776336669921875,3645039,0.0,0.0
2017-01-27 00:00:00-05:00,35.1439208984375,35.314186096191406,35.03041076660156,35.270042419433594,33.92189407348633,2487590,0.0,0.0
2017-01-30 00:00:00-05:00,35.270042419433594,35.270042419433594,34.52592468261719,34.96104431152344,33.62471389770508,2490603,0.0,0.0
2017-01-31 00:00:00-05:00,34.834922790527344,35.024105072021484,34.6268196105957,34.879066467285156,33.54585647583008,2842959,0.0,0.0
2017-02-01 00:00:00-05:00,34.97996139526367,35.09347152709961,34.560604095458984,34.76555633544922,33.43669128417969,1839012,0.0,0.0
2017-02-02 00:00:00-05:00,34.55745315551758,34.99888229370117,34.36827087402344,34.81600570678711,33.48521041870117,3005342,0.0,0.0
2017-02-03 00:00:00-05:00,35.03671646118164,35.724082946777344,34.727718353271484,35.32679748535156,33.97648620605469,2295236,0.0,0.0
2017-02-06 00:00:00-05:00,35.125003814697266,35.27634811401367,35.00518798828125,35.19437026977539,33.849117279052734,1394839,0.0,0.0
2017-02-07 00:00:00-05:00,35.314186096191406,35.38985824584961,35.03671646118164,35.08716583251953,33.746002197265625,3009782,0.0,0.0
2017-02-08 00:00:00-05:00,34.66465759277344,35.560123443603516,34.61042404174805,35.427696228027344,34.07352828979492,7339238,0.0,0.0
2017-02-09 00:00:00-05:00,35.41508483886719,36.03938674926758,35.41508483886719,35.9574089050293,34.582984924316406,1789219,0.0,0.0
2017-02-10 00:00:00-05:00,36.064613342285156,36.209651947021484,35.74300003051758,36.03938674926758,34.661842346191406,1983475,0.0,0.0
2017-02-13 00:00:00-05:00,36.23487854003906,36.60063171386719,36.18442916870117,36.27901840209961,34.89229965209961,1883572,0.0,0.0
2017-02-14 00:00:00-05:00,36.260101318359375,36.27901840209961,35.89434814453125,36.1276741027832,34.746742248535156,1599403,0.0,0.0
2017-02-15 00:00:00-05:00,36.09614181518555,36.417755126953125,35.99587631225586,36.310550689697266,34.92263412475586,1620652,0.0,0.0
2017-02-16 00:00:00-05:00,36.361000061035156,36.72675323486328,35.81867218017578,36.19073486328125,34.807395935058594,1776691,0.0,0.0
2017-02-17 00:00:00-05:00,36.203346252441406,36.398834228515625,36.02677536010742,36.37991714477539,34.98936080932617,1430360,0.0,0.0
2017-02-21 00:00:00-05:00,36.37991714477539,36.73305892944336,36.27901840209961,36.657386779785156,35.256202697753906,2463010,0.0,0.0
2017-02-22 00:00:00-05:00,36.43036651611328,36.68260955810547,36.29163360595703,36.37991714477539,35.031532287597656,1489985,0.044143,0.0
2017-02-23 00:00:00-05:00,36.58171463012695,36.66999816894531,36.020469665527344,36.1087532043457,34.77041244506836,1616370,0.0,0.0
2017-02-24 00:00:00-05:00,36.00155258178711,36.51234436035156,35.774532318115234,36.44297790527344,35.092254638671875,2928432,0.0,0.0
2017-02-27 00:00:00-05:00,36.348388671875,36.499732971191406,36.24118423461914,36.35469436645508,35.00725173950195,1413868,0.0,0.0
2017-02-28 00:00:00-05:00,36.367305755615234,36.506038665771484,36.14028549194336,36.35469436645508,35.00725173950195,2614451,0.0,0.0
2017-03-01 00:00:00-05:00,36.714141845703125,37.357364654541016,36.6258544921875,37.149261474609375,35.77235794067383,2277476,0.0,0.0
2017-03-02 00:00:00-05:00,37.149261474609375,37.21232223510742,36.77720260620117,36.97269058227539,35.60234451293945,3082093,0.0,0.0
2017-03-03 00:00:00-05:00,36.960079193115234,37.13034439086914,36.80873489379883,37.03575134277344,35.66305923461914,2280964,0.0,0.0
2017-03-06 00:00:00-05:00,36.77720260620117,36.99161148071289,36.57855987548828,36.78350830078125,35.420162200927734,2485211,0.0,0.0
2017-03-07 00:00:00-05:00,36.80873489379883,36.9222412109375,36.58171463012695,36.70153045654297,35.34122085571289,2639664,0.0,0.0
2017-03-08 00:00:00-05:00,36.70783615112305,36.871795654296875,36.58802032470703,36.68260955810547,35.32300567626953,2046430,0.0,0.0
2017-03-09 00:00:00-05:00,36.6258544921875,36.871795654296875,36.468204498291016,36.58802032470703,35.2319221496582,2074339,0.0,0.0
2017-03-10 00:00:00-05:00,36.75197982788086,36.9222412109375,36.56279373168945,36.770896911621094,35.408016204833984,1933206,0.0,0.0
2017-03-13 00:00:00-04:00,36.85918045043945,37.18709945678711,36.63216018676758,37.060977935791016,35.687339782714844,2495360,0.0,0.0
2017-03-14 00:00:00-04:00,36.87810134887695,36.98530578613281,36.73305892944336,36.9222412109375,35.553749084472656,1508063,0.0,0.0
2017-03-15 00:00:00-04:00,37.067283630371094,37.760955810546875,37.067283630371094,37.64744567871094,36.25208282470703,2828846,0.0,0.0
2017-03-16 00:00:00-04:00,37.66636276245117,37.78617858886719,37.45825958251953,37.52762985229492,36.1367073059082,2264631,0.0,0.0
2017-03-17 00:00:00-04:00,37.66636276245117,37.719966888427734,37.48348617553711,37.57176971435547,36.17921829223633,3058148,0.0,0.0
2017-03-20 00:00:00-04:00,37.58438491821289,37.742034912109375,37.18079376220703,37.206016540527344,35.827022552490234,2327586,0.0,0.0
2017-03-21 00:00:00-04:00,37.38258743286133,37.502403259277344,36.78981399536133,36.89701843261719,35.52947235107422,2943973,0.0,0.0
2017-03-22 00:00:00-04:00,36.89701843261719,37.092506408691406,36.75828552246094,36.88440704345703,35.51732635498047,2634114,0.0,0.0
2017-03-23 00:00:00-04:00,36.770896911621094,37.10512161254883,36.75828552246094,36.909629821777344,35.54159927368164,1672189,0.0,0.0
2017-03-24 00:00:00-04:00,37.950138092041016,37.950138092041016,37.168182373046875,37.40150833129883,36.0152473449707,2872138,0.0,0.0
2017-03-27 00:00:00-04:00,37.02944564819336,37.395198822021484,36.66999816894531,37.256465911865234,35.875587463378906,1495694,0.0,0.0
2017-03-28 00:00:00-04:00,37.23124313354492,37.691585540771484,37.04836654663086,37.57807540893555,36.18527603149414,1296997,0.0,0.0
2017-03-29 00:00:00-04:00,37.74834060668945,38.095176696777344,37.52762985229492,37.61591339111328,36.221710205078125,2182488,0.0,0.0
2017-03-30 00:00:00-04:00,37.660057067871094,37.830322265625,37.48979187011719,37.59699630737305,36.20349884033203,1832193,0.0,0.0
2017-03-31 00:00:00-04:00,37.56546401977539,38.088871002197266,37.445648193359375,37.97536087036133,36.56783676147461,1935743,0.0,0.0
2017-04-03 00:00:00-04:00,37.97536087036133,38.246524810791016,37.546546936035156,37.91860580444336,36.51319122314453,3041497,0.0,0.0
2017-04-04 00:00:00-04:00,37.91230010986328,38.02581024169922,37.71365737915039,37.849239349365234,36.44639587402344,2401483,0.0,0.0
2017-04-05 00:00:00-04:00,38.000587463378906,38.334808349609375,37.87446212768555,37.99428176879883,36.5860710144043,2204055,0.0,0.0
2017-04-06 00:00:00-04:00,38.006893157958984,38.3285026550293,37.931217193603516,38.196075439453125,36.78038024902344,1141592,0.0,0.0
2017-04-07 00:00:00-04:00,38.2023811340332,38.278053283691406,38.057342529296875,38.13301467895508,36.71964645385742,826818,0.0,0.0
2017-04-10 00:00:00-04:00,38.15193176269531,38.53660583496094,38.13301467895508,38.46723937988281,37.041500091552734,1941928,0.0,0.0
2017-04-11 00:00:00-04:00,38.252830505371094,38.44831848144531,38.095176696777344,38.32219696044922,36.90180969238281,3928574,0.0,0.0
2017-04-12 00:00:00-04:00,38.334808349609375,38.42940139770508,37.981666564941406,38.15193176269531,36.73786163330078,2451751,0.0,0.0
2017-04-13 00:00:00-04:00,38.15193176269531,38.41679000854492,38.01950454711914,38.04472732543945,36.634647369384766,1927339,0.0,0.0
2017-04-17 00:00:00-04:00,38.15193176269531,38.196075439453125,37.87761688232422,38.139320373535156,36.725730895996094,1551354,0.0,0.0
2017-04-18 00:00:00-04:00,37.91230010986328,38.141841888427734,37.833473205566406,38.006893157958984,36.598201751708984,2478551,0.0,0.0
2017-04-19 00:00:00-04:00,38.01950454711914,38.27174758911133,37.760955810546875,37.842933654785156,36.4403190612793,3113332,0.0,0.0
2017-04-20 00:00:00-04:00,38.000587463378906,38.37264633178711,37.760955810546875,38.22129821777344,36.80466842651367,2382929,0.0,0.0
2017-04-21 00:00:00-04:00,38.20868682861328,38.278053283691406,37.82086181640625,37.842933654785156,36.4403190612793,2204055,0.0,0.0
2017-04-24 00:00:00-04:00,38.334808349609375,38.807769775390625,38.26544189453125,38.738399505615234,37.30259704589844,2012812,0.0,0.0
2017-04-25 00:00:00-04:00,38.96541976928711,39.438377380371094,38.90866470336914,39.30595016479492,37.84911346435547,2334246,0.0,0.0
2017-04-26 00:00:00-04:00,39.28703308105469,39.55819320678711,39.16721725463867,39.25550079345703,37.80054473876953,2067203,0.0,0.0
2017-04-27 00:00:00-04:00,39.24919509887695,39.734764099121094,39.141990661621094,39.299644470214844,37.84304428100586,3085423,0.0,0.0
2017-04-28 00:00:00-04:00,39.7032356262207,40.529335021972656,39.41315460205078,39.892417907714844,38.413841247558594,3810593,0.0,0.0
2017-05-01 00:00:00-04:00,40.11313247680664,40.13835525512695,39.16721725463867,39.312255859375,37.855186462402344,2789519,0.0,0.0
2017-05-02 00:00:00-04:00,38.99064636230469,39.299644470214844,38.53030014038086,39.21135711669922,37.758033752441406,2386893,0.0,0.0
2017-05-03 00:00:00-04:00,39.06631851196289,39.55188751220703,38.95911407470703,39.52035903930664,38.055564880371094,1548975,0.0,0.0
2017-05-04 00:00:00-04:00,39.49513244628906,39.79782485961914,39.450992584228516,39.61494827270508,38.14665222167969,1300169,0.0,0.0
2017-05-05 00:00:00-04:00,39.640174865722656,39.8293571472168,39.400543212890625,39.81674575805664,38.34096908569336,944164,0.0,0.0
2017-05-08 00:00:00-04:00,39.785213470458984,39.95547866821289,39.56134796142578,39.65909194946289,38.189178466796875,2840898,0.0,0.0
2017-05-09 00:00:00-04:00,39.69062423706055,39.9996223449707,39.3879280090332,39.539276123046875,38.07379913330078,1309842,0.0,0.0
2017-05-10 00:00:00-04:00,39.432071685791016,39.608642578125,39.24919509887695,39.457298278808594,37.99484634399414,1662675,0.0,0.0
2017-05-11 00:00:00-04:00,39.21135711669922,39.539276123046875,39.14829635620117,39.488826751708984,38.02522277832031,937663,0.0,0.0
2017-05-12 00:00:00-04:00,39.37531661987305,39.43081283569336,39.09785079956055,39.21135711669922,37.758033752441406,1593852,0.0,0.0
2017-05-15 00:00:00-04:00,39.28703308105469,39.50143814086914,39.21766662597656,39.2365837097168,37.782318115234375,1556428,0.0,0.0
2017-05-16 00:00:00-04:00,39.381622314453125,39.381622314453125,39.12937927246094,39.30595016479492,37.84911346435547,1410379,0.0,0.0
2017-05-17 00:00:00-04:00,39.30595016479492,39.30595016479492,38.549217224121094,38.593360900878906,37.162940979003906,1959847,0.0,0.0
2017-05-18 00:00:00-04:00,38.30958557128906,38.839298248291016,38.088871002197266,38.56813430786133,37.138648986816406,2184867,0.0,0.0
2017-05-19 00:00:00-04:00,38.76993179321289,39.1104621887207,38.46408462524414,38.996952056884766,37.55155944824219,2961575,0.0,0.0
2017-05-22 00:00:00-04:00,39.154605865478516,39.41315460205078,39.034786224365234,39.350093841552734,37.891624450683594,1223735,0.0,0.0
2017-05-23 00:00:00-04:00,39.343788146972656,39.539276123046875,39.17982864379883,39.482521057128906,38.01913070678711,1220246,0.0,0.0
2017-05-24 00:00:00-04:00,39.56449890136719,39.867191314697266,39.49513244628906,39.778907775878906,38.347415924072266,2153310,0.044143,0.0
2017-05-25 00:00:00-04:00,39.80413055419922,40.2770881652832,39.57080841064453,40.132049560546875,38.68785858154297,1647768,0.0,0.0
2017-05-26 00:00:00-04:00,40.15727233886719,40.2960090637207,39.96809005737305,40.050071716308594,38.60882568359375,1865177,0.0,0.0
2017-05-30 00:00:00-04:00,39.87980651855469,40.22664260864258,39.74737548828125,39.94917297363281,38.511558532714844,2816001,0.0,0.0
2017-05-31 00:00:00-04:00,39.993316650390625,40.081600189208984,38.97172546386719,39.381622314453125,37.96444320678711,6226665,0.0,0.0
2017-06-01 00:00:00-04:00,39.55819320678711,39.9996223449707,39.39738845825195,39.72215270996094,38.29270935058594,1753063,0.0,0.0
2017-06-02 00:00:00-04:00,39.66539764404297,40.25186538696289,39.630714416503906,39.98700714111328,38.548038482666016,1883413,0.0,0.0
2017-06-05 00:00:00-04:00,39.87980651855469,40.081600189208984,39.867191314697266,39.93025588989258,38.49332809448242,1331250,0.0,0.0
2017-06-06 00:00:00-04:00,39.87980651855469,40.01223373413086,39.753684997558594,39.85457992553711,38.42036056518555,2183281,0.0,0.0
2017-06-07 00:00:00-04:00,39.886112213134766,40.20772171020508,39.77260208129883,39.95547866821289,38.51763153076172,1246411,0.0,0.0
2017-06-08 00:00:00-04:00,39.95547866821289,40.201416015625,39.608642578125,40.16988754272461,38.72432327270508,1565150,0.0,0.0
2017-06-09 00:00:00-04:00,40.35906982421875,40.35906982421875,39.450992584228516,39.785213470458984,38.35349655151367,1628739,0.0,0.0
2017-06-12 00:00:00-04:00,39.753684997558594,39.94601821899414,39.22270965576172,39.3879280090332,37.97050476074219,1804918,0.0,0.0
2017-06-13 00:00:00-04:00,39.52666473388672,39.91133499145508,39.36901092529297,39.89872360229492,38.46293258666992,1607490,0.0,0.0
2017-06-14 00:00:00-04:00,39.905029296875,40.031150817871094,39.6843147277832,39.696929931640625,38.26838302612305,2186453,0.0,0.0
2017-06-15 00:00:00-04:00,39.51405334472656,39.892417907714844,39.33748245239258,39.753684997558594,38.3231201171875,1858517,0.0,0.0
2017-06-16 00:00:00-04:00,39.835662841796875,40.396907806396484,39.646480560302734,40.39059829711914,38.93709945678711,2658852,0.0,0.0
2017-06-19 00:00:00-04:00,40.55455780029297,40.882476806640625,40.478885650634766,40.85725021362305,39.386959075927734,2178207,0.0,0.0
2017-06-20 00:00:00-04:00,40.674373626708984,41.122108459472656,40.54825210571289,40.65545654296875,39.19242477416992,2792215,0.0,0.0
2017-06-21 00:00:00-04:00,40.686988830566406,40.80049514770508,40.535640716552734,40.5923957824707,39.13164138793945,2319181,0.0,0.0
2017-06-22 00:00:00-04:00,40.57347869873047,40.693294525146484,40.30231475830078,40.4221305847168,38.96750259399414,1654746,0.0,0.0
2017-06-23 00:00:00-04:00,40.327537536621094,40.45996856689453,40.15096664428711,40.4221305847168,38.96750259399414,11596699,0.0,0.0
2017-06-26 00:00:00-04:00,40.54825210571289,40.8131103515625,40.321231842041016,40.428436279296875,38.97356414794922,1600830,0.0,0.0
2017-06-27 00:00:00-04:00,40.22664260864258,40.41582489013672,39.96178436279297,39.96178436279297,38.52372741699219,1106547,0.0,0.0
2017-06-28 00:00:00-04:00,40.22664260864258,40.70590591430664,40.10367202758789,40.617618560791016,39.155948638916016,1316502,0.0,0.0
2017-06-29 00:00:00-04:00,40.5923957824707,40.5923957824707,39.57080841064453,39.640174865722656,38.21366882324219,2047540,0.0,0.0
2017-06-30 00:00:00-04:00,39.678009033203125,40.15727233886719,39.66539764404297,39.94917297363281,38.511558532714844,1866287,0.0,0.0
2017-07-03 00:00:00-04:00,40.13835525512695,40.188804626464844,39.84827423095703,39.936561584472656,38.49939727783203,1034870,0.0,0.0
2017-07-05 00:00:00-04:00,40.1257438659668,40.346458435058594,39.845123291015625,40.11313247680664,38.66960906982422,1414820,0.0,0.0
2017-07-06 00:00:00-04:00,39.9807014465332,40.220333099365234,39.867191314697266,39.936561584472656,38.49939727783203,2340113,0.0,0.0
2017-07-07 00:00:00-04:00,40.11313247680664,40.35906982421875,40.01853942871094,40.26447677612305,38.81551742553711,1766701,0.0,0.0
2017-07-10 00:00:00-04:00,40.24555969238281,40.954994201660156,40.20772171020508,40.73743438720703,39.271453857421875,3132044,0.0,0.0
2017-07-11 00:00:00-04:00,40.78788375854492,40.78788375854492,39.96809005737305,40.340152740478516,38.88847351074219,1751953,0.0,0.0
2017-07-12 00:00:00-04:00,40.510414123535156,40.92662048339844,40.485191345214844,40.80049514770508,39.332237243652344,1773678,0.0,0.0
2017-07-13 00:00:00-04:00,40.832027435302734,40.90139389038086,40.55455780029297,40.60500717163086,39.14379119873047,1378664,0.0,0.0
2017-07-14 00:00:00-04:00,40.623924255371094,40.85725021362305,40.56086349487305,40.71221160888672,39.24713134765625,1765591,0.0,0.0
2017-07-17 00:00:00-04:00,40.7185173034668,40.7185173034668,40.220333099365234,40.44735336303711,38.99180603027344,2201359,0.0,0.0
2017-07-18 00:00:00-04:00,40.377986907958984,40.497802734375,40.1257438659668,40.201416015625,38.754722595214844,1633179,0.0,0.0
2017-07-19 00:00:00-04:00,40.321231842041016,40.35276412963867,40.09421157836914,40.340152740478516,38.88847351074219,2221022,0.0,0.0
2017-07-20 00:00:00-04:00,40.36537551879883,40.45366287231445,39.621253967285156,40.04376220703125,38.60272979736328,2470780,0.0,0.0
2017-07-21 00:00:00-04:00,39.87980651855469,40.03745651245117,39.778907775878906,39.886112213134766,38.45075988769531,2036439,0.0,0.0
2017-07-24 00:00:00-04:00,39.936561584472656,39.9807014465332,39.75999069213867,39.91133499145508,38.47507858276367,1908468,0.0,0.0
2017-07-25 00:00:00-04:00,40.08790588378906,40.188804626464844,39.70954132080078,39.77260208129883,38.341331481933594,2722283,0.0,0.0
2017-07-26 00:00:00-04:00,39.79782485961914,39.867191314697266,39.186134338378906,39.21135711669922,37.800296783447266,2760658,0.0,0.0
2017-07-27 00:00:00-04:00,39.19874572753906,39.596031188964844,39.12937927246094,39.46360397338867,38.04345703125,2918125,0.0,0.0
2017-07-28 00:00:00-04:00,40.04376220703125,40.87617111206055,39.50080871582031,40.65545654296875,39.19242477416992,3505651,0.0,0.0
2017-07-31 00:00:00-04:00,40.83833312988281,40.932926177978516,40.49149703979492,40.825721740722656,39.356563568115234,3149329,0.0,0.0
2017-08-01 00:00:00-04:00,40.85725021362305,41.45002746582031,40.52302932739258,41.11580276489258,39.63620376586914,2933190,0.0,0.0
2017-08-02 00:00:00-04:00,41.1851692199707,41.960819244384766,41.178863525390625,41.79685974121094,40.292755126953125,2875468,0.0,0.0
2017-08-03 00:00:00-04:00,41.84100341796875,41.960819244384766,41.65812683105469,41.95451354980469,40.444725036621094,1748782,0.0,0.0
2017-08-04 00:00:00-04:00,42.04910659790039,42.37702178955078,41.94820785522461,42.35810470581055,40.833805084228516,1772410,0.0,0.0
2017-08-07 00:00:00-04:00,42.25090026855469,42.553592681884766,42.0743293762207,42.38963317871094,40.86418914794922,2325524,0.0,0.0
2017-08-08 00:00:00-04:00,42.23198318481445,42.37702178955078,42.156307220458984,42.2004508972168,40.681819915771484,1859627,0.0,0.0
2017-08-09 00:00:00-04:00,42.16261672973633,42.23828887939453,41.96397399902344,42.13739013671875,40.62102508544922,1506318,0.0,0.0
2017-08-10 00:00:00-04:00,41.967124938964844,42.0743293762207,41.3112907409668,41.32390213012695,39.836822509765625,1645548,0.0,0.0
2017-08-11 00:00:00-04:00,41.38065719604492,41.670738220214844,41.24192428588867,41.368045806884766,39.87937545776367,1118440,0.0,0.0
2017-08-14 00:00:00-04:00,41.683353424072266,41.859920501708984,41.6076774597168,41.7779426574707,40.27450180053711,784319,0.0,0.0
2017-08-15 00:00:00-04:00,41.74641418457031,41.859920501708984,41.56984329223633,41.69596481323242,40.19548034667969,944323,0.0,0.0
2017-08-16 00:00:00-04:00,41.81578063964844,42.017574310302734,41.62029266357422,41.714881896972656,40.21372604370117,1023136,0.0,0.0
2017-08-17 00:00:00-04:00,41.53831100463867,41.65055847167969,41.05904769897461,41.090576171875,39.61188507080078,865352,0.0,0.0
2017-08-18 00:00:00-04:00,40.95814895629883,41.235618591308594,40.78788375854492,41.00859832763672,39.532859802246094,1527885,0.0,0.0
2017-08-21 00:00:00-04:00,40.989681243896484,41.317596435546875,40.76266098022461,41.25453567504883,39.76993179321289,1126845,0.0,0.0
2017-08-22 00:00:00-04:00,41.36174011230469,41.62029266357422,41.36174011230469,41.532005310058594,40.03742599487305,1233567,0.0,0.0
2017-08-23 00:00:00-04:00,41.393272399902344,41.43110656738281,40.97706985473633,41.00859832763672,39.574913024902344,1016793,0.044143,0.0
2017-08-24 00:00:00-04:00,41.06535339355469,41.20408630371094,40.75635528564453,40.914005279541016,39.483638763427734,1851063,0.0,0.0
2017-08-25 00:00:00-04:00,41.021209716796875,41.14733123779297,40.4221305847168,40.794189453125,39.368003845214844,2232440,0.0,0.0
2017-08-28 00:00:00-04:00,40.95814895629883,41.02751541137695,40.51356887817383,40.668067932128906,39.24629211425781,1105595,0.0,0.0
2017-08-29 00:00:00-04:00,40.52302932739258,40.7185173034668,40.340782165527344,40.64915084838867,39.22802734375,2874675,0.0,0.0
2017-08-30 00:00:00-04:00,40.623924255371094,40.95184326171875,40.57978439331055,40.86355972290039,39.43495559692383,2515182,0.0,0.0
2017-08-31 00:00:00-04:00,40.89508819580078,41.077964782714844,40.794189453125,40.970760345458984,39.53840255737305,2050870,0.0,0.0
2017-09-01 00:00:00-04:00,41.14733123779297,41.24192428588867,40.939231872558594,41.05274200439453,39.61752700805664,1291130,0.0,0.0
2017-09-05 00:00:00-04:00,40.983375549316406,41.45633316040039,40.89508819580078,41.04643630981445,39.61143112182617,1653953,0.0,0.0
2017-09-06 00:00:00-04:00,41.30498504638672,41.613983154296875,40.76518249511719,40.81941604614258,39.39234924316406,3025322,0.0,0.0
2017-09-07 00:00:00-04:00,40.95184326171875,41.393272399902344,40.75004959106445,41.34912872314453,39.903541564941406,1294936,0.0,0.0
2017-09-08 00:00:00-04:00,41.32390213012695,42.307655334472656,41.29237365722656,41.9229850769043,40.457332611083984,1768287,0.0,0.0
2017-09-11 00:00:00-04:00,42.23828887939453,42.63557434082031,42.011268615722656,42.578819274902344,41.09024429321289,2318706,0.0,0.0
2017-09-12 00:00:00-04:00,42.63557434082031,42.93196105957031,42.63557434082031,42.79953384399414,41.303245544433594,1341399,0.0,0.0
2017-09-13 00:00:00-04:00,42.711246490478516,43.329246520996094,42.58512496948242,43.31663131713867,41.80226135253906,3005342,0.0,0.0
2017-09-14 00:00:00-04:00,43.10222625732422,43.63824462890625,42.849979400634766,43.63193893432617,42.10654830932617,2879908,0.0,0.0
2017-09-15 00:00:00-04:00,44.18687438964844,44.27516174316406,43.54365158081055,43.73914337158203,42.21000289916992,4300119,0.0,0.0
2017-09-18 00:00:00-04:00,43.82112121582031,44.4454231262207,43.71391677856445,44.33822250366211,42.78813934326172,2095747,0.0,0.0
2017-09-19 00:00:00-04:00,44.33822250366211,44.47695541381836,44.1490364074707,44.193180084228516,42.64816665649414,1525347,0.0,0.0
2017-09-20 00:00:00-04:00,44.28146743774414,44.55893325805664,44.104896545410156,44.249935150146484,42.702938079833984,3216407,0.0,0.0
2017-09-21 00:00:00-04:00,44.26885223388672,44.401283264160156,44.02291488647461,44.09859085083008,42.556880950927734,1692328,0.0,0.0
2017-09-22 00:00:00-04:00,44.054447174072266,44.2215576171875,43.88418197631836,44.161651611328125,42.61773681640625,3663593,0.0,0.0
2017-09-25 00:00:00-04:00,44.193180084228516,44.300384521484375,43.88418197631836,44.161651611328125,42.61773681640625,1558331,0.0,0.0
2017-09-26 00:00:00-04:00,44.1679573059082,44.3697509765625,44.01660919189453,44.04814147949219,42.50819396972656,1877070,0.0,0.0
2017-09-27 00:00:00-04:00,44.04814147949219,44.31299591064453,43.94093704223633,44.27516174316406,42.72728729248047,1437337,0.0,0.0
2017-09-28 00:00:00-04:00,44.12381362915039,44.31930160522461,43.953548431396484,44.09228515625,42.5507926940918,2100346,0.0,0.0
2017-09-29 00:00:00-04:00,44.0733642578125,44.81748580932617,43.98508071899414,44.64091491699219,43.08024597167969,1682338,0.0,0.0
2017-10-02 00:00:00-04:00,44.792259216308594,45.12017822265625,44.71028137207031,45.12017822265625,43.542755126953125,1417357,0.0,0.0
2017-10-03 00:00:00-04:00,45.239994049072266,45.347198486328125,44.949913024902344,45.07603454589844,43.50014877319336,1436227,0.0,0.0
2017-10-04 00:00:00-04:00,45.04450607299805,45.36611557006836,44.98775100708008,45.347198486328125,43.76185607910156,1677105,0.0,0.0
2017-10-05 00:00:00-04:00,45.41025924682617,45.41025924682617,44.861629486083984,45.132789611816406,43.554931640625,2012177,0.0,0.0
2017-10-06 00:00:00-04:00,45.06342315673828,45.32828140258789,44.95621871948242,45.12017822265625,43.542755126953125,1666322,0.0,0.0
2017-10-09 00:00:00-04:00,45.25260543823242,45.46701431274414,45.07603454589844,45.34089279174805,43.755733489990234,1029320,0.0,0.0
2017-10-10 00:00:00-04:00,45.561607360839844,45.59944152832031,45.02558517456055,45.3535041809082,43.767921447753906,1548817,0.0,0.0
2017-10-11 00:00:00-04:00,45.44179153442383,45.750789642333984,45.30936050415039,45.62466812133789,44.02960968017578,1568322,0.0,0.0
2017-10-12 00:00:00-04:00,45.71295166015625,46.040870666503906,45.57421875,45.9651985168457,44.35823059082031,1551512,0.0,0.0
2017-10-13 00:00:00-04:00,46.148075103759766,46.1669921875,45.52376937866211,45.62466812133789,44.02960968017578,1143654,0.0,0.0
2017-10-16 00:00:00-04:00,45.68142318725586,45.84538269042969,45.34089279174805,45.41656494140625,43.82877731323242,1739901,0.0,0.0
2017-10-17 00:00:00-04:00,45.454402923583984,45.58052444458008,45.07603454589844,45.082340240478516,43.50624084472656,2090355,0.0,0.0
2017-10-18 00:00:00-04:00,45.08864974975586,45.37242126464844,45.01297378540039,45.16432189941406,43.585350036621094,1357098,0.0,0.0
2017-10-19 00:00:00-04:00,45.01297378540039,45.142250061035156,44.77649688720703,44.836402893066406,43.26890182495117,1762736,0.0,0.0
2017-10-20 00:00:00-04:00,45.08864974975586,45.44935607910156,44.93730163574219,45.41025924682617,43.82270050048828,2481405,0.0,0.0
2017-10-23 00:00:00-04:00,45.41025924682617,45.59944152832031,45.050811767578125,45.46070861816406,43.871376037597656,1633655,0.0,0.0
2017-10-24 00:00:00-04:00,45.59944152832031,46.24897003173828,45.59944152832031,46.23005294799805,44.613826751708984,2042148,0.0,0.0
2017-10-25 00:00:00-04:00,46.00303268432617,46.26789093017578,45.43548583984375,45.700340270996094,44.102630615234375,2744483,0.0,0.0
2017-10-26 00:00:00-04:00,46.097625732421875,46.51382827758789,45.76340103149414,46.33095169067383,44.711212158203125,2799985,0.0,0.0
2017-10-27 00:00:00-04:00,45.53007507324219,46.90480422973633,44.1490364074707,46.728233337402344,45.0945930480957,3189925,0.0,0.0
2017-10-30 00:00:00-04:00,46.50752258300781,46.59580612182617,45.643585205078125,45.694034576416016,44.0965576171875,2510900,0.0,0.0
2017-10-31 00:00:00-04:00,45.78862762451172,45.889522552490234,45.53953552246094,45.56791305541992,43.974822998046875,1958261,0.0,0.0
2017-11-01 00:00:00-04:00,45.86429977416992,46.078704833984375,45.561607360839844,45.9462776184082,44.339969635009766,1937329,0.0,0.0
2017-11-02 00:00:00-04:00,45.97150421142578,46.346717834472656,45.80754470825195,46.23005294799805,44.613826751708984,1565467,0.0,0.0
2017-11-03 00:00:00-04:00,46.22374725341797,46.65256118774414,46.22374725341797,46.43815231323242,44.814659118652344,1601305,0.0,0.0
2017-11-06 00:00:00-05:00,46.34986877441406,46.40662384033203,45.883216857910156,45.9462776184082,44.339969635009766,1326651,0.0,0.0
2017-11-07 00:00:00-05:00,45.908443450927734,46.33095169067383,45.82646179199219,46.33095169067383,44.711212158203125,1700733,0.0,0.0
2017-11-08 00:00:00-05:00,46.1669921875,46.19221496582031,45.832767486572266,45.889522552490234,44.28519821166992,1792390,0.0,0.0
2017-11-09 00:00:00-05:00,45.68772888183594,45.939971923828125,45.46764373779297,45.801239013671875,44.20000076293945,1610662,0.0,0.0
2017-11-10 00:00:00-05:00,45.58052444458008,45.90528869628906,45.34089279174805,45.81385040283203,44.21217727661133,2894338,0.0,0.0
2017-11-13 00:00:00-05:00,45.56791305541992,45.84538269042969,45.43548583984375,45.782318115234375,44.18175506591797,1321577,0.0,0.0
2017-11-14 00:00:00-05:00,45.54899215698242,45.842227935791016,45.49224090576172,45.82646179199219,44.22433853149414,1940976,0.0,0.0
2017-11-15 00:00:00-05:00,45.7760124206543,45.851688385009766,45.19585037231445,45.30936050415039,43.725318908691406,2737030,0.0,0.0
2017-11-16 00:00:00-05:00,45.52376937866211,45.990421295166016,45.42287063598633,45.68142318725586,44.08437728881836,1558331,0.0,0.0
2017-11-17 00:00:00-05:00,45.46070861816406,45.85105514526367,45.246299743652344,45.561607360839844,43.96875762939453,4670712,0.0,0.0
2017-11-20 00:00:00-05:00,45.643585205078125,46.135459899902344,45.561607360839844,45.91474914550781,44.30954360961914,1384849,0.0,0.0
2017-11-21 00:00:00-05:00,45.9651985168457,46.135459899902344,45.66250228881836,45.68772888183594,44.0904655456543,2003773,0.0,0.0
2017-11-22 00:00:00-05:00,45.643585205078125,45.73817825317383,45.250083923339844,45.403953552246094,43.858985900878906,3064967,0.044143,0.0
2017-11-24 00:00:00-05:00,45.448097229003906,45.65619659423828,45.44179153442383,45.485931396484375,43.93817138671875,575633,0.0,0.0
2017-11-27 00:00:00-05:00,45.612056732177734,46.056636810302734,45.53953552246094,45.883216857910156,44.32195281982422,1520590,0.0,0.0
2017-11-28 00:00:00-05:00,46.0723991394043,46.55796813964844,45.7760124206543,46.21744155883789,44.64479064941406,2068789,0.0,0.0
2017-11-29 00:00:00-05:00,46.27419662475586,46.337257385253906,45.82646179199219,46.29941940307617,44.7239875793457,1458904,0.0,0.0
2017-11-30 00:00:00-05:00,46.343563079833984,47.13813018798828,46.30572509765625,47.075069427490234,45.47324752807617,2491237,0.0,0.0
2017-12-01 00:00:00-05:00,47.64262008666992,47.73090744018555,46.38140106201172,47.03092956542969,45.43059539794922,2096857,0.0,0.0
2017-12-04 00:00:00-05:00,47.339927673339844,47.636314392089844,46.81021499633789,46.81021499633789,45.2174072265625,1704380,0.0,0.0
2017-12-05 00:00:00-05:00,46.936336517333984,47.00570297241211,45.958892822265625,46.00303268432617,44.437686920166016,1808248,0.0,0.0
2017-12-06 00:00:00-05:00,46.02825927734375,46.450767517089844,45.83592224121094,46.21744155883789,44.64479064941406,1775422,0.0,0.0
2017-12-07 00:00:00-05:00,46.38140106201172,46.81021499633789,46.16068649291992,46.41292953491211,44.83363342285156,1425761,0.0,0.0
2017-12-08 00:00:00-05:00,46.639949798583984,46.81652069091797,46.21113586425781,46.46968460083008,44.888450622558594,1586716,0.0,0.0
2017-12-11 00:00:00-05:00,46.55796813964844,46.65886688232422,45.9462776184082,46.040870666503906,44.47423553466797,1523762,0.0,0.0
2017-12-12 00:00:00-05:00,46.00303268432617,46.00303268432617,45.56791305541992,45.73187255859375,44.175750732421875,1216440,0.0,0.0
2017-12-13 00:00:00-05:00,45.700340270996094,46.05348205566406,45.51746368408203,45.66250228881836,44.108734130859375,1496011,0.0,0.0
2017-12-14 00:00:00-05:00,45.801239013671875,45.902137756347656,45.00666809082031,45.02558517456055,43.49348831176758,1735461,0.0,0.0
2017-12-15 00:00:00-05:00,45.296749114990234,45.60574722290039,45.22107696533203,45.44179153442383,43.895530700683594,4144397,0.0,0.0
2017-12-18 00:00:00-05:00,45.643585205078125,46.11023712158203,45.46701431274414,45.86429977416992,44.30366897583008,1718494,0.0,0.0
2017-12-19 00:00:00-05:00,45.990421295166016,46.097625732421875,45.41025924682617,45.86429977416992,44.30366897583008,1497279,0.0,0.0
2017-12-20 00:00:00-05:00,46.179603576660156,46.31203079223633,45.97150421142578,46.02825927734375,44.46205520629883,1216599,0.0,0.0
2017-12-21 00:00:00-05:00,46.204830169677734,46.23005294799805,45.7949333190918,45.908443450927734,44.34632110595703,1317454,0.0,0.0
2017-12-22 00:00:00-05:00,45.93366622924805,45.93366622924805,45.4985466003418,45.700340270996094,44.14529037475586,1556746,0.0,0.0
2017-12-26 00:00:00-05:00,45.839073181152344,45.883216857910156,45.555301666259766,45.7949333190918,44.23666000366211,661740,0.0,0.0
2017-12-27 00:00:00-05:00,45.73817825317383,45.9651985168457,45.54899215698242,45.63727951049805,44.08437728881836,1237848,0.0,0.0
2017-12-28 00:00:00-05:00,45.71925735473633,45.82015609741211,45.429176330566406,45.71925735473633,44.16355895996094,1265599,0.0,0.0
2017-12-29 00:00:00-05:00,45.889522552490234,46.03456497192383,45.62466812133789,45.62466812133789,44.07219696044922,1336800,0.0,0.0
2018-01-02 00:00:00-05:00,46.02825927734375,46.148075103759766,45.299903869628906,45.643585205078125,44.09046936035156,1726105,0.0,0.0
2018-01-03 00:00:00-05:00,45.555301666259766,45.76340103149414,44.943607330322266,45.6688117980957,44.11483383178711,2484735,0.0,0.0
2018-01-04 00:00:00-05:00,45.857994079589844,46.885887145996094,45.67511749267578,46.82282638549805,45.229583740234375,2423366,0.0,0.0
2018-01-05 00:00:00-05:00,46.930030822753906,47.04984664916992,45.95258331298828,46.286808013916016,44.7118034362793,3384498,0.0,0.0
2018-01-08 00:00:00-05:00,46.135459899902344,46.34986877441406,46.0723991394043,46.19221496582031,44.62042999267578,1602257,0.0,0.0
2018-01-09 00:00:00-05:00,46.17329788208008,46.9615592956543,46.16068649291992,46.52643966674805,44.94327926635742,1806345,0.0,0.0
2018-01-10 00:00:00-05:00,46.293113708496094,46.55796813964844,45.73817825317383,46.047176361083984,44.48031997680664,1409904,0.0,0.0
2018-01-11 00:00:00-05:00,46.11654281616211,46.54535675048828,46.040870666503906,46.482295989990234,44.900634765625,1870410,0.0,0.0
2018-01-12 00:00:00-05:00,46.62733840942383,47.15705108642578,46.51382827758789,46.9615592956543,45.363590240478516,2034854,0.0,0.0
2018-01-16 00:00:00-05:00,47.182273864746094,47.69306945800781,46.48860168457031,46.65886688232422,45.071197509765625,2123974,0.0,0.0
2018-01-17 00:00:00-05:00,46.9615592956543,47.4471321105957,46.67778778076172,47.1318244934082,45.528072357177734,2418450,0.0,0.0
2018-01-18 00:00:00-05:00,47.20750045776367,47.4471321105957,46.82282638549805,46.95525360107422,45.35749816894531,1370577,0.0,0.0
2018-01-19 00:00:00-05:00,47.06245803833008,47.26110076904297,46.6651725769043,47.018314361572266,45.41840744018555,2872930,0.0,0.0
2018-01-22 00:00:00-05:00,47.01200866699219,47.339927673339844,46.57058334350586,46.79129409790039,45.199127197265625,2164252,0.0,0.0
2018-01-23 00:00:00-05:00,46.94264221191406,47.45343780517578,46.52643966674805,47.333621978759766,45.72299575805664,2522952,0.0,0.0
2018-01-24 00:00:00-05:00,47.59847640991211,48.35520935058594,47.333621978759766,47.522804260253906,45.9057502746582,2500434,0.0,0.0
2018-01-25 00:00:00-05:00,47.793968200683594,47.86017990112305,47.018314361572266,47.175968170166016,45.57070541381836,2284453,0.0,0.0
2018-01-26 00:00:00-05:00,47.4282112121582,48.29845428466797,47.02462387084961,48.28584289550781,46.64281463623047,3496929,0.0,0.0
2018-01-29 00:00:00-05:00,48.05251693725586,48.34890365600586,47.926395416259766,48.1660270690918,46.52707290649414,2577820,0.0,0.0
2018-01-30 00:00:00-05:00,47.86333465576172,48.19755935668945,47.69306945800781,47.9453125,46.313865661621094,2114618,0.0,0.0
2018-01-31 00:00:00-05:00,48.134498596191406,48.2606201171875,47.686763763427734,47.93900680541992,46.307777404785156,2041197,0.0,0.0
2018-02-01 00:00:00-05:00,47.62370300292969,48.28584289550781,47.4250602722168,47.64262008666992,46.02147674560547,2284294,0.0,0.0
2018-02-02 00:00:00-05:00,47.51019287109375,48.10927200317383,47.29578399658203,47.51649856567383,45.899635314941406,2230061,0.0,0.0
2018-02-05 00:00:00-05:00,47.32101058959961,47.55748748779297,45.1832389831543,45.189544677734375,43.65187454223633,3143145,0.0,0.0
2018-02-06 00:00:00-05:00,44.350833892822266,45.7760124206543,43.7958984375,45.47332000732422,43.92599105834961,4524029,0.0,0.0
2018-02-07 00:00:00-05:00,45.3535041809082,46.06609344482422,45.2021598815918,45.208465576171875,43.67015075683594,4017218,0.0,0.0
2018-02-08 00:00:00-05:00,45.22107696533203,45.593135833740234,43.53104019165039,43.600406646728516,42.11681365966797,3754616,0.0,0.0
2018-02-09 00:00:00-05:00,47.80657958984375,47.80657958984375,43.83373260498047,45.68772888183594,44.13310241699219,6564591,0.0,0.0
2018-02-12 00:00:00-05:00,45.908443450927734,47.283172607421875,45.908443450927734,46.8543586730957,45.26003646850586,5497689,0.0,0.0
2018-02-13 00:00:00-05:00,46.721927642822266,47.13813018798828,46.5390510559082,46.75345993041992,45.16258239746094,4992940,0.0,0.0
2018-02-14 00:00:00-05:00,46.50752258300781,46.930030822753906,46.334102630615234,46.78498840332031,45.193023681640625,2836458,0.0,0.0
2018-02-15 00:00:00-05:00,47.20750045776367,47.3525390625,46.728233337402344,47.34623336791992,45.73516845703125,2799034,0.0,0.0
2018-02-16 00:00:00-05:00,47.34623336791992,47.91378402709961,47.175968170166016,47.70568084716797,46.082393646240234,3302356,0.0,0.0
2018-02-20 00:00:00-05:00,47.51019287109375,48.05882263183594,47.462894439697266,47.83180236816406,46.20421600341797,2612072,0.0,0.0
2018-02-21 00:00:00-05:00,47.99576187133789,48.69573974609375,47.92008972167969,47.932701110839844,46.30168533325195,2013446,0.0,0.0
2018-02-22 00:00:00-05:00,48.140804290771484,48.67051315307617,47.99576187133789,48.35520935058594,46.75286865234375,1677898,0.044143,0.0
2018-02-23 00:00:00-05:00,48.65159606933594,48.70204544067383,48.19944763183594,48.64529037475586,47.03334426879883,2058482,0.0,0.0
2018-02-26 00:00:00-05:00,48.73988342285156,49.269596099853516,48.54124069213867,49.162391662597656,47.53330993652344,2317596,0.0,0.0
2018-02-27 00:00:00-05:00,49.23806381225586,49.711021423339844,49.023658752441406,49.03627014160156,47.41136169433594,1606697,0.0,0.0
2018-02-28 00:00:00-05:00,49.21284103393555,49.3515739440918,48.42457580566406,48.430885314941406,46.82603454589844,2853267,0.0,0.0
2018-03-01 00:00:00-05:00,48.59484100341797,48.63898468017578,46.80390930175781,47.10660171508789,45.545654296875,2574014,0.0,0.0
2018-03-02 00:00:00-05:00,46.671478271484375,46.96786880493164,46.21744155883789,46.65886688232422,45.11273956298828,3070358,0.0,0.0
2018-03-05 00:00:00-05:00,46.3687858581543,47.04984664916992,46.10393142700195,46.829132080078125,45.277374267578125,2030255,0.0,0.0
2018-03-06 00:00:00-05:00,47.087684631347656,47.60478210449219,46.73454284667969,47.371456146240234,45.801727294921875,2227048,0.0,0.0
2018-03-07 00:00:00-05:00,47.232723236083984,49.24436950683594,46.293113708496094,49.162391662597656,47.53330993652344,4650414,0.0,0.0
2018-03-08 00:00:00-05:00,49.33265686035156,49.47769546508789,48.79663848876953,49.414634704589844,47.777191162109375,3572570,0.0,0.0
2018-03-09 00:00:00-05:00,49.704715728759766,50.644325256347656,49.269596099853516,50.619102478027344,48.94175338745117,3343268,0.0,0.0
2018-03-12 00:00:00-04:00,50.57495880126953,50.58441925048828,49.18130874633789,49.5218391418457,47.880855560302734,1928766,0.0,0.0
2018-03-13 00:00:00-04:00,49.654266357421875,49.95380783081055,49.06779861450195,49.18130874633789,47.55160140991211,2567195,0.0,0.0
2018-03-14 00:00:00-04:00,49.47138977050781,49.755165100097656,48.821861267089844,48.94167709350586,47.319908142089844,1871520,0.0,0.0
2018-03-15 00:00:00-04:00,49.04257583618164,49.45247268676758,48.69573974609375,49.250675201416016,47.61867141723633,1149362,0.0,0.0
2018-03-16 00:00:00-04:00,49.20022964477539,49.458778381347656,48.94167709350586,49.33265686035156,47.69793701171875,3200074,0.0,0.0
2018-03-19 00:00:00-04:00,49.307430267333984,49.307430267333984,48.56331253051758,49.04888153076172,47.42356872558594,1485862,0.0,0.0
2018-03-20 00:00:00-04:00,49.250675201416016,49.49031066894531,49.04888153076172,49.28851318359375,47.655250549316406,2053566,0.0,0.0
2018-03-21 00:00:00-04:00,49.320045471191406,49.94561004638672,48.89122772216797,49.408329010009766,47.7711067199707,1822044,0.0,0.0
2018-03-22 00:00:00-04:00,48.91014862060547,49.33265686035156,48.25431442260742,48.361515045166016,46.75897979736328,2445725,0.0,0.0
2018-03-23 00:00:00-04:00,48.39935302734375,48.98582077026367,47.90747833251953,47.93900680541992,46.35045623779297,3344378,0.0,0.0
2018-03-26 00:00:00-04:00,48.75249481201172,49.307430267333984,48.33313751220703,49.24436950683594,47.612579345703125,2743215,0.0,0.0
2018-03-27 00:00:00-04:00,49.26329040527344,49.48400115966797,48.222782135009766,48.430885314941406,46.82603454589844,2490603,0.0,0.0
2018-03-28 00:00:00-04:00,48.55070114135742,48.62006759643555,47.787662506103516,48.3362922668457,46.73459243774414,2875943,0.0,0.0
2018-03-29 00:00:00-04:00,48.569618225097656,49.162391662597656,48.30475997924805,48.88492202758789,47.265037536621094,2180268,0.0,0.0
2018-04-02 00:00:00-04:00,48.676822662353516,48.80546569824219,47.018314361572266,47.5732536315918,45.996826171875,2666781,0.0,0.0
2018-04-03 00:00:00-04:00,47.718292236328125,48.14710998535156,47.19488525390625,48.115577697753906,46.521183013916016,2544677,0.0,0.0
2018-04-04 00:00:00-04:00,47.30208969116211,48.34890365600586,46.91741943359375,48.32368087768555,46.722381591796875,2845814,0.0,0.0
2018-04-05 00:00:00-04:00,48.765106201171875,49.23806381225586,48.48133087158203,48.821861267089844,47.204071044921875,2078621,0.0,0.0
2018-04-06 00:00:00-04:00,48.361515045166016,48.56331253051758,46.589500427246094,47.11921310424805,45.557838439941406,2567512,0.0,0.0
2018-04-09 00:00:00-04:00,47.25794982910156,47.661537170410156,46.62733840942383,46.73454284667969,45.185909271240234,3303941,0.0,0.0
2018-04-10 00:00:00-04:00,47.384071350097656,47.90747833251953,47.2768669128418,47.80027389526367,46.21632385253906,2522318,0.0,0.0
2018-04-11 00:00:00-04:00,47.37776565551758,47.529109954833984,46.89219284057617,46.94894790649414,45.39321517944336,1788901,0.0,0.0
2018-04-12 00:00:00-04:00,47.29578399658203,47.53541564941406,47.06245803833008,47.13813018798828,45.576133728027344,2107957,0.0,0.0
2018-04-13 00:00:00-04:00,47.522804260253906,47.816036224365234,46.76607131958008,47.10660171508789,45.545654296875,3927940,0.0,0.0
2018-04-16 00:00:00-04:00,47.548030853271484,47.661537170410156,47.226417541503906,47.45974349975586,45.88709259033203,2270974,0.0,0.0
2018-04-17 00:00:00-04:00,47.80657958984375,48.9069938659668,47.7435188293457,48.386741638183594,46.78336715698242,3338987,0.0,0.0
2018-04-18 00:00:00-04:00,48.70204544067383,49.0551872253418,48.34575271606445,48.64529037475586,47.03334426879883,1513930,0.0,0.0
2018-04-19 00:00:00-04:00,48.6326789855957,48.84077835083008,48.15341567993164,48.411964416503906,46.8077507019043,1724202,0.0,0.0
2018-04-20 00:00:00-04:00,48.525474548339844,48.61376190185547,48.033599853515625,48.39304733276367,46.789459228515625,2098601,0.0,0.0
2018-04-23 00:00:00-04:00,48.525474548339844,48.5570068359375,47.976844787597656,48.115577697753906,46.521183013916016,1797465,0.0,0.0
2018-04-24 00:00:00-04:00,48.34890365600586,48.51223373413086,45.56791305541992,46.06609344482422,44.53960418701172,2883714,0.0,0.0
2018-04-25 00:00:00-04:00,45.92105484008789,46.10140609741211,45.397647857666016,45.53007507324219,44.0213737487793,2785238,0.0,0.0
2018-04-26 00:00:00-04:00,45.68772888183594,45.85483932495117,45.21477127075195,45.57421875,44.06404495239258,4235737,0.0,0.0
2018-04-27 00:00:00-04:00,45.1832389831543,45.29359436035156,43.56257247924805,44.96883010864258,43.47871398925781,5854327,0.0,0.0
2018-04-30 00:00:00-04:00,45.1832389831543,45.347198486328125,44.33822250366211,44.33822250366211,42.86900329589844,2646166,0.0,0.0
2018-05-01 00:00:00-04:00,44.350833892822266,45.44179153442383,44.054447174072266,45.429176330566406,43.92381286621094,3132996,0.0,0.0
2018-05-02 00:00:00-04:00,45.403953552246094,45.63097381591797,44.902618408203125,45.101261138916016,43.606746673583984,3155672,0.0,0.0
2018-05-03 00:00:00-04:00,44.703975677490234,45.87060546875,44.514793395996094,45.72556686401367,44.210365295410156,3009782,0.0,0.0
2018-05-04 00:00:00-04:00,45.397647857666016,46.28050231933594,45.265220642089844,46.21744155883789,44.685943603515625,1987598,0.0,0.0
2018-05-07 00:00:00-04:00,46.28050231933594,46.60211181640625,46.135459899902344,46.375091552734375,44.83837127685547,2087501,0.0,0.0
2018-05-08 00:00:00-04:00,46.375091552734375,46.8354377746582,46.25527572631836,46.82282638549805,45.271270751953125,1790646,0.0,0.0
2018-05-09 00:00:00-04:00,46.829132080078125,47.491275787353516,46.6651725769043,47.43452072143555,45.862701416015625,1984109,0.0,0.0
2018-05-10 00:00:00-04:00,47.60478210449219,47.69937515258789,47.365150451660156,47.636314392089844,46.057804107666016,1458269,0.0,0.0
2018-05-11 00:00:00-04:00,47.686763763427734,47.90747833251953,47.421905517578125,47.686763763427734,46.10658264160156,1600671,0.0,0.0
2018-05-14 00:00:00-04:00,47.768741607666016,48.380435943603516,47.7435188293457,48.115577697753906,46.521183013916016,2780005,0.0,0.0
2018-05-15 00:00:00-04:00,47.93900680541992,48.09666061401367,47.61739730834961,48.084049224853516,46.490699768066406,1814274,0.0,0.0
2018-05-16 00:00:00-04:00,48.02729415893555,48.50025177001953,48.00837326049805,48.418270111083984,46.8138542175293,1565943,0.0,0.0
2018-05-17 00:00:00-04:00,48.380435943603516,48.866004943847656,48.17863845825195,48.77771759033203,47.1613883972168,1977132,0.0,0.0
2018-05-18 00:00:00-04:00,48.77141189575195,49.162391662597656,48.575923919677734,49.10563659667969,47.47844696044922,3249708,0.0,0.0
2018-05-21 00:00:00-04:00,49.275901794433594,49.575443267822266,48.74618911743164,48.94167709350586,47.319908142089844,1879607,0.0,0.0
2018-05-22 00:00:00-04:00,48.94167709350586,49.029964447021484,47.983150482177734,47.99576187133789,46.40534210205078,2465865,0.0,0.0
2018-05-23 00:00:00-04:00,47.76243591308594,48.10927200317383,47.4282112121582,48.0399055480957,46.448020935058594,1943989,0.0,0.0
2018-05-24 00:00:00-04:00,47.74982452392578,48.2606201171875,47.61739730834961,48.02729415893555,46.47853469848633,2314424,0.044143,0.0
2018-05-25 00:00:00-04:00,47.93900680541992,48.21017074584961,47.28947830200195,47.61739730834961,46.08186721801758,1296521,0.0,0.0
2018-05-29 00:00:00-04:00,47.24533462524414,47.4282112121582,46.36248016357422,46.67778778076172,45.17253875732422,2396249,0.0,0.0
2018-05-30 00:00:00-04:00,46.6840934753418,47.087684631347656,46.57688903808594,46.78498840332031,45.27629089355469,2078304,0.0,0.0
2018-05-31 00:00:00-04:00,46.75345993041992,46.76544189453125,45.71295166015625,45.839073181152344,44.360877990722656,3610787,0.0,0.0
2018-06-01 00:00:00-04:00,46.29941940307617,46.8354377746582,46.05348205566406,46.54535675048828,45.044395446777344,1876436,0.0,0.0
2018-06-04 00:00:00-04:00,46.81021499633789,47.16966247558594,46.46337890625,46.82282638549805,45.31291580200195,2537700,0.0,0.0
2018-06-05 00:00:00-04:00,46.9615592956543,47.125518798828125,46.671478271484375,46.8543586730957,45.343421936035156,1358525,0.0,0.0
2018-06-06 00:00:00-04:00,46.95525360107422,47.27056121826172,46.747154235839844,47.27056121826172,45.746212005615234,2133964,0.0,0.0
2018-06-07 00:00:00-04:00,48.7588005065918,49.29481887817383,48.5380859375,49.17500305175781,47.589229583740234,4201326,0.0,0.0
2018-06-08 00:00:00-04:00,49.162391662597656,49.43986129760742,48.89122772216797,49.31373977661133,47.7234992980957,2295871,0.0,0.0
2018-06-11 00:00:00-04:00,49.31373977661133,49.53445053100586,49.1497802734375,49.42094039916992,47.827232360839844,1744976,0.0,0.0
2018-06-12 00:00:00-04:00,49.42724609375,49.61012649536133,49.1497802734375,49.3704948425293,47.778419494628906,1713895,0.0,0.0
2018-06-13 00:00:00-04:00,49.465084075927734,49.79930877685547,49.219146728515625,49.24436950683594,47.65636444091797,1829497,0.0,0.0
2018-06-14 00:00:00-04:00,49.376800537109375,50.73261260986328,49.376800537109375,50.53081512451172,48.90132141113281,4041164,0.0,0.0
2018-06-15 00:00:00-04:00,50.22812271118164,51.401058197021484,50.04524612426758,51.12358856201172,49.47498321533203,5336258,0.0,0.0
2018-06-18 00:00:00-04:00,50.68846893310547,50.858734130859375,50.09569549560547,50.68216323852539,49.04779052734375,3074798,0.0,0.0
2018-06-19 00:00:00-04:00,50.127227783203125,50.19028854370117,49.39571762084961,49.82453155517578,48.21782684326172,2966649,0.0,0.0
2018-06-20 00:00:00-04:00,49.88128662109375,49.95065689086914,49.433555603027344,49.69210433959961,48.08964538574219,1780973,0.0,0.0
2018-06-21 00:00:00-04:00,49.50922775268555,49.69210433959961,48.8533935546875,49.250675201416016,47.66246032714844,2010909,0.0,0.0
2018-06-22 00:00:00-04:00,49.711021423339844,49.723636627197266,49.04257583618164,49.08671951293945,47.50380325317383,3320750,0.0,0.0
2018-06-25 00:00:00-04:00,48.82816696166992,49.09302520751953,48.40565872192383,48.954288482666016,47.37562561035156,3016284,0.0,0.0
2018-06-26 00:00:00-04:00,48.714656829833984,48.714656829833984,47.37776565551758,47.421905517578125,45.89265823364258,9532668,0.0,0.0
2018-06-27 00:00:00-04:00,47.61109161376953,47.935855865478516,47.125518798828125,47.16335678100586,45.642452239990234,8489710,0.0,0.0
2018-06-28 00:00:00-04:00,47.339927673339844,48.02729415893555,46.79129409790039,47.80027389526367,46.25883483886719,5515766,0.0,0.0
2018-06-29 00:00:00-04:00,48.065128326416016,48.94167709350586,48.065128326416016,48.626373291015625,47.05830383300781,5450274,0.0,0.0
2018-07-02 00:00:00-04:00,48.24800491333008,48.42457580566406,47.718292236328125,48.40565872192383,46.84469985961914,2342333,0.0,0.0
2018-07-03 00:00:00-04:00,48.626373291015625,49.04888153076172,48.21017074584961,48.26692581176758,46.710445404052734,1264330,0.0,0.0
2018-07-05 00:00:00-04:00,48.58222961425781,48.75249481201172,48.30475997924805,48.64529037475586,47.07659912109375,2130634,0.0,0.0
2018-07-06 00:00:00-04:00,48.683128356933594,48.979515075683594,48.4624137878418,48.69573974609375,47.12543487548828,1459538,0.0,0.0
2018-07-09 00:00:00-04:00,48.65159606933594,49.250675201416016,48.6326789855957,49.12455368041992,47.540409088134766,2732749,0.0,0.0
2018-07-10 00:00:00-04:00,49.0551872253418,49.2254524230957,48.329986572265625,48.59484100341797,47.02778244018555,1947161,0.0,0.0
2018-07-11 00:00:00-04:00,48.437191009521484,48.59484100341797,48.05251693725586,48.07774353027344,46.52736282348633,2040087,0.0,0.0
2018-07-12 00:00:00-04:00,48.29845428466797,48.683128356933594,48.00837326049805,48.525474548339844,46.960655212402344,2519781,0.0,0.0
2018-07-13 00:00:00-04:00,48.59484100341797,48.80924987792969,48.42457580566406,48.69573974609375,47.12543487548828,1590681,0.0,0.0
2018-07-16 00:00:00-04:00,48.575923919677734,48.607452392578125,48.065128326416016,48.21647644042969,46.66161346435547,1696134,0.0,0.0
2018-07-17 00:00:00-04:00,48.28584289550781,48.98582077026367,48.17863845825195,48.91645431518555,47.33903121948242,1527885,0.0,0.0
2018-07-18 00:00:00-04:00,49.18761444091797,49.18761444091797,48.72096252441406,48.88492202758789,47.30850601196289,2191052,0.0,0.0
2018-07-19 00:00:00-04:00,48.866004943847656,49.09302520751953,48.47502517700195,48.94798278808594,47.369537353515625,2073388,0.0,0.0
2018-07-20 00:00:00-04:00,48.6326789855957,49.31373977661133,48.53178024291992,48.960594177246094,47.38174819946289,2969504,0.0,0.0
2018-07-23 00:00:00-04:00,48.82816696166992,48.91014862060547,48.00206756591797,48.0399055480957,46.4907341003418,2288576,0.0,0.0
2018-07-24 00:00:00-04:00,48.24169921875,48.84708786010742,48.24169921875,48.815555572509766,47.24136734008789,3291097,0.0,0.0
2018-07-25 00:00:00-04:00,48.866004943847656,49.87498092651367,48.714656829833984,49.8371467590332,48.23003387451172,3365152,0.0,0.0
2018-07-26 00:00:00-04:00,50.1335334777832,51.27493667602539,49.66057586669922,51.211875915527344,49.5604248046875,4742072,0.0,0.0
2018-07-27 00:00:00-04:00,50.92179489135742,51.06052780151367,49.6668815612793,50.32902145385742,48.7060432434082,3541489,0.0,0.0
2018-07-30 00:00:00-04:00,50.44883728027344,51.49565124511719,50.14299011230469,50.29118347167969,48.669410705566406,4087468,0.0,0.0
2018-07-31 00:00:00-04:00,50.78306198120117,51.86771011352539,50.54343032836914,51.76050567626953,50.091365814208984,4371796,0.0,0.0
2018-08-01 00:00:00-04:00,51.886627197265625,52.10734176635742,51.0037727355957,51.04161071777344,49.39564895629883,3541489,0.0,0.0
2018-08-02 00:00:00-04:00,50.76414108276367,51.16773223876953,50.43622589111328,51.03530502319336,49.389549255371094,2357081,0.0,0.0
2018-08-03 00:00:00-04:00,50.76414108276367,51.38214111328125,50.76414108276367,51.211875915527344,49.5604248046875,1602416,0.0,0.0
2018-08-06 00:00:00-04:00,51.1298942565918,51.237098693847656,50.959632873535156,51.054222106933594,49.40785217285156,2039452,0.0,0.0
2018-08-07 00:00:00-04:00,51.186649322509766,51.48303985595703,51.07944869995117,51.256019592285156,49.60314178466797,1320625,0.0,0.0
2018-08-08 00:00:00-04:00,51.186649322509766,51.256019592285156,50.68216323852539,50.940711975097656,49.29800033569336,1416722,0.0,0.0
2018-08-09 00:00:00-04:00,50.90287780761719,51.11097717285156,50.57495880126953,50.60018539428711,48.96846389770508,1183774,0.0,0.0
2018-08-10 00:00:00-04:00,50.47406005859375,50.593875885009766,50.08938980102539,50.2596549987793,48.638916015625,3140290,0.0,0.0
2018-08-13 00:00:00-04:00,50.20289993286133,50.7073860168457,49.82453155517578,50.01371765136719,48.400909423828125,2369926,0.0,0.0
2018-08-14 00:00:00-04:00,49.93173599243164,50.43244171142578,49.8257942199707,50.17136764526367,48.553470611572266,1727057,0.0,0.0
2018-08-15 00:00:00-04:00,50.057857513427734,50.32902145385742,49.69841003417969,50.25334930419922,48.63279342651367,2073863,0.0,0.0
2018-08-16 00:00:00-04:00,50.54973602294922,51.09206008911133,50.404693603515625,50.663246154785156,49.02949142456055,2025498,0.0,0.0
2018-08-17 00:00:00-04:00,50.81459045410156,50.81459045410156,50.5560417175293,50.60649108886719,48.97456359863281,3868315,0.0,0.0
2018-08-20 00:00:00-04:00,50.82089614868164,51.07313919067383,50.58757019042969,50.82720184326172,49.18815612792969,2878798,0.0,0.0
2018-08-21 00:00:00-04:00,50.86503982543945,50.947017669677734,50.511898040771484,50.69477462768555,49.060001373291016,2577502,0.0,0.0
2018-08-22 00:00:00-04:00,50.69477462768555,50.69477462768555,50.27857208251953,50.39838790893555,48.77317428588867,1632862,0.0,0.0
2018-08-23 00:00:00-04:00,50.48667526245117,50.5371208190918,50.209205627441406,50.461448669433594,48.834190368652344,2089404,0.0,0.0
2018-08-24 00:00:00-04:00,50.58757019042969,50.619102478027344,50.38577651977539,50.53081512451172,48.90132141113281,1075149,0.0,0.0
2018-08-27 00:00:00-04:00,50.78306198120117,51.57762908935547,50.78306198120117,51.508262634277344,49.84725570678711,3302831,0.0,0.0
2018-08-28 00:00:00-04:00,51.71005630493164,51.955997467041016,51.52717971801758,51.75419998168945,50.08525466918945,6228251,0.0,0.0
2018-08-29 00:00:00-04:00,51.836181640625,53.10370635986328,51.716365814208984,52.895606994628906,51.189849853515625,7456267,0.0,0.0
2018-08-30 00:00:00-04:00,52.97127914428711,53.67756271362305,52.6496696472168,52.80731964111328,51.1471061706543,5502763,0.044143,0.0
2018-08-31 00:00:00-04:00,52.68119812011719,53.26136016845703,52.655975341796875,52.95866775512695,51.29369354248047,5750777,0.0,0.0
2018-09-04 00:00:00-04:00,52.655975341796875,52.845157623291016,52.02851486206055,52.6307487487793,50.97607421875,7919628,0.0,0.0
2018-09-05 00:00:00-04:00,52.441566467285156,53.45054244995117,52.359588623046875,53.18568420410156,51.51358413696289,10458913,0.0,0.0
2018-09-06 00:00:00-04:00,53.198299407958984,53.41270446777344,52.8010139465332,53.07217788696289,51.403629302978516,6365102,0.0,0.0
2018-09-07 00:00:00-04:00,52.99650192260742,53.58927536010742,52.76317596435547,53.34333801269531,51.666282653808594,5930920,0.0,0.0
2018-09-10 00:00:00-04:00,53.601890563964844,53.77215576171875,53.2991943359375,53.40639877319336,51.727352142333984,7983058,0.0,0.0
2018-09-11 00:00:00-04:00,53.46315383911133,53.67756271362305,53.20460510253906,53.614501953125,51.92890930175781,11074666,0.0,0.0
2018-09-12 00:00:00-04:00,53.65233612060547,53.99286651611328,53.3937873840332,53.79737854003906,52.10602951049805,9568189,0.0,0.0
2018-09-13 00:00:00-04:00,54.1316032409668,54.699153900146484,53.980255126953125,54.54780578613281,52.83286666870117,9382813,0.0,0.0
2018-09-14 00:00:00-04:00,54.465824127197266,55.266700744628906,54.42168426513672,54.85049819946289,53.12604904174805,18591985,0.0,0.0
2018-09-17 00:00:00-04:00,54.86310958862305,55.3171501159668,54.63608932495117,54.93878173828125,53.211551666259766,21155691,0.0,0.0
2018-09-18 00:00:00-04:00,54.93878173828125,55.405433654785156,54.42168426513672,55.10274124145508,53.3703498840332,21007263,0.0,0.0
2018-09-19 00:00:00-04:00,55.222557067871094,55.354984283447266,53.97394943237305,54.226192474365234,52.5213623046875,24782653,0.0,0.0
2018-09-20 00:00:00-04:00,54.699153900146484,55.34237289428711,54.383846282958984,55.096435546875,53.364253997802734,28444660,0.0,0.0
2018-09-21 00:00:00-04:00,55.462188720703125,55.7081298828125,54.70545959472656,54.85049819946289,53.12604904174805,62910152,0.0,0.0
2018-09-24 00:00:00-04:00,54.730682373046875,55.07121276855469,54.3018684387207,54.44060134887695,52.72903060913086,28169688,0.0,0.0
2018-09-25 00:00:00-04:00,54.52888870239258,54.800048828125,53.93611145019531,54.23249816894531,52.5274772644043,25278521,0.0,0.0
2018-09-26 00:00:00-04:00,54.12529754638672,54.629783630371094,53.286582946777344,53.62080764770508,51.93500900268555,57321757,0.0,0.0
2018-09-27 00:00:00-04:00,53.79737854003906,53.923500061035156,53.2235221862793,53.37487030029297,51.696815490722656,6092351,0.0,0.0
2018-09-28 00:00:00-04:00,53.387481689453125,53.41270446777344,52.76948165893555,53.0974006652832,51.42805862426758,7957527,0.0,0.0
2018-10-01 00:00:00-04:00,53.42531967163086,53.595584869384766,53.05956268310547,53.24243927001953,51.568546295166016,28739295,0.0,0.0
2018-10-02 00:00:00-04:00,53.179378509521484,53.179378509521484,52.71903610229492,52.73164749145508,51.07379913330078,41216887,0.0,0.0
2018-10-03 00:00:00-04:00,53.10370635986328,53.24243927001953,52.73164749145508,52.80731964111328,51.1471061706543,9247547,0.0,0.0
2018-10-04 00:00:00-04:00,52.8010139465332,53.16046142578125,52.586605072021484,52.93974685668945,51.27537155151367,10377088,0.0,0.0
2018-10-05 00:00:00-04:00,52.851463317871094,53.229827880859375,52.37850570678711,52.95866775512695,51.29369354248047,9314466,0.0,0.0
2018-10-08 00:00:00-04:00,52.77579116821289,53.11001205444336,52.438411712646484,52.75056457519531,51.09211730957031,6958495,0.0,0.0
2018-10-09 00:00:00-04:00,52.5046272277832,52.51093292236328,51.79203796386719,51.836181640625,50.20649719238281,9039971,0.0,0.0
2018-10-10 00:00:00-04:00,51.609161376953125,51.77942657470703,50.58757019042969,50.58757019042969,48.99713897705078,8007003,0.0,0.0
2018-10-11 00:00:00-04:00,50.46775436401367,50.71999740600586,49.45247268676758,49.55337142944336,47.99545669555664,8289587,0.0,0.0
2018-10-12 00:00:00-04:00,50.34163284301758,50.49928665161133,49.307430267333984,49.9443473815918,48.374141693115234,3590013,0.0,0.0
2018-10-15 00:00:00-04:00,49.80561447143555,50.19659423828125,49.31373977661133,49.780391693115234,48.215335845947266,3090656,0.0,0.0
2018-10-16 00:00:00-04:00,50.158756256103516,50.49298095703125,49.8182258605957,50.31010437011719,48.72840118408203,3990419,0.0,0.0
2018-10-17 00:00:00-04:00,50.2407341003418,50.644325256347656,49.8371467590332,50.58757019042969,48.99713897705078,4155973,0.0,0.0
2018-10-18 00:00:00-04:00,50.39838790893555,50.98485565185547,50.28487777709961,50.46775436401367,48.88109588623047,4151533,0.0,0.0
2018-10-19 00:00:00-04:00,50.480369567871094,51.01638412475586,50.0389404296875,50.316410064697266,48.734519958496094,5913159,0.0,0.0
2018-10-22 00:00:00-04:00,50.49298095703125,50.5591926574707,48.96690368652344,48.99212646484375,47.45185852050781,5641518,0.0,0.0
2018-10-23 00:00:00-04:00,48.134498596191406,48.71150588989258,47.630008697509766,48.58853530883789,47.060951232910156,4497230,0.0,0.0
2018-10-24 00:00:00-04:00,48.68943405151367,48.79033279418945,46.6651725769043,46.71562194824219,45.24691390991211,4447119,0.0,0.0
2018-10-25 00:00:00-04:00,46.99309158325195,48.36466979980469,46.986785888671875,48.134498596191406,46.62118911743164,6423141,0.0,0.0
2018-10-26 00:00:00-04:00,46.17329788208008,47.60478210449219,43.61302185058594,46.0723991394043,44.62392807006836,16365412,0.0,0.0
2018-10-29 00:00:00-04:00,46.57058334350586,46.797603607177734,45.12648391723633,45.53007507324219,44.0986442565918,8744701,0.0,0.0
2018-10-30 00:00:00-04:00,45.53007507324219,45.782318115234375,44.647220611572266,45.2021598815918,43.781036376953125,8134182,0.0,0.0
2018-10-31 00:00:00-04:00,45.7949333190918,47.384071350097656,45.71295166015625,46.82282638549805,45.35076141357422,5496896,0.0,0.0
2018-11-01 00:00:00-04:00,47.00570297241211,47.39668273925781,46.48860168457031,47.175968170166016,45.69279861450195,3322019,0.0,0.0
2018-11-02 00:00:00-04:00,47.64892578125,48.10296630859375,46.9804801940918,47.20750045776367,45.72333908081055,2840739,0.0,0.0
2018-11-05 00:00:00-05:00,47.283172607421875,47.529109954833984,46.728233337402344,47.35884475708008,45.86992645263672,2277634,0.0,0.0
2018-11-06 00:00:00-05:00,47.3525390625,47.983150482177734,46.690399169921875,47.85072326660156,46.3463249206543,2021692,0.0,0.0
2018-11-07 00:00:00-05:00,48.31106948852539,48.31106948852539,47.579559326171875,48.00837326049805,46.49903106689453,2211984,0.0,0.0
2018-11-08 00:00:00-05:00,47.99576187133789,49.0551872253418,47.81288528442383,48.48763656616211,46.963226318359375,2752571,0.0,0.0
2018-11-09 00:00:00-05:00,48.222782135009766,48.34890365600586,47.20750045776367,47.43452072143555,45.94321823120117,2329013,0.0,0.0
2018-11-12 00:00:00-05:00,47.41559982299805,47.661537170410156,47.046695709228516,47.27056121826172,45.784423828125,2415754,0.0,0.0
2018-11-13 00:00:00-05:00,47.226417541503906,48.50655746459961,47.226417541503906,47.4282112121582,45.93710708618164,3224495,0.0,0.0
2018-11-14 00:00:00-05:00,47.529109954833984,47.844417572021484,46.28050231933594,46.41292953491211,44.9537467956543,3707994,0.0,0.0
2018-11-15 00:00:00-05:00,46.148075103759766,47.80657958984375,45.87060546875,47.75613021850586,46.25471878051758,3717667,0.0,0.0
2018-11-16 00:00:00-05:00,47.45974349975586,48.1660270690918,47.374610900878906,47.579559326171875,46.08369445800781,3042766,0.0,0.0
2018-11-19 00:00:00-05:00,47.61739730834961,47.65523147583008,46.29941940307617,46.51382827758789,45.051475524902344,2190734,0.0,0.0
2018-11-20 00:00:00-05:00,46.078704833984375,46.394012451171875,45.593135833740234,45.7760124206543,44.33686065673828,2221498,0.0,0.0
2018-11-21 00:00:00-05:00,46.12284851074219,46.86066436767578,45.95258331298828,46.57688903808594,45.112552642822266,2186611,0.0,0.0
2018-11-23 00:00:00-05:00,46.11023712158203,46.3687858581543,45.87060546875,45.908443450927734,44.46512985229492,1438447,0.0,0.0
2018-11-26 00:00:00-05:00,46.33095169067383,46.6651725769043,45.62466812133789,46.16068649291992,44.70943069458008,3197219,0.0,0.0
2018-11-27 00:00:00-05:00,45.87060546875,46.633644104003906,45.34089279174805,46.51382827758789,45.051475524902344,3085423,0.0,0.0
2018-11-28 00:00:00-05:00,46.6651725769043,47.30839538574219,45.82015609741211,47.28947830200195,45.80274200439453,2810768,0.0,0.0
2018-11-29 00:00:00-05:00,47.19488525390625,47.30524444580078,46.29941940307617,46.747154235839844,45.319759368896484,3139973,0.044143,0.0
2018-11-30 00:00:00-05:00,46.65256118774414,48.21017074584961,46.55796813964844,47.97053909301758,46.50579833984375,4789169,0.0,0.0
2018-12-03 00:00:00-05:00,48.61376190185547,48.88492202758789,47.630008697509766,47.90117263793945,46.43855667114258,3268737,0.0,0.0
2018-12-04 00:00:00-05:00,47.89486312866211,48.00206756591797,45.839073181152344,45.939971923828125,44.5372314453125,5248565,0.0,0.0
2018-12-06 00:00:00-05:00,45.22738265991211,45.593135833740234,44.42650604248047,45.49224090576172,44.103172302246094,4726531,0.0,0.0
2018-12-07 00:00:00-05:00,45.51115798950195,45.87691116333008,43.865264892578125,44.104896545410156,42.758182525634766,3694357,0.0,0.0
2018-12-10 00:00:00-05:00,43.96615982055664,44.77334213256836,43.64455032348633,44.596771240234375,43.235042572021484,3241621,0.0,0.0
2018-12-11 00:00:00-05:00,45.25260543823242,45.454402923583984,43.96615982055664,44.18056869506836,42.8315544128418,2061019,0.0,0.0
2018-12-12 00:00:00-05:00,44.88054656982422,45.593135833740234,44.596771240234375,44.62830352783203,43.26560974121094,2217375,0.0,0.0
2018-12-13 00:00:00-05:00,44.754425048828125,44.89946365356445,43.98508071899414,44.111202239990234,42.76430892944336,2497897,0.0,0.0
2018-12-14 00:00:00-05:00,43.758060455322266,44.161651611328125,43.23465347290039,43.42383575439453,42.097930908203125,2429233,0.0,0.0
2018-12-17 00:00:00-05:00,43.12114334106445,43.59410095214844,42.53467559814453,42.849979400634766,41.541587829589844,5027192,0.0,0.0
2018-12-18 00:00:00-05:00,43.354469299316406,43.354469299316406,42.45269775390625,42.94457244873047,41.63330078125,3967584,0.0,0.0
2018-12-19 00:00:00-05:00,42.88151168823242,43.49951171875,41.75271987915039,41.986045837402344,40.70402908325195,3157100,0.0,0.0
2018-12-20 00:00:00-05:00,41.58876037597656,41.99235153198242,40.16988754272461,41.090576171875,39.835906982421875,4686094,0.0,0.0
2018-12-21 00:00:00-05:00,41.090576171875,42.011268615722656,40.674373626708984,41.30498504638672,40.04376983642578,9564383,0.0,0.0
2018-12-24 00:00:00-05:00,40.882476806640625,40.964454650878906,39.70954132080078,40.132049560546875,38.90665054321289,2422732,0.0,0.0
2018-12-26 00:00:00-05:00,40.25817108154297,41.46894454956055,39.65909194946289,41.43110656738281,40.166038513183594,2497263,0.0,0.0
2018-12-27 00:00:00-05:00,40.92662048339844,42.18153381347656,40.586090087890625,42.18153381347656,40.89354705810547,2043100,0.0,0.0
2018-12-28 00:00:00-05:00,42.3707160949707,42.553592681884766,41.49416732788086,42.06171798706055,40.777408599853516,2299994,0.0,0.0
2018-12-31 00:00:00-05:00,42.19414520263672,42.69863510131836,42.11216735839844,42.6671028137207,41.364295959472656,1937805,0.0,0.0
2019-01-02 00:00:00-05:00,42.011268615722656,42.53467559814453,41.822086334228516,42.471614837646484,41.174774169921875,1841390,0.0,0.0
2019-01-03 00:00:00-05:00,41.771636962890625,41.89145278930664,40.60500717163086,40.75635528564453,39.51188659667969,3055452,0.0,0.0
2019-01-04 00:00:00-05:00,41.45633316040039,42.54728698730469,41.279762268066406,42.54098129272461,41.242034912109375,2619525,0.0,0.0
2019-01-07 00:00:00-05:00,42.471614837646484,43.02655029296875,42.39909362792969,42.75539016723633,41.44989776611328,2468085,0.0,0.0
2019-01-08 00:00:00-05:00,43.304019927978516,43.354469299316406,42.421165466308594,42.95087814331055,41.63938903808594,2413059,0.0,0.0
2019-01-09 00:00:00-05:00,42.95087814331055,43.7958984375,42.93196105957031,43.657161712646484,42.32413864135742,2221022,0.0,0.0
2019-01-10 00:00:00-05:00,43.354469299316406,44.13011932373047,43.20943069458008,44.06705856323242,42.72149658203125,1908785,0.0,0.0
2019-01-11 00:00:00-05:00,43.657161712646484,43.8715705871582,43.43014144897461,43.83373260498047,42.49530029296875,1748623,0.0,0.0
2019-01-14 00:00:00-05:00,43.5751838684082,44.0733642578125,43.52473449707031,43.90940856933594,42.56867218017578,1782241,0.0,0.0
2019-01-15 00:00:00-05:00,43.96615982055664,44.142730712890625,43.512123107910156,44.13642501831055,42.78874588012695,1943514,0.0,0.0
2019-01-16 00:00:00-05:00,44.060752868652344,44.439117431640625,43.95985412597656,44.15534591674805,42.807106018066406,1803015,0.0,0.0
2019-01-17 00:00:00-05:00,43.92832565307617,45.12017822265625,43.92832565307617,45.01297378540039,43.63854217529297,1826326,0.0,0.0
2019-01-18 00:00:00-05:00,45.27783203125,46.179603576660156,45.27783203125,46.05348205566406,44.64728546142578,2872930,0.0,0.0
2019-01-22 00:00:00-05:00,45.68142318725586,45.68142318725586,44.89631271362305,45.19585037231445,43.81583786010742,1894989,0.0,0.0
2019-01-23 00:00:00-05:00,45.37873077392578,45.80754470825195,44.55893325805664,44.861629486083984,43.491825103759766,1659186,0.0,0.0
2019-01-24 00:00:00-05:00,44.88054656982422,45.158016204833984,44.71658706665039,44.76703643798828,43.400108337402344,1869934,0.0,0.0
2019-01-25 00:00:00-05:00,45.265220642089844,45.61836242675781,45.06972885131836,45.561607360839844,44.17041778564453,2321877,0.0,0.0
2019-01-28 00:00:00-05:00,44.90576934814453,45.347198486328125,44.62830352783203,45.33458709716797,43.9503288269043,1333470,0.0,0.0
2019-01-29 00:00:00-05:00,45.448097229003906,46.71562194824219,45.448097229003906,46.46968460083008,45.0507698059082,2836141,0.0,0.0
2019-01-30 00:00:00-05:00,46.78498840332031,47.41559982299805,46.19221496582031,47.125518798828125,45.68657684326172,1661247,0.0,0.0
2019-01-31 00:00:00-05:00,47.11290740966797,47.41559982299805,46.614723205566406,47.28947830200195,45.84553146362305,1748940,0.0,0.0
2019-02-01 00:00:00-05:00,47.365150451660156,47.59217071533203,46.740848541259766,46.87327575683594,45.44203567504883,2038184,0.0,0.0
2019-02-04 00:00:00-05:00,47.01200866699219,47.01200866699219,46.475990295410156,46.8543586730957,45.423702239990234,2674551,0.0,0.0
2019-02-05 00:00:00-05:00,46.9615592956543,47.2768669128418,46.69670486450195,46.99939727783203,45.56431579589844,3553541,0.0,0.0
2019-02-06 00:00:00-05:00,46.82282638549805,47.4250602722168,46.778682708740234,47.26425552368164,45.821083068847656,2694849,0.0,0.0
2019-02-07 00:00:00-05:00,46.79129409790039,47.02462387084961,46.394012451171875,46.930030822753906,45.4970588684082,3075591,0.0,0.0
2019-02-08 00:00:00-05:00,47.548030853271484,48.866004943847656,46.91741943359375,48.44349670410156,46.96431350708008,4824056,0.0,0.0
2019-02-11 00:00:00-05:00,48.40565872192383,48.72726821899414,47.86333465576172,48.657901763916016,47.17217254638672,3222116,0.0,0.0
2019-02-12 00:00:00-05:00,48.99212646484375,49.88759231567383,48.74618911743164,49.704715728759766,48.18702697753906,3470288,0.0,0.0
2019-02-13 00:00:00-05:00,49.88128662109375,50.757835388183594,49.7425537109375,50.7263069152832,49.17741775512695,4263329,0.0,0.0
2019-02-14 00:00:00-05:00,50.562347412109375,51.07313919067383,50.2596549987793,50.73261260986328,49.183536529541016,3374349,0.0,0.0
2019-02-15 00:00:00-05:00,51.26863098144531,51.60285568237305,51.047916412353516,51.58393478393555,50.00886154174805,2937154,0.0,0.0
2019-02-19 00:00:00-05:00,51.186649322509766,51.41366958618164,50.53081512451172,50.751529693603516,49.201866149902344,3524363,0.0,0.0
2019-02-20 00:00:00-05:00,50.86503982543945,51.533485412597656,50.86503982543945,51.11728286743164,49.556461334228516,4724470,0.0,0.0
2019-02-21 00:00:00-05:00,50.98485565185547,51.19295883178711,50.4835205078125,50.8335075378418,49.323944091796875,2827895,0.044143,0.0
2019-02-22 00:00:00-05:00,51.11728286743164,51.33799743652344,50.88395690917969,51.312774658203125,49.78898239135742,1429409,0.0,0.0
2019-02-25 00:00:00-05:00,51.62807846069336,51.88032150268555,51.16773223876953,51.45781326293945,49.929718017578125,2798875,0.0,0.0
2019-02-26 00:00:00-05:00,51.3190803527832,51.72897720336914,51.256019592285156,51.54610061645508,50.015377044677734,2880066,0.0,0.0
2019-02-27 00:00:00-05:00,51.48303985595703,51.590240478515625,51.1519660949707,51.52717971801758,49.99702072143555,1914653,0.0,0.0
2019-02-28 00:00:00-05:00,51.451507568359375,51.75419998168945,51.12358856201172,51.43889617919922,49.9113655090332,3027384,0.0,0.0
2019-03-01 00:00:00-05:00,51.747894287109375,52.2082405090332,51.63753890991211,52.063201904296875,50.517120361328125,2071802,0.0,0.0
2019-03-04 00:00:00-05:00,52.27130126953125,52.67489242553711,51.67852783203125,52.07581329345703,50.52936935424805,2790946,0.0,0.0
2019-03-05 00:00:00-05:00,52.15779113769531,52.36589431762695,51.86771011352539,51.86771011352539,50.32743835449219,1718018,0.0,0.0
2019-03-06 00:00:00-05:00,51.89293670654297,52.160945892333984,51.67852783203125,51.73528289794922,50.198936462402344,1666798,0.0,0.0
2019-03-07 00:00:00-05:00,51.70375061035156,51.70375061035156,50.87765121459961,51.11728286743164,49.59929275512695,2441444,0.0,0.0
2019-03-08 00:00:00-05:00,50.60018539428711,51.08575439453125,50.19028854370117,50.701080322265625,49.19544219970703,2448738,0.0,0.0
2019-03-11 00:00:00-04:00,50.78306198120117,51.84248733520508,50.78306198120117,51.82356643676758,50.284603118896484,2335356,0.0,0.0
2019-03-12 00:00:00-04:00,51.92446517944336,52.089054107666016,51.57762908935547,51.78573226928711,50.24789047241211,2215789,0.0,0.0
2019-03-13 00:00:00-04:00,52.101036071777344,52.78209686279297,51.98122024536133,52.45417785644531,50.8964729309082,2442712,0.0,0.0
2019-03-14 00:00:00-04:00,52.27130126953125,52.5582275390625,52.05058670043945,52.1136474609375,50.56605529785156,2123815,0.0,0.0
2019-03-15 00:00:00-04:00,52.07581329345703,52.43526077270508,51.98122024536133,52.05058670043945,50.504886627197266,2932714,0.0,0.0
2019-03-18 00:00:00-04:00,52.094730377197266,52.75687026977539,52.0379753112793,52.599220275878906,51.03721618652344,1636985,0.0,0.0
2019-03-19 00:00:00-04:00,52.70011520385742,52.835697174072266,52.18301773071289,52.37220001220703,50.81694030761719,2679784,0.0,0.0
2019-03-20 00:00:00-04:00,52.447872161865234,52.70011520385742,51.89293670654297,52.3343620300293,50.78022766113281,2188673,0.0,0.0
2019-03-21 00:00:00-04:00,52.258689880371094,53.25505447387695,52.201934814453125,53.11001205444336,51.5328369140625,1440350,0.0,0.0
2019-03-22 00:00:00-04:00,52.845157623291016,52.952362060546875,51.84248733520508,51.855098724365234,50.31519317626953,1803491,0.0,0.0
2019-03-25 00:00:00-04:00,51.855098724365234,52.302833557128906,51.71005630493164,52.08842468261719,50.541595458984375,1048508,0.0,0.0
2019-03-26 00:00:00-04:00,52.34697341918945,52.93974685668945,52.21454620361328,52.7064208984375,51.14124298095703,2255751,0.0,0.0
2019-03-27 00:00:00-04:00,52.87038040161133,52.933441162109375,51.848793029785156,51.92446517944336,50.382484436035156,2051821,0.0,0.0
2019-03-28 00:00:00-04:00,52.063201904296875,52.605525970458984,51.955997467041016,52.302833557128906,50.749637603759766,1910847,0.0,0.0
2019-03-29 00:00:00-04:00,52.71903610229492,53.0028076171875,52.51723861694336,52.901912689208984,51.3309211730957,1979352,0.0,0.0
2019-04-01 00:00:00-04:00,53.37487030029297,53.72801208496094,53.16046142578125,53.64603042602539,52.05294418334961,1850429,0.0,0.0
2019-04-02 00:00:00-04:00,53.84782791137695,54.1126823425293,53.601890563964844,54.030704498291016,52.426185607910156,1198521,0.0,0.0
2019-04-03 00:00:00-04:00,54.40907287597656,54.831581115722656,54.276641845703125,54.56041717529297,52.94017791748047,1422114,0.0,0.0
2019-04-04 00:00:00-04:00,54.642398834228516,54.95770263671875,54.35862350463867,54.42168426513672,52.80556106567383,1441460,0.0,0.0
2019-04-05 00:00:00-04:00,54.623477935791016,54.82527542114258,54.434295654296875,54.69284439086914,53.06867218017578,2510900,0.0,0.0
2019-04-08 00:00:00-04:00,54.541500091552734,54.828426361083984,54.18205261230469,54.8189697265625,53.19104766845703,2101614,0.0,0.0
2019-04-09 00:00:00-04:00,54.44690704345703,54.623477935791016,54.12529754638672,54.30817413330078,52.695430755615234,1187262,0.0,0.0
2019-04-10 00:00:00-04:00,54.39015197753906,54.40907287597656,54.1126823425293,54.25141906738281,52.64033889770508,2291906,0.0,0.0
2019-04-11 00:00:00-04:00,54.41537857055664,54.90725326538086,54.1126823425293,54.76852035522461,53.142093658447266,3053708,0.0,0.0
2019-04-12 00:00:00-04:00,55.06490707397461,55.38651657104492,54.98923110961914,55.27931213378906,53.637725830078125,1436545,0.0,0.0
2019-04-15 00:00:00-04:00,55.392822265625,55.720741271972656,55.00815200805664,55.380210876464844,53.735618591308594,1151741,0.0,0.0
2019-04-16 00:00:00-04:00,55.49372100830078,55.619842529296875,55.096435546875,55.266700744628906,53.6254768371582,1649671,0.0,0.0
2019-04-17 00:00:00-04:00,55.727046966552734,55.884700775146484,55.241477966308594,55.24778366088867,53.607120513916016,1606221,0.0,0.0
2019-04-18 00:00:00-04:00,55.518943786621094,55.93514633178711,55.33606719970703,55.809024810791016,54.15169906616211,2328062,0.0,0.0
2019-04-22 00:00:00-04:00,55.44957733154297,55.818485260009766,55.241477966308594,55.720741271972656,54.066036224365234,1949857,0.0,0.0
2019-04-23 00:00:00-04:00,55.727046966552734,56.27567672729492,55.60092544555664,56.09910583496094,54.43318176269531,1633814,0.0,0.0
2019-04-24 00:00:00-04:00,56.281982421875,56.427024841308594,56.01082229614258,56.162166595458984,54.49435806274414,1646183,0.0,0.0
2019-04-25 00:00:00-04:00,55.777496337890625,56.130638122558594,55.00815200805664,55.36129379272461,53.71726608276367,3326301,0.0,0.0
2019-04-26 00:00:00-04:00,51.30646514892578,53.96890640258789,51.0226936340332,53.74692916870117,52.15084457397461,5174193,0.0,0.0
2019-04-29 00:00:00-04:00,53.96764373779297,54.50555419921875,53.80998992919922,54.137908935546875,52.53022003173828,3365469,0.0,0.0
2019-04-30 00:00:00-04:00,54.15682601928711,54.56672286987305,53.88566589355469,54.44690704345703,52.830039978027344,2643629,0.0,0.0
2019-05-01 00:00:00-04:00,54.49735641479492,54.71807098388672,53.77846145629883,53.841522216796875,52.242618560791016,1583069,0.0,0.0
2019-05-02 00:00:00-04:00,53.82891082763672,54.219886779785156,53.48207473754883,54.12529754638672,52.51797866821289,1306195,0.0,0.0
2019-05-03 00:00:00-04:00,54.327091217041016,54.648704528808594,54.188358306884766,54.591949462890625,52.970767974853516,1084822,0.0,0.0
2019-05-06 00:00:00-04:00,53.66495132446289,53.72170639038086,53.198299407958984,53.56405258178711,51.97340774536133,1556904,0.0,0.0
2019-05-07 00:00:00-04:00,52.88929748535156,53.034339904785156,52.416343688964844,52.64336013793945,51.08004379272461,2470305,0.0,0.0
2019-05-08 00:00:00-04:00,52.08211898803711,52.36589431762695,51.77312088012695,52.012752532958984,50.468162536621094,3175653,0.0,0.0
2019-05-09 00:00:00-04:00,51.49565124511719,51.9118537902832,51.243404388427734,51.87401580810547,50.33353805541992,1583862,0.0,0.0
2019-05-10 00:00:00-04:00,51.552406311035156,52.15779113769531,50.86503982543945,52.10734176635742,50.559959411621094,1487606,0.0,0.0
2019-05-13 00:00:00-04:00,50.93440628051758,51.06683349609375,50.4299201965332,50.76414108276367,49.25663375854492,3274922,0.0,0.0
2019-05-14 00:00:00-04:00,50.915489196777344,51.58393478393555,50.74522399902344,50.77044677734375,49.262752532958984,2176780,0.0,0.0
2019-05-15 00:00:00-04:00,50.57495880126953,51.58393478393555,50.38136291503906,51.30646514892578,49.78285217285156,1607649,0.0,0.0
2019-05-16 00:00:00-04:00,51.804649353027344,51.855098724365234,51.262325286865234,51.3001594543457,49.7767333984375,1652526,0.0,0.0
2019-05-17 00:00:00-04:00,50.79567337036133,51.28124237060547,50.4109992980957,50.77675247192383,49.26887130737305,2117155,0.0,0.0
2019-05-20 00:00:00-04:00,50.297489166259766,50.423614501953125,49.90020751953125,50.03263473510742,48.546852111816406,2027718,0.0,0.0
2019-05-21 00:00:00-04:00,50.39208221435547,50.60018539428711,50.29118347167969,50.38577651977539,48.88949966430664,1757662,0.0,0.0
2019-05-22 00:00:00-04:00,50.3353271484375,50.603336334228516,50.127227783203125,50.19028854370117,48.69982147216797,2735920,0.0,0.0
2019-05-23 00:00:00-04:00,49.673187255859375,49.9632682800293,49.29481887817383,49.50292205810547,48.032867431640625,2818697,0.0,0.0
2019-05-24 00:00:00-04:00,49.79930877685547,49.98218536376953,49.19392013549805,49.21284103393555,47.75139236450195,1831241,0.0,0.0
2019-05-28 00:00:00-04:00,49.28220748901367,49.42724609375,48.42457580566406,48.430885314941406,46.992671966552734,2555777,0.0,0.0
2019-05-29 00:00:00-04:00,48.02729415893555,48.50655746459961,47.737213134765625,48.30475997924805,46.87028884887695,4370527,0.0,0.0
2019-05-30 00:00:00-04:00,48.35520935058594,48.77771759033203,48.09666061401367,48.45610809326172,47.06014633178711,3686586,0.044143,0.0
2019-05-31 00:00:00-04:00,47.9453125,48.17863845825195,47.85072326660156,48.02098846435547,46.63755416870117,3160588,0.0,0.0
2019-06-03 00:00:00-04:00,47.08137512207031,47.98945617675781,46.41292953491211,47.775047302246094,46.398704528808594,4070659,0.0,0.0
2019-06-04 00:00:00-04:00,48.28584289550781,49.09302520751953,48.02729415893555,49.04257583618164,47.629722595214844,3095572,0.0,0.0
2019-06-05 00:00:00-04:00,49.33265686035156,49.73624801635742,48.9290657043457,49.711021423339844,48.278907775878906,2634590,0.0,0.0
2019-06-06 00:00:00-04:00,49.77408218383789,50.215511322021484,49.50922775268555,50.057857513427734,48.61574935913086,1710565,0.0,0.0
2019-06-07 00:00:00-04:00,50.34163284301758,50.4147834777832,49.73624801635742,49.79930877685547,48.36465072631836,1747672,0.0,0.0
2019-06-10 00:00:00-04:00,49.98849105834961,50.06416320800781,49.61012649536133,49.76777648925781,48.33402633666992,1785571,0.0,0.0
2019-06-11 00:00:00-04:00,50.2407341003418,50.480369567871094,49.673187255859375,49.919124603271484,48.48101806640625,2071009,0.0,0.0
2019-06-12 00:00:00-04:00,49.8182258605957,49.88128662109375,49.17500305175781,49.301124572753906,47.88082504272461,1813639,0.0,0.0
2019-06-13 00:00:00-04:00,49.515533447265625,49.65111541748047,49.301124572753906,49.50922775268555,48.08293151855469,1601623,0.0,0.0
2019-06-14 00:00:00-04:00,49.408329010009766,49.433555603027344,48.44980239868164,48.765106201171875,47.36024856567383,2618257,0.0,0.0
2019-06-17 00:00:00-04:00,48.708351135253906,48.866004943847656,48.21017074584961,48.3362922668457,46.94378662109375,2538175,0.0,0.0
2019-06-18 00:00:00-04:00,48.72096252441406,49.565982818603516,48.72096252441406,49.40202331542969,47.978816986083984,2808707,0.0,0.0
2019-06-19 00:00:00-04:00,49.433555603027344,49.770931243896484,49.24436950683594,49.71732711791992,48.2850341796875,2189624,0.0,0.0
2019-06-20 00:00:00-04:00,50.3353271484375,51.0037727355957,50.11650466918945,50.965938568115234,49.49767303466797,1999015,0.0,0.0
2019-06-21 00:00:00-04:00,50.82720184326172,51.0226936340332,50.43937683105469,50.71369171142578,49.25269317626953,3125860,0.0,0.0
2019-06-24 00:00:00-04:00,50.71999740600586,51.01638412475586,50.5560417175293,50.86503982543945,49.39968490600586,1588778,0.0,0.0
2019-06-25 00:00:00-04:00,50.90287780761719,51.2244873046875,50.6317138671875,50.84612274169922,49.38129425048828,2864050,0.0,0.0
2019-06-26 00:00:00-04:00,50.81459045410156,51.07313919067383,50.28487777709961,50.36055374145508,48.90972900390625,3371336,0.0,0.0
2019-06-27 00:00:00-04:00,50.54343032836914,50.76414108276367,50.354244232177734,50.69477462768555,49.23432159423828,2709280,0.0,0.0
2019-06-28 00:00:00-04:00,50.78936767578125,51.665916442871094,50.562347412109375,51.40736389160156,49.92637634277344,7661465,0.0,0.0
2019-07-01 00:00:00-04:00,52.05058670043945,52.45417785644531,51.665916442871094,52.132568359375,50.63069152832031,2325049,0.0,0.0
2019-07-02 00:00:00-04:00,52.24607849121094,52.24607849121094,51.47673034667969,51.68483352661133,50.19585037231445,1484117,0.0,0.0
2019-07-03 00:00:00-04:00,51.716365814208984,52.07581329345703,51.46411895751953,52.07581329345703,50.575584411621094,1310635,0.0,0.0
2019-07-05 00:00:00-04:00,51.590240478515625,51.646995544433594,50.38577651977539,51.06683349609375,49.59566116333008,1677739,0.0,0.0
2019-07-08 00:00:00-04:00,50.940711975097656,51.256019592285156,50.54973602294922,50.73261260986328,49.27107238769531,1754015,0.0,0.0
2019-07-09 00:00:00-04:00,50.60018539428711,50.751529693603516,50.404693603515625,50.619102478027344,49.16083908081055,2225780,0.0,0.0
2019-07-10 00:00:00-04:00,50.69477462768555,51.09206008911133,50.02947998046875,50.06416320800781,48.621864318847656,1734827,0.0,0.0
2019-07-11 00:00:00-04:00,50.06416320800781,50.32902145385742,49.88128662109375,50.2596549987793,48.811744689941406,2527868,0.0,0.0
2019-07-12 00:00:00-04:00,50.60649108886719,51.28754806518555,50.60649108886719,51.27493667602539,49.797767639160156,1351072,0.0,0.0
2019-07-15 00:00:00-04:00,51.33169174194336,51.35691452026367,50.68846893310547,50.92179489135742,49.45479965209961,1219295,0.0,0.0
2019-07-16 00:00:00-04:00,50.890262603759766,51.43889617919922,50.82405090332031,51.33799743652344,49.859012603759766,1517260,0.0,0.0
2019-07-17 00:00:00-04:00,51.243404388427734,51.36322021484375,50.20289993286133,50.2596549987793,48.811744689941406,1854076,0.0,0.0
2019-07-18 00:00:00-04:00,50.14614486694336,50.4109992980957,49.654266357421875,49.88128662109375,48.44426345825195,2947144,0.0,0.0
2019-07-19 00:00:00-04:00,50.076778411865234,50.27857208251953,49.47769546508789,49.50922775268555,48.08293151855469,4544802,0.0,0.0
2019-07-22 00:00:00-04:00,49.43986129760742,49.93804168701172,49.43986129760742,49.811920166015625,48.37689971923828,2401165,0.0,0.0
2019-07-23 00:00:00-04:00,50.127227783203125,51.47673034667969,50.12091827392578,51.350608825683594,49.87126922607422,2887678,0.0,0.0
2019-07-24 00:00:00-04:00,51.155120849609375,52.2082405090332,51.03530502319336,51.86771011352539,50.37347412109375,2080365,0.0,0.0
2019-07-25 00:00:00-04:00,51.89293670654297,52.03166961669922,51.344303131103516,51.58393478393555,50.097877502441406,2618732,0.0,0.0
2019-07-26 00:00:00-04:00,46.78498840332031,50.13983917236328,46.78498840332031,49.47138977050781,48.04617691040039,8283878,0.0,0.0
2019-07-29 00:00:00-04:00,49.301124572753906,49.40202331542969,48.05882263183594,48.44980239868164,47.05402374267578,4821201,0.0,0.0
2019-07-30 00:00:00-04:00,48.1660270690918,48.44349670410156,47.926395416259766,48.430885314941406,47.03565216064453,2921296,0.0,0.0
2019-07-31 00:00:00-04:00,48.3362922668457,48.47502517700195,47.497581481933594,47.95792770385742,46.576316833496094,3336925,0.0,0.0
2019-08-01 00:00:00-04:00,47.85072326660156,47.94846725463867,46.18023681640625,46.50752258300781,45.167694091796875,3163601,0.0,0.0
2019-08-02 00:00:00-04:00,46.475990295410156,46.5390510559082,45.30936050415039,46.43815231323242,45.1003303527832,3335340,0.0,0.0
2019-08-05 00:00:00-04:00,44.67875289916992,45.107566833496094,44.22471237182617,44.401283264160156,43.12213897705078,3959972,0.0,0.0
2019-08-06 00:00:00-04:00,44.60307693481445,45.08864974975586,44.142730712890625,45.03820037841797,43.740699768066406,3134265,0.0,0.0
2019-08-07 00:00:00-04:00,44.37605667114258,44.893157958984375,43.922019958496094,44.861629486083984,43.5692253112793,3080190,0.0,0.0
2019-08-08 00:00:00-04:00,45.132789611816406,45.429176330566406,44.855323791503906,45.30305480957031,43.9979362487793,2321243,0.0,0.0
2019-08-09 00:00:00-04:00,45.189544677734375,45.19585037231445,44.2940788269043,44.458038330078125,43.177249908447266,2083695,0.0,0.0
2019-08-12 00:00:00-04:00,44.11750793457031,44.2940788269043,43.53104019165039,43.53734588623047,42.28310012817383,1800795,0.0,0.0
2019-08-13 00:00:00-04:00,43.72652816772461,44.893157958984375,43.44906234741211,44.1490364074707,42.877159118652344,1827118,0.0,0.0
2019-08-14 00:00:00-04:00,43.43014144897461,43.54365158081055,42.24459457397461,42.45900344848633,41.235816955566406,3561311,0.0,0.0
2019-08-15 00:00:00-04:00,42.578819274902344,42.65764617919922,42.04910659790039,42.45900344848633,41.235816955566406,2146174,0.0,0.0
2019-08-16 00:00:00-04:00,42.856285095214844,43.64455032348633,42.74592971801758,43.467979431152344,42.215721130371094,3814399,0.0,0.0
2019-08-19 00:00:00-04:00,44.085975646972656,44.391822814941406,43.903099060058594,44.193180084228516,42.92003631591797,1714371,0.0,0.0
2019-08-20 00:00:00-04:00,44.060752868652344,44.407588958740234,43.72652816772461,44.1490364074707,42.877159118652344,2855646,0.0,0.0
2019-08-21 00:00:00-04:00,44.69136428833008,44.74181365966797,44.199485778808594,44.300384521484375,43.024147033691406,2095588,0.0,0.0
2019-08-22 00:00:00-04:00,44.546321868896484,44.68505859375,43.95985412597656,43.98508071899414,42.717926025390625,1837902,0.0,0.0
2019-08-23 00:00:00-04:00,43.72652816772461,44.17426300048828,42.900428771972656,43.114837646484375,41.87275314331055,2603826,0.0,0.0
2019-08-26 00:00:00-04:00,43.52473449707031,43.619327545166016,42.7932243347168,43.600406646728516,42.34432601928711,3176604,0.0,0.0
2019-08-27 00:00:00-04:00,43.972469329833984,44.212100982666016,43.45536804199219,43.53104019165039,42.27696228027344,1870727,0.0,0.0
2019-08-28 00:00:00-04:00,43.23465347290039,43.94093704223633,43.15267562866211,43.915714263916016,42.65054702758789,2356447,0.0,0.0
2019-08-29 00:00:00-04:00,44.4454231262207,44.65983200073242,43.9976921081543,44.57785415649414,43.337181091308594,1712468,0.044143,0.0
2019-08-30 00:00:00-04:00,44.92469024658203,45.132789611816406,44.62830352783203,44.71028137207031,43.46591567993164,2554192,0.0,0.0
2019-09-03 00:00:00-04:00,44.23732376098633,44.41389465332031,43.47428512573242,43.52473449707031,42.31337356567383,2348042,0.0,0.0
2019-09-04 00:00:00-04:00,43.493202209472656,43.66977310180664,41.317596435546875,42.225677490234375,41.05046081542969,11710240,0.0,0.0
2019-09-05 00:00:00-04:00,42.711246490478516,43.24095916748047,42.56620788574219,42.94457244873047,41.749366760253906,6762971,0.0,0.0
2019-09-06 00:00:00-04:00,43.196815490722656,43.549957275390625,43.02024459838867,43.17789840698242,41.9761962890625,4826117,0.0,0.0
2019-09-09 00:00:00-04:00,43.17789840698242,43.411224365234375,42.74908447265625,42.8878173828125,41.694190979003906,5295504,0.0,0.0
2019-09-10 00:00:00-04:00,42.94457244873047,43.549957275390625,42.8878173828125,43.26618576049805,42.0620231628418,3955056,0.0,0.0
2019-09-11 00:00:00-04:00,43.43014144897461,44.514793395996094,43.02655029296875,44.514793395996094,43.275875091552734,3683256,0.0,0.0
2019-09-12 00:00:00-04:00,44.61568832397461,44.754425048828125,43.76121139526367,44.13011932373047,42.90190887451172,2526599,0.0,0.0
2019-09-13 00:00:00-04:00,44.13011932373047,44.3697509765625,44.03553009033203,44.15534591674805,42.92643356323242,2467450,0.0,0.0
2019-09-16 00:00:00-04:00,43.96615982055664,44.259395599365234,43.7958984375,43.82742691040039,42.607643127441406,2395139,0.0,0.0
2019-09-17 00:00:00-04:00,43.72022247314453,43.953548431396484,43.329246520996094,43.549957275390625,42.33788299560547,2148236,0.0,0.0
2019-09-18 00:00:00-04:00,43.304019927978516,43.972469329833984,43.03916549682617,43.947242736816406,42.72412109375,2257178,0.0,0.0
2019-09-19 00:00:00-04:00,43.94093704223633,44.28777313232422,43.379695892333984,43.379695892333984,42.17237091064453,2369450,0.0,0.0
2019-09-20 00:00:00-04:00,43.41753005981445,43.619327545166016,42.83736801147461,42.99502182006836,41.798404693603516,9485095,0.0,0.0
2019-09-23 00:00:00-04:00,42.75539016723633,43.165287017822266,42.660797119140625,42.849979400634766,41.65739440917969,3137436,0.0,0.0
2019-09-24 00:00:00-04:00,42.82475662231445,43.02655029296875,41.929290771484375,42.21306228637695,41.03821563720703,4799001,0.0,0.0
2019-09-25 00:00:00-04:00,42.25090026855469,42.88151168823242,42.14369583129883,42.78061294555664,41.589969635009766,3593819,0.0,0.0
2019-09-26 00:00:00-04:00,42.77430725097656,43.4049186706543,42.42747116088867,42.868900299072266,41.67579650878906,3920011,0.0,0.0
2019-09-27 00:00:00-04:00,43.13375473022461,43.50581741333008,42.77430725097656,43.2598762512207,42.055877685546875,3397660,0.0,0.0
2019-09-30 00:00:00-04:00,43.493202209472656,43.606712341308594,43.032859802246094,43.23465347290039,42.03135681152344,3535939,0.0,0.0
2019-10-01 00:00:00-04:00,43.48689651489258,43.657161712646484,41.74641418457031,41.79685974121094,40.63358688354492,5057956,0.0,0.0
2019-10-02 00:00:00-04:00,41.27345657348633,41.582454681396484,40.15096664428711,40.63023376464844,39.49943542480469,6914253,0.0,0.0
2019-10-03 00:00:00-04:00,40.497802734375,41.57929992675781,40.050071716308594,41.418495178222656,40.265750885009766,3906849,0.0,0.0
2019-10-04 00:00:00-04:00,41.43110656738281,41.960819244384766,41.13471984863281,41.93559646606445,40.76845932006836,2265900,0.0,0.0
2019-10-07 00:00:00-04:00,41.7779426574707,41.91667556762695,41.36174011230469,41.393272399902344,40.241241455078125,2228000,0.0,0.0
2019-10-08 00:00:00-04:00,40.8887825012207,40.989681243896484,40.4221305847168,40.510414123535156,39.3829460144043,2318388,0.0,0.0
2019-10-09 00:00:00-04:00,40.99598693847656,40.99598693847656,40.30862045288086,40.90769958496094,39.7691764831543,2647435,0.0,0.0
2019-10-10 00:00:00-04:00,40.794189453125,41.45633316040039,40.794189453125,41.260841369628906,40.11248779296875,2035647,0.0,0.0
2019-10-11 00:00:00-04:00,41.78424835205078,43.171592712402344,41.78424835205078,42.849979400634766,41.65739440917969,5101565,0.0,0.0
2019-10-14 00:00:00-04:00,42.62295913696289,42.919349670410156,42.42747116088867,42.856285095214844,41.66352462768555,2412107,0.0,0.0
2019-10-15 00:00:00-04:00,42.82475662231445,43.90940856933594,42.78061294555664,43.83373260498047,42.61376953125,3666923,0.0,0.0
2019-10-16 00:00:00-04:00,43.73283767700195,44.23101806640625,43.568878173828125,43.73283767700195,42.515689849853516,3364993,0.0,0.0
2019-10-17 00:00:00-04:00,44.003997802734375,44.81748580932617,43.88102722167969,44.71658706665039,43.472049713134766,2689933,0.0,0.0
2019-10-18 00:00:00-04:00,44.42020034790039,44.994056701660156,44.33822250366211,44.735504150390625,43.49044418334961,2665037,0.0,0.0
2019-10-21 00:00:00-04:00,45.02558517456055,45.643585205078125,44.86793518066406,45.3535041809082,44.09124755859375,2809183,0.0,0.0
2019-10-22 00:00:00-04:00,45.151710510253906,45.96204376220703,44.792259216308594,45.56791305541992,44.2996826171875,2135550,0.0,0.0
2019-10-23 00:00:00-04:00,45.51746368408203,45.68772888183594,45.17377853393555,45.61836242675781,44.348724365234375,2391334,0.0,0.0
2019-10-24 00:00:00-04:00,45.60574722290039,45.60574722290039,44.43281173706055,45.09495544433594,43.83988571166992,3351831,0.0,0.0
2019-10-25 00:00:00-04:00,44.994056701660156,44.994056701660156,42.572513580322266,43.1085319519043,41.908748626708984,6602650,0.0,0.0
2019-10-28 00:00:00-04:00,43.12114334106445,44.401283264160156,43.12114334106445,43.28510284423828,42.08041000366211,4959639,0.0,0.0
2019-10-29 00:00:00-04:00,43.14006042480469,43.4805908203125,42.629268646240234,43.19050979614258,41.98844909667969,7069340,0.0,0.0
2019-10-30 00:00:00-04:00,43.07699966430664,44.003997802734375,42.900428771972656,43.7769775390625,42.558597564697266,2773820,0.0,0.0
2019-10-31 00:00:00-04:00,43.64455032348633,43.7769775390625,43.09592056274414,43.512123107910156,42.301116943359375,2149980,0.0,0.0
2019-11-01 00:00:00-04:00,43.90940856933594,45.28413772583008,43.78328323364258,45.27783203125,44.01767349243164,3375142,0.0,0.0
2019-11-04 00:00:00-05:00,45.593135833740234,46.65256118774414,45.27783203125,46.49490737915039,45.20088577270508,3873390,0.0,0.0
2019-11-05 00:00:00-05:00,46.60841751098633,46.885887145996094,46.02195358276367,46.35617446899414,45.06601333618164,2492664,0.0,0.0
2019-11-06 00:00:00-05:00,46.27419662475586,46.28050231933594,45.82331085205078,46.154380798339844,44.869834899902344,2020423,0.0,0.0
2019-11-07 00:00:00-05:00,46.38140106201172,46.46337890625,45.504852294921875,45.586830139160156,44.318084716796875,2167106,0.0,0.0
2019-11-08 00:00:00-05:00,45.54899215698242,45.990421295166016,45.35034942626953,45.958892822265625,44.67978286743164,1364868,0.0,0.0
2019-11-11 00:00:00-05:00,45.542686462402344,45.92105484008789,45.35980987548828,45.454402923583984,44.1893424987793,1913067,0.0,0.0
2019-11-12 00:00:00-05:00,45.41656494140625,45.81385040283203,45.25260543823242,45.46701431274414,44.20159149169922,2499007,0.0,0.0
2019-11-13 00:00:00-05:00,45.07603454589844,45.31566619873047,44.74181365966797,44.7607307434082,43.51497268676758,1992672,0.0,0.0
2019-11-14 00:00:00-05:00,44.994056701660156,45.239994049072266,44.74811935424805,44.855323791503906,43.60692596435547,2271291,0.0,0.0
2019-11-15 00:00:00-05:00,45.06342315673828,45.873756408691406,44.9814453125,45.17062759399414,43.9134521484375,3004549,0.0,0.0
2019-11-18 00:00:00-05:00,45.04450607299805,45.14540481567383,44.74181365966797,44.86793518066406,43.61919403076172,1941452,0.0,0.0
2019-11-19 00:00:00-05:00,44.994056701660156,45.151710510253906,44.60307693481445,44.836402893066406,43.58852767944336,2536590,0.0,0.0
2019-11-20 00:00:00-05:00,44.65983200073242,44.842708587646484,44.199485778808594,44.20579147338867,42.97547149658203,4170245,0.0,0.0
2019-11-21 00:00:00-05:00,44.31930160522461,44.98775100708008,43.98508071899414,44.72919845581055,43.484310150146484,2862782,0.0,0.0
2019-11-22 00:00:00-05:00,44.949913024902344,45.050811767578125,44.3697509765625,44.58415985107422,43.34331130981445,2091307,0.0,0.0
2019-11-25 00:00:00-05:00,44.60307693481445,45.22107696533203,44.47064971923828,45.07603454589844,43.82149124145508,2904011,0.0,0.0
2019-11-26 00:00:00-05:00,45.1832389831543,45.53007507324219,45.132789611816406,45.4985466003418,44.23224639892578,1761943,0.0,0.0
2019-11-27 00:00:00-05:00,45.46701431274414,45.684574127197266,45.246299743652344,45.63097381591797,44.40406799316406,1535655,0.044143,0.0
2019-11-29 00:00:00-05:00,45.63097381591797,45.63097381591797,45.36611557006836,45.51115798950195,44.28748321533203,1208353,0.0,0.0
2019-12-02 00:00:00-05:00,45.80754470825195,46.02195358276367,45.246299743652344,45.265220642089844,44.048152923583984,3134265,0.0,0.0
2019-12-03 00:00:00-05:00,44.83009719848633,44.949913024902344,44.33191680908203,44.842708587646484,43.63699722290039,3003597,0.0,0.0
2019-12-04 00:00:00-05:00,45.01297378540039,45.80754470825195,45.01297378540039,45.03189468383789,43.821102142333984,3184850,0.0,0.0
2019-12-05 00:00:00-05:00,45.0571174621582,45.839073181152344,44.9814453125,45.593135833740234,44.36725616455078,3167883,0.0,0.0
2019-12-06 00:00:00-05:00,46.00933837890625,46.38140106201172,45.939971923828125,45.95258331298828,44.71703338623047,2713561,0.0,0.0
2019-12-09 00:00:00-05:00,47.34623336791992,48.00837326049805,46.5390510559082,46.75345993041992,45.49638366699219,4660088,0.0,0.0
2019-12-10 00:00:00-05:00,46.759765625,46.89849853515625,46.51382827758789,46.56427764892578,45.312278747558594,2816477,0.0,0.0
2019-12-11 00:00:00-05:00,47.11290740966797,47.775047302246094,46.84174346923828,47.2768669128418,46.005706787109375,4021341,0.0,0.0
2019-12-12 00:00:00-05:00,47.2768669128418,48.115577697753906,46.9804801940918,48.033599853515625,46.74209976196289,3523570,0.0,0.0
2019-12-13 00:00:00-05:00,47.9642333984375,48.41701126098633,47.40929412841797,47.41559982299805,46.14070510864258,2437321,0.0,0.0
2019-12-16 00:00:00-05:00,47.819190979003906,48.367820739746094,47.522804260253906,48.02729415893555,46.7359619140625,2895607,0.0,0.0
2019-12-17 00:00:00-05:00,47.976844787597656,48.437191009521484,47.71198654174805,48.39304733276367,47.09187698364258,2731797,0.0,0.0
2019-12-18 00:00:00-05:00,48.329986572265625,48.45610809326172,48.00206756591797,48.329986572265625,47.030513763427734,3099695,0.0,0.0
2019-12-19 00:00:00-05:00,48.386741638183594,48.54439163208008,48.19755935668945,48.3362922668457,47.036643981933594,2515816,0.0,0.0
2019-12-20 00:00:00-05:00,48.73988342285156,48.73988342285156,47.75613021850586,47.76243591308594,46.47822570800781,5684809,0.0,0.0
2019-12-23 00:00:00-05:00,47.88225173950195,48.47502517700195,47.53541564941406,48.4624137878418,47.15937805175781,2384673,0.0,0.0
2019-12-24 00:00:00-05:00,48.60114669799805,48.74618911743164,48.05251693725586,48.172332763671875,46.87710952758789,428315,0.0,0.0
2019-12-26 00:00:00-05:00,48.329986572265625,48.47187423706055,47.875946044921875,48.10927200317383,46.81572341918945,1317136,0.0,0.0
2019-12-27 00:00:00-05:00,48.23539352416992,48.34890365600586,48.0399055480957,48.29214859008789,46.99369430541992,1238958,0.0,0.0
2019-12-30 00:00:00-05:00,48.32368087768555,48.468719482421875,47.93900680541992,48.10296630859375,46.80960464477539,1025831,0.0,0.0
2019-12-31 00:00:00-05:00,48.05251693725586,48.26692581176758,47.91378402709961,48.172332763671875,46.87710952758789,1372480,0.0,0.0
2020-01-02 00:00:00-05:00,48.5570068359375,48.91014862060547,48.25431442260742,48.903839111328125,47.58893966674805,2573062,0.0,0.0
2020-01-03 00:00:00-05:00,48.05251693725586,48.77771759033203,47.9453125,48.70204544067383,47.392574310302734,1813322,0.0,0.0
2020-01-06 00:00:00-05:00,48.121883392333984,48.55133056640625,47.90747833251953,48.44980239868164,47.14710998535156,3149488,0.0,0.0
2020-01-07 00:00:00-05:00,48.44349670410156,48.62006759643555,48.0399055480957,48.607452392578125,47.30052185058594,2659645,0.0,0.0
2020-01-08 00:00:00-05:00,48.59484100341797,48.74618911743164,48.17863845825195,48.56331253051758,47.257564544677734,3626962,0.0,0.0
2020-01-09 00:00:00-05:00,48.83447265625,49.60382080078125,48.83447265625,49.17500305175781,47.85281753540039,4416514,0.0,0.0
2020-01-10 00:00:00-05:00,49.25698471069336,49.58489990234375,48.96690368652344,49.18761444091797,47.865081787109375,3349136,0.0,0.0
2020-01-13 00:00:00-05:00,49.18761444091797,49.7425537109375,49.07410430908203,49.69210433959961,48.35600662231445,3727499,0.0,0.0
2020-01-14 00:00:00-05:00,49.69210433959961,50.067317962646484,49.320045471191406,49.40202331542969,48.07371139526367,3040070,0.0,0.0
2020-01-15 00:00:00-05:00,49.55337142944336,49.811920166015625,48.94798278808594,49.18761444091797,47.865081787109375,1891342,0.0,0.0
2020-01-16 00:00:00-05:00,49.48400115966797,49.780391693115234,48.872310638427734,49.3515739440918,48.02463912963867,1698830,0.0,0.0
2020-01-17 00:00:00-05:00,49.28851318359375,49.93173599243164,49.28851318359375,49.67949295043945,48.34373474121094,2301262,0.0,0.0
2020-01-21 00:00:00-05:00,49.42724609375,49.47138977050781,48.85969924926758,49.301124572753906,47.975555419921875,2347408,0.0,0.0
2020-01-22 00:00:00-05:00,49.597511291503906,49.75831985473633,48.94167709350586,48.973209381103516,47.65644454956055,2225145,0.0,0.0
2020-01-23 00:00:00-05:00,48.78402328491211,49.09933090209961,48.44349670410156,48.9290657043457,47.61347961425781,1485703,0.0,0.0
2020-01-24 00:00:00-05:00,49.0551872253418,49.1497802734375,48.084049224853516,48.50025177001953,47.19620132446289,1829180,0.0,0.0
2020-01-27 00:00:00-05:00,47.60478210449219,47.82234573364258,47.037235260009766,47.05615234375,45.790924072265625,2216424,0.0,0.0
2020-01-28 00:00:00-05:00,47.11290740966797,47.686763763427734,46.94264221191406,47.31470489501953,46.04253005981445,2892753,0.0,0.0
2020-01-29 00:00:00-05:00,47.661537170410156,47.90747833251953,47.40298843383789,47.491275787353516,46.21435546875,2214521,0.0,0.0
2020-01-30 00:00:00-05:00,47.25794982910156,48.10296630859375,47.11290740966797,48.05251693725586,46.76050567626953,2550069,0.0,0.0
2020-01-31 00:00:00-05:00,47.80027389526367,47.88855743408203,47.018314361572266,47.25164031982422,45.98115921020508,3178666,0.0,0.0
2020-02-03 00:00:00-05:00,47.59847640991211,47.99576187133789,47.028404235839844,47.15705108642578,45.88911437988281,2566719,0.0,0.0
2020-02-04 00:00:00-05:00,47.718292236328125,48.370975494384766,47.71198654174805,48.23539352416992,46.938472747802734,3322336,0.0,0.0
2020-02-05 00:00:00-05:00,48.903839111328125,48.98582077026367,48.516014099121094,48.91014862060547,47.59508514404297,1847733,0.0,0.0
2020-02-06 00:00:00-05:00,49.03627014160156,49.20653533935547,48.48133087158203,49.080413818359375,47.76076126098633,3138546,0.0,0.0
2020-02-07 00:00:00-05:00,48.657901763916016,50.8335075378418,48.62006759643555,49.83083724975586,48.49100875854492,5830699,0.0,0.0
2020-02-10 00:00:00-05:00,49.54706573486328,50.051551818847656,49.29481887817383,50.03263473510742,48.6873893737793,2402275,0.0,0.0
2020-02-11 00:00:00-05:00,50.1146125793457,50.39208221435547,49.88128662109375,50.070472717285156,48.724212646484375,2917332,0.0,0.0
2020-02-12 00:00:00-05:00,50.44883728027344,50.511898040771484,49.581748962402344,49.8182258605957,48.47874069213867,2769539,0.0,0.0
2020-02-13 00:00:00-05:00,49.47769546508789,49.616432189941406,48.58853530883789,48.708351135253906,47.398704528808594,3319799,0.0,0.0
2020-02-14 00:00:00-05:00,48.79033279418945,49.10563659667969,48.69573974609375,49.06779861450195,47.74848556518555,1853284,0.0,0.0
2020-02-18 00:00:00-05:00,48.91014862060547,49.18130874633789,48.430885314941406,48.96690368652344,47.65031433105469,1760199,0.0,0.0
2020-02-19 00:00:00-05:00,49.168697357177734,49.17500305175781,48.386741638183594,48.468719482421875,47.16551971435547,2103517,0.0,0.0
2020-02-20 00:00:00-05:00,48.40565872192383,48.77141189575195,48.084049224853516,48.42457580566406,47.122562408447266,2247663,0.0,0.0
2020-02-21 00:00:00-05:00,48.09666061401367,48.24800491333008,47.718292236328125,47.80657958984375,46.521183013916016,1789377,0.0,0.0
2020-02-24 00:00:00-05:00,46.51382827758789,46.52643966674805,45.542686462402344,45.750789642333984,44.52066421508789,2867539,0.0,0.0
2020-02-25 00:00:00-05:00,45.958892822265625,46.040870666503906,44.11750793457031,44.31930160522461,43.12766647338867,4151850,0.0,0.0
2020-02-26 00:00:00-05:00,44.74811935424805,45.347198486328125,44.32560729980469,44.61568832397461,43.416080474853516,5026558,0.0,0.0
2020-02-27 00:00:00-05:00,43.85895919799805,45.6498908996582,43.613651275634766,44.32560729980469,43.17652130126953,6438047,0.044143,0.0
2020-02-28 00:00:00-05:00,43.064388275146484,43.717071533203125,42.54098129272461,43.61302185058594,42.48241424560547,6098376,0.0,0.0
2020-03-02 00:00:00-05:00,43.66977310180664,44.60938262939453,42.88151168823242,44.55262756347656,43.39765167236328,4040846,0.0,0.0
2020-03-03 00:00:00-05:00,44.33822250366211,45.81385040283203,43.518428802490234,43.75175476074219,42.617549896240234,3538317,0.0,0.0
2020-03-04 00:00:00-05:00,44.199485778808594,45.4985466003418,43.7013053894043,45.448097229003906,44.269920349121094,8547432,0.0,0.0
2020-03-05 00:00:00-05:00,44.32560729980469,44.467498779296875,42.62295913696289,42.9824104309082,41.868141174316406,3992798,0.0,0.0
2020-03-06 00:00:00-05:00,41.70857620239258,42.52836990356445,41.45633316040039,42.13108444213867,41.03889846801758,4324857,0.0,0.0
2020-03-09 00:00:00-04:00,39.79151916503906,40.14466094970703,37.224937438964844,39.16721725463867,38.151851654052734,5234610,0.0,0.0
2020-03-10 00:00:00-04:00,40.031150817871094,40.35906982421875,37.40150833129883,39.3879280090332,38.36684036254883,9280214,0.0,0.0
2020-03-11 00:00:00-04:00,38.15823745727539,38.63119888305664,37.13665008544922,37.47718048095703,36.50564193725586,5600763,0.0,0.0
2020-03-12 00:00:00-04:00,35.09347152709961,36.48712158203125,33.047142028808594,35.1439208984375,34.23285675048828,8242965,0.0,0.0
2020-03-13 00:00:00-04:00,36.613243103027344,37.67897415161133,34.639434814453125,37.66636276245117,36.689918518066406,5296772,0.0,0.0
2020-03-16 00:00:00-04:00,33.63676071166992,35.35202407836914,32.035011291503906,32.69084548950195,31.8433780670166,4827227,0.0,0.0
2020-03-17 00:00:00-04:00,33.334068298339844,33.76919174194336,31.16476821899414,33.20794677734375,32.347076416015625,5724929,0.0,0.0
2020-03-18 00:00:00-04:00,30.994504928588867,30.994504928588867,23.528076171875,28.415306091308594,27.67867088317871,9436888,0.0,0.0
2020-03-19 00:00:00-04:00,28.169368743896484,29.708059310913086,26.800945281982422,29.03961181640625,28.286800384521484,7178917,0.0,0.0
2020-03-20 00:00:00-04:00,29.796344757080078,30.010751724243164,27.683799743652344,28.74322509765625,27.998090744018555,6487840,0.0,0.0
2020-03-23 00:00:00-04:00,27.961267471313477,28.402694702148438,25.626747131347656,26.491945266723633,25.805173873901367,5830858,0.0,0.0
2020-03-24 00:00:00-04:00,27.973880767822266,31.66295051574707,27.619476318359375,31.480073928833008,30.663990020751953,5305177,0.0,0.0
2020-03-25 00:00:00-04:00,31.807992935180664,32.760215759277344,30.53415870666504,31.461156845092773,30.645565032958984,6162600,0.0,0.0
2020-03-26 00:00:00-04:00,31.990869522094727,33.0692138671875,31.063871383666992,32.58364486694336,31.738962173461914,6337034,0.0,0.0
2020-03-27 00:00:00-04:00,31.089096069335938,32.12329864501953,30.08011817932129,31.3098087310791,30.498140335083008,6256319,0.0,0.0
2020-03-30 00:00:00-04:00,30.899913787841797,33.16380310058594,30.88099479675293,32.85480499267578,32.003082275390625,5873198,0.0,0.0
2020-03-31 00:00:00-04:00,32.52058029174805,35.213287353515625,32.52058029174805,34.80339050292969,33.90114974975586,5024179,0.0,0.0
2020-04-01 00:00:00-04:00,33.69982147216797,35.05563735961914,33.138580322265625,34.66465759277344,33.76601791381836,6056195,0.0,0.0
2020-04-02 00:00:00-04:00,34.48808670043945,35.616878509521484,34.267372131347656,35.314186096191406,34.398712158203125,3739075,0.0,0.0
2020-04-03 00:00:00-04:00,35.44661331176758,36.770896911621094,33.680904388427734,34.22953414916992,33.34218215942383,3685318,0.0,0.0
2020-04-06 00:00:00-04:00,35.181758880615234,36.56279373168945,34.61735916137695,36.102447509765625,35.16653060913086,4255242,0.0,0.0
2020-04-07 00:00:00-04:00,37.67897415161133,38.47985076904297,36.78350830078125,36.85918045043945,35.903656005859375,3743515,0.0,0.0
2020-04-08 00:00:00-04:00,36.89701843261719,38.77623748779297,36.58802032470703,38.24021911621094,37.2489013671875,3679926,0.0,0.0
2020-04-09 00:00:00-04:00,38.687950134277344,39.696929931640625,38.107791900634766,38.492462158203125,37.494598388671875,2251152,0.0,0.0
2020-04-13 00:00:00-04:00,38.41679000854492,38.48615646362305,36.953773498535156,37.47087478637695,36.49949645996094,2578612,0.0,0.0
2020-04-14 00:00:00-04:00,38.2023811340332,38.9471321105957,38.095176696777344,38.47354507446289,37.47617721557617,3313615,0.0,0.0
2020-04-15 00:00:00-04:00,37.47718048095703,37.72942352294922,36.19073486328125,36.2537956237793,35.313961029052734,4279663,0.0,0.0
2020-04-16 00:00:00-04:00,35.862815856933594,35.94479751586914,35.00518798828125,35.806060791015625,34.87782669067383,3401149,0.0,0.0
2020-04-17 00:00:00-04:00,36.770896911621094,38.126708984375,36.72675323486328,38.06364822387695,37.076904296875,2891167,0.0,0.0
2020-04-20 00:00:00-04:00,37.5150146484375,37.650596618652344,36.56909942626953,37.0168342590332,36.05720901489258,3188815,0.0,0.0
2020-04-21 00:00:00-04:00,35.78083801269531,36.65108108520508,35.14644241333008,35.213287353515625,34.300418853759766,3437463,0.0,0.0
2020-04-22 00:00:00-04:00,36.051998138427734,36.73305892944336,35.421390533447266,36.41144943237305,35.4675178527832,1944782,0.0,0.0
2020-04-23 00:00:00-04:00,36.72675323486328,37.48979187011719,36.48712158203125,36.953773498535156,35.99578857421875,2946193,0.0,0.0
2020-04-24 00:00:00-04:00,37.206016540527344,38.334808349609375,36.93485641479492,38.0510368347168,37.06461715698242,2609852,0.0,0.0
2020-04-27 00:00:00-04:00,38.37264633178711,40.5167236328125,38.15193176269531,40.346458435058594,39.30052947998047,2725454,0.0,0.0
2020-04-28 00:00:00-04:00,41.090576171875,41.59506607055664,40.35906982421875,40.80680465698242,39.74894714355469,3095096,0.0,0.0
2020-04-29 00:00:00-04:00,41.872535705566406,42.23198318481445,41.15994644165039,41.336517333984375,40.26492691040039,3128397,0.0,0.0
2020-04-30 00:00:00-04:00,40.567169189453125,40.674373626708984,39.72215270996094,40.35906982421875,39.312808990478516,2727516,0.0,0.0
2020-05-01 00:00:00-04:00,40.201416015625,40.35906982421875,37.842933654785156,38.30958557128906,37.31645965576172,4629324,0.0,0.0
2020-05-04 00:00:00-04:00,37.56546401977539,38.47354507446289,37.43303680419922,38.46723937988281,37.47002029418945,4275698,0.0,0.0
2020-05-05 00:00:00-04:00,37.91230010986328,38.06364822387695,36.69522476196289,36.78350830078125,35.82994842529297,7203179,0.0,0.0
2020-05-06 00:00:00-04:00,36.815040588378906,37.092506408691406,36.23487854003906,36.43036651611328,35.48595428466797,3134582,0.0,0.0
2020-05-07 00:00:00-04:00,36.99791717529297,37.168182373046875,36.4019889831543,36.53126525878906,35.58424758911133,3916681,0.0,0.0
2020-05-08 00:00:00-04:00,36.9222412109375,37.533935546875,36.65108108520508,37.37628173828125,36.4073486328125,4891451,0.0,0.0
2020-05-11 00:00:00-04:00,36.94746780395508,37.653751373291016,36.46189880371094,37.092506408691406,36.13093185424805,3467117,0.0,0.0
2020-05-12 00:00:00-04:00,37.256465911865234,37.57176971435547,35.408775329589844,35.41508483886719,34.49699783325195,3348184,0.0,0.0
2020-05-13 00:00:00-04:00,35.314186096191406,35.70516586303711,33.91423034667969,34.34304428100586,33.45275115966797,3289987,0.0,0.0
2020-05-14 00:00:00-04:00,33.84486389160156,35.20067596435547,33.081825256347656,35.162837982177734,34.25128173828125,3402735,0.0,0.0
2020-05-15 00:00:00-04:00,34.79708480834961,35.471839904785156,34.639434814453125,34.84122848510742,33.93800735473633,3026115,0.0,0.0
2020-05-18 00:00:00-04:00,35.8312873840332,37.660057067871094,35.8312873840332,37.32583236694336,36.35820007324219,4697512,0.0,0.0
2020-05-19 00:00:00-04:00,37.256465911865234,38.37895202636719,37.02313995361328,37.27538299560547,36.30906677246094,3972658,0.0,0.0
2020-05-20 00:00:00-04:00,37.21232223510742,37.660057067871094,37.149261474609375,37.26907730102539,36.302921295166016,4600621,0.0,0.0
2020-05-21 00:00:00-04:00,37.206016540527344,37.24385452270508,36.524959564208984,36.75197982788086,35.79923629760742,3057672,0.0,0.0
2020-05-22 00:00:00-04:00,36.85918045043945,37.0168342590332,36.19073486328125,36.909629821777344,35.952789306640625,2467609,0.0,0.0
2020-05-26 00:00:00-04:00,38.06364822387695,39.015869140625,38.00373840332031,38.700565338134766,37.697303771972656,2488700,0.0,0.0
2020-05-27 00:00:00-04:00,39.67170333862305,40.40951919555664,39.491981506347656,40.14466094970703,39.10395812988281,2749717,0.0,0.0
2020-05-28 00:00:00-04:00,40.40951919555664,40.44735336303711,38.732093811035156,38.807769775390625,37.84333419799805,2922723,0.044143,0.0
2020-05-29 00:00:00-04:00,38.61858367919922,38.69425964355469,38.098331451416016,38.45462417602539,37.49896240234375,3811862,0.0,0.0
2020-06-01 00:00:00-04:00,38.45462417602539,39.41315460205078,38.06364822387695,39.20505142211914,38.23075485229492,3649638,0.0,0.0
2020-06-02 00:00:00-04:00,39.57711410522461,40.4221305847168,39.242889404296875,40.377986907958984,39.37454605102539,3481547,0.0,0.0
2020-06-03 00:00:00-04:00,40.989681243896484,42.38963317871094,40.85094451904297,42.30134963989258,41.250099182128906,4500718,0.0,0.0
2020-06-04 00:00:00-04:00,41.84730911254883,42.6671028137207,41.79055404663086,42.54098129272461,41.48377227783203,3184692,0.0,0.0
2020-06-05 00:00:00-04:00,44.30669021606445,46.129154205322266,44.212100982666016,44.52740478515625,43.42082977294922,6160063,0.0,0.0
2020-06-08 00:00:00-04:00,45.17062759399414,45.485931396484375,43.758060455322266,44.382362365722656,43.27939224243164,5867172,0.0,0.0
2020-06-09 00:00:00-04:00,43.657161712646484,44.1490364074707,43.05177688598633,43.87787628173828,42.787445068359375,4847842,0.0,0.0
2020-06-10 00:00:00-04:00,43.72652816772461,43.87472152709961,42.118473052978516,42.16261672973633,41.11481857299805,2575282,0.0,0.0
2020-06-11 00:00:00-04:00,40.4221305847168,40.642845153808594,39.493873596191406,39.63386917114258,38.6489143371582,4314549,0.0,0.0
2020-06-12 00:00:00-04:00,41.10319137573242,41.10319137573242,39.04109573364258,40.13835525512695,39.140865325927734,3282534,0.0,0.0
2020-06-15 00:00:00-04:00,39.003257751464844,40.775272369384766,38.58705520629883,40.60500717163086,39.595909118652344,3159002,0.0,0.0
2020-06-16 00:00:00-04:00,42.13739013671875,43.114837646484375,40.932926177978516,42.761695861816406,41.69899368286133,5435685,0.0,0.0
2020-06-17 00:00:00-04:00,43.24726486206055,43.329246520996094,42.65449142456055,42.818450927734375,41.75434494018555,4926179,0.0,0.0
2020-06-18 00:00:00-04:00,42.33287811279297,43.41753005981445,42.33287811279297,42.99502182006836,41.92652893066406,4034186,0.0,0.0
2020-06-19 00:00:00-04:00,44.03553009033203,44.0733642578125,42.74908447265625,42.78691864013672,41.72359848022461,7472600,0.0,0.0
2020-06-22 00:00:00-04:00,42.39594268798828,43.43014144897461,42.124778747558594,43.13375473022461,42.06181716918945,3676438,0.0,0.0
2020-06-23 00:00:00-04:00,43.66346740722656,43.85895919799805,43.032859802246094,43.064388275146484,41.99418258666992,3023420,0.0,0.0
2020-06-24 00:00:00-04:00,42.38332748413086,42.777462005615234,41.235618591308594,41.6265983581543,40.59210968017578,3979319,0.0,0.0
2020-06-25 00:00:00-04:00,41.72749328613281,42.79953384399414,41.18201446533203,42.6671028137207,41.606773376464844,2960148,0.0,0.0
2020-06-26 00:00:00-04:00,42.50945281982422,42.50945281982422,41.4815559387207,41.853614807128906,40.81349563598633,4905088,0.0,0.0
2020-06-29 00:00:00-04:00,42.156307220458984,43.07699966430664,42.04280090332031,42.83106231689453,41.76665115356445,2739885,0.0,0.0
2020-06-30 00:00:00-04:00,42.364410400390625,42.96979522705078,42.13739013671875,42.6671028137207,41.606773376464844,4745085,0.0,0.0
2020-07-01 00:00:00-04:00,42.72385787963867,43.07699966430664,42.48422622680664,42.54098129272461,41.48377227783203,4248740,0.0,0.0
2020-07-02 00:00:00-04:00,43.17789840698242,43.78328323364258,42.827911376953125,42.976104736328125,41.908084869384766,2265741,0.0,0.0
2020-07-06 00:00:00-04:00,43.73283767700195,43.88418197631836,43.3323974609375,43.606712341308594,42.52302169799805,1939866,0.0,0.0
2020-07-07 00:00:00-04:00,43.34185791015625,43.47428512573242,42.8878173828125,42.919349670410156,41.852745056152344,1563089,0.0,0.0
2020-07-08 00:00:00-04:00,42.8121452331543,43.09592056274414,42.33918762207031,43.058082580566406,41.9880256652832,1952552,0.0,0.0
2020-07-09 00:00:00-04:00,42.868900299072266,43.272491455078125,42.175228118896484,42.42747116088867,41.37309646606445,1888170,0.0,0.0
2020-07-10 00:00:00-04:00,42.4968376159668,42.64188003540039,42.206756591796875,42.414859771728516,41.360782623291016,2735762,0.0,0.0
2020-07-13 00:00:00-04:00,42.67340850830078,43.29771423339844,42.52836990356445,42.64818572998047,41.58831024169922,2044210,0.0,0.0
2020-07-14 00:00:00-04:00,42.73646926879883,43.72022247314453,42.26981735229492,43.61302185058594,42.52916717529297,3066870,0.0,0.0
2020-07-15 00:00:00-04:00,44.28146743774414,45.14540481567383,44.09228515625,44.893157958984375,43.77749252319336,2844545,0.0,0.0
2020-07-16 00:00:00-04:00,44.785953521728516,45.4985466003418,44.28777313232422,45.22107696533203,44.09726333618164,3238291,0.0,0.0
2020-07-17 00:00:00-04:00,45.448097229003906,45.72556686401367,45.189544677734375,45.46070861816406,44.33094024658203,1937646,0.0,0.0
2020-07-20 00:00:00-04:00,45.36611557006836,45.403953552246094,44.4643440246582,44.61568832397461,43.50692367553711,1814591,0.0,0.0
2020-07-21 00:00:00-04:00,44.74181365966797,45.27152633666992,44.74181365966797,44.89946365356445,43.783634185791016,2101614,0.0,0.0
2020-07-22 00:00:00-04:00,44.792259216308594,45.239994049072266,44.69136428833008,45.107566833496094,43.986568450927734,3130142,0.0,0.0
2020-07-23 00:00:00-04:00,45.30305480957031,46.047176361083984,45.29359436035156,45.73817825317383,44.601524353027344,2106847,0.0,0.0
2020-07-24 00:00:00-04:00,45.801239013671875,45.801239013671875,44.68505859375,44.77334213256836,43.660648345947266,2934141,0.0,0.0
2020-07-27 00:00:00-04:00,44.912078857421875,45.49224090576172,44.78910827636719,45.34089279174805,44.21410369873047,3370226,0.0,0.0
2020-07-28 00:00:00-04:00,45.17062759399414,45.25260543823242,44.74811935424805,44.792259216308594,43.67910385131836,3352783,0.0,0.0
2020-07-29 00:00:00-04:00,46.24897003173828,46.64625549316406,45.87691116333008,46.41292953491211,45.259498596191406,5995777,0.0,0.0
2020-07-30 00:00:00-04:00,45.71925735473633,45.87691116333008,45.16432189941406,45.504852294921875,44.37399673461914,4405731,0.0,0.0
2020-07-31 00:00:00-04:00,45.31566619873047,45.31566619873047,43.99138641357422,44.26254653930664,43.16257095336914,4610929,0.0,0.0
2020-08-03 00:00:00-04:00,44.4643440246582,44.540016174316406,43.71391677856445,43.865264892578125,42.77515411376953,5946936,0.0,0.0
2020-08-04 00:00:00-04:00,43.78959274291992,44.13642501831055,43.5751838684082,43.808509826660156,42.719810485839844,4929509,0.0,0.0
2020-08-05 00:00:00-04:00,44.15534591674805,44.61568832397461,43.73283767700195,44.15534591674805,43.058021545410156,6313406,0.0,0.0
2020-08-06 00:00:00-04:00,44.01660919189453,44.77964782714844,43.98823165893555,44.58415985107422,43.47618865966797,5068581,0.0,0.0
2020-08-07 00:00:00-04:00,44.57154846191406,45.596290588378906,44.3697509765625,45.54899215698242,44.41703796386719,3580182,0.0,0.0
2020-08-10 00:00:00-04:00,45.62466812133789,45.73817825317383,45.21792221069336,45.31566619873047,44.189510345458984,6980696,0.0,0.0
2020-08-11 00:00:00-04:00,45.92736053466797,46.46968460083008,45.78862762451172,46.32464599609375,45.17341232299805,13009140,0.0,0.0
2020-08-12 00:00:00-04:00,46.6651725769043,47.29578399658203,45.990421295166016,47.25794982910156,46.08352279663086,4660722,0.0,0.0
2020-08-13 00:00:00-04:00,46.76607131958008,46.90354537963867,46.1669921875,46.52013397216797,45.364036560058594,2617781,0.0,0.0
2020-08-14 00:00:00-04:00,46.34986877441406,46.936336517333984,46.25843048095703,46.40031814575195,45.247196197509766,1530580,0.0,0.0
2020-08-17 00:00:00-04:00,46.38140106201172,46.639949798583984,46.00933837890625,46.337257385253906,45.18571090698242,2910037,0.0,0.0
2020-08-18 00:00:00-04:00,46.17329788208008,46.29941940307617,45.35980987548828,45.454402923583984,44.324790954589844,2815367,0.0,0.0
2020-08-19 00:00:00-04:00,45.593135833740234,45.61836242675781,44.92469024658203,45.03189468383789,43.91279602050781,3274763,0.0,0.0
2020-08-20 00:00:00-04:00,44.55262756347656,45.39134216308594,44.50217819213867,45.33458709716797,44.20796203613281,2307447,0.0,0.0
2020-08-21 00:00:00-04:00,45.448097229003906,45.61836242675781,44.72919845581055,45.22738265991211,44.103424072265625,2503447,0.0,0.0
2020-08-24 00:00:00-04:00,45.51115798950195,45.71295166015625,45.06972885131836,45.403953552246094,44.27560043334961,2589713,0.0,0.0
2020-08-25 00:00:00-04:00,45.49224090576172,45.59944152832031,44.37605667114258,44.489566802978516,43.38392639160156,6897443,0.0,0.0
2020-08-26 00:00:00-04:00,44.55262756347656,44.966941833496094,44.09859085083008,44.77334213256836,43.660648345947266,5237940,0.0,0.0
2020-08-27 00:00:00-04:00,44.98775100708008,45.246299743652344,44.65037536621094,44.67244338989258,43.60526657104492,5391442,0.044143,0.0
2020-08-28 00:00:00-04:00,44.74811935424805,46.00933837890625,44.36344528198242,45.92736053466797,44.830196380615234,4699573,0.0,0.0
2020-08-31 00:00:00-04:00,45.750789642333984,45.990421295166016,45.280982971191406,45.47332000732422,44.38700485229492,2602399,0.0,0.0
2020-09-01 00:00:00-04:00,45.21477127075195,46.785621643066406,45.189544677734375,46.40662384033203,45.29800796508789,4477249,0.0,0.0
2020-09-02 00:00:00-04:00,46.501216888427734,47.093990325927734,46.135459899902344,46.87327575683594,45.75352478027344,3386401,0.0,0.0
2020-09-03 00:00:00-04:00,47.03092956542969,47.18857955932617,45.883216857910156,46.22374725341797,45.119503021240234,3786807,0.0,0.0
2020-09-04 00:00:00-04:00,46.8543586730957,47.32731628417969,46.52643966674805,46.797603607177734,45.67964553833008,5455824,0.0,0.0
2020-09-08 00:00:00-04:00,46.65256118774414,47.087684631347656,46.02825927734375,46.444461822509766,45.33494186401367,6526692,0.0,0.0
2020-09-09 00:00:00-04:00,46.89219284057617,48.05251693725586,46.444461822509766,47.71198654174805,46.57218933105469,7322111,0.0,0.0
2020-09-10 00:00:00-04:00,48.05251693725586,48.75249481201172,47.92008972167969,48.21017074584961,47.05847930908203,7825433,0.0,0.0
2020-09-11 00:00:00-04:00,48.386741638183594,49.111942291259766,48.10296630859375,48.79033279418945,47.62477493286133,5302798,0.0,0.0
2020-09-14 00:00:00-04:00,49.18761444091797,49.616432189941406,48.821861267089844,48.954288482666016,47.784812927246094,4622029,0.0,0.0
2020-09-15 00:00:00-04:00,49.09302520751953,49.54075622558594,48.525474548339844,48.683128356933594,47.5201301574707,3633463,0.0,0.0
2020-09-16 00:00:00-04:00,48.8533935546875,49.24752426147461,48.24800491333008,48.49394607543945,47.33546829223633,8043952,0.0,0.0
2020-09-17 00:00:00-04:00,47.9453125,49.250675201416016,47.70568084716797,48.84077835083008,47.674015045166016,7615478,0.0,0.0
2020-09-18 00:00:00-04:00,48.65159606933594,49.17500305175781,47.56064224243164,47.793968200683594,46.65221405029297,17022553,0.0,0.0
2020-09-21 00:00:00-04:00,46.86066436767578,47.24533462524414,44.912078857421875,45.63727951049805,44.54704666137695,6220956,0.0,0.0
2020-09-22 00:00:00-04:00,45.58052444458008,46.02825927734375,45.2589111328125,45.89582824707031,44.7994270324707,5249834,0.0,0.0
2020-09-23 00:00:00-04:00,45.76970672607422,46.40662384033203,45.1832389831543,45.21477127075195,44.1346321105957,3264773,0.0,0.0
2020-09-24 00:00:00-04:00,45.07603454589844,46.2426643371582,44.754425048828125,45.87060546875,44.774803161621094,4513087,0.0,0.0
2020-09-25 00:00:00-04:00,45.4985466003418,46.81021499633789,45.30936050415039,46.772377014160156,45.65501403808594,3828512,0.0,0.0
2020-09-28 00:00:00-04:00,47.793968200683594,48.28584289550781,47.330467224121094,47.75613021850586,46.61528015136719,3048475,0.0,0.0
2020-09-29 00:00:00-04:00,47.78135681152344,48.519168853759766,47.472354888916016,48.05882263183594,46.91074752807617,5058273,0.0,0.0
2020-09-30 00:00:00-04:00,48.367820739746094,48.77141189575195,47.66469192504883,48.05882263183594,46.91074752807617,4127588,0.0,0.0
2020-10-01 00:00:00-04:00,48.45610809326172,48.575923919677734,47.16335678100586,47.51019287109375,46.37521743774414,3485194,0.0,0.0
2020-10-02 00:00:00-04:00,47.00570297241211,49.54706573486328,46.96786880493164,48.80924987792969,47.64324188232422,3129349,0.0,0.0
2020-10-05 00:00:00-04:00,49.64165496826172,49.909664154052734,49.080413818359375,49.85606384277344,48.6650505065918,5048917,0.0,0.0
2020-10-06 00:00:00-04:00,50.38577651977539,50.8555793762207,49.4461669921875,49.597511291503906,48.412662506103516,3991529,0.0,0.0
2020-10-07 00:00:00-04:00,49.97587966918945,51.38214111328125,49.97587966918945,51.104671478271484,49.883827209472656,5320717,0.0,0.0
2020-10-08 00:00:00-04:00,51.37583541870117,51.78573226928711,50.94386672973633,51.57762908935547,50.34548568725586,4899221,0.0,0.0
2020-10-09 00:00:00-04:00,52.75056457519531,53.51921463012695,52.223060607910156,52.61492156982422,51.35799026489258,18120981,0.0,1.195
2020-10-12 00:00:00-04:00,52.56216812133789,52.7430305480957,50.91183090209961,51.017330169677734,49.79856491088867,5608167,0.0,0.0
2020-10-13 00:00:00-04:00,50.324039459228516,51.08515548706055,49.864356994628906,50.05274963378906,48.85702133178711,3798139,0.0,0.0
2020-10-14 00:00:00-04:00,49.909568786621094,50.580257415771484,49.751319885253906,50.48982620239258,49.283668518066406,3066962,0.0,0.0
2020-10-15 00:00:00-04:00,50.03767776489258,50.979652404785156,49.788997650146484,50.806331634521484,49.59260940551758,1877572,0.0,0.0
2020-10-16 00:00:00-04:00,51.017330169677734,51.122833251953125,50.50489807128906,50.59532928466797,49.386653900146484,2602512,0.0,0.0
2020-10-19 00:00:00-04:00,50.565185546875,50.67445373535156,49.38206481933594,49.562923431396484,48.37889862060547,2167787,0.0,0.0
2020-10-20 00:00:00-04:00,49.96232223510742,50.22984313964844,49.39713668823242,49.65335464477539,48.4671745300293,2844557,0.0,0.0
2020-10-21 00:00:00-04:00,49.85681915283203,50.17332458496094,49.442352294921875,49.60060119628906,48.415687561035156,2728843,0.0,0.0
2020-10-22 00:00:00-04:00,49.94725036621094,50.34664535522461,49.72117614746094,50.128108978271484,48.93059158325195,2992518,0.0,0.0
2020-10-23 00:00:00-04:00,50.45968246459961,50.74604415893555,49.992462158203125,50.113037109375,48.91588592529297,3681098,0.0,0.0
2020-10-26 00:00:00-04:00,49.57799530029297,49.60060119628906,48.07083511352539,48.620948791503906,47.45944595336914,2254838,0.0,0.0
2020-10-27 00:00:00-04:00,48.507911682128906,48.538055419921875,47.64883041381836,47.965335845947266,46.81948471069336,2479367,0.0,0.0
2020-10-28 00:00:00-04:00,47.505653381347656,47.601356506347656,46.036170959472656,46.57875061035156,45.46602249145508,4543913,0.0,0.0
2020-10-29 00:00:00-04:00,46.3300666809082,47.3474006652832,45.832706451416016,46.92539596557617,45.80439758300781,2489983,0.0,0.0
2020-10-30 00:00:00-04:00,46.887718200683594,47.053504943847656,45.88168716430664,46.42049789428711,45.311553955078125,3559279,0.0,0.0
2020-11-02 00:00:00-05:00,47.12886047363281,47.9125862121582,47.01582336425781,47.71665573120117,46.57675552368164,3813002,0.0,0.0
2020-11-03 00:00:00-05:00,48.311981201171875,49.434814453125,47.75433349609375,48.97513198852539,47.805152893066406,2129039,0.0,0.0
2020-11-04 00:00:00-05:00,48.59834289550781,49.095703125,47.505653381347656,48.69630813598633,47.53300094604492,2414742,0.0,0.0
2020-11-05 00:00:00-05:00,49.751319885253906,51.67294692993164,49.49510192871094,51.205726623535156,49.98246765136719,4233263,0.0,0.0
2020-11-06 00:00:00-05:00,51.235870361328125,51.85380554199219,50.810096740722656,51.52223205566406,50.291412353515625,2425756,0.0,0.0
2020-11-09 00:00:00-05:00,54.355690002441406,55.95704650878906,52.95026397705078,52.999244689941406,51.73313903808594,2543063,0.0,0.0
2020-11-10 00:00:00-05:00,53.225318908691406,53.43632125854492,52.53202819824219,52.599849700927734,51.343284606933594,3323472,0.0,0.0
2020-11-11 00:00:00-05:00,53.134891510009766,53.27053451538086,51.978145599365234,52.75056457519531,51.490394592285156,2364979,0.0,0.0
2020-11-12 00:00:00-05:00,52.18538284301758,52.795780181884766,51.98568344116211,52.381309509277344,51.12996292114258,1858331,0.0,0.0
2020-11-13 00:00:00-05:00,52.86360168457031,53.707611083984375,52.81838607788086,53.46646499633789,52.189205169677734,2243692,0.0,0.0
2020-11-16 00:00:00-05:00,54.2652587890625,54.45365524291992,53.37603759765625,54.3782958984375,53.07925033569336,3275965,0.0,0.0
2020-11-17 00:00:00-05:00,53.80557632446289,54.250186920166016,52.886207580566406,53.99397277832031,52.7041015625,1745536,0.0,0.0
2020-11-18 00:00:00-05:00,54.06932830810547,54.3782958984375,53.48907470703125,53.49660873413086,52.2186279296875,1526581,0.0,0.0
2020-11-19 00:00:00-05:00,53.46646499633789,53.790504455566406,52.61492156982422,53.75282669067383,52.46871566772461,1530695,0.0,0.0
2020-11-20 00:00:00-05:00,53.9261474609375,54.08440017700195,53.474002838134766,53.74528884887695,52.46135711669922,2056585,0.0,0.0
2020-11-23 00:00:00-05:00,54.242652893066406,54.46118927001953,53.850791931152344,54.016578674316406,52.726165771484375,1564400,0.0,0.0
2020-11-24 00:00:00-05:00,54.581764221191406,55.08666229248047,54.14845657348633,55.01130294799805,53.6971435546875,2907324,0.0,0.0
2020-11-25 00:00:00-05:00,54.920875549316406,54.920875549316406,53.933685302734375,54.159759521484375,52.91667556762695,2091883,0.052751,0.0
2020-11-27 00:00:00-05:00,54.250186920166016,54.34061813354492,53.69253921508789,53.828182220458984,52.59270477294922,892806,0.0,0.0
2020-11-30 00:00:00-05:00,52.4265251159668,53.165035247802734,52.166542053222656,52.84852981567383,51.635536193847656,3007646,0.0,0.0
2020-12-01 00:00:00-05:00,53.3308219909668,54.02788162231445,53.0821418762207,53.165035247802734,51.94477844238281,3070413,0.0,0.0
2020-12-02 00:00:00-05:00,52.938961029052734,53.08967590332031,52.0874137878418,52.486812591552734,51.28213119506836,2228829,0.0,0.0
2020-12-03 00:00:00-05:00,52.381309509277344,53.07460403442383,51.7483024597168,51.86887741088867,50.678367614746094,4208315,0.0,0.0
2020-12-04 00:00:00-05:00,52.75810241699219,54.03165054321289,52.58477783203125,53.715145111083984,52.482261657714844,5034505,0.0,0.0
2020-12-07 00:00:00-05:00,53.8960075378418,53.92991638183594,52.230594635009766,52.2908821105957,51.090694427490234,2777146,0.0,0.0
2020-12-08 00:00:00-05:00,51.93669891357422,52.155235290527344,51.51469421386719,51.544837951660156,50.36177062988281,4569923,0.0,0.0
2020-12-09 00:00:00-05:00,51.78598403930664,52.58477783203125,51.55237579345703,52.479278564453125,51.2747688293457,4463895,0.0,0.0
2020-12-10 00:00:00-05:00,51.9517707824707,52.86360168457031,51.718162536621094,51.944236755371094,50.75199508666992,1912738,0.0,0.0
2020-12-11 00:00:00-05:00,51.52976608276367,52.04973602294922,51.469478607177734,51.657875061035156,50.47221374511719,1873857,0.0,0.0
2020-12-14 00:00:00-05:00,52.18538284301758,52.43406295776367,51.41672897338867,51.43933868408203,50.258689880371094,2338572,0.0,0.0
2020-12-15 00:00:00-05:00,51.883949279785156,52.607383728027344,51.22079849243164,52.29841613769531,51.098045349121094,2222592,0.0,0.0
2020-12-16 00:00:00-05:00,52.43406295776367,52.55463409423828,51.75584030151367,51.93669891357422,50.74462890625,1938349,0.0,0.0
2020-12-17 00:00:00-05:00,52.260738372802734,52.55463409423828,51.82366180419922,52.24566650390625,51.0465202331543,1973647,0.0,0.0
2020-12-18 00:00:00-05:00,52.38884735107422,52.825923919677734,52.13262939453125,52.62245559692383,51.4146614074707,3822556,0.0,0.0
2020-12-21 00:00:00-05:00,51.657875061035156,52.7656364440918,51.64280319213867,52.607383728027344,51.39992141723633,2273018,0.0,0.0
2020-12-22 00:00:00-05:00,52.2908821105957,52.690277099609375,51.43933868408203,51.59005355834961,50.40595245361328,3366466,0.0,0.0
2020-12-23 00:00:00-05:00,52.042198181152344,52.486812591552734,51.3865852355957,52.260738372802734,51.061241149902344,2898832,0.0,0.0
2020-12-24 00:00:00-05:00,52.607383728027344,52.62245559692383,51.921627044677734,52.479278564453125,51.2747688293457,546857,0.0,0.0
2020-12-28 00:00:00-05:00,52.84852981567383,53.2177848815918,51.79351806640625,51.9743766784668,50.78145980834961,1356592,0.0,0.0
2020-12-29 00:00:00-05:00,52.27581024169922,52.41899108886719,51.205726623535156,51.52223205566406,50.339683532714844,1112822,0.0,0.0
2020-12-30 00:00:00-05:00,51.718162536621094,52.58477783203125,51.718162536621094,52.4265251159668,51.22322463989258,1310280,0.0,0.0
2020-12-31 00:00:00-05:00,52.2908821105957,53.451393127441406,52.027130126953125,53.368499755859375,52.14356994628906,1863904,0.0,0.0
2021-01-04 00:00:00-05:00,53.504146575927734,53.63978958129883,51.74076843261719,51.85380554199219,50.66364669799805,2963191,0.0,0.0
2021-01-05 00:00:00-05:00,51.89902114868164,52.40768814086914,51.31122970581055,51.62019729614258,50.435401916503906,3439319,0.0,0.0
2021-01-06 00:00:00-05:00,52.20798873901367,53.790504455566406,52.004520416259766,53.5568962097168,52.327640533447266,4883891,0.0,0.0
2021-01-07 00:00:00-05:00,53.91107940673828,54.89073181152344,53.4438591003418,54.67219161987305,53.4173469543457,2814169,0.0,0.0
2021-01-08 00:00:00-05:00,54.86812210083008,55.32027053833008,54.29540252685547,54.694801330566406,53.43943405151367,2295843,0.0,0.0
2021-01-11 00:00:00-05:00,54.10700988769531,54.476261138916016,53.43632125854492,53.57196807861328,52.34237289428711,1660210,0.0,0.0
2021-01-12 00:00:00-05:00,53.6699333190918,53.91861343383789,53.051998138427734,53.57196807861328,52.34237289428711,1919373,0.0,0.0
2021-01-13 00:00:00-05:00,53.66239547729492,54.016578674316406,52.69781494140625,52.90127944946289,51.68708419799805,1671489,0.0,0.0
2021-01-14 00:00:00-05:00,53.21025085449219,53.57950210571289,52.5395622253418,53.14996337890625,51.93004608154297,2692350,0.0,0.0
2021-01-15 00:00:00-05:00,52.86360168457031,53.1612663269043,52.24566650390625,52.916351318359375,51.70180130004883,1702674,0.0,0.0
2021-01-19 00:00:00-05:00,53.38357162475586,53.594573974609375,52.75810241699219,53.03692626953125,51.819618225097656,3479129,0.0,0.0
2021-01-20 00:00:00-05:00,53.00678253173828,53.42878723144531,52.75056457519531,52.90127944946289,51.68708419799805,2968897,0.0,0.0
2021-01-21 00:00:00-05:00,52.90127944946289,53.29314041137695,52.599849700927734,52.795780181884766,51.58399963378906,1973913,0.0,0.0
2021-01-22 00:00:00-05:00,52.69781494140625,52.78824234008789,51.76337432861328,52.23813247680664,51.039154052734375,2148678,0.0,0.0
2021-01-25 00:00:00-05:00,51.84627151489258,51.996986389160156,51.05501174926758,51.13790512084961,49.964176177978516,2209853,0.0,0.0
2021-01-26 00:00:00-05:00,51.243404388427734,51.544837951660156,50.4521484375,50.48982620239258,49.33097457885742,2896576,0.0,0.0
2021-01-27 00:00:00-05:00,49.84174728393555,50.022605895996094,48.66616439819336,49.84174728393555,48.69776153564453,4638130,0.0,0.0
2021-01-28 00:00:00-05:00,50.550113677978516,51.10776138305664,49.886962890625,50.331573486328125,49.176353454589844,2144432,0.0,0.0
2021-01-29 00:00:00-05:00,50.097965240478516,50.565185546875,49.32177734375,49.79653549194336,48.65359115600586,2276469,0.0,0.0
2021-02-01 00:00:00-05:00,50.097965240478516,50.42200469970703,49.81160354614258,50.211002349853516,49.05854415893555,2034291,0.0,0.0
2021-02-02 00:00:00-05:00,50.51996994018555,50.76865005493164,49.79653549194336,50.16578674316406,49.01436996459961,3040024,0.0,0.0
2021-02-03 00:00:00-05:00,50.105499267578125,50.361717224121094,49.645816802978516,49.92464065551758,48.77875900268555,2953106,0.0,0.0
2021-02-04 00:00:00-05:00,49.871891021728516,50.241146087646484,49.73624801635742,49.79653549194336,48.65359115600586,4427668,0.0,0.0
2021-02-05 00:00:00-05:00,51.02486801147461,52.77317428588867,51.02486801147461,51.921627044677734,50.72990417480469,8187192,0.0,0.0
2021-02-08 00:00:00-05:00,52.027130126953125,52.24566650390625,50.48229217529297,51.002262115478516,49.83164978027344,5966988,0.0,0.0
2021-02-09 00:00:00-05:00,51.05501174926758,51.695552825927734,50.73850631713867,51.42426681518555,50.24397277832031,2630512,0.0,0.0
2021-02-10 00:00:00-05:00,51.996986389160156,53.3308219909668,51.605125427246094,52.93142318725586,51.71652603149414,3569630,0.0,0.0
2021-02-11 00:00:00-05:00,53.21025085449219,53.828182220458984,52.44159698486328,53.14996337890625,51.93004608154297,3155341,0.0,0.0
2021-02-12 00:00:00-05:00,52.97663879394531,53.98643493652344,52.803314208984375,53.8960075378418,52.65897750854492,1992756,0.0,0.0
2021-02-16 00:00:00-05:00,53.7000732421875,54.17483139038086,52.494346618652344,52.599849700927734,51.3925666809082,2887021,0.0,0.0
2021-02-17 00:00:00-05:00,51.79351806640625,52.110023498535156,50.36925506591797,50.94197463989258,49.77273941040039,4438550,0.0,0.0
2021-02-18 00:00:00-05:00,50.64054489135742,51.009796142578125,49.79276657104492,50.25621795654297,49.10272979736328,4235121,0.0,0.0
2021-02-19 00:00:00-05:00,50.51996994018555,51.13790512084961,50.48982620239258,50.63300704956055,49.470882415771484,2309776,0.0,0.0
2021-02-22 00:00:00-05:00,50.14318084716797,51.19819259643555,49.95478439331055,50.557647705078125,49.397239685058594,2891533,0.0,0.0
2021-02-23 00:00:00-05:00,50.663150787353516,50.91183090209961,49.73624801635742,50.82140350341797,49.65494155883789,3799599,0.0,0.0
2021-02-24 00:00:00-05:00,50.866615295410156,51.55990982055664,50.63300704956055,50.97211837768555,49.80219650268555,3210677,0.0,0.0
2021-02-25 00:00:00-05:00,50.776187896728516,51.039939880371094,49.63074493408203,49.96985626220703,48.87351608276367,2707478,0.052751,0.0
2021-02-26 00:00:00-05:00,50.135643005371094,50.20346450805664,49.434814453125,49.60060119628906,48.51236343383789,2986015,0.0,0.0
2021-03-01 00:00:00-05:00,50.29389572143555,51.76714324951172,50.20346450805664,51.228336334228516,50.1043815612793,2098651,0.0,0.0
2021-03-02 00:00:00-05:00,51.152976989746094,51.39412307739258,50.69103240966797,51.31122970581055,50.18546676635742,1898539,0.0,0.0
2021-03-03 00:00:00-05:00,51.205726623535156,51.574981689453125,51.009796142578125,51.039939880371094,49.920127868652344,2160621,0.0,0.0
2021-03-04 00:00:00-05:00,51.032405853271484,51.29615783691406,49.48756790161133,50.07535934448242,48.97670364379883,1912605,0.0,0.0
2021-03-05 00:00:00-05:00,50.53504180908203,50.68575668334961,48.982669830322266,50.580257415771484,49.47053146362305,3123227,0.0,0.0
2021-03-08 00:00:00-05:00,50.95704650878906,52.75056457519531,50.474754333496094,51.87641143798828,50.738243103027344,2888083,0.0,0.0
2021-03-09 00:00:00-05:00,52.17030715942383,52.81085205078125,51.718162536621094,52.147701263427734,51.003578186035156,6048068,0.0,0.0
2021-03-10 00:00:00-05:00,52.260738372802734,52.77317428588867,51.996986389160156,52.343631744384766,51.19521713256836,2791875,0.0,0.0
2021-03-11 00:00:00-05:00,52.38884735107422,52.712886810302734,51.130367279052734,51.379051208496094,50.25179672241211,4595799,0.0,0.0
2021-03-12 00:00:00-05:00,51.25847625732422,51.39412307739258,50.444610595703125,50.93444061279297,49.81694412231445,4686168,0.0,0.0
2021-03-15 00:00:00-04:00,50.85154342651367,51.84627151489258,49.864356994628906,51.801055908203125,50.66454315185547,3785798,0.0,0.0
2021-03-16 00:00:00-04:00,51.82366180419922,51.9517707824707,50.361717224121094,50.40693283081055,49.30101013183594,2869107,0.0,0.0
2021-03-17 00:00:00-04:00,50.437076568603516,51.28108596801758,50.04521560668945,50.85154342651367,49.73585510253906,2400941,0.0,0.0
2021-03-18 00:00:00-04:00,50.889225006103516,51.718162536621094,50.85154342651367,51.348907470703125,50.22230911254883,2356089,0.0,0.0
2021-03-19 00:00:00-04:00,51.092689514160156,51.3865852355957,50.82140350341797,51.002262115478516,49.88327407836914,4162136,0.0,0.0
2021-03-22 00:00:00-04:00,50.904296875,51.469478607177734,50.090431213378906,51.40165710449219,50.273902893066406,2614057,0.0,0.0
2021-03-23 00:00:00-04:00,51.130367279052734,51.9517707824707,50.73850631713867,51.017330169677734,49.89801025390625,2310307,0.0,0.0
2021-03-24 00:00:00-04:00,51.40919494628906,52.6299934387207,51.2999267578125,52.19291687011719,51.04780197143555,2045836,0.0,0.0
2021-03-25 00:00:00-04:00,52.4039192199707,53.08967590332031,51.620948791503906,52.92388916015625,51.76273727416992,2436637,0.0,0.0
2021-03-26 00:00:00-04:00,53.165035247802734,53.79804229736328,52.833457946777344,53.7000732421875,52.52189636230469,2884235,0.0,0.0
2021-03-29 00:00:00-04:00,53.511680603027344,53.730220794677734,52.77317428588867,53.06707000732422,51.90278244018555,2004434,0.0,0.0
2021-03-30 00:00:00-04:00,53.059532165527344,54.302940368652344,53.059532165527344,53.8131103515625,52.63245391845703,3157995,0.0,0.0
2021-03-31 00:00:00-04:00,53.65486145019531,54.06932830810547,53.21025085449219,53.23285675048828,52.06492233276367,3940128,0.0,0.0
2021-04-01 00:00:00-04:00,53.828182220458984,53.828182220458984,52.3134880065918,53.42878723144531,52.25656509399414,2573053,0.0,0.0
2021-04-05 00:00:00-04:00,53.9261474609375,54.611907958984375,53.7000732421875,54.21250915527344,53.02307891845703,2754852,0.0,0.0
2021-04-06 00:00:00-04:00,54.11454391479492,54.4913330078125,53.41371536254883,53.65486145019531,52.47767639160156,2904272,0.0,0.0
2021-04-07 00:00:00-04:00,53.617183685302734,54.250186920166016,53.451393127441406,53.80557632446289,52.62507629394531,2405188,0.0,0.0
2021-04-08 00:00:00-04:00,53.707611083984375,53.84325408935547,52.92388916015625,52.938961029052734,51.77748489379883,3975294,0.0,0.0
2021-04-09 00:00:00-04:00,53.07460403442383,53.564430236816406,52.712886810302734,53.474002838134766,52.300785064697266,3976621,0.0,0.0
2021-04-12 00:00:00-04:00,53.6699333190918,55.501129150390625,53.46646499633789,55.43330764770508,54.21710205078125,2723933,0.0,0.0
2021-04-13 00:00:00-04:00,55.20723342895508,55.35041427612305,54.702335357666016,54.98869705200195,53.782257080078125,2601318,0.0,0.0
2021-04-14 00:00:00-04:00,54.93594741821289,55.1695556640625,54.302940368652344,54.53654861450195,53.34001922607422,1767299,0.0,0.0
2021-04-15 00:00:00-04:00,54.589298248291016,54.83797836303711,54.167293548583984,54.415977478027344,53.22209548950195,2420846,0.0,0.0
2021-04-16 00:00:00-04:00,54.93594741821289,55.20723342895508,54.216278076171875,54.54408264160156,53.34737777709961,3070943,0.0,0.0
2021-04-19 00:00:00-04:00,54.355690002441406,54.59306716918945,54.03165054321289,54.52147674560547,53.325279235839844,1846255,0.0,0.0
2021-04-20 00:00:00-04:00,54.67219161987305,54.98115921020508,54.1522216796875,54.67972946166992,53.48005676269531,2074897,0.0,0.0
2021-04-21 00:00:00-04:00,54.7174072265625,55.90806198120117,54.67219161987305,55.697059631347656,54.475059509277344,3149767,0.0,0.0
2021-04-22 00:00:00-04:00,55.56141662597656,56.07611083984375,55.071590423583984,55.40316390991211,54.18761444091797,4046687,0.0,0.0
2021-04-23 00:00:00-04:00,55.636775970458984,55.8477783203125,55.45591735839844,55.7347412109375,54.511924743652344,2884633,0.0,0.0
2021-04-26 00:00:00-04:00,55.840240478515625,55.9909553527832,55.418235778808594,55.523738861083984,54.3055419921875,2131427,0.0,0.0
2021-04-27 00:00:00-04:00,55.46345138549805,56.08138656616211,55.15825271606445,55.91559982299805,54.68882369995117,2786302,0.0,0.0
2021-04-28 00:00:00-04:00,55.923133850097656,56.39035415649414,55.70459747314453,55.93820571899414,54.71092987060547,2070916,0.0,0.0
2021-04-29 00:00:00-04:00,56.284854888916016,56.518463134765625,55.70459747314453,56.4129638671875,55.175270080566406,1802995,0.0,0.0
2021-04-30 00:00:00-04:00,54.62321090698242,55.54634475708008,53.285606384277344,53.368499755859375,52.197593688964844,6373714,0.0,0.0
2021-05-03 00:00:00-04:00,53.76789855957031,54.54408264160156,53.391109466552734,53.69253921508789,52.514530181884766,2539347,0.0,0.0
2021-05-04 00:00:00-04:00,53.60964584350586,54.2351188659668,53.451393127441406,54.137149810791016,52.949378967285156,1948434,0.0,0.0
2021-05-05 00:00:00-04:00,54.189903259277344,54.34061813354492,53.60211181640625,54.02411651611328,52.83882522583008,1734389,0.0,0.0
2021-05-06 00:00:00-04:00,54.34061813354492,54.67972946166992,54.016578674316406,54.59683609008789,53.39897918701172,1477880,0.0,0.0
2021-05-07 00:00:00-04:00,54.65711975097656,55.27505874633789,54.355690002441406,54.87565994262695,53.671688079833984,1855677,0.0,0.0
2021-05-10 00:00:00-04:00,55.21477127075195,55.70836639404297,53.95629119873047,53.97890090942383,52.79460525512695,4648879,0.0,0.0
2021-05-11 00:00:00-04:00,53.83572006225586,53.92238235473633,52.72795867919922,52.86360168457031,51.70377731323242,7630781,0.0,0.0
2021-05-12 00:00:00-04:00,52.75056457519531,53.134891510009766,51.461944580078125,51.52976608276367,50.39921569824219,3171132,0.0,0.0
2021-05-13 00:00:00-04:00,51.657875061035156,52.66767120361328,51.40919494628906,52.35116958618164,51.20259475708008,1993419,0.0,0.0
2021-05-14 00:00:00-04:00,52.62245559692383,53.35719680786133,52.53202819824219,53.21025085449219,52.04282760620117,2233208,0.0,0.0
2021-05-17 00:00:00-04:00,52.98417663574219,53.41371536254883,52.66767120361328,53.18764114379883,52.02070999145508,2416998,0.0,0.0
2021-05-18 00:00:00-04:00,53.2177848815918,53.51921463012695,52.155235290527344,52.1778450012207,51.033058166503906,2458400,0.0,0.0
2021-05-19 00:00:00-04:00,51.348907470703125,52.13262939453125,50.82893753051758,52.0874137878418,50.94460678100586,4225035,0.0,0.0
2021-05-20 00:00:00-04:00,52.825923919677734,53.52675247192383,52.78070831298828,53.12735366821289,51.96173858642578,2820140,0.0,0.0
2021-05-21 00:00:00-04:00,53.511680603027344,54.076866149902344,53.42124938964844,53.933685302734375,52.75038146972656,3538976,0.0,0.0
2021-05-24 00:00:00-04:00,54.25772476196289,54.611907958984375,53.75282669067383,54.22758102416992,53.03783416748047,2473528,0.0,0.0
2021-05-25 00:00:00-04:00,54.167293548583984,54.506404876708984,53.92991638183594,53.97890090942383,52.79460525512695,2273018,0.0,0.0
2021-05-26 00:00:00-04:00,54.0391845703125,54.385833740234375,53.83572006225586,54.22004318237305,53.03046417236328,2203351,0.0,0.0
2021-05-27 00:00:00-04:00,54.581764221191406,54.82667541503906,54.23888397216797,54.46118927001953,53.31818771362305,7870437,0.052751,0.0
2021-05-28 00:00:00-04:00,54.44611740112305,54.87565994262695,54.355690002441406,54.64958572387695,53.502628326416016,2189948,0.0,0.0
2021-06-01 00:00:00-04:00,55.06405258178711,55.37302017211914,54.01280975341797,54.40090560913086,53.25917053222656,3568170,0.0,0.0
2021-06-02 00:00:00-04:00,54.3782958984375,55.43255615234375,54.2351188659668,55.34288024902344,54.181365966796875,3577327,0.0,0.0
2021-06-03 00:00:00-04:00,55.033912658691406,55.68198776245117,54.65711975097656,55.42577362060547,54.26252746582031,2905334,0.0,0.0
2021-06-04 00:00:00-04:00,55.59156036376953,55.749813079833984,55.08666229248047,55.357948303222656,54.196128845214844,2061893,0.0,0.0
2021-06-07 00:00:00-04:00,55.418235778808594,55.53881072998047,54.33308029174805,54.815372467041016,53.66493606567383,3358239,0.0,0.0
2021-06-08 00:00:00-04:00,54.79276657104492,54.807838439941406,54.129615783691406,54.280330657958984,53.141117095947266,2919002,0.0,0.0
2021-06-09 00:00:00-04:00,54.189903259277344,54.21250915527344,53.51921463012695,53.5568962097168,52.43287658691406,3037768,0.0,0.0
2021-06-10 00:00:00-04:00,53.677467346191406,53.850791931152344,52.908817291259766,53.1047477722168,51.99021911621094,3890366,0.0,0.0
2021-06-11 00:00:00-04:00,53.451393127441406,53.87339782714844,52.995479583740234,53.83572006225586,52.705841064453125,3836755,0.0,0.0
2021-06-14 00:00:00-04:00,53.83572006225586,53.83572006225586,52.97663879394531,53.5870361328125,52.462379455566406,3977948,0.0,0.0
2021-06-15 00:00:00-04:00,53.594573974609375,54.03165054321289,53.34589385986328,53.8960075378418,52.76486587524414,4561695,0.0,0.0
2021-06-16 00:00:00-04:00,53.87339782714844,53.87339782714844,52.84099578857422,52.886207580566406,51.7762565612793,5158845,0.0,0.0
2021-06-17 00:00:00-04:00,52.78070831298828,52.9917106628418,51.831199645996094,52.373775482177734,51.27458953857422,6139631,0.0,0.0
2021-06-18 00:00:00-04:00,51.66541290283203,52.392616271972656,51.605125427246094,51.95930862426758,50.868812561035156,8395266,0.0,0.0
2021-06-21 00:00:00-04:00,52.034664154052734,52.57724380493164,51.93669891357422,52.38884735107422,51.28934097290039,4524937,0.0,0.0
2021-06-22 00:00:00-04:00,52.35870361328125,52.59231185913086,51.86737060546875,52.44159698486328,51.34097671508789,4320049,0.0,0.0
2021-06-23 00:00:00-04:00,52.47174072265625,52.66013717651367,51.996986389160156,52.04973602294922,50.95734786987305,3550256,0.0,0.0
2021-06-24 00:00:00-04:00,52.18538284301758,52.41899108886719,51.85380554199219,52.35870361328125,51.25982666015625,3827333,0.0,0.0
2021-06-25 00:00:00-04:00,52.67520523071289,53.03692626953125,52.35870361328125,52.69781494140625,51.591827392578125,6614299,0.0,0.0
2021-06-28 00:00:00-04:00,52.87113952636719,53.198944091796875,51.96307373046875,52.908817291259766,51.798404693603516,5627409,0.0,0.0
2021-06-29 00:00:00-04:00,52.9917106628418,53.21025085449219,52.47174072265625,52.8786735534668,51.76887893676758,3625364,0.0,0.0
2021-06-30 00:00:00-04:00,52.70534896850586,53.11981964111328,52.41145324707031,52.55463409423828,51.45164108276367,5461401,0.0,0.0
2021-07-01 00:00:00-04:00,52.66767120361328,53.36473083496094,52.66767120361328,53.19517517089844,52.0787353515625,4091937,0.0,0.0
2021-07-02 00:00:00-04:00,53.338356018066406,53.4438591003418,53.0821418762207,53.29314041137695,52.174652099609375,3285121,0.0,0.0
2021-07-06 00:00:00-04:00,53.278072357177734,53.278072357177734,52.04973602294922,52.55463409423828,51.45164108276367,5344758,0.0,0.0
2021-07-07 00:00:00-04:00,52.44159698486328,53.48907470703125,52.29841613769531,53.278072357177734,52.15989685058594,6301127,0.0,0.0
2021-07-08 00:00:00-04:00,52.61115264892578,52.89374542236328,52.18538284301758,52.4265251159668,51.32622528076172,4204334,0.0,0.0
2021-07-09 00:00:00-04:00,53.059532165527344,53.594573974609375,52.8221549987793,53.26300048828125,52.145145416259766,2210251,0.0,0.0
2021-07-12 00:00:00-04:00,53.481536865234375,53.54935836791992,52.803314208984375,53.08967590332031,51.97545623779297,3174715,0.0,0.0
2021-07-13 00:00:00-04:00,53.5568962097168,53.933685302734375,53.04446029663086,53.18764114379883,52.07136154174805,4800024,0.0,0.0
2021-07-14 00:00:00-04:00,53.49660873413086,53.511680603027344,52.66013717651367,53.3308219909668,52.2115364074707,2070120,0.0,0.0
2021-07-15 00:00:00-04:00,53.06707000732422,53.398643493652344,52.908817291259766,53.051998138427734,51.938568115234375,3019589,0.0,0.0
2021-07-16 00:00:00-04:00,53.2177848815918,53.391109466552734,52.6299934387207,52.682743072509766,51.57706069946289,2325700,0.0,0.0
2021-07-19 00:00:00-04:00,51.831199645996094,52.10248565673828,50.84400939941406,51.52223205566406,50.440914154052734,4369148,0.0,0.0
2021-07-20 00:00:00-04:00,51.76337432861328,52.77317428588867,51.657875061035156,52.599849700927734,51.49591064453125,2842965,0.0,0.0
2021-07-21 00:00:00-04:00,52.66013717651367,53.00678253173828,52.39638137817383,52.41899108886719,51.31885528564453,3059000,0.0,0.0
2021-07-22 00:00:00-04:00,52.56216812133789,52.56216812133789,51.801055908203125,52.117557525634766,51.02374267578125,3558218,0.0,0.0
2021-07-23 00:00:00-04:00,52.44159698486328,52.505653381347656,51.940467834472656,52.230594635009766,51.1343994140625,3481252,0.0,0.0
2021-07-26 00:00:00-04:00,52.27581024169922,52.41522216796875,51.56744384765625,51.9743766784668,50.883567810058594,2948727,0.0,0.0
2021-07-27 00:00:00-04:00,51.62773132324219,52.01205825805664,51.205726623535156,51.82366180419922,50.73601531982422,6323819,0.0,0.0
2021-07-28 00:00:00-04:00,51.95930862426758,52.18538284301758,51.53730010986328,51.87641143798828,50.787662506103516,4031426,0.0,0.0
2021-07-29 00:00:00-04:00,52.07987976074219,52.4039192199707,51.64280319213867,52.027130126953125,50.93520736694336,5542348,0.0,0.0
2021-07-30 00:00:00-04:00,54.19743728637695,54.853050231933594,53.051998138427734,54.755088806152344,53.60592269897461,7304472,0.0,0.0
2021-08-02 00:00:00-04:00,55.23737716674805,56.435569763183594,54.98869705200195,55.388092041015625,54.22563171386719,7286026,0.0,0.0
2021-08-03 00:00:00-04:00,55.51620101928711,56.35267639160156,55.33534240722656,56.19442367553711,55.015045166015625,3345898,0.0,0.0
2021-08-04 00:00:00-04:00,55.8779182434082,56.13790512084961,55.40316390991211,55.46345138549805,54.29941177368164,2605432,0.0,0.0
2021-08-05 00:00:00-04:00,55.757347106933594,55.90052795410156,55.20346450805664,55.3956298828125,54.23301315307617,2689166,0.0,0.0
2021-08-06 00:00:00-04:00,55.53881072998047,56.22456741333008,55.29012680053711,56.13413619995117,54.95602035522461,2405851,0.0,0.0
2021-08-09 00:00:00-04:00,55.9608154296875,56.12660217285156,55.65184783935547,55.8779182434082,54.70518112182617,1625575,0.0,0.0
2021-08-10 00:00:00-04:00,55.90052795410156,56.382816314697266,55.70836639404297,56.149208068847656,54.97077178955078,2107541,0.0,0.0
2021-08-11 00:00:00-04:00,56.24717330932617,56.67671585083008,55.90806198120117,56.50339126586914,55.317527770996094,2826908,0.0,0.0
2021-08-12 00:00:00-04:00,56.518463134765625,57.140167236328125,56.382816314697266,56.978145599365234,55.78232192993164,2693545,0.0,0.0
2021-08-13 00:00:00-04:00,57.24189758300781,57.43783187866211,56.721927642822266,57.24189758300781,56.04053497314453,1792114,0.0,0.0
2021-08-16 00:00:00-04:00,57.15147018432617,57.15147018432617,56.721927642822266,57.01582336425781,55.819210052490234,2016377,0.0,0.0
2021-08-17 00:00:00-04:00,56.85003662109375,56.85003662109375,55.8779182434082,56.33760452270508,55.15522003173828,2260810,0.0,0.0
2021-08-18 00:00:00-04:00,55.99849319458008,56.405426025390625,55.636775970458984,55.70459747314453,54.53549575805664,2467424,0.0,0.0
2021-08-19 00:00:00-04:00,55.2825927734375,55.56141662597656,54.88319396972656,55.357948303222656,54.196128845214844,3763107,0.0,0.0
2021-08-20 00:00:00-04:00,55.36548614501953,55.71590042114258,55.12434005737305,55.33534240722656,54.17399597167969,2577830,0.0,0.0
2021-08-23 00:00:00-04:00,55.62923812866211,55.7648811340332,55.041446685791016,55.09419631958008,53.93791198730469,1788663,0.0,0.0
2021-08-24 00:00:00-04:00,55.23737716674805,55.79502487182617,55.19969940185547,55.53881072998047,54.37320327758789,1610182,0.0,0.0
2021-08-25 00:00:00-04:00,55.614166259765625,56.08138656616211,55.22230529785156,56.036170959472656,54.860107421875,1549405,0.0,0.0
2021-08-26 00:00:00-04:00,55.82516860961914,55.89299011230469,55.29012680053711,55.357948303222656,54.196128845214844,2801695,0.0,0.0
2021-08-27 00:00:00-04:00,55.644309997558594,56.19442367553711,55.56895446777344,55.81763458251953,54.64616394042969,2307520,0.0,0.0
2021-08-30 00:00:00-04:00,55.9608154296875,56.30746078491211,55.749813079833984,55.85531234741211,54.683048248291016,1615755,0.0,0.0
2021-08-31 00:00:00-04:00,55.81763458251953,55.93067169189453,55.44084548950195,55.66691970825195,54.49860382080078,2413150,0.0,0.0
2021-09-01 00:00:00-04:00,55.77995681762695,55.9608154296875,55.22984313964844,55.697059631347656,54.52811813354492,1928529,0.0,0.0
2021-09-02 00:00:00-04:00,56.036170959472656,56.488319396972656,55.93820571899414,56.48078536987305,55.2953987121582,1905705,0.0,0.0
2021-09-03 00:00:00-04:00,56.405426025390625,57.02336120605469,56.269779205322266,56.8952522277832,55.701168060302734,2892727,0.0,0.0
2021-09-07 00:00:00-04:00,56.91032409667969,57.15147018432617,55.557647705078125,55.59156036376953,54.42483139038086,2932272,0.0,0.0
2021-09-08 00:00:00-04:00,55.410701751708984,56.02863693237305,55.19969940185547,55.88545608520508,54.712562561035156,2302876,0.0,0.0
2021-09-09 00:00:00-04:00,55.99849319458008,57.35493469238281,55.87415313720703,57.10625457763672,55.96056365966797,6139100,0.052751,0.0
2021-09-10 00:00:00-04:00,57.400150299072266,57.656368255615234,56.6691780090332,56.752071380615234,55.61347961425781,3751827,0.0,0.0
2021-09-13 00:00:00-04:00,57.174076080322266,57.45289993286133,55.953277587890625,56.42049789428711,55.28855895996094,3034584,0.0,0.0
2021-09-14 00:00:00-04:00,56.80482482910156,56.80482482910156,55.832706451416016,56.50339126586914,55.36980056762695,4023729,0.0,0.0
2021-09-15 00:00:00-04:00,56.46571350097656,56.84852981567383,56.05501174926758,56.292388916015625,55.163021087646484,4188277,0.0,0.0
2021-09-16 00:00:00-04:00,56.171817779541016,56.5561408996582,55.832706451416016,55.923133850097656,54.80117416381836,3811675,0.0,0.0
2021-09-17 00:00:00-04:00,55.44084548950195,56.27731704711914,54.642051696777344,54.815372467041016,53.71563720703125,9208982,0.0,0.0
2021-09-20 00:00:00-04:00,53.79804229736328,54.31801223754883,53.34589385986328,54.054256439208984,52.96978759765625,3058602,0.0,0.0
2021-09-21 00:00:00-04:00,54.137149810791016,54.72117614746094,53.68500518798828,54.43104553222656,53.33902359008789,4838906,0.0,0.0
2021-09-22 00:00:00-04:00,55.01130294799805,55.501129150390625,54.78522872924805,55.16202163696289,54.055335998535156,2983229,0.0,0.0
2021-09-23 00:00:00-04:00,55.305198669433594,55.907310485839844,55.23737716674805,55.470985412597656,54.358097076416016,2200299,0.0,0.0
2021-09-24 00:00:00-04:00,55.44837951660156,55.82516860961914,55.184627532958984,55.20723342895508,54.099632263183594,1656494,0.0,0.0
2021-09-27 00:00:00-04:00,55.079124450683594,55.82140350341797,55.0565185546875,55.22984313964844,54.12179183959961,2166726,0.0,0.0
2021-09-28 00:00:00-04:00,54.97362518310547,55.19969940185547,54.46118927001953,54.63451385498047,53.53840255737305,3201786,0.0,0.0
2021-09-29 00:00:00-04:00,54.732479095458984,54.93594741821289,54.468727111816406,54.506404876708984,53.41286849975586,1996206,0.0,0.0
2021-09-30 00:00:00-04:00,54.6043701171875,54.82291030883789,53.172569274902344,53.18010711669922,52.113182067871094,2443140,0.0,0.0
2021-10-01 00:00:00-04:00,53.45893096923828,53.84325408935547,52.77317428588867,53.51921463012695,52.44548797607422,2044774,0.0,0.0
2021-10-04 00:00:00-04:00,53.64732360839844,53.94875717163086,52.999244689941406,53.57196807861328,52.49717712402344,2672313,0.0,0.0
2021-10-05 00:00:00-04:00,53.66239547729492,54.242652893066406,53.27053451538086,53.45893096923828,52.386409759521484,3194089,0.0,0.0
2021-10-06 00:00:00-04:00,52.833457946777344,53.27053451538086,52.24189758300781,53.06707000732422,52.00239944458008,4134269,0.0,0.0
2021-10-07 00:00:00-04:00,53.54182434082031,54.1522216796875,53.41899108886719,53.828182220458984,52.748252868652344,1702806,0.0,0.0
2021-10-08 00:00:00-04:00,53.564430236816406,53.72268295288086,53.07460403442383,53.32328414916992,52.253482818603516,1629821,0.0,0.0
2021-10-11 00:00:00-04:00,53.57196807861328,53.933685302734375,53.08967590332031,53.1047477722168,52.03934097290039,2049817,0.0,0.0
2021-10-12 00:00:00-04:00,53.112281799316406,53.42124938964844,52.43406295776367,52.712886810302734,51.655330657958984,2691156,0.0,0.0
2021-10-13 00:00:00-04:00,52.712886810302734,53.65486145019531,52.56216812133789,53.5568962097168,52.4824104309082,2666739,0.0,0.0
2021-10-14 00:00:00-04:00,54.054256439208984,54.532779693603516,53.828182220458984,54.4913330078125,53.398101806640625,2574115,0.0,0.0
2021-10-15 00:00:00-04:00,54.920875549316406,55.17708969116211,54.355690002441406,54.755088806152344,53.65656661987305,6569977,0.0,0.0
2021-10-18 00:00:00-04:00,54.31801223754883,54.845516204833984,53.98643493652344,54.72494125366211,53.62702560424805,1927998,0.0,0.0
2021-10-19 00:00:00-04:00,55.09419631958008,55.74227523803711,54.95101547241211,55.65184783935547,54.53533172607422,2835534,0.0,0.0
2021-10-20 00:00:00-04:00,55.82516860961914,56.492088317871094,55.584022521972656,56.08138656616211,54.95624923706055,1798749,0.0,0.0
2021-10-21 00:00:00-04:00,55.757347106933594,56.42803192138672,55.52750778198242,56.405426025390625,55.27378463745117,1480932,0.0,0.0
2021-10-22 00:00:00-04:00,56.50339126586914,56.50339126586914,55.983421325683594,56.066314697265625,54.94148635864258,1274849,0.0,0.0
2021-10-25 00:00:00-04:00,56.066314697265625,56.601356506347656,55.68952560424805,56.05124282836914,54.92671585083008,1689006,0.0,0.0
2021-10-26 00:00:00-04:00,56.171817779541016,56.495853424072266,55.832706451416016,56.12660217285156,55.00056457519531,1416440,0.0,0.0
2021-10-27 00:00:00-04:00,56.23210144042969,56.525997161865234,55.795780181884766,55.81763458251953,54.697792053222656,2721412,0.0,0.0
2021-10-28 00:00:00-04:00,56.00602722167969,56.51092529296875,55.93067169189453,56.488319396972656,55.355018615722656,2857031,0.0,0.0
2021-10-29 00:00:00-04:00,54.412208557128906,57.3474006652832,54.412208557128906,57.053504943847656,55.908870697021484,4749466,0.0,0.0
2021-11-01 00:00:00-04:00,57.061038970947266,58.055763244628906,56.88018035888672,57.72418975830078,56.56608963012695,4365565,0.0,0.0
2021-11-02 00:00:00-04:00,58.0256233215332,58.59005355834961,57.77015686035156,58.01808547973633,56.85409927368164,4217339,0.0,0.0
2021-11-03 00:00:00-04:00,57.72418975830078,58.20648193359375,57.400150299072266,57.8221549987793,56.6620979309082,2602247,0.0,0.0
2021-11-04 00:00:00-04:00,57.942726135253906,59.15599060058594,57.942726135253906,58.82441711425781,57.644248962402344,2107409,0.0,0.0
2021-11-05 00:00:00-04:00,59.31424331665039,59.525245666503906,58.884700775146484,59.31424331665039,58.1242561340332,2237455,0.0,0.0
2021-11-08 00:00:00-05:00,59.638282775878906,59.96985626220703,58.85456085205078,58.86209487915039,57.68117141723633,2031770,0.0,0.0
2021-11-09 00:00:00-05:00,58.907310485839844,59.26149368286133,58.63602066040039,59.25395584106445,58.06517791748047,1551263,0.0,0.0
2021-11-10 00:00:00-05:00,59.31424331665039,59.442352294921875,58.81687927246094,59.223812103271484,58.03562545776367,1328858,0.0,0.0
2021-11-11 00:00:00-05:00,59.17859649658203,59.23134994506836,58.26300048828125,58.49283981323242,57.3193244934082,1230925,0.0,0.0
2021-11-12 00:00:00-05:00,58.764129638671875,59.06555938720703,58.46269989013672,58.967594146728516,57.7845573425293,1144272,0.0,0.0
2021-11-15 00:00:00-05:00,59.14091873168945,59.42728042602539,58.67369842529297,58.80180740356445,57.622100830078125,2354894,0.0,0.0
2021-11-16 00:00:00-05:00,58.92991638183594,59.675960540771484,58.907310485839844,59.20120620727539,58.01347732543945,1426525,0.0,0.0
2021-11-17 00:00:00-05:00,59.14091873168945,59.668426513671875,58.74152374267578,59.58552932739258,58.39009475708008,2096527,0.0,0.0
2021-11-18 00:00:00-05:00,59.645816802978516,59.69856643676758,58.877166748046875,59.35945510864258,58.168556213378906,1859392,0.0,0.0
2021-11-19 00:00:00-05:00,59.47249221801758,59.95478439331055,59.23134994506836,59.63074493408203,58.43440246582031,1211949,0.0,0.0
2021-11-22 00:00:00-05:00,59.73624801635742,60.18839645385742,59.15599060058594,59.27656555175781,58.087337493896484,1734124,0.0,0.0
2021-11-23 00:00:00-05:00,59.50263977050781,59.57046127319336,58.869632720947266,59.05802536010742,57.8731803894043,1808170,0.0,0.0
2021-11-24 00:00:00-05:00,58.681236267089844,58.91484451293945,58.168800354003906,58.80180740356445,57.673614501953125,2415538,0.052751,0.0
2021-11-26 00:00:00-05:00,57.56593704223633,58.129615783691406,56.85003662109375,57.061038970947266,55.96623229980469,1628494,0.0,0.0
2021-11-29 00:00:00-05:00,57.543331146240234,57.78447723388672,56.81989288330078,57.44536590576172,56.34320068359375,2224052,0.0,0.0
2021-11-30 00:00:00-05:00,57.053504943847656,57.60060119628906,55.636775970458984,55.66691970825195,54.598873138427734,6124769,0.0,0.0
2021-12-01 00:00:00-05:00,56.405426025390625,57.061038970947266,55.388092041015625,55.418235778808594,54.354957580566406,3039626,0.0,0.0
2021-12-02 00:00:00-05:00,55.59156036376953,56.2170295715332,55.02637481689453,55.953277587890625,54.879730224609375,5404075,0.0,0.0
2021-12-03 00:00:00-05:00,56.08892059326172,57.972869873046875,55.35041427612305,56.16427993774414,55.08669662475586,3259377,0.0,0.0
2021-12-06 00:00:00-05:00,56.61642837524414,56.8477783203125,56.066314697265625,56.15674591064453,55.07929992675781,2773297,0.0,0.0
2021-12-07 00:00:00-05:00,56.714393615722656,57.35493469238281,56.405426025390625,56.59382247924805,55.50798797607422,2010405,0.0,0.0
2021-12-08 00:00:00-05:00,56.72946548461914,57.18161392211914,56.375282287597656,57.0082893371582,55.91450500488281,2211446,0.0,0.0
2021-12-09 00:00:00-05:00,56.90278625488281,57.13262939453125,56.56367874145508,56.62396240234375,55.53754806518555,1252555,0.0,0.0
2021-12-10 00:00:00-05:00,56.857574462890625,57.083648681640625,56.31499481201172,56.639034271240234,55.55233383178711,1531756,0.0,0.0
2021-12-13 00:00:00-05:00,56.601356506347656,56.948001861572266,56.27731704711914,56.45817565917969,55.374942779541016,2220071,0.0,0.0
2021-12-14 00:00:00-05:00,56.27731704711914,56.75960922241211,55.53504180908203,55.77241897583008,54.70234298706055,1504287,0.0,0.0
2021-12-15 00:00:00-05:00,55.97588348388672,56.85003662109375,55.810096740722656,56.73699951171875,55.64841842651367,1970728,0.0,0.0
2021-12-16 00:00:00-05:00,57.0308952331543,57.455162048339844,56.375282287597656,56.774681091308594,55.68537521362305,1694977,0.0,0.0
2021-12-17 00:00:00-05:00,56.58628463745117,56.58628463745117,54.79276657104492,54.928409576416016,53.87453079223633,3641952,0.0,0.0
2021-12-20 00:00:00-05:00,54.43104553222656,54.529014587402344,53.23285675048828,53.88093566894531,52.84715270996094,2023808,0.0,0.0
2021-12-21 00:00:00-05:00,54.250186920166016,54.78522872924805,53.83572006225586,54.702335357666016,53.65279006958008,2577830,0.0,0.0
2021-12-22 00:00:00-05:00,54.740013122558594,55.033912658691406,54.280330657958984,54.74755096435547,53.6971435546875,1957590,0.0,0.0
2021-12-23 00:00:00-05:00,54.93594741821289,56.488319396972656,54.86058807373047,56.14167404174805,55.064510345458984,2096395,0.0,0.0
2021-12-27 00:00:00-05:00,56.35267639160156,56.834964752197266,56.262245178222656,56.79728698730469,55.70755386352539,1092519,0.0,0.0
2021-12-28 00:00:00-05:00,56.8952522277832,57.279579162597656,56.84250259399414,56.99321746826172,55.899723052978516,1017676,0.0,0.0
2021-12-29 00:00:00-05:00,57.083648681640625,57.166542053222656,56.64657211303711,57.12886047363281,56.03276443481445,1618675,0.0,0.0
2021-12-30 00:00:00-05:00,57.33986282348633,57.64883041381836,57.22682571411133,57.29465103149414,56.19536209106445,1135912,0.0,0.0
2021-12-31 00:00:00-05:00,57.2343635559082,57.739261627197266,57.15372848510742,57.49058151245117,56.387542724609375,1149447,0.0,0.0
2022-01-03 00:00:00-05:00,57.01582336425781,57.67144012451172,55.14318084716797,55.44084548950195,54.377132415771484,3696093,0.0,0.0
2022-01-04 00:00:00-05:00,55.719669342041016,56.11153030395508,55.418235778808594,55.66691970825195,54.598873138427734,3027683,0.0,0.0
2022-01-05 00:00:00-05:00,55.923133850097656,56.35267639160156,54.280330657958984,54.4913330078125,53.44584274291992,3690652,0.0,0.0
2022-01-06 00:00:00-05:00,54.70987319946289,55.04898452758789,54.31801223754883,54.59683609008789,53.54932403564453,1824492,0.0,0.0
2022-01-07 00:00:00-05:00,54.52147674560547,54.845516204833984,54.06932830810547,54.22004318237305,53.179744720458984,2417794,0.0,0.0
2022-01-10 00:00:00-05:00,53.8960075378418,54.415977478027344,53.09721374511719,54.32554626464844,53.283241271972656,3302505,0.0,0.0
2022-01-11 00:00:00-05:00,54.54408264160156,55.410701751708984,54.09947204589844,55.32780838012695,54.266265869140625,3305159,0.0,0.0
2022-01-12 00:00:00-05:00,55.56141662597656,55.8477783203125,55.11680603027344,55.57648849487305,54.51017761230469,2723004,0.0,0.0
2022-01-13 00:00:00-05:00,55.79502487182617,56.058780670166016,55.22230529785156,55.410701751708984,54.347564697265625,3576132,0.0,0.0
2022-01-14 00:00:00-05:00,54.80030059814453,55.079124450683594,53.83572006225586,54.63451385498047,53.586280822753906,4220258,0.0,0.0
2022-01-18 00:00:00-05:00,53.88846969604492,55.16202163696289,53.48530578613281,54.8304443359375,53.778446197509766,4961388,0.0,0.0
2022-01-19 00:00:00-05:00,55.02637481689453,55.17708969116211,54.11454391479492,54.43858337402344,53.39410400390625,3347490,0.0,0.0
2022-01-20 00:00:00-05:00,54.65711975097656,54.95026397705078,53.65486145019531,53.737754821777344,52.70671844482422,2916613,0.0,0.0
2022-01-21 00:00:00-05:00,53.5568962097168,54.280330657958984,53.04446029663086,54.076866149902344,53.03932571411133,9691877,0.0,0.0
2022-01-24 00:00:00-05:00,53.45893096923828,54.37076187133789,52.59231185913086,54.22758102416992,53.18714904785156,3687468,0.0,0.0
2022-01-25 00:00:00-05:00,53.398643493652344,53.481536865234375,52.13262939453125,52.66013717651367,51.64977264404297,3450996,0.0,0.0
2022-01-26 00:00:00-05:00,53.172569274902344,53.828182220458984,52.00602722167969,52.47174072265625,51.46498489379883,2819212,0.0,0.0
2022-01-27 00:00:00-05:00,52.720420837402344,53.07460403442383,51.29615783691406,51.74076843261719,50.748046875,3427508,0.0,0.0
2022-01-28 00:00:00-05:00,51.47701644897461,52.5734748840332,50.926902770996094,52.53202819824219,51.52412414550781,3123227,0.0,0.0
2022-01-31 00:00:00-05:00,52.343631744384766,53.30067825317383,52.0256233215332,53.15749740600586,52.137596130371094,3728074,0.0,0.0
2022-02-01 00:00:00-05:00,52.90127944946289,53.44536590576172,52.53202819824219,53.225318908691406,52.20411682128906,3570957,0.0,0.0
2022-02-02 00:00:00-05:00,53.19517517089844,54.09193801879883,53.01431655883789,53.97136306762695,52.93585205078125,3839675,0.0,0.0
2022-02-03 00:00:00-05:00,52.16277313232422,52.5169563293457,49.76639175415039,49.77392578125,48.818946838378906,11355803,0.0,0.0
2022-02-04 00:00:00-05:00,49.103240966796875,49.46495819091797,47.505653381347656,48.52298355102539,47.59200668334961,7929621,0.0,0.0
2022-02-07 00:00:00-05:00,48.425018310546875,48.60587692260742,47.92765426635742,48.1386604309082,47.215049743652344,4766186,0.0,0.0
2022-02-08 00:00:00-05:00,48.1386604309082,49.48003005981445,47.95026397705078,49.412208557128906,48.464168548583984,4289528,0.0,0.0
2022-02-09 00:00:00-05:00,50.022605895996094,50.64054489135742,49.894500732421875,50.097965240478516,49.136756896972656,3497972,0.0,0.0
2022-02-10 00:00:00-05:00,49.05802536010742,50.18085861206055,48.80934524536133,49.555389404296875,48.604583740234375,4327745,0.0,0.0
2022-02-11 00:00:00-05:00,49.56669235229492,49.94725036621094,48.74905776977539,49.17859649658203,48.23503112792969,6929196,0.0,0.0
2022-02-14 00:00:00-05:00,49.110774993896484,49.58552932739258,48.77920150756836,49.020347595214844,48.07982635498047,3873380,0.0,0.0
2022-02-15 00:00:00-05:00,49.72117614746094,49.894500732421875,49.208740234375,49.50263977050781,48.552860260009766,2645109,0.0,0.0
2022-02-16 00:00:00-05:00,49.12584686279297,49.50263977050781,48.52675247192383,49.25395584106445,48.30894088745117,2517319,0.0,0.0
2022-02-17 00:00:00-05:00,48.85456085205078,48.869632720947266,47.5960807800293,47.75433349609375,46.83810043334961,7171639,0.0,0.0
2022-02-18 00:00:00-05:00,48.01808547973633,48.83195114135742,47.76639175415039,48.04069137573242,47.11895751953125,4011123,0.0,0.0
2022-02-22 00:00:00-05:00,47.49811553955078,48.24039077758789,47.45289993286133,48.003013610839844,47.082008361816406,5222674,0.0,0.0
2022-02-23 00:00:00-05:00,48.13112258911133,48.17633819580078,47.03843307495117,47.1439323425293,46.239418029785156,4027445,0.0,0.0
2022-02-24 00:00:00-05:00,46.284854888916016,48.55312728881836,45.93820571899414,48.507911682128906,47.630516052246094,5039681,0.052751,0.0
2022-02-25 00:00:00-05:00,48.32705307006836,49.60813903808594,48.21401596069336,49.35192108154297,48.459251403808594,3508057,0.0,0.0
2022-02-28 00:00:00-05:00,48.55312728881836,49.00527572631836,48.2516975402832,48.794273376464844,47.91169738769531,3803182,0.0,0.0
2022-03-01 00:00:00-05:00,48.681236267089844,48.86209487915039,47.38884735107422,47.746795654296875,46.88315963745117,4061814,0.0,0.0
2022-03-02 00:00:00-05:00,48.055763244628906,48.70384216308594,47.87490463256836,48.37980270385742,47.50472640991211,3450067,0.0,0.0
2022-03-03 00:00:00-05:00,48.55312728881836,48.57573318481445,46.940467834472656,47.38507843017578,46.527984619140625,6733994,0.0,0.0
2022-03-04 00:00:00-05:00,46.495853424072266,47.01582336425781,45.493595123291016,45.66691970825195,44.84091567993164,6064788,0.0,0.0
2022-03-07 00:00:00-05:00,45.66691970825195,45.68952560424805,43.48907470703125,43.54182434082031,42.75425720214844,8261902,0.0,0.0
2022-03-08 00:00:00-05:00,43.54935836791992,43.84325408935547,42.41145324707031,42.41899108886719,41.651729583740234,9701564,0.0,0.0
2022-03-09 00:00:00-05:00,43.54935836791992,44.92464065551758,43.48907470703125,44.076866149902344,43.27962112426758,7721548,0.0,0.0
2022-03-10 00:00:00-05:00,43.31575012207031,43.54935836791992,42.24566650390625,42.56216812133789,41.79231262207031,9990452,0.0,0.0
2022-03-11 00:00:00-05:00,42.938961029052734,43.41371536254883,42.32102584838867,42.381309509277344,41.61471939086914,8625235,0.0,0.0
2022-03-14 00:00:00-04:00,43.6699333190918,44.129615783691406,42.83195114135742,42.92388916015625,42.14749526977539,5834023,0.0,0.0
2022-03-15 00:00:00-04:00,43.18010711669922,43.94875717163086,42.6525993347168,42.946495056152344,42.169681549072266,3885987,0.0,0.0
2022-03-16 00:00:00-04:00,43.3308219909668,45.2825927734375,43.3308219909668,44.89826583862305,44.086158752441406,5146504,0.0,0.0
2022-03-17 00:00:00-04:00,45.21477127075195,45.983421325683594,44.74755096435547,45.96834945678711,45.13688278198242,4729561,0.0,0.0
2022-03-18 00:00:00-04:00,45.983421325683594,46.9178581237793,45.85531234741211,46.64657211303711,45.80284118652344,5863482,0.0,0.0
2022-03-21 00:00:00-04:00,46.4129638671875,46.79728698730469,46.017330169677734,46.25471115112305,45.418067932128906,2763478,0.0,0.0
2022-03-22 00:00:00-04:00,46.42049789428711,46.978145599365234,46.25471115112305,46.284854888916016,45.447669982910156,2070518,0.0,0.0
2022-03-23 00:00:00-04:00,45.8779182434082,46.11906433105469,45.418235778808594,45.44837951660156,44.62632369995117,3374428,0.0,0.0
2022-03-24 00:00:00-04:00,45.62923812866211,46.30746078491211,45.44837951660156,46.209495544433594,45.37367248535156,2979115,0.0,0.0
2022-03-25 00:00:00-04:00,46.3300666809082,46.57875061035156,46.08138656616211,46.382816314697266,45.543853759765625,2345340,0.0,0.0
2022-03-28 00:00:00-04:00,46.284854888916016,46.81235885620117,46.096458435058594,46.7822151184082,45.93602752685547,2284165,0.0,0.0
2022-03-29 00:00:00-04:00,47.52825927734375,48.17633819580078,47.18914794921875,47.6865119934082,46.823970794677734,2391652,0.0,0.0
2022-03-30 00:00:00-04:00,47.2343635559082,47.633758544921875,46.64657211303711,46.81989288330078,45.97303009033203,2205474,0.0,0.0
2022-03-31 00:00:00-04:00,46.631500244140625,46.90278625488281,45.91559982299805,45.91559982299805,45.08509063720703,3159852,0.0,0.0
2022-04-01 00:00:00-04:00,46.25471115112305,46.3865852355957,45.35041427612305,45.68952560424805,44.86310577392578,4421299,0.0,0.0
2022-04-04 00:00:00-04:00,45.757347106933594,46.16427993774414,45.19969940185547,45.90052795410156,45.07029342651367,5056799,0.0,0.0
2022-04-05 00:00:00-04:00,45.90052795410156,46.0738525390625,44.89073181152344,45.10173416137695,44.285953521728516,2981504,0.0,0.0
2022-04-06 00:00:00-04:00,44.415977478027344,44.82291030883789,43.828182220458984,44.67219161987305,43.86417770385742,3102261,0.0,0.0
2022-04-07 00:00:00-04:00,44.46118927001953,45.242652893066406,44.076866149902344,45.02637481689453,44.21194839477539,2999153,0.0,0.0
2022-04-08 00:00:00-04:00,45.079124450683594,45.25621795654297,44.53654861450195,44.807838439941406,43.99735641479492,3595639,0.0,0.0
2022-04-11 00:00:00-04:00,44.72494125366211,44.928409576416016,44.21250915527344,44.34815216064453,43.54599380493164,3058735,0.0,0.0
2022-04-12 00:00:00-04:00,44.506404876708984,45.10173416137695,43.91107940673828,44.167293548583984,43.368408203125,2981238,0.0,0.0
2022-04-13 00:00:00-04:00,44.02411651611328,44.6043701171875,43.91107940673828,44.57422637939453,43.767982482910156,3019058,0.0,0.0
2022-04-14 00:00:00-04:00,44.70987319946289,44.845516204833984,43.730220794677734,43.84325408935547,43.05023193359375,3319623,0.0,0.0
2022-04-18 00:00:00-04:00,43.511680603027344,43.990203857421875,43.30821228027344,43.60211181640625,42.813453674316406,2154385,0.0,0.0
2022-04-19 00:00:00-04:00,43.715145111083984,44.65335464477539,43.715145111083984,44.52147674560547,43.716182708740234,2445396,0.0,0.0
2022-04-20 00:00:00-04:00,44.98869705200195,45.62923812866211,44.89073181152344,45.184627532958984,44.36734390258789,2068926,0.0,0.0
2022-04-21 00:00:00-04:00,45.70459747314453,45.70459747314453,44.755088806152344,44.98869705200195,44.17495346069336,4324826,0.0,0.0
2022-04-22 00:00:00-04:00,44.6043701171875,44.70610427856445,43.46646499633789,43.5568962097168,42.7690544128418,2418325,0.0,0.0
2022-04-25 00:00:00-04:00,43.225318908691406,43.617183685302734,42.4039192199707,43.594573974609375,42.80604553222656,2493566,0.0,0.0
2022-04-26 00:00:00-04:00,43.08967590332031,43.51921463012695,42.633758544921875,42.886207580566406,42.110496520996094,4488047,0.0,0.0
2022-04-27 00:00:00-04:00,42.81838607788086,43.74528884887695,42.81838607788086,43.504146575927734,42.71725082397461,4336636,0.0,0.0
2022-04-28 00:00:00-04:00,43.707611083984375,44.468727111816406,42.449134826660156,44.189903259277344,43.39060974121094,6978428,0.0,0.0
2022-04-29 00:00:00-04:00,43.7829704284668,44.31801223754883,43.21025085449219,43.3308219909668,42.54705810546875,5726005,0.0,0.0
2022-05-02 00:00:00-04:00,43.30821228027344,44.638282775878906,42.98944854736328,44.28786849975586,43.486793518066406,5046183,0.0,0.0
2022-05-03 00:00:00-04:00,44.1220817565918,45.388092041015625,44.02788162231445,44.90580368041992,44.09355163574219,4605486,0.0,0.0
2022-05-04 00:00:00-04:00,45.305198669433594,47.43783187866211,45.06405258178711,47.2569694519043,46.402198791503906,6773008,0.0,0.0
2022-05-05 00:00:00-04:00,46.47324752807617,47.633758544921875,45.71213150024414,46.02863693237305,45.196083068847656,6992096,0.0,0.0
2022-05-06 00:00:00-04:00,45.749813079833984,45.9608154296875,44.72494125366211,45.80256271362305,44.974098205566406,3773590,0.0,0.0
2022-05-09 00:00:00-04:00,45.10926818847656,45.749813079833984,44.442352294921875,44.63451385498047,43.82717514038086,4922507,0.0,0.0
2022-05-10 00:00:00-04:00,44.98115921020508,45.357948303222656,43.21025085449219,44.016578674316406,43.220420837402344,5458747,0.0,0.0
2022-05-11 00:00:00-04:00,43.9261474609375,44.642051696777344,43.3308219909668,43.391109466552734,42.60625457763672,3176573,0.0,0.0
2022-05-12 00:00:00-04:00,43.08967590332031,43.88093566894531,42.5169563293457,43.35342788696289,42.56925964355469,3462143,0.0,0.0
2022-05-13 00:00:00-04:00,43.624717712402344,44.51394271850586,43.481536865234375,44.08440017700195,43.28702163696289,4000242,0.0,0.0
2022-05-16 00:00:00-04:00,43.7000732421875,44.14468765258789,43.3308219909668,43.79804229736328,43.00583267211914,2553944,0.0,0.0
2022-05-17 00:00:00-04:00,44.498870849609375,45.12434005737305,44.34061813354492,44.91333770751953,44.10095977783203,2180394,0.0,0.0
2022-05-18 00:00:00-04:00,44.3782958984375,44.70987319946289,43.35342788696289,43.54935836791992,42.76165008544922,3435736,0.0,0.0
2022-05-19 00:00:00-04:00,43.23285675048828,44.68349838256836,43.23285675048828,44.14468765258789,43.346214294433594,3732984,0.0,0.0
2022-05-20 00:00:00-04:00,44.53654861450195,44.63451385498047,42.486812591552734,43.91107940673828,43.1168327331543,3643411,0.0,0.0
2022-05-23 00:00:00-04:00,44.385833740234375,44.589298248291016,43.57950210571289,44.21250915527344,43.412803649902344,3047721,0.0,0.0
2022-05-24 00:00:00-04:00,44.10700988769531,44.6043701171875,43.60211181640625,44.43858337402344,43.634796142578125,3785931,0.0,0.0
2022-05-25 00:00:00-04:00,43.97890090942383,44.87565994262695,43.88846969604492,44.56669235229492,43.76057434082031,2791875,0.0,0.0
2022-05-26 00:00:00-04:00,45.21477127075195,46.04370880126953,44.845516204833984,45.66691970825195,44.8940544128418,2873486,0.052751,0.0
2022-05-27 00:00:00-04:00,46.11153030395508,46.72946548461914,45.983421325683594,46.721927642822266,45.93120574951172,2618436,0.0,0.0
2022-05-31 00:00:00-04:00,46.036170959472656,46.808589935302734,45.719669342041016,46.548606872558594,45.76081466674805,8322015,0.0,0.0
2022-06-01 00:00:00-04:00,46.8952522277832,46.95553970336914,45.557647705078125,46.24717330932617,45.46448516845703,2496485,0.0,0.0
2022-06-02 00:00:00-04:00,46.48078536987305,47.5960807800293,46.036170959472656,47.58100891113281,46.7757453918457,2647896,0.0,0.0
2022-06-03 00:00:00-04:00,47.07611083984375,47.309722900390625,46.81235885620117,47.15900421142578,46.360877990722656,2202157,0.0,0.0
2022-06-06 00:00:00-04:00,47.746795654296875,47.889976501464844,47.3700065612793,47.47550964355469,46.672035217285156,1790787,0.0,0.0
2022-06-07 00:00:00-04:00,47.15900421142578,48.003013610839844,46.98568344116211,47.98040771484375,47.16838073730469,2079807,0.0,0.0
2022-06-08 00:00:00-04:00,47.56593704223633,48.221553802490234,47.33986282348633,47.45289993286133,46.649803161621094,1690863,0.0,0.0
2022-06-09 00:00:00-04:00,47.27204132080078,47.30218505859375,45.945743560791016,46.066314697265625,45.286685943603516,3964014,0.0,0.0
2022-06-10 00:00:00-04:00,45.259986877441406,45.35041427612305,44.137149810791016,44.581764221191406,43.82725524902344,3765363,0.0,0.0
2022-06-13 00:00:00-04:00,43.51921463012695,44.242652893066406,42.72418975830078,43.01431655883789,42.28634262084961,4511402,0.0,0.0
2022-06-14 00:00:00-04:00,43.01431655883789,43.3308219909668,41.73323440551758,42.253204345703125,41.53810501098633,3464930,0.0,0.0
2022-06-15 00:00:00-04:00,42.61492156982422,43.255462646484375,42.02336120605469,42.682743072509766,41.96037673950195,3450864,0.0,0.0
2022-06-16 00:00:00-04:00,41.7256965637207,41.831199645996094,40.090431213378906,40.50489807128906,39.819393157958984,4575761,0.0,0.0
2022-06-17 00:00:00-04:00,40.42953872680664,40.93820571899414,39.977394104003906,40.361717224121094,39.67863464355469,7068664,0.0,0.0
2022-06-21 00:00:00-04:00,41.02486801147461,41.10776138305664,40.354183197021484,40.74604415893555,40.05645751953125,3564853,0.0,0.0
2022-06-22 00:00:00-04:00,40.14318084716797,41.37151336669922,40.14318084716797,41.10022735595703,40.40463638305664,2823458,0.0,0.0
2022-06-23 00:00:00-04:00,41.032405853271484,41.431800842285156,40.48982620239258,41.2735481262207,40.57502746582031,3029806,0.0,0.0
2022-06-24 00:00:00-04:00,41.64280319213867,42.44159698486328,41.56744384765625,42.41145324707031,41.69367980957031,4844346,0.0,0.0
2022-06-27 00:00:00-04:00,42.5395622253418,42.682743072509766,41.891483306884766,41.9743766784668,41.263999938964844,2176015,0.0,0.0
2022-06-28 00:00:00-04:00,42.147701263427734,42.55463409423828,41.36774826049805,41.39412307739258,40.693565368652344,1340403,0.0,0.0
2022-06-29 00:00:00-04:00,41.3865852355957,41.3865852355957,40.52750778198242,41.092689514160156,40.39723205566406,1900662,0.0,0.0
2022-06-30 00:00:00-04:00,40.53504180908203,41.37151336669922,40.113037109375,40.979652404785156,40.28611373901367,2433718,0.0,0.0
2022-07-01 00:00:00-04:00,41.341373443603516,41.56744384765625,40.62546920776367,41.348907470703125,40.64911651611328,2279255,0.0,0.0
2022-07-05 00:00:00-04:00,40.53504180908203,41.461944580078125,40.090431213378906,41.3865852355957,40.686153411865234,2150669,0.0,0.0
2022-07-06 00:00:00-04:00,41.431800842285156,41.883949279785156,41.066314697265625,41.50716018676758,40.8046875,2702701,0.0,0.0
2022-07-07 00:00:00-04:00,41.718162536621094,42.23813247680664,41.469478607177734,42.140167236328125,41.426979064941406,1680513,0.0,0.0
2022-07-08 00:00:00-04:00,42.01205825805664,42.56216812133789,41.657875061035156,42.20798873901367,41.49365997314453,2236526,0.0,0.0
2022-07-11 00:00:00-04:00,41.98191452026367,42.336097717285156,41.78974914550781,41.81612777709961,41.108421325683594,2253777,0.0,0.0
2022-07-12 00:00:00-04:00,41.73323440551758,42.41899108886719,41.1605110168457,41.266014099121094,40.567623138427734,2666474,0.0,0.0
2022-07-13 00:00:00-04:00,40.54257583618164,41.13790512084961,40.27128982543945,40.904296875,40.21202850341797,1173333,0.0,0.0
2022-07-14 00:00:00-04:00,40.18839645385742,40.54257583618164,39.54031753540039,40.437076568603516,39.75271224975586,1453330,0.0,0.0
2022-07-15 00:00:00-04:00,41.25094223022461,41.461944580078125,40.73850631713867,41.37151336669922,40.671329498291016,1518088,0.0,0.0
2022-07-18 00:00:00-04:00,41.59005355834961,41.764129638671875,40.700828552246094,40.896759033203125,40.20461654663086,997108,0.0,0.0
2022-07-19 00:00:00-04:00,41.461944580078125,42.70534896850586,41.32780838012695,42.6525993347168,41.93074417114258,1886596,0.0,0.0
2022-07-20 00:00:00-04:00,42.84099578857422,43.255462646484375,42.66767120361328,43.09721374511719,42.36783981323242,1489956,0.0,0.0
2022-07-21 00:00:00-04:00,43.18010711669922,44.363224029541016,43.11981964111328,44.302940368652344,43.55314636230469,2347994,0.0,0.0
2022-07-22 00:00:00-04:00,44.34061813354492,44.589298248291016,43.63225173950195,44.02411651611328,43.279052734375,1568514,0.0,0.0
2022-07-25 00:00:00-04:00,43.98643493652344,44.054256439208984,43.51921463012695,43.941219329833984,43.19755935668945,2146157,0.0,0.0
2022-07-26 00:00:00-04:00,43.790504455566406,44.1220817565918,43.64732360839844,43.87339782714844,43.130882263183594,1915657,0.0,0.0
2022-07-27 00:00:00-04:00,44.0090446472168,45.146949768066406,43.99397277832031,44.83797836303711,44.079139709472656,3307680,0.0,0.0
2022-07-28 00:00:00-04:00,45.43330764770508,47.33986282348633,45.21477127075195,47.07611083984375,46.279388427734375,4921710,0.0,0.0
2022-07-29 00:00:00-04:00,47.2569694519043,48.82441711425781,47.2569694519043,48.568199157714844,47.74623107910156,7120815,0.0,0.0
2022-08-01 00:00:00-04:00,48.07083511352539,48.7264518737793,47.90504837036133,48.55312728881836,47.73141098022461,4244011,0.0,0.0
2022-08-02 00:00:00-04:00,48.342124938964844,48.907310485839844,48.168800354003906,48.35719680786133,47.53880310058594,2198441,0.0,0.0
2022-08-03 00:00:00-04:00,48.651092529296875,49.35945510864258,48.48530578613281,49.193668365478516,48.361114501953125,2641394,0.0,0.0
2022-08-04 00:00:00-04:00,49.28409957885742,49.81914138793945,49.193668365478516,49.42728042602539,48.59076690673828,2249663,0.0,0.0
2022-08-05 00:00:00-04:00,48.74152374267578,49.23134994506836,48.507911682128906,49.186134338378906,48.353702545166016,1243664,0.0,0.0
2022-08-08 00:00:00-04:00,49.54031753540039,49.83421325683594,49.17859649658203,49.329315185546875,48.49445724487305,2176147,0.0,0.0
2022-08-09 00:00:00-04:00,49.12584686279297,49.28409957885742,48.59834289550781,48.93745422363281,48.109230041503906,1684627,0.0,0.0
2022-08-10 00:00:00-04:00,50.06782150268555,50.56744384765625,49.909568786621094,50.22607421875,49.37604904174805,2277132,0.0,0.0
2022-08-11 00:00:00-04:00,50.65561294555664,51.211002349853516,50.59532928466797,50.700828552246094,49.84276580810547,2413946,0.0,0.0
2022-08-12 00:00:00-04:00,50.93444061279297,51.65033721923828,50.82893753051758,51.62773132324219,50.75398254394531,1756417,0.0,0.0
2022-08-15 00:00:00-04:00,51.243404388427734,51.71062469482422,50.99472427368164,51.6126594543457,50.73916244506836,1879297,0.0,0.0
2022-08-16 00:00:00-04:00,51.41672897338867,52.04973602294922,51.40919494628906,51.74076843261719,50.8651008605957,2996101,0.0,0.0
2022-08-17 00:00:00-04:00,51.06254577636719,51.52223205566406,51.039939880371094,51.2735481262207,50.405792236328125,1801403,0.0,0.0
2022-08-18 00:00:00-04:00,51.431800842285156,51.52976608276367,51.002262115478516,51.492088317871094,50.620628356933594,1298337,0.0,0.0
2022-08-19 00:00:00-04:00,50.99472427368164,51.10776138305664,50.53504180908203,50.91183090209961,50.05018615722656,4071767,0.0,0.0
2022-08-22 00:00:00-04:00,50.128108978271484,50.22607421875,49.412208557128906,49.48756790161133,48.6500358581543,2231218,0.0,0.0
2022-08-23 00:00:00-04:00,49.48003005981445,50.08289337158203,49.434814453125,49.57799530029297,48.73893737792969,1947771,0.0,0.0
2022-08-24 00:00:00-04:00,49.434814453125,49.80406951904297,49.38960266113281,49.69103240966797,48.85005569458008,1552457,0.0,0.0
2022-08-25 00:00:00-04:00,49.977394104003906,50.48229217529297,49.84174728393555,50.474754333496094,49.62051773071289,1330318,0.0,0.0
2022-08-26 00:00:00-04:00,50.64054489135742,50.64054489135742,48.66239547729492,48.78673553466797,47.9610595703125,1515434,0.0,0.0
2022-08-29 00:00:00-04:00,48.44762420654297,48.794273376464844,48.26676559448242,48.3873405456543,47.568424224853516,1390298,0.0,0.0
2022-08-30 00:00:00-04:00,48.417484283447266,48.47023391723633,47.67144012451172,47.942726135253906,47.182777404785156,1752038,0.052751,0.0
2022-08-31 00:00:00-04:00,48.34966278076172,48.47023391723633,47.60286331176758,47.72418975830078,46.96770477294922,2206668,0.0,0.0
2022-09-01 00:00:00-04:00,47.61115264892578,47.70534896850586,46.78974914550781,47.67897415161133,46.9232063293457,1940207,0.0,0.0
2022-09-02 00:00:00-04:00,48.304447174072266,48.425018310546875,46.891483306884766,47.15147018432617,46.4040641784668,1523396,0.0,0.0
2022-09-06 00:00:00-04:00,47.204219818115234,47.61115264892578,46.78974914550781,47.52825927734375,46.77487564086914,1580059,0.0,0.0
2022-09-07 00:00:00-04:00,47.626224517822266,48.89977264404297,47.4521484375,48.86209487915039,48.08757400512695,1829535,0.0,0.0
2022-09-08 00:00:00-04:00,48.651092529296875,49.26149368286133,48.44009017944336,49.186134338378906,48.40647506713867,2743440,0.0,0.0
2022-09-09 00:00:00-04:00,49.54031753540039,49.853050231933594,49.38960266113281,49.751319885253906,48.96269989013672,1851298,0.0,0.0
2022-09-12 00:00:00-04:00,50.08289337158203,50.444610595703125,49.781463623046875,50.42953872680664,49.63016891479492,2379709,0.0,0.0
2022-09-13 00:00:00-04:00,49.14845657348633,49.532779693603516,48.14619445800781,48.36473083496094,47.59809494018555,2861012,0.0,0.0
2022-09-14 00:00:00-04:00,48.3873405456543,48.54182434082031,47.776939392089844,48.28937530517578,47.52392578125,2591764,0.0,0.0
2022-09-15 00:00:00-04:00,48.3873405456543,49.02788162231445,48.152976989746094,48.44009017944336,47.6722526550293,3476740,0.0,0.0
2022-09-16 00:00:00-04:00,47.957801818847656,48.04069137573242,46.5561408996582,47.26450729370117,46.51530838012695,4034345,0.0,0.0
2022-09-19 00:00:00-04:00,47.02336120605469,48.2177848815918,46.857574462890625,48.1612663269043,47.397850036621094,1564002,0.0,0.0
2022-09-20 00:00:00-04:00,47.67897415161133,47.8786735534668,47.110023498535156,47.67897415161133,46.9232063293457,3089123,0.0,0.0
2022-09-21 00:00:00-04:00,48.03315734863281,48.60587692260742,46.857574462890625,46.887718200683594,46.144493103027344,2452296,0.0,0.0
2022-09-22 00:00:00-04:00,46.7822151184082,46.921627044677734,45.68198776245117,45.88545608520508,45.15811538696289,1497918,0.0,0.0
2022-09-23 00:00:00-04:00,45.44837951660156,45.57648849487305,44.45365524291992,45.11680603027344,44.401649475097656,2404922,0.0,0.0
2022-09-26 00:00:00-04:00,44.97362518310547,45.55388259887695,44.476261138916016,44.619441986083984,43.91217803955078,1484117,0.0,0.0
2022-09-27 00:00:00-04:00,45.09419631958008,45.154483795166016,43.72268295288086,44.17483139038086,43.47461700439453,1856208,0.0,0.0
2022-09-28 00:00:00-04:00,44.54408264160156,45.73097229003906,44.167293548583984,45.5086669921875,44.78730010986328,1962633,0.0,0.0
2022-09-29 00:00:00-04:00,45.01130294799805,45.079124450683594,44.21250915527344,44.619441986083984,43.91217803955078,1324081,0.0,0.0
2022-09-30 00:00:00-04:00,44.64958572387695,45.08666229248047,43.877166748046875,43.933685302734375,43.23728942871094,3169805,0.0,0.0
2022-10-03 00:00:00-04:00,44.55162048339844,46.11153030395508,44.3782958984375,45.68952560424805,44.96528625488281,2567347,0.0,0.0
2022-10-04 00:00:00-04:00,46.57121276855469,47.042198181152344,46.548606872558594,46.92539596557617,46.181575775146484,3720112,0.0,0.0
2022-10-05 00:00:00-04:00,46.23210144042969,47.02336120605469,46.1039924621582,46.64657211303711,45.907161712646484,2658512,0.0,0.0
2022-10-06 00:00:00-04:00,46.58628463745117,46.87264633178711,46.1868896484375,46.2999267578125,45.56601333618164,2458002,0.0,0.0
2022-10-07 00:00:00-04:00,45.66691970825195,45.862850189208984,44.93594741821289,45.259986877441406,44.54256057739258,2045969,0.0,0.0
2022-10-10 00:00:00-04:00,45.79502487182617,45.79502487182617,44.449886322021484,44.89826583862305,44.18656921386719,1810559,0.0,0.0
2022-10-11 00:00:00-04:00,44.44611740112305,45.21477127075195,44.28786849975586,44.53654861450195,43.83059310913086,2409434,0.0,0.0
2022-10-12 00:00:00-04:00,45.184627532958984,45.36548614501953,44.43104553222656,44.468727111816406,43.76384353637695,2714379,0.0,0.0
2022-10-13 00:00:00-04:00,43.54182434082031,45.77241897583008,43.278072357177734,45.44084548950195,44.720558166503906,2296772,0.0,0.0
2022-10-14 00:00:00-04:00,45.67445373535156,45.97588348388672,44.22758102416992,44.363224029541016,43.66001892089844,1448288,0.0,0.0
2022-10-17 00:00:00-04:00,45.29012680053711,45.810096740722656,45.192161560058594,45.62923812866211,44.90596008300781,3816717,0.0,0.0
2022-10-18 00:00:00-04:00,46.75960922241211,47.004520416259766,45.88545608520508,46.46571350097656,45.72916793823242,2093077,0.0,0.0
2022-10-19 00:00:00-04:00,46.01356506347656,46.23210144042969,45.35041427612305,45.719669342041016,44.994956970214844,1707186,0.0,0.0
2022-10-20 00:00:00-04:00,45.727203369140625,46.058780670166016,44.845516204833984,44.89826583862305,44.18656921386719,2033495,0.0,0.0
2022-10-21 00:00:00-04:00,45.041446685791016,46.36774826049805,44.68726348876953,46.30746078491211,45.57343292236328,1597045,0.0,0.0
2022-10-24 00:00:00-04:00,46.72946548461914,47.663902282714844,46.58628463745117,47.29465103149414,46.54497146606445,2247805,0.0,0.0
2022-10-25 00:00:00-04:00,47.287113189697266,48.23662567138672,47.21175765991211,48.1612663269043,47.397850036621094,6280426,0.0,0.0
2022-10-26 00:00:00-04:00,47.889976501464844,48.66616439819336,47.02336120605469,47.204219818115234,46.45597839355469,5620907,0.0,0.0
2022-10-27 00:00:00-04:00,47.663902282714844,47.92012023925781,47.07611083984375,47.15147018432617,46.4040641784668,3943446,0.0,0.0
2022-10-28 00:00:00-04:00,47.42275619506836,48.643558502197266,47.29465103149414,48.3873405456543,47.62034225463867,3973702,0.0,0.0
2022-10-31 00:00:00-04:00,48.229087829589844,48.7264518737793,47.95026397705078,48.15372848510742,47.39043045043945,2722075,0.0,0.0
2022-11-01 00:00:00-04:00,48.78673553466797,48.80934524536133,47.78070831298828,48.18387222290039,47.42009735107422,2234933,0.0,0.0
2022-11-02 00:00:00-04:00,47.92012023925781,48.7264518737793,46.88018035888672,46.91032409667969,46.16673278808594,2052604,0.0,0.0
2022-11-03 00:00:00-04:00,46.39788818359375,47.78447723388672,46.25471115112305,47.04596710205078,46.300235748291016,2325966,0.0,0.0
2022-11-04 00:00:00-04:00,47.844764709472656,48.78673553466797,47.2343635559082,48.67369842529297,47.90215301513672,4199026,0.0,0.0
2022-11-07 00:00:00-05:00,48.907310485839844,48.97513198852539,48.33458709716797,48.63602066040039,47.86508560180664,3833570,0.0,0.0
2022-11-08 00:00:00-05:00,48.80934524536133,49.11831283569336,48.2516975402832,48.681236267089844,47.909568786621094,2619233,0.0,0.0
2022-11-09 00:00:00-05:00,48.44009017944336,49.186134338378906,48.23662567138672,48.48530578613281,47.71675109863281,4290589,0.0,0.0
2022-11-10 00:00:00-05:00,50.22607421875,51.28108596801758,50.22607421875,51.16804885864258,50.35696792602539,3545611,0.0,0.0
2022-11-11 00:00:00-05:00,51.492088317871094,52.3134880065918,51.33383560180664,51.59758758544922,50.779701232910156,3375888,0.0,0.0
2022-11-14 00:00:00-05:00,51.33383560180664,51.688018798828125,50.388092041015625,50.42200469970703,49.622745513916016,2690625,0.0,0.0
2022-11-15 00:00:00-05:00,51.122833251953125,51.25094223022461,50.06782150268555,50.29389572143555,49.49667739868164,2538418,0.0,0.0
2022-11-16 00:00:00-05:00,50.241146087646484,50.832706451416016,49.96985626220703,50.52750778198242,49.72658920288086,2009078,0.0,0.0
2022-11-17 00:00:00-05:00,49.84928512573242,50.07535934448242,49.36699295043945,50.03767776489258,49.24451446533203,1696968,0.0,0.0
2022-11-18 00:00:00-05:00,50.60286331176758,50.85154342651367,49.909568786621094,50.19593048095703,49.40026092529297,2092546,0.0,0.0
2022-11-21 00:00:00-05:00,50.15825271606445,50.806331634521484,50.15825271606445,50.64807891845703,49.84525680541992,2131826,0.0,0.0
2022-11-22 00:00:00-05:00,50.99472427368164,51.122833251953125,50.565185546875,51.06254577636719,50.253143310546875,1625973,0.0,0.0
2022-11-23 00:00:00-05:00,51.18312072753906,51.45064163208008,51.01356506347656,51.1605110168457,50.349552154541016,2098518,0.0,0.0
2022-11-25 00:00:00-05:00,51.33383560180664,51.52976608276367,51.13413619995117,51.29615783691406,50.48305130004883,688448,0.0,0.0
2022-11-28 00:00:00-05:00,50.82893753051758,50.919368743896484,49.336849212646484,49.47249221801758,48.68830108642578,1721650,0.0,0.0
2022-11-29 00:00:00-05:00,49.40467071533203,49.61567306518555,48.982669830322266,49.434814453125,48.70314407348633,1786407,0.052751,0.0
2022-11-30 00:00:00-05:00,49.47249221801758,50.919368743896484,48.74152374267578,50.904296875,50.150875091552734,4878450,0.0,0.0
2022-12-01 00:00:00-05:00,51.25094223022461,51.544837951660156,50.82893753051758,51.1605110168457,50.403297424316406,2026727,0.0,0.0
2022-12-02 00:00:00-05:00,50.51996994018555,51.574981689453125,50.400150299072266,51.42426681518555,50.66314697265625,1801933,0.0,0.0
2022-12-05 00:00:00-05:00,50.72343444824219,50.94197463989258,50.262245178222656,50.65561294555664,49.9058723449707,2007486,0.0,0.0
2022-12-06 00:00:00-05:00,50.54257583618164,50.76111602783203,49.72117614746094,50.135643005371094,49.39359664916992,1768228,0.0,0.0
2022-12-07 00:00:00-05:00,50.135643005371094,50.45591735839844,49.87942886352539,50.04521560668945,49.304508209228516,1740891,0.0,0.0
2022-12-08 00:00:00-05:00,50.23360824584961,50.41447067260742,49.82667541503906,50.15825271606445,49.415870666503906,1481330,0.0,0.0
2022-12-09 00:00:00-05:00,50.27128982543945,50.48982620239258,49.51770782470703,49.525245666503906,48.792232513427734,2372145,0.0,0.0
2022-12-12 00:00:00-05:00,49.76639175415039,50.64054489135742,49.56669235229492,50.51243209838867,49.76482009887695,1485311,0.0,0.0
2022-12-13 00:00:00-05:00,51.996986389160156,51.996986389160156,50.670684814453125,51.06254577636719,50.3067741394043,2397889,0.0,0.0
2022-12-14 00:00:00-05:00,51.04747772216797,51.51469421386719,50.14318084716797,50.38432693481445,49.63859558105469,2467424,0.0,0.0
2022-12-15 00:00:00-05:00,49.645816802978516,50.05274963378906,48.229087829589844,48.507911682128906,47.78995132446289,3216913,0.0,0.0
2022-12-16 00:00:00-05:00,47.965335845947266,48.417484283447266,47.82969284057617,48.108516693115234,47.39647674560547,2930016,0.0,0.0
2022-12-19 00:00:00-05:00,47.98794174194336,48.56066131591797,47.72418975830078,47.9351921081543,47.225711822509766,2461983,0.0,0.0
2022-12-20 00:00:00-05:00,47.9351921081543,48.21401596069336,47.769405364990234,48.09344482421875,47.381629943847656,1623319,0.0,0.0
2022-12-21 00:00:00-05:00,48.43255615234375,49.133384704589844,48.34438705444336,49.03541946411133,48.30966567993164,1647603,0.0,0.0
2022-12-22 00:00:00-05:00,48.620948791503906,48.730220794677734,47.26450729370117,48.18387222290039,47.47071075439453,1232783,0.0,0.0
2022-12-23 00:00:00-05:00,48.116050720214844,48.44009017944336,47.75433349609375,48.342124938964844,47.62662887573242,1274318,0.0,0.0
2022-12-27 00:00:00-05:00,48.52298355102539,48.7264518737793,48.12584686279297,48.47023391723633,47.75283432006836,971762,0.0,0.0
2022-12-28 00:00:00-05:00,48.643558502197266,48.71891403198242,47.7995491027832,47.81461715698242,47.1069221496582,977203,0.0,0.0
2022-12-29 00:00:00-05:00,48.2516975402832,49.095703125,47.852298736572266,48.794273376464844,48.07208251953125,1226015,0.0,0.0
2022-12-30 00:00:00-05:00,48.44762420654297,48.82441711425781,47.98794174194336,48.417484283447266,47.700870513916016,1276972,0.0,0.0
2023-01-03 00:00:00-05:00,48.794273376464844,49.0391845703125,47.92765426635742,48.43255615234375,47.71571731567383,2154915,0.0,0.0
2023-01-04 00:00:00-05:00,48.907310485839844,49.48756790161133,48.55312728881836,49.14845657348633,48.421024322509766,2068262,0.0,0.0
2023-01-05 00:00:00-05:00,48.80934524536133,49.05049133300781,48.085906982421875,48.17633819580078,47.463294982910156,2130631,0.0,0.0
2023-01-06 00:00:00-05:00,48.756595611572266,49.532779693603516,48.643558502197266,49.38960266113281,48.658599853515625,1758806,0.0,0.0
2023-01-09 00:00:00-05:00,49.660888671875,50.30896759033203,49.35192108154297,49.59306716918945,48.859046936035156,2008016,0.0,0.0
2023-01-10 00:00:00-05:00,49.449886322021484,49.94725036621094,49.37453079223633,49.82667541503906,49.089202880859375,1464875,0.0,0.0
2023-01-11 00:00:00-05:00,50.12057113647461,50.52750778198242,49.76262283325195,50.49736022949219,49.74996566772461,1577007,0.0,0.0
2023-01-12 00:00:00-05:00,50.76865005493164,50.76865005493164,50.128108978271484,50.550113677978516,49.80193328857422,1182755,0.0,0.0
2023-01-13 00:00:00-05:00,50.20346450805664,51.06254577636719,50.20346450805664,50.813865661621094,50.06178665161133,1461292,0.0,0.0
2023-01-17 00:00:00-05:00,50.97211837768555,51.228336334228516,50.73097229003906,50.73850631713867,49.9875373840332,2132489,0.0,0.0
2023-01-18 00:00:00-05:00,50.904296875,51.22079849243164,49.93217849731445,49.992462158203125,49.25253677368164,2175882,0.0,0.0
2023-01-19 00:00:00-05:00,50.331573486328125,50.361717224121094,49.046722412109375,49.073097229003906,48.346778869628906,2946205,0.0,0.0
2023-01-20 00:00:00-05:00,49.329315185546875,49.886962890625,47.513187408447266,49.32177734375,48.59177780151367,5178352,0.0,0.0
2023-01-23 00:00:00-05:00,49.449886322021484,50.51243209838867,49.17106246948242,50.39186096191406,49.64602279663086,2181455,0.0,0.0
2023-01-24 00:00:00-05:00,50.39186096191406,50.85908126831055,49.223812103271484,50.670684814453125,49.920719146728516,1644418,0.0,0.0
2023-01-25 00:00:00-05:00,50.090431213378906,50.45968246459961,49.25772476196289,50.30896759033203,49.564353942871094,1876643,0.0,0.0
2023-01-26 00:00:00-05:00,50.72343444824219,50.82140350341797,49.90580368041992,50.42953872680664,49.683143615722656,1436079,0.0,0.0
2023-01-27 00:00:00-05:00,50.22607421875,50.88168716430664,50.08666229248047,50.49736022949219,49.74996566772461,1466335,0.0,0.0
2023-01-30 00:00:00-05:00,50.339111328125,50.48605728149414,49.774681091308594,49.909568786621094,49.17087173461914,2314155,0.0,0.0
2023-01-31 00:00:00-05:00,50.135643005371094,51.28108596801758,49.886962890625,51.266014099121094,50.507240295410156,4188277,0.0,0.0
2023-02-01 00:00:00-05:00,51.25094223022461,51.98944854736328,48.74152374267578,49.638282775878906,48.90361022949219,6399988,0.0,0.0
2023-02-02 00:00:00-05:00,50.30143356323242,51.66541290283203,49.65410614013672,51.10022735595703,50.34391403198242,4989918,0.0,0.0
2023-02-03 00:00:00-05:00,50.700828552246094,52.147701263427734,50.48982620239258,52.057273864746094,51.28678512573242,5227053,0.0,0.0
2023-02-06 00:00:00-05:00,51.65033721923828,52.35870361328125,51.62773132324219,51.9517707824707,51.18284606933594,3615942,0.0,0.0
2023-02-07 00:00:00-05:00,51.75584030151367,52.36247253417969,51.431800842285156,52.24566650390625,51.47239685058594,2775022,0.0,0.0
2023-02-08 00:00:00-05:00,51.891483306884766,52.44159698486328,51.4996223449707,52.07234573364258,51.3016357421875,2900159,0.0,0.0
2023-02-09 00:00:00-05:00,52.50188446044922,52.5870361328125,51.14543914794922,51.40919494628906,50.6483039855957,2062954,0.0,0.0
2023-02-10 00:00:00-05:00,51.31122970581055,51.41672897338867,50.82893753051758,51.341373443603516,50.581485748291016,1429312,0.0,0.0
2023-02-13 00:00:00-05:00,51.36397933959961,52.17859649658203,51.18312072753906,52.13262939453125,51.36102294921875,2066272,0.0,0.0
2023-02-14 00:00:00-05:00,51.996986389160156,52.140167236328125,51.29615783691406,52.01205825805664,51.24223709106445,1442980,0.0,0.0
2023-02-15 00:00:00-05:00,51.7483024597168,52.54710006713867,51.7483024597168,52.4039192199707,51.628299713134766,1669764,0.0,0.0
2023-02-16 00:00:00-05:00,51.574981689453125,52.27581024169922,51.544837951660156,51.770912170410156,51.004661560058594,1507339,0.0,0.0
2023-02-17 00:00:00-05:00,51.7483024597168,52.3134880065918,51.356441497802734,52.268272399902344,51.49466323852539,2176944,0.0,0.0
2023-02-21 00:00:00-05:00,51.84627151489258,51.84627151489258,50.31650161743164,50.45968246459961,49.71284866333008,2000983,0.0,0.0
2023-02-22 00:00:00-05:00,50.565185546875,50.919368743896484,49.50263977050781,49.83421325683594,49.09663009643555,3154146,0.0,0.0
2023-02-23 00:00:00-05:00,50.03014373779297,50.61039733886719,49.72871017456055,50.565185546875,49.86956787109375,2375330,0.052751,0.0
2023-02-24 00:00:00-05:00,50.06782150268555,50.550113677978516,49.57046127319336,50.49736022949219,49.80268096923828,2275407,0.0,0.0
2023-02-27 00:00:00-05:00,51.05501174926758,51.19819259643555,50.113037109375,50.20346450805664,49.5128288269043,1993950,0.0,0.0
2023-02-28 00:00:00-05:00,50.26375198364258,50.753578186035156,50.15071487426758,50.23360824584961,49.54254913330078,2453888,0.0,0.0
2023-03-01 00:00:00-05:00,50.015071868896484,50.47852325439453,49.95478439331055,50.324039459228516,49.63174819946289,2140451,0.0,0.0
2023-03-02 00:00:00-05:00,50.20346450805664,51.017330169677734,49.82667541503906,51.009796142578125,50.308067321777344,2366041,0.0,0.0
2023-03-03 00:00:00-05:00,49.92464065551758,51.43933868408203,49.902034759521484,51.356441497802734,50.649940490722656,3054754,0.0,0.0
2023-03-06 00:00:00-05:00,51.318763732910156,51.75584030151367,51.096458435058594,51.1605110168457,50.45669937133789,1785213,0.0,0.0
2023-03-07 00:00:00-05:00,51.19819259643555,51.40165710449219,50.60286331176758,50.61793518066406,49.92159652709961,1778711,0.0,0.0
2023-03-08 00:00:00-05:00,50.59532928466797,50.88168716430664,50.248680114746094,50.60286331176758,49.90672302246094,1441786,0.0,0.0
2023-03-09 00:00:00-05:00,50.84400939941406,51.039939880371094,49.788997650146484,49.84928512573242,49.163516998291016,2557793,0.0,0.0
2023-03-10 00:00:00-05:00,49.902034759521484,49.902034759521484,48.255462646484375,48.54559326171875,47.87775421142578,2263729,0.0,0.0
2023-03-13 00:00:00-04:00,48.01055145263672,48.66616439819336,47.656368255615234,48.198944091796875,47.535884857177734,2364847,0.0,0.0
2023-03-14 00:00:00-04:00,49.080631256103516,50.184627532958984,49.00527572631836,49.902034759521484,49.21554946899414,3441044,0.0,0.0
2023-03-15 00:00:00-04:00,48.92238235473633,49.133384704589844,47.4830436706543,48.51544952392578,47.8480339050293,3406542,0.0,0.0
2023-03-16 00:00:00-04:00,48.2516975402832,49.67972946166992,47.9917106628418,49.37453079223633,48.6953010559082,4302532,0.0,0.0
2023-03-17 00:00:00-04:00,49.05049133300781,49.26902770996094,47.75433349609375,48.17633819580078,47.51359176635742,4947056,0.0,0.0
2023-03-20 00:00:00-04:00,48.507911682128906,49.40467071533203,48.42124938964844,49.306705474853516,48.62840270996094,2917277,0.0,0.0
2023-03-21 00:00:00-04:00,49.977394104003906,50.22984313964844,49.26149368286133,49.69103240966797,49.0074462890625,2446855,0.0,0.0
2023-03-22 00:00:00-04:00,49.562923431396484,50.437076568603516,49.03541946411133,49.04295349121094,48.36827850341797,2366041,0.0,0.0
2023-03-23 00:00:00-04:00,48.997737884521484,49.78522872924805,48.198944091796875,48.62848663330078,47.95951843261719,2903609,0.0,0.0
2023-03-24 00:00:00-04:00,48.229087829589844,49.193668365478516,47.93142318725586,49.17859649658203,48.50205612182617,3501953,0.0,0.0
2023-03-27 00:00:00-04:00,50.12057113647461,50.38432693481445,49.32177734375,49.69856643676758,49.01487731933594,3044271,0.0,0.0
2023-03-28 00:00:00-04:00,49.71363830566406,50.113037109375,49.48756790161133,49.93971252441406,49.25270462036133,2069987,0.0,0.0
2023-03-29 00:00:00-04:00,50.437076568603516,50.727203369140625,50.128108978271484,50.693294525146484,49.99591827392578,1913932,0.0,0.0
2023-03-30 00:00:00-04:00,51.017330169677734,51.13790512084961,50.587791442871094,50.74604415893555,50.047943115234375,2226573,0.0,0.0
2023-03-31 00:00:00-04:00,50.95704650878906,51.431800842285156,50.889225006103516,51.37151336669922,50.66481018066406,2945542,0.0,0.0
2023-04-03 00:00:00-04:00,51.32630157470703,51.544837951660156,50.79879379272461,51.092689514160156,50.38981628417969,2129835,0.0,0.0
2023-04-04 00:00:00-04:00,51.07761764526367,51.130367279052734,48.98643493652344,49.37453079223633,48.6953010559082,2790150,0.0,0.0
2023-04-05 00:00:00-04:00,49.06555938720703,49.133384704589844,48.51544952392578,48.764129638671875,48.09329605102539,3175644,0.0,0.0
2023-04-06 00:00:00-04:00,48.58327102661133,48.80934524536133,48.225318908691406,48.5003776550293,47.833168029785156,2146157,0.0,0.0
2023-04-10 00:00:00-04:00,48.20648193359375,49.00527572631836,48.09344482421875,48.967594146728516,48.29396057128906,1556704,0.0,0.0
2023-04-11 00:00:00-04:00,49.223812103271484,49.42728042602539,48.89223861694336,49.020347595214844,48.345985412597656,2288942,0.0,0.0
2023-04-12 00:00:00-04:00,50.51996994018555,50.896759033203125,50.18839645385742,50.361717224121094,49.66889953613281,5452510,0.0,0.0
2023-04-13 00:00:00-04:00,50.339111328125,50.749813079833984,49.61567306518555,50.663150787353516,49.966182708740234,3887579,0.0,0.0
2023-04-14 00:00:00-04:00,50.63300704956055,51.41672897338867,50.41447067260742,50.61793518066406,49.92159652709961,2122669,0.0,0.0
2023-04-17 00:00:00-04:00,50.813865661621094,50.813865661621094,50.467220306396484,50.73850631713867,50.04051208496094,2525414,0.0,0.0
2023-04-18 00:00:00-04:00,50.98719024658203,51.209495544433594,50.5086669921875,50.62546920776367,49.92902755737305,1950292,0.0,0.0
2023-04-19 00:00:00-04:00,50.38432693481445,50.62546920776367,49.755088806152344,50.135643005371094,49.445945739746094,1805914,0.0,0.0
2023-04-20 00:00:00-04:00,49.80406951904297,50.16578674316406,49.65335464477539,49.96985626220703,49.28242874145508,3120441,0.0,0.0
2023-04-21 00:00:00-04:00,50.06782150268555,50.42200469970703,49.71363830566406,50.331573486328125,49.63917541503906,2927627,0.0,0.0
2023-04-24 00:00:00-04:00,50.135643005371094,50.48229217529297,49.85681915283203,50.39186096191406,49.698631286621094,2441149,0.0,0.0
2023-04-25 00:00:00-04:00,50.211002349853516,50.339111328125,49.14845657348633,49.223812103271484,48.54664611816406,2357946,0.0,0.0
2023-04-26 00:00:00-04:00,48.681236267089844,50.0,47.24943542480469,47.520721435546875,46.86698913574219,7306197,0.0,0.0
2023-04-27 00:00:00-04:00,48.04069137573242,48.12358856201172,47.30218505859375,47.92765426635742,47.26832580566406,3401897,0.0,0.0
2023-04-28 00:00:00-04:00,47.75433349609375,48.23662567138672,47.39638137817383,47.543331146240234,46.889286041259766,3865020,0.0,0.0
2023-05-01 00:00:00-04:00,47.49058151245117,48.32705307006836,47.45289993286133,48.1386604309082,47.4764289855957,3592720,0.0,0.0
2023-05-02 00:00:00-04:00,48.108516693115234,48.26676559448242,47.53579330444336,48.12358856201172,47.46156311035156,2899230,0.0,0.0
2023-05-03 00:00:00-04:00,48.44762420654297,49.29163360595703,48.0482292175293,48.229087829589844,47.565608978271484,3199795,0.0,0.0
2023-05-04 00:00:00-04:00,48.191410064697266,48.568199157714844,47.87490463256836,48.03315734863281,47.37237548828125,3291624,0.0,0.0
2023-05-05 00:00:00-04:00,48.620948791503906,49.073097229003906,48.620948791503906,48.771663665771484,48.10072326660156,3221558,0.0,0.0
2023-05-08 00:00:00-04:00,49.080631256103516,49.186134338378906,48.67369842529297,48.83195114135742,48.160186767578125,2480428,0.0,0.0
2023-05-09 00:00:00-04:00,48.59834289550781,49.10700988769531,48.47023391723633,48.62848663330078,47.95951843261719,2437832,0.0,0.0
2023-05-10 00:00:00-04:00,48.92991638183594,49.095703125,48.14619445800781,48.643558502197266,47.9743766784668,2926168,0.0,0.0
2023-05-11 00:00:00-04:00,48.342124938964844,48.62848663330078,48.0256233215332,48.33458709716797,47.66965866088867,2623479,0.0,0.0
2023-05-12 00:00:00-04:00,48.658626556396484,48.877166748046875,48.10097885131836,48.6134147644043,47.94464874267578,2740653,0.0,0.0
2023-05-15 00:00:00-04:00,48.6134147644043,49.51017379760742,48.48530578613281,49.48756790161133,48.8067741394043,3143000,0.0,0.0
2023-05-16 00:00:00-04:00,49.133384704589844,49.1868896484375,48.455162048339844,48.6134147644043,47.94464874267578,1746067,0.0,0.0
2023-05-17 00:00:00-04:00,48.92238235473633,49.34438705444336,48.66616439819336,49.06555938720703,48.39058303833008,1959183,0.0,0.0
2023-05-18 00:00:00-04:00,49.20120620727539,49.795780181884766,49.00527572631836,49.65335464477539,48.97027587890625,2807269,0.0,0.0
2023-05-19 00:00:00-04:00,50.022605895996094,50.113037109375,49.186134338378906,49.51017379760742,48.82907485961914,2318136,0.0,0.0
2023-05-22 00:00:00-04:00,49.58552932739258,50.21477127075195,49.51770782470703,50.05274963378906,49.36418533325195,2853581,0.0,0.0
2023-05-23 00:00:00-04:00,49.864356994628906,50.03014373779297,48.95252227783203,49.00527572631836,48.33113098144531,2532314,0.0,0.0
2023-05-24 00:00:00-04:00,48.60587692260742,48.63602066040039,47.8221549987793,48.078372955322266,47.416969299316406,2999020,0.0,0.0
2023-05-25 00:00:00-04:00,48.281837463378906,49.37076187133789,48.10097885131836,49.073097229003906,48.451175689697266,4036999,0.052751,0.0
2023-05-26 00:00:00-04:00,49.65335464477539,51.47701644897461,49.43858337402344,51.10776138305664,50.460044860839844,4955549,0.0,0.0
2023-05-30 00:00:00-04:00,51.14543914794922,51.50716018676758,50.587791442871094,50.670684814453125,50.02851104736328,3297595,0.0,0.0
2023-05-31 00:00:00-04:00,50.4521484375,50.493595123291016,48.764129638671875,49.06555938720703,48.44373321533203,10482106,0.0,0.0
2023-06-01 00:00:00-04:00,48.990203857421875,49.39713668823242,48.71891403198242,49.336849212646484,48.71158981323242,4042307,0.0,0.0
2023-06-02 00:00:00-04:00,49.77392578125,50.91183090209961,49.751319885253906,50.693294525146484,50.05083084106445,3164364,0.0,0.0
2023-06-05 00:00:00-04:00,50.76111602783203,50.806331634521484,50.01055145263672,50.40693283081055,49.768104553222656,2069855,0.0,0.0
2023-06-06 00:00:00-04:00,50.17332458496094,50.82893753051758,50.17332458496094,50.663150787353516,50.02107238769531,1279626,0.0,0.0
2023-06-07 00:00:00-04:00,50.85154342651367,51.98944854736328,50.61793518066406,51.8613395690918,51.204071044921875,2478969,0.0,0.0
2023-06-08 00:00:00-04:00,51.778446197509766,51.96684265136719,51.48078536987305,51.544837951660156,50.89158630371094,2120546,0.0,0.0
2023-06-09 00:00:00-04:00,51.688018798828125,51.74076843261719,50.96458053588867,51.356441497802734,50.705570220947266,1609386,0.0,0.0
2023-06-12 00:00:00-04:00,51.356441497802734,51.79351806640625,51.08515548706055,51.582515716552734,50.92878341674805,1635926,0.0,0.0
2023-06-13 00:00:00-04:00,51.657875061035156,52.607383728027344,51.657875061035156,52.55463409423828,51.88858413696289,2055125,0.0,0.0
2023-06-14 00:00:00-04:00,52.73549270629883,53.021854400634766,52.2004508972168,52.373775482177734,51.71002197265625,2015846,0.0,0.0
2023-06-15 00:00:00-04:00,52.52449035644531,54.54408264160156,52.449134826660156,54.2351188659668,53.547767639160156,4955814,0.0,0.0
2023-06-16 00:00:00-04:00,54.611907958984375,54.89073181152344,54.11454391479492,54.1220817565918,53.43616485595703,4897294,0.0,0.0
2023-06-20 00:00:00-04:00,53.65486145019531,54.03165054321289,53.32328414916992,53.88093566894531,53.19807434082031,2000054,0.0,0.0
2023-06-21 00:00:00-04:00,53.594573974609375,53.94875717163086,53.281837463378906,53.6699333190918,52.989749908447266,1933572,0.0,0.0
2023-06-22 00:00:00-04:00,53.715145111083984,53.85832595825195,53.165035247802734,53.45893096923828,52.78142166137695,1643490,0.0,0.0
2023-06-23 00:00:00-04:00,52.89374542236328,53.57196807861328,52.75810241699219,53.52675247192383,52.84838104248047,2345207,0.0,0.0
2023-06-26 00:00:00-04:00,53.57196807861328,54.45365524291992,53.57196807861328,54.280330657958984,53.59241485595703,2151598,0.0,0.0
2023-06-27 00:00:00-04:00,54.53654861450195,55.23737716674805,54.393367767333984,55.0565185546875,54.358760833740234,2231881,0.0,0.0
2023-06-28 00:00:00-04:00,55.13941192626953,55.2825927734375,54.79276657104492,54.93594741821289,54.23971176147461,2192071,0.0,0.0
2023-06-29 00:00:00-04:00,54.498870849609375,55.44837951660156,54.498870849609375,55.418235778808594,54.71589279174805,1928529,0.0,0.0
2023-06-30 00:00:00-04:00,55.90052795410156,56.42049789428711,55.7347412109375,56.34513854980469,55.63105010986328,2103560,0.0,0.0
2023-07-03 00:00:00-04:00,55.79502487182617,56.262245178222656,55.531272888183594,55.70459747314453,54.998626708984375,1026036,0.0,0.0
2023-07-05 00:00:00-04:00,55.13941192626953,55.59909439086914,54.9434814453125,55.041446685791016,54.34387969970703,2250725,0.0,0.0
2023-07-06 00:00:00-04:00,54.815372467041016,54.87490463256836,53.98643493652344,54.42351150512695,53.73377227783203,2665943,0.0,0.0
2023-07-07 00:00:00-04:00,54.355690002441406,55.32027053833008,54.280330657958984,54.52147674560547,53.83049774169922,1542239,0.0,0.0
2023-07-10 00:00:00-04:00,54.928409576416016,55.870384216308594,54.76262283325195,55.77995681762695,55.073028564453125,2077551,0.0,0.0
2023-07-11 00:00:00-04:00,55.923133850097656,56.35267639160156,55.79502487182617,56.22456741333008,55.51201248168945,1564400,0.0,0.0
2023-07-12 00:00:00-04:00,56.518463134765625,56.7822151184082,56.29615783691406,56.5561408996582,55.83937454223633,1489823,0.0,0.0
2023-07-13 00:00:00-04:00,56.54106903076172,56.87264633178711,56.35267639160156,56.4129638671875,55.69801330566406,1479605,0.0,0.0
2023-07-14 00:00:00-04:00,56.209495544433594,56.38884735107422,55.78598403930664,55.89299011230469,55.184627532958984,1580590,0.0,0.0
2023-07-17 00:00:00-04:00,55.77241897583008,56.405426025390625,55.77241897583008,56.322532653808594,55.608734130859375,1785346,0.0,0.0
2023-07-18 00:00:00-04:00,56.15674591064453,56.42426681518555,55.97588348388672,56.1868896484375,55.47480392456055,2320392,0.0,0.0
2023-07-19 00:00:00-04:00,55.81763458251953,56.20195770263672,55.531272888183594,56.036170959472656,55.32599639892578,2210782,0.0,0.0
2023-07-20 00:00:00-04:00,56.23963928222656,56.42049789428711,55.77241897583008,56.02109909057617,55.311119079589844,2105418,0.0,0.0
2023-07-21 00:00:00-04:00,56.1039924621582,56.22079849243164,55.810096740722656,55.96834945678711,55.259033203125,1898539,0.0,0.0
2023-07-24 00:00:00-04:00,56.02863693237305,56.382816314697266,55.59532928466797,55.78749084472656,55.08046340942383,2131958,0.0,0.0
2023-07-25 00:00:00-04:00,55.37302017211914,55.983421325683594,55.19969940185547,55.88545608520508,55.177188873291016,3461612,0.0,0.0
2023-07-26 00:00:00-04:00,55.93067169189453,57.98040771484375,55.12434005737305,57.82969284057617,57.0967903137207,4246400,0.0,0.0
2023-07-27 00:00:00-04:00,58.2743034362793,58.5003776550293,57.287113189697266,57.53579330444336,56.80661392211914,3229387,0.0,0.0
2023-07-28 00:00:00-04:00,57.972869873046875,58.116050720214844,57.494346618652344,58.0256233215332,57.29023361206055,2445130,0.0,0.0
2023-07-31 00:00:00-04:00,58.17633819580078,59.05049133300781,57.7995491027832,59.04295349121094,58.294677734375,4436294,0.0,0.0
2023-08-01 00:00:00-04:00,58.6134147644043,59.26902770996094,58.5870361328125,59.01280975341797,58.26491165161133,2826245,0.0,0.0
2023-08-02 00:00:00-04:00,58.74905776977539,59.31424331665039,58.394874572753906,58.990203857421875,58.24259567260742,3090318,0.0,0.0
2023-08-03 00:00:00-04:00,58.7264518737793,59.01280975341797,58.26300048828125,58.89977264404297,58.1533088684082,2883438,0.0,0.0
2023-08-04 00:00:00-04:00,59.095703125,59.246421813964844,58.21401596069336,58.311981201171875,57.57297134399414,2267180,0.0,0.0
2023-08-07 00:00:00-04:00,58.68877029418945,59.60813903808594,58.68877029418945,59.110774993896484,58.36164093017578,2958945,0.0,0.0
2023-08-08 00:00:00-04:00,58.62848663330078,59.449886322021484,58.35719680786133,59.329315185546875,58.57740783691406,2406249,0.0,0.0
2023-08-09 00:00:00-04:00,59.329315185546875,59.64958572387695,59.06555938720703,59.46495819091797,58.71133041381836,2402932,0.0,0.0
2023-08-10 00:00:00-04:00,59.5478515625,60.211002349853516,59.20120620727539,59.80406951904297,59.046142578125,3884793,0.0,0.0
2023-08-11 00:00:00-04:00,59.562923431396484,59.886962890625,59.28786849975586,59.84174728393555,59.083351135253906,2734947,0.0,0.0
2023-08-14 00:00:00-04:00,59.82667541503906,60.14318084716797,59.63074493408203,60.128108978271484,59.36606979370117,2338572,0.0,0.0
2023-08-15 00:00:00-04:00,59.758853912353516,59.909568786621094,59.306705474853516,59.61567306518555,58.860137939453125,2327823,0.0,0.0
2023-08-16 00:00:00-04:00,59.419742584228516,59.80406951904297,59.20120620727539,59.32177734375,58.56996536254883,2364581,0.0,0.0
2023-08-17 00:00:00-04:00,59.532779693603516,59.62923812866211,58.29690933227539,58.311981201171875,57.57297134399414,2589773,0.0,0.0
2023-08-18 00:00:00-04:00,57.64883041381836,57.76186752319336,56.76714324951172,57.33232879638672,56.6057243347168,4644633,0.0,0.0
2023-08-21 00:00:00-04:00,57.33232879638672,57.739261627197266,57.083648681640625,57.633758544921875,56.90333557128906,1887127,0.0,0.0
2023-08-22 00:00:00-04:00,57.889976501464844,58.12584686279297,57.392616271972656,57.663902282714844,56.93309783935547,1815867,0.0,0.0
2023-08-23 00:00:00-04:00,57.844764709472656,58.81687927246094,57.626224517822266,58.620948791503906,57.878021240234375,1740228,0.0,0.0
2023-08-24 00:00:00-04:00,58.342124938964844,58.78673553466797,57.24943542480469,57.309722900390625,56.58340072631836,2926035,0.0,0.0
2023-08-25 00:00:00-04:00,57.6865119934082,58.285606384277344,57.21929168701172,58.04069137573242,57.305110931396484,4116752,0.0,0.0
2023-08-28 00:00:00-04:00,58.221553802490234,58.73323440551758,58.10097885131836,58.40994644165039,57.66968536376953,1210888,0.0,0.0
2023-08-29 00:00:00-04:00,58.35719680786133,59.280330657958984,58.278072357177734,59.223812103271484,58.473243713378906,1547149,0.0,0.0
2023-08-30 00:00:00-04:00,59.47249221801758,59.81160354614258,59.31424331665039,59.675960540771484,58.91966247558594,1916984,0.0,0.0
2023-08-31 00:00:00-04:00,59.62321090698242,59.84174728393555,59.419742584228516,59.419742584228516,58.71858596801758,2518115,0.052751,0.0
2023-09-01 00:00:00-04:00,59.81914138793945,59.909568786621094,59.329315185546875,59.5478515625,58.845191955566406,1609253,0.0,0.0
2023-09-05 00:00:00-04:00,59.57799530029297,59.57799530029297,58.311981201171875,58.32705307006836,57.6387939453125,1966216,0.0,0.0
2023-09-06 00:00:00-04:00,58.15372848510742,58.71138000488281,57.859832763671875,58.538055419921875,57.84730911254883,1415644,0.0,0.0
2023-09-07 00:00:00-04:00,58.221553802490234,59.32177734375,57.89374542236328,59.26902770996094,58.56966018676758,3796149,0.0,0.0
2023-09-08 00:00:00-04:00,59.15599060058594,59.38960266113281,58.342124938964844,58.44762420654297,57.75795364379883,1883013,0.0,0.0
2023-09-11 00:00:00-04:00,58.46269989013672,59.246421813964844,58.311981201171875,59.16352844238281,58.46540069580078,2111522,0.0,0.0
2023-09-12 00:00:00-04:00,58.85456085205078,59.532779693603516,57.55840301513672,57.626224517822266,56.94623565673828,2593091,0.0,0.0
2023-09-13 00:00:00-04:00,57.33986282348633,57.882442474365234,56.865108489990234,57.13639831542969,56.462188720703125,2368164,0.0,0.0
2023-09-14 00:00:00-04:00,57.52825927734375,57.72418975830078,57.0308952331543,57.43783187866211,56.760066986083984,1930122,0.0,0.0
2023-09-15 00:00:00-04:00,57.21175765991211,57.5960807800293,56.93292999267578,57.26450729370117,56.58879089355469,3168876,0.0,0.0
2023-09-18 00:00:00-04:00,57.32479476928711,57.98794174194336,57.19593048095703,57.618690490722656,56.93879699707031,1496325,0.0,0.0
2023-09-19 00:00:00-04:00,57.37754440307617,57.53579330444336,56.50716018676758,57.02336120605469,56.35048294067383,2530324,0.0,0.0
2023-09-20 00:00:00-04:00,57.3700065612793,57.70685958862305,56.53353500366211,56.5561408996582,55.88877868652344,1837497,0.0,0.0
2023-09-21 00:00:00-04:00,56.34513854980469,56.34513854980469,55.67445373535156,55.70459747314453,55.04728317260742,1269276,0.0,0.0
2023-09-22 00:00:00-04:00,55.59156036376953,56.24717330932617,55.59156036376953,55.97588348388672,55.31536865234375,1523131,0.0,0.0
2023-09-25 00:00:00-04:00,55.870384216308594,56.61642837524414,55.870384216308594,56.382816314697266,55.71750259399414,1435681,0.0,0.0
2023-09-26 00:00:00-04:00,55.90052795410156,56.36774826049805,55.033912658691406,55.20723342895508,54.5557861328125,2485604,0.0,0.0
2023-09-27 00:00:00-04:00,55.59909439086914,55.832706451416016,55.16202163696289,55.45591735839844,54.801544189453125,1825952,0.0,0.0
2023-09-28 00:00:00-04:00,55.584022521972656,56.57875061035156,55.27505874633789,56.04370880126953,55.38239669799805,1545557,0.0,0.0
2023-09-29 00:00:00-04:00,56.4431037902832,56.57121276855469,55.78749084472656,55.88545608520508,55.22601318359375,2397226,0.0,0.0
2023-10-02 00:00:00-04:00,55.727203369140625,56.42049789428711,55.27505874633789,55.53881072998047,54.883453369140625,2232147,0.0,0.0
2023-10-03 00:00:00-04:00,55.32027053833008,55.719669342041016,54.90580368041992,55.2825927734375,54.63026428222656,2009609,0.0,0.0
2023-10-04 00:00:00-04:00,55.2825927734375,55.93067169189453,54.86058807373047,55.719669342041016,55.06217575073242,2112319,0.0,0.0
2023-10-05 00:00:00-04:00,56.15674591064453,56.36774826049805,55.697059631347656,56.2170295715332,55.55366897583008,1992491,0.0,0.0
2023-10-06 00:00:00-04:00,55.79502487182617,57.21929168701172,55.531272888183594,56.865108489990234,56.194095611572266,2262004,0.0,0.0
2023-10-09 00:00:00-04:00,56.48078536987305,57.112281799316406,56.13790512084961,56.857574462890625,56.18665313720703,1160063,0.0,0.0
2023-10-10 00:00:00-04:00,56.99321746826172,58.09344482421875,56.85003662109375,57.626224517822266,56.94623565673828,2649621,0.0,0.0
2023-10-11 00:00:00-04:00,57.64129638671875,58.168800354003906,57.543331146240234,58.14619445800781,57.4600715637207,1734389,0.0,0.0
2023-10-12 00:00:00-04:00,58.281837463378906,58.281837463378906,56.827430725097656,57.26450729370117,56.58879089355469,1934501,0.0,0.0
2023-10-13 00:00:00-04:00,57.21175765991211,57.3700065612793,55.54634475708008,55.85531234741211,55.19622039794922,2181057,0.0,0.0
2023-10-16 00:00:00-04:00,56.45064163208008,56.744537353515625,55.945743560791016,56.262245178222656,55.598350524902344,1992358,0.0,0.0
2023-10-17 00:00:00-04:00,55.945743560791016,56.85003662109375,55.832706451416016,56.62396240234375,55.9557991027832,2031902,0.0,0.0
2023-10-18 00:00:00-04:00,55.99849319458008,55.99849319458008,54.31047439575195,54.31801223754883,53.67706298828125,2578892,0.0,0.0
2023-10-19 00:00:00-04:00,54.272796630859375,54.702335357666016,53.398643493652344,53.57950210571289,52.947265625,2624010,0.0,0.0
2023-10-20 00:00:00-04:00,53.737754821777344,53.80934524536133,52.81838607788086,52.93142318725586,52.30683898925781,2531783,0.0,0.0
2023-10-23 00:00:00-04:00,53.142425537109375,53.57196807861328,52.64506530761719,52.75810241699219,52.135555267333984,3174317,0.0,0.0
2023-10-24 00:00:00-04:00,53.285606384277344,53.42878723144531,52.70534896850586,52.938961029052734,52.31427764892578,2525546,0.0,0.0
2023-10-25 00:00:00-04:00,49.32177734375,50.08289337158203,47.513187408447266,48.681236267089844,48.10679626464844,10768207,0.0,0.0
2023-10-26 00:00:00-04:00,48.06330108642578,49.864356994628906,47.852298736572266,49.05802536010742,48.47914123535156,4204201,0.0,0.0
2023-10-27 00:00:00-04:00,49.08816909790039,49.35945510864258,48.68349838256836,49.00527572631836,48.42701721191406,3401765,0.0,0.0
2023-10-30 00:00:00-04:00,49.525245666503906,49.69103240966797,48.43632125854492,49.01280975341797,48.4344596862793,3818044,0.0,0.0
2023-10-31 00:00:00-04:00,48.85456085205078,49.329315185546875,48.643558502197266,49.193668365478516,48.613182067871094,4087691,0.0,0.0
2023-11-01 00:00:00-04:00,49.223812103271484,49.40467071533203,48.56066131591797,49.12584686279297,48.54616165161133,3595905,0.0,0.0
2023-11-02 00:00:00-04:00,49.69103240966797,50.090431213378906,49.09947204589844,49.28409957885742,48.70254898071289,4588501,0.0,0.0
2023-11-03 00:00:00-04:00,50.14318084716797,50.670684814453125,49.611907958984375,49.69856643676758,49.112125396728516,5284910,0.0,0.0
2023-11-06 00:00:00-05:00,49.73624801635742,49.85681915283203,49.14091873168945,49.42728042602539,48.84404373168945,3332628,0.0,0.0
2023-11-07 00:00:00-05:00,49.299171447753906,49.4913330078125,48.74905776977539,48.95252227783203,48.3748779296875,3799599,0.0,0.0
2023-11-08 00:00:00-05:00,49.03541946411133,49.65335464477539,48.89223861694336,49.28409957885742,48.70254898071289,3001276,0.0,0.0
2023-11-09 00:00:00-05:00,49.61567306518555,49.71363830566406,49.14091873168945,49.23888397216797,48.65787124633789,2393908,0.0,0.0
2023-11-10 00:00:00-05:00,49.555389404296875,49.751319885253906,48.97136306762695,49.60813903808594,49.02276611328125,2757108,0.0,0.0
2023-11-13 00:00:00-05:00,49.434814453125,49.555389404296875,49.09193801879883,49.223812103271484,48.64297866821289,2576769,0.0,0.0
2023-11-14 00:00:00-05:00,50.17332458496094,50.727203369140625,50.03767776489258,50.444610595703125,49.849369049072266,5906742,0.0,0.0
2023-11-15 00:00:00-05:00,50.50489807128906,51.2999267578125,50.39186096191406,50.82140350341797,50.221717834472656,3302372,0.0,0.0
2023-11-16 00:00:00-05:00,50.783721923828125,51.30369186401367,50.557647705078125,50.96458053588867,50.363197326660156,3016006,0.0,0.0
2023-11-17 00:00:00-05:00,51.17558288574219,51.36397933959961,50.783721923828125,51.318763732910156,50.71320343017578,1896283,0.0,0.0
2023-11-20 00:00:00-05:00,51.243404388427734,51.243404388427734,50.783721923828125,51.002262115478516,50.40043640136719,1969135,0.0,0.0
2023-11-21 00:00:00-05:00,50.94197463989258,51.10022735595703,50.69404602050781,50.79879379272461,50.199371337890625,1885534,0.0,0.0
2023-11-22 00:00:00-05:00,50.82893753051758,51.2735481262207,50.693294525146484,51.115299224853516,50.5721549987793,1362431,0.060286,0.0
2023-11-24 00:00:00-05:00,51.115299224853516,51.243404388427734,50.82893753051758,50.904296875,50.363399505615234,963269,0.0,0.0
2023-11-27 00:00:00-05:00,50.64054489135742,51.08515548706055,50.49736022949219,50.82140350341797,50.28139114379883,2489054,0.0,0.0
2023-11-28 00:00:00-05:00,50.73097229003906,51.30369186401367,50.550113677978516,50.866615295410156,50.32611846923828,2943684,0.0,0.0
2023-11-29 00:00:00-05:00,51.32630157470703,51.52976608276367,50.9608154296875,51.02486801147461,50.48269271850586,1484250,0.0,0.0
2023-11-30 00:00:00-05:00,51.205726623535156,52.027130126953125,50.94197463989258,51.98191452026367,51.4295654296875,4950241,0.0,0.0
2023-12-01 00:00:00-05:00,51.921627044677734,52.35116958618164,51.62773132324219,52.223060607910156,51.668148040771484,3419414,0.0,0.0
2023-12-04 00:00:00-05:00,51.808589935302734,52.41899108886719,51.59758758544922,52.39638137817383,51.839630126953125,1917250,0.0,0.0
2023-12-05 00:00:00-05:00,52.24566650390625,52.366241455078125,51.35267639160156,51.469478607177734,50.92257308959961,2162877,0.0,0.0
2023-12-06 00:00:00-05:00,51.831199645996094,52.2569694519043,51.657875061035156,51.75584030151367,51.20589828491211,1334829,0.0,0.0
2023-12-07 00:00:00-05:00,51.9743766784668,52.29841613769531,51.891483306884766,52.042198181152344,51.48921203613281,1465141,0.0,0.0
2023-12-08 00:00:00-05:00,52.12509536743164,52.456668853759766,51.71062469482422,51.914093017578125,51.362464904785156,2614455,0.0,0.0
2023-12-11 00:00:00-05:00,52.0648078918457,53.338356018066406,51.996986389160156,53.255462646484375,52.6895751953125,2673905,0.0,0.0
2023-12-12 00:00:00-05:00,53.255462646484375,53.80557632446289,53.14996337890625,53.52675247192383,52.95799255371094,1700683,0.0,0.0
2023-12-13 00:00:00-05:00,53.63978958129883,53.941219329833984,53.30821228027344,53.64732360839844,53.07727813720703,4378038,0.0,0.0
2023-12-14 00:00:00-05:00,54.385833740234375,55.870384216308594,54.385833740234375,55.06405258178711,54.47895431518555,5370900,0.0,0.0
2023-12-15 00:00:00-05:00,54.57422637939453,54.66465759277344,53.7000732421875,54.31801223754883,53.740840911865234,7552753,0.0,0.0
2023-12-18 00:00:00-05:00,54.48379898071289,54.48379898071289,53.66239547729492,54.393367767333984,53.815391540527344,1840284,0.0,0.0
2023-12-19 00:00:00-05:00,54.59683609008789,54.88319396972656,54.363224029541016,54.853050231933594,54.27018737792969,1845724,0.0,0.0
2023-12-20 00:00:00-05:00,54.68726348876953,54.77769470214844,53.85832595825195,53.95629119873047,53.382965087890625,1752702,0.0,0.0
2023-12-21 00:00:00-05:00,54.363224029541016,54.71363830566406,54.09193801879883,54.694801330566406,54.113624572753906,1467397,0.0,0.0
2023-12-22 00:00:00-05:00,54.920875549316406,55.16202163696289,54.6043701171875,54.928409576416016,54.34475326538086,1335891,0.0,0.0
2023-12-26 00:00:00-05:00,54.86812210083008,55.388092041015625,54.82291030883789,55.34288024902344,54.754817962646484,1427852,0.0,0.0
2023-12-27 00:00:00-05:00,55.35041427612305,55.7347412109375,55.22607421875,55.531272888183594,54.94120788574219,1944851,0.0,0.0
2023-12-28 00:00:00-05:00,55.47852325439453,55.66691970825195,55.32027053833008,55.44837951660156,54.85919952392578,1537595,0.0,0.0
2023-12-29 00:00:00-05:00,55.357948303222656,55.758853912353516,55.23737716674805,55.48605728149414,54.89647674560547,1160063,0.0,0.0
2024-01-02 00:00:00-05:00,54.642051696777344,55.16202163696289,54.280330657958984,54.46118927001953,53.88249588012695,2733885,0.0,0.0
2024-01-03 00:00:00-05:00,54.34815216064453,54.34815216064453,53.38357162475586,53.53428649902344,52.96543884277344,2758302,0.0,0.0
2024-01-04 00:00:00-05:00,53.617183685302734,54.48379898071289,53.49660873413086,53.8960075378418,53.32331848144531,2563631,0.0,0.0
2024-01-05 00:00:00-05:00,53.80557632446289,54.10700988769531,53.41371536254883,53.83572006225586,53.263671875,1681973,0.0,0.0
2024-01-08 00:00:00-05:00,53.75282669067383,54.419742584228516,53.52675247192383,54.34815216064453,53.770660400390625,1940472,0.0,0.0
2024-01-09 00:00:00-05:00,54.0090446472168,54.34815216064453,53.74528884887695,54.159759521484375,53.58427429199219,1312270,0.0,0.0
2024-01-10 00:00:00-05:00,54.17483139038086,54.3956298828125,53.88093566894531,54.1220817565918,53.5469970703125,1478543,0.0,0.0
2024-01-11 00:00:00-05:00,54.14468765258789,54.29540252685547,53.624717712402344,54.06179428100586,53.48735046386719,1751773,0.0,0.0
2024-01-12 00:00:00-05:00,54.476261138916016,54.74755096435547,53.850791931152344,54.167293548583984,53.59172821044922,1156746,0.0,0.0
2024-01-16 00:00:00-05:00,53.88846969604492,54.18236541748047,53.30067825317383,53.7829704284668,53.211483001708984,1362564,0.0,0.0
2024-01-17 00:00:00-05:00,53.23285675048828,53.756595611572266,53.12735366821289,53.42878723144531,52.861061096191406,2095466,0.0,0.0
2024-01-18 00:00:00-05:00,53.594573974609375,54.02411651611328,53.368499755859375,53.941219329833984,53.3680534362793,1350886,0.0,0.0
2024-01-19 00:00:00-05:00,54.167293548583984,54.555389404296875,53.57196807861328,54.46118927001953,53.88249588012695,1706124,0.0,0.0
2024-01-22 00:00:00-05:00,54.755088806152344,55.614166259765625,54.70987319946289,55.54634475708008,54.95612335205078,2482419,0.0,0.0
2024-01-23 00:00:00-05:00,55.7648811340332,56.11153030395508,55.297664642333984,56.00602722167969,55.410919189453125,2431595,0.0,0.0
2024-01-24 00:00:00-05:00,57.061038970947266,57.12886047363281,55.54634475708008,55.56895446777344,54.97848892211914,2968499,0.0,0.0
2024-01-25 00:00:00-05:00,56.02109909057617,56.209495544433594,55.606632232666016,55.983421325683594,55.388553619384766,1537197,0.0,0.0
2024-01-26 00:00:00-05:00,56.20195770263672,56.29540252685547,55.56895446777344,55.74227523803711,55.149967193603516,1751109,0.0,0.0
2024-01-29 00:00:00-05:00,55.493595123291016,56.322532653808594,55.410701751708984,56.284854888916016,55.68678283691406,1551794,0.0,0.0
2024-01-30 00:00:00-05:00,56.058780670166016,56.34513854980469,55.81763458251953,56.292388916015625,55.694236755371094,3639165,0.0,0.0
2024-01-31 00:00:00-05:00,59.76639175415039,61.921627044677734,57.92765426635742,58.91484451293945,58.28883361816406,6031348,0.0,0.0
2024-02-01 00:00:00-05:00,59.31424331665039,62.0648078918457,58.78673553466797,61.96684265136719,61.30839538574219,5445212,0.0,0.0
2024-02-02 00:00:00-05:00,62.0648078918457,62.89374542236328,61.37151336669922,62.56216812133789,61.897396087646484,4238305,0.0,0.0
2024-02-05 00:00:00-05:00,62.0648078918457,62.343631744384766,61.50716018676758,62.004520416259766,61.345672607421875,3548531,0.0,0.0
2024-02-06 00:00:00-05:00,62.147701263427734,62.147701263427734,61.122833251953125,61.45440673828125,60.80140686035156,2975399,0.0,0.0
2024-02-07 00:00:00-05:00,61.70309066772461,62.62245559692383,61.66541290283203,62.042198181152344,61.38294982910156,3438522,0.0,0.0
2024-02-08 00:00:00-05:00,62.21552276611328,62.21552276611328,61.52223205566406,61.9743766784668,61.31584548950195,1900264,0.0,0.0
2024-02-09 00:00:00-05:00,61.93669891357422,62.343631744384766,61.695552825927734,62.32102584838867,61.6588134765625,1624115,0.0,0.0
2024-02-12 00:00:00-05:00,62.28334426879883,62.889976501464844,62.1778450012207,62.6525993347168,61.98686599731445,1565727,0.0,0.0
2024-02-13 00:00:00-05:00,61.8613395690918,62.28334426879883,61.62773132324219,62.18538284301758,61.52461242675781,1882482,0.0,0.0
2024-02-14 00:00:00-05:00,62.569705963134766,63.059532165527344,62.07234573364258,62.98417663574219,62.31492233276367,1653973,0.0,0.0
2024-02-15 00:00:00-05:00,63.172569274902344,63.828182220458984,63.13112258911133,63.76036071777344,63.08285903930664,1907297,0.0,0.0
2024-02-16 00:00:00-05:00,63.87339782714844,64.31047821044922,63.511680603027344,63.54182434082031,62.86664581298828,1682105,0.0,0.0
2024-02-20 00:00:00-05:00,63.06707000732422,63.342124938964844,62.7656364440918,63.1047477722168,62.43421173095703,1776588,0.0,0.0
2024-02-21 00:00:00-05:00,63.15749740600586,63.60964584350586,62.75056457519531,63.60964584350586,62.933738708496094,2228829,0.0,0.0
2024-02-22 00:00:00-05:00,64.0165786743164,64.76261901855469,63.45893096923828,64.57422637939453,63.94868469238281,1258129,0.060286,0.0
2024-02-23 00:00:00-05:00,64.7400131225586,65.13941192626953,64.59683227539062,64.89073181152344,64.26213073730469,1012501,0.0,0.0
2024-02-26 00:00:00-05:00,64.8078384399414,64.95854949951172,64.48002624511719,64.82290649414062,64.19496154785156,1212347,0.0,0.0
2024-02-27 00:00:00-05:00,65.0339126586914,65.06405639648438,64.48002624511719,64.89826965332031,64.26959228515625,1030681,0.0,0.0
2024-02-28 00:00:00-05:00,64.5817642211914,65.26752471923828,64.47626495361328,65.02637481689453,64.39645385742188,1495794,0.0,0.0
2024-02-29 00:00:00-05:00,65.09420013427734,65.09420013427734,63.84325408935547,64.1522216796875,63.53076934814453,4779589,0.0,0.0
2024-03-01 00:00:00-05:00,64.07686614990234,64.70233917236328,63.91107940673828,64.53655242919922,63.91136932373047,1533747,0.0,0.0
2024-03-04 00:00:00-05:00,64.43104553222656,64.56668853759766,63.87490463256836,63.8960075378418,63.277034759521484,2149077,0.0,0.0
2024-03-05 00:00:00-05:00,63.730220794677734,63.98643493652344,63.07460403442383,63.40617752075195,62.79194641113281,1476420,0.0,0.0
2024-03-06 00:00:00-05:00,63.64732360839844,64.3556900024414,63.398643493652344,63.474002838134766,62.85911560058594,1728683,0.0,0.0
2024-03-07 00:00:00-05:00,63.941219329833984,64.2652587890625,63.6699333190918,64.0617904663086,63.44120788574219,1440724,0.0,0.0
2024-03-08 00:00:00-05:00,64.12207794189453,64.5817642211914,63.77241897583008,64.09193420410156,63.4710578918457,1093713,0.0,0.0
2024-03-11 00:00:00-04:00,63.83572006225586,64.02034759521484,63.360965728759766,63.95629119873047,63.33673095703125,1357786,0.0,0.0
2024-03-12 00:00:00-04:00,64.05426025390625,65.10549926757812,63.65486145019531,64.95854949951172,64.32929229736328,2107409,0.0,0.0
2024-03-13 00:00:00-04:00,64.98116302490234,65.3730239868164,64.1296157836914,64.4009017944336,63.777034759521484,1819848,0.0,0.0
2024-03-14 00:00:00-04:00,64.92841339111328,65.17709350585938,64.06932830810547,64.64205169677734,64.01585388183594,1940074,0.0,0.0
2024-03-15 00:00:00-04:00,63.903541564941406,64.6043701171875,63.43783187866211,64.31800842285156,63.6949462890625,2864993,0.0,0.0
2024-03-18 00:00:00-04:00,64.6269760131836,64.80030059814453,64.18236541748047,64.22004699707031,63.59793472290039,1465539,0.0,0.0
2024-03-19 00:00:00-04:00,64.2652587890625,64.59683227539062,64.0617904663086,64.32554626464844,63.70240783691406,2763212,0.0,0.0
2024-03-20 00:00:00-04:00,64.2652587890625,64.87565612792969,64.2652587890625,64.7174072265625,64.0904769897461,2122006,0.0,0.0
2024-03-21 00:00:00-04:00,64.91333770751953,65.2599868774414,64.43858337402344,64.95854949951172,64.32929229736328,4936573,0.0,0.0
2024-03-22 00:00:00-04:00,65.56141662597656,65.63677215576172,64.47626495361328,64.55162048339844,63.92629623413086,2367633,0.0,0.0
2024-03-25 00:00:00-04:00,64.39337158203125,64.67972564697266,63.594573974609375,63.624717712402344,63.00837326049805,2150536,0.0,0.0
2024-03-26 00:00:00-04:00,63.76789855957031,64.45365142822266,63.2177848815918,63.97136306762695,63.35165786743164,2241170,0.0,0.0
2024-03-27 00:00:00-04:00,64.33308410644531,64.90203857421875,64.28033447265625,64.82290649414062,64.19496154785156,1624381,0.0,0.0
2024-03-28 00:00:00-04:00,64.67219543457031,64.9660873413086,64.5531234741211,64.82290649414062,64.19496154785156,1651319,0.0,0.0
2024-04-01 00:00:00-04:00,64.75508880615234,64.75508880615234,63.63978958129883,63.76789855957031,63.150169372558594,2905467,0.0,0.0
2024-04-02 00:00:00-04:00,63.91107940673828,64.2426528930664,63.54182434082031,63.91861343383789,63.29941940307617,1879165,0.0,0.0
2024-04-03 00:00:00-04:00,63.76036071777344,64.58930206298828,63.707611083984375,63.85832595825195,63.23971939086914,1949230,0.0,0.0
2024-04-04 00:00:00-04:00,64.40843963623047,64.64958953857422,62.78824234008789,63.12735366821289,62.515830993652344,1458240,0.0,0.0
2024-04-05 00:00:00-04:00,63.338356018066406,63.730220794677734,63.112281799316406,63.504146575927734,62.88896942138672,1661139,0.0,0.0
2024-04-08 00:00:00-04:00,63.74528884887695,64.02411651611328,63.285606384277344,63.46646499633789,62.85165786743164,1625973,0.0,0.0
2024-04-09 00:00:00-04:00,63.68500518798828,63.820648193359375,63.07460403442383,63.4438591003418,62.82926559448242,1699489,0.0,0.0
2024-04-10 00:00:00-04:00,62.54710006713867,63.2743034362793,62.32102584838867,62.720420837402344,62.11283493041992,1931183,0.0,0.0
2024-04-11 00:00:00-04:00,62.64506530761719,63.32328414916992,62.44159698486328,62.916351318359375,62.30686950683594,1547547,0.0,0.0
2024-04-12 00:00:00-04:00,62.336097717285156,62.53202819824219,61.757347106933594,62.10248565673828,61.500892639160156,1714749,0.0,0.0
2024-04-15 00:00:00-04:00,62.72795867919922,63.04446029663086,61.23210144042969,61.492088317871094,60.896400451660156,2061362,0.0,0.0
2024-04-16 00:00:00-04:00,61.492088317871094,61.492088317871094,60.88168716430664,61.07008361816406,60.478485107421875,1343588,0.0,0.0
2024-04-17 00:00:00-04:00,60.82140350341797,61.002262115478516,60.03767776489258,60.437076568603516,59.85161209106445,2476182,0.0,0.0
2024-04-18 00:00:00-04:00,60.663150787353516,61.1605110168457,60.324039459228516,60.42200469970703,59.83668518066406,2015050,0.0,0.0
2024-04-19 00:00:00-04:00,60.42953872680664,60.68575668334961,59.76639175415039,59.902034759521484,59.32175064086914,3238544,0.0,0.0
2024-04-22 00:00:00-04:00,60.15071487426758,61.08515548706055,60.105499267578125,60.557647705078125,59.971012115478516,1999922,0.0,0.0
2024-04-23 00:00:00-04:00,60.91183090209961,61.15674591064453,60.60286331176758,60.813865661621094,60.2247428894043,2245151,0.0,0.0
2024-04-24 00:00:00-04:00,56.25471115112305,59.20497512817383,54.64958572387695,57.309722900390625,56.754547119140625,8458033,0.0,0.0
2024-04-25 00:00:00-04:00,57.1213264465332,57.520721435546875,56.356441497802734,57.430294036865234,56.87395477294922,3149900,0.0,0.0
2024-04-26 00:00:00-04:00,57.287113189697266,57.618690490722656,56.95553970336914,57.24943542480469,56.694847106933594,2546248,0.0,0.0
2024-04-29 00:00:00-04:00,57.2343635559082,58.108516693115234,57.2343635559082,58.0256233215332,57.4635124206543,2760027,0.0,0.0
2024-04-30 00:00:00-04:00,58.03315734863281,58.1047477722168,56.68424987792969,56.721927642822266,56.172454833984375,3126810,0.0,0.0
2024-05-01 00:00:00-04:00,56.92539596557617,57.4830436706543,56.62396240234375,56.85003662109375,56.299320220947266,2689564,0.0,0.0
2024-05-02 00:00:00-04:00,57.1439323425293,57.626224517822266,56.857574462890625,57.3474006652832,56.79186248779297,2291729,0.0,0.0
2024-05-03 00:00:00-04:00,57.626224517822266,57.78447723388672,56.98568344116211,57.33232879638672,56.776939392089844,3060726,0.0,0.0
2024-05-06 00:00:00-04:00,57.656368255615234,58.07083511352539,57.5734748840332,58.01055145263672,57.44858932495117,2675232,0.0,0.0
2024-05-07 00:00:00-04:00,58.34966278076172,58.40241241455078,58.01055145263672,58.055763244628906,57.49336242675781,1990500,0.0,0.0
2024-05-08 00:00:00-04:00,57.81461715698242,57.995479583740234,57.494346618652344,57.67144012451172,57.112762451171875,1846521,0.0,0.0
2024-05-09 00:00:00-04:00,57.72418975830078,58.461944580078125,57.62848663330078,58.3873405456543,57.82172775268555,1425994,0.0,0.0
2024-05-10 00:00:00-04:00,58.71891403198242,58.85456085205078,57.889976501464844,57.9351921081543,57.373966217041016,2012130,0.0,0.0
2024-05-13 00:00:00-04:00,58.116050720214844,58.425018310546875,57.86737060546875,57.89751434326172,57.336647033691406,1282147,0.0,0.0
2024-05-14 00:00:00-04:00,58.01055145263672,58.59080505371094,57.776939392089844,58.37980270385742,57.81426239013672,1623850,0.0,0.0
2024-05-15 00:00:00-04:00,58.733985900878906,59.021854400634766,58.48530578613281,58.620948791503906,58.053070068359375,1621594,0.0,0.0
2024-05-16 00:00:00-04:00,58.56066131591797,58.67369842529297,58.07460403442383,58.2743034362793,57.70978546142578,1204783,0.0,0.0
2024-05-17 00:00:00-04:00,58.530521392822266,58.530521392822266,58.055763244628906,58.14619445800781,57.582923889160156,1386715,0.0,0.0
2024-05-20 00:00:00-04:00,58.18387222290039,58.530521392822266,58.04069137573242,58.13112258911133,57.5679931640625,1681707,0.0,0.0
2024-05-21 00:00:00-04:00,57.972869873046875,58.1386604309082,57.70158386230469,58.10097885131836,57.538143157958984,2406382,0.0,0.0
2024-05-22 00:00:00-04:00,58.12358856201172,58.311981201171875,57.86737060546875,58.078372955322266,57.5157585144043,1483321,0.0,0.0
2024-05-23 00:00:00-04:00,58.09344482421875,58.10097885131836,56.91032409667969,56.95553970336914,56.40380096435547,1624513,0.0,0.0
2024-05-24 00:00:00-04:00,57.18161392211914,57.33232879638672,56.857574462890625,57.18914794921875,56.63514709472656,1579130,0.0,0.0
2024-05-28 00:00:00-04:00,57.1213264465332,57.15900421142578,56.04370880126953,56.1868896484375,55.64259338378906,1888719,0.0,0.0
2024-05-29 00:00:00-04:00,55.636775970458984,55.727203369140625,54.958553314208984,55.04898452758789,54.51572036743164,1439264,0.0,0.0
2024-05-30 00:00:00-04:00,55.27505874633789,55.644309997558594,55.0565185546875,55.44837951660156,54.9112434387207,1878899,0.0,0.0
2024-05-31 00:00:00-04:00,55.44084548950195,56.130367279052734,55.1695556640625,56.096458435058594,55.613502502441406,3390883,0.060286,0.0
2024-06-03 00:00:00-04:00,56.2170295715332,56.39788818359375,54.57422637939453,54.97362518310547,54.50033950805664,2423367,0.0,0.0
2024-06-04 00:00:00-04:00,54.88319396972656,55.29012680053711,54.65711975097656,54.845516204833984,54.37333679199219,1495794,0.0,0.0
2024-06-05 00:00:00-04:00,55.09419631958008,55.565185546875,54.87565994262695,55.501129150390625,55.0233039855957,2188090,0.0,0.0
2024-06-06 00:00:00-04:00,55.357948303222656,55.74227523803711,54.740013122558594,55.19969940185547,54.724464416503906,1761460,0.0,0.0
2024-06-07 00:00:00-04:00,55.09419631958008,55.1695556640625,54.642051696777344,54.82291030883789,54.350921630859375,1190186,0.0,0.0
2024-06-10 00:00:00-04:00,54.80030059814453,55.154483795166016,54.506404876708984,55.12434005737305,54.649757385253906,1455719,0.0,0.0
2024-06-11 00:00:00-04:00,54.958553314208984,55.184627532958984,54.51770782470703,54.89073181152344,54.41816329956055,1299664,0.0,0.0
2024-06-12 00:00:00-04:00,55.43330764770508,56.209495544433594,55.22230529785156,55.65184783935547,55.1727294921875,1598239,0.0,0.0
2024-06-13 00:00:00-04:00,55.33534240722656,55.493595123291016,54.64958572387695,54.98869705200195,54.51528549194336,1912871,0.0,0.0
2024-06-14 00:00:00-04:00,54.385833740234375,54.91333770751953,53.83572006225586,54.807838439941406,54.33597946166992,2327823,0.0,0.0
2024-06-17 00:00:00-04:00,54.63451385498047,55.31273651123047,54.393367767333984,55.1695556640625,54.694583892822266,1376364,0.0,0.0
2024-06-18 00:00:00-04:00,55.154483795166016,55.45591735839844,54.815372467041016,55.244911193847656,54.769290924072266,1399720,0.0,0.0
2024-06-20 00:00:00-04:00,55.071590423583984,55.44084548950195,54.70987319946289,54.98869705200195,54.51528549194336,1885667,0.0,0.0
2024-06-21 00:00:00-04:00,55.16202163696289,55.56141662597656,54.78522872924805,55.46345138549805,54.98594284057617,4427270,0.0,0.0
2024-06-24 00:00:00-04:00,55.59909439086914,56.4996223449707,55.12434005737305,55.945743560791016,55.46409225463867,2475386,0.0,0.0
2024-06-25 00:00:00-04:00,55.636775970458984,55.74227523803711,54.64958572387695,54.98115921020508,54.5078125,2195654,0.0,0.0
2024-06-26 00:00:00-04:00,54.62697982788086,55.354183197021484,54.08440017700195,55.06405258178711,54.589988708496094,4021075,0.0,0.0
2024-06-27 00:00:00-04:00,55.02637481689453,55.44837951660156,54.80030059814453,55.44084548950195,54.963539123535156,2458666,0.0,0.0
2024-06-28 00:00:00-04:00,55.493595123291016,56.4129638671875,55.16202163696289,55.840240478515625,55.35948944091797,4340882,0.0,0.0
2024-07-01 00:00:00-04:00,56.2170295715332,56.2170295715332,54.33308029174805,54.34815216064453,53.880252838134766,2681602,0.0,0.0
2024-07-02 00:00:00-04:00,54.054256439208984,54.61567306518555,54.054256439208984,54.48379898071289,54.01472854614258,2575044,0.0,0.0
2024-07-03 00:00:00-04:00,54.64958572387695,54.66465759277344,54.302940368652344,54.468727111816406,53.999786376953125,1082832,0.0,0.0
2024-07-05 00:00:00-04:00,54.363224029541016,54.65711975097656,53.99397277832031,54.56669235229492,54.09691619873047,1433027,0.0,0.0
2024-07-08 00:00:00-04:00,56.27731704711914,56.375282287597656,55.01130294799805,55.418235778808594,54.941123962402344,2135541,0.0,0.0
2024-07-09 00:00:00-04:00,55.13187789916992,55.305198669433594,54.702335357666016,54.740013122558594,54.26873779296875,1524458,0.0,0.0
2024-07-10 00:00:00-04:00,54.611907958984375,55.55388259887695,54.611907958984375,55.5086669921875,55.03077697753906,1744740,0.0,0.0
2024-07-11 00:00:00-04:00,55.7347412109375,56.92539596557617,55.59909439086914,56.48078536987305,55.99452590942383,1876643,0.0,0.0
2024-07-12 00:00:00-04:00,57.166542053222656,57.626224517822266,56.8952522277832,56.96307373046875,56.47265625,1749384,0.0,0.0
2024-07-15 00:00:00-04:00,56.865108489990234,57.67897415161133,56.834964752197266,57.44536590576172,56.95079803466797,1721650,0.0,0.0
2024-07-16 00:00:00-04:00,57.69404602050781,59.81160354614258,57.38507843017578,59.47249221801758,58.96047592163086,2986944,0.0,0.0
2024-07-17 00:00:00-04:00,59.299171447753906,59.525245666503906,58.67369842529297,58.68877029418945,58.18349838256836,1628096,0.0,0.0
2024-07-18 00:00:00-04:00,58.31951904296875,59.32177734375,58.0256233215332,58.09344482421875,57.59330368041992,1718598,0.0,0.0
2024-07-19 00:00:00-04:00,58.198944091796875,58.198944091796875,56.90655517578125,56.96307373046875,56.47265625,1735849,0.0,0.0
2024-07-22 00:00:00-04:00,57.40768814086914,57.769405364990234,56.85003662109375,57.739261627197266,57.24216842651367,1679319,0.0,0.0
2024-07-23 00:00:00-04:00,57.60361862182617,58.1386604309082,57.513187408447266,57.78447723388672,57.286991119384766,2859022,0.0,0.0
2024-07-24 00:00:00-04:00,53.504146575927734,55.584022521972656,51.17558288574219,53.051998138427734,52.595252990722656,7661567,0.0,0.0
2024-07-25 00:00:00-04:00,52.886207580566406,53.9261474609375,52.366241455078125,52.7430305480957,52.2889518737793,5030922,0.0,0.0
2024-07-26 00:00:00-04:00,53.27053451538086,53.95629119873047,52.6299934387207,53.49660873413086,53.036041259765625,3481517,0.0,0.0
2024-07-29 00:00:00-04:00,53.51921463012695,54.506404876708984,53.50339126586914,53.730220794677734,53.26763916015625,2558191,0.0,0.0
2024-07-30 00:00:00-04:00,53.94875717163086,54.29540252685547,53.31801223754883,53.65486145019531,53.19292449951172,2063220,0.0,0.0
2024-07-31 00:00:00-04:00,54.03165054321289,54.53654861450195,53.69253921508789,54.14468765258789,53.67853927612305,3511507,0.0,0.0
2024-08-01 00:00:00-04:00,53.941219329833984,54.498870849609375,52.75056457519531,53.09721374511719,52.64008712768555,3333159,0.0,0.0
2024-08-02 00:00:00-04:00,52.59231185913086,52.69781494140625,51.544837951660156,51.574981689453125,51.13095474243164,3861437,0.0,0.0
2024-08-05 00:00:00-04:00,50.339111328125,51.752071380615234,49.84928512573242,50.97211837768555,50.533287048339844,4648481,0.0,0.0
2024-08-06 00:00:00-04:00,51.14543914794922,52.01205825805664,50.84400939941406,51.039939880371094,50.600521087646484,4195974,0.0,0.0
2024-08-07 00:00:00-04:00,51.582515716552734,52.230594635009766,50.42953872680664,50.49736022949219,50.06261444091797,2336714,0.0,0.0
2024-08-08 00:00:00-04:00,50.79879379272461,51.9743766784668,50.63300704956055,51.914093017578125,51.46714782714844,2653469,0.0,0.0
2024-08-09 00:00:00-04:00,51.808589935302734,52.01959228515625,51.032405853271484,51.90655517578125,51.45967102050781,2352240,0.0,0.0
2024-08-12 00:00:00-04:00,51.9517707824707,52.110023498535156,51.318763732910156,51.492088317871094,51.048770904541016,1794900,0.0,0.0
2024-08-13 00:00:00-04:00,51.7483024597168,52.4039192199707,51.19819259643555,52.253204345703125,51.803340911865234,1889250,0.0,0.0
2024-08-14 00:00:00-04:00,52.41145324707031,52.41145324707031,51.65033721923828,51.79351806640625,51.34761047363281,3334884,0.0,0.0
2024-08-15 00:00:00-04:00,52.56216812133789,52.825923919677734,52.12509536743164,52.59231185913086,52.139530181884766,2400145,0.0,0.0
2024-08-16 00:00:00-04:00,52.61492156982422,52.916351318359375,52.24566650390625,52.43406295776367,51.98263931274414,3943579,0.0,0.0
2024-08-19 00:00:00-04:00,52.6299934387207,53.54182434082031,52.27581024169922,53.172569274902344,52.714786529541016,3409196,0.0,0.0
2024-08-20 00:00:00-04:00,53.12735366821289,53.30067825317383,52.92388916015625,53.059532165527344,52.602725982666016,3088725,0.0,0.0
2024-08-21 00:00:00-04:00,53.35342788696289,54.57422637939453,53.34589385986328,54.55162048339844,54.08197021484375,3029010,0.0,0.0
2024-08-22 00:00:00-04:00,54.611907958984375,54.9434814453125,54.33308029174805,54.581764221191406,54.111854553222656,2802491,0.0,0.0
2024-08-23 00:00:00-04:00,54.928409576416016,55.437076568603516,54.64958572387695,55.305198669433594,54.82905578613281,1766901,0.0,0.0
2024-08-26 00:00:00-04:00,55.51620101928711,55.614166259765625,55.10926818847656,55.2825927734375,54.8066520690918,2225512,0.0,0.0
2024-08-27 00:00:00-04:00,55.192161560058594,55.693294525146484,55.08666229248047,55.636775970458984,55.157779693603516,2352506,0.0,0.0
2024-08-28 00:00:00-04:00,55.71213150024414,56.0738525390625,54.99623107910156,55.041446685791016,54.56758117675781,2684521,0.0,0.0
2024-08-29 00:00:00-04:00,55.3956298828125,56.12660217285156,55.10926818847656,55.54634475708008,55.06813049316406,1342659,0.0,0.0
2024-08-30 00:00:00-04:00,55.74227523803711,56.20195770263672,55.5086669921875,56.066314697265625,55.583621978759766,3946763,0.0,0.0
2024-09-03 00:00:00-04:00,55.80256271362305,55.85531234741211,54.476261138916016,54.845516204833984,54.37333679199219,3442636,0.0,0.0
2024-09-04 00:00:00-04:00,54.702335357666016,54.966087341308594,53.828182220458984,54.02411651611328,53.55900573730469,3617800,0.0,0.0
2024-09-05 00:00:00-04:00,54.64958572387695,55.5086669921875,54.415977478027344,54.86058807373047,54.388275146484375,7869774,0.0,0.0
2024-09-06 00:00:00-04:00,54.611907958984375,54.93594741821289,53.112281799316406,53.255462646484375,52.796966552734375,5871312,0.0,0.0
2024-09-09 00:00:00-04:00,53.79804229736328,54.89073181152344,53.49660873413086,54.4913330078125,54.022193908691406,6213014,0.0,0.0
2024-09-10 00:00:00-04:00,54.59683609008789,54.63451385498047,53.97136306762695,54.34061813354492,53.872779846191406,6334169,0.0,0.0
2024-09-11 00:00:00-04:00,54.32554626464844,54.732479095458984,52.92388916015625,54.642051696777344,54.1716194152832,4519364,0.0,0.0
2024-09-12 00:00:00-04:00,54.77015686035156,55.34288024902344,53.87339782714844,55.31273651123047,54.83652877807617,3326524,0.0,0.0
2024-09-13 00:00:00-04:00,55.5086669921875,55.89299011230469,55.324039459228516,55.46345138549805,55.04594039916992,2201095,0.060286,0.0
2024-09-16 00:00:00-04:00,55.85531234741211,56.0738525390625,55.531272888183594,55.55388259887695,55.13569641113281,2014651,0.0,0.0
2024-09-17 00:00:00-04:00,55.78749084472656,56.42803192138672,55.65486145019531,56.31499481201172,55.89107894897461,2546380,0.0,0.0
2024-09-18 00:00:00-04:00,56.53353500366211,57.618690490722656,56.16427993774414,57.053504943847656,56.6240348815918,3635449,0.0,0.0
2024-09-19 00:00:00-04:00,58.0256233215332,58.538055419921875,57.3474006652832,58.24415969848633,57.805721282958984,4210969,0.0,0.0
2024-09-20 00:00:00-04:00,57.7091178894043,57.859832763671875,56.98191452026367,57.52825927734375,57.095211029052734,4907644,0.0,0.0
2024-09-23 00:00:00-04:00,57.83722686767578,58.1386604309082,57.10625457763672,57.40768814086914,56.97554397583008,1772739,0.0,0.0
2024-09-24 00:00:00-04:00,58.34966278076172,58.507911682128906,57.8221549987793,58.229087829589844,57.7907600402832,2649754,0.0,0.0
2024-09-25 00:00:00-04:00,58.507911682128906,58.59834289550781,57.30218505859375,57.400150299072266,56.96806335449219,1402506,0.0,0.0
2024-09-26 00:00:00-04:00,58.681236267089844,59.35192108154297,58.45893096923828,59.216278076171875,58.77052688598633,2450438,0.0,0.0
2024-09-27 00:00:00-04:00,59.57799530029297,60.19593048095703,59.37754440307617,59.68349838256836,59.234222412109375,2371880,0.0,0.0
2024-09-30 00:00:00-04:00,59.40467071533203,59.63074493408203,58.941219329833984,59.48003005981445,59.03228759765625,2124792,0.0,0.0
2024-10-01 00:00:00-04:00,59.63074493408203,59.81160354614258,58.34966278076172,58.47776794433594,58.037574768066406,2736141,0.0,0.0
2024-10-02 00:00:00-04:00,58.5003776550293,58.997737884521484,58.29690933227539,58.51544952392578,58.07497024536133,2530191,0.0,0.0
2024-10-03 00:00:00-04:00,58.108516693115234,58.281837463378906,57.633758544921875,57.82969284057617,57.39437484741211,1851430,0.0,0.0
2024-10-04 00:00:00-04:00,58.69630813598633,58.71891403198242,57.64883041381836,57.957801818847656,57.521514892578125,2082594,0.0,0.0
2024-10-07 00:00:00-04:00,57.36247253417969,58.003013610839844,57.21175765991211,57.513187408447266,57.08025360107422,2284298,0.0,0.0
2024-10-08 00:00:00-04:00,57.35493469238281,57.7995491027832,57.140167236328125,57.60361862182617,57.17000198364258,1828075,0.0,0.0
2024-10-09 00:00:00-04:00,57.663902282714844,58.12358856201172,57.505653381347656,57.889976501464844,57.45420455932617,1157277,0.0,0.0
2024-10-10 00:00:00-04:00,58.37226867675781,58.52298355102539,57.89751434326172,58.20648193359375,57.76832580566406,2142309,0.0,0.0
2024-10-11 00:00:00-04:00,58.229087829589844,59.20120620727539,58.20648193359375,58.794273376464844,58.35169982910156,1707716,0.0,0.0
2024-10-14 00:00:00-04:00,58.85456085205078,59.14091873168945,58.417484283447266,59.11831283569336,58.67329025268555,2328487,0.0,0.0
2024-10-15 00:00:00-04:00,59.299171447753906,59.668426513671875,58.14619445800781,58.2516975402832,57.81320571899414,3361822,0.0,0.0
2024-10-16 00:00:00-04:00,58.36473083496094,58.7264518737793,58.12358856201172,58.198944091796875,57.76084518432617,1780834,0.0,0.0
2024-10-17 00:00:00-04:00,58.44762420654297,58.54559326171875,57.844764709472656,58.229087829589844,57.7907600402832,2278592,0.0,0.0
2024-10-18 00:00:00-04:00,58.47776794433594,58.52298355102539,57.95403289794922,58.37980270385742,57.94034194946289,4091805,0.0,0.0
2024-10-21 00:00:00-04:00,58.32705307006836,58.58327102661133,57.75433349609375,58.116050720214844,57.67858123779297,2238649,0.0,0.0
2024-10-22 00:00:00-04:00,57.89751434326172,57.965335845947266,57.10625457763672,57.166542053222656,56.73621368408203,2658114,0.0,0.0
2024-10-23 00:00:00-04:00,56.948001861572266,57.35493469238281,56.54106903076172,56.90278625488281,56.47444152832031,6459173,0.0,0.0
2024-10-24 00:00:00-04:00,57.02336120605469,57.0648078918457,56.47324752807617,56.53353500366211,56.10797119140625,3070413,0.0,0.0
2024-10-25 00:00:00-04:00,57.03843307495117,57.091182708740234,56.04370880126953,56.495853424072266,56.07057189941406,3620587,0.0,0.0
2024-10-28 00:00:00-04:00,56.827430725097656,57.21929168701172,56.488319396972656,56.639034271240234,56.21268081665039,3380931,0.0,0.0
2024-10-29 00:00:00-04:00,56.435569763183594,56.68424987792969,55.8394889831543,56.2170295715332,55.79384994506836,5033444,0.0,0.0
2024-10-30 00:00:00-04:00,55.192161560058594,56.12660217285156,54.189903259277344,54.32554626464844,53.91661071777344,4930070,0.0,0.0
2024-10-31 00:00:00-04:00,54.1522216796875,54.68726348876953,53.69253921508789,53.828182220458984,53.42298889160156,4213623,0.0,0.0
2024-11-01 00:00:00-04:00,53.80557632446289,54.393367767333984,53.64732360839844,53.76036071777344,53.355674743652344,4424749,0.0,0.0
2024-11-04 00:00:00-05:00,53.7829704284668,54.06179428100586,53.360965728759766,53.624717712402344,53.22105026245117,4397147,0.0,0.0
2024-11-05 00:00:00-05:00,53.63225173950195,54.33308029174805,53.504146575927734,53.79804229736328,53.39307403564453,4955682,0.0,0.0
2024-11-06 00:00:00-05:00,55.418235778808594,56.1605110168457,55.041446685791016,55.983421325683594,55.56200408935547,5670935,0.0,0.0
2024-11-07 00:00:00-05:00,55.8779182434082,56.07761764526367,55.23360824584961,55.77241897583008,55.35258483886719,4908971,0.0,0.0
2024-11-08 00:00:00-05:00,55.66691970825195,56.744537353515625,55.59156036376953,56.6691780090332,56.24259948730469,4985804,0.0,0.0
2024-11-11 00:00:00-05:00,56.948001861572266,57.80708312988281,56.831199645996094,57.392616271972656,56.96058654785156,4573506,0.0,0.0
2024-11-12 00:00:00-05:00,57.26450729370117,57.663902282714844,56.266014099121094,56.5561408996582,56.13040542602539,3469309,0.0,0.0
2024-11-13 00:00:00-05:00,56.39788818359375,57.769405364990234,56.39788818359375,57.41522216796875,56.98302459716797,3698614,0.0,0.0
2024-11-14 00:00:00-05:00,57.309722900390625,57.70158386230469,56.970611572265625,56.978145599365234,56.54923629760742,4096582,0.0,0.0
2024-11-15 00:00:00-05:00,56.73699951171875,56.948001861572266,56.1868896484375,56.382816314697266,55.95838928222656,4581468,0.0,0.0
2024-11-18 00:00:00-05:00,55.96834945678711,56.435569763183594,55.870384216308594,56.22456741333008,55.80133056640625,3022641,0.0,0.0
2024-11-19 00:00:00-05:00,55.6217041015625,56.341373443603516,55.6217041015625,56.14167404174805,55.719058990478516,3036840,0.0,0.0
2024-11-20 00:00:00-05:00,56.382816314697266,57.09872055053711,56.20195770263672,57.083648681640625,56.653953552246094,4399403,0.0,0.0
2024-11-21 00:00:00-05:00,57.29465103149414,58.04446029663086,56.92539596557617,57.98794174194336,57.551429748535156,5210864,0.0,0.0
2024-11-22 00:00:00-05:00,58.09344482421875,59.22004318237305,58.01055145263672,59.095703125,58.65085220336914,4258741,0.0,0.0
2024-11-25 00:00:00-05:00,59.532779693603516,60.40693283081055,59.23888397216797,60.04521560668945,59.59321975708008,4738186,0.0,0.0
2024-11-26 00:00:00-05:00,59.781463623046875,59.84928512573242,59.14091873168945,59.50263977050781,59.05472946166992,3435338,0.0,0.0
2024-11-27 00:00:00-05:00,59.61567306518555,60.097965240478516,59.51770782470703,59.83421325683594,59.3838005065918,2327956,0.0,0.0
2024-11-29 00:00:00-05:00,59.82667541503906,60.135643005371094,59.70384216308594,59.781463623046875,59.391292572021484,1638580,0.060286,0.0
2024-12-02 00:00:00-05:00,59.82667541503906,59.84928512573242,59.03541946411133,59.50263977050781,59.11429214477539,2616313,0.0,0.0
2024-12-03 00:00:00-05:00,59.442352294921875,59.50263977050781,58.58327102661133,59.208740234375,58.82230758666992,2743440,0.0,0.0
2024-12-04 00:00:00-05:00,59.186134338378906,59.59306716918945,58.967594146728516,59.40467071533203,59.01696014404297,1655433,0.0,0.0
2024-12-05 00:00:00-05:00,59.47249221801758,59.68349838256836,59.223812103271484,59.638282775878906,59.24905014038086,2316146,0.0,0.0
2024-12-06 00:00:00-05:00,59.894500732421875,60.08289337158203,59.17859649658203,59.449886322021484,59.06187438964844,3925266,0.0,0.0
2024-12-09 00:00:00-05:00,59.17859649658203,59.74604415893555,59.073097229003906,59.11831283569336,58.73246765136719,3254335,0.0,0.0
2024-12-10 00:00:00-05:00,59.06555938720703,59.42728042602539,58.1386604309082,59.020347595214844,58.63514709472656,1857004,0.0,0.0
2024-12-11 00:00:00-05:00,59.42728042602539,59.449886322021484,58.70384216308594,58.990203857421875,58.605194091796875,1821971,0.0,0.0
2024-12-12 00:00:00-05:00,58.92991638183594,59.17859649658203,57.67897415161133,57.89751434326172,57.51963806152344,2948329,0.0,0.0
2024-12-13 00:00:00-05:00,57.87490463256836,57.995479583740234,57.317256927490234,57.92012023925781,57.54209899902344,2622683,0.0,0.0
2024-12-16 00:00:00-05:00,57.95026397705078,58.281837463378906,57.633758544921875,57.9125862121582,57.53461456298828,2716634,0.0,0.0
2024-12-17 00:00:00-05:00,57.60361862182617,58.198944091796875,56.887718200683594,57.06857681274414,56.696109771728516,3926726,0.0,0.0
2024-12-18 00:00:00-05:00,57.13639831542969,57.42275619506836,55.48605728149414,55.5086669921875,55.146385192871094,4998411,0.0,0.0
2024-12-19 00:00:00-05:00,55.65938186645508,56.092689514160156,54.807838439941406,55.192161560058594,54.83194351196289,4076809,0.0,0.0
2024-12-20 00:00:00-05:00,54.9434814453125,56.171817779541016,54.9434814453125,56.1039924621582,55.73782730102539,11499384,0.0,0.0
2024-12-23 00:00:00-05:00,55.68952560424805,56.356441497802734,55.44837951660156,56.11153030395508,55.74531173706055,3976886,0.0,0.0
2024-12-24 00:00:00-05:00,56.08892059326172,56.608890533447266,55.953277587890625,56.518463134765625,56.14958572387695,869185,0.0,0.0
2024-12-26 00:00:00-05:00,56.2999267578125,57.196685791015625,56.16427993774414,57.1213264465332,56.74851989746094,2616181,0.0,0.0
2024-12-27 00:00:00-05:00,56.8952522277832,57.3700065612793,56.66541290283203,57.0082893371582,56.63622283935547,3118583,0.0,0.0
2024-12-30 00:00:00-05:00,56.405426025390625,56.69932174682617,55.80256271362305,56.548606872558594,56.17953872680664,2260014,0.0,0.0
2024-12-31 00:00:00-05:00,56.75960922241211,57.15900421142578,56.382816314697266,56.518463134765625,56.14958572387695,1629556,0.0,0.0
2025-01-02 00:00:00-05:00,56.865108489990234,57.03843307495117,55.97588348388672,56.0738525390625,55.70787811279297,2481888,0.0,0.0
2025-01-03 00:00:00-05:00,56.11906433105469,57.26450729370117,56.02486801147461,57.196685791015625,56.823387145996094,2290402,0.0,0.0
2025-01-06 00:00:00-05:00,57.45289993286133,57.965335845947266,57.196685791015625,57.663902282714844,57.28755187988281,3719448,0.0,0.0
2025-01-07 00:00:00-05:00,57.6865119934082,58.14619445800781,57.430294036865234,57.76186752319336,57.38488006591797,3246107,0.0,0.0
2025-01-08 00:00:00-05:00,57.60361862182617,58.078372955322266,56.9178581237793,57.83722686767578,57.459747314453125,3041484,0.0,0.0
2025-01-10 00:00:00-05:00,57.174076080322266,57.26450729370117,56.35267639160156,56.72946548461914,56.359214782714844,3228724,0.0,0.0
2025-01-13 00:00:00-05:00,56.518463134765625,57.47550964355469,56.382816314697266,57.33986282348633,56.96562576293945,2843496,0.0,0.0
2025-01-14 00:00:00-05:00,57.67144012451172,58.47023391723633,57.53579330444336,58.28937530517578,57.908939361572266,1858464,0.0,0.0
2025-01-15 00:00:00-05:00,59.080631256103516,59.15599060058594,58.281837463378906,58.68877029418945,58.305728912353516,3649117,0.0,0.0
2025-01-16 00:00:00-05:00,59.15599060058594,59.31424331665039,58.74905776977539,59.306705474853516,58.91963577270508,3136232,0.0,0.0
2025-01-17 00:00:00-05:00,59.758853912353516,59.909568786621094,59.34061813354492,59.46495819091797,59.07685089111328,3529555,0.0,0.0
2025-01-21 00:00:00-05:00,60.07535934448242,60.91183090209961,59.902034759521484,60.83647155761719,60.43941879272461,3254866,0.0,0.0
2025-01-22 00:00:00-05:00,60.896759033203125,61.039939880371094,60.113037109375,60.437076568603516,60.042625427246094,3001674,0.0,0.0
2025-01-23 00:00:00-05:00,60.550113677978516,60.79879379272461,60.05274963378906,60.467220306396484,60.07257843017578,2935855,0.0,0.0
2025-01-24 00:00:00-05:00,60.51243209838867,60.810096740722656,60.444610595703125,60.67822265625,60.282196044921875,1970595,0.0,0.0
2025-01-27 00:00:00-05:00,60.14318084716797,60.67822265625,59.6043701171875,60.113037109375,59.720706939697266,3246771,0.0,0.0
2025-01-28 00:00:00-05:00,60.08289337158203,60.663150787353516,59.62321090698242,60.580257415771484,60.18486785888672,2514134,0.0,0.0
2025-01-29 00:00:00-05:00,60.4521484375,60.979652404785156,60.324039459228516,60.776187896728516,60.3795280456543,2279255,0.0,0.0
2025-01-30 00:00:00-05:00,61.039939880371094,61.76337432861328,60.979652404785156,61.51469421386719,61.11320877075195,1815203,0.0,0.0
2025-01-31 00:00:00-05:00,61.73323440551758,62.17030715942383,61.228336334228516,61.28861999511719,60.88861083984375,2496751,0.0,0.0
2025-02-03 00:00:00-05:00,60.03767776489258,61.07761764526367,59.77392578125,60.467220306396484,60.07257843017578,3311661,0.0,0.0
2025-02-04 00:00:00-05:00,60.39186096191406,60.783721923828125,60.17332458496094,60.36925506591797,59.975250244140625,2618967,0.0,0.0
2025-02-05 00:00:00-05:00,60.241146087646484,60.37678909301758,59.34061813354492,59.902034759521484,59.511077880859375,5506785,0.0,0.0
2025-02-06 00:00:00-05:00,60.022605895996094,60.19593048095703,59.5478515625,60.16578674316406,59.77310562133789,4640386,0.0,0.0
2025-02-07 00:00:00-05:00,60.28636169433594,60.54257583618164,58.59834289550781,59.60060119628906,59.211612701416016,5647049,0.0,0.0
2025-02-10 00:00:00-05:00,60.57271957397461,61.14543914794922,60.090431213378906,60.663150787353516,60.26722717285156,4753181,0.0,0.0
2025-02-11 00:00:00-05:00,60.30896759033203,60.663150787353516,59.85681915283203,60.42200469970703,60.027652740478516,3188914,0.0,0.0
2025-02-12 00:00:00-05:00,59.59306716918945,60.444610595703125,59.506404876708984,60.41447067260742,60.02016830444336,2508694,0.0,0.0
2025-02-13 00:00:00-05:00,60.587791442871094,61.6126594543457,60.331573486328125,61.544837951660156,61.14315414428711,3039626,0.0,0.0
2025-02-14 00:00:00-05:00,61.79351806640625,62.004520416259766,60.67822265625,60.73850631713867,60.34209060668945,3600815,0.0,0.0
2025-02-18 00:00:00-05:00,61.002262115478516,61.78598403930664,60.65938186645508,61.6126594543457,61.21053695678711,3311661,0.0,0.0
2025-02-19 00:00:00-05:00,61.544837951660156,62.6525993347168,61.48455047607422,62.53202819824219,62.12390899658203,3840869,0.0,0.0
2025-02-20 00:00:00-05:00,62.59231185913086,62.78824234008789,61.67294692993164,61.67294692993164,61.27043914794922,3100005,0.0,0.0
2025-02-21 00:00:00-05:00,61.688018798828125,61.688018798828125,60.06782150268555,60.30896759033203,59.91535568237305,4313281,0.0,0.0
2025-02-24 00:00:00-05:00,60.36925506591797,60.806331634521484,60.22607421875,60.361717224121094,59.9677619934082,3322012,0.0,0.0
2025-02-25 00:00:00-05:00,60.361717224121094,60.76865005493164,59.32177734375,59.984928131103516,59.59342956542969,5556547,0.0,0.0
2025-02-26 00:00:00-05:00,60.27882385253906,60.84400939941406,59.84174728393555,60.218536376953125,59.82551574707031,3864224,0.0,0.0
2025-02-27 00:00:00-05:00,60.28636169433594,60.93444061279297,59.95478439331055,59.984928131103516,59.59342956542969,2883704,0.0,0.0
2025-02-28 00:00:00-05:00,60.12057113647461,60.28636169433594,59.20120620727539,59.93971252441406,59.60841751098633,5600869,0.060286,0.0
2025-03-03 00:00:00-05:00,60.27882385253906,60.84400939941406,59.186134338378906,59.532779693603516,59.203731536865234,4721997,0.0,0.0
2025-03-04 00:00:00-05:00,59.02788162231445,59.20120620727539,57.80708312988281,58.18387222290039,57.862281799316406,3501024,0.0,0.0
2025-03-05 00:00:00-05:00,58.35719680786133,59.32177734375,58.230594635009766,58.86209487915039,58.5367546081543,5470558,0.0,0.0
2025-03-06 00:00:00-05:00,58.40241241455078,58.620948791503906,57.6865119934082,58.17633819580078,57.854793548583984,3144857,0.0,0.0
2025-03-07 00:00:00-05:00,57.520721435546875,58.085906982421875,56.948001861572266,57.72418975830078,57.40513610839844,4330797,0.0,0.0
2025-03-10 00:00:00-04:00,56.8952522277832,57.1439323425293,56.02863693237305,56.45817565917969,56.146114349365234,3901911,0.0,0.0
2025-03-11 00:00:00-04:00,56.518463134765625,56.65033721923828,55.47852325439453,55.91559982299805,55.606544494628906,3906821,0.0,0.0
2025-03-12 00:00:00-04:00,56.262245178222656,56.631500244140625,55.46345138549805,55.67445373535156,55.366729736328125,3196212,0.0,0.0
2025-03-13 00:00:00-04:00,55.48605728149414,55.53881072998047,54.08440017700195,54.1220817565918,53.822940826416016,4216144,0.0,0.0
2025-03-14 00:00:00-04:00,55.01130294799805,55.65184783935547,54.48379898071289,55.54634475708008,55.23933029174805,2864728,0.0,0.0
2025-03-17 00:00:00-04:00,55.46345138549805,56.5561408996582,55.248680114746094,56.322532653808594,56.011226654052734,2310174,0.0,0.0
2025-03-18 00:00:00-04:00,56.11906433105469,56.25471115112305,55.7347412109375,56.05124282836914,55.74143981933594,2471272,0.0,0.0
2025-03-19 00:00:00-04:00,56.058780670166016,57.01959228515625,55.97588348388672,56.70685958862305,56.393428802490234,2261341,0.0,0.0
2025-03-20 00:00:00-04:00,56.269779205322266,56.7256965637207,55.88545608520508,56.262245178222656,55.951271057128906,2772368,0.0,0.0
2025-03-21 00:00:00-04:00,55.67445373535156,56.42049789428711,55.22607421875,56.36021041870117,56.0486946105957,6281753,0.0,0.0
2025-03-24 00:00:00-04:00,56.88018035888672,57.44536590576172,56.76714324951172,57.204219818115234,56.88804244995117,2695270,0.0,0.0
2025-03-25 00:00:00-04:00,57.42275619506836,57.52449035644531,56.7822151184082,57.24943542480469,56.933006286621094,2510419,0.0,0.0
2025-03-26 00:00:00-04:00,57.2343635559082,57.67897415161133,56.4431037902832,56.661643981933594,56.34846115112305,1622788,0.0,0.0
2025-03-27 00:00:00-04:00,56.46571350097656,56.90278625488281,55.98719024658203,56.209495544433594,55.8988151550293,1765308,0.0,0.0
2025-03-28 00:00:00-04:00,56.036170959472656,56.23210144042969,54.63451385498047,54.732479095458984,54.429962158203125,1981078,0.0,0.0
2025-03-31 00:00:00-04:00,54.129615783691406,55.32027053833008,53.84325408935547,55.146949768066406,54.84214782714844,4085833,0.0,0.0
2025-04-01 00:00:00-04:00,55.01130294799805,55.5086669921875,54.6043701171875,55.388092041015625,55.08195495605469,2758170,0.0,0.0
2025-04-02 00:00:00-04:00,54.815372467041016,56.152976989746094,54.77015686035156,55.983421325683594,55.67399215698242,1522865,0.0,0.0
2025-04-03 00:00:00-04:00,53.69253921508789,54.05802536010742,50.866615295410156,50.95704650878906,50.67539978027344,5585343,0.0,0.0
2025-04-04 00:00:00-04:00,49.45742416381836,49.645816802978516,47.66767120361328,48.32705307006836,48.059940338134766,6453865,0.0,0.0
2025-04-07 00:00:00-04:00,47.33232879638672,50.27882385253906,46.53353500366211,48.71891403198242,48.44963073730469,6884609,0.0,0.0
2025-04-08 00:00:00-04:00,49.5478515625,50.241146087646484,46.495853424072266,47.15900421142578,46.898345947265625,6885936,0.0,0.0
2025-04-09 00:00:00-04:00,46.058780670166016,51.42426681518555,45.50489807128906,51.06254577636719,50.78031539916992,9864387,0.0,0.0
2025-04-10 00:00:00-04:00,50.14318084716797,50.380558013916016,46.887718200683594,48.055763244628906,47.7901496887207,7405191,0.0,0.0
2025-04-11 00:00:00-04:00,47.92012023925781,49.35945510864258,46.834964752197266,48.967594146728516,48.69694519042969,5662973,0.0,0.0
2025-04-14 00:00:00-04:00,49.555389404296875,50.08666229248047,49.20120620727539,49.74378204345703,49.46883773803711,3002338,0.0,0.0
2025-04-15 00:00:00-04:00,49.80406951904297,50.211002349853516,49.306705474853516,49.57799530029297,49.30397033691406,2950585,0.0,0.0
2025-04-16 00:00:00-04:00,49.51017379760742,49.91333770751953,48.20648193359375,48.982669830322266,48.711936950683594,3408798,0.0,0.0
2025-04-17 00:00:00-04:00,49.15599060058594,49.62321090698242,49.073097229003906,49.31424331665039,49.04167175292969,2035883,0.0,0.0
2025-04-21 00:00:00-04:00,48.70384216308594,48.8960075378418,47.56593704223633,48.229087829589844,47.96251678466797,3476740,0.0,0.0
2025-04-22 00:00:00-04:00,48.91484451293945,49.80406951904297,48.677467346191406,49.72871017456055,49.45384979248047,2883571,0.0,0.0
2025-04-23 00:00:00-04:00,51.28861999511719,52.07234573364258,50.38432693481445,50.53504180908203,50.2557258605957,2426021,0.0,0.0
2025-04-24 00:00:00-04:00,50.48982620239258,52.034664154052734,50.36925506591797,51.93669891357422,51.64963912963867,2066272,0.0,0.0
2025-04-25 00:00:00-04:00,51.73323440551758,52.494346618652344,51.43933868408203,51.93669891357422,51.64963912963867,2835534,0.0,0.0
2025-04-28 00:00:00-04:00,51.9517707824707,52.47174072265625,51.19065475463867,51.85380554199219,51.567195892333984,2316146,0.0,0.0
2025-04-29 00:00:00-04:00,51.81612777709961,52.27581024169922,51.53730010986328,52.0648078918457,51.777034759521484,2658379,0.0,0.0
2025-04-30 00:00:00-04:00,51.98191452026367,52.63752746582031,51.0738525390625,52.5169563293457,52.226688385009766,3718121,0.0,0.0
2025-05-01 00:00:00-04:00,49.193668365478516,50.61039733886719,48.97513198852539,50.324039459228516,50.0458869934082,14350045,0.0,0.0
2025-05-02 00:00:00-04:00,51.28108596801758,51.63526916503906,50.38432693481445,50.904296875,50.62294387817383,7449247,0.0,0.0
2025-05-05 00:00:00-04:00,50.67822265625,51.29615783691406,50.42953872680664,50.93444061279297,50.65291976928711,4948118,0.0,0.0
2025-05-06 00:00:00-04:00,50.20346450805664,51.41672897338867,50.20346450805664,50.67822265625,50.39811325073242,4621012,0.0,0.0
2025-05-07 00:00:00-04:00,51.04747772216797,51.831199645996094,50.904296875,51.266014099121094,50.982662200927734,5373819,0.0,0.0
2025-05-08 00:00:00-04:00,51.718162536621094,53.0821418762207,51.718162536621094,52.62245559692383,52.33160400390625,4459118,0.0,0.0
2025-05-09 00:00:00-04:00,52.825923919677734,53.34589385986328,52.64657211303711,53.142425537109375,52.848697662353516,4586908,0.0,0.0
2025-05-12 00:00:00-04:00,55.071590423583984,55.983421325683594,55.071590423583984,55.56895446777344,55.261810302734375,5561324,0.0,0.0
2025-05-13 00:00:00-04:00,55.501129150390625,56.269779205322266,55.3956298828125,55.501129150390625,55.194366455078125,4503705,0.0,0.0
2025-05-14 00:00:00-04:00,55.29012680053711,55.6217041015625,54.77015686035156,54.78522872924805,54.482421875,3661193,0.0,0.0
2025-05-15 00:00:00-04:00,54.66465759277344,54.99623107910156,54.39713668823242,54.619441986083984,54.31755065917969,5356966,0.0,0.0
2025-05-16 00:00:00-04:00,54.53654861450195,55.22230529785156,54.302940368652344,55.154483795166016,54.84963607788086,4280106,0.0,0.0
2025-05-19 00:00:00-04:00,54.280330657958984,54.853050231933594,54.280330657958984,54.72494125366211,54.42246627807617,5534917,0.0,0.0
2025-05-20 00:00:00-04:00,54.476261138916016,54.70987319946289,54.09344482421875,54.22004318237305,53.92036437988281,4786091,0.0,0.0
2025-05-21 00:00:00-04:00,53.828182220458984,54.054256439208984,52.803314208984375,52.825923919677734,52.5339469909668,4222647,0.0,0.0
2025-05-22 00:00:00-04:00,52.6525993347168,53.27053451538086,52.57724380493164,52.86360168457031,52.57141876220703,3277425,0.0,0.0
2025-05-23 00:00:00-04:00,51.95930862426758,52.81687927246094,51.95930862426758,52.50188446044922,52.21169662475586,4596993,0.0,0.0
2025-05-27 00:00:00-04:00,53.18010711669922,53.40617752075195,52.72795867919922,53.398643493652344,53.10350036621094,7068796,0.0,0.0
2025-05-28 00:00:00-04:00,54.3782958984375,54.67219161987305,53.65486145019531,53.88846969604492,53.59061813354492,7102369,0.0,0.0
2025-05-29 00:00:00-04:00,54.2652587890625,54.28786849975586,53.20271301269531,53.5568962097168,53.2608757019043,3221558,0.0,0.0
2025-05-30 00:00:00-04:00,53.338356018066406,53.48907470703125,52.49058151245117,52.89374542236328,52.66067123413086,5682479,0.060286,0.0
2025-06-02 00:00:00-04:00,52.55463409423828,53.04446029663086,51.67671585083008,52.946495056152344,52.71318435668945,4266969,0.0,0.0
2025-06-03 00:00:00-04:00,53.1047477722168,55.22230529785156,53.1047477722168,54.363224029541016,54.12367248535156,6049262,0.0,0.0
2025-06-04 00:00:00-04:00,54.498870849609375,54.642051696777344,54.16804885864258,54.19743728637695,53.9586181640625,2644578,0.0,0.0
2025-06-05 00:00:00-04:00,54.43858337402344,54.54408264160156,53.847023010253906,54.076866149902344,53.83857345581055,2530722,0.0,0.0
2025-06-06 00:00:00-04:00,54.89073181152344,55.42577362060547,54.79276657104492,55.033912658691406,54.791404724121094,2810851,0.0,0.0
2025-06-09 00:00:00-04:00,55.192161560058594,55.59156036376953,55.04898452758789,55.1695556640625,54.92645263671875,3799865,0.0,0.0
2025-06-10 00:00:00-04:00,55.01130294799805,55.32027053833008,53.35342788696289,54.755088806152344,54.51380920410156,5016060,0.0,0.0
2025-06-11 00:00:00-04:00,54.80030059814453,55.10926818847656,53.57196807861328,53.730220794677734,53.49345779418945,3931238,0.0,0.0
2025-06-12 00:00:00-04:00,53.278072357177734,53.67369842529297,52.946495056152344,53.45893096923828,53.223365783691406,2574115,0.0,0.0
2025-06-13 00:00:00-04:00,52.70534896850586,53.07460403442383,51.996986389160156,52.32102584838867,52.09047317504883,5475467,0.0,0.0
2025-06-16 00:00:00-04:00,53.07460403442383,53.7000732421875,52.8560676574707,53.32328414916992,53.08831787109375,2596408,0.0,0.0
2025-06-17 00:00:00-04:00,52.938961029052734,53.285606384277344,52.343631744384766,52.449134826660156,52.218017578125,2648692,0.0,0.0
2025-06-18 00:00:00-04:00,52.456668853759766,53.18764114379883,52.398643493652344,52.62245559692383,52.39057159423828,2433055,0.0,0.0
2025-06-20 00:00:00-04:00,52.96156692504883,53.24039077758789,52.29465103149414,52.486812591552734,52.25552749633789,4334247,0.0,0.0
2025-06-23 00:00:00-04:00,52.366241455078125,53.003013610839844,51.89902114868164,52.9917106628418,52.758201599121094,3949948,0.0,0.0
2025-06-24 00:00:00-04:00,53.23285675048828,53.504146575927734,52.9917106628418,53.255462646484375,53.02079391479492,3721173,0.0,0.0
2025-06-25 00:00:00-04:00,53.31575012207031,53.32328414916992,52.67520523071289,52.81085205078125,52.57814025878906,3552512,0.0,0.0
2025-06-26 00:00:00-04:00,53.11981964111328,53.79804229736328,52.803314208984375,53.6699333190918,53.433433532714844,2323179,0.0,0.0
2025-06-27 00:00:00-04:00,53.790504455566406,54.14468765258789,53.617183685302734,53.95629119873047,53.718536376953125,3958839,0.0,0.0
2025-06-30 00:00:00-04:00,52.04999923706055,52.38999938964844,50.0,52.130001068115234,51.90028762817383,10876800,0.0,1.327
2025-07-01 00:00:00-04:00,52.06999969482422,54.2400016784668,51.25,53.15999984741211,52.92574691772461,6551200,0.0,0.0
2025-07-02 00:00:00-04:00,53.2599983215332,53.560001373291016,52.94499969482422,53.34000015258789,53.10496139526367,5891000,0.0,0.0
2025-07-03 00:00:00-04:00,53.5,53.75,52.83000183105469,53.04999923706055,52.81623458862305,2484800,0.0,0.0
2025-07-07 00:00:00-04:00,52.790000915527344,53.279998779296875,52.61000061035156,53.0,52.76645278930664,6797700,0.0,0.0
2025-07-08 00:00:00-04:00,53.16999816894531,53.5099983215332,52.68000030517578,52.79999923706055,52.56733322143555,3623600,0.0,0.0
2025-07-09 00:00:00-04:00,52.79999923706055,53.029998779296875,52.400001525878906,52.9900016784668,52.756500244140625,3079500,0.0,0.0
2025-07-10 00:00:00-04:00,53.130001068115234,53.5,52.83100128173828,53.060001373291016,52.826194763183594,4938300,0.0,0.0
2025-07-11 00:00:00-04:00,52.59000015258789,52.810001373291016,52.400001525878906,52.689998626708984,52.457820892333984,3543700,0.0,0.0
2025-07-14 00:00:00-04:00,52.27000045776367,52.5,51.86000061035156,52.16999816894531,51.94011306762695,2607600,0.0,0.0
2025-07-15 00:00:00-04:00,51.7599983215332,52.31999969482422,51.09000015258789,51.150001525878906,50.92461013793945,4430700,0.0,0.0
2025-07-16 00:00:00-04:00,51.16999816894531,51.439998626708984,50.064998626708984,50.31999969482422,50.098262786865234,5005600,0.0,0.0
2025-07-17 00:00:00-04:00,50.5,51.30500030517578,50.34000015258789,51.27000045776367,51.04408264160156,4665000,0.0,0.0
2025-07-18 00:00:00-04:00,51.470001220703125,51.5,50.22999954223633,50.529998779296875,50.307334899902344,2749200,0.0,0.0
2025-07-21 00:00:00-04:00,50.720001220703125,50.90999984741211,50.060001373291016,50.13999938964844,49.91905975341797,3630700,0.0,0.0
2025-07-22 00:00:00-04:00,50.130001068115234,51.099998474121094,50.01499938964844,51.08000183105469,50.85491943359375,2760400,0.0,0.0
2025-07-23 00:00:00-04:00,51.43000030517578,51.43000030517578,50.95000076293945,51.11000061035156,50.88478469848633,2928900,0.0,0.0
2025-07-24 00:00:00-04:00,51.0,51.470001220703125,49.66299819946289,51.060001373291016,50.83501052856445,2452200,0.0,0.0
2025-07-25 00:00:00-04:00,51.150001525878906,51.540000915527344,50.81999969482422,51.52000045776367,51.29297637939453,2939400,0.0,0.0
2025-07-28 00:00:00-04:00,51.560001373291016,51.900001525878906,51.09000015258789,51.2599983215332,51.03411865234375,3206000,0.0,0.0
2025-07-29 00:00:00-04:00,51.40999984741211,51.540000915527344,50.5,50.91999816894531,50.695621490478516,3950400,0.0,0.0
2025-07-30 00:00:00-04:00,52.86000061035156,52.86000061035156,49.2599983215332,49.650001525878906,49.43122100830078,9711900,0.0,0.0
2025-07-31 00:00:00-04:00,48.9900016784668,49.310001373291016,47.83100128173828,47.93000030517578,47.71879577636719,4957200,0.0,0.0
2025-08-01 00:00:00-04:00,47.029998779296875,47.29999923706055,46.470001220703125,46.54999923706055,46.34487533569336,4974300,0.0,0.0
2025-08-04 00:00:00-04:00,46.72999954223633,47.310001373291016,46.345001220703125,47.220001220703125,47.011924743652344,5443900,0.0,0.0
2025-08-05 00:00:00-04:00,48.21500015258789,48.959999084472656,47.849998474121094,48.400001525878906,48.18672561645508,8108300,0.0,0.0
2025-08-06 00:00:00-04:00,48.529998779296875,48.65999984741211,47.459999084472656,47.59000015258789,47.38029479980469,5499500,0.0,0.0
2025-08-07 00:00:00-04:00,48.150001525878906,48.279998779296875,47.33000183105469,47.45000076293945,47.240909576416016,3207700,0.0,0.0
2025-08-08 00:00:00-04:00,47.459999084472656,47.709999084472656,46.9900016784668,47.099998474121094,46.892452239990234,3774300,0.0,0.0
2025-08-11 00:00:00-04:00,47.189998626708984,47.40999984741211,46.34000015258789,46.720001220703125,46.514129638671875,3920200,0.0,0.0
2025-08-12 00:00:00-04:00,47.04999923706055,47.79499816894531,46.900001525878906,47.650001525878906,47.440032958984375,5818100,0.0,0.0
2025-08-13 00:00:00-04:00,47.86000061035156,48.8650016784668,47.61000061035156,48.72999954223633,48.51527404785156,6250900,0.0,0.0
2025-08-14 00:00:00-04:00,47.939998626708984,48.220001220703125,47.584999084472656,47.79999923706055,47.58937072753906,4464300,0.0,0.0
2025-08-15 00:00:00-04:00,48.0099983215332,48.369998931884766,47.775001525878906,48.15999984741211,47.94778060913086,5626800,0.0,0.0
2025-08-18 00:00:00-04:00,48.130001068115234,48.41999816894531,47.75,47.75,47.53959274291992,3454200,0.0,0.0
2025-08-19 00:00:00-04:00,47.970001220703125,48.72999954223633,47.79499816894531,48.15999984741211,47.94778060913086,2665800,0.0,0.0
2025-08-20 00:00:00-04:00,48.20000076293945,48.505001068115234,47.68000030517578,48.040000915527344,47.828311920166016,7630300,0.0,0.0
2025-08-21 00:00:00-04:00,48.0,48.709999084472656,47.619998931884766,47.7599983215332,47.54954147338867,4113600,0.0,0.0
2025-08-22 00:00:00-04:00,48.18000030517578,49.52000045776367,47.97999954223633,49.310001373291016,49.092716217041016,3749700,0.0,0.0
2025-08-25 00:00:00-04:00,49.130001068115234,49.25,48.470001220703125,48.5099983215332,48.29623794555664,2753700,0.0,0.0
2025-08-26 00:00:00-04:00,48.47999954223633,48.650001525878906,48.11000061035156,48.5099983215332,48.29623794555664,5215400,0.0,0.0
2025-08-27 00:00:00-04:00,48.38999938964844,48.93000030517578,48.279998779296875,48.56999969482422,48.35597610473633,2315600,0.0,0.0
2025-08-28 00:00:00-04:00,48.79999923706055,48.79999923706055,47.68000030517578,48.0099983215332,47.79844284057617,4023200,0.0,0.0
2025-08-29 00:00:00-04:00,47.97999954223633,48.40999984741211,47.689998626708984,47.86000061035156,47.649105072021484,2948700,0.0,0.0
2025-09-02 00:00:00-04:00,47.119998931884766,47.36000061035156,46.540000915527344,47.36000061035156,47.151309967041016,4128200,0.0,0.0
2025-09-03 00:00:00-04:00,47.220001220703125,47.439998626708984,46.654998779296875,47.029998779296875,46.822757720947266,2848600,0.0,0.0
2025-09-04 00:00:00-04:00,47.060001373291016,47.60499954223633,46.75,47.58000183105469,47.37034225463867,2766600,0.0,0.0
2025-09-05 00:00:00-04:00,47.77000045776367,48.39500045776367,47.40999984741211,47.869998931884766,47.659061431884766,3314800,0.0,0.0
2025-09-08 00:00:00-04:00,47.70000076293945,48.040000915527344,47.029998779296875,47.97999954223633,47.768577575683594,3201600,0.0,0.0
2025-09-09 00:00:00-04:00,47.79999923706055,47.904998779296875,47.0099983215332,47.709999084472656,47.49976348876953,3538200,0.0,0.0
2025-09-10 00:00:00-04:00,47.5,48.18199920654297,47.42499923706055,47.75,47.53959274291992,4051400,0.0,0.0
2025-09-11 00:00:00-04:00,47.939998626708984,49.744998931884766,47.70000076293945,49.56999969482422,49.35157012939453,6155300,0.0,0.0
2025-09-12 00:00:00-04:00,49.310001373291016,49.40999984741211,48.779998779296875,48.83000183105469,48.673744201660156,4988400,0.06,0.0
2025-09-15 00:00:00-04:00,49.040000915527344,49.10499954223633,48.47999954223633,48.560001373291016,48.40460968017578,3455200,0.0,0.0
2025-09-16 00:00:00-04:00,48.43000030517578,49.005001068115234,48.064998626708984,48.75,48.593997955322266,2968700,0.0,0.0
2025-09-17 00:00:00-04:00,48.939998626708984,49.744998931884766,47.849998474121094,48.029998779296875,47.876304626464844,4800200,0.0,0.0
2025-09-18 00:00:00-04:00,48.41999816894531,49.38999938964844,48.31999969482422,48.83000183105469,48.673744201660156,2886800,0.0,0.0
2025-09-19 00:00:00-04:00,49.060001373291016,49.060001373291016,48.119998931884766,48.630001068115234,48.474388122558594,9949900,0.0,0.0
2025-09-22 00:00:00-04:00,47.93000030517578,48.560001373291016,47.880001068115234,48.31999969482422,48.165374755859375,2731800,0.0,0.0
2025-09-23 00:00:00-04:00,48.46500015258789,49.2599983215332,48.11000061035156,48.439998626708984,48.28499221801758,2940200,0.0,0.0
2025-09-24 00:00:00-04:00,48.38999938964844,48.810001373291016,47.66999816894531,48.15999984741211,48.00588607788086,2802300,0.0,0.0
2025-09-25 00:00:00-04:00,47.939998626708984,47.939998626708984,47.310001373291016,47.66999816894531,47.517452239990234,3422100,0.0,0.0
2025-09-26 00:00:00-04:00,48.0,48.560001373291016,47.76499938964844,48.529998779296875,48.37470245361328,2141200,0.0,0.0
2025-09-29 00:00:00-04:00,48.779998779296875,49.2599983215332,48.54499816894531,48.90999984741211,48.75349044799805,3322600,0.0,0.0
2025-09-30 00:00:00-04:00,48.810001373291016,49.0099983215332,48.17499923706055,48.9900016784668,48.83323669433594,3202600,0.0,0.0
2025-10-01 00:00:00-04:00,48.900001525878906,50.220001220703125,48.689998626708984,50.08000183105469,49.91974639892578,4234600,0.0,0.0
2025-10-02 00:00:00-04:00,50.08000183105469,50.790000915527344,49.54999923706055,49.779998779296875,49.620704650878906,3007700,0.0,0.0
2025-10-03 00:00:00-04:00,49.81999969482422,50.71500015258789,49.79499816894531,50.40999984741211,50.24869155883789,3436000,0.0,0.0
2025-10-06 00:00:00-04:00,50.59000015258789,50.84000015258789,50.02000045776367,50.029998779296875,49.869903564453125,2622300,0.0,0.0
2025-10-07 00:00:00-04:00,50.25,50.290000915527344,49.310001373291016,49.61000061035156,49.45124816894531,1829100,0.0,0.0
2025-10-08 00:00:00-04:00,49.90999984741211,50.150001525878906,49.321998596191406,49.84000015258789,49.68051528930664,1852400,0.0,0.0
2025-10-09 00:00:00-04:00,50.02000045776367,50.02000045776367,49.15999984741211,49.29999923706055,49.142242431640625,1958000,0.0,0.0
2025-10-10 00:00:00-04:00,49.5099983215332,49.63999938964844,47.709999084472656,47.79999923706055,47.64704132080078,2453300,0.0,0.0
2025-10-13 00:00:00-04:00,48.2400016784668,48.86000061035156,48.029998779296875,48.58000183105469,48.42454528808594,1888500,0.0,0.0
2025-10-14 00:00:00-04:00,47.95000076293945,49.310001373291016,47.95000076293945,49.029998779296875,48.87310028076172,1375400,0.0,0.0
2025-10-15 00:00:00-04:00,48.439998626708984,49.54999923706055,48.099998474121094,48.4900016784668,48.334835052490234,3537500,0.0,0.0
2025-10-16 00:00:00-04:00,48.88999938964844,48.939998626708984,48.279998779296875,48.689998626708984,48.5341911315918,1810000,0.0,0.0
2025-10-17 00:00:00-04:00,48.38999938964844,48.86000061035156,48.290000915527344,48.65999984741211,48.50429153442383,1797000,0.0,0.0
2025-10-20 00:00:00-04:00,48.970001220703125,49.5,48.77000045776367,49.279998779296875,49.12230682373047,1504200,0.0,0.0
2025-10-21 00:00:00-04:00,49.16999816894531,50.15999984741211,49.10499954223633,49.779998779296875,49.620704650878906,1503500,0.0,0.0
2025-10-22 00:00:00-04:00,49.7400016784668,49.939998626708984,48.994998931884766,49.08000183105469,48.92294692993164,1966700,0.0,0.0
2025-10-23 00:00:00-04:00,49.18000030517578,49.75,48.880001068115234,49.619998931884766,49.46121597290039,1467700,0.0,0.0
2025-10-24 00:00:00-04:00,49.97999954223633,50.04999923706055,49.15999984741211,49.470001220703125,49.31169509887695,1679300,0.0,0.0
2025-10-27 00:00:00-04:00,49.810001373291016,49.95000076293945,49.2599983215332,49.470001220703125,49.31169509887695,2263800,0.0,0.0
2025-10-28 00:00:00-04:00,49.529998779296875,49.58000183105469,48.974998474121094,49.15999984741211,49.002689361572266,4205200,0.0,0.0
2025-10-29 00:00:00-04:00,54.91999816894531,55.93000030517578,49.77000045776367,50.34000015258789,50.17891311645508,9478700,0.0,0.0
2025-10-30 00:00:00-04:00,50.709999084472656,52.83000183105469,50.2400016784668,51.25,51.08599853515625,4907700,0.0,0.0
2025-10-31 00:00:00-04:00,50.86000061035156,50.970001220703125,49.95000076293945,50.34000015258789,50.17891311645508,3578900,0.0,0.0
2025-11-03 00:00:00-05:00,50.15999984741211,50.15999984741211,49.029998779296875,50.099998474121094,49.93967819213867,3374400,0.0,0.0
2025-11-04 00:00:00-05:00,49.81999969482422,50.38999938964844,49.630001068115234,50.34000015258789,50.17891311645508,2569700,0.0,0.0
2025-11-05 00:00:00-05:00,50.36000061035156,50.939998626708984,50.05500030517578,50.22999954223633,50.06926345825195,2853000,0.0,0.0
2025-11-06 00:00:00-05:00,50.709999084472656,51.36000061035156,50.52000045776367,51.08000183105469,50.91654968261719,3692600,0.0,0.0
2025-11-07 00:00:00-05:00,50.88999938964844,51.54199981689453,49.98500061035156,51.22999954223633,51.066062927246094,3262900,0.0,0.0
2025-11-10 00:00:00-05:00,51.349998474121094,51.58000183105469,50.869998931884766,51.33000183105469,51.165748596191406,2547900,0.0,0.0
2025-11-11 00:00:00-05:00,51.33000183105469,51.90999984741211,51.099998474121094,51.880001068115234,51.713985443115234,2213700,0.0,0.0
2025-11-12 00:00:00-05:00,51.849998474121094,52.525001525878906,51.79999923706055,52.029998779296875,51.863502502441406,2894400,0.0,0.0
2025-11-13 00:00:00-05:00,52.04999923706055,52.654998779296875,51.869998931884766,51.959999084472656,51.79372787475586,3905500,0.0,0.0
2025-11-14 00:00:00-05:00,51.47999954223633,51.96500015258789,51.470001220703125,51.59000015258789,51.42491149902344,4473400,0.0,0.0
2025-11-17 00:00:00-05:00,51.4900016784668,51.83000183105469,50.439998626708984,50.52000045776367,50.35833740234375,4358500,0.0,0.0
2025-11-18 00:00:00-05:00,50.310001373291016,50.810001373291016,50.099998474121094,50.380001068115234,50.21878433227539,2638300,0.0,0.0
2025-11-19 00:00:00-05:00,50.34000015258789,50.9900016784668,50.09000015258789,50.41999816894531,50.2586555480957,2716900,0.0,0.0
2025-11-20 00:00:00-05:00,50.90999984741211,51.65999984741211,50.369998931884766,50.84000015258789,50.67731475830078,3644500,0.0,0.0
2025-11-21 00:00:00-05:00,50.9900016784668,53.32500076293945,50.91999816894531,52.81999969482422,52.65098190307617,4152300,0.0,0.0
2025-11-24 00:00:00-05:00,52.86000061035156,53.150001525878906,52.45000076293945,52.459999084472656,52.2921257019043,4210500,0.0,0.0
2025-11-25 00:00:00-05:00,53.13999938964844,53.525001525878906,52.70000076293945,53.279998779296875,53.10950469970703,3143700,0.0,0.0
2025-11-26 00:00:00-05:00,53.11000061035156,53.54499816894531,53.0,53.22999954223633,53.059661865234375,2171900,0.0,0.0
2025-11-28 00:00:00-05:00,53.36000061035156,53.540000915527344,53.0099983215332,53.47999954223633,53.369022369384766,1317200,0.06,0.0
2025-12-01 00:00:00-05:00,53.060001373291016,53.52000045776367,52.7400016784668,52.77000045776367,52.66049575805664,2493100,0.0,0.0
2025-12-02 00:00:00-05:00,52.77000045776367,53.35499954223633,52.56999969482422,53.13999938964844,53.029727935791016,1912000,0.0,0.0
2025-12-03 00:00:00-05:00,53.25,53.599998474121094,53.04999923706055,53.45000076293945,53.33908462524414,2063600,0.0,0.0
2025-12-04 00:00:00-05:00,53.2599983215332,53.81999969482422,53.099998474121094,53.380001068115234,53.269229888916016,2570400,0.0,0.0
2025-12-05 00:00:00-05:00,53.2400016784668,54.09000015258789,53.130001068115234,53.75,53.63846206665039,2461500,0.0,0.0
2025-12-08 00:00:00-05:00,53.61000061035156,54.150001525878906,53.380001068115234,54.130001068115234,54.01767349243164,3674300,0.0,0.0
2025-12-09 00:00:00-05:00,54.060001373291016,54.380001068115234,53.619998931884766,53.66999816894531,53.558624267578125,2119100,0.0,0.0
2025-12-10 00:00:00-05:00,53.720001220703125,55.03499984741211,53.65999984741211,54.79999923706055,54.686283111572266,2106500,0.0,0.0
2025-12-11 00:00:00-05:00,54.70000076293945,55.525001525878906,54.63999938964844,55.459999084472656,55.344913482666016,2410400,0.0,0.0
2025-12-12 00:00:00-05:00,55.689998626708984,55.75,54.69200134277344,54.93000030517578,54.81601333618164,3049400,0.0,0.0
2025-12-15 00:00:00-05:00,55.29999923706055,55.474998474121094,54.7599983215332,55.349998474121094,55.235137939453125,3388500,0.0,0.0
2025-12-16 00:00:00-05:00,55.54999923706055,55.66999816894531,54.56999969482422,54.65999984741211,54.546573638916016,2821800,0.0,0.0
2025-12-17 00:00:00-05:00,54.529998779296875,55.72999954223633,54.46500015258789,55.2400016784668,55.12537384033203,3801500,0.0,0.0
2025-12-18 00:00:00-05:00,55.439998626708984,55.66999816894531,54.47999954223633,54.66999816894531,54.55655288696289,3477100,0.0,0.0
2025-12-19 00:00:00-05:00,54.4900016784668,55.0099983215332,54.439998626708984,54.90999984741211,54.79605484008789,12085500,0.0,0.0
2025-12-22 00:00:00-05:00,55.0,55.76499938964844,54.779998779296875,55.68000030517578,55.564456939697266,2599500,0.0,0.0
2025-12-23 00:00:00-05:00,55.77000045776367,55.91400146484375,55.28499984741211,55.63999938964844,55.524539947509766,1612700,0.0,0.0
2025-12-24 00:00:00-05:00,55.5,55.7400016784668,55.439998626708984,55.459999084472656,55.344913482666016,972600,0.0,0.0
2025-12-26 00:00:00-05:00,55.400001525878906,55.7400016784668,55.38999938964844,55.689998626708984,55.57443618774414,1380200,0.0,0.0
2025-12-29 00:00:00-05:00,55.58000183105469,56.18000030517578,55.470001220703125,56.150001525878906,56.03348159790039,2452300,0.0,0.0
2025-12-30 00:00:00-05:00,56.08000183105469,56.189998626708984,55.88999938964844,55.939998626708984,55.82391357421875,2068800,0.0,0.0
2025-12-31 00:00:00-05:00,55.939998626708984,56.119998931884766,55.18000030517578,55.209999084472656,55.095428466796875,1612500,0.0,0.0
2026-01-02 00:00:00-05:00,55.33000183105469,55.69499969482422,55.00299835205078,55.38999938964844,55.27505874633789,2691300,0.0,0.0
2026-01-05 00:00:00-05:00,54.724998474121094,55.04999923706055,52.650001525878906,53.810001373291016,53.69833755493164,6408600,0.0,0.0
2026-01-06 00:00:00-05:00,53.47999954223633,55.55500030517578,53.40999984741211,55.45000076293945,55.33493423461914,5328000,0.0,0.0
2026-01-07 00:00:00-05:00,55.40999984741211,55.630001068115234,54.084999084472656,54.13999938964844,54.027652740478516,2793900,0.0,0.0
2026-01-08 00:00:00-05:00,53.880001068115234,55.88999938964844,53.880001068115234,55.209999084472656,55.095428466796875,3740400,0.0,0.0
2026-01-09 00:00:00-05:00,55.2400016784668,55.650001525878906,54.27000045776367,55.0,54.8858642578125,2916800,0.0,0.0
2026-01-12 00:00:00-05:00,54.869998931884766,55.63999938964844,54.654998779296875,55.5099983215332,55.394805908203125,2348100,0.0,0.0
2026-01-13 00:00:00-05:00,55.66999816894531,55.90999984741211,54.130001068115234,54.68000030517578,54.566532135009766,3537000,0.0,0.0
2026-01-14 00:00:00-05:00,54.70000076293945,55.77000045776367,54.70000076293945,55.7599983215332,55.644290924072266,2828300,0.0,0.0
2026-01-15 00:00:00-05:00,55.97999954223633,56.029998779296875,55.31999969482422,55.5099983215332,55.394805908203125,2666000,0.0,0.0
2026-01-16 00:00:00-05:00,54.779998779296875,55.189998626708984,54.345001220703125,54.959999084472656,54.845951080322266,3207900,0.0,0.0
2026-01-20 00:00:00-05:00,54.369998931884766,54.59000015258789,52.630001068115234,52.70000076293945,52.590641021728516,3501900,0.0,0.0
2026-01-21 00:00:00-05:00,53.22999954223633,54.939998626708984,52.7400016784668,54.439998626708984,54.327030181884766,4564600,0.0,0.0
2026-01-22 00:00:00-05:00,54.93000030517578,55.08000183105469,54.36000061035156,54.720001220703125,54.60645294189453,2076600,0.0,0.0
2026-01-23 00:00:00-05:00,54.599998474121094,54.79999923706055,53.93000030517578,54.59000015258789,54.47671890258789,3540800,0.0,0.0
2026-01-26 00:00:00-05:00,54.779998779296875,55.130001068115234,54.470001220703125,54.75,54.63638687133789,2135300,0.0,0.0
2026-01-27 00:00:00-05:00,54.650001525878906,54.650001525878906,53.08000183105469,53.150001525878906,53.03970718383789,4674500,0.0,0.0
2026-01-28 00:00:00-05:00,53.119998931884766,53.529998779296875,52.78499984741211,52.79999923706055,52.6904296875,2910200,0.0,0.0
2026-01-29 00:00:00-05:00,53.349998474121094,53.709999084472656,52.529998779296875,53.08000183105469,52.969852447509766,2670600,0.0,0.0
2026-01-30 00:00:00-05:00,52.779998779296875,53.290000915527344,52.43000030517578,52.810001373291016,52.70041275024414,4330000,0.0,0.0
2026-02-02 00:00:00-05:00,52.75,53.900001525878906,52.75,53.70000076293945,53.58856964111328,3170100,0.0,0.0
2026-02-03 00:00:00-05:00,53.869998931884766,54.7400016784668,53.130001068115234,54.349998474121094,54.237213134765625,5669600,0.0,0.0
2026-02-04 00:00:00-05:00,54.5,61.150001525878906,54.5,60.130001068115234,60.00522232055664,12979200,0.0,0.0
2026-02-05 00:00:00-05:00,60.72999954223633,61.150001525878906,58.560001373291016,60.20000076293945,60.075077056884766,5890200,0.0,0.0
2026-02-06 00:00:00-05:00,61.0,61.0,58.439998626708984,60.119998931884766,59.995243072509766,6733600,0.0,0.0
2026-02-09 00:00:00-05:00,60.13999938964844,60.71500015258789,59.689998626708984,60.70000076293945,60.574039459228516,3345500,0.0,0.0
2026-02-10 00:00:00-05:00,60.79999923706055,61.959999084472656,60.58000183105469,61.91999816894531,61.79150390625,3182200,0.0,0.0
2026-02-11 00:00:00-05:00,62.0,62.41999816894531,57.709999084472656,58.709999084472656,58.588165283203125,8939600,0.0,0.0
2026-02-12 00:00:00-05:00,59.0,59.66999816894531,54.970001220703125,56.0,55.883792877197266,12572700,0.0,0.0
2026-02-13 00:00:00-05:00,56.099998474121094,57.369998931884766,56.029998779296875,56.900001525878906,56.78192901611328,5692000,0.0,0.0
2026-02-17 00:00:00-05:00,56.97999954223633,57.650001525878906,56.279998779296875,56.810001373291016,56.69211196899414,4194800,0.0,0.0
2026-02-18 00:00:00-05:00,56.9900016784668,58.790000915527344,56.790000915527344,58.33000183105469,58.20895767211914,3760900,0.0,0.0
2026-02-19 00:00:00-05:00,57.97999954223633,58.459999084472656,57.47999954223633,57.86000061035156,57.739933013916016,2361200,0.0,0.0
2026-02-20 00:00:00-05:00,57.650001525878906,58.76499938964844,57.439998626708984,58.279998779296875,58.1590576171875,2946800,0.0,0.0
2026-02-23 00:00:00-05:00,58.099998474121094,58.529998779296875,56.4900016784668,57.18000030517578,57.061344146728516,3531400,0.0,0.0
2026-02-24 00:00:00-05:00,57.290000915527344,58.790000915527344,57.18000030517578,57.68000030517578,57.560306549072266,2498800,0.0,0.0
2026-02-25 00:00:00-05:00,57.81999969482422,58.654998779296875,57.209999084472656,58.31999969482422,58.198978424072266,2983300,0.0,0.0
2026-02-26 00:00:00-05:00,58.720001220703125,60.369998931884766,58.38999938964844,59.79999923706055,59.6759033203125,4306600,0.0,0.0
2026-02-27 00:00:00-05:00,59.119998931884766,59.720001220703125,58.349998474121094,59.20000076293945,59.077152252197266,4964100,0.0,0.0
2026-03-02 00:00:00-05:00,58.43000030517578,58.91999816894531,57.939998626708984,58.58000183105469,58.45844268798828,2503400,0.0,0.0
2026-03-03 00:00:00-05:00,57.619998931884766,58.4900016784668,56.81999969482422,58.029998779296875,57.90958023071289,2582100,0.0,0.0
2026-03-04 00:00:00-05:00,58.189998626708984,58.39500045776367,57.58000183105469,58.0,57.879642486572266,1903800,0.0,0.0
2026-03-05 00:00:00-05:00,57.5,58.220001220703125,57.0099983215332,58.029998779296875,57.90958023071289,4120900,0.0,0.0
2026-03-06 00:00:00-05:00,57.25,57.400001525878906,55.599998474121094,57.38999938964844,57.27090835571289,4415000,0.0,0.0
2026-03-09 00:00:00-04:00,56.43000030517578,56.915000915527344,55.40999984741211,56.349998474121094,56.23306655883789,4668400,0.0,0.0
2026-03-10 00:00:00-04:00,56.56999969482422,56.65999984741211,55.689998626708984,55.81999969482422,55.704166412353516,2506100,0.0,0.0
2026-03-11 00:00:00-04:00,55.599998474121094,56.54999923706055,55.310001373291016,56.310001373291016,56.19314956665039,3074700,0.0,0.0
2026-03-12 00:00:00-04:00,55.86000061035156,56.45000076293945,54.310001373291016,54.88999938964844,54.77609634399414,6102000,0.0,0.0
2026-03-13 00:00:00-04:00,54.5099983215332,55.404998779296875,54.0099983215332,54.27000045776367,54.21664810180664,2678100,0.06,0.0
2026-03-16 00:00:00-04:00,54.630001068115234,54.790000915527344,53.72999954223633,53.7599983215332,53.70714569091797,3269700,0.0,0.0
2026-03-17 00:00:00-04:00,54.349998474121094,56.36000061035156,53.56999969482422,55.84000015258789,55.78510284423828,4912100,0.0,0.0
2026-03-18 00:00:00-04:00,55.54999923706055,55.689998626708984,54.505001068115234,54.84000015258789,54.78608703613281,3972500,0.0,0.0
2026-03-19 00:00:00-04:00,54.290000915527344,55.869998931884766,54.04999923706055,55.54999923706055,55.49538803100586,4136900,0.0,0.0
2026-03-20 00:00:00-04:00,55.5,56.13999938964844,54.72999954223633,55.220001220703125,55.165714263916016,4696300,0.0,0.0
2026-03-23 00:00:00-04:00,56.13999938964844,56.779998779296875,55.31999969482422,55.38999938964844,55.33554458618164,2649700,0.0,0.0
2026-03-24 00:00:00-04:00,54.68000030517578,55.439998626708984,54.4900016784668,54.900001525878906,54.84602737426758,2757900,0.0,0.0
2026-03-25 00:00:00-04:00,55.4900016784668,55.83000183105469,53.86000061035156,54.779998779296875,54.72614288330078,2011100,0.0,0.0
2026-03-26 00:00:00-04:00,54.41999816894531,55.404998779296875,54.369998931884766,54.810001373291016,54.7561149597168,1959600,0.0,0.0
2026-03-27 00:00:00-04:00,54.5099983215332,54.599998474121094,53.80500030517578,53.91999816894531,53.86698913574219,1804400,0.0,0.0
2026-03-30 00:00:00-04:00,54.540000915527344,54.70000076293945,53.47999954223633,53.619998931884766,53.567283630371094,1845000,0.0,0.0
2026-03-31 00:00:00-04:00,54.5,55.90999984741211,54.20000076293945,55.279998779296875,55.225650787353516,2341300,0.0,0.0
2026-04-01 00:00:00-04:00,55.529998779296875,56.16999816894531,55.27000045776367,55.900001525878906,55.84504699707031,2498000,0.0,0.0
2026-04-02 00:00:00-04:00,55.279998779296875,56.60499954223633,54.77000045776367,56.08000183105469,56.02486801147461,1927700,0.0,0.0
2026-04-06 00:00:00-04:00,55.880001068115234,56.78499984741211,55.70500183105469,56.709999084472656,56.65424728393555,2133200,0.0,0.0
2026-04-07 00:00:00-04:00,56.560001373291016,57.20000076293945,56.38999938964844,56.869998931884766,56.814090728759766,2171800,0.0,0.0
2026-04-08 00:00:00-04:00,58.040000915527344,59.42499923706055,57.915000915527344,59.380001068115234,59.321624755859375,2805400,0.0,0.0
2026-04-09 00:00:00-04:00,59.099998474121094,60.64500045776367,58.93000030517578,60.22999954223633,60.1707878112793,2877500,0.0,0.0
2026-04-10 00:00:00-04:00,60.29999923706055,60.5,57.95000076293945,58.36000061035156,58.30262756347656,3795900,0.0,0.0
2026-04-13 00:00:00-04:00,58.119998931884766,60.01499938964844,58.119998931884766,59.81999969482422,59.76118850708008,3557700,0.0,0.0
2026-04-14 00:00:00-04:00,58.53499984741211,60.310001373291016,58.53499984741211,59.709999084472656,59.65129852294922,2394600,0.0,0.0
2026-04-15 00:00:00-04:00,59.630001068115234,59.76499938964844,58.720001220703125,59.369998931884766,59.31163024902344,2236500,0.0,0.0
2026-04-16 00:00:00-04:00,59.349998474121094,60.20500183105469,59.34000015258789,59.650001525878906,59.59135818481445,2845800,0.0,0.0
2026-04-17 00:00:00-04:00,60.16999816894531,61.154998779296875,59.7400016784668,60.52000045776367,60.46050262451172,3741100,0.0,0.0
2026-04-20 00:00:00-04:00,60.25,61.025001525878906,60.040000915527344,60.970001220703125,60.91006088256836,2152200,0.0,0.0
2026-04-21 00:00:00-04:00,60.470001220703125,61.709999084472656,60.470001220703125,61.029998779296875,60.96999740600586,2661100,0.0,0.0
2026-04-22 00:00:00-04:00,61.40999984741211,61.7400016784668,60.439998626708984,60.86000061035156,60.800167083740234,2591400,0.0,0.0
2026-04-23 00:00:00-04:00,60.970001220703125,61.39500045776367,60.4900016784668,61.11000061035156,61.049922943115234,2324900,0.0,0.0
2026-04-24 00:00:00-04:00,60.9900016784668,61.560001373291016,60.64500045776367,61.09000015258789,61.02994155883789,2850200,0.0,0.0
2026-04-27 00:00:00-04:00,61.16999816894531,62.279998779296875,61.119998931884766,62.0099983215332,61.94903564453125,4558200,0.0,0.0
2026-04-28 00:00:00-04:00,62.18000030517578,62.229000091552734,61.18000030517578,61.77000045776367,61.70927429199219,3177600,0.0,0.0
2026-04-29 00:00:00-04:00,61.7400016784668,62.43000030517578,61.5,61.75,61.689292907714844,4766300,0.0,0.0
2026-04-30 00:00:00-04:00,62.11000061035156,62.80500030517578,57.79999923706055,59.790000915527344,59.73122024536133,7359400,0.0,0.0
2026-05-01 00:00:00-04:00,60.689998626708984,60.849998474121094,58.494998931884766,59.029998779296875,58.97196578979492,3258100,0.0,0.0
2026-05-04 00:00:00-04:00,59.189998626708984,61.154998779296875,59.189998626708984,60.08000183105469,60.02093505859375,3166700,0.0,0.0
2026-05-05 00:00:00-04:00,60.40999984741211,61.08000183105469,60.06800079345703,60.689998626708984,60.630332946777344,2411400,0.0,0.0
2026-05-06 00:00:00-04:00,61.20000076293945,61.5,59.880001068115234,60.400001525878906,60.34062194824219,4219400,0.0,0.0
2026-05-07 00:00:00-04:00,60.709999084472656,61.150001525878906,59.959999084472656,60.900001525878906,60.84012985229492,2809900,0.0,0.0
2026-05-08 00:00:00-04:00,60.880001068115234,61.1150016784668,60.34000015258789,60.43000030517578,60.37059020996094,2769500,0.0,0.0
2026-05-11 00:00:00-04:00,61.189998626708984,61.56999969482422,60.13999938964844,60.310001373291016,60.250709533691406,2548100,0.0,0.0
2026-05-12 00:00:00-04:00,60.59000015258789,60.66999816894531,59.459999084472656,60.27000045776367,60.21074676513672,2263000,0.0,0.0
2026-05-13 00:00:00-04:00,60.150001525878906,60.52000045776367,59.04999923706055,59.41999816894531,59.36157989501953,2678200,0.0,0.0
2026-05-14 00:00:00-04:00,59.810001373291016,60.099998474121094,58.400001525878906,58.91999816894531,58.8620719909668,3450000,0.0,0.0
2026-05-15 00:00:00-04:00,58.84000015258789,59.494998931884766,58.70000076293945,58.720001220703125,58.66227340698242,2908200,0.0,0.0
2026-05-18 00:00:00-04:00,58.939998626708984,59.53499984741211,58.71500015258789,59.0099983215332,58.95198440551758,2340400,0.0,0.0
2026-05-19 00:00:00-04:00,59.0099983215332,59.51499938964844,58.189998626708984,58.20000076293945,58.142784118652344,2744200,0.0,0.0
2026-05-20 00:00:00-04:00,58.130001068115234,59.15999984741211,57.380001068115234,59.029998779296875,58.97196578979492,3489500,0.0,0.0
2026-05-21 00:00:00-04:00,58.779998779296875,59.520999908447266,57.75,59.02000045776367,58.96197509765625,2372900,0.0,0.0
2026-05-22 00:00:00-04:00,58.86000061035156,59.45500183105469,58.58000183105469,59.130001068115234,59.071868896484375,2052200,0.0,0.0
2026-05-26 00:00:00-04:00,59.220001220703125,60.33000183105469,58.57500076293945,60.31999969482422,60.26069641113281,2452500,0.0,0.0
2026-05-27 00:00:00-04:00,60.459999084472656,60.67499923706055,59.779998779296875,59.90999984741211,59.85110092163086,1839800,0.0,0.0
2026-05-28 00:00:00-04:00,59.599998474121094,59.599998474121094,58.43000030517578,59.16999816894531,59.1118278503418,3138600,0.0,0.0
2026-05-29 00:00:00-04:00,58.54999923706055,59.470001220703125,58.17499923706055,58.31999969482422,58.262664794921875,7965900,0.0,0.0
2026-06-01 00:00:00-04:00,58.11000061035156,59.209999084472656,57.880001068115234,58.720001220703125,58.66227340698242,5553500,0.0,0.0
2026-06-02 00:00:00-04:00,58.7400016784668,60.31999969482422,58.630001068115234,60.15999984741211,60.10085678100586,5343000,0.0,0.0
2026-06-03 00:00:00-04:00,60.220001220703125,61.2400016784668,60.060001373291016,60.599998474121094,60.54042053222656,3336700,0.0,0.0
2026-06-04 00:00:00-04:00,61.119998931884766,61.709999084472656,60.459999084472656,61.470001220703125,61.409568786621094,3340200,0.0,0.0
2026-06-05 00:00:00-04:00,61.630001068115234,61.75,60.95000076293945,61.279998779296875,61.21975326538086,2328300,0.0,0.0
2026-06-08 00:00:00-04:00,60.70000076293945,61.439998626708984,60.439998626708984,61.15999984741211,61.09987258911133,3014800,0.0,0.0
2026-06-09 00:00:00-04:00,61.599998474121094,62.83000183105469,61.130001068115234,62.779998779296875,62.71827697753906,4161000,0.0,0.0
2026-06-10 00:00:00-04:00,62.59000015258789,63.400001525878906,59.972999572753906,60.060001373291016,60.000953674316406,3104500,0.0,0.0
2026-06-11 00:00:00-04:00,60.290000915527344,60.5,58.72999954223633,59.84000015258789,59.78116989135742,2940500,0.0,0.0
2026-06-12 00:00:00-04:00,59.630001068115234,60.80500030517578,59.6150016784668,60.13999938964844,60.080875396728516,2171900,0.0,0.0
2026-06-15 00:00:00-04:00,60.939998626708984,61.15999984741211,59.66999816894531,60.279998779296875,60.22073745727539,3108200,0.0,0.0
2026-06-16 00:00:00-04:00,60.529998779296875,61.52000045776367,60.0,61.43000030517578,61.369606018066406,2653400,0.0,0.0
2026-06-17 00:00:00-04:00,61.310001373291016,63.0,60.619998931884766,60.68000030517578,60.62034606933594,3440300,0.0,0.0
2026-06-18 00:00:00-04:00,61.400001525878906,61.400001525878906,60.38999938964844,61.029998779296875,60.96999740600586,5619600,0.0,0.0
2026-06-22 00:00:00-04:00,61.060001373291016,62.095001220703125,60.68199920654297,61.66999816894531,61.66999816894531,2562800,0.06,0.0
2026-06-23 00:00:00-04:00,61.16999816894531,61.310001373291016,60.099998474121094,60.34000015258789,60.34000015258789,1882900,0.0,0.0
2026-06-24 00:00:00-04:00,60.939998626708984,61.09000015258789,59.72999954223633,60.38999938964844,60.38999938964844,3329500,0.0,0.0
2026-06-25 00:00:00-04:00,60.900001525878906,61.98500061035156,60.667999267578125,61.72999954223633,61.72999954223633,2595900,0.0,0.0
2026-06-26 00:00:00-04:00,61.630001068115234,61.72999954223633,61.0099983215332,61.47999954223633,61.47999954223633,3560300,0.0,0.0
2026-06-29 00:00:00-04:00,61.130001068115234,61.40999984741211,60.189998626708984,60.66999816894531,60.66999816894531,1937800,0.0,0.0
2026-06-30 00:00:00-04:00,60.43000030517578,61.345001220703125,60.119998931884766,61.09000015258789,61.09000015258789,2851300,0.0,0.0
2026-07-01 00:00:00-04:00,61.18000030517578,62.400001525878906,60.81999969482422,61.79999923706055,61.79999923706055,2231200,0.0,0.0
2026-07-02 00:00:00-04:00,62.08000183105469,62.75,61.720001220703125,62.650001525878906,62.650001525878906,3354700,0.0,0.0
2026-07-06 00:00:00-04:00,62.540000915527344,64.33499908447266,62.18000030517578,63.599998474121094,63.599998474121094,3335100,0.0,0.0
2026-07-07 00:00:00-04:00,63.630001068115234,63.66999816894531,62.31999969482422,62.54999923706055,62.54999923706055,2079600,0.0,0.0
2026-07-08 00:00:00-04:00,61.91999816894531,62.0,60.84000015258789,61.27000045776367,61.27000045776367,1867000,0.0,0.0
2026-07-09 00:00:00-04:00,61.43000030517578,61.65999984741211,60.849998474121094,61.150001525878906,61.150001525878906,2462200,0.0,0.0
2026-07-10 00:00:00-04:00,61.16999816894531,62.505001068115234,61.16999816894531,62.20000076293945,62.20000076293945,1544200,0.0,0.0
2026-07-13 00:00:00-04:00,62.349998474121094,62.869998931884766,61.900001525878906,62.310001373291016,62.310001373291016,2209400,0.0,0.0
2026-07-14 00:00:00-04:00,62.45000076293945,62.52000045776367,60.45000076293945,60.68000030517578,60.68000030517578,3002400,0.0,0.0
2026-07-15 00:00:00-04:00,60.41999816894531,61.380001068115234,60.138999938964844,60.52000045776367,60.52000045776367,2234300,0.0,0.0
2026-07-16 00:00:00-04:00,60.68000030517578,62.505001068115234,60.529998779296875,62.45000076293945,62.45000076293945,1969700,0.0,0.0
2026-07-17 00:00:00-04:00,62.0,63.060001373291016,61.59000015258789,61.779998779296875,61.779998779296875,2804200,0.0,0.0
2026-07-20 00:00:00-04:00,61.70000076293945,61.70000076293945,60.88999938964844,60.9900016784668,60.9900016784668,1807600,0.0,0.0
2026-07-21 00:00:00-04:00,61.20000076293945,61.540000915527344,60.54999923706055,60.66999816894531,60.66999816894531,2496400,0.0,0.0
2026-07-22 00:00:00-04:00,60.66999816894531,60.97999954223633,60.0,60.25,60.25,2276100,0.0,0.0
2026-07-23 00:00:00-04:00,59.459999084472656,61.029998779296875,58.27000045776367,60.619998931884766,60.619998931884766,3673100,0.0,0.0
2026-07-24 00:00:00-04:00,60.880001068115234,62.5,60.564998626708984,62.310001373291016,62.310001373291016,2757800,0.0,0.0
2026-07-27 00:00:00-04:00,62.5,63.119998931884766,62.18000030517578,62.91999816894531,62.91999816894531,2472400,0.0,0.0
2026-07-28 00:00:00-04:00,63.5,64.55999755859375,63.17499923706055,64.08999633789062,64.08999633789062,4220100,0.0,0.0
2026-07-29 00:00:00-04:00,62.25,62.75,58.220001220703125,59.540000915527344,59.540000915527344,6906700,0.0,0.0
2026-07-30 00:00:00-04:00,59.959999084472656,60.04999923706055,57.47999954223633,58.47999954223633,58.47999954223633,4602200,0.0,0.0
2026-07-31 00:00:00-04:00,58.15999984741211,59.40999984741211,57.61000061035156,59.209999084472656,59.209999084472656,3560300,0.0,0.0
2026-08-03 00:00:00-04:00,59.2400016784668,60.15999984741211,59.130001068115234,59.459999084472656,59.459999084472656,2937400,0.0,0.0
2026-08-04 00:00:00-04:00,59.63999938964844,60.70000076293945,59.220001220703125,60.5099983215332,60.5099983215332,3078300,0.0,0.0
2026-08-05 00:00:00-04:00,60.63999938964844,61.560001373291016,60.185001373291016,61.34000015258789,61.34000015258789,2572500,0.0,0.0
2026-08-06 00:00:00-04:00,61.5,61.95000076293945,60.79999923706055,60.869998931884766,60.869998931884766,2275100,0.0,0.0
2026-08-07 00:00:00-04:00,60.66999816894531,62.16999816894531,60.415000915527344,61.709999084472656,61.709999084472656,2503000,0.0,0.0
2026-08-10 00:00:00-04:00,62.06999969482422,62.06999969482422,61.025001525878906,61.75,61.75,2021100,0.0,0.0
2026-08-11 00:00:00-04:00,61.689998626708984,62.625,61.630001068115234,61.68000030517578,61.68000030517578,1625600,0.0,0.0
2026-08-12 00:00:00-04:00,61.470001220703125,61.68000030517578,60.875,61.540000915527344,61.540000915527344,1397100,0.0,0.0
2026-08-13 00:00:00-04:00,61.88999938964844,61.92499923706055,60.880001068115234,61.810001373291016,61.810001373291016,1967700,0.0,0.0
2026-08-14 00:00:00-04:00,61.689998626708984,61.849998474121094,61.43000030517578,61.619998931884766,61.619998931884766,1717900,0.0,0.0
