Date,Open,High,Low,Close,Adj Close,Volume,Dividends,Stock Splits
2015-01-02 00:00:00-05:00,84.61000061035156,85.45999908447266,82.33999633789062,83.22000122070312,74.54893493652344,576900,0.0,0.0
2015-01-05 00:00:00-05:00,82.58999633789062,82.69000244140625,81.26000213623047,81.8499984741211,73.32169342041016,718900,0.0,0.0
2015-01-06 00:00:00-05:00,82.23999786376953,82.30999755859375,79.70999908447266,80.44000244140625,72.05862426757812,1233900,0.0,0.0
2015-01-07 00:00:00-05:00,81.0,81.06999969482422,79.83000183105469,80.30999755859375,71.942138671875,760200,0.0,0.0
2015-01-08 00:00:00-05:00,80.6500015258789,81.44000244140625,80.29000091552734,81.26000213623047,72.79317474365234,731400,0.0,0.0
2015-01-09 00:00:00-05:00,81.63999938964844,81.69999694824219,80.61000061035156,80.80999755859375,72.39007568359375,461400,0.0,0.0
2015-01-12 00:00:00-05:00,80.66999816894531,81.01000213623047,79.80000305175781,79.87000274658203,71.54800415039062,764500,0.0,0.0
2015-01-13 00:00:00-05:00,80.23999786376953,80.69999694824219,79.52999877929688,80.08000183105469,71.73611450195312,738300,0.0,0.0
2015-01-14 00:00:00-05:00,78.2699966430664,78.66999816894531,77.5,78.41000366210938,70.24015045166016,1472300,0.0,0.0
2015-01-15 00:00:00-05:00,78.77999877929688,79.0,77.93000030517578,78.27999877929688,70.12364959716797,602900,0.0,0.0
2015-01-16 00:00:00-05:00,78.31999969482422,79.87999725341797,78.08999633789062,79.81999969482422,71.50321197509766,868100,0.0,0.0
2015-01-20 00:00:00-05:00,80.33999633789062,81.7699966430664,79.81999969482422,81.4800033569336,72.99026489257812,1019100,0.0,0.0
2015-01-21 00:00:00-05:00,81.0999984741211,82.0999984741211,80.88999938964844,82.04000091552734,73.49193572998047,1361400,0.0,0.0
2015-01-22 00:00:00-05:00,83.0999984741211,85.31999969482422,82.75,84.2300033569336,75.45372772216797,1355900,0.0,0.0
2015-01-23 00:00:00-05:00,82.94000244140625,83.9000015258789,82.81999969482422,83.0199966430664,74.36976623535156,856000,0.0,0.0
2015-01-26 00:00:00-05:00,83.19000244140625,83.80999755859375,82.25,82.73999786376953,74.11897277832031,832400,0.0,0.0
2015-01-27 00:00:00-05:00,81.75,82.33999633789062,81.0999984741211,81.66999816894531,73.16045379638672,777300,0.0,0.0
2015-01-28 00:00:00-05:00,82.19000244140625,82.54000091552734,80.2699966430664,80.5,72.11236572265625,523300,0.0,0.0
2015-01-29 00:00:00-05:00,80.5,80.51000213623047,79.54000091552734,80.1500015258789,71.79882049560547,745700,0.0,0.0
2015-01-30 00:00:00-05:00,79.69000244140625,80.37999725341797,79.55999755859375,79.61000061035156,71.31505584716797,760300,0.0,0.0
2015-02-02 00:00:00-05:00,80.0,81.25,79.52999877929688,81.22000122070312,72.7573471069336,759700,0.0,0.0
2015-02-03 00:00:00-05:00,81.25,82.0199966430664,80.94999694824219,82.0,73.4560775756836,799200,0.0,0.0
2015-02-04 00:00:00-05:00,81.94999694824219,82.58000183105469,81.4000015258789,82.0,73.4560775756836,820900,0.0,0.0
2015-02-05 00:00:00-05:00,82.44999694824219,83.38999938964844,82.08000183105469,83.18000030517578,74.51313018798828,811800,0.0,0.0
2015-02-06 00:00:00-05:00,83.11000061035156,83.38999938964844,81.58999633789062,82.02999877929688,73.48296356201172,601400,0.0,0.0
2015-02-09 00:00:00-05:00,81.58999633789062,82.12000274658203,80.76000213623047,81.16999816894531,72.71257019042969,608800,0.0,0.0
2015-02-10 00:00:00-05:00,81.5,81.79000091552734,80.6500015258789,81.11000061035156,72.8472671508789,483700,0.21,0.0
2015-02-11 00:00:00-05:00,81.11000061035156,81.83000183105469,80.91999816894531,81.0,72.74848937988281,665500,0.0,0.0
2015-02-12 00:00:00-05:00,81.1500015258789,82.1500015258789,81.12999725341797,81.79000091552734,73.4579849243164,681000,0.0,0.0
2015-02-13 00:00:00-05:00,81.83999633789062,82.87999725341797,81.5,82.87999725341797,74.43694305419922,657500,0.0,0.0
2015-02-17 00:00:00-05:00,82.81999969482422,83.5199966430664,82.70999908447266,83.23999786376953,74.76029205322266,670500,0.0,0.0
2015-02-18 00:00:00-05:00,82.93000030517578,83.4800033569336,82.4800033569336,83.13999938964844,74.67045593261719,645000,0.0,0.0
2015-02-19 00:00:00-05:00,82.80000305175781,83.87999725341797,82.61000061035156,82.9000015258789,74.45490264892578,455000,0.0,0.0
2015-02-20 00:00:00-05:00,82.95999908447266,85.19000244140625,82.05000305175781,85.1500015258789,76.4757308959961,849500,0.0,0.0
2015-02-23 00:00:00-05:00,84.94000244140625,85.83999633789062,84.83999633789062,85.80999755859375,77.06846618652344,663900,0.0,0.0
2015-02-24 00:00:00-05:00,85.94999694824219,86.36000061035156,85.58999633789062,86.30000305175781,77.50856018066406,479900,0.0,0.0
2015-02-25 00:00:00-05:00,86.1500015258789,86.63999938964844,85.93000030517578,86.02999877929688,77.26606750488281,394500,0.0,0.0
2015-02-26 00:00:00-05:00,86.0,86.8499984741211,85.5199966430664,86.0199966430664,77.25708770751953,434400,0.0,0.0
2015-02-27 00:00:00-05:00,86.0999984741211,86.22000122070312,85.5,85.5,76.79005432128906,537400,0.0,0.0
2015-03-02 00:00:00-05:00,85.26000213623047,86.41999816894531,85.26000213623047,85.56999969482422,76.85292053222656,510900,0.0,0.0
2015-03-03 00:00:00-05:00,85.0,85.44999694824219,84.4000015258789,84.80000305175781,76.16136932373047,454700,0.0,0.0
2015-03-04 00:00:00-05:00,84.43000030517578,84.4800033569336,83.6500015258789,83.87999725341797,75.33509063720703,543900,0.0,0.0
2015-03-05 00:00:00-05:00,83.93000030517578,84.44000244140625,83.5,84.41000366210938,75.81108856201172,517600,0.0,0.0
2015-03-06 00:00:00-05:00,84.48999786376953,85.06999969482422,84.05999755859375,84.56999969482422,75.95480346679688,602600,0.0,0.0
2015-03-09 00:00:00-04:00,84.56999969482422,84.86000061035156,84.0199966430664,84.52999877929688,75.91886901855469,632800,0.0,0.0
2015-03-10 00:00:00-04:00,83.81999969482422,84.4800033569336,82.9000015258789,83.7699966430664,75.23629760742188,632800,0.0,0.0
2015-03-11 00:00:00-04:00,84.6500015258789,86.87999725341797,83.9800033569336,86.80000305175781,77.95764923095703,1209800,0.0,0.0
2015-03-12 00:00:00-04:00,87.45999908447266,87.9000015258789,86.20999908447266,86.41000366210938,77.60736083984375,1202700,0.0,0.0
2015-03-13 00:00:00-04:00,86.41000366210938,86.9800033569336,85.88999938964844,86.76000213623047,77.92169952392578,801200,0.0,0.0
2015-03-16 00:00:00-04:00,87.29000091552734,89.3499984741211,86.62000274658203,89.30000305175781,80.20293426513672,1005200,0.0,0.0
2015-03-17 00:00:00-04:00,88.8499984741211,89.13999938964844,88.16999816894531,88.73999786376953,79.70000457763672,924700,0.0,0.0
2015-03-18 00:00:00-04:00,88.69000244140625,89.73999786376953,88.0999984741211,89.26000213623047,80.16703796386719,844600,0.0,0.0
2015-03-19 00:00:00-04:00,89.5199966430664,89.97000122070312,88.33000183105469,88.55000305175781,79.52935028076172,1410200,0.0,0.0
2015-03-20 00:00:00-04:00,89.02999877929688,90.45999908447266,88.75,90.01000213623047,80.84062957763672,1678400,0.0,0.0
2015-03-23 00:00:00-04:00,89.80000305175781,89.87999725341797,88.80000305175781,88.86000061035156,79.80780029296875,781300,0.0,0.0
2015-03-24 00:00:00-04:00,88.73999786376953,88.81999969482422,87.69000244140625,87.76000213623047,78.81982421875,636200,0.0,0.0
2015-03-25 00:00:00-04:00,87.95999908447266,87.95999908447266,85.61000061035156,85.66000366210938,76.93377685546875,860500,0.0,0.0
2015-03-26 00:00:00-04:00,85.41999816894531,85.86000061035156,84.76000213623047,85.38999938964844,76.69127655029297,1026000,0.0,0.0
2015-03-27 00:00:00-04:00,85.4800033569336,85.55999755859375,84.70999908447266,84.79000091552734,76.15238189697266,746400,0.0,0.0
2015-03-30 00:00:00-04:00,85.38999938964844,85.76000213623047,85.08999633789062,85.33000183105469,76.6373519897461,701500,0.0,0.0
2015-03-31 00:00:00-04:00,84.87000274658203,85.54000091552734,84.87000274658203,85.4000015258789,76.70025634765625,515200,0.0,0.0
2015-04-01 00:00:00-04:00,85.45999908447266,85.66999816894531,83.9800033569336,85.23999786376953,76.55652618408203,628600,0.0,0.0
2015-04-02 00:00:00-04:00,85.45999908447266,85.80999755859375,84.12999725341797,84.16999816894531,75.59552764892578,672500,0.0,0.0
2015-04-06 00:00:00-04:00,83.75,85.68000030517578,83.56999969482422,84.7699966430664,76.13441467285156,987000,0.0,0.0
2015-04-07 00:00:00-04:00,84.72000122070312,85.27999877929688,84.62000274658203,84.69000244140625,76.06259155273438,694200,0.0,0.0
2015-04-08 00:00:00-04:00,84.97000122070312,86.18000030517578,84.73999786376953,86.16000366210938,77.3828125,746400,0.0,0.0
2015-04-09 00:00:00-04:00,85.91999816894531,86.58000183105469,85.83999633789062,86.44999694824219,77.64326477050781,788300,0.0,0.0
2015-04-10 00:00:00-04:00,86.77999877929688,87.7300033569336,86.55000305175781,87.66999816894531,78.73900604248047,661600,0.0,0.0
2015-04-13 00:00:00-04:00,87.94999694824219,88.18000030517578,87.5,87.7300033569336,78.79288482666016,1618800,0.0,0.0
2015-04-14 00:00:00-04:00,88.79000091552734,92.5,88.58000183105469,91.81999969482422,82.46621704101562,2465900,0.0,0.0
2015-04-15 00:00:00-04:00,92.44999694824219,93.5,91.54000091552734,91.69999694824219,82.35845184326172,1521200,0.0,0.0
2015-04-16 00:00:00-04:00,91.7699966430664,92.19999694824219,91.0199966430664,91.31999969482422,82.01717376708984,965000,0.0,0.0
2015-04-17 00:00:00-04:00,90.75,90.94000244140625,89.8499984741211,90.18000030517578,80.9932861328125,1108700,0.0,0.0
2015-04-20 00:00:00-04:00,92.20999908447266,92.27999877929688,90.83999633789062,91.5,82.17882537841797,1322300,0.0,0.0
2015-04-21 00:00:00-04:00,91.98999786376953,92.44000244140625,91.7699966430664,92.0,82.62789916992188,586500,0.0,0.0
2015-04-22 00:00:00-04:00,92.38999938964844,92.38999938964844,91.2300033569336,91.77999877929688,82.43030548095703,643400,0.0,0.0
2015-04-23 00:00:00-04:00,91.75,92.1500015258789,91.16000366210938,91.47000122070312,82.1518783569336,798900,0.0,0.0
2015-04-24 00:00:00-04:00,91.75,91.75,90.75,90.93000030517578,81.66691589355469,729800,0.0,0.0
2015-04-27 00:00:00-04:00,90.94999694824219,91.0,89.12000274658203,89.26000213623047,80.16703796386719,961200,0.0,0.0
2015-04-28 00:00:00-04:00,88.80999755859375,89.86000061035156,88.41999816894531,89.12999725341797,80.05026245117188,977400,0.0,0.0
2015-04-29 00:00:00-04:00,89.08000183105469,89.08000183105469,87.79000091552734,87.80000305175781,78.85575103759766,570500,0.0,0.0
2015-04-30 00:00:00-04:00,87.58000183105469,88.2699966430664,86.86000061035156,87.19999694824219,78.31684875488281,743400,0.0,0.0
2015-05-01 00:00:00-04:00,87.5199966430664,88.41999816894531,87.43000030517578,88.12999725341797,79.1521224975586,680400,0.0,0.0
2015-05-04 00:00:00-04:00,88.25,89.38999938964844,88.20999908447266,88.29000091552734,79.29583740234375,654500,0.0,0.0
2015-05-05 00:00:00-04:00,88.1500015258789,88.3499984741211,86.94000244140625,87.11000061035156,78.23604583740234,477200,0.0,0.0
2015-05-06 00:00:00-04:00,87.30000305175781,87.75,86.69000244140625,87.20999908447266,78.51514434814453,829700,0.21,0.0
2015-05-07 00:00:00-04:00,87.0199966430664,87.87999725341797,86.87999725341797,87.30999755859375,78.60515594482422,717800,0.0,0.0
2015-05-08 00:00:00-04:00,87.98999786376953,88.62000274658203,87.41000366210938,87.43000030517578,78.71318054199219,651300,0.0,0.0
2015-05-11 00:00:00-04:00,87.51000213623047,88.05000305175781,87.25,87.4000015258789,78.68617248535156,680800,0.0,0.0
2015-05-12 00:00:00-04:00,87.05000305175781,87.38999938964844,86.18000030517578,86.3499984741211,77.74085998535156,1027300,0.0,0.0
2015-05-13 00:00:00-04:00,86.37000274658203,86.72000122070312,85.52999877929688,85.81999969482422,77.26373291015625,822800,0.0,0.0
2015-05-14 00:00:00-04:00,87.19999694824219,88.38999938964844,86.68000030517578,87.75,79.00130462646484,1023800,0.0,0.0
2015-05-15 00:00:00-04:00,87.8499984741211,88.6500015258789,87.55000305175781,88.62999725341797,79.7935562133789,687700,0.0,0.0
2015-05-18 00:00:00-04:00,88.4000015258789,89.05999755859375,88.12999725341797,88.97000122070312,80.09968566894531,417100,0.0,0.0
2015-05-19 00:00:00-04:00,89.18000030517578,89.27999877929688,88.41999816894531,88.55000305175781,79.72151947021484,386400,0.0,0.0
2015-05-20 00:00:00-04:00,88.44000244140625,88.68000030517578,86.7300033569336,86.7699966430664,78.1190185546875,796300,0.0,0.0
2015-05-21 00:00:00-04:00,86.62999725341797,86.70999908447266,85.81999969482422,86.4800033569336,77.8579330444336,788000,0.0,0.0
2015-05-22 00:00:00-04:00,86.20999908447266,86.44000244140625,85.0999984741211,85.23999786376953,76.74154663085938,639800,0.0,0.0
2015-05-26 00:00:00-04:00,84.88999938964844,85.19000244140625,84.1500015258789,84.7300033569336,76.28240966796875,888500,0.0,0.0
2015-05-27 00:00:00-04:00,84.75,85.55000305175781,84.3499984741211,85.31999969482422,76.81358337402344,620200,0.0,0.0
2015-05-28 00:00:00-04:00,85.41000366210938,85.61000061035156,84.08999633789062,84.58999633789062,76.1563491821289,533700,0.0,0.0
2015-05-29 00:00:00-04:00,83.62999725341797,84.16999816894531,82.91000366210938,84.0199966430664,75.6431884765625,1817600,0.0,0.0
2015-06-01 00:00:00-04:00,84.16000366210938,84.4800033569336,83.16000366210938,83.6500015258789,75.31006622314453,829100,0.0,0.0
2015-06-02 00:00:00-04:00,83.48999786376953,84.9000015258789,83.36000061035156,84.66000366210938,76.21936798095703,898600,0.0,0.0
2015-06-03 00:00:00-04:00,84.88999938964844,86.19999694824219,84.54000091552734,85.5199966430664,76.99361419677734,792300,0.0,0.0
2015-06-04 00:00:00-04:00,85.5,85.9000015258789,84.9800033569336,85.44999694824219,76.93062591552734,728500,0.0,0.0
2015-06-05 00:00:00-04:00,85.27999877929688,86.33999633789062,85.16000366210938,86.06999969482422,77.48881530761719,535500,0.0,0.0
2015-06-08 00:00:00-04:00,85.80000305175781,86.12999725341797,84.80000305175781,84.80000305175781,76.34542083740234,439300,0.0,0.0
2015-06-09 00:00:00-04:00,85.08999633789062,85.55999755859375,84.68000030517578,84.8499984741211,76.39041137695312,476800,0.0,0.0
2015-06-10 00:00:00-04:00,86.05999755859375,86.77999877929688,85.73999786376953,86.18000030517578,77.58782958984375,717100,0.0,0.0
2015-06-11 00:00:00-04:00,86.22000122070312,87.48999786376953,86.0999984741211,86.93000030517578,78.26305389404297,898700,0.0,0.0
2015-06-12 00:00:00-04:00,86.5,86.58999633789062,85.66000366210938,86.26000213623047,77.65985107421875,640000,0.0,0.0
2015-06-15 00:00:00-04:00,85.83000183105469,85.83000183105469,84.81999969482422,85.44000244140625,76.92161560058594,414800,0.0,0.0
2015-06-16 00:00:00-04:00,85.16000366210938,85.62000274658203,84.83000183105469,85.31999969482422,76.81358337402344,392100,0.0,0.0
2015-06-17 00:00:00-04:00,85.47000122070312,85.47000122070312,84.87999725341797,85.20999908447266,76.71453094482422,595700,0.0,0.0
2015-06-18 00:00:00-04:00,85.33000183105469,86.69999694824219,84.94000244140625,86.31999969482422,77.71385955810547,459100,0.0,0.0
2015-06-19 00:00:00-04:00,86.55000305175781,87.87999725341797,86.06999969482422,87.05999755859375,78.38008880615234,774900,0.0,0.0
2015-06-22 00:00:00-04:00,87.37000274658203,88.04000091552734,86.79000091552734,87.62000274658203,78.88426971435547,536700,0.0,0.0
2015-06-23 00:00:00-04:00,87.4000015258789,87.62999725341797,87.08000183105469,87.58999633789062,78.85725402832031,583200,0.0,0.0
2015-06-24 00:00:00-04:00,87.47000122070312,87.61000061035156,84.12000274658203,84.97000122070312,76.49848175048828,1314600,0.0,0.0
2015-06-25 00:00:00-04:00,85.0,85.36000061035156,83.83000183105469,83.91999816894531,75.55313110351562,1066300,0.0,0.0
2015-06-26 00:00:00-04:00,84.08000183105469,84.25,83.7300033569336,83.81999969482422,75.46312713623047,689600,0.0,0.0
2015-06-29 00:00:00-04:00,83.5999984741211,85.16999816894531,82.95999908447266,83.05000305175781,74.7698974609375,2434800,0.0,0.0
2015-06-30 00:00:00-04:00,83.87999725341797,84.2300033569336,82.05999755859375,82.08999633789062,73.90559387207031,19062300,0.0,0.0
2015-07-01 00:00:00-04:00,82.48999786376953,83.55000305175781,82.26000213623047,82.87000274658203,74.60784912109375,1750500,0.0,0.0
2015-07-02 00:00:00-04:00,82.91000366210938,83.33999633789062,81.9000015258789,82.11000061035156,73.92362213134766,1104600,0.0,0.0
2015-07-06 00:00:00-04:00,81.62000274658203,83.08000183105469,81.2300033569336,82.0199966430664,73.84258270263672,789500,0.0,0.0
2015-07-07 00:00:00-04:00,81.94000244140625,83.5199966430664,81.81999969482422,83.45999908447266,75.13902282714844,1119000,0.0,0.0
2015-07-08 00:00:00-04:00,82.97000122070312,83.12000274658203,81.83999633789062,82.25,74.0496597290039,1119600,0.0,0.0
2015-07-09 00:00:00-04:00,84.0,84.69999694824219,83.6500015258789,84.0199966430664,75.6431884765625,1316300,0.0,0.0
2015-07-10 00:00:00-04:00,84.33999633789062,85.05999755859375,84.0,84.62000274658203,76.18336486816406,904200,0.0,0.0
2015-07-13 00:00:00-04:00,85.2300033569336,85.97000122070312,84.75,85.75,77.2007064819336,1010500,0.0,0.0
2015-07-14 00:00:00-04:00,85.75,85.9800033569336,84.93000030517578,85.16000366210938,76.66951751708984,688200,0.0,0.0
2015-07-15 00:00:00-04:00,85.1500015258789,85.47000122070312,84.18000030517578,84.5999984741211,76.16535186767578,766400,0.0,0.0
2015-07-16 00:00:00-04:00,84.87999725341797,85.68000030517578,84.63999938964844,84.79000091552734,76.33642578125,1286500,0.0,0.0
2015-07-17 00:00:00-04:00,83.79000091552734,86.31999969482422,83.12999725341797,84.69000244140625,76.24640655517578,2274900,0.0,0.0
2015-07-20 00:00:00-04:00,84.62999725341797,85.0,83.52999877929688,83.61000061035156,75.2740478515625,1041500,0.0,0.0
2015-07-21 00:00:00-04:00,83.2300033569336,84.56999969482422,82.94000244140625,84.30999755859375,75.90426635742188,1859100,0.0,0.0
2015-07-22 00:00:00-04:00,84.1500015258789,84.52999877929688,83.19999694824219,83.37999725341797,75.06697845458984,1213000,0.0,0.0
2015-07-23 00:00:00-04:00,83.18000030517578,83.18000030517578,81.29000091552734,81.69000244140625,73.54549407958984,1994700,0.0,0.0
2015-07-24 00:00:00-04:00,81.91000366210938,82.44999694824219,81.66999816894531,82.22000122070312,74.02264404296875,1223400,0.0,0.0
2015-07-27 00:00:00-04:00,82.05999755859375,82.44000244140625,81.87000274658203,81.98999786376953,73.81555938720703,862300,0.0,0.0
2015-07-28 00:00:00-04:00,82.1500015258789,83.63999938964844,82.02999877929688,83.02999877929688,74.75189208984375,952800,0.0,0.0
2015-07-29 00:00:00-04:00,82.54000091552734,84.27999877929688,82.36000061035156,84.1500015258789,75.95233154296875,828500,0.21,0.0
2015-07-30 00:00:00-04:00,83.30000305175781,84.44999694824219,83.06999969482422,84.44999694824219,76.22309112548828,581300,0.0,0.0
2015-07-31 00:00:00-04:00,84.44000244140625,84.91999816894531,83.94000244140625,84.12000274658203,75.92526245117188,666200,0.0,0.0
2015-08-03 00:00:00-04:00,84.29000091552734,84.81999969482422,83.8499984741211,84.41000366210938,76.18700408935547,558000,0.0,0.0
2015-08-04 00:00:00-04:00,84.06999969482422,84.86000061035156,83.88999938964844,84.52999877929688,76.29531860351562,590900,0.0,0.0
2015-08-05 00:00:00-04:00,84.83000183105469,85.75,84.22000122070312,84.23999786376953,76.03353118896484,598600,0.0,0.0
2015-08-06 00:00:00-04:00,83.70999908447266,83.86000061035156,81.75,82.1500015258789,74.14715576171875,934900,0.0,0.0
2015-08-07 00:00:00-04:00,82.04000091552734,82.19999694824219,79.91999816894531,80.36000061035156,72.53153228759766,1651500,0.0,0.0
2015-08-10 00:00:00-04:00,81.04000091552734,81.19999694824219,80.16000366210938,80.54000091552734,72.69401550292969,1032800,0.0,0.0
2015-08-11 00:00:00-04:00,80.25,81.20999908447266,79.97000122070312,80.45999908447266,72.62179565429688,1670400,0.0,0.0
2015-08-12 00:00:00-04:00,79.83000183105469,80.58000183105469,79.11000061035156,80.41999816894531,72.585693359375,1151900,0.0,0.0
2015-08-13 00:00:00-04:00,80.45999908447266,80.7300033569336,79.8499984741211,80.08000183105469,72.27879333496094,679100,0.0,0.0
2015-08-14 00:00:00-04:00,80.25,80.5,79.69000244140625,80.3499984741211,72.52250671386719,756800,0.0,0.0
2015-08-17 00:00:00-04:00,80.37000274658203,80.47000122070312,79.58000183105469,80.1500015258789,72.34201049804688,520100,0.0,0.0
2015-08-18 00:00:00-04:00,80.1500015258789,80.5199966430664,79.63999938964844,79.94999694824219,72.16144561767578,730600,0.0,0.0
2015-08-19 00:00:00-04:00,79.41000366210938,79.94999694824219,78.70999908447266,79.47000122070312,71.72823333740234,1198700,0.0,0.0
2015-08-20 00:00:00-04:00,79.05000305175781,79.58999633789062,78.05000305175781,78.06999969482422,70.46460723876953,878900,0.0,0.0
2015-08-21 00:00:00-04:00,77.08999633789062,77.6500015258789,76.06999969482422,76.18000030517578,68.75874328613281,1434900,0.0,0.0
2015-08-24 00:00:00-04:00,73.2699966430664,76.31999969482422,71.4800033569336,74.7300033569336,67.44999694824219,1847900,0.0,0.0
2015-08-25 00:00:00-04:00,76.12000274658203,76.38999938964844,72.2699966430664,72.33999633789062,65.29283905029297,1886400,0.0,0.0
2015-08-26 00:00:00-04:00,73.93000030517578,74.0199966430664,71.73999786376953,72.87000274658203,65.77119445800781,2087900,0.0,0.0
2015-08-27 00:00:00-04:00,73.37000274658203,73.98999786376953,72.62000274658203,73.51000213623047,66.34883117675781,1375900,0.0,0.0
2015-08-28 00:00:00-04:00,73.41999816894531,74.02999877929688,73.23999786376953,73.51000213623047,66.34883117675781,793200,0.0,0.0
2015-08-31 00:00:00-04:00,73.2300033569336,73.55000305175781,72.69000244140625,72.77999877929688,65.6899642944336,987700,0.0,0.0
2015-09-01 00:00:00-04:00,71.91999816894531,72.30999755859375,70.91999816894531,71.5199966430664,64.5527114868164,1264400,0.0,0.0
2015-09-02 00:00:00-04:00,72.1500015258789,74.06999969482422,71.7699966430664,74.05000305175781,66.83621978759766,1661200,0.0,0.0
2015-09-03 00:00:00-04:00,74.41999816894531,75.69999694824219,74.04000091552734,75.3499984741211,68.00959014892578,1643800,0.0,0.0
2015-09-04 00:00:00-04:00,74.26000213623047,75.25,74.18000030517578,74.66999816894531,67.39584350585938,1534000,0.0,0.0
2015-09-08 00:00:00-04:00,75.77999877929688,76.7699966430664,75.54000091552734,76.63999938964844,69.17391967773438,774000,0.0,0.0
2015-09-09 00:00:00-04:00,76.66999816894531,77.12000274658203,75.2300033569336,75.58000183105469,68.21717834472656,1078300,0.0,0.0
2015-09-10 00:00:00-04:00,75.70999908447266,76.2699966430664,75.5199966430664,75.69999694824219,68.32548522949219,1006000,0.0,0.0
2015-09-11 00:00:00-04:00,76.45999908447266,77.0,75.83999633789062,76.55999755859375,69.1017074584961,1390000,0.0,0.0
2015-09-14 00:00:00-04:00,76.55999755859375,76.61000061035156,75.55999755859375,75.86000061035156,68.46991729736328,723600,0.0,0.0
2015-09-15 00:00:00-04:00,76.08999633789062,78.19999694824219,75.80999755859375,78.02999877929688,70.42851257324219,1289200,0.0,0.0
2015-09-16 00:00:00-04:00,77.80999755859375,78.70999908447266,77.54000091552734,78.48999786376953,70.84371185302734,988500,0.0,0.0
2015-09-17 00:00:00-04:00,78.37000274658203,78.93000030517578,77.87000274658203,78.0,70.40142822265625,711600,0.0,0.0
2015-09-18 00:00:00-04:00,77.19000244140625,78.37000274658203,76.76000213623047,77.31999969482422,69.78767395019531,873000,0.0,0.0
2015-09-21 00:00:00-04:00,77.4800033569336,78.4800033569336,77.1500015258789,77.66000366210938,70.09454345703125,616800,0.0,0.0
2015-09-22 00:00:00-04:00,76.88999938964844,76.98999786376953,75.41999816894531,75.66000366210938,68.28939819335938,865300,0.0,0.0
2015-09-23 00:00:00-04:00,75.52999877929688,75.7300033569336,74.87999725341797,75.37000274658203,68.02765655517578,565600,0.0,0.0
2015-09-24 00:00:00-04:00,74.73999786376953,74.94999694824219,73.3499984741211,73.54000091552734,66.37594604492188,821700,0.0,0.0
2015-09-25 00:00:00-04:00,74.06999969482422,74.44000244140625,73.4000015258789,73.7699966430664,66.58350372314453,766200,0.0,0.0
2015-09-28 00:00:00-04:00,73.54000091552734,73.80000305175781,71.73999786376953,71.81999969482422,64.8234634399414,1052900,0.0,0.0
2015-09-29 00:00:00-04:00,72.18000030517578,72.51000213623047,71.33000183105469,71.7699966430664,64.77837371826172,1025900,0.0,0.0
2015-09-30 00:00:00-04:00,72.1500015258789,72.4800033569336,70.91999816894531,71.4000015258789,64.44439697265625,944800,0.0,0.0
2015-10-01 00:00:00-04:00,71.25,71.80000305175781,71.08999633789062,71.77999877929688,64.7873764038086,844100,0.0,0.0
2015-10-02 00:00:00-04:00,71.01000213623047,72.5999984741211,70.58000183105469,72.5999984741211,65.52750396728516,943400,0.0,0.0
2015-10-05 00:00:00-04:00,72.97000122070312,73.5999984741211,72.33999633789062,73.23999786376953,66.1051254272461,1135300,0.0,0.0
2015-10-06 00:00:00-04:00,73.23999786376953,73.70999908447266,72.97000122070312,73.6500015258789,66.47520446777344,612700,0.0,0.0
2015-10-07 00:00:00-04:00,73.7699966430664,74.66000366210938,73.63999938964844,74.41000366210938,67.16117858886719,755800,0.0,0.0
2015-10-08 00:00:00-04:00,74.04000091552734,75.51000213623047,74.04000091552734,75.3499984741211,68.00959014892578,870500,0.0,0.0
2015-10-09 00:00:00-04:00,75.62999725341797,76.36000061035156,75.31999969482422,76.0999984741211,68.6865234375,1162100,0.0,0.0
2015-10-12 00:00:00-04:00,76.0999984741211,76.22000122070312,74.79000091552734,75.72000122070312,68.34355163574219,1178300,0.0,0.0
2015-10-13 00:00:00-04:00,74.93000030517578,75.20999908447266,72.5999984741211,72.72000122070312,65.63578796386719,1752800,0.0,0.0
2015-10-14 00:00:00-04:00,73.0,75.93000030517578,72.16999816894531,75.08999633789062,67.77491760253906,2423500,0.0,0.0
2015-10-15 00:00:00-04:00,75.45999908447266,75.45999908447266,74.18000030517578,74.91999816894531,67.62149047851562,1024300,0.0,0.0
2015-10-16 00:00:00-04:00,75.27999877929688,75.98999786376953,74.37000274658203,75.33999633789062,68.00057983398438,903000,0.0,0.0
2015-10-19 00:00:00-04:00,75.36000061035156,76.48999786376953,75.08999633789062,76.0999984741211,68.6865234375,1066800,0.0,0.0
2015-10-20 00:00:00-04:00,76.19999694824219,77.0199966430664,76.08999633789062,76.91999816894531,69.42665100097656,765600,0.0,0.0
2015-10-21 00:00:00-04:00,77.4000015258789,78.02999877929688,76.95999908447266,77.16000366210938,69.64327239990234,696200,0.0,0.0
2015-10-22 00:00:00-04:00,77.30999755859375,77.41999816894531,76.5199966430664,76.9800033569336,69.4808349609375,749400,0.0,0.0
2015-10-23 00:00:00-04:00,78.12000274658203,78.5199966430664,76.94000244140625,78.4800033569336,70.8346939086914,1164200,0.0,0.0
2015-10-26 00:00:00-04:00,78.30000305175781,78.44000244140625,77.62999725341797,77.9000015258789,70.31119537353516,603800,0.0,0.0
2015-10-27 00:00:00-04:00,77.11000061035156,77.44000244140625,75.29000091552734,75.69999694824219,68.32548522949219,1212900,0.0,0.0
2015-10-28 00:00:00-04:00,76.06999969482422,76.5199966430664,74.61000061035156,75.9000015258789,68.50601196289062,1174000,0.0,0.0
2015-10-29 00:00:00-04:00,75.69000244140625,77.76000213623047,75.5199966430664,76.97000122070312,69.47176361083984,887900,0.0,0.0
2015-10-30 00:00:00-04:00,76.88999938964844,77.41000366210938,76.2699966430664,76.37000274658203,68.93022918701172,630500,0.0,0.0
2015-11-02 00:00:00-05:00,76.45999908447266,77.2300033569336,76.45999908447266,76.5999984741211,69.13780975341797,1065000,0.0,0.0
2015-11-03 00:00:00-05:00,76.30999755859375,76.66000366210938,75.80999755859375,75.91000366210938,68.51505279541016,959700,0.0,0.0
2015-11-04 00:00:00-05:00,75.9800033569336,75.9800033569336,74.94000244140625,75.43000030517578,68.27066040039062,639700,0.21,0.0
2015-11-05 00:00:00-05:00,75.5999984741211,76.01000213623047,74.73999786376953,74.91000366210938,67.80001831054688,611400,0.0,0.0
2015-11-06 00:00:00-05:00,74.55000305175781,76.62999725341797,74.41999816894531,76.58000183105469,69.31153106689453,1717300,0.0,0.0
2015-11-09 00:00:00-05:00,76.18000030517578,76.77999877929688,74.0,74.91000366210938,67.80001831054688,1323600,0.0,0.0
2015-11-10 00:00:00-05:00,75.9800033569336,77.16000366210938,74.5,75.58999633789062,68.41549682617188,1980700,0.0,0.0
2015-11-11 00:00:00-05:00,75.97000122070312,75.9800033569336,74.41999816894531,74.7300033569336,67.63711547851562,1115100,0.0,0.0
2015-11-12 00:00:00-05:00,74.33000183105469,74.80000305175781,73.9000015258789,74.08999633789062,67.057861328125,1016300,0.0,0.0
2015-11-13 00:00:00-05:00,74.05999755859375,74.7699966430664,73.70999908447266,74.1500015258789,67.11216735839844,962400,0.0,0.0
2015-11-16 00:00:00-05:00,73.81999969482422,75.1500015258789,73.31999969482422,75.08999633789062,67.96292114257812,854300,0.0,0.0
2015-11-17 00:00:00-05:00,75.12999725341797,76.55999755859375,74.69999694824219,75.88999938964844,68.68704223632812,742700,0.0,0.0
2015-11-18 00:00:00-05:00,76.1500015258789,77.55999755859375,75.04000091552734,77.54000091552734,70.18040466308594,998000,0.0,0.0
2015-11-19 00:00:00-05:00,77.58000183105469,78.22000122070312,77.04000091552734,77.5999984741211,70.23468780517578,634400,0.0,0.0
2015-11-20 00:00:00-05:00,77.9800033569336,78.4800033569336,75.68000030517578,77.47000122070312,70.11705780029297,500900,0.0,0.0
2015-11-23 00:00:00-05:00,77.16000366210938,77.73999786376953,76.94999694824219,77.26000213623047,69.92698669433594,456600,0.0,0.0
2015-11-24 00:00:00-05:00,76.69999694824219,77.55000305175781,76.45999908447266,77.3499984741211,70.00843811035156,439300,0.0,0.0
2015-11-25 00:00:00-05:00,77.66999816894531,78.16999816894531,76.91000366210938,78.06999969482422,70.66008758544922,475000,0.0,0.0
2015-11-27 00:00:00-05:00,77.94999694824219,79.13999938964844,77.83999633789062,79.0,71.50181579589844,309000,0.0,0.0
2015-11-30 00:00:00-05:00,79.25,79.62999725341797,78.12999725341797,78.23999786376953,70.81397247314453,1096100,0.0,0.0
2015-12-01 00:00:00-05:00,78.33999633789062,79.33000183105469,77.69999694824219,79.2300033569336,71.70999908447266,660400,0.0,0.0
2015-12-02 00:00:00-05:00,78.81999969482422,79.7300033569336,77.44000244140625,78.01000213623047,70.60577392578125,1240300,0.0,0.0
2015-12-03 00:00:00-05:00,77.98999786376953,78.02999877929688,76.41999816894531,77.01000213623047,69.70068359375,1468600,0.0,0.0
2015-12-04 00:00:00-05:00,76.83999633789062,78.51000213623047,76.16000366210938,77.62999725341797,70.2618408203125,1247200,0.0,0.0
2015-12-07 00:00:00-05:00,77.66000366210938,77.87999725341797,75.3499984741211,75.69999694824219,68.51502990722656,688600,0.0,0.0
2015-12-08 00:00:00-05:00,74.91000366210938,75.12000274658203,73.5199966430664,73.69999694824219,66.70487213134766,673100,0.0,0.0
2015-12-09 00:00:00-05:00,72.94000244140625,74.69000244140625,72.88999938964844,74.20999908447266,67.16645812988281,1105300,0.0,0.0
2015-12-10 00:00:00-05:00,73.9800033569336,74.80999755859375,73.52999877929688,73.79000091552734,66.78632354736328,869200,0.0,0.0
2015-12-11 00:00:00-05:00,73.02999877929688,73.63999938964844,72.69999694824219,73.16999816894531,66.22517395019531,723000,0.0,0.0
2015-12-14 00:00:00-05:00,73.47000122070312,73.62000274658203,72.26000213623047,73.55999755859375,66.57817840576172,649600,0.0,0.0
2015-12-15 00:00:00-05:00,74.05000305175781,74.73999786376953,72.80000305175781,72.95999908447266,66.03509521484375,1037000,0.0,0.0
2015-12-16 00:00:00-05:00,73.37999725341797,74.05999755859375,72.27999877929688,73.98999786376953,66.96733093261719,889100,0.0,0.0
2015-12-17 00:00:00-05:00,74.20999908447266,74.97000122070312,72.41999816894531,72.58000183105469,65.6911849975586,867800,0.0,0.0
2015-12-18 00:00:00-05:00,71.6500015258789,72.23999786376953,69.69000244140625,70.62000274658203,63.91718673706055,2639200,0.0,0.0
2015-12-21 00:00:00-05:00,70.73999786376953,71.7300033569336,70.62000274658203,71.06999969482422,64.32447814941406,725100,0.0,0.0
2015-12-22 00:00:00-05:00,71.4800033569336,72.26000213623047,70.91000366210938,72.16999816894531,65.320068359375,421600,0.0,0.0
2015-12-23 00:00:00-05:00,72.69999694824219,73.25,71.81999969482422,72.66999816894531,65.77262878417969,439300,0.0,0.0
2015-12-24 00:00:00-05:00,72.48999786376953,73.48999786376953,72.18000030517578,72.97000122070312,66.0441665649414,269900,0.0,0.0
2015-12-28 00:00:00-05:00,72.5999984741211,73.27999877929688,71.83000183105469,72.87999725341797,65.96270751953125,375300,0.0,0.0
2015-12-29 00:00:00-05:00,73.27999877929688,73.58000183105469,72.68000030517578,73.51000213623047,66.53289031982422,406600,0.0,0.0
2015-12-30 00:00:00-05:00,73.4000015258789,73.4000015258789,72.73999786376953,73.02999877929688,66.09844207763672,357100,0.0,0.0
2015-12-31 00:00:00-05:00,72.83000183105469,74.19999694824219,72.58999633789062,73.36000061035156,66.39714050292969,585400,0.0,0.0
2016-01-04 00:00:00-05:00,71.8499984741211,72.27999877929688,70.58000183105469,71.31999969482422,64.5507583618164,827400,0.0,0.0
2016-01-05 00:00:00-05:00,71.3499984741211,72.1500015258789,71.08000183105469,72.05999755859375,65.22052764892578,999300,0.0,0.0
2016-01-06 00:00:00-05:00,70.98999786376953,71.7300033569336,70.4800033569336,70.91999816894531,64.18872833251953,595300,0.0,0.0
2016-01-07 00:00:00-05:00,69.87000274658203,69.93000030517578,68.41999816894531,68.91999816894531,62.378562927246094,843300,0.0,0.0
2016-01-08 00:00:00-05:00,68.9800033569336,69.51000213623047,68.05000305175781,68.19000244140625,61.71784591674805,810800,0.0,0.0
2016-01-11 00:00:00-05:00,68.87000274658203,69.41999816894531,66.97000122070312,67.3499984741211,60.95757293701172,1358200,0.0,0.0
2016-01-12 00:00:00-05:00,69.08999633789062,70.41000366210938,67.36000061035156,67.70999908447266,61.28342056274414,1896300,0.0,0.0
2016-01-13 00:00:00-05:00,67.9000015258789,70.48999786376953,65.41000366210938,65.7300033569336,59.491329193115234,1430600,0.0,0.0
2016-01-14 00:00:00-05:00,66.25,66.75,64.5999984741211,65.55999755859375,59.33745193481445,2220000,0.0,0.0
2016-01-15 00:00:00-05:00,64.0199966430664,65.5199966430664,63.58000183105469,65.19000244140625,59.00259017944336,2041900,0.0,0.0
2016-01-19 00:00:00-05:00,66.02999877929688,66.26000213623047,64.54000091552734,65.2699966430664,59.074989318847656,1224100,0.0,0.0
2016-01-20 00:00:00-05:00,64.37000274658203,66.22000122070312,63.9900016784668,65.72000122070312,59.4822998046875,2022100,0.0,0.0
2016-01-21 00:00:00-05:00,67.98999786376953,68.62999725341797,66.01000213623047,66.98999786376953,60.63173294067383,2649300,0.0,0.0
2016-01-22 00:00:00-05:00,67.68000030517578,68.95999908447266,67.47000122070312,68.22000122070312,61.744998931884766,1689100,0.0,0.0
2016-01-25 00:00:00-05:00,68.69000244140625,69.87000274658203,68.0199966430664,68.83000183105469,62.297122955322266,1778600,0.0,0.0
2016-01-26 00:00:00-05:00,68.9000015258789,71.8499984741211,68.9000015258789,71.38999938964844,64.61414337158203,1655900,0.0,0.0
2016-01-27 00:00:00-05:00,71.4800033569336,72.29000091552734,69.58000183105469,69.97000122070312,63.32889938354492,1287700,0.0,0.0
2016-01-28 00:00:00-05:00,70.38999938964844,70.94000244140625,69.19000244140625,70.25,63.58230209350586,934600,0.0,0.0
2016-01-29 00:00:00-05:00,70.25,72.7300033569336,70.25,72.69999694824219,65.79979705810547,1539300,0.0,0.0
2016-02-01 00:00:00-05:00,72.05000305175781,73.44000244140625,71.9800033569336,73.30000305175781,66.34283447265625,1037400,0.0,0.0
2016-02-02 00:00:00-05:00,73.16000366210938,73.76000213623047,71.38999938964844,71.66000366210938,64.85850524902344,1099900,0.0,0.0
2016-02-03 00:00:00-05:00,72.02999877929688,72.62000274658203,71.06999969482422,72.30000305175781,65.43775939941406,844500,0.0,0.0
2016-02-04 00:00:00-05:00,72.2699966430664,75.18000030517578,72.2699966430664,75.0199966430664,67.89956665039062,1413500,0.0,0.0
2016-02-05 00:00:00-05:00,74.63999938964844,75.08000183105469,74.01000213623047,74.76000213623047,67.66426849365234,983000,0.0,0.0
2016-02-08 00:00:00-05:00,74.37000274658203,75.33999633789062,73.05000305175781,75.19999694824219,68.06250762939453,1149000,0.0,0.0
2016-02-09 00:00:00-05:00,74.52999877929688,76.06999969482422,74.5,75.12000274658203,67.99009704589844,1015600,0.0,0.0
2016-02-10 00:00:00-05:00,75.38999938964844,76.41000366210938,73.12999725341797,73.29000091552734,66.52862548828125,1215600,0.22,0.0
2016-02-11 00:00:00-05:00,72.66999816894531,73.45999908447266,71.54000091552734,72.97000122070312,66.23814392089844,1051000,0.0,0.0
2016-02-12 00:00:00-05:00,73.83999633789062,74.68000030517578,73.7699966430664,74.43000030517578,67.5634536743164,1047600,0.0,0.0
2016-02-16 00:00:00-05:00,75.04000091552734,75.98999786376953,73.88999938964844,75.55000305175781,68.58011627197266,785200,0.0,0.0
2016-02-17 00:00:00-05:00,75.87000274658203,77.54000091552734,75.63999938964844,77.08999633789062,69.97804260253906,1059500,0.0,0.0
2016-02-18 00:00:00-05:00,77.08999633789062,77.61000061035156,76.5999984741211,77.36000061035156,70.22312927246094,1529900,0.0,0.0
2016-02-19 00:00:00-05:00,76.83000183105469,77.45999908447266,75.58000183105469,76.76000213623047,69.67847442626953,1268600,0.0,0.0
2016-02-22 00:00:00-05:00,77.79000091552734,78.80999755859375,77.01000213623047,77.33000183105469,70.19591522216797,766400,0.0,0.0
2016-02-23 00:00:00-05:00,77.2699966430664,77.51000213623047,76.0,76.13999938964844,69.1156997680664,682400,0.0,0.0
2016-02-24 00:00:00-05:00,75.69999694824219,76.08999633789062,74.45999908447266,75.80000305175781,68.80709075927734,748300,0.0,0.0
2016-02-25 00:00:00-05:00,75.9800033569336,77.18000030517578,75.63999938964844,77.1500015258789,70.03251647949219,648300,0.0,0.0
2016-02-26 00:00:00-05:00,77.5,78.56999969482422,77.38999938964844,78.05000305175781,70.84947204589844,678100,0.0,0.0
2016-02-29 00:00:00-05:00,78.05999755859375,78.08000183105469,76.29000091552734,76.29000091552734,69.25186920166016,913400,0.0,0.0
2016-03-01 00:00:00-05:00,76.62999725341797,78.06999969482422,76.54000091552734,77.69000244140625,70.52269744873047,837100,0.0,0.0
2016-03-02 00:00:00-05:00,77.72000122070312,78.0999984741211,77.0,77.31999969482422,70.18682861328125,627100,0.0,0.0
2016-03-03 00:00:00-05:00,77.41999816894531,78.72000122070312,77.41999816894531,78.5199966430664,71.276123046875,658200,0.0,0.0
2016-03-04 00:00:00-05:00,78.6500015258789,80.12000274658203,77.70999908447266,79.38999938964844,72.0658950805664,673300,0.0,0.0
2016-03-07 00:00:00-05:00,78.73999786376953,80.0,78.55000305175781,79.94999694824219,72.57418060302734,1101000,0.0,0.0
2016-03-08 00:00:00-05:00,79.37999725341797,79.52999877929688,78.08999633789062,78.29000091552734,71.06734466552734,804100,0.0,0.0
2016-03-09 00:00:00-05:00,78.62000274658203,79.80999755859375,78.16000366210938,79.76000213623047,72.40171813964844,751700,0.0,0.0
2016-03-10 00:00:00-05:00,80.19000244140625,81.26000213623047,79.83000183105469,80.97000122070312,73.5000991821289,1286300,0.0,0.0
2016-03-11 00:00:00-05:00,81.33999633789062,82.44999694824219,80.06999969482422,82.36000061035156,74.76187896728516,1437800,0.0,0.0
2016-03-14 00:00:00-04:00,81.88999938964844,82.72000122070312,81.44000244140625,82.12999725341797,74.55307006835938,1211100,0.0,0.0
2016-03-15 00:00:00-04:00,81.77999877929688,81.8499984741211,81.12000274658203,81.7300033569336,74.18997192382812,715500,0.0,0.0
2016-03-16 00:00:00-04:00,81.31999969482422,82.80999755859375,81.31999969482422,82.41999816894531,74.81632232666016,592700,0.0,0.0
2016-03-17 00:00:00-04:00,82.4800033569336,84.61000061035156,82.1500015258789,84.45999908447266,76.66814422607422,944900,0.0,0.0
2016-03-18 00:00:00-04:00,84.66000366210938,86.87999725341797,83.58999633789062,86.70999908447266,78.7105712890625,1833500,0.0,0.0
2016-03-21 00:00:00-04:00,86.19000244140625,86.94000244140625,85.79000091552734,86.37000274658203,78.40192413330078,1031200,0.0,0.0
2016-03-22 00:00:00-04:00,86.01000213623047,86.88999938964844,85.5999984741211,85.72000122070312,77.81189727783203,519800,0.0,0.0
2016-03-23 00:00:00-04:00,85.55999755859375,86.41000366210938,84.88999938964844,86.02999877929688,78.09327697753906,660300,0.0,0.0
2016-03-24 00:00:00-04:00,85.5,86.16000366210938,85.2699966430664,86.01000213623047,78.07514190673828,541200,0.0,0.0
2016-03-28 00:00:00-04:00,86.0199966430664,86.05999755859375,83.62999725341797,84.1500015258789,76.38672637939453,921500,0.0,0.0
2016-03-29 00:00:00-04:00,82.12999725341797,84.5,81.44999694824219,84.44999694824219,76.65904998779297,1148500,0.0,0.0
2016-03-30 00:00:00-04:00,84.6500015258789,84.79000091552734,83.75,84.13999938964844,76.37764739990234,593100,0.0,0.0
2016-03-31 00:00:00-04:00,84.33000183105469,84.93000030517578,83.4800033569336,84.23999786376953,76.46842956542969,588500,0.0,0.0
2016-04-01 00:00:00-04:00,83.63999938964844,84.54000091552734,82.91000366210938,84.48999786376953,76.69535064697266,746200,0.0,0.0
2016-04-04 00:00:00-04:00,84.83000183105469,85.26000213623047,84.16999816894531,84.30000305175781,76.52288818359375,414400,0.0,0.0
2016-04-05 00:00:00-04:00,83.87000274658203,84.19999694824219,81.0,82.94000244140625,75.2883529663086,687900,0.0,0.0
2016-04-06 00:00:00-04:00,82.8499984741211,83.41000366210938,81.43000030517578,83.19000244140625,75.51531982421875,590000,0.0,0.0
2016-04-07 00:00:00-04:00,82.79000091552734,83.66999816894531,81.79000091552734,82.70999908447266,75.0795669555664,795800,0.0,0.0
2016-04-08 00:00:00-04:00,83.36000061035156,84.51000213623047,82.76000213623047,82.97000122070312,75.31560516357422,518000,0.0,0.0
2016-04-11 00:00:00-04:00,83.62000274658203,84.4000015258789,82.75,83.19000244140625,75.51531982421875,888700,0.0,0.0
2016-04-12 00:00:00-04:00,83.55999755859375,84.5,82.9000015258789,84.23999786376953,76.46842956542969,565400,0.0,0.0
2016-04-13 00:00:00-04:00,84.69000244140625,86.8499984741211,84.69000244140625,86.37999725341797,78.41100311279297,988200,0.0,0.0
2016-04-14 00:00:00-04:00,86.37999725341797,86.62999725341797,85.43000030517578,85.62000274658203,77.7210922241211,492400,0.0,0.0
2016-04-15 00:00:00-04:00,85.33999633789062,86.6500015258789,84.2300033569336,85.43000030517578,77.54866027832031,1024000,0.0,0.0
2016-04-18 00:00:00-04:00,84.12000274658203,87.83000183105469,82.55000305175781,87.25,79.20072174072266,1867100,0.0,0.0
2016-04-19 00:00:00-04:00,88.13999938964844,89.43000030517578,87.75,88.45999908447266,80.29913330078125,1222900,0.0,0.0
2016-04-20 00:00:00-04:00,88.5,89.16000366210938,88.08000183105469,88.94999694824219,80.74391174316406,866400,0.0,0.0
2016-04-21 00:00:00-04:00,88.66999816894531,88.66999816894531,85.75,85.91999816894531,77.99345397949219,1366300,0.0,0.0
2016-04-22 00:00:00-04:00,85.91999816894531,87.23999786376953,85.7699966430664,86.01000213623047,78.07514190673828,674400,0.0,0.0
2016-04-25 00:00:00-04:00,85.69999694824219,86.16999816894531,84.41999816894531,84.95999908447266,77.12202453613281,558100,0.0,0.0
2016-04-26 00:00:00-04:00,85.05999755859375,86.02999877929688,84.61000061035156,85.54000091552734,77.64849090576172,682100,0.0,0.0
2016-04-27 00:00:00-04:00,85.20999908447266,86.41999816894531,84.73999786376953,86.2699966430664,78.31114959716797,830400,0.0,0.0
2016-04-28 00:00:00-04:00,86.0,86.26000213623047,84.4000015258789,84.69000244140625,76.87692260742188,478700,0.0,0.0
2016-04-29 00:00:00-04:00,84.04000091552734,84.4000015258789,82.56999969482422,82.87999725341797,75.23389434814453,973800,0.0,0.0
2016-05-02 00:00:00-04:00,83.2699966430664,83.79000091552734,82.44999694824219,83.4000015258789,75.7059326171875,600700,0.0,0.0
2016-05-03 00:00:00-04:00,82.6500015258789,83.69000244140625,81.2300033569336,83.62999725341797,75.91471099853516,1033100,0.0,0.0
2016-05-04 00:00:00-04:00,82.9800033569336,83.75,82.29000091552734,82.30000305175781,74.90448760986328,815100,0.22,0.0
2016-05-05 00:00:00-04:00,82.62000274658203,83.30999755859375,81.69000244140625,82.18000030517578,74.79524230957031,824300,0.0,0.0
2016-05-06 00:00:00-04:00,81.9800033569336,83.13999938964844,81.12000274658203,83.13999938964844,75.66899108886719,677300,0.0,0.0
2016-05-09 00:00:00-04:00,82.93000030517578,84.22000122070312,81.33000183105469,83.91999816894531,76.37887573242188,1098100,0.0,0.0
2016-05-10 00:00:00-04:00,84.0,85.69000244140625,84.0,85.31999969482422,77.65306854248047,778600,0.0,0.0
2016-05-11 00:00:00-04:00,85.02999877929688,85.37000274658203,83.05000305175781,83.3499984741211,75.860107421875,575800,0.0,0.0
2016-05-12 00:00:00-04:00,83.81999969482422,84.08000183105469,82.48999786376953,82.77999877929688,75.34132385253906,410200,0.0,0.0
2016-05-13 00:00:00-04:00,82.31999969482422,82.31999969482422,80.47000122070312,80.91999816894531,73.64847564697266,899500,0.0,0.0
2016-05-16 00:00:00-04:00,81.18000030517578,82.12999725341797,80.87000274658203,81.08000183105469,73.79408264160156,648700,0.0,0.0
2016-05-17 00:00:00-04:00,80.95999908447266,82.77999877929688,80.44999694824219,81.3499984741211,74.03981018066406,817500,0.0,0.0
2016-05-18 00:00:00-04:00,81.30999755859375,81.30999755859375,79.66000366210938,79.80999755859375,72.6382064819336,902700,0.0,0.0
2016-05-19 00:00:00-04:00,79.44000244140625,80.31999969482422,79.19000244140625,80.08000183105469,72.88394165039062,829700,0.0,0.0
2016-05-20 00:00:00-04:00,80.5199966430664,81.72000122070312,79.91999816894531,81.27999877929688,73.97610473632812,589000,0.0,0.0
2016-05-23 00:00:00-04:00,81.36000061035156,81.41000366210938,80.63999938964844,81.0199966430664,73.73944091796875,425000,0.0,0.0
2016-05-24 00:00:00-04:00,81.5,81.9000015258789,80.66000366210938,80.73999786376953,73.48463439941406,656000,0.0,0.0
2016-05-25 00:00:00-04:00,80.9000015258789,81.70999908447266,80.33999633789062,81.29000091552734,73.98519897460938,634800,0.0,0.0
2016-05-26 00:00:00-04:00,81.45999908447266,81.86000061035156,80.68000030517578,81.3499984741211,74.03981018066406,452400,0.0,0.0
2016-05-27 00:00:00-04:00,81.62999725341797,82.36000061035156,81.48999786376953,82.13999938964844,74.75883483886719,314700,0.0,0.0
2016-05-31 00:00:00-04:00,82.08000183105469,82.91999816894531,82.08000183105469,82.72000122070312,75.2867202758789,628000,0.0,0.0
2016-06-01 00:00:00-04:00,82.45999908447266,82.4800033569336,80.44000244140625,82.19000244140625,74.80432891845703,330500,0.0,0.0
2016-06-02 00:00:00-04:00,81.73999786376953,82.54000091552734,80.86000061035156,81.9000015258789,74.54039001464844,523600,0.0,0.0
2016-06-03 00:00:00-04:00,81.68000030517578,82.08999633789062,80.13999938964844,82.01000213623047,74.64051818847656,500300,0.0,0.0
2016-06-06 00:00:00-04:00,82.30000305175781,82.75,81.9000015258789,82.56999969482422,75.15018463134766,578400,0.0,0.0
2016-06-07 00:00:00-04:00,82.48999786376953,83.5199966430664,82.47000122070312,82.97000122070312,75.51423645019531,478100,0.0,0.0
2016-06-08 00:00:00-04:00,83.13999938964844,83.80000305175781,83.05000305175781,83.19999694824219,75.72357940673828,521600,0.0,0.0
2016-06-09 00:00:00-04:00,82.69999694824219,82.91999816894531,80.86000061035156,81.7300033569336,74.38568878173828,587900,0.0,0.0
2016-06-10 00:00:00-04:00,80.58000183105469,81.63999938964844,79.97000122070312,80.95999908447266,73.68488311767578,769200,0.0,0.0
2016-06-13 00:00:00-04:00,80.9800033569336,81.22000122070312,79.79000091552734,80.41000366210938,73.18429565429688,647900,0.0,0.0
2016-06-14 00:00:00-04:00,80.33000183105469,80.58999633789062,78.62999725341797,79.2300033569336,72.1103286743164,747400,0.0,0.0
2016-06-15 00:00:00-04:00,79.69000244140625,80.94999694824219,79.33999633789062,80.11000061035156,72.91121673583984,665400,0.0,0.0
2016-06-16 00:00:00-04:00,79.47000122070312,79.51000213623047,78.13999938964844,79.33000183105469,72.20132446289062,845900,0.0,0.0
2016-06-17 00:00:00-04:00,79.37000274658203,80.26000213623047,79.06999969482422,79.81999969482422,72.6473159790039,682200,0.0,0.0
2016-06-20 00:00:00-04:00,80.51000213623047,81.68000030517578,80.51000213623047,80.91000366210938,73.63935852050781,629400,0.0,0.0
2016-06-21 00:00:00-04:00,77.68000030517578,80.81999969482422,77.44999694824219,80.12999725341797,72.92942810058594,1116900,0.0,0.0
2016-06-22 00:00:00-04:00,80.0,80.01000213623047,78.97000122070312,79.61000061035156,72.45616912841797,672100,0.0,0.0
2016-06-23 00:00:00-04:00,80.44000244140625,80.75,79.88999938964844,80.75,73.49373626708984,420300,0.0,0.0
2016-06-24 00:00:00-04:00,78.05999755859375,79.54000091552734,77.70999908447266,78.25,71.21839904785156,991400,0.0,0.0
2016-06-27 00:00:00-04:00,78.86000061035156,78.86000061035156,75.70999908447266,76.91999816894531,70.00790405273438,1302700,0.0,0.0
2016-06-28 00:00:00-04:00,77.5,78.37000274658203,76.97000122070312,78.26000213623047,71.22749328613281,714200,0.0,0.0
2016-06-29 00:00:00-04:00,79.08000183105469,80.2699966430664,77.63999938964844,79.80000305175781,72.62910461425781,550200,0.0,0.0
2016-06-30 00:00:00-04:00,80.12000274658203,80.93000030517578,79.0199966430664,80.93000030517578,73.65756225585938,905200,0.0,0.0
2016-07-01 00:00:00-04:00,80.91999816894531,81.94999694824219,80.66999816894531,81.41999816894531,74.103515625,566700,0.0,0.0
2016-07-05 00:00:00-04:00,80.95999908447266,81.43000030517578,79.8499984741211,80.66999816894531,73.42093658447266,704400,0.0,0.0
2016-07-06 00:00:00-04:00,80.5,81.69999694824219,79.3499984741211,81.69000244140625,74.3492660522461,798000,0.0,0.0
2016-07-07 00:00:00-04:00,81.97000122070312,82.91999816894531,81.55999755859375,82.44000244140625,75.0318603515625,889400,0.0,0.0
2016-07-08 00:00:00-04:00,82.9800033569336,85.88999938964844,82.69999694824219,85.0,77.36183166503906,1141000,0.0,0.0
2016-07-11 00:00:00-04:00,85.25,85.66999816894531,84.63999938964844,84.98999786376953,77.35272979736328,559000,0.0,0.0
2016-07-12 00:00:00-04:00,85.25,85.88999938964844,84.8499984741211,85.31999969482422,77.65306854248047,531200,0.0,0.0
2016-07-13 00:00:00-04:00,85.69000244140625,85.9000015258789,84.5999984741211,85.54000091552734,77.8532943725586,673300,0.0,0.0
2016-07-14 00:00:00-04:00,86.13999938964844,86.58999633789062,85.05000305175781,85.30999755859375,77.64395904541016,703400,0.0,0.0
2016-07-15 00:00:00-04:00,85.63999938964844,85.6500015258789,84.4800033569336,85.2699966430664,77.60757446289062,1146100,0.0,0.0
2016-07-18 00:00:00-04:00,82.94999694824219,83.33999633789062,81.2699966430664,81.2699966430664,73.96700286865234,2499200,0.0,0.0
2016-07-19 00:00:00-04:00,80.95999908447266,81.63999938964844,80.19000244140625,80.80000305175781,73.53926086425781,1776100,0.0,0.0
2016-07-20 00:00:00-04:00,81.22000122070312,81.63999938964844,80.98999786376953,81.55000305175781,74.22187042236328,1322000,0.0,0.0
2016-07-21 00:00:00-04:00,80.97000122070312,81.88999938964844,80.23999786376953,81.44999694824219,74.13082885742188,780700,0.0,0.0
2016-07-22 00:00:00-04:00,81.63999938964844,83.47000122070312,81.52999877929688,83.3499984741211,75.860107421875,891900,0.0,0.0
2016-07-25 00:00:00-04:00,82.9800033569336,83.29000091552734,82.62000274658203,82.80999755859375,75.36859893798828,749500,0.0,0.0
2016-07-26 00:00:00-04:00,83.5,84.31999969482422,82.91999816894531,84.25,76.6792221069336,870000,0.0,0.0
2016-07-27 00:00:00-04:00,84.20999908447266,84.41000366210938,83.08000183105469,83.19999694824219,75.72357940673828,769300,0.0,0.0
2016-07-28 00:00:00-04:00,82.98999786376953,83.69999694824219,82.70999908447266,83.16999816894531,75.69628143310547,432900,0.0,0.0
2016-07-29 00:00:00-04:00,82.81999969482422,83.63999938964844,82.36000061035156,83.12999725341797,75.65985107421875,587800,0.0,0.0
2016-08-01 00:00:00-04:00,82.87999725341797,83.41999816894531,82.26000213623047,82.51000213623047,75.09557342529297,878300,0.0,0.0
2016-08-02 00:00:00-04:00,82.33000183105469,82.47000122070312,81.22000122070312,81.4800033569336,74.15812683105469,603100,0.0,0.0
2016-08-03 00:00:00-04:00,81.16999816894531,81.9000015258789,81.11000061035156,81.73999786376953,74.59620666503906,446700,0.22,0.0
2016-08-04 00:00:00-04:00,81.66000366210938,82.20999908447266,81.0,81.30000305175781,74.19464874267578,547600,0.0,0.0
2016-08-05 00:00:00-04:00,81.73999786376953,82.48999786376953,81.37999725341797,82.02999877929688,74.86083221435547,619900,0.0,0.0
2016-08-08 00:00:00-04:00,82.13999938964844,82.23999786376953,81.69999694824219,81.87000274658203,74.71480560302734,577700,0.0,0.0
2016-08-09 00:00:00-04:00,82.05999755859375,82.23999786376953,81.69000244140625,82.12999725341797,74.95211791992188,677000,0.0,0.0
2016-08-10 00:00:00-04:00,82.12999725341797,82.25,81.69000244140625,82.0199966430664,74.85169982910156,712400,0.0,0.0
2016-08-11 00:00:00-04:00,82.0,82.66000366210938,81.25,82.18000030517578,74.99772644042969,879000,0.0,0.0
2016-08-12 00:00:00-04:00,82.20999908447266,82.7699966430664,81.7699966430664,82.5,75.28974151611328,1225300,0.0,0.0
2016-08-15 00:00:00-04:00,82.70999908447266,83.1500015258789,82.23999786376953,82.30999755859375,75.11640930175781,772000,0.0,0.0
2016-08-16 00:00:00-04:00,82.0,82.69000244140625,82.0,82.38999938964844,75.18934631347656,656100,0.0,0.0
2016-08-17 00:00:00-04:00,82.33000183105469,82.8499984741211,81.9800033569336,82.41000366210938,75.20762634277344,463500,0.0,0.0
2016-08-18 00:00:00-04:00,82.54000091552734,82.88999938964844,82.11000061035156,82.37999725341797,75.18025970458984,514800,0.0,0.0
2016-08-19 00:00:00-04:00,82.19999694824219,83.75,82.11000061035156,83.52999877929688,76.22974395751953,516200,0.0,0.0
2016-08-22 00:00:00-04:00,83.23999786376953,83.23999786376953,82.16999816894531,82.37000274658203,75.171142578125,812600,0.0,0.0
2016-08-23 00:00:00-04:00,82.69000244140625,82.70999908447266,82.12999725341797,82.1500015258789,74.97034454345703,541400,0.0,0.0
2016-08-24 00:00:00-04:00,82.04000091552734,82.47000122070312,81.81999969482422,82.0,74.83345031738281,474800,0.0,0.0
2016-08-25 00:00:00-04:00,81.94999694824219,82.58999633789062,81.23999786376953,81.37999725341797,74.26766204833984,618000,0.0,0.0
2016-08-26 00:00:00-04:00,81.31999969482422,81.76000213623047,80.08999633789062,80.19000244140625,73.18165588378906,943900,0.0,0.0
2016-08-29 00:00:00-04:00,80.18000030517578,80.97000122070312,79.51000213623047,80.58000183105469,73.53758239746094,836700,0.0,0.0
2016-08-30 00:00:00-04:00,80.79000091552734,80.9800033569336,80.08000183105469,80.62000274658203,73.57408142089844,490200,0.0,0.0
2016-08-31 00:00:00-04:00,80.47000122070312,80.62999725341797,79.06999969482422,79.38999938964844,72.45158386230469,827500,0.0,0.0
2016-09-01 00:00:00-04:00,79.56999969482422,80.63999938964844,79.56999969482422,80.62999725341797,73.58321380615234,714700,0.0,0.0
2016-09-02 00:00:00-04:00,80.94999694824219,81.56999969482422,80.08000183105469,80.2300033569336,73.2181625366211,871300,0.0,0.0
2016-09-06 00:00:00-04:00,80.52999877929688,80.56999969482422,79.97000122070312,80.37000274658203,73.34593200683594,866800,0.0,0.0
2016-09-07 00:00:00-04:00,80.33000183105469,80.83999633789062,80.0,80.16000366210938,73.15428161621094,629900,0.0,0.0
2016-09-08 00:00:00-04:00,79.91000366210938,80.44999694824219,79.83999633789062,80.36000061035156,73.33680725097656,623900,0.0,0.0
2016-09-09 00:00:00-04:00,79.98999786376953,80.06999969482422,77.81999969482422,77.8499984741211,71.04615783691406,1197200,0.0,0.0
2016-09-12 00:00:00-04:00,77.69999694824219,80.37999725341797,77.5199966430664,80.20999908447266,73.19990539550781,1256800,0.0,0.0
2016-09-13 00:00:00-04:00,79.47000122070312,80.04000091552734,78.97000122070312,79.38999938964844,72.45158386230469,900000,0.0,0.0
2016-09-14 00:00:00-04:00,79.52999877929688,80.62999725341797,79.44000244140625,80.41000366210938,73.38243103027344,1123700,0.0,0.0
2016-09-15 00:00:00-04:00,80.45999908447266,82.0199966430664,80.01000213623047,81.54000091552734,74.4136962890625,687000,0.0,0.0
2016-09-16 00:00:00-04:00,81.1500015258789,81.7300033569336,80.69000244140625,81.33999633789062,74.23114013671875,1100000,0.0,0.0
2016-09-19 00:00:00-04:00,81.77999877929688,82.02999877929688,81.16999816894531,81.22000122070312,74.12164306640625,394900,0.0,0.0
2016-09-20 00:00:00-04:00,81.83000183105469,81.97000122070312,80.56999969482422,80.58000183105469,73.53758239746094,498600,0.0,0.0
2016-09-21 00:00:00-04:00,80.69000244140625,81.05999755859375,79.94999694824219,80.47000122070312,73.43717193603516,754100,0.0,0.0
2016-09-22 00:00:00-04:00,80.83999633789062,81.06999969482422,79.1500015258789,79.55999755859375,72.606689453125,1420500,0.0,0.0
2016-09-23 00:00:00-04:00,79.55999755859375,79.69000244140625,78.19000244140625,78.80999755859375,71.92223358154297,1792000,0.0,0.0
2016-09-26 00:00:00-04:00,78.25,78.95999908447266,78.05999755859375,78.68000030517578,71.80363464355469,692500,0.0,0.0
2016-09-27 00:00:00-04:00,78.43000030517578,79.19000244140625,78.0,78.62000274658203,71.74887084960938,870700,0.0,0.0
2016-09-28 00:00:00-04:00,78.83999633789062,79.30000305175781,78.43000030517578,79.20999908447266,72.28730773925781,1335000,0.0,0.0
2016-09-29 00:00:00-04:00,79.30999755859375,81.02999877929688,79.29000091552734,80.4000015258789,73.3733139038086,1395500,0.0,0.0
2016-09-30 00:00:00-04:00,80.7300033569336,81.37999725341797,80.43000030517578,81.13999938964844,74.04861450195312,707800,0.0,0.0
2016-10-03 00:00:00-04:00,80.68000030517578,81.68000030517578,80.5999984741211,81.41999816894531,74.30413055419922,531900,0.0,0.0
2016-10-04 00:00:00-04:00,81.4800033569336,81.80999755859375,80.91000366210938,81.23999786376953,74.1398696899414,489200,0.0,0.0
2016-10-05 00:00:00-04:00,81.45999908447266,81.68000030517578,81.12000274658203,81.56999969482422,74.4410629272461,613700,0.0,0.0
2016-10-06 00:00:00-04:00,81.44999694824219,81.69000244140625,80.94000244140625,81.38999938964844,74.27678680419922,597000,0.0,0.0
2016-10-07 00:00:00-04:00,81.08999633789062,81.19999694824219,80.12999725341797,80.75,73.69271087646484,800300,0.0,0.0
2016-10-10 00:00:00-04:00,80.95999908447266,81.48999786376953,80.95999908447266,81.2699966430664,74.1672592163086,719800,0.0,0.0
2016-10-11 00:00:00-04:00,80.75,81.98999786376953,80.5,81.80000305175781,74.65090942382812,1116800,0.0,0.0
2016-10-12 00:00:00-04:00,81.30000305175781,81.98999786376953,80.94999694824219,81.26000213623047,74.15813446044922,716000,0.0,0.0
2016-10-13 00:00:00-04:00,80.80000305175781,81.13999938964844,79.87999725341797,79.93000030517578,72.9443588256836,1566100,0.0,0.0
2016-10-14 00:00:00-04:00,80.37000274658203,81.05999755859375,79.79000091552734,80.0199966430664,73.02651977539062,1393200,0.0,0.0
2016-10-17 00:00:00-04:00,76.43000030517578,80.1500015258789,76.19999694824219,78.44999694824219,71.59371185302734,2830400,0.0,0.0
2016-10-18 00:00:00-04:00,78.93000030517578,79.72000122070312,78.5,78.98999786376953,72.08651733398438,1912600,0.0,0.0
2016-10-19 00:00:00-04:00,79.0999984741211,79.48999786376953,77.72000122070312,77.76000213623047,70.96404266357422,1231500,0.0,0.0
2016-10-20 00:00:00-04:00,77.62999725341797,78.51000213623047,77.26000213623047,77.5999984741211,70.8180160522461,888000,0.0,0.0
2016-10-21 00:00:00-04:00,77.20999908447266,78.4000015258789,76.88999938964844,78.30999755859375,71.46595764160156,630000,0.0,0.0
2016-10-24 00:00:00-04:00,78.63999938964844,79.33000183105469,78.52999877929688,78.75,71.86749267578125,631700,0.0,0.0
2016-10-25 00:00:00-04:00,78.7699966430664,79.18000030517578,78.4800033569336,78.83999633789062,71.94961547851562,630900,0.0,0.0
2016-10-26 00:00:00-04:00,78.55000305175781,80.41999816894531,78.55000305175781,80.30000305175781,73.28204345703125,996500,0.0,0.0
2016-10-27 00:00:00-04:00,80.76000213623047,81.30000305175781,79.22000122070312,81.02999877929688,73.94825744628906,929300,0.0,0.0
2016-10-28 00:00:00-04:00,80.88999938964844,81.36000061035156,80.47000122070312,80.94000244140625,73.86610412597656,694700,0.0,0.0
2016-10-31 00:00:00-04:00,81.23999786376953,81.9000015258789,80.94000244140625,81.61000061035156,74.47753143310547,935600,0.0,0.0
2016-11-01 00:00:00-04:00,81.91999816894531,82.30000305175781,81.5,82.0199966430664,74.85169982910156,1279800,0.0,0.0
2016-11-02 00:00:00-04:00,81.75,82.33999633789062,81.5,81.58999633789062,74.65953826904297,1295200,0.22,0.0
2016-11-03 00:00:00-04:00,81.8499984741211,82.30000305175781,80.36000061035156,80.37999725341797,73.55235290527344,1190700,0.0,0.0
2016-11-04 00:00:00-04:00,80.5999984741211,81.19999694824219,80.12000274658203,80.27999877929688,73.46080780029297,892600,0.0,0.0
2016-11-07 00:00:00-05:00,81.31999969482422,82.63999938964844,80.83000183105469,82.62000274658203,75.60206604003906,1121900,0.0,0.0
2016-11-08 00:00:00-05:00,82.55000305175781,85.01000213623047,81.69999694824219,84.72000122070312,77.52369689941406,1362700,0.0,0.0
2016-11-09 00:00:00-05:00,84.12000274658203,88.31999969482422,84.0,86.12000274658203,78.80474853515625,1914800,0.0,0.0
2016-11-10 00:00:00-05:00,86.45999908447266,88.88999938964844,86.45999908447266,88.06999969482422,80.58911895751953,1355600,0.0,0.0
2016-11-11 00:00:00-05:00,87.94999694824219,89.95999908447266,87.75,89.69000244140625,82.07152557373047,1347500,0.0,0.0
2016-11-14 00:00:00-05:00,90.2699966430664,92.16999816894531,89.9800033569336,91.05999755859375,83.32514190673828,2364000,0.0,0.0
2016-11-15 00:00:00-05:00,91.36000061035156,91.43000030517578,90.43000030517578,91.33999633789062,83.58133697509766,603600,0.0,0.0
2016-11-16 00:00:00-05:00,91.43000030517578,92.12999725341797,90.62999725341797,91.30999755859375,83.55390167236328,870400,0.0,0.0
2016-11-17 00:00:00-05:00,91.48999786376953,91.8499984741211,90.91999816894531,91.44999694824219,83.68202209472656,771000,0.0,0.0
2016-11-18 00:00:00-05:00,91.33000183105469,92.08000183105469,90.94999694824219,91.47000122070312,83.7003173828125,648500,0.0,0.0
2016-11-21 00:00:00-05:00,91.94000244140625,92.38999938964844,91.2699966430664,91.66999816894531,83.88333892822266,905500,0.0,0.0
2016-11-22 00:00:00-05:00,92.05999755859375,92.05999755859375,91.06999969482422,91.22000122070312,83.47156524658203,829500,0.0,0.0
2016-11-23 00:00:00-05:00,91.33000183105469,92.94999694824219,91.33000183105469,92.91999816894531,85.02715301513672,520100,0.0,0.0
2016-11-25 00:00:00-05:00,92.86000061035156,94.11000061035156,92.86000061035156,93.94000244140625,85.96051025390625,319900,0.0,0.0
2016-11-28 00:00:00-05:00,93.5,94.13999938964844,92.87999725341797,93.12000274658203,85.21017456054688,593900,0.0,0.0
2016-11-29 00:00:00-05:00,92.93000030517578,94.31999969482422,92.93000030517578,93.5199966430664,85.57617950439453,908600,0.0,0.0
2016-11-30 00:00:00-05:00,93.93000030517578,95.93000030517578,93.86000061035156,95.37000274658203,87.26905822753906,1232600,0.0,0.0
2016-12-01 00:00:00-05:00,95.48999786376953,97.16999816894531,95.20999908447266,97.05000305175781,88.80633544921875,916200,0.0,0.0
2016-12-02 00:00:00-05:00,96.97000122070312,97.44000244140625,95.54000091552734,96.33000183105469,88.14749908447266,1035200,0.0,0.0
2016-12-05 00:00:00-05:00,96.93000030517578,97.69000244140625,96.5,97.66999816894531,89.3736801147461,1420200,0.0,0.0
2016-12-06 00:00:00-05:00,97.58999633789062,98.22000122070312,97.0,98.0999984741211,89.76715087890625,1125200,0.0,0.0
2016-12-07 00:00:00-05:00,98.05999755859375,100.2699966430664,97.63999938964844,99.95999908447266,91.46916198730469,1040900,0.0,0.0
2016-12-08 00:00:00-05:00,100.25,100.97000122070312,99.94000244140625,100.68000030517578,92.12799835205078,1050800,0.0,0.0
2016-12-09 00:00:00-05:00,100.6500015258789,102.37999725341797,98.7300033569336,99.29000091552734,90.85607147216797,1678500,0.0,0.0
2016-12-12 00:00:00-05:00,99.33999633789062,99.79000091552734,98.37999725341797,99.13999938964844,90.71880340576172,1127900,0.0,0.0
2016-12-13 00:00:00-05:00,99.58999633789062,100.05000305175781,97.63999938964844,99.01000213623047,90.59986114501953,1489200,0.0,0.0
2016-12-14 00:00:00-05:00,99.23999786376953,99.70999908447266,98.30999755859375,98.61000061035156,90.23383331298828,1005100,0.0,0.0
2016-12-15 00:00:00-05:00,98.56999969482422,99.41999816894531,97.5999984741211,98.01000213623047,89.68482971191406,1501700,0.0,0.0
2016-12-16 00:00:00-05:00,98.20999908447266,98.30999755859375,96.62000274658203,97.0,88.76058197021484,1643800,0.0,0.0
2016-12-19 00:00:00-05:00,96.87000274658203,97.94000244140625,96.72000122070312,97.86000061035156,89.54753112792969,715100,0.0,0.0
2016-12-20 00:00:00-05:00,98.22000122070312,99.0,97.88999938964844,98.0,89.67560577392578,959200,0.0,0.0
2016-12-21 00:00:00-05:00,98.0199966430664,98.23999786376953,96.94999694824219,97.01000213623047,88.76973724365234,658700,0.0,0.0
2016-12-22 00:00:00-05:00,97.01000213623047,97.61000061035156,96.77999877929688,97.16000366210938,88.90702056884766,548500,0.0,0.0
2016-12-23 00:00:00-05:00,97.01000213623047,97.75,96.94999694824219,97.47000122070312,89.19066619873047,304700,0.0,0.0
2016-12-27 00:00:00-05:00,97.93000030517578,98.72000122070312,97.44000244140625,98.01000213623047,89.68482971191406,436600,0.0,0.0
2016-12-28 00:00:00-05:00,98.08000183105469,98.55000305175781,96.9800033569336,97.08000183105469,88.83381652832031,600500,0.0,0.0
2016-12-29 00:00:00-05:00,96.97000122070312,98.05999755859375,96.97000122070312,97.33999633789062,89.07170104980469,532900,0.0,0.0
2016-12-30 00:00:00-05:00,97.77999877929688,97.94999694824219,96.68000030517578,97.06999969482422,88.82463836669922,805000,0.0,0.0
2017-01-03 00:00:00-05:00,97.83000183105469,99.36000061035156,95.88999938964844,96.7699966430664,88.55011749267578,1065200,0.0,0.0
2017-01-04 00:00:00-05:00,96.58000183105469,98.41999816894531,96.25,97.81999969482422,89.51093292236328,1036000,0.0,0.0
2017-01-05 00:00:00-05:00,97.41999816894531,97.55999755859375,96.55999755859375,97.19000244140625,88.9344711303711,985800,0.0,0.0
2017-01-06 00:00:00-05:00,97.43000030517578,98.45999908447266,96.91000366210938,97.69000244140625,89.39200592041016,751500,0.0,0.0
2017-01-09 00:00:00-05:00,97.0,97.25,96.30999755859375,96.87000274658203,88.64161682128906,774800,0.0,0.0
2017-01-10 00:00:00-05:00,96.97000122070312,98.23999786376953,96.4000015258789,97.72000122070312,89.41942596435547,713800,0.0,0.0
2017-01-11 00:00:00-05:00,97.81999969482422,98.87000274658203,97.30000305175781,98.72000122070312,90.33447265625,689200,0.0,0.0
2017-01-12 00:00:00-05:00,98.47000122070312,99.33000183105469,98.0199966430664,99.05000305175781,90.63646697998047,835200,0.0,0.0
2017-01-13 00:00:00-05:00,99.25,99.62999725341797,98.91999816894531,99.27999877929688,90.84693145751953,758900,0.0,0.0
2017-01-17 00:00:00-05:00,99.12999725341797,99.41999816894531,97.6500015258789,97.9800033569336,89.65735626220703,816800,0.0,0.0
2017-01-18 00:00:00-05:00,98.29000091552734,98.62000274658203,97.0999984741211,98.02999877929688,89.70309448242188,1301300,0.0,0.0
2017-01-19 00:00:00-05:00,97.5,97.9000015258789,93.58000183105469,94.36000061035156,86.34483337402344,2373400,0.0,0.0
2017-01-20 00:00:00-05:00,94.1500015258789,94.81999969482422,93.33000183105469,94.5199966430664,86.49122619628906,1025500,0.0,0.0
2017-01-23 00:00:00-05:00,94.6500015258789,95.02999877929688,93.70999908447266,94.5,86.47293090820312,699900,0.0,0.0
2017-01-24 00:00:00-05:00,94.9000015258789,96.66999816894531,94.5999984741211,96.4800033569336,88.28475952148438,690100,0.0,0.0
2017-01-25 00:00:00-05:00,96.77999877929688,98.62000274658203,95.95999908447266,98.54000091552734,90.16976165771484,916600,0.0,0.0
2017-01-26 00:00:00-05:00,98.30000305175781,98.87999725341797,97.31999969482422,98.76000213623047,90.37109375,782100,0.0,0.0
2017-01-27 00:00:00-05:00,98.91999816894531,98.9800033569336,97.77999877929688,98.87000274658203,90.47174072265625,605200,0.0,0.0
2017-01-30 00:00:00-05:00,98.08999633789062,99.02999877929688,97.9000015258789,98.93000030517578,90.52667236328125,594800,0.0,0.0
2017-01-31 00:00:00-05:00,99.25,100.20999908447266,98.66999816894531,99.08000183105469,90.6639175415039,1312700,0.0,0.0
2017-02-01 00:00:00-05:00,99.48999786376953,99.62999725341797,97.66000366210938,98.31999969482422,89.96846008300781,857500,0.0,0.0
2017-02-02 00:00:00-05:00,97.75,99.08000183105469,96.66000366210938,97.23999786376953,88.9802017211914,942800,0.0,0.0
2017-02-03 00:00:00-05:00,97.37999725341797,99.75,97.08000183105469,99.66000366210938,91.19464874267578,1011100,0.0,0.0
2017-02-06 00:00:00-05:00,99.47000122070312,100.5,99.05000305175781,99.5199966430664,91.0665283203125,3331100,0.0,0.0
2017-02-07 00:00:00-05:00,99.80000305175781,100.12000274658203,98.2300033569336,98.51000213623047,90.14231872558594,879200,0.0,0.0
2017-02-08 00:00:00-05:00,97.94000244140625,98.45999908447266,96.51000213623047,98.19000244140625,90.05976104736328,746800,0.23,0.0
2017-02-09 00:00:00-05:00,98.33000183105469,99.5999984741211,98.2699966430664,98.81999969482422,90.63761901855469,416100,0.0,0.0
2017-02-10 00:00:00-05:00,98.55999755859375,100.54000091552734,98.55999755859375,100.37000274658203,92.05928802490234,561000,0.0,0.0
2017-02-13 00:00:00-05:00,100.5999984741211,101.2300033569336,99.76000213623047,100.36000061035156,92.05010986328125,661900,0.0,0.0
2017-02-14 00:00:00-05:00,100.37999725341797,100.73999786376953,99.41999816894531,99.5,91.26130676269531,557200,0.0,0.0
2017-02-15 00:00:00-05:00,99.44999694824219,100.79000091552734,99.44999694824219,100.66999816894531,92.33442687988281,754100,0.0,0.0
2017-02-16 00:00:00-05:00,100.7300033569336,100.97000122070312,99.76000213623047,100.70999908447266,92.37110900878906,414300,0.0,0.0
2017-02-17 00:00:00-05:00,100.63999938964844,101.06999969482422,99.83000183105469,101.04000091552734,92.67382049560547,443600,0.0,0.0
2017-02-21 00:00:00-05:00,101.0,101.2300033569336,100.47000122070312,100.81999969482422,92.47201538085938,496500,0.0,0.0
2017-02-22 00:00:00-05:00,100.79000091552734,101.22000122070312,98.08000183105469,98.33999633789062,90.19735717773438,1840400,0.0,0.0
2017-02-23 00:00:00-05:00,98.4800033569336,98.81999969482422,97.04000091552734,97.30999755859375,89.25265502929688,1254700,0.0,0.0
2017-02-24 00:00:00-05:00,97.08999633789062,100.18000030517578,96.66000366210938,99.81999969482422,91.5548095703125,1173600,0.0,0.0
2017-02-27 00:00:00-05:00,99.43000030517578,100.16999816894531,99.0,100.12000274658203,91.82997131347656,737600,0.0,0.0
2017-02-28 00:00:00-05:00,100.26000213623047,100.26000213623047,98.12000274658203,98.16999816894531,90.04144287109375,740000,0.0,0.0
2017-03-01 00:00:00-05:00,98.81999969482422,100.33000183105469,98.81999969482422,100.13999938964844,91.84830474853516,781400,0.0,0.0
2017-03-02 00:00:00-05:00,99.87000274658203,99.95999908447266,97.62000274658203,97.8499984741211,89.74793243408203,771300,0.0,0.0
2017-03-03 00:00:00-05:00,97.93000030517578,98.19000244140625,97.2300033569336,97.8499984741211,89.74793243408203,705700,0.0,0.0
2017-03-06 00:00:00-05:00,97.6500015258789,98.73999786376953,97.4000015258789,98.55000305175781,90.38999938964844,566600,0.0,0.0
2017-03-07 00:00:00-05:00,98.19000244140625,98.58000183105469,96.51000213623047,96.5999984741211,88.60145568847656,934100,0.0,0.0
2017-03-08 00:00:00-05:00,96.5,97.26000213623047,96.01000213623047,96.7699966430664,88.7573471069336,1030600,0.0,0.0
2017-03-09 00:00:00-05:00,96.8499984741211,97.37999725341797,95.70999908447266,96.18000030517578,88.21621704101562,1159500,0.0,0.0
2017-03-10 00:00:00-05:00,96.79000091552734,97.08999633789062,96.04000091552734,96.6500015258789,88.64728546142578,919100,0.0,0.0
2017-03-13 00:00:00-04:00,96.61000061035156,96.9800033569336,95.05999755859375,95.25,87.36322784423828,1319200,0.0,0.0
2017-03-14 00:00:00-04:00,95.05999755859375,95.05999755859375,93.36000061035156,94.44000244140625,86.62029266357422,1333300,0.0,0.0
2017-03-15 00:00:00-04:00,94.7699966430664,95.4800033569336,94.38999938964844,95.08999633789062,87.21646881103516,860100,0.0,0.0
2017-03-16 00:00:00-04:00,95.08999633789062,95.41000366210938,94.27999877929688,94.45999908447266,86.63862609863281,655600,0.0,0.0
2017-03-17 00:00:00-04:00,94.93000030517578,94.93000030517578,93.41999816894531,93.94999694824219,86.17085266113281,1401900,0.0,0.0
2017-03-20 00:00:00-04:00,93.98999786376953,93.98999786376953,92.62999725341797,92.91000366210938,85.21696472167969,796600,0.0,0.0
2017-03-21 00:00:00-04:00,93.16999816894531,93.19000244140625,91.30000305175781,91.61000061035156,84.02462005615234,1163600,0.0,0.0
2017-03-22 00:00:00-04:00,91.91999816894531,92.30999755859375,91.19000244140625,91.69999694824219,84.1071548461914,954100,0.0,0.0
2017-03-23 00:00:00-04:00,91.61000061035156,91.8499984741211,90.70999908447266,90.80999755859375,83.29083251953125,765900,0.0,0.0
2017-03-24 00:00:00-04:00,91.16000366210938,91.75,89.91999816894531,90.2699966430664,82.79554748535156,918400,0.0,0.0
2017-03-27 00:00:00-04:00,89.04000091552734,90.66000366210938,88.69999694824219,90.55000305175781,83.05237579345703,1361500,0.0,0.0
2017-03-28 00:00:00-04:00,90.5999984741211,92.94999694824219,89.41999816894531,92.33999633789062,84.69417572021484,1093300,0.0,0.0
2017-03-29 00:00:00-04:00,91.8499984741211,92.26000213623047,90.41000366210938,91.16000366210938,83.61185455322266,1412800,0.0,0.0
2017-03-30 00:00:00-04:00,90.87999725341797,92.0,90.87999725341797,91.9000015258789,84.29060363769531,656200,0.0,0.0
2017-03-31 00:00:00-04:00,91.41999816894531,92.16000366210938,90.98999786376953,91.73999786376953,84.14385223388672,701600,0.0,0.0
2017-04-03 00:00:00-04:00,92.04000091552734,92.52999877929688,90.36000061035156,90.37999725341797,82.89643859863281,1055900,0.0,0.0
2017-04-04 00:00:00-04:00,90.29000091552734,92.0,90.20999908447266,91.95999908447266,84.34562683105469,1127300,0.0,0.0
2017-04-05 00:00:00-04:00,92.29000091552734,93.27999877929688,92.04000091552734,92.36000061035156,84.71251678466797,1634200,0.0,0.0
2017-04-06 00:00:00-04:00,92.33999633789062,93.05999755859375,91.56999969482422,92.25,84.61163330078125,1511800,0.0,0.0
2017-04-07 00:00:00-04:00,92.11000061035156,92.11000061035156,91.0199966430664,91.08000183105469,83.53850555419922,1088600,0.0,0.0
2017-04-10 00:00:00-04:00,91.58999633789062,94.08000183105469,91.58999633789062,93.22000122070312,85.50130462646484,1040900,0.0,0.0
2017-04-11 00:00:00-04:00,91.43000030517578,91.63999938964844,90.20999908447266,91.61000061035156,84.02462005615234,1209400,0.0,0.0
2017-04-12 00:00:00-04:00,91.6500015258789,91.88999938964844,90.08999633789062,90.16000366210938,82.69467163085938,1308500,0.0,0.0
2017-04-13 00:00:00-04:00,90.2300033569336,90.87999725341797,88.94000244140625,89.13999938964844,81.75914001464844,1455600,0.0,0.0
2017-04-17 00:00:00-04:00,88.2699966430664,90.77999877929688,88.0,89.11000061035156,81.73162841796875,1861900,0.0,0.0
2017-04-18 00:00:00-04:00,88.7699966430664,89.30000305175781,88.25,88.94000244140625,81.57567596435547,1084500,0.0,0.0
2017-04-19 00:00:00-04:00,89.43000030517578,89.83999633789062,88.83999633789062,88.91999816894531,81.55734252929688,1028800,0.0,0.0
2017-04-20 00:00:00-04:00,89.52999877929688,90.19999694824219,89.11000061035156,89.7699966430664,82.33698272705078,1240800,0.0,0.0
2017-04-21 00:00:00-04:00,90.1500015258789,91.0199966430664,89.5999984741211,90.94999694824219,83.41926574707031,1007900,0.0,0.0
2017-04-24 00:00:00-04:00,92.3499984741211,92.94000244140625,91.58999633789062,92.36000061035156,84.71251678466797,963900,0.0,0.0
2017-04-25 00:00:00-04:00,92.19000244140625,93.47000122070312,91.41000366210938,92.12999725341797,84.50154113769531,933100,0.0,0.0
2017-04-26 00:00:00-04:00,92.30000305175781,92.30000305175781,90.58000183105469,90.76000213623047,83.24498748779297,1304000,0.0,0.0
2017-04-27 00:00:00-04:00,90.91000366210938,91.56999969482422,90.83000183105469,91.05000305175781,83.51099395751953,1077700,0.0,0.0
2017-04-28 00:00:00-04:00,90.83999633789062,91.11000061035156,89.08000183105469,89.66000366210938,82.23607635498047,956600,0.0,0.0
2017-05-01 00:00:00-04:00,90.08999633789062,90.36000061035156,88.5,88.61000061035156,81.27301788330078,1182600,0.0,0.0
2017-05-02 00:00:00-04:00,88.86000061035156,89.70999908447266,88.25,89.6500015258789,82.22689819335938,2078600,0.0,0.0
2017-05-03 00:00:00-04:00,89.45999908447266,89.83999633789062,88.38999938964844,89.2699966430664,82.08895874023438,1514900,0.23,0.0
2017-05-04 00:00:00-04:00,89.36000061035156,89.52999877929688,87.51000213623047,88.55000305175781,81.4268798828125,1163100,0.0,0.0
2017-05-05 00:00:00-04:00,88.55000305175781,88.97000122070312,88.13999938964844,88.7300033569336,81.59237670898438,804900,0.0,0.0
2017-05-08 00:00:00-04:00,88.69000244140625,88.83000183105469,87.69000244140625,87.87999725341797,80.81076049804688,611900,0.0,0.0
2017-05-09 00:00:00-04:00,87.69999694824219,88.0999984741211,87.18000030517578,87.61000061035156,80.56249237060547,705600,0.0,0.0
2017-05-10 00:00:00-04:00,87.26000213623047,87.3499984741211,85.86000061035156,86.69000244140625,79.71649932861328,1642100,0.0,0.0
2017-05-11 00:00:00-04:00,86.5,86.66999816894531,85.68000030517578,86.06999969482422,79.1463851928711,1118800,0.0,0.0
2017-05-12 00:00:00-04:00,85.80000305175781,86.5999984741211,85.58999633789062,85.87000274658203,78.96247863769531,1639000,0.0,0.0
2017-05-15 00:00:00-04:00,85.94000244140625,86.83999633789062,85.83000183105469,85.9000015258789,78.99004364013672,1052200,0.0,0.0
2017-05-16 00:00:00-04:00,85.62000274658203,86.20999908447266,85.23999786376953,85.9800033569336,79.06362915039062,664700,0.0,0.0
2017-05-17 00:00:00-04:00,85.08000183105469,85.54000091552734,83.44999694824219,83.5199966430664,76.8014907836914,786500,0.0,0.0
2017-05-18 00:00:00-04:00,83.5199966430664,84.66999816894531,83.3499984741211,84.02999877929688,77.2704849243164,830500,0.0,0.0
2017-05-19 00:00:00-04:00,84.04000091552734,84.81999969482422,83.41999816894531,84.13999938964844,77.37164306640625,578800,0.0,0.0
2017-05-22 00:00:00-04:00,84.43000030517578,84.5,83.62000274658203,84.25,77.47278594970703,562900,0.0,0.0
2017-05-23 00:00:00-04:00,84.58999633789062,85.55999755859375,84.08000183105469,85.06999969482422,78.22679901123047,679700,0.0,0.0
2017-05-24 00:00:00-04:00,85.05999755859375,85.55999755859375,84.16999816894531,84.55000305175781,77.7486572265625,491700,0.0,0.0
2017-05-25 00:00:00-04:00,84.7300033569336,85.2300033569336,84.37999725341797,84.98999786376953,78.15326690673828,634200,0.0,0.0
2017-05-26 00:00:00-04:00,84.81999969482422,85.16000366210938,84.31999969482422,84.54000091552734,77.73944091796875,687900,0.0,0.0
2017-05-30 00:00:00-04:00,84.6500015258789,86.31999969482422,84.37000274658203,85.94000244140625,79.02682495117188,589400,0.0,0.0
2017-05-31 00:00:00-04:00,86.04000091552734,86.37000274658203,84.62000274658203,85.37999725341797,78.51188659667969,761300,0.0,0.0
2017-06-01 00:00:00-04:00,85.86000061035156,86.44999694824219,85.16000366210938,86.0199966430664,79.10037231445312,743900,0.0,0.0
2017-06-02 00:00:00-04:00,85.98999786376953,86.55000305175781,85.72000122070312,85.9800033569336,79.06362915039062,568400,0.0,0.0
2017-06-05 00:00:00-04:00,86.12999725341797,86.87000274658203,85.61000061035156,86.5,79.54179382324219,668700,0.0,0.0
2017-06-06 00:00:00-04:00,86.2300033569336,86.81999969482422,85.87000274658203,86.23999786376953,79.30268859863281,695400,0.0,0.0
2017-06-07 00:00:00-04:00,86.56999969482422,88.06999969482422,86.13999938964844,87.91999816894531,80.84757995605469,961500,0.0,0.0
2017-06-08 00:00:00-04:00,88.16000366210938,88.7699966430664,87.19000244140625,88.19999694824219,81.10503387451172,852400,0.0,0.0
2017-06-09 00:00:00-04:00,87.97000122070312,88.70999908447266,87.58000183105469,88.45999908447266,81.34412384033203,880500,0.0,0.0
2017-06-12 00:00:00-04:00,88.4800033569336,89.91999816894531,87.02999877929688,89.77999877929688,82.55793762207031,1570300,0.0,0.0
2017-06-13 00:00:00-04:00,89.73999786376953,90.80000305175781,89.30000305175781,90.56999969482422,83.28437805175781,885100,0.0,0.0
2017-06-14 00:00:00-04:00,90.7300033569336,90.83999633789062,89.3499984741211,89.87000274658203,82.64069366455078,700000,0.0,0.0
2017-06-15 00:00:00-04:00,89.0999984741211,90.31999969482422,88.36000061035156,90.29000091552734,83.02690887451172,701400,0.0,0.0
2017-06-16 00:00:00-04:00,90.12000274658203,90.12000274658203,89.1500015258789,89.58000183105469,82.37403106689453,1283500,0.0,0.0
2017-06-19 00:00:00-04:00,90.01000213623047,90.44999694824219,89.37999725341797,89.69000244140625,82.47518157958984,438100,0.0,0.0
2017-06-20 00:00:00-04:00,89.58000183105469,89.58000183105469,87.12000274658203,87.58999633789062,80.54411315917969,778100,0.0,0.0
2017-06-21 00:00:00-04:00,87.52999877929688,88.04000091552734,86.04000091552734,86.58999633789062,79.62455749511719,999800,0.0,0.0
2017-06-22 00:00:00-04:00,86.70999908447266,86.95999908447266,86.05999755859375,86.45999908447266,79.50499725341797,763200,0.0,0.0
2017-06-23 00:00:00-04:00,86.36000061035156,87.16999816894531,86.23999786376953,86.77999877929688,79.79926300048828,549600,0.0,0.0
2017-06-26 00:00:00-04:00,86.79000091552734,87.76000213623047,86.79000091552734,87.4800033569336,80.44296264648438,461200,0.0,0.0
2017-06-27 00:00:00-04:00,87.25,88.70999908447266,86.87000274658203,87.69999694824219,80.645263671875,812600,0.0,0.0
2017-06-28 00:00:00-04:00,88.02999877929688,92.62000274658203,88.0199966430664,91.37999725341797,84.02921295166016,1725300,0.0,0.0
2017-06-29 00:00:00-04:00,91.47000122070312,92.11000061035156,90.16000366210938,90.88999938964844,83.5786361694336,1157100,0.0,0.0
2017-06-30 00:00:00-04:00,91.62000274658203,91.77999877929688,90.55999755859375,91.37999725341797,84.02921295166016,1223400,0.0,0.0
2017-07-03 00:00:00-04:00,92.04000091552734,93.4800033569336,92.04000091552734,93.22000122070312,85.72122955322266,551900,0.0,0.0
2017-07-05 00:00:00-04:00,93.20999908447266,94.16999816894531,92.81999969482422,93.25,85.74880981445312,1604900,0.0,0.0
2017-07-06 00:00:00-04:00,93.91000366210938,93.91999816894531,92.08000183105469,92.25,84.82925415039062,1085500,0.0,0.0
2017-07-07 00:00:00-04:00,92.70999908447266,93.94000244140625,92.26000213623047,93.6500015258789,86.11664581298828,1122200,0.0,0.0
2017-07-10 00:00:00-04:00,93.41999816894531,93.69999694824219,92.69000244140625,92.7300033569336,85.27064514160156,1155800,0.0,0.0
2017-07-11 00:00:00-04:00,92.41999816894531,92.72000122070312,91.26000213623047,91.47000122070312,84.1119613647461,824900,0.0,0.0
2017-07-12 00:00:00-04:00,92.16999816894531,93.38999938964844,91.5199966430664,91.94999694824219,84.55338287353516,582800,0.0,0.0
2017-07-13 00:00:00-04:00,92.08999633789062,92.25,90.88999938964844,91.26000213623047,83.91887664794922,1146100,0.0,0.0
2017-07-14 00:00:00-04:00,91.26000213623047,92.30000305175781,91.0199966430664,91.8499984741211,84.4614028930664,1031400,0.0,0.0
2017-07-17 00:00:00-04:00,90.4800033569336,94.44999694824219,90.27999877929688,93.52999877929688,86.00629425048828,2422100,0.0,0.0
2017-07-18 00:00:00-04:00,93.18000030517578,93.75,91.77999877929688,92.01000213623047,84.60855865478516,1125100,0.0,0.0
2017-07-19 00:00:00-04:00,92.08000183105469,92.13999938964844,91.12000274658203,91.69999694824219,84.32350158691406,804300,0.0,0.0
2017-07-20 00:00:00-04:00,91.51000213623047,91.7699966430664,90.66000366210938,91.52999877929688,84.16716003417969,530400,0.0,0.0
2017-07-21 00:00:00-04:00,91.30000305175781,92.16000366210938,90.51000213623047,91.55999755859375,84.19474792480469,1092700,0.0,0.0
2017-07-24 00:00:00-04:00,91.33000183105469,91.70999908447266,90.51000213623047,91.54000091552734,84.17634582519531,718300,0.0,0.0
2017-07-25 00:00:00-04:00,92.30000305175781,94.05000305175781,92.16000366210938,93.36000061035156,85.84993743896484,971000,0.0,0.0
2017-07-26 00:00:00-04:00,93.4800033569336,93.83999633789062,92.87999725341797,93.5999984741211,86.07063293457031,729600,0.0,0.0
2017-07-27 00:00:00-04:00,93.18000030517578,93.4000015258789,90.06999969482422,90.8499984741211,83.54183959960938,1078000,0.0,0.0
2017-07-28 00:00:00-04:00,90.69999694824219,91.61000061035156,90.36000061035156,90.37000274658203,83.1004409790039,712800,0.0,0.0
2017-07-31 00:00:00-04:00,90.4800033569336,91.02999877929688,90.20999908447266,90.70999908447266,83.41311645507812,644400,0.0,0.0
2017-08-01 00:00:00-04:00,91.47000122070312,91.47000122070312,88.83000183105469,89.51000213623047,82.30964660644531,756000,0.0,0.0
2017-08-02 00:00:00-04:00,89.08999633789062,90.11000061035156,89.01000213623047,89.63999938964844,82.42921447753906,553200,0.0,0.0
2017-08-03 00:00:00-04:00,89.29000091552734,89.8499984741211,88.91000366210938,89.29000091552734,82.3185806274414,842300,0.23,0.0
2017-08-04 00:00:00-04:00,89.4800033569336,90.98999786376953,89.31999969482422,90.52999877929688,83.46178436279297,766200,0.0,0.0
2017-08-07 00:00:00-04:00,90.38999938964844,90.91000366210938,89.87000274658203,90.66000366210938,83.58160400390625,553400,0.0,0.0
2017-08-08 00:00:00-04:00,90.38999938964844,91.56999969482422,89.80999755859375,90.91000366210938,83.81208801269531,651700,0.0,0.0
2017-08-09 00:00:00-04:00,90.66000366210938,92.19999694824219,90.1500015258789,92.16999816894531,84.9737319946289,1020000,0.0,0.0
2017-08-10 00:00:00-04:00,91.58999633789062,92.88999938964844,91.55000305175781,92.0999984741211,84.9091796875,1332900,0.0,0.0
2017-08-11 00:00:00-04:00,92.7300033569336,95.2300033569336,92.7300033569336,94.69999694824219,87.30619812011719,1306500,0.0,0.0
2017-08-14 00:00:00-04:00,95.1500015258789,96.5999984741211,95.13999938964844,96.30999755859375,88.79046630859375,1604300,0.0,0.0
2017-08-15 00:00:00-04:00,96.4000015258789,97.79000091552734,96.20999908447266,97.37999725341797,89.77692413330078,1243800,0.0,0.0
2017-08-16 00:00:00-04:00,97.6500015258789,98.30000305175781,97.23999786376953,97.30000305175781,89.70317840576172,1166700,0.0,0.0
2017-08-17 00:00:00-04:00,97.0,97.4000015258789,95.93000030517578,96.88999938964844,89.32518005371094,1075400,0.0,0.0
2017-08-18 00:00:00-04:00,96.77999877929688,97.62000274658203,95.98999786376953,96.62999725341797,89.08547973632812,988800,0.0,0.0
2017-08-21 00:00:00-04:00,96.66999816894531,98.06999969482422,96.26000213623047,97.3499984741211,89.74927520751953,766800,0.0,0.0
2017-08-22 00:00:00-04:00,97.76000213623047,98.30999755859375,97.41999816894531,97.9000015258789,90.25633239746094,1040900,0.0,0.0
2017-08-23 00:00:00-04:00,97.5999984741211,97.68000030517578,96.83000183105469,97.08999633789062,89.5095443725586,530100,0.0,0.0
2017-08-24 00:00:00-04:00,97.16999816894531,97.5,96.30000305175781,96.55999755859375,89.02094268798828,784100,0.0,0.0
2017-08-25 00:00:00-04:00,96.9800033569336,98.38999938964844,96.63999938964844,97.66000366210938,90.0350570678711,833300,0.0,0.0
2017-08-28 00:00:00-04:00,98.05000305175781,99.3499984741211,98.05000305175781,99.12000274658203,91.38105773925781,633700,0.0,0.0
2017-08-29 00:00:00-04:00,98.75,101.20999908447266,98.5,100.05999755859375,92.24768829345703,911700,0.0,0.0
2017-08-30 00:00:00-04:00,99.95999908447266,100.7699966430664,99.6500015258789,99.77999877929688,91.98954772949219,1297400,0.0,0.0
2017-08-31 00:00:00-04:00,100.0999984741211,100.0999984741211,98.26000213623047,98.88999938964844,91.16903686523438,1021300,0.0,0.0
2017-09-01 00:00:00-04:00,99.41000366210938,99.91000366210938,98.51000213623047,99.3499984741211,91.59309387207031,566100,0.0,0.0
2017-09-05 00:00:00-04:00,99.22000122070312,99.62000274658203,98.13999938964844,98.61000061035156,90.9109115600586,809900,0.0,0.0
2017-09-06 00:00:00-04:00,98.94000244140625,99.55000305175781,98.27999877929688,99.08999633789062,91.3534164428711,852200,0.0,0.0
2017-09-07 00:00:00-04:00,99.51000213623047,100.91000366210938,99.23999786376953,100.73999786376953,92.87460327148438,1239900,0.0,0.0
2017-09-08 00:00:00-04:00,100.73999786376953,102.02999877929688,100.2300033569336,101.83999633789062,93.88870239257812,753800,0.0,0.0
2017-09-11 00:00:00-04:00,102.22000122070312,102.98999786376953,100.83000183105469,101.5,93.57527160644531,810400,0.0,0.0
2017-09-12 00:00:00-04:00,101.58999633789062,102.02999877929688,101.11000061035156,101.58999633789062,93.6582260131836,531000,0.0,0.0
2017-09-13 00:00:00-04:00,101.22000122070312,101.22000122070312,99.72000122070312,100.58999633789062,92.73632049560547,543700,0.0,0.0
2017-09-14 00:00:00-04:00,100.19000244140625,100.77999877929688,99.33000183105469,99.83000183105469,92.03563690185547,1321900,0.0,0.0
2017-09-15 00:00:00-04:00,100.0199966430664,101.72000122070312,99.66000366210938,101.56999969482422,93.6397705078125,1087900,0.0,0.0
2017-09-18 00:00:00-04:00,101.58999633789062,102.9000015258789,101.5,102.76000213623047,94.73689270019531,753000,0.0,0.0
2017-09-19 00:00:00-04:00,102.83999633789062,103.44999694824219,102.47000122070312,102.66999816894531,94.65390014648438,548700,0.0,0.0
2017-09-20 00:00:00-04:00,102.91000366210938,104.30000305175781,102.5,104.26000213623047,96.11976623535156,1217000,0.0,0.0
2017-09-21 00:00:00-04:00,104.58000183105469,105.72000122070312,104.05999755859375,104.66999816894531,96.49773406982422,787700,0.0,0.0
2017-09-22 00:00:00-04:00,104.80000305175781,105.91999816894531,104.66999816894531,105.75,97.49342346191406,510800,0.0,0.0
2017-09-25 00:00:00-04:00,105.47000122070312,105.87999725341797,104.33000183105469,104.93000030517578,96.73744201660156,766800,0.0,0.0
2017-09-26 00:00:00-04:00,105.0999984741211,107.38999938964844,104.58999633789062,107.08000183105469,98.7195816040039,1005500,0.0,0.0
2017-09-27 00:00:00-04:00,107.30000305175781,109.20999908447266,107.02999877929688,108.87999725341797,100.37905883789062,1262200,0.0,0.0
2017-09-28 00:00:00-04:00,108.83999633789062,109.54000091552734,108.52999877929688,108.9000015258789,100.39751434326172,567100,0.0,0.0
2017-09-29 00:00:00-04:00,111.08999633789062,111.5999984741211,109.7699966430664,111.08000183105469,102.40729522705078,1250500,0.0,0.0
2017-10-02 00:00:00-04:00,111.44000244140625,111.9800033569336,107.5199966430664,108.98999786376953,100.48045349121094,1171700,0.0,0.0
2017-10-03 00:00:00-04:00,109.52999877929688,110.63999938964844,108.55999755859375,109.06999969482422,100.5542221069336,717700,0.0,0.0
2017-10-04 00:00:00-04:00,108.77999877929688,109.45999908447266,108.33999633789062,108.66000366210938,100.17623901367188,1311800,0.0,0.0
2017-10-05 00:00:00-04:00,108.31999969482422,108.72000122070312,106.48999786376953,106.87000274658203,98.52598571777344,1105500,0.0,0.0
2017-10-06 00:00:00-04:00,106.83000183105469,107.9800033569336,106.33000183105469,106.7300033569336,98.39692687988281,732400,0.0,0.0
2017-10-09 00:00:00-04:00,106.68000030517578,106.91999816894531,105.08999633789062,105.91000366210938,97.64093780517578,737900,0.0,0.0
2017-10-10 00:00:00-04:00,106.08999633789062,106.31999969482422,105.38999938964844,106.16999816894531,97.88063049316406,705400,0.0,0.0
2017-10-11 00:00:00-04:00,106.26000213623047,106.45999908447266,105.11000061035156,105.68000030517578,97.42890930175781,631800,0.0,0.0
2017-10-12 00:00:00-04:00,105.80000305175781,108.41999816894531,105.5999984741211,108.3499984741211,99.89042663574219,1256100,0.0,0.0
2017-10-13 00:00:00-04:00,107.52999877929688,108.75,103.72000122070312,104.01000213623047,95.88931274414062,1972200,0.0,0.0
2017-10-16 00:00:00-04:00,103.44999694824219,103.44999694824219,100.25,101.63999938964844,93.70430755615234,1800400,0.0,0.0
2017-10-17 00:00:00-04:00,101.4800033569336,102.61000061035156,101.22000122070312,102.43000030517578,94.4326400756836,929000,0.0,0.0
2017-10-18 00:00:00-04:00,102.5199966430664,105.06999969482422,102.5199966430664,104.44999694824219,96.29491424560547,927000,0.0,0.0
2017-10-19 00:00:00-04:00,103.9800033569336,105.0199966430664,103.44000244140625,104.79000091552734,96.6083755493164,660800,0.0,0.0
2017-10-20 00:00:00-04:00,105.26000213623047,107.5,104.58000183105469,106.58000183105469,98.25861358642578,1086300,0.0,0.0
2017-10-23 00:00:00-04:00,108.5,108.73999786376953,106.58999633789062,107.41000366210938,99.02381134033203,641900,0.0,0.0
2017-10-24 00:00:00-04:00,107.44000244140625,108.2699966430664,106.12000274658203,106.30999755859375,98.00972747802734,906600,0.0,0.0
2017-10-25 00:00:00-04:00,106.19999694824219,106.66000366210938,105.6500015258789,106.2300033569336,97.93595886230469,910200,0.0,0.0
2017-10-26 00:00:00-04:00,106.30999755859375,109.41999816894531,106.20999908447266,108.87999725341797,100.37905883789062,620100,0.0,0.0
2017-10-27 00:00:00-04:00,108.73999786376953,109.66999816894531,108.41000366210938,109.61000061035156,101.05206298828125,635400,0.0,0.0
2017-10-30 00:00:00-04:00,108.66999816894531,108.66999816894531,105.01000213623047,105.26000213623047,97.04169464111328,1125100,0.0,0.0
2017-10-31 00:00:00-04:00,105.36000061035156,106.54000091552734,104.01000213623047,106.38999938964844,98.08344268798828,1194900,0.0,0.0
2017-11-01 00:00:00-04:00,106.73999786376953,107.69999694824219,106.01000213623047,106.18000030517578,97.88985443115234,641800,0.0,0.0
2017-11-02 00:00:00-04:00,106.19999694824219,107.41999816894531,105.5199966430664,107.37999725341797,99.21105194091797,525500,0.23,0.0
2017-11-03 00:00:00-04:00,107.16999816894531,108.41000366210938,106.18000030517578,107.22000122070312,99.06324005126953,736100,0.0,0.0
2017-11-06 00:00:00-05:00,106.97000122070312,108.62999725341797,106.30000305175781,107.83999633789062,99.63609313964844,830200,0.0,0.0
2017-11-07 00:00:00-05:00,107.54000091552734,108.3499984741211,106.16999816894531,106.6500015258789,98.53660583496094,972000,0.0,0.0
2017-11-08 00:00:00-05:00,106.4000015258789,106.4000015258789,103.04000091552734,104.36000061035156,96.42083740234375,1447300,0.0,0.0
2017-11-09 00:00:00-05:00,104.08999633789062,104.08999633789062,100.86000061035156,102.0,94.2403793334961,1255000,0.0,0.0
2017-11-10 00:00:00-05:00,102.02999877929688,102.2699966430664,101.22000122070312,101.8499984741211,94.10175323486328,729700,0.0,0.0
2017-11-13 00:00:00-05:00,101.91999816894531,103.04000091552734,101.47000122070312,102.58000183105469,94.7762222290039,918300,0.0,0.0
2017-11-14 00:00:00-05:00,102.0199966430664,102.72000122070312,101.6500015258789,102.47000122070312,94.67459106445312,848100,0.0,0.0
2017-11-15 00:00:00-05:00,102.3499984741211,102.9000015258789,101.1500015258789,101.54000091552734,93.81536102294922,677000,0.0,0.0
2017-11-16 00:00:00-05:00,101.87999725341797,103.19999694824219,101.22000122070312,102.9800033569336,95.14581298828125,848400,0.0,0.0
2017-11-17 00:00:00-05:00,103.7300033569336,104.29000091552734,100.97000122070312,101.44000244140625,93.72296142578125,999800,0.0,0.0
2017-11-20 00:00:00-05:00,101.33999633789062,101.98999786376953,100.77999877929688,101.72000122070312,93.98165893554688,358300,0.0,0.0
2017-11-21 00:00:00-05:00,102.27999877929688,103.38999938964844,101.51000213623047,103.22000122070312,95.36752319335938,770900,0.0,0.0
2017-11-22 00:00:00-05:00,103.36000061035156,104.52999877929688,103.16000366210938,104.01000213623047,96.09746551513672,474100,0.0,0.0
2017-11-24 00:00:00-05:00,104.0,104.9800033569336,103.95999908447266,104.16000366210938,96.23602294921875,206500,0.0,0.0
2017-11-27 00:00:00-05:00,104.29000091552734,104.75,103.25,103.63999938964844,95.75558471679688,465000,0.0,0.0
2017-11-28 00:00:00-05:00,104.33999633789062,106.05000305175781,103.30999755859375,106.02999877929688,97.96379089355469,764300,0.0,0.0
2017-11-29 00:00:00-05:00,105.97000122070312,108.69999694824219,105.5199966430664,108.63999938964844,100.3752212524414,922800,0.0,0.0
2017-11-30 00:00:00-05:00,108.9000015258789,111.88999938964844,108.16000366210938,111.13999938964844,102.68501281738281,1206000,0.0,0.0
2017-12-01 00:00:00-05:00,110.81999969482422,111.41999816894531,106.86000061035156,109.01000213623047,100.71707916259766,1077900,0.0,0.0
2017-12-04 00:00:00-05:00,110.68000030517578,112.5,110.0,110.19999694824219,101.8165512084961,1096100,0.0,0.0
2017-12-05 00:00:00-05:00,110.2300033569336,110.62000274658203,109.11000061035156,109.27999877929688,100.96654510498047,378400,0.0,0.0
2017-12-06 00:00:00-05:00,109.41000366210938,110.72000122070312,109.01000213623047,110.41000366210938,102.01057434082031,937900,0.0,0.0
2017-12-07 00:00:00-05:00,110.41000366210938,111.94999694824219,109.76000213623047,111.5999984741211,103.11002349853516,668700,0.0,0.0
2017-12-08 00:00:00-05:00,112.58000183105469,112.98999786376953,111.58999633789062,112.51000213623047,103.95082092285156,577100,0.0,0.0
2017-12-11 00:00:00-05:00,112.41000366210938,112.41999816894531,111.08999633789062,111.30000305175781,102.83287048339844,982800,0.0,0.0
2017-12-12 00:00:00-05:00,111.66999816894531,111.66999816894531,110.5199966430664,111.23999786376953,102.77743530273438,978700,0.0,0.0
2017-12-13 00:00:00-05:00,111.1500015258789,112.80999755859375,110.79000091552734,111.87000274658203,103.35948944091797,1089200,0.0,0.0
2017-12-14 00:00:00-05:00,112.0,112.23999786376953,110.94999694824219,111.38999938964844,102.91600036621094,796000,0.0,0.0
2017-12-15 00:00:00-05:00,111.88999938964844,113.04000091552734,111.0199966430664,112.37000274658203,103.82144927978516,1442300,0.0,0.0
2017-12-18 00:00:00-05:00,113.19999694824219,113.63999938964844,112.66999816894531,112.83000183105469,104.24647521972656,846400,0.0,0.0
2017-12-19 00:00:00-05:00,113.0199966430664,113.0199966430664,111.97000122070312,112.73999786376953,104.16331481933594,772000,0.0,0.0
2017-12-20 00:00:00-05:00,113.68000030517578,113.83000183105469,112.54000091552734,112.75,104.17255401611328,1323400,0.0,0.0
2017-12-21 00:00:00-05:00,113.16000366210938,113.48999786376953,111.0999984741211,112.72000122070312,104.14482879638672,846500,0.0,0.0
2017-12-22 00:00:00-05:00,112.62999725341797,114.95999908447266,112.33000183105469,114.52999877929688,105.81712341308594,789400,0.0,0.0
2017-12-26 00:00:00-05:00,115.0,115.73999786376953,114.4000015258789,114.91999816894531,106.17747497558594,503500,0.0,0.0
2017-12-27 00:00:00-05:00,114.95999908447266,115.55000305175781,114.43000030517578,115.47000122070312,106.6856460571289,348700,0.0,0.0
2017-12-28 00:00:00-05:00,111.37999725341797,115.37000274658203,111.33000183105469,115.23999786376953,106.47310638427734,1355500,0.0,0.0
2017-12-29 00:00:00-05:00,115.3499984741211,116.83999633789062,114.81999969482422,114.9800033569336,106.2328872680664,1133900,0.0,0.0
2018-01-02 00:00:00-05:00,115.95999908447266,116.88999938964844,114.73999786376953,116.08999633789062,107.25846862792969,863600,0.0,0.0
2018-01-03 00:00:00-05:00,116.33000183105469,118.05000305175781,115.94999694824219,116.87000274658203,107.9791259765625,980200,0.0,0.0
2018-01-04 00:00:00-05:00,117.16999816894531,118.05999755859375,115.43000030517578,116.88999938964844,107.99758911132812,1318000,0.0,0.0
2018-01-05 00:00:00-05:00,117.63999938964844,118.04000091552734,115.33000183105469,116.2699966430664,107.42477416992188,1436200,0.0,0.0
2018-01-08 00:00:00-05:00,116.13999938964844,118.16999816894531,116.12999725341797,118.02999877929688,109.0508804321289,828800,0.0,0.0
2018-01-09 00:00:00-05:00,118.4000015258789,120.54000091552734,118.33999633789062,120.30999755859375,111.15743255615234,945800,0.0,0.0
2018-01-10 00:00:00-05:00,120.3499984741211,120.66000366210938,119.38999938964844,120.11000061035156,110.9726333618164,889300,0.0,0.0
2018-01-11 00:00:00-05:00,117.36000061035156,121.19000244140625,116.75,120.93000030517578,111.73025512695312,937800,0.0,0.0
2018-01-12 00:00:00-05:00,121.33000183105469,121.51000213623047,119.62000274658203,121.05999755859375,111.85037231445312,978200,0.0,0.0
2018-01-16 00:00:00-05:00,121.41999816894531,121.48999786376953,119.69000244140625,120.63999938964844,111.46232604980469,1068200,0.0,0.0
2018-01-17 00:00:00-05:00,121.37999725341797,121.72000122070312,119.80000305175781,120.6500015258789,111.47156524658203,1241600,0.0,0.0
2018-01-18 00:00:00-05:00,118.94000244140625,122.18000030517578,117.18000030517578,121.44999694824219,112.21070861816406,1480500,0.0,0.0
2018-01-19 00:00:00-05:00,122.27999877929688,123.87000274658203,121.36000061035156,123.61000061035156,114.20638275146484,1317800,0.0,0.0
2018-01-22 00:00:00-05:00,123.61000061035156,125.51000213623047,122.30999755859375,125.38999938964844,115.85093688964844,1170100,0.0,0.0
2018-01-23 00:00:00-05:00,125.33000183105469,126.05000305175781,124.87999725341797,125.58999633789062,116.03575134277344,995500,0.0,0.0
2018-01-24 00:00:00-05:00,125.69999694824219,126.48999786376953,124.58999633789062,125.6500015258789,116.0911865234375,1030800,0.0,0.0
2018-01-25 00:00:00-05:00,125.9800033569336,126.23999786376953,123.44000244140625,123.98999786376953,114.5574722290039,813600,0.0,0.0
2018-01-26 00:00:00-05:00,124.83999633789062,125.55000305175781,123.45999908447266,125.02999877929688,115.51834869384766,623100,0.0,0.0
2018-01-29 00:00:00-05:00,122.30000305175781,124.45999908447266,120.26000213623047,121.76000213623047,112.49707794189453,1095000,0.0,0.0
2018-01-30 00:00:00-05:00,121.33000183105469,121.86000061035156,120.2699966430664,120.72000122070312,111.53622436523438,765000,0.0,0.0
2018-01-31 00:00:00-05:00,121.5999984741211,123.05999755859375,120.66999816894531,120.83000183105469,111.63784790039062,970800,0.0,0.0
2018-02-01 00:00:00-05:00,120.01000213623047,121.91000366210938,119.37999725341797,120.79000091552734,111.60090637207031,826900,0.0,0.0
2018-02-02 00:00:00-05:00,119.9000015258789,120.77999877929688,117.75,118.16999816894531,109.18020629882812,1853800,0.0,0.0
2018-02-05 00:00:00-05:00,117.63999938964844,118.12000274658203,114.5,114.62999725341797,105.90953063964844,2185800,0.0,0.0
2018-02-06 00:00:00-05:00,113.08000183105469,116.3499984741211,111.41999816894531,115.93000030517578,107.1106185913086,1988000,0.0,0.0
2018-02-07 00:00:00-05:00,115.86000061035156,119.16000366210938,115.83000183105469,117.94999694824219,108.97695922851562,1355700,0.0,0.0
2018-02-08 00:00:00-05:00,117.51000213623047,118.12000274658203,114.29000091552734,114.80999755859375,106.29212951660156,1662600,0.24,0.0
2018-02-09 00:00:00-05:00,115.3499984741211,116.62000274658203,112.77999877929688,115.11000061035156,106.56986236572266,1792000,0.0,0.0
2018-02-12 00:00:00-05:00,115.5199966430664,117.19999694824219,114.23999786376953,115.87999725341797,107.28270721435547,828200,0.0,0.0
2018-02-13 00:00:00-05:00,115.16000366210938,119.30000305175781,114.62999725341797,118.33000183105469,109.55097198486328,946000,0.0,0.0
2018-02-14 00:00:00-05:00,117.62000274658203,120.3499984741211,116.9000015258789,120.0,111.09705352783203,934200,0.0,0.0
2018-02-15 00:00:00-05:00,120.8499984741211,121.20999908447266,117.5,120.7300033569336,111.77291107177734,919400,0.0,0.0
2018-02-16 00:00:00-05:00,120.44000244140625,121.93000030517578,119.72000122070312,120.58000183105469,111.63402557373047,534700,0.0,0.0
2018-02-20 00:00:00-05:00,119.8499984741211,120.26000213623047,117.44000244140625,118.19999694824219,109.43059539794922,972900,0.0,0.0
2018-02-21 00:00:00-05:00,118.5,121.0,118.12000274658203,119.0,110.17124938964844,705200,0.0,0.0
2018-02-22 00:00:00-05:00,119.5199966430664,121.79000091552734,118.91999816894531,119.70999908447266,110.82855224609375,817400,0.0,0.0
2018-02-23 00:00:00-05:00,120.54000091552734,121.16999816894531,118.98999786376953,121.11000061035156,112.12471771240234,546900,0.0,0.0
2018-02-26 00:00:00-05:00,121.79000091552734,123.43000030517578,120.48999786376953,123.18000030517578,114.04114532470703,570700,0.0,0.0
2018-02-27 00:00:00-05:00,123.16999816894531,124.16000366210938,120.58999633789062,120.62000274658203,111.67108917236328,532600,0.0,0.0
2018-02-28 00:00:00-05:00,120.9000015258789,121.19000244140625,118.5199966430664,118.56999969482422,109.77315521240234,680400,0.0,0.0
2018-03-01 00:00:00-05:00,118.52999877929688,120.16999816894531,117.7300033569336,118.54000091552734,109.7453842163086,1037300,0.0,0.0
2018-03-02 00:00:00-05:00,118.22000122070312,120.86000061035156,115.0,120.33000183105469,111.402587890625,1160800,0.0,0.0
2018-03-05 00:00:00-05:00,119.33000183105469,119.56999969482422,116.93000030517578,117.41000366210938,108.69921112060547,1286500,0.0,0.0
2018-03-06 00:00:00-05:00,117.91000366210938,119.05000305175781,117.04000091552734,118.56999969482422,109.77315521240234,753600,0.0,0.0
2018-03-07 00:00:00-05:00,117.8499984741211,119.54000091552734,117.16000366210938,118.9000015258789,110.07868194580078,647300,0.0,0.0
2018-03-08 00:00:00-05:00,119.05999755859375,119.05999755859375,117.13999938964844,118.69999694824219,109.8935317993164,737700,0.0,0.0
2018-03-09 00:00:00-05:00,119.5999984741211,121.9000015258789,119.06999969482422,121.80000305175781,112.7635269165039,902100,0.0,0.0
2018-03-12 00:00:00-04:00,122.02999877929688,122.55000305175781,120.18000030517578,120.81999969482422,111.85620880126953,433400,0.0,0.0
2018-03-13 00:00:00-04:00,121.19000244140625,122.7300033569336,121.12999725341797,121.98999786376953,112.93942260742188,814900,0.0,0.0
2018-03-14 00:00:00-04:00,122.58999633789062,122.58999633789062,119.62000274658203,119.80999755859375,110.92119598388672,516500,0.0,0.0
2018-03-15 00:00:00-04:00,119.80000305175781,120.80000305175781,118.62000274658203,119.7699966430664,110.88411712646484,461200,0.0,0.0
2018-03-16 00:00:00-04:00,119.87999725341797,120.91999816894531,119.2300033569336,120.30000305175781,111.37481689453125,1007000,0.0,0.0
2018-03-19 00:00:00-04:00,120.1500015258789,120.91000366210938,118.83999633789062,120.19000244140625,111.27296447753906,652900,0.0,0.0
2018-03-20 00:00:00-04:00,121.04000091552734,122.2699966430664,120.5,120.7699966430664,111.8099136352539,539400,0.0,0.0
2018-03-21 00:00:00-04:00,120.93000030517578,122.19999694824219,120.54000091552734,120.58999633789062,111.6432876586914,551800,0.0,0.0
2018-03-22 00:00:00-04:00,119.98999786376953,120.63999938964844,118.47000122070312,118.81999969482422,110.00460052490234,889500,0.0,0.0
2018-03-23 00:00:00-04:00,118.63999938964844,119.51000213623047,116.83000183105469,118.0,109.24544525146484,1208600,0.0,0.0
2018-03-26 00:00:00-04:00,119.7699966430664,120.48999786376953,117.8499984741211,120.18000030517578,111.26371002197266,905800,0.0,0.0
2018-03-27 00:00:00-04:00,120.56999969482422,122.30999755859375,114.69000244140625,114.95999908447266,106.43096923828125,1103400,0.0,0.0
2018-03-28 00:00:00-04:00,115.0,116.68000030517578,112.55000305175781,114.91999816894531,106.3939437866211,1060100,0.0,0.0
2018-03-29 00:00:00-04:00,115.73999786376953,118.4800033569336,114.69999694824219,117.1500015258789,108.4585189819336,885100,0.0,0.0
2018-04-02 00:00:00-04:00,118.2699966430664,119.54000091552734,114.54000091552734,115.36000061035156,106.80130004882812,1102700,0.0,0.0
2018-04-03 00:00:00-04:00,117.0,119.4800033569336,116.5,117.16999816894531,108.47703552246094,1370100,0.0,0.0
2018-04-04 00:00:00-04:00,115.48999786376953,115.87999725341797,113.12000274658203,115.37999725341797,106.81982421875,1921600,0.0,0.0
2018-04-05 00:00:00-04:00,116.05999755859375,116.37999725341797,112.52999877929688,113.80000305175781,105.3570556640625,1429500,0.0,0.0
2018-04-06 00:00:00-04:00,112.66000366210938,113.25,108.45999908447266,109.93000030517578,101.7741928100586,1414000,0.0,0.0
2018-04-09 00:00:00-04:00,110.7699966430664,111.81999969482422,109.08999633789062,109.20999908447266,101.1075668334961,933900,0.0,0.0
2018-04-10 00:00:00-04:00,109.19999694824219,111.91999816894531,108.66999816894531,111.43000030517578,103.16289520263672,1128500,0.0,0.0
2018-04-11 00:00:00-04:00,110.88999938964844,113.54000091552734,110.66999816894531,113.08999633789062,104.69972229003906,1384500,0.0,0.0
2018-04-12 00:00:00-04:00,112.01000213623047,114.66999816894531,111.98999786376953,114.18000030517578,105.70884704589844,1167500,0.0,0.0
2018-04-13 00:00:00-04:00,114.37999725341797,114.87999725341797,112.26000213623047,112.7699966430664,104.40345001220703,1456100,0.0,0.0
2018-04-16 00:00:00-04:00,119.72000122070312,121.68000030517578,115.0,119.75,110.8656005859375,2312800,0.0,0.0
2018-04-17 00:00:00-04:00,121.13999938964844,121.20999908447266,116.5,119.16999816894531,110.32862854003906,1470400,0.0,0.0
2018-04-18 00:00:00-04:00,119.7699966430664,121.7699966430664,119.75,121.33999633789062,112.33763122558594,1041000,0.0,0.0
2018-04-19 00:00:00-04:00,121.33999633789062,122.19000244140625,120.0199966430664,121.2699966430664,112.27283477783203,743800,0.0,0.0
2018-04-20 00:00:00-04:00,121.11000061035156,122.05999755859375,119.29000091552734,119.58999633789062,110.71749114990234,901300,0.0,0.0
2018-04-23 00:00:00-04:00,119.4800033569336,120.80000305175781,119.16000366210938,120.31999969482422,111.393310546875,766400,0.0,0.0
2018-04-24 00:00:00-04:00,121.12999725341797,121.7300033569336,117.80999755859375,118.41000366210938,109.62503051757812,1338800,0.0,0.0
2018-04-25 00:00:00-04:00,118.04000091552734,119.86000061035156,117.33000183105469,117.77999877929688,109.0417709350586,1039800,0.0,0.0
2018-04-26 00:00:00-04:00,117.7699966430664,118.43000030517578,114.73999786376953,117.25,108.55109405517578,1153100,0.0,0.0
2018-04-27 00:00:00-04:00,117.08000183105469,118.69000244140625,116.41999816894531,118.5199966430664,109.72686767578125,487000,0.0,0.0
2018-04-30 00:00:00-04:00,118.52999877929688,119.61000061035156,117.18000030517578,117.43000030517578,108.7177505493164,898000,0.0,0.0
2018-05-01 00:00:00-04:00,117.37000274658203,117.43000030517578,115.12999725341797,115.91999816894531,107.31974792480469,781400,0.0,0.0
2018-05-02 00:00:00-04:00,115.87999725341797,117.66999816894531,115.1500015258789,116.4000015258789,107.76416015625,1187900,0.0,0.0
2018-05-03 00:00:00-04:00,115.83000183105469,117.7300033569336,114.0999984741211,116.58999633789062,108.16305541992188,822600,0.24,0.0
2018-05-04 00:00:00-04:00,115.81999969482422,118.81999969482422,115.20999908447266,117.41999816894531,108.9330825805664,638600,0.0,0.0
2018-05-07 00:00:00-04:00,118.12000274658203,119.11000061035156,117.38999938964844,118.0999984741211,109.56390380859375,728400,0.0,0.0
2018-05-08 00:00:00-04:00,117.56999969482422,119.54000091552734,117.56999969482422,118.80999755859375,110.22259521484375,1019600,0.0,0.0
2018-05-09 00:00:00-04:00,119.30999755859375,120.86000061035156,119.30000305175781,120.70999908447266,111.98529815673828,631200,0.0,0.0
2018-05-10 00:00:00-04:00,121.86000061035156,123.11000061035156,121.16999816894531,122.9000015258789,114.01697540283203,623900,0.0,0.0
2018-05-11 00:00:00-04:00,123.12000274658203,125.41999816894531,123.12000274658203,124.66000366210938,115.64978790283203,690300,0.0,0.0
2018-05-14 00:00:00-04:00,125.11000061035156,125.1500015258789,123.25,123.76000213623047,114.8148422241211,557600,0.0,0.0
2018-05-15 00:00:00-04:00,122.91999816894531,123.83000183105469,121.9000015258789,123.25,114.3416748046875,701700,0.0,0.0
2018-05-16 00:00:00-04:00,123.58999633789062,125.61000061035156,123.30000305175781,125.12000274658203,116.0765380859375,715500,0.0,0.0
2018-05-17 00:00:00-04:00,125.5,127.04000091552734,125.1500015258789,125.69000244140625,116.6053237915039,1021000,0.0,0.0
2018-05-18 00:00:00-04:00,125.58000183105469,127.13999938964844,118.80999755859375,126.86000061035156,117.69078063964844,990300,0.0,0.0
2018-05-21 00:00:00-04:00,127.79000091552734,129.74000549316406,127.29000091552734,128.10000610351562,118.84114837646484,1078000,0.0,0.0
2018-05-22 00:00:00-04:00,128.4600067138672,128.69000244140625,124.36000061035156,124.6500015258789,115.6405029296875,852100,0.0,0.0
2018-05-23 00:00:00-04:00,123.55999755859375,124.77999877929688,121.69000244140625,124.61000061035156,115.60340881347656,869900,0.0,0.0
2018-05-24 00:00:00-04:00,124.63999938964844,127.3499984741211,124.51000213623047,127.12000274658203,117.93199157714844,757500,0.0,0.0
2018-05-25 00:00:00-04:00,127.20999908447266,129.92999267578125,126.97000122070312,128.38999938964844,119.11019897460938,863200,0.0,0.0
2018-05-29 00:00:00-04:00,127.44000244140625,128.41000366210938,126.36000061035156,127.38999938964844,118.18245697021484,641400,0.0,0.0
2018-05-30 00:00:00-04:00,128.22000122070312,130.35000610351562,126.62999725341797,129.41000366210938,120.05645751953125,561400,0.0,0.0
2018-05-31 00:00:00-04:00,129.3699951171875,129.8800048828125,127.19000244140625,128.10000610351562,118.84114837646484,725000,0.0,0.0
2018-06-01 00:00:00-04:00,128.63999938964844,130.0399932861328,128.63999938964844,129.63999938964844,120.26984405517578,509000,0.0,0.0
2018-06-04 00:00:00-04:00,130.05999755859375,130.14999389648438,126.41000366210938,127.5,118.28448486328125,586400,0.0,0.0
2018-06-05 00:00:00-04:00,127.55000305175781,128.97999572753906,124.66999816894531,126.81999969482422,117.65364837646484,732700,0.0,0.0
2018-06-06 00:00:00-04:00,127.06999969482422,128.4499969482422,125.19000244140625,126.7699966430664,117.6072769165039,588000,0.0,0.0
2018-06-07 00:00:00-04:00,126.9000015258789,127.9000015258789,125.79000091552734,127.2699966430664,118.07112884521484,545300,0.0,0.0
2018-06-08 00:00:00-04:00,127.19000244140625,128.9199981689453,127.0,128.67999267578125,119.37920379638672,370100,0.0,0.0
2018-06-11 00:00:00-04:00,128.5800018310547,131.50999450683594,128.50999450683594,130.25999450683594,120.84503936767578,653300,0.0,0.0
2018-06-12 00:00:00-04:00,130.25999450683594,131.10000610351562,129.42999267578125,130.82000732421875,121.36451721191406,541200,0.0,0.0
2018-06-13 00:00:00-04:00,131.05999755859375,131.74000549316406,126.7300033569336,129.38999938964844,120.03791809082031,708800,0.0,0.0
2018-06-14 00:00:00-04:00,129.97000122070312,130.8000030517578,128.72000122070312,129.64999389648438,120.27909088134766,550600,0.0,0.0
2018-06-15 00:00:00-04:00,129.52000427246094,130.85000610351562,128.02000427246094,130.24000549316406,120.82646942138672,954800,0.0,0.0
2018-06-18 00:00:00-04:00,129.2899932861328,130.33999633789062,128.6699981689453,129.2899932861328,119.94512939453125,596700,0.0,0.0
2018-06-19 00:00:00-04:00,128.25,128.39999389648438,125.55000305175781,127.30000305175781,118.0989761352539,651600,0.0,0.0
2018-06-20 00:00:00-04:00,127.87999725341797,129.07000732421875,127.0999984741211,128.47999572753906,119.19366455078125,481300,0.0,0.0
2018-06-21 00:00:00-04:00,128.52999877929688,129.41000366210938,127.06999969482422,128.1999969482422,118.93390655517578,556000,0.0,0.0
2018-06-22 00:00:00-04:00,128.91000366210938,129.83999633789062,127.98999786376953,128.1300048828125,118.86900329589844,810500,0.0,0.0
2018-06-25 00:00:00-04:00,127.18000030517578,127.18000030517578,123.37999725341797,124.05000305175781,115.08387756347656,804200,0.0,0.0
2018-06-26 00:00:00-04:00,124.20999908447266,124.87000274658203,122.80999755859375,122.98999786376953,114.10047912597656,701600,0.0,0.0
2018-06-27 00:00:00-04:00,123.36000061035156,124.6500015258789,121.44000244140625,121.5,112.71819305419922,571300,0.0,0.0
2018-06-28 00:00:00-04:00,121.44000244140625,121.81999969482422,120.05999755859375,121.23999786376953,112.47698211669922,637700,0.0,0.0
2018-06-29 00:00:00-04:00,121.69999694824219,123.04000091552734,120.8499984741211,121.55000305175781,112.76459503173828,1030200,0.0,0.0
2018-07-02 00:00:00-04:00,121.2300033569336,122.56999969482422,120.70999908447266,122.4000015258789,113.5531234741211,481300,0.0,0.0
2018-07-03 00:00:00-04:00,122.52999877929688,123.30000305175781,121.68000030517578,122.01000213623047,113.1913070678711,295900,0.0,0.0
2018-07-05 00:00:00-04:00,122.56999969482422,123.18000030517578,119.58999633789062,121.47000122070312,112.69036102294922,865600,0.0,0.0
2018-07-06 00:00:00-04:00,121.1500015258789,123.2699966430664,120.9800033569336,122.04000091552734,113.21914672851562,434600,0.0,0.0
2018-07-09 00:00:00-04:00,122.76000213623047,124.91999816894531,122.43000030517578,124.4800033569336,115.48279571533203,634300,0.0,0.0
2018-07-10 00:00:00-04:00,124.66999816894531,125.86000061035156,122.98999786376953,124.20999908447266,115.2322998046875,702000,0.0,0.0
2018-07-11 00:00:00-04:00,123.66999816894531,123.79000091552734,121.33000183105469,121.76000213623047,112.95938110351562,1025800,0.0,0.0
2018-07-12 00:00:00-04:00,122.66000366210938,122.66000366210938,120.7699966430664,120.8499984741211,112.11515808105469,1268500,0.0,0.0
2018-07-13 00:00:00-04:00,121.11000061035156,122.76000213623047,120.72000122070312,121.83000183105469,113.02432250976562,2008100,0.0,0.0
2018-07-16 00:00:00-04:00,129.74000549316406,129.97999572753906,116.13999938964844,121.12999725341797,112.37493133544922,4855800,0.0,0.0
2018-07-17 00:00:00-04:00,121.0,122.44000244140625,119.5999984741211,121.55999755859375,112.77383422851562,1344900,0.0,0.0
2018-07-18 00:00:00-04:00,121.68000030517578,122.58000183105469,120.83000183105469,121.43000030517578,112.65323638916016,1152600,0.0,0.0
2018-07-19 00:00:00-04:00,120.81999969482422,122.11000061035156,119.83999633789062,121.58000183105469,112.79240417480469,1075500,0.0,0.0
2018-07-20 00:00:00-04:00,121.51000213623047,121.62000274658203,120.45999908447266,121.26000213623047,112.49552917480469,1007200,0.0,0.0
2018-07-23 00:00:00-04:00,120.94999694824219,122.54000091552734,120.86000061035156,121.91999816894531,113.10782623291016,859900,0.0,0.0
2018-07-24 00:00:00-04:00,122.26000213623047,122.7300033569336,116.83999633789062,117.08000183105469,108.61764526367188,1508500,0.0,0.0
2018-07-25 00:00:00-04:00,117.2699966430664,119.0999984741211,116.63999938964844,118.87999725341797,110.28753662109375,1144500,0.0,0.0
2018-07-26 00:00:00-04:00,119.0199966430664,119.7300033569336,116.54000091552734,118.80999755859375,110.22259521484375,1478000,0.0,0.0
2018-07-27 00:00:00-04:00,118.87999725341797,119.38999938964844,118.16999816894531,118.8499984741211,110.25971221923828,733700,0.0,0.0
2018-07-30 00:00:00-04:00,118.75,119.98999786376953,117.58999633789062,117.80999755859375,109.2948989868164,610000,0.0,0.0
2018-07-31 00:00:00-04:00,117.95999908447266,120.7300033569336,117.3499984741211,119.9000015258789,111.23384857177734,690300,0.0,0.0
2018-08-01 00:00:00-04:00,119.9000015258789,120.13999938964844,118.7300033569336,119.44999694824219,110.81633758544922,549200,0.0,0.0
2018-08-02 00:00:00-04:00,118.27999877929688,122.68000030517578,118.27999877929688,122.41000366210938,113.79104614257812,1093700,0.24,0.0
2018-08-03 00:00:00-04:00,122.62000274658203,122.76000213623047,120.0999984741211,120.80999755859375,112.3036880493164,575800,0.0,0.0
2018-08-06 00:00:00-04:00,120.80000305175781,121.63999938964844,119.94999694824219,121.3499984741211,112.80567169189453,427200,0.0,0.0
2018-08-07 00:00:00-04:00,121.69999694824219,123.4800033569336,121.04000091552734,122.69000244140625,114.05133819580078,444400,0.0,0.0
2018-08-08 00:00:00-04:00,122.41000366210938,122.68000030517578,121.7699966430664,121.91000366210938,113.32624816894531,355800,0.0,0.0
2018-08-09 00:00:00-04:00,122.33000183105469,123.19999694824219,121.08999633789062,121.70999908447266,113.14031219482422,393100,0.0,0.0
2018-08-10 00:00:00-04:00,120.95999908447266,121.63999938964844,120.51000213623047,121.11000061035156,112.58257293701172,671300,0.0,0.0
2018-08-13 00:00:00-04:00,121.43000030517578,121.7699966430664,120.08999633789062,120.13999938964844,111.6808853149414,479200,0.0,0.0
2018-08-14 00:00:00-04:00,120.56999969482422,121.9000015258789,120.23999786376953,121.56999969482422,113.01018524169922,497200,0.0,0.0
2018-08-15 00:00:00-04:00,120.7300033569336,121.72000122070312,119.56999969482422,121.30999755859375,112.76849365234375,397800,0.0,0.0
2018-08-16 00:00:00-04:00,122.20999908447266,122.38999938964844,121.12000274658203,121.6500015258789,113.08456420898438,438000,0.0,0.0
2018-08-17 00:00:00-04:00,121.76000213623047,122.43000030517578,120.8499984741211,122.33999633789062,113.72598266601562,461600,0.0,0.0
2018-08-20 00:00:00-04:00,122.06999969482422,123.9000015258789,122.06999969482422,123.43000030517578,114.73924255371094,445000,0.0,0.0
2018-08-21 00:00:00-04:00,123.51000213623047,124.87000274658203,123.44000244140625,123.9000015258789,115.17613220214844,471500,0.0,0.0
2018-08-22 00:00:00-04:00,123.68000030517578,124.43000030517578,123.36000061035156,123.94000244140625,115.21331024169922,534100,0.0,0.0
2018-08-23 00:00:00-04:00,123.87000274658203,124.4000015258789,123.22000122070312,123.48999786376953,114.79498291015625,557400,0.0,0.0
2018-08-24 00:00:00-04:00,123.80000305175781,124.6500015258789,123.2699966430664,123.80000305175781,115.08317565917969,302700,0.0,0.0
2018-08-27 00:00:00-04:00,123.94000244140625,125.81999969482422,123.41000366210938,123.79000091552734,115.07386016845703,707300,0.0,0.0
2018-08-28 00:00:00-04:00,124.08000183105469,124.61000061035156,121.5,121.69000244140625,113.12174224853516,604300,0.0,0.0
2018-08-29 00:00:00-04:00,121.87000274658203,121.87000274658203,120.08000183105469,121.26000213623047,112.72200775146484,670700,0.0,0.0
2018-08-30 00:00:00-04:00,120.93000030517578,121.2300033569336,119.33000183105469,119.80999755859375,111.3741455078125,529100,0.0,0.0
2018-08-31 00:00:00-04:00,119.81999969482422,121.05000305175781,119.38999938964844,120.75,112.24790954589844,551900,0.0,0.0
2018-09-04 00:00:00-04:00,120.75,121.19000244140625,119.7300033569336,119.9800033569336,111.53211975097656,914300,0.0,0.0
2018-09-05 00:00:00-04:00,118.12000274658203,123.3499984741211,118.12000274658203,123.06999969482422,114.4045639038086,749400,0.0,0.0
2018-09-06 00:00:00-04:00,123.56999969482422,124.5199966430664,122.69999694824219,123.08000183105469,114.41387176513672,551300,0.0,0.0
2018-09-07 00:00:00-04:00,122.62000274658203,124.30999755859375,122.43000030517578,122.9800033569336,114.3209228515625,532600,0.0,0.0
2018-09-10 00:00:00-04:00,123.77999877929688,127.69999694824219,123.76000213623047,127.44000244140625,118.46688079833984,1065900,0.0,0.0
2018-09-11 00:00:00-04:00,127.37999725341797,127.93000030517578,126.11000061035156,126.4800033569336,117.574462890625,562500,0.0,0.0
2018-09-12 00:00:00-04:00,126.4000015258789,126.98999786376953,124.97000122070312,125.27999877929688,116.45897674560547,499300,0.0,0.0
2018-09-13 00:00:00-04:00,125.8499984741211,126.87999725341797,123.55000305175781,123.87000274658203,115.14825439453125,521300,0.0,0.0
2018-09-14 00:00:00-04:00,123.87000274658203,125.93000030517578,123.73999786376953,124.55999755859375,115.78965759277344,579200,0.0,0.0
2018-09-17 00:00:00-04:00,124.55999755859375,124.80999755859375,121.44000244140625,122.44999694824219,113.82820892333984,637900,0.0,0.0
2018-09-18 00:00:00-04:00,122.45999908447266,123.95999908447266,121.30999755859375,123.38999938964844,114.7020492553711,604100,0.0,0.0
2018-09-19 00:00:00-04:00,123.55999755859375,123.97000122070312,121.58999633789062,122.08999633789062,113.49356842041016,605400,0.0,0.0
2018-09-20 00:00:00-04:00,122.48999786376953,123.63999938964844,119.26000213623047,119.41000366210938,111.00228118896484,1066100,0.0,0.0
2018-09-21 00:00:00-04:00,119.19999694824219,119.73999786376953,117.11000061035156,119.0,110.62113189697266,1852400,0.0,0.0
2018-09-24 00:00:00-04:00,119.26000213623047,120.44999694824219,118.6500015258789,120.4000015258789,111.92259216308594,909000,0.0,0.0
2018-09-25 00:00:00-04:00,120.38999938964844,120.91999816894531,119.41000366210938,119.83000183105469,111.39268493652344,687700,0.0,0.0
2018-09-26 00:00:00-04:00,119.9000015258789,122.08000183105469,119.44000244140625,121.08999633789062,112.56396484375,502100,0.0,0.0
2018-09-27 00:00:00-04:00,121.01000213623047,121.12000274658203,117.3499984741211,118.44999694824219,110.10987091064453,1433600,0.0,0.0
2018-09-28 00:00:00-04:00,119.06999969482422,119.95999908447266,118.26000213623047,118.94000244140625,110.56537628173828,1055800,0.0,0.0
2018-10-01 00:00:00-04:00,119.72000122070312,121.44999694824219,119.72000122070312,121.08999633789062,112.56396484375,655300,0.0,0.0
2018-10-02 00:00:00-04:00,121.1500015258789,121.52999877929688,120.12000274658203,120.37000274658203,111.89469146728516,765000,0.0,0.0
2018-10-03 00:00:00-04:00,120.48999786376953,121.43000030517578,119.7699966430664,120.6500015258789,112.15497589111328,929300,0.0,0.0
2018-10-04 00:00:00-04:00,120.62000274658203,122.16000366210938,119.80000305175781,121.04000091552734,112.51751708984375,714400,0.0,0.0
2018-10-05 00:00:00-04:00,121.02999877929688,121.0999984741211,119.31999969482422,120.41000366210938,111.93187713623047,1005600,0.0,0.0
2018-10-08 00:00:00-04:00,120.36000061035156,121.3499984741211,119.30000305175781,121.08999633789062,112.56396484375,648800,0.0,0.0
2018-10-09 00:00:00-04:00,120.94000244140625,121.73999786376953,117.94000244140625,118.16999816894531,109.84959411621094,886700,0.0,0.0
2018-10-10 00:00:00-04:00,117.69999694824219,118.37999725341797,113.7699966430664,113.93000030517578,105.90812683105469,1024800,0.0,0.0
2018-10-11 00:00:00-04:00,114.0199966430664,114.51000213623047,109.87999725341797,110.29000091552734,102.5244140625,1395700,0.0,0.0
2018-10-12 00:00:00-04:00,111.81999969482422,111.81999969482422,108.45999908447266,109.29000091552734,101.59481048583984,1485100,0.0,0.0
2018-10-15 00:00:00-04:00,109.02999877929688,112.41999816894531,109.0199966430664,111.52999877929688,103.67711639404297,1562200,0.0,0.0
2018-10-16 00:00:00-04:00,113.0,116.2699966430664,111.95999908447266,113.88999938964844,105.87091064453125,1535900,0.0,0.0
2018-10-17 00:00:00-04:00,113.83999633789062,113.86000061035156,111.76000213623047,112.19999694824219,104.2999496459961,1299700,0.0,0.0
2018-10-18 00:00:00-04:00,111.91999816894531,111.91999816894531,109.2300033569336,109.87999725341797,102.14328002929688,1257700,0.0,0.0
2018-10-19 00:00:00-04:00,110.30000305175781,111.88999938964844,109.47000122070312,111.62999725341797,103.77005767822266,1332000,0.0,0.0
2018-10-22 00:00:00-04:00,111.30999755859375,112.1500015258789,110.11000061035156,111.06999969482422,103.24950408935547,917800,0.0,0.0
2018-10-23 00:00:00-04:00,109.68000030517578,109.98999786376953,107.1500015258789,108.9800033569336,101.30662536621094,1003000,0.0,0.0
2018-10-24 00:00:00-04:00,108.97000122070312,110.08999633789062,106.4800033569336,106.66999816894531,99.15930938720703,826900,0.0,0.0
2018-10-25 00:00:00-04:00,107.33000183105469,109.62999725341797,106.95999908447266,107.4000015258789,99.83792114257812,815800,0.0,0.0
2018-10-26 00:00:00-04:00,105.72000122070312,107.08999633789062,104.23999786376953,106.51000213623047,99.01056671142578,854900,0.0,0.0
2018-10-29 00:00:00-04:00,108.05000305175781,109.62000274658203,105.58999633789062,107.0999984741211,99.55902862548828,706300,0.0,0.0
2018-10-30 00:00:00-04:00,107.23999786376953,110.45999908447266,107.23999786376953,109.76000213623047,102.03174591064453,917800,0.0,0.0
2018-10-31 00:00:00-04:00,110.75,111.98999786376953,110.20999908447266,110.61000061035156,102.8218765258789,853400,0.0,0.0
2018-11-01 00:00:00-04:00,110.5999984741211,111.68000030517578,109.13999938964844,110.9000015258789,103.09146118164062,951400,0.0,0.0
2018-11-02 00:00:00-04:00,111.29000091552734,111.83999633789062,109.16000366210938,110.01000213623047,102.26416015625,709000,0.0,0.0
2018-11-05 00:00:00-05:00,109.81999969482422,109.81999969482422,106.37000274658203,108.81999969482422,101.1579360961914,1132900,0.0,0.0
2018-11-06 00:00:00-05:00,108.54000091552734,110.30999755859375,108.16999816894531,108.83000183105469,101.16722106933594,798800,0.0,0.0
2018-11-07 00:00:00-05:00,109.43000030517578,111.30999755859375,108.30000305175781,111.05999755859375,103.24019622802734,532100,0.0,0.0
2018-11-08 00:00:00-05:00,110.26000213623047,111.33999633789062,108.4800033569336,109.25,101.77757263183594,540100,0.24,0.0
2018-11-09 00:00:00-05:00,108.55999755859375,109.01000213623047,106.2699966430664,106.72000122070312,99.42064666748047,975500,0.0,0.0
2018-11-12 00:00:00-05:00,106.70999908447266,107.55999755859375,106.04000091552734,106.19999694824219,98.93619537353516,931200,0.0,0.0
2018-11-13 00:00:00-05:00,106.54000091552734,108.08000183105469,105.05999755859375,105.41999816894531,98.20954132080078,964100,0.0,0.0
2018-11-14 00:00:00-05:00,106.0,107.44999694824219,104.48999786376953,105.22000122070312,98.02320861816406,771800,0.0,0.0
2018-11-15 00:00:00-05:00,104.76000213623047,107.70999908447266,104.3499984741211,106.55999755859375,99.2715835571289,1110800,0.0,0.0
2018-11-16 00:00:00-05:00,106.48999786376953,107.81999969482422,105.80000305175781,107.0199966430664,99.70011138916016,764900,0.0,0.0
2018-11-19 00:00:00-05:00,106.69000244140625,109.04000091552734,106.44000244140625,108.51000213623047,101.08821105957031,893500,0.0,0.0
2018-11-20 00:00:00-05:00,107.62999725341797,108.2300033569336,104.0199966430664,104.37000274658203,97.23137664794922,726400,0.0,0.0
2018-11-21 00:00:00-05:00,104.81999969482422,106.44999694824219,103.5199966430664,105.6500015258789,98.4238052368164,448700,0.0,0.0
2018-11-23 00:00:00-05:00,105.11000061035156,105.80000305175781,104.70999908447266,105.41000366210938,98.20022583007812,189400,0.0,0.0
2018-11-26 00:00:00-05:00,106.36000061035156,108.05999755859375,105.93000030517578,107.9800033569336,100.59443664550781,1441600,0.0,0.0
2018-11-27 00:00:00-05:00,107.41000366210938,108.29000091552734,105.12000274658203,105.94000244140625,98.69397735595703,647400,0.0,0.0
2018-11-28 00:00:00-05:00,106.16999816894531,108.6500015258789,105.27999877929688,108.63999938964844,101.20930480957031,457100,0.0,0.0
2018-11-29 00:00:00-05:00,108.2699966430664,108.81999969482422,105.77999877929688,106.23999786376953,98.97345733642578,1177200,0.0,0.0
2018-11-30 00:00:00-05:00,106.38999938964844,108.25,106.12999725341797,106.36000061035156,99.08523559570312,1280300,0.0,0.0
2018-12-03 00:00:00-05:00,107.75,108.76000213623047,104.7300033569336,105.01000213623047,97.82758331298828,931900,0.0,0.0
2018-12-04 00:00:00-05:00,104.79000091552734,105.66999816894531,99.62999725341797,100.62999725341797,93.74717712402344,1700000,0.0,0.0
2018-12-06 00:00:00-05:00,99.38999938964844,103.70999908447266,98.9000015258789,103.43000030517578,96.35565185546875,1356500,0.0,0.0
2018-12-07 00:00:00-05:00,103.37999725341797,104.13999938964844,99.51000213623047,99.83999633789062,93.01119995117188,887300,0.0,0.0
2018-12-10 00:00:00-05:00,100.08999633789062,100.22000122070312,98.12999725341797,99.91000366210938,93.07640838623047,667000,0.0,0.0
2018-12-11 00:00:00-05:00,101.25,101.95999908447266,98.23999786376953,98.66000366210938,91.91191101074219,663800,0.0,0.0
2018-12-12 00:00:00-05:00,100.05000305175781,100.68000030517578,98.19999694824219,98.30000305175781,91.57654571533203,892500,0.0,0.0
2018-12-13 00:00:00-05:00,98.62000274658203,98.62000274658203,95.41000366210938,95.87000274658203,89.312744140625,752000,0.0,0.0
2018-12-14 00:00:00-05:00,94.16000366210938,94.93000030517578,92.47000122070312,92.69000244140625,86.35026550292969,1294700,0.0,0.0
2018-12-17 00:00:00-05:00,92.69999694824219,94.12000274658203,91.87999725341797,93.68000030517578,87.27252960205078,970200,0.0,0.0
2018-12-18 00:00:00-05:00,94.23999786376953,94.75,93.16999816894531,93.56999969482422,87.17005920410156,916000,0.0,0.0
2018-12-19 00:00:00-05:00,93.29000091552734,94.81999969482422,91.38999938964844,91.88999938964844,85.60494995117188,986200,0.0,0.0
2018-12-20 00:00:00-05:00,91.81999969482422,93.43000030517578,91.58999633789062,92.43000030517578,86.10803985595703,1089000,0.0,0.0
2018-12-21 00:00:00-05:00,93.06999969482422,94.5999984741211,90.7300033569336,90.8499984741211,84.63610076904297,1888600,0.0,0.0
2018-12-24 00:00:00-05:00,90.83999633789062,91.02999877929688,88.37999725341797,88.66999816894531,82.60519409179688,454500,0.0,0.0
2018-12-26 00:00:00-05:00,89.12999725341797,92.7300033569336,88.62000274658203,92.66000366210938,86.32232666015625,1184300,0.0,0.0
2018-12-27 00:00:00-05:00,91.63999938964844,93.80000305175781,90.83000183105469,93.80000305175781,87.38431549072266,566000,0.0,0.0
2018-12-28 00:00:00-05:00,94.0199966430664,94.69000244140625,92.80999755859375,93.2300033569336,86.85330200195312,690100,0.0,0.0
2018-12-31 00:00:00-05:00,93.7300033569336,93.94999694824219,91.97000122070312,93.04000091552734,86.67630004882812,973000,0.0,0.0
2019-01-02 00:00:00-05:00,91.5,94.2699966430664,91.33000183105469,93.23999786376953,86.86264038085938,937000,0.0,0.0
2019-01-03 00:00:00-05:00,92.37999725341797,92.86000061035156,90.5999984741211,90.88999938964844,84.67337799072266,662200,0.0,0.0
2019-01-04 00:00:00-05:00,92.05999755859375,94.54000091552734,92.05999755859375,93.36000061035156,86.97441864013672,833600,0.0,0.0
2019-01-07 00:00:00-05:00,93.13999938964844,94.58999633789062,92.18000030517578,93.23999786376953,86.86264038085938,1316900,0.0,0.0
2019-01-08 00:00:00-05:00,94.04000091552734,95.94999694824219,93.70999908447266,95.87999725341797,89.32205200195312,1358500,0.0,0.0
2019-01-09 00:00:00-05:00,96.3499984741211,97.13999938964844,95.55999755859375,96.97000122070312,90.3375015258789,1037900,0.0,0.0
2019-01-10 00:00:00-05:00,96.52999877929688,97.37000274658203,95.87999725341797,97.0999984741211,90.4585952758789,646300,0.0,0.0
2019-01-11 00:00:00-05:00,96.4000015258789,97.69999694824219,96.08000183105469,97.4800033569336,90.8126220703125,611700,0.0,0.0
2019-01-14 00:00:00-05:00,96.69999694824219,98.2699966430664,96.25,98.01000213623047,91.30635833740234,789000,0.0,0.0
2019-01-15 00:00:00-05:00,97.91000366210938,98.13999938964844,96.63999938964844,97.08000183105469,90.43997192382812,789300,0.0,0.0
2019-01-16 00:00:00-05:00,97.29000091552734,98.31999969482422,96.76000213623047,96.94999694824219,90.3188705444336,757600,0.0,0.0
2019-01-17 00:00:00-05:00,98.25,100.5199966430664,98.05000305175781,99.91999816894531,93.08573150634766,1287300,0.0,0.0
2019-01-18 00:00:00-05:00,108.80000305175781,109.41000366210938,105.0,106.11000061035156,98.85236358642578,2007200,0.0,0.0
2019-01-22 00:00:00-05:00,105.55999755859375,105.91999816894531,103.11000061035156,103.80000305175781,96.70035552978516,1271600,0.0,0.0
2019-01-23 00:00:00-05:00,103.80999755859375,104.18000030517578,100.68000030517578,101.88999938964844,94.92098236083984,1234500,0.0,0.0
2019-01-24 00:00:00-05:00,102.37000274658203,103.7699966430664,101.88999938964844,102.70999908447266,95.6849136352539,1000000,0.0,0.0
2019-01-25 00:00:00-05:00,103.41999816894531,104.80999755859375,102.87999725341797,104.36000061035156,97.22203063964844,991200,0.0,0.0
2019-01-28 00:00:00-05:00,102.87999725341797,104.80999755859375,101.88999938964844,104.44999694824219,97.30589294433594,1027300,0.0,0.0
2019-01-29 00:00:00-05:00,104.55000305175781,105.5199966430664,104.41999816894531,105.29000091552734,98.08843994140625,585200,0.0,0.0
2019-01-30 00:00:00-05:00,105.23999786376953,107.51000213623047,104.5999984741211,106.9800033569336,99.6628646850586,964600,0.0,0.0
2019-01-31 00:00:00-05:00,107.18000030517578,107.37000274658203,106.16999816894531,107.04000091552734,99.71874237060547,1228900,0.0,0.0
2019-02-01 00:00:00-05:00,107.08999633789062,108.01000213623047,106.5999984741211,107.83000183105469,100.4547119140625,769400,0.0,0.0
2019-02-04 00:00:00-05:00,108.01000213623047,108.66000366210938,106.69000244140625,108.63999938964844,101.20930480957031,656700,0.0,0.0
2019-02-05 00:00:00-05:00,108.63999938964844,109.98999786376953,108.0199966430664,109.5199966430664,102.02909088134766,824000,0.0,0.0
2019-02-06 00:00:00-05:00,109.29000091552734,110.23999786376953,108.0999984741211,108.63999938964844,101.20930480957031,1440900,0.0,0.0
2019-02-07 00:00:00-05:00,107.97000122070312,109.16999816894531,107.47000122070312,108.87000274658203,101.6668701171875,1723000,0.26,0.0
2019-02-08 00:00:00-05:00,108.54000091552734,109.44999694824219,106.54000091552734,109.27999877929688,102.04977416992188,1596000,0.0,0.0
2019-02-11 00:00:00-05:00,109.38999938964844,109.7699966430664,108.66000366210938,109.62999725341797,102.3766098022461,1022900,0.0,0.0
2019-02-12 00:00:00-05:00,110.12000274658203,111.6500015258789,110.08000183105469,111.48999786376953,104.11351776123047,845400,0.0,0.0
2019-02-13 00:00:00-05:00,109.02999877929688,111.29000091552734,108.73999786376953,111.06999969482422,103.72134399414062,979900,0.0,0.0
2019-02-14 00:00:00-05:00,110.29000091552734,112.58999633789062,109.93000030517578,112.11000061035156,104.69251251220703,1021900,0.0,0.0
2019-02-15 00:00:00-05:00,112.95999908447266,113.87999725341797,112.44000244140625,113.58999633789062,106.07456970214844,1545500,0.0,0.0
2019-02-19 00:00:00-05:00,113.37999725341797,114.4000015258789,112.58999633789062,113.80999755859375,106.28003692626953,1054300,0.0,0.0
2019-02-20 00:00:00-05:00,113.80999755859375,114.45999908447266,113.2300033569336,113.79000091552734,106.2613754272461,732700,0.0,0.0
2019-02-21 00:00:00-05:00,113.79000091552734,113.79000091552734,110.7699966430664,111.44999694824219,104.07618713378906,999400,0.0,0.0
2019-02-22 00:00:00-05:00,111.62999725341797,111.62999725341797,108.58999633789062,109.11000061035156,101.8909912109375,1464900,0.0,0.0
2019-02-25 00:00:00-05:00,109.63999938964844,110.37999725341797,107.30999755859375,107.38999938964844,100.28480529785156,936000,0.0,0.0
2019-02-26 00:00:00-05:00,107.48999786376953,108.95999908447266,107.19000244140625,108.0,100.85443878173828,757800,0.0,0.0
2019-02-27 00:00:00-05:00,107.66000366210938,108.08999633789062,106.87999725341797,107.01000213623047,99.92996215820312,461100,0.0,0.0
2019-02-28 00:00:00-05:00,106.8499984741211,107.83000183105469,105.87999725341797,107.66999816894531,100.54627227783203,807700,0.0,0.0
2019-03-01 00:00:00-05:00,107.79000091552734,108.68000030517578,106.9000015258789,107.22000122070312,100.12606048583984,685900,0.0,0.0
2019-03-04 00:00:00-05:00,108.0999984741211,108.79000091552734,105.43000030517578,106.08999633789062,99.07080078125,883500,0.0,0.0
2019-03-05 00:00:00-05:00,105.7300033569336,106.2699966430664,102.7300033569336,102.8499984741211,96.04515838623047,1435500,0.0,0.0
2019-03-06 00:00:00-05:00,102.7300033569336,103.9000015258789,102.2300033569336,103.23999786376953,96.40939331054688,1078800,0.0,0.0
2019-03-07 00:00:00-05:00,102.9800033569336,103.37999725341797,101.44999694824219,101.9000015258789,95.15800476074219,916700,0.0,0.0
2019-03-08 00:00:00-05:00,101.20999908447266,101.94999694824219,99.62000274658203,101.77999877929688,95.04597473144531,1357600,0.0,0.0
2019-03-11 00:00:00-04:00,101.58999633789062,104.80000305175781,101.33999633789062,104.61000061035156,97.68873596191406,1049900,0.0,0.0
2019-03-12 00:00:00-04:00,104.62000274658203,105.2699966430664,102.9800033569336,103.88999938964844,97.0163803100586,712700,0.0,0.0
2019-03-13 00:00:00-04:00,104.30999755859375,106.47000122070312,103.98999786376953,105.41999816894531,98.44515228271484,809600,0.0,0.0
2019-03-14 00:00:00-04:00,105.16000366210938,105.72000122070312,104.0199966430664,104.13999938964844,97.24984741210938,667100,0.0,0.0
2019-03-15 00:00:00-04:00,104.19999694824219,105.18000030517578,103.0999984741211,103.30000305175781,96.46541595458984,824700,0.0,0.0
2019-03-18 00:00:00-04:00,103.05000305175781,104.25,102.77999877929688,104.12999725341797,97.2405014038086,773800,0.0,0.0
2019-03-19 00:00:00-04:00,104.0999984741211,104.0999984741211,100.31999969482422,100.5,93.85066986083984,815300,0.0,0.0
2019-03-20 00:00:00-04:00,100.19000244140625,101.08999633789062,98.80999755859375,99.69000244140625,93.0942611694336,1067800,0.0,0.0
2019-03-21 00:00:00-04:00,99.37000274658203,100.44000244140625,99.18000030517578,100.05999755859375,93.43978881835938,1074300,0.0,0.0
2019-03-22 00:00:00-04:00,99.80000305175781,99.80999755859375,97.43000030517578,97.54000091552734,91.08649444580078,1079400,0.0,0.0
2019-03-25 00:00:00-04:00,97.62999725341797,98.5199966430664,96.37000274658203,96.58999633789062,90.19937133789062,1377100,0.0,0.0
2019-03-26 00:00:00-04:00,96.83999633789062,98.19000244140625,96.80999755859375,98.08999633789062,91.60010528564453,776400,0.0,0.0
2019-03-27 00:00:00-04:00,98.08000183105469,99.72000122070312,97.97000122070312,99.0999984741211,92.54330444335938,863400,0.0,0.0
2019-03-28 00:00:00-04:00,99.16999816894531,101.4000015258789,99.16999816894531,100.9800033569336,94.29891967773438,681800,0.0,0.0
2019-03-29 00:00:00-04:00,101.44000244140625,101.68000030517578,100.9800033569336,101.29000091552734,94.58840942382812,746100,0.0,0.0
2019-04-01 00:00:00-04:00,102.2300033569336,103.87999725341797,102.18000030517578,103.44999694824219,96.60549926757812,727100,0.0,0.0
2019-04-02 00:00:00-04:00,103.44999694824219,104.02999877929688,102.6500015258789,103.22000122070312,96.39070892333984,723800,0.0,0.0
2019-04-03 00:00:00-04:00,103.70999908447266,105.20999908447266,103.23999786376953,103.54000091552734,96.68952941894531,483200,0.0,0.0
2019-04-04 00:00:00-04:00,103.54000091552734,105.79000091552734,103.54000091552734,104.27999877929688,97.38056945800781,494500,0.0,0.0
2019-04-05 00:00:00-04:00,104.43000030517578,105.26000213623047,104.0999984741211,104.68000030517578,97.75413513183594,675800,0.0,0.0
2019-04-08 00:00:00-04:00,104.5,105.0,103.73999786376953,104.01000213623047,97.12843322753906,629600,0.0,0.0
2019-04-09 00:00:00-04:00,103.01000213623047,103.63999938964844,102.33000183105469,103.0,96.18526458740234,544200,0.0,0.0
2019-04-10 00:00:00-04:00,102.86000061035156,102.91000366210938,101.29000091552734,102.37999725341797,95.60627746582031,1012700,0.0,0.0
2019-04-11 00:00:00-04:00,102.76000213623047,104.91000366210938,102.2699966430664,104.69999694824219,97.77278137207031,1173600,0.0,0.0
2019-04-12 00:00:00-04:00,105.25,107.01000213623047,105.18000030517578,106.68000030517578,99.62178802490234,1131900,0.0,0.0
2019-04-15 00:00:00-04:00,106.83000183105469,107.33000183105469,104.6500015258789,105.5,98.51984405517578,1424500,0.0,0.0
2019-04-16 00:00:00-04:00,100.0,103.0,99.27999877929688,100.27999877929688,93.64523315429688,3611200,0.0,0.0
2019-04-17 00:00:00-04:00,100.13999938964844,101.2300033569336,97.83999633789062,98.51000213623047,91.99234771728516,2121000,0.0,0.0
2019-04-18 00:00:00-04:00,96.8499984741211,99.37999725341797,96.54000091552734,97.20999908447266,90.7783432006836,3040800,0.0,0.0
2019-04-22 00:00:00-04:00,96.88999938964844,99.05999755859375,96.48999786376953,98.62000274658203,92.09504699707031,1507700,0.0,0.0
2019-04-23 00:00:00-04:00,98.87999725341797,98.9000015258789,97.58999633789062,97.98999786376953,91.5067367553711,1606700,0.0,0.0
2019-04-24 00:00:00-04:00,98.11000061035156,99.26000213623047,98.11000061035156,98.5,91.98301696777344,1235900,0.0,0.0
2019-04-25 00:00:00-04:00,98.08000183105469,98.62000274658203,96.4000015258789,96.8499984741211,90.4421615600586,937900,0.0,0.0
2019-04-26 00:00:00-04:00,97.05999755859375,98.76000213623047,97.01000213623047,98.31999969482422,91.81488800048828,716100,0.0,0.0
2019-04-29 00:00:00-04:00,98.2699966430664,98.75,94.20999908447266,95.61000061035156,89.28419494628906,1935100,0.0,0.0
2019-04-30 00:00:00-04:00,95.30000305175781,95.61000061035156,93.2300033569336,94.4800033569336,88.2289810180664,1482900,0.0,0.0
2019-05-01 00:00:00-04:00,94.36000061035156,94.36000061035156,91.5,91.80999755859375,85.73560333251953,1345100,0.0,0.0
2019-05-02 00:00:00-04:00,91.80999755859375,94.8499984741211,91.41999816894531,94.4800033569336,88.47953796386719,1797100,0.26,0.0
2019-05-03 00:00:00-04:00,95.12999725341797,96.23999786376953,94.66999816894531,95.95999908447266,89.86552429199219,1043400,0.0,0.0
2019-05-06 00:00:00-04:00,94.30999755859375,97.04000091552734,94.0,96.66999816894531,90.53044891357422,983900,0.0,0.0
2019-05-07 00:00:00-04:00,95.6500015258789,96.38999938964844,94.7300033569336,95.98999786376953,89.89360809326172,1081200,0.0,0.0
2019-05-08 00:00:00-04:00,95.72000122070312,96.86000061035156,95.16000366210938,95.27999877929688,89.22872924804688,952600,0.0,0.0
2019-05-09 00:00:00-04:00,94.5999984741211,95.80000305175781,94.55000305175781,95.4000015258789,89.34111785888672,1001700,0.0,0.0
2019-05-10 00:00:00-04:00,95.18000030517578,95.20999908447266,93.51000213623047,95.05999755859375,89.022705078125,792400,0.0,0.0
2019-05-13 00:00:00-04:00,93.0999984741211,93.9800033569336,91.48999786376953,93.54000091552734,87.59925079345703,2062800,0.0,0.0
2019-05-14 00:00:00-04:00,93.76000213623047,96.19000244140625,93.62999725341797,95.62999725341797,89.5564956665039,1136400,0.0,0.0
2019-05-15 00:00:00-04:00,95.05999755859375,95.91000366210938,94.4800033569336,95.54000091552734,89.47219848632812,831700,0.0,0.0
2019-05-16 00:00:00-04:00,95.62000274658203,96.80999755859375,95.23999786376953,96.55000305175781,90.41805267333984,846100,0.0,0.0
2019-05-17 00:00:00-04:00,96.06999969482422,97.94000244140625,95.66000366210938,96.0199966430664,89.92172241210938,1604800,0.0,0.0
2019-05-20 00:00:00-04:00,95.70999908447266,98.69999694824219,95.31999969482422,97.4800033569336,91.28901672363281,1133400,0.0,0.0
2019-05-21 00:00:00-04:00,97.62999725341797,98.19000244140625,95.55999755859375,95.75,89.66889190673828,1367900,0.0,0.0
2019-05-22 00:00:00-04:00,95.54000091552734,95.63999938964844,92.16999816894531,92.93000030517578,87.02796173095703,1707700,0.0,0.0
2019-05-23 00:00:00-04:00,92.27999877929688,92.33999633789062,89.75,91.02999877929688,85.24864959716797,1733100,0.0,0.0
2019-05-24 00:00:00-04:00,91.37999725341797,91.56999969482422,88.70999908447266,89.26000213623047,83.59107971191406,1463700,0.0,0.0
2019-05-28 00:00:00-04:00,86.27999877929688,87.88999938964844,85.70999908447266,85.76000213623047,80.3133544921875,2297800,0.0,0.0
2019-05-29 00:00:00-04:00,85.47000122070312,86.01000213623047,84.45999908447266,84.83999633789062,79.45178985595703,1213300,0.0,0.0
2019-05-30 00:00:00-04:00,84.94999694824219,85.52999877929688,83.63999938964844,85.5,80.06983947753906,756700,0.0,0.0
2019-05-31 00:00:00-04:00,84.61000061035156,85.91999816894531,84.11000061035156,85.13999938964844,79.73272705078125,853500,0.0,0.0
2019-06-03 00:00:00-04:00,85.19000244140625,87.02999877929688,84.93000030517578,85.29000091552734,79.87317657470703,1202700,0.0,0.0
2019-06-04 00:00:00-04:00,86.37000274658203,88.62000274658203,86.0199966430664,88.48999786376953,82.86997985839844,1091800,0.0,0.0
2019-06-05 00:00:00-04:00,88.86000061035156,89.6500015258789,88.19999694824219,88.47000122070312,82.85123443603516,913900,0.0,0.0
2019-06-06 00:00:00-04:00,88.2699966430664,88.2699966430664,86.18000030517578,87.73999786376953,82.1676025390625,704900,0.0,0.0
2019-06-07 00:00:00-04:00,87.91000366210938,89.04000091552734,87.33000183105469,87.38999938964844,81.83981323242188,898200,0.0,0.0
2019-06-10 00:00:00-04:00,88.01000213623047,89.43000030517578,87.87999725341797,88.63999938964844,83.01043701171875,856600,0.0,0.0
2019-06-11 00:00:00-04:00,89.23999786376953,89.27999877929688,87.8499984741211,87.91000366210938,82.32679748535156,549200,0.0,0.0
2019-06-12 00:00:00-04:00,87.9000015258789,88.8499984741211,87.51000213623047,88.70999908447266,83.07597351074219,702400,0.0,0.0
2019-06-13 00:00:00-04:00,89.11000061035156,90.62999725341797,88.76000213623047,90.05999755859375,84.34027862548828,963300,0.0,0.0
2019-06-14 00:00:00-04:00,90.06999969482422,91.20999908447266,88.7300033569336,90.8499984741211,85.08007049560547,1083000,0.0,0.0
2019-06-17 00:00:00-04:00,90.87999725341797,90.94000244140625,89.38999938964844,90.06999969482422,84.34962463378906,728900,0.0,0.0
2019-06-18 00:00:00-04:00,85.0999984741211,91.80000305175781,85.05000305175781,89.87999725341797,84.17166137695312,1389500,0.0,0.0
2019-06-19 00:00:00-04:00,90.31999969482422,90.94000244140625,88.86000061035156,89.5,83.8157958984375,759900,0.0,0.0
2019-06-20 00:00:00-04:00,90.58999633789062,91.33000183105469,90.29000091552734,90.87000274658203,85.09880828857422,730500,0.0,0.0
2019-06-21 00:00:00-04:00,89.75,90.58000183105469,88.23999786376953,88.91000366210938,83.26331329345703,1530100,0.0,0.0
2019-06-24 00:00:00-04:00,89.0,89.26000213623047,87.27999877929688,87.33000183105469,81.78365325927734,872300,0.0,0.0
2019-06-25 00:00:00-04:00,87.13999938964844,88.5999984741211,86.7699966430664,87.80999755859375,82.23314666748047,765100,0.0,0.0
2019-06-26 00:00:00-04:00,88.19000244140625,88.56999969482422,87.43000030517578,88.3499984741211,82.73884582519531,484700,0.0,0.0
2019-06-27 00:00:00-04:00,88.77999877929688,90.36000061035156,88.68000030517578,89.69000244140625,83.9937744140625,650200,0.0,0.0
2019-06-28 00:00:00-04:00,90.06999969482422,92.2300033569336,90.06999969482422,91.41000366210938,85.60450744628906,1912000,0.0,0.0
2019-07-01 00:00:00-04:00,92.18000030517578,93.19000244140625,90.48999786376953,91.23999786376953,85.44532012939453,839600,0.0,0.0
2019-07-02 00:00:00-04:00,91.23999786376953,91.86000061035156,89.87999725341797,90.2699966430664,84.53691101074219,635600,0.0,0.0
2019-07-03 00:00:00-04:00,90.55000305175781,91.69999694824219,90.55000305175781,91.41000366210938,85.60450744628906,337400,0.0,0.0
2019-07-05 00:00:00-04:00,90.86000061035156,91.44999694824219,89.97000122070312,90.86000061035156,85.08944702148438,449400,0.0,0.0
2019-07-08 00:00:00-04:00,90.38999938964844,90.75,88.94000244140625,89.22000122070312,83.55361938476562,858400,0.0,0.0
2019-07-09 00:00:00-04:00,88.9800033569336,89.11000061035156,88.0199966430664,88.86000061035156,83.21646881103516,1342100,0.0,0.0
2019-07-10 00:00:00-04:00,89.69999694824219,89.94000244140625,87.27999877929688,87.62999725341797,82.06455993652344,945500,0.0,0.0
2019-07-11 00:00:00-04:00,85.37999725341797,88.79000091552734,85.16000366210938,87.76000213623047,82.18630981445312,1459300,0.0,0.0
2019-07-12 00:00:00-04:00,87.79000091552734,93.5199966430664,87.79000091552734,92.94000244140625,87.03736114501953,1492300,0.0,0.0
2019-07-15 00:00:00-04:00,93.0,93.55000305175781,91.62000274658203,92.58000183105469,86.70023345947266,2020300,0.0,0.0
2019-07-16 00:00:00-04:00,99.62999725341797,101.16999816894531,97.33000183105469,97.7300033569336,91.52313995361328,5993600,0.0,0.0
2019-07-17 00:00:00-04:00,97.2300033569336,98.18000030517578,93.87999725341797,97.7699966430664,91.56056213378906,3210500,0.0,0.0
2019-07-18 00:00:00-04:00,97.75,99.30000305175781,97.23999786376953,99.2300033569336,92.9278564453125,2031200,0.0,0.0
2019-07-19 00:00:00-04:00,99.63999938964844,103.87000274658203,99.05000305175781,103.73999786376953,97.15144348144531,2519900,0.0,0.0
2019-07-22 00:00:00-04:00,103.77999877929688,104.0,102.05999755859375,103.08999633789062,96.54269409179688,1701600,0.0,0.0
2019-07-23 00:00:00-04:00,103.5,104.55000305175781,103.30999755859375,104.19000244140625,97.57286834716797,968000,0.0,0.0
2019-07-24 00:00:00-04:00,104.30000305175781,106.62000274658203,102.44999694824219,102.75,96.22431945800781,1598300,0.0,0.0
2019-07-25 00:00:00-04:00,102.5,102.83999633789062,101.31999969482422,102.13999938964844,95.65304565429688,1229200,0.0,0.0
2019-07-26 00:00:00-04:00,102.3499984741211,103.11000061035156,101.61000061035156,102.94000244140625,96.4022216796875,540700,0.0,0.0
2019-07-29 00:00:00-04:00,102.41000366210938,102.88999938964844,101.13999938964844,101.8499984741211,95.38145446777344,710700,0.0,0.0
2019-07-30 00:00:00-04:00,100.8499984741211,102.69999694824219,99.81999969482422,102.63999938964844,96.12130737304688,639800,0.0,0.0
2019-07-31 00:00:00-04:00,102.5,103.33000183105469,100.80000305175781,102.37000274658203,95.86843872070312,702800,0.0,0.0
2019-08-01 00:00:00-04:00,102.02999877929688,103.43000030517578,101.0999984741211,101.22000122070312,95.0328598022461,1336200,0.26,0.0
2019-08-02 00:00:00-04:00,100.6500015258789,102.44999694824219,99.8499984741211,101.66999816894531,95.45530700683594,1467000,0.0,0.0
2019-08-05 00:00:00-04:00,100.58000183105469,100.58000183105469,96.16999816894531,96.9000015258789,90.9769058227539,1144900,0.0,0.0
2019-08-06 00:00:00-04:00,97.5,98.22000122070312,95.79000091552734,97.93000030517578,91.94396209716797,923800,0.0,0.0
2019-08-07 00:00:00-04:00,96.70999908447266,97.56999969482422,95.37000274658203,97.41000366210938,91.45574188232422,840300,0.0,0.0
2019-08-08 00:00:00-04:00,98.02999877929688,99.3499984741211,97.55999755859375,99.27999877929688,93.21142578125,934500,0.0,0.0
2019-08-09 00:00:00-04:00,99.05999755859375,99.48999786376953,96.37000274658203,98.70999908447266,92.67628479003906,571900,0.0,0.0
2019-08-12 00:00:00-04:00,98.55000305175781,98.87999725341797,97.2699966430664,98.41999816894531,92.40397644042969,775500,0.0,0.0
2019-08-13 00:00:00-04:00,98.66000366210938,102.19999694824219,97.81999969482422,101.08999633789062,94.9107894897461,893700,0.0,0.0
2019-08-14 00:00:00-04:00,99.62999725341797,100.75,97.5,97.5,91.54024505615234,978000,0.0,0.0
2019-08-15 00:00:00-04:00,97.87999725341797,97.87999725341797,93.6500015258789,95.36000061035156,89.5310287475586,1693900,0.0,0.0
2019-08-16 00:00:00-04:00,96.44000244140625,98.27999877929688,95.73999786376953,98.0199966430664,92.02842712402344,764600,0.0,0.0
2019-08-19 00:00:00-04:00,99.12000274658203,100.41000366210938,99.12000274658203,99.51000213623047,93.42738342285156,419100,0.0,0.0
2019-08-20 00:00:00-04:00,99.55000305175781,100.62999725341797,99.16000366210938,100.18000030517578,94.05641174316406,658400,0.0,0.0
2019-08-21 00:00:00-04:00,101.12000274658203,102.3499984741211,100.52999877929688,101.93000030517578,95.69943237304688,619700,0.0,0.0
2019-08-22 00:00:00-04:00,102.55000305175781,102.55000305175781,100.94000244140625,101.79000091552734,95.56800079345703,547300,0.0,0.0
2019-08-23 00:00:00-04:00,101.55000305175781,101.62000274658203,98.33999633789062,99.13999938964844,93.07998657226562,1160600,0.0,0.0
2019-08-26 00:00:00-04:00,99.7699966430664,101.08000183105469,98.6500015258789,100.75,94.59156036376953,800700,0.0,0.0
2019-08-27 00:00:00-04:00,101.4000015258789,102.47000122070312,100.02999877929688,100.66000366210938,94.50709533691406,1247100,0.0,0.0
2019-08-28 00:00:00-04:00,100.22000122070312,104.37000274658203,99.33000183105469,103.97000122070312,97.61474609375,1069500,0.0,0.0
2019-08-29 00:00:00-04:00,105.5999984741211,107.91000366210938,105.2699966430664,106.9000015258789,100.36564636230469,1063300,0.0,0.0
2019-08-30 00:00:00-04:00,107.22000122070312,109.0,107.22000122070312,108.04000091552734,101.43597412109375,1004900,0.0,0.0
2019-09-03 00:00:00-04:00,106.93000030517578,107.87000274658203,105.55000305175781,106.6500015258789,100.13092041015625,933400,0.0,0.0
2019-09-04 00:00:00-04:00,107.73999786376953,109.12000274658203,107.2699966430664,108.83000183105469,102.17767333984375,933400,0.0,0.0
2019-09-05 00:00:00-04:00,110.43000030517578,112.97000122070312,110.08000183105469,112.44000244140625,105.56700897216797,1157700,0.0,0.0
2019-09-06 00:00:00-04:00,112.66999816894531,113.2300033569336,110.52999877929688,110.73999786376953,103.97091674804688,989400,0.0,0.0
2019-09-09 00:00:00-04:00,111.55000305175781,114.05000305175781,111.23999786376953,113.87000274658203,106.90960693359375,1014300,0.0,0.0
2019-09-10 00:00:00-04:00,113.25,116.25,111.77999877929688,116.23999786376953,109.1347427368164,1249000,0.0,0.0
2019-09-11 00:00:00-04:00,115.69999694824219,115.95999908447266,112.81999969482422,115.75,108.67469024658203,1056500,0.0,0.0
2019-09-12 00:00:00-04:00,115.4000015258789,115.41999816894531,113.41999816894531,114.5,107.50109100341797,835300,0.0,0.0
2019-09-13 00:00:00-04:00,115.25,115.81999969482422,113.68000030517578,114.95999908447266,107.93297576904297,508500,0.0,0.0
2019-09-16 00:00:00-04:00,114.37999725341797,116.06999969482422,113.70999908447266,115.0,107.97052001953125,517200,0.0,0.0
2019-09-17 00:00:00-04:00,114.37999725341797,115.12000274658203,113.20999908447266,114.91999816894531,107.89542388916016,578000,0.0,0.0
2019-09-18 00:00:00-04:00,113.94999694824219,114.86000061035156,112.41999816894531,114.63999938964844,107.63253021240234,746300,0.0,0.0
2019-09-19 00:00:00-04:00,114.91000366210938,115.19000244140625,112.87999725341797,113.0999984741211,106.1866683959961,715300,0.0,0.0
2019-09-20 00:00:00-04:00,112.9800033569336,114.72000122070312,112.41999816894531,114.1500015258789,107.17249298095703,1209600,0.0,0.0
2019-09-23 00:00:00-04:00,113.91999816894531,115.0,113.0,113.44999694824219,106.51525115966797,847100,0.0,0.0
2019-09-24 00:00:00-04:00,114.36000061035156,114.4800033569336,111.69999694824219,112.51000213623047,105.6327133178711,573700,0.0,0.0
2019-09-25 00:00:00-04:00,112.44000244140625,114.45999908447266,112.05999755859375,113.9000015258789,106.93778228759766,914800,0.0,0.0
2019-09-26 00:00:00-04:00,113.83999633789062,114.23999786376953,112.97000122070312,113.69999694824219,106.74999237060547,537500,0.0,0.0
2019-09-27 00:00:00-04:00,114.0999984741211,114.29000091552734,110.4000015258789,111.04000091552734,104.2525863647461,1017200,0.0,0.0
2019-09-30 00:00:00-04:00,111.44000244140625,112.38999938964844,110.16999816894531,110.6500015258789,103.88644409179688,943000,0.0,0.0
2019-10-01 00:00:00-04:00,111.11000061035156,112.11000061035156,107.5199966430664,108.41000366210938,101.78336334228516,827700,0.0,0.0
2019-10-02 00:00:00-04:00,107.97000122070312,109.2300033569336,106.25,106.68000030517578,100.15910339355469,873400,0.0,0.0
2019-10-03 00:00:00-04:00,106.95999908447266,108.83000183105469,105.23999786376953,108.77999877929688,102.1307373046875,751800,0.0,0.0
2019-10-04 00:00:00-04:00,108.48999786376953,109.26000213623047,107.31999969482422,108.58000183105469,101.94294738769531,532900,0.0,0.0
2019-10-07 00:00:00-04:00,108.37999725341797,109.12000274658203,106.87000274658203,108.11000061035156,101.5016860961914,725700,0.0,0.0
2019-10-08 00:00:00-04:00,104.91000366210938,107.5,104.91000366210938,105.98999786376953,99.51127624511719,743000,0.0,0.0
2019-10-09 00:00:00-04:00,106.56999969482422,107.44999694824219,105.9000015258789,106.02999877929688,99.548828125,709600,0.0,0.0
2019-10-10 00:00:00-04:00,105.68000030517578,108.01000213623047,105.41000366210938,107.58000183105469,101.00408172607422,590900,0.0,0.0
2019-10-11 00:00:00-04:00,109.5,111.16000366210938,108.98999786376953,110.3499984741211,103.604736328125,786000,0.0,0.0
2019-10-14 00:00:00-04:00,109.93000030517578,110.23999786376953,109.08999633789062,109.58000183105469,102.88182830810547,890100,0.0,0.0
2019-10-15 00:00:00-04:00,109.0,112.0,108.55999755859375,111.5999984741211,104.77835083007812,1408000,0.0,0.0
2019-10-16 00:00:00-04:00,113.62999725341797,117.18000030517578,110.69000244140625,115.6500015258789,108.580810546875,2444900,0.0,0.0
2019-10-17 00:00:00-04:00,115.61000061035156,117.1500015258789,115.61000061035156,116.18000030517578,109.07838439941406,1004400,0.0,0.0
2019-10-18 00:00:00-04:00,116.55000305175781,117.25,115.04000091552734,115.58000183105469,108.51506042480469,863700,0.0,0.0
2019-10-21 00:00:00-04:00,116.16000366210938,117.1500015258789,115.0,115.37999725341797,108.3272933959961,760600,0.0,0.0
2019-10-22 00:00:00-04:00,115.08000183105469,117.55000305175781,114.54000091552734,117.33999633789062,110.16747283935547,1055600,0.0,0.0
2019-10-23 00:00:00-04:00,116.75,117.33000183105469,115.08999633789062,116.8499984741211,109.70744323730469,817600,0.0,0.0
2019-10-24 00:00:00-04:00,116.63999938964844,116.75,115.12000274658203,115.76000213623047,108.68407440185547,778300,0.0,0.0
2019-10-25 00:00:00-04:00,115.81999969482422,116.87000274658203,115.4000015258789,116.75,109.61356353759766,763900,0.0,0.0
2019-10-28 00:00:00-04:00,117.16999816894531,117.66000366210938,116.19000244140625,116.79000091552734,109.65111541748047,779600,0.0,0.0
2019-10-29 00:00:00-04:00,116.30999755859375,119.38999938964844,116.1500015258789,119.01000213623047,111.73541259765625,944000,0.0,0.0
2019-10-30 00:00:00-04:00,118.72000122070312,118.72000122070312,116.44999694824219,117.69999694824219,110.50548553466797,729400,0.0,0.0
2019-10-31 00:00:00-04:00,116.47000122070312,117.69999694824219,116.0,117.55999755859375,110.3740463256836,699700,0.0,0.0
2019-11-01 00:00:00-04:00,117.55999755859375,120.0,116.33000183105469,119.9000015258789,112.5710220336914,812300,0.0,0.0
2019-11-04 00:00:00-05:00,120.5199966430664,121.83000183105469,120.05000305175781,120.66000366210938,113.28455352783203,1128100,0.0,0.0
2019-11-05 00:00:00-05:00,120.68000030517578,121.20999908447266,118.94999694824219,119.88999938964844,112.56161499023438,907900,0.0,0.0
2019-11-06 00:00:00-05:00,119.69000244140625,120.04000091552734,117.94000244140625,119.91999816894531,112.58977508544922,997800,0.0,0.0
2019-11-07 00:00:00-05:00,119.98999786376953,122.29000091552734,119.19000244140625,120.61000061035156,113.48365783691406,488400,0.26,0.0
2019-11-08 00:00:00-05:00,120.61000061035156,121.33000183105469,119.80999755859375,119.9800033569336,112.89087677001953,634600,0.0,0.0
2019-11-11 00:00:00-05:00,119.56999969482422,119.56999969482422,117.30000305175781,118.18000030517578,111.19723510742188,638700,0.0,0.0
2019-11-12 00:00:00-05:00,118.08999633789062,119.43000030517578,117.87999725341797,118.52999877929688,111.52655792236328,534000,0.0,0.0
2019-11-13 00:00:00-05:00,117.37000274658203,117.9800033569336,116.29000091552734,116.5199966430664,109.63532257080078,608300,0.0,0.0
2019-11-14 00:00:00-05:00,116.41000366210938,116.87000274658203,115.45999908447266,116.87000274658203,109.96463775634766,583600,0.0,0.0
2019-11-15 00:00:00-05:00,117.4000015258789,117.77999877929688,115.58999633789062,115.73999786376953,108.90140533447266,512500,0.0,0.0
2019-11-18 00:00:00-05:00,114.79000091552734,116.95999908447266,114.79000091552734,116.13999938964844,109.27777099609375,464000,0.0,0.0
2019-11-19 00:00:00-05:00,116.9000015258789,116.9000015258789,115.29000091552734,116.13999938964844,109.27777099609375,566200,0.0,0.0
2019-11-20 00:00:00-05:00,115.9800033569336,116.1500015258789,114.62999725341797,115.38999938964844,108.57209777832031,621800,0.0,0.0
2019-11-21 00:00:00-05:00,115.44999694824219,116.19999694824219,114.56999969482422,115.80999755859375,108.96725463867188,550300,0.0,0.0
2019-11-22 00:00:00-05:00,116.01000213623047,116.7300033569336,115.5199966430664,116.31999969482422,109.44713592529297,465200,0.0,0.0
2019-11-25 00:00:00-05:00,116.55999755859375,118.18000030517578,116.37000274658203,117.36000061035156,110.42568969726562,515600,0.0,0.0
2019-11-26 00:00:00-05:00,117.68000030517578,118.36000061035156,116.77999877929688,117.4800033569336,110.5385971069336,557300,0.0,0.0
2019-11-27 00:00:00-05:00,117.51000213623047,117.88999938964844,115.91999816894531,116.63999938964844,109.74821472167969,387500,0.0,0.0
2019-11-29 00:00:00-05:00,116.61000061035156,117.05999755859375,115.36000061035156,115.62000274658203,108.78849792480469,271700,0.0,0.0
2019-12-02 00:00:00-05:00,115.94999694824219,116.9000015258789,114.25,114.31999969482422,107.56531524658203,883800,0.0,0.0
2019-12-03 00:00:00-05:00,112.87999725341797,113.30000305175781,111.4000015258789,111.61000061035156,105.01542663574219,991300,0.0,0.0
2019-12-04 00:00:00-05:00,111.3499984741211,112.88999938964844,111.3499984741211,111.79000091552734,105.1847915649414,1017600,0.0,0.0
2019-12-05 00:00:00-05:00,112.20999908447266,113.5199966430664,111.69000244140625,113.45999908447266,106.75613403320312,980700,0.0,0.0
2019-12-06 00:00:00-05:00,114.16999816894531,115.88999938964844,114.0199966430664,114.44999694824219,107.68760681152344,529100,0.0,0.0
2019-12-09 00:00:00-05:00,115.0,115.41999816894531,114.25,114.48999786376953,107.72525787353516,653000,0.0,0.0
2019-12-10 00:00:00-05:00,114.58999633789062,114.58999633789062,112.73999786376953,112.97000122070312,106.29505920410156,571900,0.0,0.0
2019-12-11 00:00:00-05:00,113.05999755859375,113.7300033569336,111.38999938964844,111.38999938964844,104.80842590332031,1019200,0.0,0.0
2019-12-12 00:00:00-05:00,111.4000015258789,113.29000091552734,110.80999755859375,112.44999694824219,105.8057861328125,1581400,0.0,0.0
2019-12-13 00:00:00-05:00,112.66999816894531,115.91999816894531,112.2300033569336,113.0,106.32328796386719,826100,0.0,0.0
2019-12-16 00:00:00-05:00,112.95999908447266,114.6500015258789,112.44999694824219,114.48999786376953,107.72525787353516,1377800,0.0,0.0
2019-12-17 00:00:00-05:00,114.7300033569336,115.4800033569336,112.5,114.5999984741211,107.82876586914062,1024800,0.0,0.0
2019-12-18 00:00:00-05:00,114.52999877929688,115.69999694824219,113.55999755859375,115.5199966430664,108.69440460205078,751300,0.0,0.0
2019-12-19 00:00:00-05:00,115.58000183105469,116.11000061035156,114.94999694824219,115.5199966430664,108.69440460205078,741300,0.0,0.0
2019-12-20 00:00:00-05:00,116.0999984741211,117.19000244140625,114.9800033569336,116.72000122070312,109.8235092163086,3995000,0.0,0.0
2019-12-23 00:00:00-05:00,117.37999725341797,117.37999725341797,115.80000305175781,116.38999938964844,109.51302337646484,623800,0.0,0.0
2019-12-24 00:00:00-05:00,116.37000274658203,117.01000213623047,115.87000274658203,116.55999755859375,109.6729507446289,164100,0.0,0.0
2019-12-26 00:00:00-05:00,116.94999694824219,117.12999725341797,115.91000366210938,116.75,109.85173797607422,252800,0.0,0.0
2019-12-27 00:00:00-05:00,116.75,117.11000061035156,116.29000091552734,116.68000030517578,109.78585052490234,333500,0.0,0.0
2019-12-30 00:00:00-05:00,116.63999938964844,116.97000122070312,114.38999938964844,116.58000183105469,109.69178771972656,295600,0.0,0.0
2019-12-31 00:00:00-05:00,116.33000183105469,117.19999694824219,115.73999786376953,116.77999877929688,109.87994384765625,448200,0.0,0.0
2020-01-02 00:00:00-05:00,117.9000015258789,117.98999786376953,116.44000244140625,117.5199966430664,110.57621765136719,623100,0.0,0.0
2020-01-03 00:00:00-05:00,115.8499984741211,117.20999908447266,115.8499984741211,117.02999877929688,110.11518096923828,535200,0.0,0.0
2020-01-06 00:00:00-05:00,111.22000122070312,116.19999694824219,111.22000122070312,115.0,108.20513153076172,928700,0.0,0.0
2020-01-07 00:00:00-05:00,114.8499984741211,117.86000061035156,113.98999786376953,117.6500015258789,110.69853210449219,614500,0.0,0.0
2020-01-08 00:00:00-05:00,117.7699966430664,119.41000366210938,117.29000091552734,118.76000213623047,111.74298095703125,652300,0.0,0.0
2020-01-09 00:00:00-05:00,119.37000274658203,120.12999725341797,118.5,119.02999877929688,111.99700927734375,1058500,0.0,0.0
2020-01-10 00:00:00-05:00,119.41999816894531,120.11000061035156,118.79000091552734,119.08000183105469,112.04405212402344,558600,0.0,0.0
2020-01-13 00:00:00-05:00,118.79000091552734,119.33000183105469,117.7300033569336,118.5,111.49832153320312,566800,0.0,0.0
2020-01-14 00:00:00-05:00,118.75,119.7699966430664,118.38999938964844,118.98999786376953,111.95935821533203,613800,0.0,0.0
2020-01-15 00:00:00-05:00,118.83999633789062,120.44000244140625,118.52999877929688,119.04000091552734,112.00640106201172,654100,0.0,0.0
2020-01-16 00:00:00-05:00,119.76000213623047,120.83999633789062,119.13999938964844,119.76000213623047,112.68387603759766,1119400,0.0,0.0
2020-01-17 00:00:00-05:00,114.56999969482422,119.0,112.79000091552734,114.68000030517578,107.90404510498047,3945800,0.0,0.0
2020-01-21 00:00:00-05:00,115.16999816894531,118.37999725341797,114.76000213623047,115.86000061035156,109.01429748535156,1869100,0.0,0.0
2020-01-22 00:00:00-05:00,114.5199966430664,116.19000244140625,113.62999725341797,114.30000305175781,107.54650115966797,1323500,0.0,0.0
2020-01-23 00:00:00-05:00,114.54000091552734,116.76000213623047,113.91000366210938,116.5,109.61649322509766,982700,0.0,0.0
2020-01-24 00:00:00-05:00,116.91000366210938,116.94999694824219,114.0,115.70999908447266,108.8731689453125,561500,0.0,0.0
2020-01-27 00:00:00-05:00,113.66999816894531,115.41999816894531,113.45999908447266,114.80999755859375,108.0263442993164,837300,0.0,0.0
2020-01-28 00:00:00-05:00,115.02999877929688,115.62999725341797,112.7699966430664,112.86000061035156,106.19158172607422,702900,0.0,0.0
2020-01-29 00:00:00-05:00,113.0999984741211,114.16000366210938,111.81999969482422,111.93000030517578,105.31652069091797,784300,0.0,0.0
2020-01-30 00:00:00-05:00,111.30999755859375,111.91999816894531,110.23999786376953,111.68000030517578,105.0812759399414,537500,0.0,0.0
2020-01-31 00:00:00-05:00,111.19999694824219,111.79000091552734,107.5199966430664,107.93000030517578,101.55284881591797,921300,0.0,0.0
2020-02-03 00:00:00-05:00,108.55000305175781,111.12999725341797,107.80000305175781,110.44000244140625,103.91455841064453,735700,0.0,0.0
2020-02-04 00:00:00-05:00,111.45999908447266,114.02999877929688,110.55000305175781,113.29000091552734,106.5961685180664,814600,0.0,0.0
2020-02-05 00:00:00-05:00,114.13999938964844,115.13999938964844,111.77999877929688,112.12999725341797,105.50467681884766,549100,0.0,0.0
2020-02-06 00:00:00-05:00,112.25,112.66999816894531,110.33999633789062,112.02999877929688,105.66502380371094,574200,0.27,0.0
2020-02-07 00:00:00-05:00,111.22000122070312,113.01000213623047,110.87999725341797,112.5199966430664,106.127197265625,768500,0.0,0.0
2020-02-10 00:00:00-05:00,112.19999694824219,113.52999877929688,110.83000183105469,112.06999969482422,105.70278930664062,523500,0.0,0.0
2020-02-11 00:00:00-05:00,112.91999816894531,113.91000366210938,112.2300033569336,112.41000366210938,106.0234603881836,435500,0.0,0.0
2020-02-12 00:00:00-05:00,112.69000244140625,116.41999816894531,112.5999984741211,113.95999908447266,107.48541259765625,451600,0.0,0.0
2020-02-13 00:00:00-05:00,113.18000030517578,114.70999908447266,112.7300033569336,114.2300033569336,107.74005126953125,583100,0.0,0.0
2020-02-14 00:00:00-05:00,114.25,114.33999633789062,109.94999694824219,110.06999969482422,103.81639099121094,923100,0.0,0.0
2020-02-18 00:00:00-05:00,110.06999969482422,110.73999786376953,107.91999816894531,109.61000061035156,103.38252258300781,670200,0.0,0.0
2020-02-19 00:00:00-05:00,110.0999984741211,110.72000122070312,109.5,110.11000061035156,103.85413360595703,348000,0.0,0.0
2020-02-20 00:00:00-05:00,109.93000030517578,110.45999908447266,108.76000213623047,109.95999908447266,103.71266174316406,615400,0.0,0.0
2020-02-21 00:00:00-05:00,109.54000091552734,110.02999877929688,108.44999694824219,109.69999694824219,103.4674301147461,439000,0.0,0.0
2020-02-24 00:00:00-05:00,107.77999877929688,107.77999877929688,103.93000030517578,105.3499984741211,99.36457824707031,1038900,0.0,0.0
2020-02-25 00:00:00-05:00,105.55000305175781,106.05000305175781,100.91000366210938,101.2699966430664,95.51636505126953,1091300,0.0,0.0
2020-02-26 00:00:00-05:00,101.80999755859375,102.88999938964844,100.37000274658203,100.66999816894531,94.95045471191406,907500,0.0,0.0
2020-02-27 00:00:00-05:00,98.98999786376953,101.54000091552734,96.2699966430664,96.79000091552734,91.29088592529297,1246300,0.0,0.0
2020-02-28 00:00:00-05:00,93.76000213623047,96.44999694824219,92.01000213623047,96.44000244140625,90.9607925415039,1358400,0.0,0.0
2020-03-02 00:00:00-05:00,96.6500015258789,97.44999694824219,93.94000244140625,96.55999755859375,91.0739517211914,816700,0.0,0.0
2020-03-03 00:00:00-05:00,96.04000091552734,98.13999938964844,93.01000213623047,94.54000091552734,89.16873168945312,933200,0.0,0.0
2020-03-04 00:00:00-05:00,94.1500015258789,98.1500015258789,93.97000122070312,98.05000305175781,92.47931671142578,1125700,0.0,0.0
2020-03-05 00:00:00-05:00,95.76000213623047,96.61000061035156,92.29000091552734,93.08999633789062,87.80110168457031,771000,0.0,0.0
2020-03-06 00:00:00-05:00,90.02999877929688,93.55999755859375,88.76000213623047,93.2300033569336,87.93318176269531,782600,0.0,0.0
2020-03-09 00:00:00-04:00,86.66000366210938,88.48999786376953,85.55999755859375,85.7300033569336,80.8592529296875,1271200,0.0,0.0
2020-03-10 00:00:00-04:00,87.91999816894531,92.33999633789062,86.0,92.13999938964844,86.90509796142578,1548300,0.0,0.0
2020-03-11 00:00:00-04:00,89.5999984741211,91.05000305175781,87.41999816894531,88.31999969482422,83.30210876464844,883900,0.0,0.0
2020-03-12 00:00:00-04:00,86.0,86.1500015258789,81.26000213623047,83.38999938964844,78.65222930908203,1434600,0.0,0.0
2020-03-13 00:00:00-04:00,86.05000305175781,88.79000091552734,83.91999816894531,87.88999938964844,82.89655303955078,1162300,0.0,0.0
2020-03-16 00:00:00-04:00,79.11000061035156,81.66999816894531,75.29000091552734,75.37999725341797,71.09729766845703,1022300,0.0,0.0
2020-03-17 00:00:00-04:00,77.38999938964844,87.3499984741211,75.55999755859375,85.29000091552734,80.44425201416016,1132100,0.0,0.0
2020-03-18 00:00:00-04:00,81.5999984741211,85.16000366210938,78.79000091552734,84.66999816894531,79.85948944091797,1117700,0.0,0.0
2020-03-19 00:00:00-04:00,85.0999984741211,87.69999694824219,81.86000061035156,84.08999633789062,79.31244659423828,826500,0.0,0.0
2020-03-20 00:00:00-04:00,84.0,86.86000061035156,80.19999694824219,80.62999725341797,76.04902648925781,1049500,0.0,0.0
2020-03-23 00:00:00-04:00,81.08999633789062,82.23999786376953,77.7699966430664,79.04000091552734,74.54934692382812,904800,0.0,0.0
2020-03-24 00:00:00-04:00,82.11000061035156,86.48999786376953,80.7699966430664,85.9800033569336,81.09507751464844,953200,0.0,0.0
2020-03-25 00:00:00-04:00,86.13999938964844,94.91000366210938,84.38999938964844,91.62000274658203,86.41462707519531,1445400,0.0,0.0
2020-03-26 00:00:00-04:00,91.63999938964844,94.93000030517578,88.93000030517578,93.7300033569336,88.40476989746094,1015600,0.0,0.0
2020-03-27 00:00:00-04:00,89.63999938964844,92.68000030517578,87.33999633789062,90.05999755859375,84.94329071044922,963700,0.0,0.0
2020-03-30 00:00:00-04:00,89.94999694824219,95.0,89.38999938964844,93.55999755859375,88.24440002441406,700500,0.0,0.0
2020-03-31 00:00:00-04:00,92.43000030517578,94.54000091552734,91.0999984741211,92.2300033569336,86.98997497558594,1063600,0.0,0.0
2020-04-01 00:00:00-04:00,88.91000366210938,93.16000366210938,88.05999755859375,90.5,85.3582534790039,809200,0.0,0.0
2020-04-02 00:00:00-04:00,89.2300033569336,91.38999938964844,88.02999877929688,90.87999725341797,85.71668243408203,910000,0.0,0.0
2020-04-03 00:00:00-04:00,90.38999938964844,92.05000305175781,88.69000244140625,89.76000213623047,84.66029357910156,845800,0.0,0.0
2020-04-06 00:00:00-04:00,92.9800033569336,97.70999908447266,92.05999755859375,96.93000030517578,91.4229507446289,1205400,0.0,0.0
2020-04-07 00:00:00-04:00,99.70999908447266,101.12000274658203,97.25,98.44999694824219,92.85658264160156,1672400,0.0,0.0
2020-04-08 00:00:00-04:00,99.19999694824219,99.79000091552734,98.04000091552734,98.83000183105469,93.21501159667969,1089500,0.0,0.0
2020-04-09 00:00:00-04:00,100.22000122070312,103.04000091552734,97.5199966430664,99.19000244140625,93.55455017089844,1020200,0.0,0.0
2020-04-13 00:00:00-04:00,99.29000091552734,99.30000305175781,94.37999725341797,94.93000030517578,89.53657531738281,905700,0.0,0.0
2020-04-14 00:00:00-04:00,96.86000061035156,99.51000213623047,96.2300033569336,97.88999938964844,92.3283920288086,1731500,0.0,0.0
2020-04-15 00:00:00-04:00,100.27999877929688,102.29000091552734,97.5999984741211,100.81999969482422,95.09192657470703,1603500,0.0,0.0
2020-04-16 00:00:00-04:00,100.37999725341797,104.12000274658203,99.5,103.75,97.85546112060547,1196500,0.0,0.0
2020-04-17 00:00:00-04:00,106.01000213623047,108.13999938964844,105.01000213623047,107.58000183105469,101.46786499023438,930600,0.0,0.0
2020-04-20 00:00:00-04:00,106.13999938964844,107.23999786376953,100.61000061035156,100.88999938964844,95.1579360961914,1035300,0.0,0.0
2020-04-21 00:00:00-04:00,97.0199966430664,100.94000244140625,97.0199966430664,99.87999725341797,94.20533752441406,761900,0.0,0.0
2020-04-22 00:00:00-04:00,101.83000183105469,101.83000183105469,98.87999725341797,100.25,94.5543212890625,605500,0.0,0.0
2020-04-23 00:00:00-04:00,100.2300033569336,101.91000366210938,99.45999908447266,100.87000274658203,95.13906860351562,1016800,0.0,0.0
2020-04-24 00:00:00-04:00,101.66000366210938,102.13999938964844,100.1500015258789,101.5999984741211,95.82762145996094,882400,0.0,0.0
2020-04-27 00:00:00-04:00,102.37999725341797,105.80000305175781,101.72000122070312,104.6500015258789,98.70433807373047,640100,0.0,0.0
2020-04-28 00:00:00-04:00,106.70999908447266,107.58999633789062,105.16000366210938,105.41999816894531,99.43061065673828,736900,0.0,0.0
2020-04-29 00:00:00-04:00,107.63999938964844,107.79000091552734,104.47000122070312,105.69000244140625,99.68524932861328,963500,0.0,0.0
2020-04-30 00:00:00-04:00,105.0,105.1500015258789,100.80000305175781,101.12000274658203,95.37489318847656,1023800,0.0,0.0
2020-05-01 00:00:00-04:00,99.58999633789062,101.98999786376953,98.91999816894531,100.87000274658203,95.13906860351562,749400,0.0,0.0
2020-05-04 00:00:00-04:00,100.5199966430664,100.5199966430664,96.66000366210938,100.37999725341797,94.67694091796875,950000,0.0,0.0
2020-05-05 00:00:00-04:00,102.19999694824219,102.19999694824219,100.45999908447266,101.04000091552734,95.29943084716797,706300,0.0,0.0
2020-05-06 00:00:00-04:00,101.44999694824219,101.55000305175781,99.52999877929688,99.80000305175781,94.12989044189453,532100,0.0,0.0
2020-05-07 00:00:00-04:00,100.73999786376953,101.80000305175781,99.69999694824219,100.0999984741211,94.6689682006836,540300,0.27,0.0
2020-05-08 00:00:00-04:00,100.7300033569336,103.36000061035156,100.69000244140625,103.25,97.64804077148438,485100,0.0,0.0
2020-05-11 00:00:00-04:00,102.1500015258789,103.94000244140625,101.26000213623047,103.19999694824219,97.60076141357422,432600,0.0,0.0
2020-05-12 00:00:00-04:00,103.7699966430664,104.80000305175781,99.6500015258789,99.81999969482422,94.40415954589844,579600,0.0,0.0
2020-05-13 00:00:00-04:00,99.91000366210938,100.33999633789062,96.48999786376953,97.97000122070312,92.6545181274414,512200,0.0,0.0
2020-05-14 00:00:00-04:00,96.43000030517578,98.9800033569336,95.30000305175781,98.69000244140625,93.33546447753906,724400,0.0,0.0
2020-05-15 00:00:00-04:00,97.30000305175781,99.12000274658203,96.81999969482422,98.13999938964844,92.8153076171875,846800,0.0,0.0
2020-05-18 00:00:00-04:00,101.48999786376953,103.37999725341797,100.69000244140625,102.63999938964844,97.07117462158203,655200,0.0,0.0
2020-05-19 00:00:00-04:00,101.93000030517578,104.56999969482422,101.9000015258789,102.08000183105469,96.5415267944336,468100,0.0,0.0
2020-05-20 00:00:00-04:00,103.83000183105469,105.91000366210938,103.69999694824219,105.01000213623047,99.31256866455078,575700,0.0,0.0
2020-05-21 00:00:00-04:00,105.37999725341797,106.58999633789062,104.72000122070312,106.11000061035156,100.35287475585938,641500,0.0,0.0
2020-05-22 00:00:00-04:00,105.97000122070312,108.56999969482422,105.06999969482422,108.45999908447266,102.57534790039062,843700,0.0,0.0
2020-05-26 00:00:00-04:00,112.98999786376953,114.68000030517578,111.9800033569336,114.54000091552734,108.32550811767578,1319000,0.0,0.0
2020-05-27 00:00:00-04:00,115.45999908447266,119.52999877929688,114.62000274658203,119.5199966430664,113.0353012084961,1275700,0.0,0.0
2020-05-28 00:00:00-04:00,119.69000244140625,120.7300033569336,118.04000091552734,118.87999725341797,112.43004608154297,929600,0.0,0.0
2020-05-29 00:00:00-04:00,118.38999938964844,120.20999908447266,118.0199966430664,119.66999816894531,113.17716979980469,1009400,0.0,0.0
2020-06-01 00:00:00-04:00,119.01000213623047,119.5199966430664,115.48999786376953,115.55999755859375,109.29015350341797,946800,0.0,0.0
2020-06-02 00:00:00-04:00,115.29000091552734,119.12999725341797,115.29000091552734,117.77999877929688,111.38970184326172,1034300,0.0,0.0
2020-06-03 00:00:00-04:00,119.62999725341797,119.80999755859375,115.69999694824219,115.95999908447266,109.66846466064453,979100,0.0,0.0
2020-06-04 00:00:00-04:00,116.2300033569336,117.61000061035156,115.5,117.5999984741211,111.219482421875,898300,0.0,0.0
2020-06-05 00:00:00-04:00,119.56999969482422,120.94000244140625,118.41000366210938,120.73999786376953,114.1891098022461,1018200,0.0,0.0
2020-06-08 00:00:00-04:00,122.12999725341797,122.38999938964844,120.25,122.01000213623047,115.39020538330078,614200,0.0,0.0
2020-06-09 00:00:00-04:00,119.93000030517578,120.5,118.81999969482422,119.80999755859375,113.30957794189453,635400,0.0,0.0
2020-06-10 00:00:00-04:00,119.72000122070312,121.61000061035156,118.81999969482422,118.98999786376953,112.53404998779297,763400,0.0,0.0
2020-06-11 00:00:00-04:00,116.52999877929688,117.25,112.23999786376953,112.73999786376953,106.62315368652344,766400,0.0,0.0
2020-06-12 00:00:00-04:00,115.30000305175781,115.87000274658203,111.45999908447266,114.0999984741211,107.90937042236328,817000,0.0,0.0
2020-06-15 00:00:00-04:00,111.37000274658203,116.12999725341797,110.29000091552734,115.68000030517578,109.40364837646484,574700,0.0,0.0
2020-06-16 00:00:00-04:00,118.51000213623047,119.0999984741211,116.11000061035156,116.69000244140625,110.35885620117188,1025000,0.0,0.0
2020-06-17 00:00:00-04:00,119.80999755859375,121.51000213623047,118.16999816894531,119.81999969482422,113.31904602050781,892000,0.0,0.0
2020-06-18 00:00:00-04:00,118.7699966430664,119.73999786376953,118.2300033569336,119.30000305175781,112.8272476196289,664900,0.0,0.0
2020-06-19 00:00:00-04:00,121.25,121.25,116.45999908447266,117.5999984741211,111.219482421875,1114400,0.0,0.0
2020-06-22 00:00:00-04:00,116.94999694824219,117.93000030517578,115.4000015258789,117.12999725341797,110.77497863769531,593100,0.0,0.0
2020-06-23 00:00:00-04:00,120.31999969482422,121.22000122070312,118.61000061035156,119.8499984741211,113.34741973876953,814100,0.0,0.0
2020-06-24 00:00:00-04:00,118.3499984741211,119.9000015258789,116.86000061035156,117.04000091552734,110.68986511230469,604600,0.0,0.0
2020-06-25 00:00:00-04:00,116.45999908447266,118.54000091552734,115.47000122070312,118.38999938964844,111.96662139892578,517100,0.0,0.0
2020-06-26 00:00:00-04:00,117.48999786376953,119.93000030517578,116.98999786376953,119.30000305175781,112.8272476196289,1224000,0.0,0.0
2020-06-29 00:00:00-04:00,120.23999786376953,121.12000274658203,118.6500015258789,120.08000183105469,113.56494140625,756300,0.0,0.0
2020-06-30 00:00:00-04:00,119.86000061035156,121.23999786376953,119.33000183105469,120.33999633789062,113.81082153320312,649800,0.0,0.0
2020-07-01 00:00:00-04:00,120.95999908447266,121.38999938964844,117.25,117.6500015258789,111.26675415039062,604900,0.0,0.0
2020-07-02 00:00:00-04:00,118.87000274658203,119.73999786376953,117.88999938964844,118.26000213623047,111.8436508178711,563200,0.0,0.0
2020-07-06 00:00:00-04:00,119.19999694824219,121.58000183105469,118.7699966430664,120.83999633789062,114.28369140625,650400,0.0,0.0
2020-07-07 00:00:00-04:00,120.04000091552734,125.18000030517578,119.72000122070312,124.04000091552734,117.31006622314453,935600,0.0,0.0
2020-07-08 00:00:00-04:00,124.19999694824219,127.22000122070312,123.91000366210938,125.91000366210938,119.07862091064453,775200,0.0,0.0
2020-07-09 00:00:00-04:00,125.83000183105469,126.16000366210938,123.2699966430664,125.0,118.21797180175781,874800,0.0,0.0
2020-07-10 00:00:00-04:00,125.45999908447266,127.76000213623047,125.20999908447266,127.63999938964844,120.71475219726562,1083000,0.0,0.0
2020-07-13 00:00:00-04:00,128.66000366210938,130.27999877929688,125.22000122070312,125.6500015258789,118.83271026611328,1093100,0.0,0.0
2020-07-14 00:00:00-04:00,126.6500015258789,129.02999877929688,125.6500015258789,128.69000244140625,121.70777893066406,676000,0.0,0.0
2020-07-15 00:00:00-04:00,129.16000366210938,131.13999938964844,128.0,130.33999633789062,123.26824951171875,943900,0.0,0.0
2020-07-16 00:00:00-04:00,129.97999572753906,133.0,129.36000061035156,132.5500030517578,125.35836029052734,1268000,0.0,0.0
2020-07-17 00:00:00-04:00,137.0,138.75999450683594,135.1999969482422,136.82000732421875,129.39666748046875,2292300,0.0,0.0
2020-07-20 00:00:00-04:00,135.52999877929688,137.39999389648438,133.67999267578125,134.39999389648438,127.10801696777344,1491600,0.0,0.0
2020-07-21 00:00:00-04:00,135.0,136.1999969482422,132.07000732421875,133.02999877929688,125.81230163574219,869000,0.0,0.0
2020-07-22 00:00:00-04:00,132.8000030517578,135.14999389648438,131.27999877929688,132.16000366210938,124.98950958251953,1147200,0.0,0.0
2020-07-23 00:00:00-04:00,131.41000366210938,133.5,131.0500030517578,131.47000122070312,124.33696746826172,718300,0.0,0.0
2020-07-24 00:00:00-04:00,131.0500030517578,132.19000244140625,130.1999969482422,130.7899932861328,123.69383239746094,912200,0.0,0.0
2020-07-27 00:00:00-04:00,131.10000610351562,132.6699981689453,129.75999450683594,130.35000610351562,123.2777328491211,981300,0.0,0.0
2020-07-28 00:00:00-04:00,130.16000366210938,130.9499969482422,127.70999908447266,127.9800033569336,121.03630065917969,854500,0.0,0.0
2020-07-29 00:00:00-04:00,129.1300048828125,131.6699981689453,128.86000061035156,130.2100067138672,123.14533233642578,853700,0.0,0.0
2020-07-30 00:00:00-04:00,128.5399932861328,129.4499969482422,127.58000183105469,129.0399932861328,122.0387954711914,532800,0.0,0.0
2020-07-31 00:00:00-04:00,128.6300048828125,129.61000061035156,125.54000091552734,129.39999389648438,122.3792495727539,990300,0.0,0.0
2020-08-03 00:00:00-04:00,130.1199951171875,132.27999877929688,130.10000610351562,130.6199951171875,123.5330581665039,847300,0.0,0.0
2020-08-04 00:00:00-04:00,130.57000732421875,132.24000549316406,129.94000244140625,132.1699981689453,124.99895477294922,832200,0.0,0.0
2020-08-05 00:00:00-04:00,132.39999389648438,133.60000610351562,131.3300018310547,131.83999633789062,124.68687438964844,785600,0.0,0.0
2020-08-06 00:00:00-04:00,132.4499969482422,134.08999633789062,131.02999877929688,133.88999938964844,126.88550567626953,758200,0.27,0.0
2020-08-07 00:00:00-04:00,133.11000061035156,136.0500030517578,133.11000061035156,135.9499969482422,128.8376922607422,962500,0.0,0.0
2020-08-10 00:00:00-04:00,136.66000366210938,138.05999755859375,135.9499969482422,136.6999969482422,129.54847717285156,752800,0.0,0.0
2020-08-11 00:00:00-04:00,137.4600067138672,139.8300018310547,136.86000061035156,137.69000244140625,130.48672485351562,852200,0.0,0.0
2020-08-12 00:00:00-04:00,138.52999877929688,141.0,136.97999572753906,137.30999755859375,130.12657165527344,855200,0.0,0.0
2020-08-13 00:00:00-04:00,136.4499969482422,137.97999572753906,136.0399932861328,136.7100067138672,129.55795288085938,527500,0.0,0.0
2020-08-14 00:00:00-04:00,137.3000030517578,138.94000244140625,136.72999572753906,137.19000244140625,130.01287841796875,638000,0.0,0.0
2020-08-17 00:00:00-04:00,137.75999450683594,139.42999267578125,137.4499969482422,139.4199981689453,132.1261749267578,521900,0.0,0.0
2020-08-18 00:00:00-04:00,139.35000610351562,139.6199951171875,137.77999877929688,138.0,130.780517578125,859500,0.0,0.0
2020-08-19 00:00:00-04:00,139.14999389648438,139.8800048828125,137.85000610351562,138.27000427246094,131.03636169433594,692500,0.0,0.0
2020-08-20 00:00:00-04:00,137.25999450683594,139.44000244140625,136.66000366210938,138.72000122070312,131.4628143310547,470600,0.0,0.0
2020-08-21 00:00:00-04:00,138.58999633789062,141.64999389648438,137.9600067138672,141.4199981689453,134.0215606689453,620600,0.0,0.0
2020-08-24 00:00:00-04:00,141.82000732421875,142.0,140.42999267578125,141.6300048828125,134.22061157226562,770300,0.0,0.0
2020-08-25 00:00:00-04:00,141.36000061035156,141.6300048828125,140.41000366210938,140.94000244140625,133.56668090820312,491700,0.0,0.0
2020-08-26 00:00:00-04:00,140.7899932861328,142.27999877929688,139.72000122070312,142.1999969482422,134.76080322265625,572600,0.0,0.0
2020-08-27 00:00:00-04:00,142.5,144.35000610351562,141.7100067138672,142.8000030517578,135.32936096191406,608500,0.0,0.0
2020-08-28 00:00:00-04:00,143.52999877929688,143.66000366210938,141.3800048828125,141.75,134.33428955078125,534900,0.0,0.0
2020-08-31 00:00:00-04:00,142.0500030517578,143.16000366210938,139.52000427246094,140.5399932861328,133.1875762939453,629000,0.0,0.0
2020-09-01 00:00:00-04:00,140.33999633789062,141.57000732421875,139.14999389648438,140.97000122070312,133.59510803222656,695200,0.0,0.0
2020-09-02 00:00:00-04:00,141.0800018310547,142.05999755859375,140.24000549316406,141.57000732421875,134.16371154785156,497500,0.0,0.0
2020-09-03 00:00:00-04:00,142.07000732421875,142.07000732421875,137.2100067138672,138.27000427246094,131.03636169433594,724300,0.0,0.0
2020-09-04 00:00:00-04:00,138.75999450683594,139.3000030517578,134.22999572753906,136.6199951171875,129.47265625,813200,0.0,0.0
2020-09-08 00:00:00-04:00,136.11000061035156,138.3000030517578,134.08999633789062,135.38999938964844,128.30703735351562,1084100,0.0,0.0
2020-09-09 00:00:00-04:00,136.38999938964844,139.3000030517578,136.38999938964844,138.0500030517578,130.827880859375,574600,0.0,0.0
2020-09-10 00:00:00-04:00,138.0500030517578,138.72000122070312,135.16000366210938,136.0,128.8851318359375,697600,0.0,0.0
2020-09-11 00:00:00-04:00,136.94000244140625,137.67999267578125,134.22999572753906,135.1199951171875,128.05116271972656,760800,0.0,0.0
2020-09-14 00:00:00-04:00,136.25999450683594,136.6300048828125,131.0399932861328,132.02000427246094,125.11335754394531,902400,0.0,0.0
2020-09-15 00:00:00-04:00,132.17999267578125,133.77000427246094,131.27000427246094,132.97999572753906,126.02312469482422,786300,0.0,0.0
2020-09-16 00:00:00-04:00,133.77999877929688,134.1999969482422,131.3699951171875,131.52999877929688,124.6489486694336,976100,0.0,0.0
2020-09-17 00:00:00-04:00,130.16000366210938,134.49000549316406,128.13999938964844,134.44000244140625,127.40672302246094,842500,0.0,0.0
2020-09-18 00:00:00-04:00,133.3000030517578,134.27000427246094,129.50999450683594,131.6199951171875,124.7342529296875,1511600,0.0,0.0
2020-09-21 00:00:00-04:00,130.25999450683594,131.6199951171875,128.25,131.22000122070312,124.35519409179688,996100,0.0,0.0
2020-09-22 00:00:00-04:00,130.75,132.08999633789062,128.25999450683594,128.97000122070312,122.22289276123047,1289500,0.0,0.0
2020-09-23 00:00:00-04:00,129.3000030517578,131.08999633789062,128.4600067138672,129.6300048828125,122.848388671875,766800,0.0,0.0
2020-09-24 00:00:00-04:00,130.44000244140625,132.17999267578125,128.6300048828125,130.86000061035156,124.01399230957031,484900,0.0,0.0
2020-09-25 00:00:00-04:00,129.94000244140625,131.0500030517578,129.1300048828125,129.3300018310547,122.56404876708984,794900,0.0,0.0
2020-09-28 00:00:00-04:00,130.25999450683594,131.5399932861328,129.9499969482422,130.5500030517578,123.72022247314453,588900,0.0,0.0
2020-09-29 00:00:00-04:00,130.52000427246094,131.2100067138672,128.57000732421875,128.6300048828125,121.90068054199219,443500,0.0,0.0
2020-09-30 00:00:00-04:00,129.1199951171875,129.47000122070312,125.30999755859375,126.37999725341797,119.76839447021484,831000,0.0,0.0
2020-10-01 00:00:00-04:00,126.66999816894531,127.3499984741211,124.47000122070312,125.20999908447266,118.65961456298828,675100,0.0,0.0
2020-10-02 00:00:00-04:00,124.81999969482422,128.35000610351562,124.30000305175781,127.48999786376953,120.82032012939453,1084600,0.0,0.0
2020-10-05 00:00:00-04:00,127.98999786376953,131.35000610351562,127.66999816894531,130.5500030517578,123.72022247314453,1470500,0.0,0.0
2020-10-06 00:00:00-04:00,131.0500030517578,132.82000732421875,129.47999572753906,130.5500030517578,123.72022247314453,767500,0.0,0.0
2020-10-07 00:00:00-04:00,130.99000549316406,134.27000427246094,130.99000549316406,132.57000732421875,125.6345443725586,704300,0.0,0.0
2020-10-08 00:00:00-04:00,133.66000366210938,135.52999877929688,133.5,135.3000030517578,128.22174072265625,519600,0.0,0.0
2020-10-09 00:00:00-04:00,135.7100067138672,136.0800018310547,134.05999755859375,135.22000122070312,128.1459197998047,384900,0.0,0.0
2020-10-12 00:00:00-04:00,136.02999877929688,138.27000427246094,136.02999877929688,137.77000427246094,130.5625457763672,798700,0.0,0.0
2020-10-13 00:00:00-04:00,137.0,139.61000061035156,137.0,138.49000549316406,131.244873046875,876100,0.0,0.0
2020-10-14 00:00:00-04:00,139.17999267578125,141.41000366210938,138.72000122070312,140.00999450683594,132.68531799316406,671900,0.0,0.0
2020-10-15 00:00:00-04:00,137.77000427246094,142.60000610351562,137.77000427246094,141.83999633789062,134.4196014404297,960400,0.0,0.0
2020-10-16 00:00:00-04:00,135.9600067138672,137.74000549316406,127.62999725341797,128.0399932861328,121.34153747558594,3406600,0.0,0.0
2020-10-19 00:00:00-04:00,125.11000061035156,127.54000091552734,123.30000305175781,123.94000244140625,117.4560317993164,1665800,0.0,0.0
2020-10-20 00:00:00-04:00,124.62999725341797,126.38999938964844,122.81999969482422,123.05999755859375,116.62208557128906,1047100,0.0,0.0
2020-10-21 00:00:00-04:00,122.87000274658203,125.94999694824219,121.73999786376953,125.16000366210938,118.61221313476562,1183000,0.0,0.0
2020-10-22 00:00:00-04:00,125.08000183105469,128.25999450683594,123.44999694824219,127.47000122070312,120.80137634277344,1150000,0.0,0.0
2020-10-23 00:00:00-04:00,127.88999938964844,129.8699951171875,127.25,128.97000122070312,122.22289276123047,803600,0.0,0.0
2020-10-26 00:00:00-04:00,128.3300018310547,128.6300048828125,125.73999786376953,127.2699966430664,120.6118392944336,948100,0.0,0.0
2020-10-27 00:00:00-04:00,127.33000183105469,129.17999267578125,125.91999816894531,126.33000183105469,119.72100830078125,877800,0.0,0.0
2020-10-28 00:00:00-04:00,124.01000213623047,125.94000244140625,122.9800033569336,123.58000183105469,117.11489868164062,883600,0.0,0.0
2020-10-29 00:00:00-04:00,123.83999633789062,124.12999725341797,122.25,122.33999633789062,115.93974304199219,944900,0.0,0.0
2020-10-30 00:00:00-04:00,121.5,123.75,119.22000122070312,121.73999786376953,115.37113952636719,1316700,0.0,0.0
2020-11-02 00:00:00-05:00,123.02999877929688,123.93000030517578,120.2300033569336,122.43000030517578,116.02503967285156,934600,0.0,0.0
2020-11-03 00:00:00-05:00,123.83999633789062,129.1699981689453,123.83999633789062,128.72000122070312,121.98596954345703,847700,0.0,0.0
2020-11-04 00:00:00-05:00,129.0,129.74000549316406,125.77999877929688,125.94000244140625,119.35140228271484,907200,0.0,0.0
2020-11-05 00:00:00-05:00,126.98999786376953,127.75,124.52999877929688,125.95999908447266,119.62682342529297,1058500,0.27,0.0
2020-11-06 00:00:00-05:00,125.95999908447266,126.51000213623047,123.70999908447266,124.55000305175781,118.2877197265625,851400,0.0,0.0
2020-11-09 00:00:00-05:00,128.55999755859375,129.72000122070312,124.23999786376953,124.30999755859375,118.05978393554688,1286600,0.0,0.0
2020-11-10 00:00:00-05:00,124.0,129.6999969482422,121.8499984741211,128.69000244140625,122.21956634521484,1890100,0.0,0.0
2020-11-11 00:00:00-05:00,129.7899932861328,130.19000244140625,126.30000305175781,127.95999908447266,121.52628326416016,888100,0.0,0.0
2020-11-12 00:00:00-05:00,128.3000030517578,128.5399932861328,126.05000305175781,126.98999786376953,120.60505676269531,810300,0.0,0.0
2020-11-13 00:00:00-05:00,127.9000015258789,131.1699981689453,127.36000061035156,129.14999389648438,122.65643310546875,490800,0.0,0.0
2020-11-16 00:00:00-05:00,130.0800018310547,132.92999267578125,129.60000610351562,132.58999633789062,125.92346954345703,628400,0.0,0.0
2020-11-17 00:00:00-05:00,131.4600067138672,134.25999450683594,130.0800018310547,133.0399932861328,126.35081481933594,557400,0.0,0.0
2020-11-18 00:00:00-05:00,133.0500030517578,134.77000427246094,131.5399932861328,132.2100067138672,125.56259155273438,514000,0.0,0.0
2020-11-19 00:00:00-05:00,131.94000244140625,134.3000030517578,130.50999450683594,133.77999877929688,127.05359649658203,587500,0.0,0.0
2020-11-20 00:00:00-05:00,133.32000732421875,135.30999755859375,133.08999633789062,133.83999633789062,127.11063385009766,677900,0.0,0.0
2020-11-23 00:00:00-05:00,134.4600067138672,135.36000061035156,132.0500030517578,133.8300018310547,127.10110473632812,671700,0.0,0.0
2020-11-24 00:00:00-05:00,133.82000732421875,137.27999877929688,133.22999572753906,136.67999267578125,129.80784606933594,530400,0.0,0.0
2020-11-25 00:00:00-05:00,136.27999877929688,136.58999633789062,134.22999572753906,135.85000610351562,129.01956176757812,508400,0.0,0.0
2020-11-27 00:00:00-05:00,136.05999755859375,136.7899932861328,134.75,135.2899932861328,128.48770141601562,252200,0.0,0.0
2020-11-30 00:00:00-05:00,135.77999877929688,136.75,134.52000427246094,135.27999877929688,128.47825622558594,585900,0.0,0.0
2020-12-01 00:00:00-05:00,135.1300048828125,137.30999755859375,134.55999755859375,135.66000366210938,128.839111328125,644300,0.0,0.0
2020-12-02 00:00:00-05:00,135.63999938964844,135.82000732421875,133.49000549316406,135.02999877929688,128.24073791503906,417400,0.0,0.0
2020-12-03 00:00:00-05:00,134.47999572753906,136.3699951171875,134.05999755859375,134.3800048828125,127.62344360351562,502800,0.0,0.0
2020-12-04 00:00:00-05:00,134.97999572753906,137.5500030517578,134.5,137.24000549316406,130.3396759033203,561000,0.0,0.0
2020-12-07 00:00:00-05:00,137.10000610351562,139.30999755859375,136.5500030517578,138.52000427246094,131.55532836914062,743400,0.0,0.0
2020-12-08 00:00:00-05:00,138.64999389648438,140.25,138.27999877929688,139.6199951171875,132.59999084472656,816800,0.0,0.0
2020-12-09 00:00:00-05:00,139.97999572753906,140.9499969482422,138.86000061035156,139.50999450683594,132.4955291748047,622700,0.0,0.0
2020-12-10 00:00:00-05:00,138.47000122070312,138.8000030517578,136.0,137.02000427246094,130.13075256347656,537000,0.0,0.0
2020-12-11 00:00:00-05:00,136.3300018310547,139.3800048828125,136.3300018310547,138.88999938964844,131.90672302246094,618900,0.0,0.0
2020-12-14 00:00:00-05:00,140.1699981689453,140.32000732421875,133.77000427246094,133.77999877929688,127.05359649658203,576900,0.0,0.0
2020-12-15 00:00:00-05:00,134.74000549316406,136.36000061035156,133.6199951171875,136.10000610351562,129.25701904296875,571000,0.0,0.0
2020-12-16 00:00:00-05:00,136.41000366210938,137.9499969482422,135.1300048828125,137.67999267578125,130.7575225830078,507300,0.0,0.0
2020-12-17 00:00:00-05:00,137.8300018310547,138.97999572753906,136.50999450683594,138.7100067138672,131.73577880859375,739700,0.0,0.0
2020-12-18 00:00:00-05:00,139.3300018310547,140.9600067138672,138.5,140.4600067138672,133.39779663085938,949000,0.0,0.0
2020-12-21 00:00:00-05:00,138.89999389648438,141.41000366210938,137.24000549316406,140.77999877929688,133.70164489746094,481400,0.0,0.0
2020-12-22 00:00:00-05:00,140.52999877929688,141.02999877929688,139.4499969482422,139.86000061035156,132.82794189453125,427200,0.0,0.0
2020-12-23 00:00:00-05:00,140.4199981689453,141.13999938964844,137.86000061035156,138.44000244140625,131.47935485839844,449300,0.0,0.0
2020-12-24 00:00:00-05:00,138.11000061035156,138.64999389648438,136.72000122070312,137.4199981689453,130.51065063476562,245300,0.0,0.0
2020-12-28 00:00:00-05:00,138.75999450683594,139.1199951171875,136.42999267578125,136.74000549316406,129.8648223876953,493100,0.0,0.0
2020-12-29 00:00:00-05:00,137.5,138.27000427246094,135.64999389648438,136.10000610351562,129.25701904296875,491100,0.0,0.0
2020-12-30 00:00:00-05:00,135.91000366210938,136.77999877929688,134.9499969482422,135.44000244140625,128.6302032470703,395000,0.0,0.0
2020-12-31 00:00:00-05:00,135.41000366210938,136.7899932861328,135.02999877929688,136.64999389648438,129.77935791015625,361000,0.0,0.0
2021-01-04 00:00:00-05:00,136.22999572753906,137.8000030517578,133.97999572753906,134.83999633789062,128.0603485107422,834000,0.0,0.0
2021-01-05 00:00:00-05:00,135.14999389648438,138.94000244140625,134.3800048828125,138.07000732421875,131.12794494628906,678800,0.0,0.0
2021-01-06 00:00:00-05:00,142.69000244140625,147.80999755859375,141.6300048828125,147.2899932861328,139.88430786132812,928700,0.0,0.0
2021-01-07 00:00:00-05:00,147.6199951171875,150.7899932861328,146.1999969482422,148.47000122070312,141.0050048828125,880800,0.0,0.0
2021-01-08 00:00:00-05:00,149.13999938964844,152.69000244140625,148.3699951171875,149.35000610351562,141.84078979492188,675200,0.0,0.0
2021-01-11 00:00:00-05:00,149.07000732421875,150.00999450683594,147.64999389648438,148.13999938964844,140.69161987304688,456800,0.0,0.0
2021-01-12 00:00:00-05:00,148.22999572753906,149.83999633789062,147.10000610351562,149.02999877929688,141.5368194580078,644000,0.0,0.0
2021-01-13 00:00:00-05:00,150.32000732421875,150.8000030517578,147.8699951171875,149.22000122070312,141.71734619140625,726200,0.0,0.0
2021-01-14 00:00:00-05:00,150.6699981689453,153.4199981689453,150.08999633789062,151.9499969482422,144.31002807617188,632200,0.0,0.0
2021-01-15 00:00:00-05:00,151.5,152.08999633789062,148.3800048828125,151.50999450683594,143.89215087890625,689800,0.0,0.0
2021-01-19 00:00:00-05:00,154.5399932861328,156.74000549316406,148.0,148.52000427246094,141.052490234375,1251900,0.0,0.0
2021-01-20 00:00:00-05:00,142.8699951171875,150.7899932861328,141.1699981689453,150.02000427246094,142.47711181640625,2103100,0.0,0.0
2021-01-21 00:00:00-05:00,150.30999755859375,150.75,146.38999938964844,147.3000030517578,139.8938751220703,871700,0.0,0.0
2021-01-22 00:00:00-05:00,147.0,147.27000427246094,144.9499969482422,146.13999938964844,138.7921905517578,617100,0.0,0.0
2021-01-25 00:00:00-05:00,146.25,147.75999450683594,143.75999450683594,146.74000549316406,139.3620147705078,594900,0.0,0.0
2021-01-26 00:00:00-05:00,142.83999633789062,146.50999450683594,142.83999633789062,143.4600067138672,136.2469024658203,641600,0.0,0.0
2021-01-27 00:00:00-05:00,141.49000549316406,142.38999938964844,135.47000122070312,135.72999572753906,128.9055633544922,846600,0.0,0.0
2021-01-28 00:00:00-05:00,136.47999572753906,139.6300048828125,135.4600067138672,136.77999877929688,129.90280151367188,503100,0.0,0.0
2021-01-29 00:00:00-05:00,137.55999755859375,137.55999755859375,134.00999450683594,134.66000366210938,127.88936614990234,677700,0.0,0.0
2021-02-01 00:00:00-05:00,135.9199981689453,136.9600067138672,133.36000061035156,136.91000366210938,130.02626037597656,565000,0.0,0.0
2021-02-02 00:00:00-05:00,138.77999877929688,141.25,137.00999450683594,140.60000610351562,133.5307159423828,528900,0.0,0.0
2021-02-03 00:00:00-05:00,140.97000122070312,141.2100067138672,137.80999755859375,139.0500030517578,132.05865478515625,400000,0.0,0.0
2021-02-04 00:00:00-05:00,139.5500030517578,142.13999938964844,138.07000732421875,142.07000732421875,135.1990966796875,754500,0.28,0.0
2021-02-05 00:00:00-05:00,143.00999450683594,144.9199981689453,142.33999633789062,144.64999389648438,137.65431213378906,583700,0.0,0.0
2021-02-08 00:00:00-05:00,145.2100067138672,146.49000549316406,144.02999877929688,146.02000427246094,138.95803833007812,397100,0.0,0.0
2021-02-09 00:00:00-05:00,146.89999389648438,148.52999877929688,146.0,148.35000610351562,141.1753692626953,557600,0.0,0.0
2021-02-10 00:00:00-05:00,148.0399932861328,148.0399932861328,145.16000366210938,146.72000122070312,139.62417602539062,722900,0.0,0.0
2021-02-11 00:00:00-05:00,147.60000610351562,147.6199951171875,145.67999267578125,147.32000732421875,140.19517517089844,762400,0.0,0.0
2021-02-12 00:00:00-05:00,147.36000061035156,149.36000061035156,146.72000122070312,148.32000732421875,141.14678955078125,487600,0.0,0.0
2021-02-16 00:00:00-05:00,148.91000366210938,149.49000549316406,145.58999633789062,146.32000732421875,139.24351501464844,769300,0.0,0.0
2021-02-17 00:00:00-05:00,145.50999450683594,145.7899932861328,141.41000366210938,143.82000732421875,136.8644561767578,482300,0.0,0.0
2021-02-18 00:00:00-05:00,143.35000610351562,147.41000366210938,142.69000244140625,146.89999389648438,139.79547119140625,584600,0.0,0.0
2021-02-19 00:00:00-05:00,147.94000244140625,149.9499969482422,146.16000366210938,146.55999755859375,139.4718780517578,1083900,0.0,0.0
2021-02-22 00:00:00-05:00,145.55999755859375,147.02000427246094,144.1699981689453,145.5500030517578,138.5107421875,484100,0.0,0.0
2021-02-23 00:00:00-05:00,144.8300018310547,145.1999969482422,140.8800048828125,144.50999450683594,137.5210723876953,418400,0.0,0.0
2021-02-24 00:00:00-05:00,144.16000366210938,147.5399932861328,143.86000061035156,146.66000366210938,139.567138671875,372600,0.0,0.0
2021-02-25 00:00:00-05:00,146.64999389648438,147.75999450683594,145.3800048828125,146.47999572753906,139.39576721191406,429600,0.0,0.0
2021-02-26 00:00:00-05:00,146.63999938964844,148.74000549316406,145.3800048828125,146.8699951171875,139.7669219970703,736800,0.0,0.0
2021-03-01 00:00:00-05:00,147.80999755859375,152.19000244140625,147.80999755859375,149.38999938964844,142.16502380371094,588200,0.0,0.0
2021-03-02 00:00:00-05:00,149.02000427246094,152.55999755859375,148.02000427246094,150.72999572753906,143.44021606445312,540900,0.0,0.0
2021-03-03 00:00:00-05:00,151.25999450683594,154.6199951171875,150.64999389648438,152.58999633789062,145.21029663085938,689300,0.0,0.0
2021-03-04 00:00:00-05:00,155.85000610351562,155.89999389648438,148.69000244140625,149.2899932861328,142.0699005126953,561800,0.0,0.0
2021-03-05 00:00:00-05:00,150.13999938964844,156.25999450683594,148.35000610351562,155.6300048828125,148.10328674316406,697100,0.0,0.0
2021-03-08 00:00:00-05:00,155.99000549316406,160.9499969482422,155.22999572753906,159.38999938964844,151.68142700195312,996000,0.0,0.0
2021-03-09 00:00:00-05:00,160.88999938964844,164.3000030517578,160.0399932861328,160.69000244140625,152.91854858398438,769100,0.0,0.0
2021-03-10 00:00:00-05:00,160.47000122070312,160.47000122070312,156.88999938964844,157.0,149.40701293945312,1048000,0.0,0.0
2021-03-11 00:00:00-05:00,156.72000122070312,159.33999633789062,154.27000427246094,159.2899932861328,151.5862579345703,764900,0.0,0.0
2021-03-12 00:00:00-05:00,160.19000244140625,163.6999969482422,158.9199981689453,162.8300018310547,154.95506286621094,374600,0.0,0.0
2021-03-15 00:00:00-04:00,163.17999267578125,163.17999267578125,160.10000610351562,161.4600067138672,153.6513671875,450700,0.0,0.0
2021-03-16 00:00:00-04:00,161.7100067138672,161.7100067138672,157.25,158.1699981689453,150.52041625976562,370100,0.0,0.0
2021-03-17 00:00:00-04:00,158.67999267578125,160.60000610351562,156.3800048828125,159.89999389648438,152.16673278808594,368000,0.0,0.0
2021-03-18 00:00:00-04:00,159.6199951171875,164.4600067138672,159.6199951171875,162.08999633789062,154.25083923339844,381600,0.0,0.0
2021-03-19 00:00:00-04:00,161.33999633789062,163.6999969482422,159.91000366210938,162.30999755859375,154.46017456054688,936300,0.0,0.0
2021-03-22 00:00:00-04:00,163.92999267578125,163.92999267578125,157.27999877929688,158.41000366210938,150.7488250732422,806200,0.0,0.0
2021-03-23 00:00:00-04:00,157.94000244140625,160.39999389648438,155.16000366210938,155.9499969482422,148.4077911376953,600800,0.0,0.0
2021-03-24 00:00:00-04:00,156.6300048828125,161.32000732421875,156.25,159.52999877929688,151.8146514892578,560200,0.0,0.0
2021-03-25 00:00:00-04:00,160.47000122070312,162.0500030517578,157.82000732421875,161.4199981689453,153.61328125,475800,0.0,0.0
2021-03-26 00:00:00-04:00,162.3300018310547,167.11000061035156,161.89999389648438,166.89999389648438,158.8282470703125,454600,0.0,0.0
2021-03-29 00:00:00-04:00,166.19000244140625,168.72000122070312,165.75,167.33999633789062,159.24691772460938,556300,0.0,0.0
2021-03-30 00:00:00-04:00,167.5500030517578,170.0500030517578,167.10000610351562,169.33999633789062,161.1502227783203,554900,0.0,0.0
2021-03-31 00:00:00-04:00,168.9199981689453,169.97999572753906,166.61000061035156,168.07000732421875,159.94166564941406,786800,0.0,0.0
2021-04-01 00:00:00-04:00,167.7100067138672,169.91000366210938,166.75,169.8000030517578,161.58798217773438,413900,0.0,0.0
2021-04-05 00:00:00-04:00,170.67999267578125,173.0399932861328,170.67999267578125,171.07000732421875,162.79656982421875,474900,0.0,0.0
2021-04-06 00:00:00-04:00,170.97000122070312,171.94000244140625,169.07000732421875,169.3000030517578,161.11215209960938,374800,0.0,0.0
2021-04-07 00:00:00-04:00,169.14999389648438,169.7899932861328,168.08999633789062,169.30999755859375,161.12168884277344,269000,0.0,0.0
2021-04-08 00:00:00-04:00,168.80999755859375,169.00999450683594,166.4199981689453,167.61000061035156,159.50389099121094,447200,0.0,0.0
2021-04-09 00:00:00-04:00,168.94000244140625,170.16000366210938,168.08999633789062,169.50999450683594,161.3119659423828,437100,0.0,0.0
2021-04-12 00:00:00-04:00,168.9199981689453,171.83999633789062,168.86000061035156,171.5,163.20578002929688,518800,0.0,0.0
2021-04-13 00:00:00-04:00,171.3800048828125,171.3800048828125,168.47999572753906,170.41000366210938,162.16847229003906,660300,0.0,0.0
2021-04-14 00:00:00-04:00,170.39999389648438,170.39999389648438,167.89999389648438,169.17999267578125,160.9979705810547,696700,0.0,0.0
2021-04-15 00:00:00-04:00,170.24000549316406,171.57000732421875,168.2899932861328,169.77000427246094,161.5594024658203,940000,0.0,0.0
2021-04-16 00:00:00-04:00,175.0,178.39999389648438,170.75999450683594,172.16000366210938,163.8338165283203,1386100,0.0,0.0
2021-04-19 00:00:00-04:00,171.66000366210938,172.30999755859375,166.22999572753906,166.92999267578125,158.85678100585938,944100,0.0,0.0
2021-04-20 00:00:00-04:00,167.35000610351562,168.6699981689453,165.1999969482422,168.3699951171875,160.2271270751953,916200,0.0,0.0
2021-04-21 00:00:00-04:00,169.02999877929688,170.5500030517578,166.2100067138672,166.77999877929688,158.7140350341797,666900,0.0,0.0
2021-04-22 00:00:00-04:00,166.55999755859375,170.77999877929688,166.3000030517578,169.58999633789062,161.3881378173828,655200,0.0,0.0
2021-04-23 00:00:00-04:00,169.61000061035156,170.58999633789062,169.07000732421875,169.1999969482422,161.0170135498047,515100,0.0,0.0
2021-04-26 00:00:00-04:00,169.91000366210938,170.9199981689453,166.77999877929688,167.75999450683594,159.6466064453125,593600,0.0,0.0
2021-04-27 00:00:00-04:00,168.42999267578125,170.36000061035156,168.1300048828125,169.63999938964844,161.4357147216797,566500,0.0,0.0
2021-04-28 00:00:00-04:00,169.3300018310547,170.6699981689453,168.3800048828125,168.9199981689453,160.7505340576172,368600,0.0,0.0
2021-04-29 00:00:00-04:00,169.91000366210938,173.6999969482422,169.4600067138672,172.02000427246094,163.7006072998047,518100,0.0,0.0
2021-04-30 00:00:00-04:00,170.97000122070312,172.41000366210938,170.0399932861328,170.7100067138672,162.45396423339844,600400,0.0,0.0
2021-05-03 00:00:00-04:00,171.8000030517578,175.22999572753906,171.8000030517578,174.10000610351562,165.68002319335938,594700,0.0,0.0
2021-05-04 00:00:00-04:00,173.27999877929688,177.69000244140625,172.80999755859375,176.57000732421875,168.03053283691406,625500,0.0,0.0
2021-05-05 00:00:00-04:00,177.57000732421875,177.57000732421875,173.0500030517578,173.64999389648438,165.25173950195312,679800,0.0,0.0
2021-05-06 00:00:00-04:00,172.85000610351562,175.0,170.9499969482422,174.89999389648438,166.72933959960938,540600,0.3,0.0
2021-05-07 00:00:00-04:00,175.57000732421875,178.8699951171875,173.97000122070312,178.27000427246094,169.9419708251953,480100,0.0,0.0
2021-05-10 00:00:00-04:00,181.63999938964844,183.8000030517578,180.11000061035156,180.47000122070312,172.03916931152344,576200,0.0,0.0
2021-05-11 00:00:00-04:00,180.0399932861328,180.22000122070312,175.52000427246094,176.44000244140625,168.1974334716797,553600,0.0,0.0
2021-05-12 00:00:00-04:00,176.02000427246094,177.80999755859375,172.86000061035156,173.17999267578125,165.08973693847656,453400,0.0,0.0
2021-05-13 00:00:00-04:00,174.00999450683594,176.57000732421875,173.83999633789062,175.99000549316406,167.76844787597656,426400,0.0,0.0
2021-05-14 00:00:00-04:00,177.72999572753906,177.72999572753906,176.10000610351562,176.49000549316406,168.24508666992188,411200,0.0,0.0
2021-05-17 00:00:00-04:00,176.4499969482422,177.72999572753906,174.4499969482422,176.07000732421875,167.8447265625,397300,0.0,0.0
2021-05-18 00:00:00-04:00,176.27000427246094,177.6199951171875,173.39999389648438,173.42999267578125,165.3280029296875,622400,0.0,0.0
2021-05-19 00:00:00-04:00,172.2899932861328,172.88999938964844,167.92999267578125,171.27999877929688,163.27847290039062,564800,0.0,0.0
2021-05-20 00:00:00-04:00,171.3699951171875,172.6699981689453,169.5500030517578,169.82000732421875,161.88665771484375,431500,0.0,0.0
2021-05-21 00:00:00-04:00,169.99000549316406,172.47000122070312,169.72999572753906,170.69000244140625,162.71607971191406,292700,0.0,0.0
2021-05-24 00:00:00-04:00,171.5800018310547,172.0,170.17999267578125,171.08999633789062,163.09732055664062,315900,0.0,0.0
2021-05-25 00:00:00-04:00,170.8300018310547,172.00999450683594,167.52999877929688,167.6699981689453,159.837158203125,602300,0.0,0.0
2021-05-26 00:00:00-04:00,167.97999572753906,169.77000427246094,167.1999969482422,169.44000244140625,161.5244140625,514200,0.0,0.0
2021-05-27 00:00:00-04:00,170.83999633789062,173.24000549316406,170.35000610351562,172.25999450683594,164.21270751953125,586800,0.0,0.0
2021-05-28 00:00:00-04:00,171.33999633789062,172.5800018310547,170.91000366210938,171.5399932861328,163.5263214111328,480400,0.0,0.0
2021-06-01 00:00:00-04:00,172.64999389648438,174.27999877929688,171.92999267578125,172.13999938964844,164.0983123779297,531500,0.0,0.0
2021-06-02 00:00:00-04:00,172.47000122070312,172.47000122070312,168.72999572753906,170.08999633789062,162.1440887451172,632300,0.0,0.0
2021-06-03 00:00:00-04:00,169.86000061035156,170.6999969482422,167.10000610351562,169.50999450683594,161.5911407470703,446000,0.0,0.0
2021-06-04 00:00:00-04:00,169.2100067138672,169.72999572753906,164.00999450683594,167.0800018310547,159.274658203125,610000,0.0,0.0
2021-06-07 00:00:00-04:00,168.25999450683594,168.25999450683594,163.08999633789062,163.57000732421875,155.92864990234375,907700,0.0,0.0
2021-06-08 00:00:00-04:00,163.9499969482422,165.92999267578125,163.25999450683594,165.49000549316406,157.7589874267578,474400,0.0,0.0
2021-06-09 00:00:00-04:00,165.0800018310547,166.72999572753906,163.3000030517578,165.5800018310547,157.84474182128906,1047200,0.0,0.0
2021-06-10 00:00:00-04:00,165.8800048828125,167.4600067138672,163.4600067138672,164.1999969482422,156.52919006347656,573900,0.0,0.0
2021-06-11 00:00:00-04:00,164.4600067138672,165.69000244140625,164.07000732421875,165.25,157.53018188476562,427400,0.0,0.0
2021-06-14 00:00:00-04:00,165.41000366210938,165.6699981689453,163.67999267578125,164.61000061035156,156.92005920410156,481000,0.0,0.0
2021-06-15 00:00:00-04:00,164.60000610351562,167.77999877929688,163.1999969482422,166.77999877929688,158.98870849609375,759800,0.0,0.0
2021-06-16 00:00:00-04:00,166.9499969482422,167.16000366210938,164.2899932861328,164.50999450683594,156.8247528076172,483800,0.0,0.0
2021-06-17 00:00:00-04:00,164.9199981689453,165.24000549316406,157.67999267578125,158.6300048828125,151.21946716308594,647300,0.0,0.0
2021-06-18 00:00:00-04:00,156.61000061035156,157.44000244140625,155.11000061035156,155.88999938964844,148.60743713378906,1361000,0.0,0.0
2021-06-21 00:00:00-04:00,157.3000030517578,160.60000610351562,157.3000030517578,159.69000244140625,152.2299346923828,447900,0.0,0.0
2021-06-22 00:00:00-04:00,159.52999877929688,161.13999938964844,158.44000244140625,160.35000610351562,152.85906982421875,388900,0.0,0.0
2021-06-23 00:00:00-04:00,160.61000061035156,161.1300048828125,159.14999389648438,159.24000549316406,151.80099487304688,347300,0.0,0.0
2021-06-24 00:00:00-04:00,159.1699981689453,160.69000244140625,158.22000122070312,160.49000549316406,152.9925994873047,570500,0.0,0.0
2021-06-25 00:00:00-04:00,160.22000122070312,162.6999969482422,159.24000549316406,162.0,154.43197631835938,1702600,0.0,0.0
2021-06-28 00:00:00-04:00,162.00999450683594,162.32000732421875,160.47000122070312,161.77999877929688,154.2222900390625,603900,0.0,0.0
2021-06-29 00:00:00-04:00,161.4199981689453,162.25999450683594,159.7899932861328,161.66000366210938,154.10789489746094,661300,0.0,0.0
2021-06-30 00:00:00-04:00,161.60000610351562,163.38999938964844,161.13999938964844,162.9499969482422,155.33758544921875,682300,0.0,0.0
2021-07-01 00:00:00-04:00,164.0500030517578,167.52999877929688,162.99000549316406,166.94000244140625,159.14125061035156,939200,0.0,0.0
2021-07-02 00:00:00-04:00,166.25,167.00999450683594,164.63999938964844,165.30999755859375,157.58737182617188,527100,0.0,0.0
2021-07-06 00:00:00-04:00,165.67999267578125,166.0399932861328,160.19000244140625,163.02000427246094,155.4043731689453,650900,0.0,0.0
2021-07-07 00:00:00-04:00,163.0800018310547,167.07000732421875,163.0800018310547,166.94000244140625,159.14125061035156,611300,0.0,0.0
2021-07-08 00:00:00-04:00,165.1300048828125,166.07000732421875,161.50999450683594,162.30999755859375,154.7274932861328,658600,0.0,0.0
2021-07-09 00:00:00-04:00,164.75,166.02999877929688,163.11000061035156,165.77999877929688,158.03543090820312,587000,0.0,0.0
2021-07-12 00:00:00-04:00,164.63999938964844,166.72999572753906,164.13999938964844,165.4499969482422,157.72085571289062,602100,0.0,0.0
2021-07-13 00:00:00-04:00,165.36000061035156,167.19000244140625,164.0399932861328,166.91000366210938,159.1126251220703,719800,0.0,0.0
2021-07-14 00:00:00-04:00,167.85000610351562,172.08999633789062,167.3699951171875,169.6300048828125,161.70556640625,988100,0.0,0.0
2021-07-15 00:00:00-04:00,168.58999633789062,170.7100067138672,167.32000732421875,167.75999450683594,159.9228973388672,894700,0.0,0.0
2021-07-16 00:00:00-04:00,167.75,168.33999633789062,162.6699981689453,164.9499969482422,157.2441864013672,1599300,0.0,0.0
2021-07-19 00:00:00-04:00,163.19000244140625,163.22999572753906,159.25999450683594,159.67999267578125,152.2203826904297,1080800,0.0,0.0
2021-07-20 00:00:00-04:00,160.14999389648438,165.47000122070312,159.1199951171875,164.33999633789062,156.66273498535156,1462700,0.0,0.0
2021-07-21 00:00:00-04:00,164.8800048828125,165.0,160.91000366210938,163.6300048828125,155.98587036132812,634100,0.0,0.0
2021-07-22 00:00:00-04:00,163.9199981689453,164.72000122070312,162.9199981689453,163.66000366210938,156.01451110839844,533900,0.0,0.0
2021-07-23 00:00:00-04:00,164.2100067138672,167.6699981689453,163.5,167.25,159.4367218017578,481800,0.0,0.0
2021-07-26 00:00:00-04:00,167.1300048828125,168.49000549316406,165.25999450683594,165.5500030517578,157.81613159179688,394400,0.0,0.0
2021-07-27 00:00:00-04:00,165.0399932861328,166.27999877929688,164.07000732421875,165.38999938964844,157.66366577148438,375800,0.0,0.0
2021-07-28 00:00:00-04:00,165.91000366210938,165.91000366210938,162.60000610351562,164.49000549316406,156.80567932128906,403700,0.0,0.0
2021-07-29 00:00:00-04:00,165.57000732421875,167.75,165.27000427246094,167.41000366210938,159.58929443359375,326400,0.0,0.0
2021-07-30 00:00:00-04:00,166.77999877929688,169.1699981689453,165.89999389648438,168.4499969482422,160.58067321777344,493400,0.0,0.0
2021-08-02 00:00:00-04:00,168.6300048828125,170.2100067138672,167.33999633789062,167.47000122070312,159.6464385986328,450300,0.0,0.0
2021-08-03 00:00:00-04:00,167.83999633789062,171.50999450683594,166.66000366210938,171.22000122070312,163.2212677001953,411100,0.0,0.0
2021-08-04 00:00:00-04:00,170.5,170.5,167.47000122070312,167.63999938964844,159.8085479736328,392900,0.0,0.0
2021-08-05 00:00:00-04:00,167.64999389648438,168.50999450683594,165.82000732421875,166.8699951171875,159.35968017578125,390000,0.3,0.0
2021-08-06 00:00:00-04:00,167.1199951171875,168.42999267578125,166.16000366210938,167.0500030517578,159.53160095214844,404900,0.0,0.0
2021-08-09 00:00:00-04:00,166.22000122070312,166.7100067138672,165.07000732421875,165.3699951171875,157.9271697998047,298600,0.0,0.0
2021-08-10 00:00:00-04:00,165.5,167.94000244140625,164.2899932861328,167.1199951171875,159.5984344482422,424900,0.0,0.0
2021-08-11 00:00:00-04:00,167.0,172.77000427246094,166.4600067138672,172.75999450683594,164.98458862304688,510000,0.0,0.0
2021-08-12 00:00:00-04:00,173.35000610351562,174.44000244140625,172.4600067138672,173.14999389648438,165.35702514648438,346000,0.0,0.0
2021-08-13 00:00:00-04:00,173.19000244140625,176.25999450683594,172.27000427246094,175.61000061035156,167.70632934570312,395800,0.0,0.0
2021-08-16 00:00:00-04:00,175.0,176.92999267578125,172.83999633789062,176.80999755859375,168.852294921875,509700,0.0,0.0
2021-08-17 00:00:00-04:00,175.6999969482422,175.6999969482422,172.33999633789062,174.8699951171875,166.9995880126953,421800,0.0,0.0
2021-08-18 00:00:00-04:00,174.58999633789062,176.25,171.57000732421875,173.25,165.45254516601562,507900,0.0,0.0
2021-08-19 00:00:00-04:00,171.77999877929688,173.44000244140625,170.0500030517578,171.52999877929688,163.80995178222656,499400,0.0,0.0
2021-08-20 00:00:00-04:00,173.1300048828125,174.75,171.1999969482422,174.49000549316406,166.63674926757812,264500,0.0,0.0
2021-08-23 00:00:00-04:00,174.6699981689453,176.72999572753906,174.66000366210938,174.89999389648438,167.02830505371094,309800,0.0,0.0
2021-08-24 00:00:00-04:00,175.52999877929688,176.13999938964844,173.47999572753906,174.05999755859375,166.22613525390625,395200,0.0,0.0
2021-08-25 00:00:00-04:00,174.0,176.0399932861328,173.83999633789062,175.2100067138672,167.32435607910156,264200,0.0,0.0
2021-08-26 00:00:00-04:00,175.2100067138672,175.80999755859375,173.6999969482422,174.9499969482422,167.07598876953125,362500,0.0,0.0
2021-08-27 00:00:00-04:00,175.44000244140625,179.8800048828125,175.44000244140625,179.55999755859375,171.47854614257812,473300,0.0,0.0
2021-08-30 00:00:00-04:00,179.41000366210938,184.3800048828125,179.17999267578125,182.7100067138672,174.4867706298828,669500,0.0,0.0
2021-08-31 00:00:00-04:00,182.8300018310547,182.8300018310547,176.74000549316406,177.39999389648438,169.4157257080078,800400,0.0,0.0
2021-09-01 00:00:00-04:00,177.3800048828125,179.67999267578125,174.83999633789062,179.13999938964844,171.0774688720703,395700,0.0,0.0
2021-09-02 00:00:00-04:00,180.0399932861328,183.1199951171875,179.85000610351562,182.92999267578125,174.6968536376953,363800,0.0,0.0
2021-09-03 00:00:00-04:00,182.60000610351562,183.74000549316406,180.82000732421875,181.0800018310547,172.93014526367188,478500,0.0,0.0
2021-09-07 00:00:00-04:00,181.13999938964844,182.17999267578125,179.13999938964844,179.32000732421875,171.2493438720703,455100,0.0,0.0
2021-09-08 00:00:00-04:00,179.32000732421875,179.74000549316406,176.64999389648438,177.14999389648438,169.17703247070312,583300,0.0,0.0
2021-09-09 00:00:00-04:00,177.3000030517578,178.7100067138672,172.0500030517578,172.75999450683594,164.98458862304688,636100,0.0,0.0
2021-09-10 00:00:00-04:00,173.82000732421875,176.1699981689453,173.17999267578125,173.77999877929688,165.95867919921875,431600,0.0,0.0
2021-09-13 00:00:00-04:00,175.36000061035156,175.36000061035156,171.24000549316406,171.6999969482422,163.97225952148438,426500,0.0,0.0
2021-09-14 00:00:00-04:00,172.9199981689453,172.92999267578125,167.25,168.14999389648438,160.58206176757812,654700,0.0,0.0
2021-09-15 00:00:00-04:00,169.10000610351562,172.83999633789062,168.49000549316406,171.99000549316406,164.24923706054688,693000,0.0,0.0
2021-09-16 00:00:00-04:00,172.0399932861328,172.50999450683594,170.82000732421875,171.19000244140625,163.4852294921875,358300,0.0,0.0
2021-09-17 00:00:00-04:00,171.05999755859375,171.5399932861328,167.6699981689453,168.72000122070312,161.12640380859375,905900,0.0,0.0
2021-09-20 00:00:00-04:00,166.5,169.2899932861328,165.5,169.08999633789062,161.47975158691406,487900,0.0,0.0
2021-09-21 00:00:00-04:00,170.42999267578125,171.27999877929688,167.85000610351562,170.69000244140625,163.00775146484375,382500,0.0,0.0
2021-09-22 00:00:00-04:00,171.69000244140625,171.69000244140625,168.41000366210938,168.50999450683594,160.92588806152344,412700,0.0,0.0
2021-09-23 00:00:00-04:00,169.22000122070312,171.7899932861328,169.22000122070312,170.82000732421875,163.13189697265625,351500,0.0,0.0
2021-09-24 00:00:00-04:00,170.0500030517578,173.77000427246094,169.97000122070312,173.75,165.9300079345703,380200,0.0,0.0
2021-09-27 00:00:00-04:00,173.94000244140625,176.7899932861328,173.25999450683594,174.5399932861328,166.68446350097656,404700,0.0,0.0
2021-09-28 00:00:00-04:00,173.8699951171875,175.10000610351562,171.0399932861328,171.6300048828125,163.90548706054688,456100,0.0,0.0
2021-09-29 00:00:00-04:00,171.91000366210938,173.0500030517578,168.80999755859375,170.0800018310547,162.4252166748047,371800,0.0,0.0
2021-09-30 00:00:00-04:00,170.77000427246094,171.55999755859375,167.02000427246094,167.22000122070312,159.69393920898438,493900,0.0,0.0
2021-10-01 00:00:00-04:00,168.0399932861328,168.58999633789062,163.74000549316406,166.80999755859375,159.30239868164062,508000,0.0,0.0
2021-10-04 00:00:00-04:00,166.5,168.2100067138672,164.74000549316406,165.47999572753906,158.03221130371094,417100,0.0,0.0
2021-10-05 00:00:00-04:00,166.4499969482422,171.57000732421875,166.1699981689453,170.72000122070312,163.03639221191406,423500,0.0,0.0
2021-10-06 00:00:00-04:00,169.8000030517578,171.9600067138672,167.89999389648438,171.66000366210938,163.93409729003906,380100,0.0,0.0
2021-10-07 00:00:00-04:00,172.92999267578125,174.75999450683594,172.47000122070312,173.0500030517578,165.2615203857422,341700,0.0,0.0
2021-10-08 00:00:00-04:00,168.8300018310547,173.1300048828125,168.08999633789062,169.77999877929688,162.1387176513672,577600,0.0,0.0
2021-10-11 00:00:00-04:00,167.55999755859375,170.66000366210938,167.39999389648438,169.25,161.63258361816406,425900,0.0,0.0
2021-10-12 00:00:00-04:00,169.35000610351562,171.6199951171875,168.17999267578125,170.38999938964844,162.7212677001953,679600,0.0,0.0
2021-10-13 00:00:00-04:00,171.50999450683594,172.1199951171875,168.2899932861328,171.36000061035156,163.64759826660156,548000,0.0,0.0
2021-10-14 00:00:00-04:00,173.02999877929688,175.61000061035156,172.41000366210938,175.24000549316406,167.35296630859375,621000,0.0,0.0
2021-10-15 00:00:00-04:00,185.0,192.7899932861328,181.72999572753906,190.5500030517578,181.97390747070312,1733200,0.0,0.0
2021-10-18 00:00:00-04:00,191.2100067138672,192.69000244140625,187.8300018310547,189.0500030517578,180.54144287109375,1039100,0.0,0.0
2021-10-19 00:00:00-04:00,190.02999877929688,191.50999450683594,187.72000122070312,191.27000427246094,182.66152954101562,452800,0.0,0.0
2021-10-20 00:00:00-04:00,192.0399932861328,195.50999450683594,190.17999267578125,195.02999877929688,186.25230407714844,699300,0.0,0.0
2021-10-21 00:00:00-04:00,195.07000732421875,196.05999755859375,193.1199951171875,193.94000244140625,185.2113494873047,571700,0.0,0.0
2021-10-22 00:00:00-04:00,194.6199951171875,197.7100067138672,194.58999633789062,195.66000366210938,186.85391235351562,518500,0.0,0.0
2021-10-25 00:00:00-04:00,196.10000610351562,201.08999633789062,196.0,197.72999572753906,188.8307647705078,690300,0.0,0.0
2021-10-26 00:00:00-04:00,198.38999938964844,200.4600067138672,196.33999633789062,196.47999572753906,187.6370086669922,511300,0.0,0.0
2021-10-27 00:00:00-04:00,196.47999572753906,198.49000549316406,194.7100067138672,194.77000427246094,186.00401306152344,406600,0.0,0.0
2021-10-28 00:00:00-04:00,195.67999267578125,198.52999877929688,194.97000122070312,198.00999450683594,189.0981903076172,297700,0.0,0.0
2021-10-29 00:00:00-04:00,196.49000549316406,199.13999938964844,195.9600067138672,197.19000244140625,188.31507873535156,386500,0.0,0.0
2021-11-01 00:00:00-04:00,197.6699981689453,199.1199951171875,194.49000549316406,195.77999877929688,186.96853637695312,568600,0.0,0.0
2021-11-02 00:00:00-04:00,196.0500030517578,196.5,192.41000366210938,193.19000244140625,184.49510192871094,674200,0.0,0.0
2021-11-03 00:00:00-04:00,192.89999389648438,195.69000244140625,192.72999572753906,195.41000366210938,186.61520385742188,613000,0.0,0.0
2021-11-04 00:00:00-04:00,195.41000366210938,197.75,194.1699981689453,197.27000427246094,188.68113708496094,552000,0.3,0.0
2021-11-05 00:00:00-04:00,199.13999938964844,200.49000549316406,192.7899932861328,193.27000427246094,184.85531616210938,610700,0.0,0.0
2021-11-08 00:00:00-05:00,194.2899932861328,195.5,192.0500030517578,194.72000122070312,186.24215698242188,368700,0.0,0.0
2021-11-09 00:00:00-05:00,194.5800018310547,196.3699951171875,194.02000427246094,195.27999877929688,186.77777099609375,271100,0.0,0.0
2021-11-10 00:00:00-05:00,194.63999938964844,195.02999877929688,192.69000244140625,193.47999572753906,185.05616760253906,217500,0.0,0.0
2021-11-11 00:00:00-05:00,194.07000732421875,197.14999389648438,193.92999267578125,196.4199981689453,187.86810302734375,483400,0.0,0.0
2021-11-12 00:00:00-05:00,196.4199981689453,202.49000549316406,196.4199981689453,199.2100067138672,190.5366973876953,490200,0.0,0.0
2021-11-15 00:00:00-05:00,199.07000732421875,201.30999755859375,199.0399932861328,199.35000610351562,190.67059326171875,402100,0.0,0.0
2021-11-16 00:00:00-05:00,199.25,202.55999755859375,199.0,201.4600067138672,192.688720703125,468100,0.0,0.0
2021-11-17 00:00:00-05:00,201.17999267578125,202.7100067138672,199.50999450683594,199.77999877929688,191.08187866210938,401100,0.0,0.0
2021-11-18 00:00:00-05:00,199.8699951171875,200.77000427246094,194.1300048828125,195.75,187.22731018066406,623200,0.0,0.0
2021-11-19 00:00:00-05:00,195.69000244140625,195.77999877929688,190.74000549316406,194.25999450683594,185.80221557617188,702800,0.0,0.0
2021-11-22 00:00:00-05:00,195.0,199.36000061035156,194.2899932861328,197.35000610351562,188.7576446533203,422700,0.0,0.0
2021-11-23 00:00:00-05:00,197.3699951171875,200.85000610351562,195.99000549316406,200.5800018310547,191.84703063964844,525200,0.0,0.0
2021-11-24 00:00:00-05:00,199.1699981689453,200.6199951171875,197.5800018310547,200.22999572753906,191.5122833251953,379200,0.0,0.0
2021-11-26 00:00:00-05:00,195.4600067138672,197.39999389648438,193.80999755859375,194.57000732421875,186.09869384765625,297000,0.0,0.0
2021-11-29 00:00:00-05:00,196.6699981689453,198.83999633789062,194.3300018310547,195.8699951171875,187.3421173095703,366900,0.0,0.0
2021-11-30 00:00:00-05:00,194.6300048828125,195.02000427246094,190.10000610351562,191.16000366210938,182.83718872070312,890200,0.0,0.0
2021-12-01 00:00:00-05:00,194.91000366210938,194.91000366210938,185.91000366210938,185.99000549316406,177.89227294921875,664400,0.0,0.0
2021-12-02 00:00:00-05:00,185.83999633789062,191.39999389648438,185.14999389648438,190.1300048828125,181.8520050048828,466700,0.0,0.0
2021-12-03 00:00:00-05:00,191.6300048828125,193.3699951171875,189.92999267578125,191.72000122070312,183.3727569580078,463400,0.0,0.0
2021-12-06 00:00:00-05:00,193.24000549316406,196.9199981689453,193.02000427246094,195.55999755859375,187.04554748535156,479600,0.0,0.0
2021-12-07 00:00:00-05:00,197.5800018310547,200.24000549316406,195.8699951171875,196.1699981689453,187.6290283203125,440100,0.0,0.0
2021-12-08 00:00:00-05:00,197.52000427246094,198.8699951171875,193.36000061035156,196.69000244140625,188.12640380859375,340900,0.0,0.0
2021-12-09 00:00:00-05:00,196.24000549316406,200.91000366210938,195.11000061035156,198.57000732421875,189.9245147705078,451100,0.0,0.0
2021-12-10 00:00:00-05:00,199.72999572753906,200.97000122070312,198.19000244140625,198.55999755859375,189.91497802734375,431700,0.0,0.0
2021-12-13 00:00:00-05:00,199.0500030517578,202.80999755859375,196.72999572753906,200.8000030517578,192.0574493408203,717300,0.0,0.0
2021-12-14 00:00:00-05:00,199.25,201.83999633789062,195.32000732421875,196.60000610351562,188.04029846191406,447900,0.0,0.0
2021-12-15 00:00:00-05:00,197.5,199.74000549316406,195.4499969482422,198.60000610351562,189.95321655273438,391100,0.0,0.0
2021-12-16 00:00:00-05:00,200.0800018310547,201.9600067138672,196.49000549316406,196.52999877929688,187.97332763671875,387900,0.0,0.0
2021-12-17 00:00:00-05:00,196.3699951171875,197.1999969482422,191.36000061035156,192.10000610351562,183.7362518310547,1069900,0.0,0.0
2021-12-20 00:00:00-05:00,189.27000427246094,191.5800018310547,187.58999633789062,190.77000427246094,182.46417236328125,497100,0.0,0.0
2021-12-21 00:00:00-05:00,192.86000061035156,195.30999755859375,191.24000549316406,194.9499969482422,186.4621124267578,344800,0.0,0.0
2021-12-22 00:00:00-05:00,194.77999877929688,196.36000061035156,192.0,194.83999633789062,186.35696411132812,520900,0.0,0.0
2021-12-23 00:00:00-05:00,195.22000122070312,198.67999267578125,195.22000122070312,197.22999572753906,188.6428680419922,335500,0.0,0.0
2021-12-27 00:00:00-05:00,197.80999755859375,203.19000244140625,197.80999755859375,203.13999938964844,194.2955780029297,284600,0.0,0.0
2021-12-28 00:00:00-05:00,203.3000030517578,204.3800048828125,202.0800018310547,203.7899932861328,194.91726684570312,260300,0.0,0.0
2021-12-29 00:00:00-05:00,204.0,206.83999633789062,203.14999389648438,205.75,196.7919464111328,243000,0.0,0.0
2021-12-30 00:00:00-05:00,204.99000549316406,205.7899932861328,203.27999877929688,203.72999572753906,194.85989379882812,203900,0.0,0.0
2021-12-31 00:00:00-05:00,203.5800018310547,205.47000122070312,201.49000549316406,204.39999389648438,195.50071716308594,239800,0.0,0.0
2022-01-03 00:00:00-05:00,205.0,206.52000427246094,200.42999267578125,201.83999633789062,193.05218505859375,490900,0.0,0.0
2022-01-04 00:00:00-05:00,203.05999755859375,208.8699951171875,201.92999267578125,207.66000366210938,198.6187744140625,691500,0.0,0.0
2022-01-05 00:00:00-05:00,207.30999755859375,208.74000549316406,202.5399932861328,203.36000061035156,194.50601196289062,582700,0.0,0.0
2022-01-06 00:00:00-05:00,203.77999877929688,204.8300018310547,199.02999877929688,201.9499969482422,193.15737915039062,495100,0.0,0.0
2022-01-07 00:00:00-05:00,201.69000244140625,201.69000244140625,197.39999389648438,200.11000061035156,191.39749145507812,522800,0.0,0.0
2022-01-10 00:00:00-05:00,199.5,199.5,193.72999572753906,197.97999572753906,189.36021423339844,792800,0.0,0.0
2022-01-11 00:00:00-05:00,198.39999389648438,199.8300018310547,195.14999389648438,199.0500030517578,190.38363647460938,690200,0.0,0.0
2022-01-12 00:00:00-05:00,200.33999633789062,203.13999938964844,200.17999267578125,202.8000030517578,193.97035217285156,636800,0.0,0.0
2022-01-13 00:00:00-05:00,203.83999633789062,206.16000366210938,203.44000244140625,204.19000244140625,195.2998504638672,777400,0.0,0.0
2022-01-14 00:00:00-05:00,201.69000244140625,203.33999633789062,197.41000366210938,202.07000732421875,193.27215576171875,1034700,0.0,0.0
2022-01-18 00:00:00-05:00,201.91000366210938,202.0800018310547,199.08999633789062,200.49000549316406,191.76092529296875,949600,0.0,0.0
2022-01-19 00:00:00-05:00,203.2100067138672,203.39999389648438,194.64999389648438,200.64999389648438,191.91400146484375,1351000,0.0,0.0
2022-01-20 00:00:00-05:00,202.25999450683594,205.3300018310547,200.02999877929688,200.41000366210938,191.68446350097656,851700,0.0,0.0
2022-01-21 00:00:00-05:00,199.4499969482422,203.74000549316406,197.47999572753906,198.9499969482422,190.28797912597656,870500,0.0,0.0
2022-01-24 00:00:00-05:00,197.0,203.47000122070312,195.88999938964844,202.6699981689453,193.84603881835938,845500,0.0,0.0
2022-01-25 00:00:00-05:00,200.4199981689453,201.0500030517578,192.49000549316406,195.9499969482422,187.41860961914062,1084000,0.0,0.0
2022-01-26 00:00:00-05:00,200.7899932861328,201.02999877929688,194.0,195.5,186.98822021484375,1033300,0.0,0.0
2022-01-27 00:00:00-05:00,196.36000061035156,198.94000244140625,186.80999755859375,188.11000061035156,179.91993713378906,976000,0.0,0.0
2022-01-28 00:00:00-05:00,188.33999633789062,191.94000244140625,184.83999633789062,191.89999389648438,183.544921875,575500,0.0,0.0
2022-01-31 00:00:00-05:00,191.0,194.3000030517578,189.47000122070312,192.5399932861328,184.15707397460938,674500,0.0,0.0
2022-02-01 00:00:00-05:00,194.13999938964844,197.35000610351562,190.67999267578125,192.14999389648438,183.78402709960938,614300,0.0,0.0
2022-02-02 00:00:00-05:00,192.14999389648438,196.0,188.52000427246094,195.77999877929688,187.25601196289062,586600,0.0,0.0
2022-02-03 00:00:00-05:00,193.88999938964844,196.25999450683594,192.55999755859375,193.30999755859375,185.27206420898438,501100,0.4,0.0
2022-02-04 00:00:00-05:00,193.1300048828125,193.5,187.83999633789062,189.60000610351562,181.71633911132812,520200,0.0,0.0
2022-02-07 00:00:00-05:00,189.74000549316406,189.74000549316406,186.32000732421875,186.55999755859375,178.8027801513672,511800,0.0,0.0
2022-02-08 00:00:00-05:00,187.2100067138672,190.75,186.05999755859375,188.89999389648438,181.04544067382812,370300,0.0,0.0
2022-02-09 00:00:00-05:00,190.39999389648438,195.77000427246094,190.22000122070312,194.38999938964844,186.30718994140625,497400,0.0,0.0
2022-02-10 00:00:00-05:00,191.6199951171875,195.7899932861328,190.5399932861328,191.50999450683594,183.54693603515625,611600,0.0,0.0
2022-02-11 00:00:00-05:00,191.67999267578125,194.0399932861328,188.0399932861328,189.97000122070312,182.07095336914062,572100,0.0,0.0
2022-02-14 00:00:00-05:00,190.9600067138672,193.63999938964844,189.3699951171875,192.49000549316406,184.48619079589844,649800,0.0,0.0
2022-02-15 00:00:00-05:00,194.4600067138672,199.32000732421875,192.44000244140625,193.00999450683594,184.98452758789062,518600,0.0,0.0
2022-02-16 00:00:00-05:00,192.7100067138672,192.7100067138672,186.77000427246094,191.0,183.05813598632812,676500,0.0,0.0
2022-02-17 00:00:00-05:00,189.97999572753906,191.17999267578125,186.97000122070312,187.83999633789062,180.029541015625,416100,0.0,0.0
2022-02-18 00:00:00-05:00,189.39999389648438,190.88999938964844,185.33999633789062,188.2899932861328,180.46080017089844,681400,0.0,0.0
2022-02-22 00:00:00-05:00,188.32000732421875,190.6699981689453,187.41000366210938,189.14999389648438,181.28509521484375,771000,0.0,0.0
2022-02-23 00:00:00-05:00,189.91000366210938,191.41000366210938,188.50999450683594,188.75999450683594,180.91127014160156,734500,0.0,0.0
2022-02-24 00:00:00-05:00,185.63999938964844,189.4600067138672,185.0,188.91000366210938,181.0550537109375,620600,0.0,0.0
2022-02-25 00:00:00-05:00,189.0399932861328,197.47999572753906,188.77999877929688,196.08999633789062,187.93649291992188,632100,0.0,0.0
2022-02-28 00:00:00-05:00,193.08999633789062,203.72999572753906,192.63999938964844,202.92999267578125,194.4920654296875,1109800,0.0,0.0
2022-03-01 00:00:00-05:00,202.0800018310547,205.0,197.55999755859375,200.36000061035156,192.02894592285156,686800,0.0,0.0
2022-03-02 00:00:00-05:00,202.5,206.7100067138672,201.39999389648438,202.72000122070312,194.29083251953125,780700,0.0,0.0
2022-03-03 00:00:00-05:00,203.6300048828125,206.72000122070312,200.6199951171875,201.24000549316406,192.87237548828125,727000,0.0,0.0
2022-03-04 00:00:00-05:00,200.0,204.25,199.52999877929688,203.85000610351562,195.37387084960938,786000,0.0,0.0
2022-03-07 00:00:00-05:00,203.9499969482422,207.47999572753906,198.9499969482422,199.9499969482422,191.635986328125,793500,0.0,0.0
2022-03-08 00:00:00-05:00,198.66000366210938,199.4499969482422,191.07000732421875,193.8800048828125,185.818359375,1035000,0.0,0.0
2022-03-09 00:00:00-05:00,201.58999633789062,201.60000610351562,196.38999938964844,199.3699951171875,191.08009338378906,828400,0.0,0.0
2022-03-10 00:00:00-05:00,196.22000122070312,202.97999572753906,195.42999267578125,201.8800048828125,193.48574829101562,494900,0.0,0.0
2022-03-11 00:00:00-05:00,203.47999572753906,207.4600067138672,197.97999572753906,198.35000610351562,190.10255432128906,730500,0.0,0.0
2022-03-14 00:00:00-04:00,199.0,200.97000122070312,193.3699951171875,195.35000610351562,187.22726440429688,773100,0.0,0.0
2022-03-15 00:00:00-04:00,197.30999755859375,200.08999633789062,197.05999755859375,198.97999572753906,190.70631408691406,647000,0.0,0.0
2022-03-16 00:00:00-04:00,200.44000244140625,218.17999267578125,200.44000244140625,218.05999755859375,208.9929656982422,1914700,0.0,0.0
2022-03-17 00:00:00-04:00,216.3300018310547,217.9499969482422,213.0,216.27999877929688,207.28695678710938,891400,0.0,0.0
2022-03-18 00:00:00-04:00,216.4499969482422,216.75,211.41000366210938,215.07000732421875,206.12730407714844,1368900,0.0,0.0
2022-03-21 00:00:00-04:00,214.5800018310547,216.41000366210938,212.92999267578125,213.9600067138672,205.06346130371094,581000,0.0,0.0
2022-03-22 00:00:00-04:00,214.02999877929688,215.7100067138672,211.02000427246094,213.85000610351562,204.95797729492188,541100,0.0,0.0
2022-03-23 00:00:00-04:00,213.32000732421875,213.49000549316406,210.10000610351562,210.17999267578125,201.44061279296875,661800,0.0,0.0
2022-03-24 00:00:00-04:00,211.75999450683594,213.2899932861328,207.8000030517578,208.44000244140625,199.7729949951172,750900,0.0,0.0
2022-03-25 00:00:00-04:00,209.44000244140625,209.92999267578125,204.5800018310547,209.19000244140625,200.49180603027344,773200,0.0,0.0
2022-03-28 00:00:00-04:00,209.41000366210938,210.60000610351562,207.0500030517578,209.5399932861328,200.82725524902344,608700,0.0,0.0
2022-03-29 00:00:00-04:00,211.10000610351562,211.9199981689453,206.16000366210938,209.22000122070312,200.52052307128906,624400,0.0,0.0
2022-03-30 00:00:00-04:00,209.00999450683594,209.52999877929688,205.72000122070312,206.25999450683594,197.68362426757812,912000,0.0,0.0
2022-03-31 00:00:00-04:00,208.49000549316406,208.49000549316406,199.27999877929688,200.7899932861328,192.44105529785156,1099200,0.0,0.0
2022-04-01 00:00:00-04:00,201.16000366210938,202.10000610351562,180.5500030517578,181.50999450683594,173.96275329589844,2746700,0.0,0.0
2022-04-04 00:00:00-04:00,181.80999755859375,182.0399932861328,175.8000030517578,177.1300048828125,169.76486206054688,1908300,0.0,0.0
2022-04-05 00:00:00-04:00,177.05999755859375,177.75,171.41000366210938,173.0800018310547,165.8832550048828,1912000,0.0,0.0
2022-04-06 00:00:00-04:00,170.3699951171875,172.1300048828125,165.41000366210938,170.7100067138672,163.61183166503906,2085800,0.0,0.0
2022-04-07 00:00:00-04:00,171.9600067138672,173.27999877929688,166.80999755859375,172.58999633789062,165.4136199951172,1736900,0.0,0.0
2022-04-08 00:00:00-04:00,170.33999633789062,174.72999572753906,167.38999938964844,173.17999267578125,165.97911071777344,1683300,0.0,0.0
2022-04-11 00:00:00-04:00,172.92999267578125,174.47999572753906,168.64999389648438,170.6999969482422,163.60223388671875,916900,0.0,0.0
2022-04-12 00:00:00-04:00,171.4499969482422,174.0,166.99000549316406,168.22999572753906,161.23489379882812,1084500,0.0,0.0
2022-04-13 00:00:00-04:00,172.35000610351562,172.8699951171875,168.94000244140625,171.97999572753906,164.8290252685547,1111400,0.0,0.0
2022-04-14 00:00:00-04:00,171.8300018310547,173.88999938964844,170.6699981689453,172.00999450683594,164.8577423095703,1092400,0.0,0.0
2022-04-18 00:00:00-04:00,171.77000427246094,174.80999755859375,168.57000732421875,171.4499969482422,164.32102966308594,1769100,0.0,0.0
2022-04-19 00:00:00-04:00,172.11000061035156,174.69000244140625,168.0399932861328,173.8800048828125,166.65000915527344,2070700,0.0,0.0
2022-04-20 00:00:00-04:00,174.94000244140625,176.57000732421875,172.4199981689453,172.55999755859375,165.38487243652344,1083600,0.0,0.0
2022-04-21 00:00:00-04:00,173.82000732421875,174.67999267578125,170.02000427246094,171.33999633789062,164.2156219482422,907100,0.0,0.0
2022-04-22 00:00:00-04:00,171.0500030517578,171.08999633789062,168.25999450683594,169.35000610351562,162.30838012695312,738100,0.0,0.0
2022-04-25 00:00:00-04:00,169.0800018310547,174.80999755859375,167.77000427246094,174.0500030517578,166.81292724609375,972500,0.0,0.0
2022-04-26 00:00:00-04:00,174.97999572753906,176.60000610351562,171.0800018310547,172.00999450683594,164.8577423095703,1242700,0.0,0.0
2022-04-27 00:00:00-04:00,171.52999877929688,174.3000030517578,170.5,171.8000030517578,164.65647888183594,662200,0.0,0.0
2022-04-28 00:00:00-04:00,173.0,174.8800048828125,171.2899932861328,174.58999633789062,167.33045959472656,932200,0.0,0.0
2022-04-29 00:00:00-04:00,174.1699981689453,176.77000427246094,170.57000732421875,170.85000610351562,163.74598693847656,792200,0.0,0.0
2022-05-02 00:00:00-04:00,171.82000732421875,172.5399932861328,166.6999969482422,170.1300048828125,163.055908203125,1082400,0.0,0.0
2022-05-03 00:00:00-04:00,170.47999572753906,173.10000610351562,169.0800018310547,172.6999969482422,165.51905822753906,649000,0.0,0.0
2022-05-04 00:00:00-04:00,172.57000732421875,178.63999938964844,172.57000732421875,178.42999267578125,171.0108184814453,816900,0.0,0.0
2022-05-05 00:00:00-04:00,176.14999389648438,178.22999572753906,174.3300018310547,175.6699981689453,168.36558532714844,914800,0.0,0.0
2022-05-06 00:00:00-04:00,175.3800048828125,177.25999450683594,170.52000427246094,175.7899932861328,168.48056030273438,662000,0.0,0.0
2022-05-09 00:00:00-04:00,173.72000122070312,176.6999969482422,172.08999633789062,172.5,165.32736206054688,634700,0.0,0.0
2022-05-10 00:00:00-04:00,174.22999572753906,175.63999938964844,167.8699951171875,172.13999938964844,164.9823455810547,803700,0.0,0.0
2022-05-11 00:00:00-04:00,172.13999938964844,174.02000427246094,169.05999755859375,169.60000610351562,162.5479736328125,786300,0.0,0.0
2022-05-12 00:00:00-04:00,168.97000122070312,172.83999633789062,167.67999267578125,172.6300048828125,165.84310913085938,1115300,0.4,0.0
2022-05-13 00:00:00-04:00,173.33999633789062,180.14999389648438,173.14999389648438,176.44000244140625,169.50331115722656,906600,0.0,0.0
2022-05-16 00:00:00-04:00,176.05999755859375,176.05999755859375,172.16000366210938,173.47999572753906,166.65968322753906,458600,0.0,0.0
2022-05-17 00:00:00-04:00,177.0800018310547,178.99000549316406,175.0399932861328,178.97000122070312,171.933837890625,525300,0.0,0.0
2022-05-18 00:00:00-04:00,176.75,177.9600067138672,160.4600067138672,162.85000610351562,156.4475860595703,1886500,0.0,0.0
2022-05-19 00:00:00-04:00,162.2899932861328,164.0800018310547,156.92999267578125,160.6199951171875,154.30526733398438,1397400,0.0,0.0
2022-05-20 00:00:00-04:00,162.35000610351562,164.47000122070312,158.02999877929688,164.3800048828125,157.9174346923828,1060800,0.0,0.0
2022-05-23 00:00:00-04:00,165.35000610351562,167.36000061035156,164.42999267578125,165.9199981689453,159.3969268798828,498500,0.0,0.0
2022-05-24 00:00:00-04:00,164.36000061035156,164.75,159.4600067138672,161.94000244140625,155.57339477539062,1102400,0.0,0.0
2022-05-25 00:00:00-04:00,161.8000030517578,168.61000061035156,161.5,167.1999969482422,160.6265869140625,816300,0.0,0.0
2022-05-26 00:00:00-04:00,168.63999938964844,173.9199981689453,168.14999389648438,173.17999267578125,166.3715057373047,820600,0.0,0.0
2022-05-27 00:00:00-04:00,173.66000366210938,175.52000427246094,171.97999572753906,174.86000061035156,167.98545837402344,449400,0.0,0.0
2022-05-31 00:00:00-04:00,173.92999267578125,174.1199951171875,169.94000244140625,172.5800018310547,165.79507446289062,1515100,0.0,0.0
2022-06-01 00:00:00-04:00,173.41000366210938,175.0800018310547,171.64999389648438,172.91000366210938,166.11212158203125,890600,0.0,0.0
2022-06-02 00:00:00-04:00,173.36000061035156,177.72000122070312,173.36000061035156,177.41000366210938,170.43519592285156,524700,0.0,0.0
2022-06-03 00:00:00-04:00,175.77000427246094,180.60000610351562,175.1699981689453,179.39999389648438,172.34693908691406,539200,0.0,0.0
2022-06-06 00:00:00-04:00,179.58999633789062,181.69000244140625,178.60000610351562,181.07000732421875,173.95132446289062,482800,0.0,0.0
2022-06-07 00:00:00-04:00,178.25999450683594,180.0,175.1199951171875,176.57000732421875,169.62818908691406,753600,0.0,0.0
2022-06-08 00:00:00-04:00,175.14999389648438,175.25,167.33999633789062,168.8000030517578,162.16366577148438,1051000,0.0,0.0
2022-06-09 00:00:00-04:00,167.9499969482422,170.08999633789062,166.02000427246094,166.05999755859375,159.5314178466797,833100,0.0,0.0
2022-06-10 00:00:00-04:00,164.64999389648438,166.66000366210938,162.25999450683594,163.72999572753906,157.2930145263672,729900,0.0,0.0
2022-06-13 00:00:00-04:00,160.3000030517578,162.60000610351562,158.30999755859375,160.4199981689453,154.11312866210938,676300,0.0,0.0
2022-06-14 00:00:00-04:00,161.67999267578125,164.3699951171875,159.4199981689453,161.4199981689453,155.07383728027344,541800,0.0,0.0
2022-06-15 00:00:00-04:00,162.72000122070312,164.82000732421875,160.0,161.52000427246094,155.16989135742188,646400,0.0,0.0
2022-06-16 00:00:00-04:00,158.38999938964844,158.75999450683594,155.3699951171875,156.55999755859375,150.40489196777344,695000,0.0,0.0
2022-06-17 00:00:00-04:00,157.77000427246094,158.1300048828125,153.9199981689453,154.8800048828125,148.79090881347656,968300,0.0,0.0
2022-06-21 00:00:00-04:00,157.3000030517578,160.66000366210938,156.16000366210938,158.72999572753906,152.4895477294922,543200,0.0,0.0
2022-06-22 00:00:00-04:00,157.4199981689453,157.97999572753906,154.1999969482422,155.52999877929688,149.41534423828125,578600,0.0,0.0
2022-06-23 00:00:00-04:00,156.5500030517578,157.9499969482422,155.0800018310547,157.5,151.30796813964844,567600,0.0,0.0
2022-06-24 00:00:00-04:00,158.27999877929688,164.7100067138672,158.10000610351562,162.14999389648438,155.77513122558594,1030400,0.0,0.0
2022-06-27 00:00:00-04:00,163.00999450683594,164.6300048828125,161.42999267578125,162.16000366210938,155.7847442626953,530900,0.0,0.0
2022-06-28 00:00:00-04:00,161.72000122070312,164.3800048828125,157.32000732421875,157.64999389648438,151.45204162597656,438900,0.0,0.0
2022-06-29 00:00:00-04:00,157.86000061035156,158.6300048828125,154.52000427246094,157.3000030517578,151.11582946777344,383700,0.0,0.0
2022-06-30 00:00:00-04:00,156.38999938964844,158.38999938964844,154.0399932861328,157.47000122070312,151.2791290283203,580600,0.0,0.0
2022-07-01 00:00:00-04:00,157.38999938964844,160.1699981689453,156.07000732421875,159.8699951171875,153.58474731445312,623000,0.0,0.0
2022-07-05 00:00:00-04:00,158.72000122070312,159.9499969482422,156.80999755859375,159.72000122070312,153.44064331054688,587300,0.0,0.0
2022-07-06 00:00:00-04:00,160.50999450683594,162.35000610351562,158.27000427246094,161.58999633789062,155.2371368408203,657200,0.0,0.0
2022-07-07 00:00:00-04:00,162.61000061035156,166.97000122070312,161.91000366210938,166.1999969482422,159.6659393310547,639600,0.0,0.0
2022-07-08 00:00:00-04:00,164.89999389648438,167.52000427246094,163.83999633789062,165.6999969482422,159.18553161621094,515600,0.0,0.0
2022-07-11 00:00:00-04:00,165.17999267578125,166.50999450683594,163.83999633789062,164.05999755859375,157.61000061035156,504800,0.0,0.0
2022-07-12 00:00:00-04:00,163.2100067138672,167.22999572753906,162.49000549316406,164.10000610351562,157.6484832763672,625800,0.0,0.0
2022-07-13 00:00:00-04:00,162.0800018310547,163.27999877929688,159.91000366210938,162.77999877929688,156.38035583496094,916000,0.0,0.0
2022-07-14 00:00:00-04:00,161.50999450683594,166.17999267578125,159.88999938964844,165.5500030517578,159.0414581298828,725400,0.0,0.0
2022-07-15 00:00:00-04:00,168.58999633789062,170.6300048828125,167.14999389648438,167.5800018310547,160.99166870117188,897200,0.0,0.0
2022-07-18 00:00:00-04:00,167.36000061035156,171.25,167.36000061035156,168.10000610351562,161.49118041992188,938200,0.0,0.0
2022-07-19 00:00:00-04:00,168.85000610351562,175.0399932861328,168.85000610351562,174.4600067138672,167.6011962890625,1220600,0.0,0.0
2022-07-20 00:00:00-04:00,170.1199951171875,173.72999572753906,169.91000366210938,173.1300048828125,166.3234405517578,1204000,0.0,0.0
2022-07-21 00:00:00-04:00,173.97000122070312,175.4600067138672,170.80999755859375,171.88999938964844,165.13223266601562,894100,0.0,0.0
2022-07-22 00:00:00-04:00,172.9199981689453,174.60000610351562,171.97999572753906,173.75,166.91905212402344,665200,0.0,0.0
2022-07-25 00:00:00-04:00,173.75,174.3699951171875,172.55999755859375,173.32000732421875,166.50599670410156,581600,0.0,0.0
2022-07-26 00:00:00-04:00,171.72999572753906,172.64999389648438,167.97999572753906,169.4600067138672,162.79776000976562,805000,0.0,0.0
2022-07-27 00:00:00-04:00,169.6300048828125,172.13999938964844,166.97000122070312,171.5500030517578,164.8055877685547,579400,0.0,0.0
2022-07-28 00:00:00-04:00,171.9499969482422,180.19000244140625,171.8300018310547,179.4499969482422,172.39498901367188,772000,0.0,0.0
2022-07-29 00:00:00-04:00,179.5,184.17999267578125,178.57000732421875,183.27000427246094,176.06483459472656,568400,0.0,0.0
2022-08-01 00:00:00-04:00,182.47999572753906,183.32000732421875,180.42999267578125,181.55999755859375,174.4220428466797,498900,0.0,0.0
2022-08-02 00:00:00-04:00,181.4499969482422,182.02000427246094,178.0399932861328,178.6999969482422,171.67446899414062,456400,0.0,0.0
2022-08-03 00:00:00-04:00,179.97999572753906,179.97999572753906,177.47000122070312,178.5800018310547,171.55918884277344,371300,0.0,0.0
2022-08-04 00:00:00-04:00,178.3000030517578,181.86000061035156,177.55999755859375,181.19000244140625,174.4573516845703,447900,0.4,0.0
2022-08-05 00:00:00-04:00,179.35000610351562,183.75,179.35000610351562,183.60000610351562,176.7777557373047,331800,0.0,0.0
2022-08-08 00:00:00-04:00,184.00999450683594,187.69000244140625,183.89999389648438,187.07000732421875,180.11886596679688,676800,0.0,0.0
2022-08-09 00:00:00-04:00,186.52000427246094,187.5399932861328,183.58999633789062,184.39999389648438,177.54806518554688,721900,0.0,0.0
2022-08-10 00:00:00-04:00,187.25999450683594,191.2100067138672,186.5800018310547,190.9199981689453,183.82579040527344,499900,0.0,0.0
2022-08-11 00:00:00-04:00,191.55999755859375,195.97000122070312,191.10000610351562,192.88999938964844,185.72259521484375,690300,0.0,0.0
2022-08-12 00:00:00-04:00,193.1699981689453,195.1999969482422,192.6699981689453,195.1300048828125,187.87937927246094,591500,0.0,0.0
2022-08-15 00:00:00-04:00,194.6300048828125,195.89999389648438,193.02000427246094,194.1300048828125,186.9165496826172,672900,0.0,0.0
2022-08-16 00:00:00-04:00,193.74000549316406,197.24000549316406,193.5399932861328,194.64999389648438,187.41717529296875,877500,0.0,0.0
2022-08-17 00:00:00-04:00,192.52999877929688,193.17999267578125,186.2100067138672,188.67999267578125,181.66903686523438,760400,0.0,0.0
2022-08-18 00:00:00-04:00,188.92999267578125,192.14999389648438,188.14999389648438,191.82000732421875,184.69235229492188,440500,0.0,0.0
2022-08-19 00:00:00-04:00,191.42999267578125,191.42999267578125,189.19000244140625,189.75,182.6992950439453,538300,0.0,0.0
2022-08-22 00:00:00-04:00,188.16000366210938,189.0,186.0800018310547,187.61000061035156,180.63880920410156,498300,0.0,0.0
2022-08-23 00:00:00-04:00,186.74000549316406,190.0500030517578,186.74000549316406,188.83999633789062,181.8230743408203,583700,0.0,0.0
2022-08-24 00:00:00-04:00,188.99000549316406,190.07000732421875,187.8000030517578,188.6999969482422,181.68829345703125,561300,0.0,0.0
2022-08-25 00:00:00-04:00,190.25,190.80999755859375,186.97000122070312,189.36000061035156,182.32374572753906,752300,0.0,0.0
2022-08-26 00:00:00-04:00,189.60000610351562,189.83999633789062,182.25999450683594,182.58999633789062,175.80531311035156,707800,0.0,0.0
2022-08-29 00:00:00-04:00,180.75999450683594,180.75999450683594,175.3000030517578,175.6699981689453,169.14247131347656,865400,0.0,0.0
2022-08-30 00:00:00-04:00,176.1699981689453,176.72000122070312,171.75999450683594,175.0500030517578,168.5454864501953,1028400,0.0,0.0
2022-08-31 00:00:00-04:00,175.6300048828125,175.64999389648438,172.4600067138672,174.02000427246094,167.55377197265625,1182600,0.0,0.0
2022-09-01 00:00:00-04:00,172.67999267578125,174.63999938964844,170.66000366210938,173.77000427246094,167.31304931640625,1168300,0.0,0.0
2022-09-02 00:00:00-04:00,175.69000244140625,175.6999969482422,167.74000549316406,168.74000549316406,162.46994018554688,1010700,0.0,0.0
2022-09-06 00:00:00-04:00,168.5399932861328,170.7899932861328,166.05999755859375,167.2100067138672,160.996826171875,955300,0.0,0.0
2022-09-07 00:00:00-04:00,167.58999633789062,171.1199951171875,164.72000122070312,170.39999389648438,164.0682373046875,710700,0.0,0.0
2022-09-08 00:00:00-04:00,169.52000427246094,171.47000122070312,166.00999450683594,169.85000610351562,163.5386962890625,667000,0.0,0.0
2022-09-09 00:00:00-04:00,170.9499969482422,174.47000122070312,170.75999450683594,174.05999755859375,167.59226989746094,580800,0.0,0.0
2022-09-12 00:00:00-04:00,174.94000244140625,175.47000122070312,173.32000732421875,174.55999755859375,168.07371520996094,548700,0.0,0.0
2022-09-13 00:00:00-04:00,171.0,172.8000030517578,169.8699951171875,171.0,164.64598083496094,808900,0.0,0.0
2022-09-14 00:00:00-04:00,171.0800018310547,172.52999877929688,167.1699981689453,172.38999938964844,165.9843292236328,969500,0.0,0.0
2022-09-15 00:00:00-04:00,172.6699981689453,177.25,172.39999389648438,174.02999877929688,167.5634002685547,1551100,0.0,0.0
2022-09-16 00:00:00-04:00,169.41000366210938,170.8000030517578,163.3699951171875,166.47000122070312,160.28431701660156,1715500,0.0,0.0
2022-09-19 00:00:00-04:00,165.33999633789062,171.61000061035156,165.24000549316406,169.61000061035156,163.30763244628906,775100,0.0,0.0
2022-09-20 00:00:00-04:00,168.75,169.30999755859375,165.14999389648438,167.14999389648438,160.9390411376953,654800,0.0,0.0
2022-09-21 00:00:00-04:00,168.97000122070312,169.7100067138672,165.14999389648438,165.22000122070312,159.08074951171875,588200,0.0,0.0
2022-09-22 00:00:00-04:00,164.7100067138672,166.25,163.5500030517578,163.63999938964844,157.5594940185547,423900,0.0,0.0
2022-09-23 00:00:00-04:00,161.36000061035156,162.3000030517578,158.6699981689453,161.16000366210938,155.171630859375,629400,0.0,0.0
2022-09-26 00:00:00-04:00,160.77999877929688,163.52000427246094,160.64999389648438,161.92999267578125,155.9130096435547,583200,0.0,0.0
2022-09-27 00:00:00-04:00,161.83999633789062,164.16000366210938,160.9499969482422,162.8300018310547,156.77952575683594,720900,0.0,0.0
2022-09-28 00:00:00-04:00,163.44000244140625,167.77999877929688,162.33999633789062,166.8300018310547,160.63095092773438,461300,0.0,0.0
2022-09-29 00:00:00-04:00,165.08999633789062,166.07000732421875,163.9600067138672,165.27999877929688,159.13848876953125,449400,0.0,0.0
2022-09-30 00:00:00-04:00,162.75999450683594,165.30999755859375,156.27999877929688,156.4199981689453,150.60775756835938,1023000,0.0,0.0
2022-10-03 00:00:00-04:00,158.8800048828125,163.5800018310547,156.94000244140625,162.02999877929688,156.00929260253906,1229500,0.0,0.0
2022-10-04 00:00:00-04:00,164.35000610351562,168.25999450683594,163.8300018310547,168.02999877929688,161.78634643554688,645300,0.0,0.0
2022-10-05 00:00:00-04:00,165.66000366210938,168.66000366210938,165.66000366210938,166.49000549316406,160.30355834960938,426000,0.0,0.0
2022-10-06 00:00:00-04:00,166.85000610351562,168.25,164.89999389648438,165.11000061035156,158.9748077392578,532800,0.0,0.0
2022-10-07 00:00:00-04:00,163.1300048828125,164.0800018310547,159.44000244140625,160.05999755859375,154.1125030517578,688500,0.0,0.0
2022-10-10 00:00:00-04:00,161.10000610351562,164.38999938964844,159.5800018310547,162.22999572753906,156.20187377929688,537700,0.0,0.0
2022-10-11 00:00:00-04:00,160.92999267578125,166.41000366210938,160.92999267578125,163.64999389648438,157.569091796875,727000,0.0,0.0
2022-10-12 00:00:00-04:00,164.9600067138672,168.47999572753906,162.1300048828125,165.50999450683594,159.35997009277344,772200,0.0,0.0
2022-10-13 00:00:00-04:00,161.22000122070312,167.97000122070312,158.66000366210938,166.22000122070312,160.0435791015625,866400,0.0,0.0
2022-10-14 00:00:00-04:00,167.3300018310547,167.35000610351562,162.16000366210938,163.1999969482422,157.13583374023438,669500,0.0,0.0
2022-10-17 00:00:00-04:00,166.1999969482422,168.25,164.89999389648438,165.75,159.59107971191406,973500,0.0,0.0
2022-10-18 00:00:00-04:00,170.0399932861328,171.13999938964844,164.97000122070312,167.88999938964844,161.65155029296875,1257900,0.0,0.0
2022-10-19 00:00:00-04:00,171.5,171.97000122070312,164.52000427246094,167.9600067138672,161.7189178466797,1691100,0.0,0.0
2022-10-20 00:00:00-04:00,166.61000061035156,168.4199981689453,159.8300018310547,160.49000549316406,154.52651977539062,1108300,0.0,0.0
2022-10-21 00:00:00-04:00,160.52999877929688,165.44000244140625,159.9600067138672,165.32000732421875,159.1770477294922,851600,0.0,0.0
2022-10-24 00:00:00-04:00,166.69000244140625,169.0500030517578,164.27000427246094,166.24000549316406,160.06283569335938,661100,0.0,0.0
2022-10-25 00:00:00-04:00,166.27999877929688,168.77999877929688,165.24000549316406,167.22999572753906,161.01605224609375,621400,0.0,0.0
2022-10-26 00:00:00-04:00,168.9199981689453,170.4499969482422,164.13999938964844,169.5800018310547,163.2787322998047,718800,0.0,0.0
2022-10-27 00:00:00-04:00,171.00999450683594,171.66000366210938,165.32000732421875,166.07000732421875,159.89918518066406,561400,0.0,0.0
2022-10-28 00:00:00-04:00,166.9600067138672,169.2100067138672,165.42999267578125,169.11000061035156,162.8262176513672,440200,0.0,0.0
2022-10-31 00:00:00-04:00,168.33999633789062,172.64999389648438,166.8800048828125,171.07000732421875,164.71339416503906,760200,0.0,0.0
2022-11-01 00:00:00-04:00,172.25999450683594,173.27999877929688,169.1999969482422,172.6199951171875,166.2057647705078,557300,0.0,0.0
2022-11-02 00:00:00-04:00,171.0800018310547,175.24000549316406,167.5,167.6199951171875,161.39157104492188,873500,0.0,0.0
2022-11-03 00:00:00-04:00,165.32000732421875,171.0399932861328,164.0,168.74000549316406,162.8585968017578,539700,0.4,0.0
2022-11-04 00:00:00-04:00,170.80999755859375,173.32000732421875,168.2100067138672,173.25,167.21141052246094,564100,0.0,0.0
2022-11-07 00:00:00-05:00,174.02999877929688,178.39999389648438,173.22999572753906,177.22000122070312,171.04298400878906,701300,0.0,0.0
2022-11-08 00:00:00-05:00,178.52999877929688,181.1300048828125,175.99000549316406,177.85000610351562,171.6510467529297,750300,0.0,0.0
2022-11-09 00:00:00-05:00,175.52000427246094,179.19000244140625,170.4199981689453,170.64999389648438,164.70201110839844,682700,0.0,0.0
2022-11-10 00:00:00-05:00,175.75,183.00999450683594,175.6999969482422,182.47000122070312,176.1100616455078,746400,0.0,0.0
2022-11-11 00:00:00-05:00,185.0,189.2100067138672,183.60000610351562,185.39999389648438,178.9379119873047,991100,0.0,0.0
2022-11-14 00:00:00-05:00,186.1199951171875,189.1999969482422,185.25999450683594,186.27000427246094,179.777587890625,792300,0.0,0.0
2022-11-15 00:00:00-05:00,190.0,190.72999572753906,186.02000427246094,189.1699981689453,182.5764923095703,631200,0.0,0.0
2022-11-16 00:00:00-05:00,187.75999450683594,187.75999450683594,178.94000244140625,180.41000366210938,174.12185668945312,1220000,0.0,0.0
2022-11-17 00:00:00-05:00,177.8000030517578,179.47000122070312,172.2100067138672,179.27000427246094,173.02159118652344,701700,0.0,0.0
2022-11-18 00:00:00-05:00,181.52999877929688,181.72999572753906,175.97999572753906,180.25,173.9674530029297,615900,0.0,0.0
2022-11-21 00:00:00-05:00,180.5,181.99000549316406,178.22000122070312,181.72000122070312,175.38616943359375,644500,0.0,0.0
2022-11-22 00:00:00-05:00,182.7100067138672,182.88999938964844,176.3699951171875,176.8800048828125,170.7148895263672,1381200,0.0,0.0
2022-11-23 00:00:00-05:00,176.8800048828125,181.4499969482422,176.8800048828125,180.36000061035156,174.0735626220703,530800,0.0,0.0
2022-11-25 00:00:00-05:00,181.39999389648438,182.7100067138672,178.9199981689453,182.60000610351562,176.2355194091797,254800,0.0,0.0
2022-11-28 00:00:00-05:00,181.77000427246094,183.97000122070312,175.52000427246094,176.1999969482422,170.05857849121094,647500,0.0,0.0
2022-11-29 00:00:00-05:00,176.6999969482422,180.2100067138672,176.0,179.8300018310547,173.56202697753906,581200,0.0,0.0
2022-11-30 00:00:00-05:00,179.3699951171875,184.97999572753906,176.57000732421875,183.88999938964844,177.4805450439453,1048700,0.0,0.0
2022-12-01 00:00:00-05:00,183.77999877929688,184.50999450683594,180.52999877929688,182.80999755859375,176.43820190429688,493500,0.0,0.0
2022-12-02 00:00:00-05:00,180.3300018310547,183.72999572753906,178.89999389648438,182.8800048828125,176.50575256347656,400400,0.0,0.0
2022-12-05 00:00:00-05:00,181.13999938964844,181.42999267578125,177.27999877929688,177.63999938964844,171.4483642578125,596200,0.0,0.0
2022-12-06 00:00:00-05:00,176.83999633789062,178.52000427246094,175.58999633789062,177.69000244140625,171.4966583251953,643600,0.0,0.0
2022-12-07 00:00:00-05:00,177.6300048828125,178.39999389648438,175.88999938964844,176.3000030517578,170.1550750732422,452900,0.0,0.0
2022-12-08 00:00:00-05:00,176.41000366210938,179.25,175.52999877929688,177.91000366210938,171.70896911621094,463300,0.0,0.0
2022-12-09 00:00:00-05:00,177.4600067138672,179.6999969482422,176.89999389648438,177.97999572753906,171.7765350341797,628700,0.0,0.0
2022-12-12 00:00:00-05:00,178.83999633789062,187.14999389648438,178.64999389648438,186.91000366210938,180.39529418945312,1072600,0.0,0.0
2022-12-13 00:00:00-05:00,194.72999572753906,195.4499969482422,182.7100067138672,184.25,177.82798767089844,1068500,0.0,0.0
2022-12-14 00:00:00-05:00,184.8000030517578,189.8000030517578,184.8000030517578,187.27000427246094,180.7427520751953,840600,0.0,0.0
2022-12-15 00:00:00-05:00,184.83999633789062,185.63999938964844,180.5500030517578,181.3699951171875,175.04840087890625,514000,0.0,0.0
2022-12-16 00:00:00-05:00,178.97999572753906,181.00999450683594,177.91000366210938,178.64999389648438,172.4231719970703,1118100,0.0,0.0
2022-12-19 00:00:00-05:00,179.25999450683594,181.60000610351562,178.27000427246094,179.52999877929688,173.2725067138672,830000,0.0,0.0
2022-12-20 00:00:00-05:00,178.77000427246094,178.86000061035156,174.7899932861328,176.00999450683594,169.87521362304688,743300,0.0,0.0
2022-12-21 00:00:00-05:00,178.41000366210938,179.99000549316406,175.75,177.97000122070312,171.7668914794922,436500,0.0,0.0
2022-12-22 00:00:00-05:00,176.25999450683594,177.11000061035156,173.17999267578125,176.44000244140625,170.2902069091797,443400,0.0,0.0
2022-12-23 00:00:00-05:00,176.61000061035156,177.75999450683594,175.0800018310547,177.36000061035156,171.1781463623047,371800,0.0,0.0
2022-12-27 00:00:00-05:00,177.85000610351562,178.9600067138672,175.0500030517578,178.22000122070312,172.0081787109375,354400,0.0,0.0
2022-12-28 00:00:00-05:00,178.38999938964844,179.27999877929688,174.35000610351562,174.4600067138672,168.37924194335938,240200,0.0,0.0
2022-12-29 00:00:00-05:00,175.1199951171875,178.61000061035156,174.77999877929688,176.77000427246094,170.6087188720703,362400,0.0,0.0
2022-12-30 00:00:00-05:00,175.85000610351562,176.27000427246094,172.0500030517578,174.36000061035156,168.28269958496094,459000,0.0,0.0
2023-01-03 00:00:00-05:00,175.66000366210938,175.77999877929688,170.60000610351562,172.60000610351562,166.5840606689453,578700,0.0,0.0
2023-01-04 00:00:00-05:00,170.88999938964844,176.77000427246094,169.72000122070312,174.97999572753906,168.8810577392578,801600,0.0,0.0
2023-01-05 00:00:00-05:00,172.27000427246094,172.52000427246094,168.25,169.1999969482422,163.30255126953125,1033000,0.0,0.0
2023-01-06 00:00:00-05:00,169.91000366210938,176.5800018310547,169.88999938964844,176.0399932861328,169.9041290283203,765500,0.0,0.0
2023-01-09 00:00:00-05:00,173.8699951171875,180.77999877929688,173.8699951171875,177.63999938964844,171.4483642578125,648800,0.0,0.0
2023-01-10 00:00:00-05:00,177.63999938964844,177.88999938964844,174.57000732421875,175.3800048828125,169.2671661376953,444900,0.0,0.0
2023-01-11 00:00:00-05:00,176.6999969482422,181.1300048828125,175.7899932861328,180.67999267578125,174.38241577148438,688600,0.0,0.0
2023-01-12 00:00:00-05:00,180.75,181.5,177.1999969482422,179.64999389648438,173.38832092285156,577900,0.0,0.0
2023-01-13 00:00:00-05:00,176.9600067138672,177.6699981689453,175.07000732421875,176.8000030517578,170.63768005371094,562200,0.0,0.0
2023-01-17 00:00:00-05:00,177.0800018310547,178.00999450683594,175.38999938964844,176.2899932861328,170.14544677734375,1205500,0.0,0.0
2023-01-18 00:00:00-05:00,177.0,187.11000061035156,177.0,185.02000427246094,178.57113647460938,2156000,0.0,0.0
2023-01-19 00:00:00-05:00,183.69000244140625,189.27999877929688,182.63999938964844,184.8300018310547,178.38775634765625,1747600,0.0,0.0
2023-01-20 00:00:00-05:00,186.67999267578125,189.52000427246094,184.36000061035156,189.10000610351562,182.50894165039062,878300,0.0,0.0
2023-01-23 00:00:00-05:00,189.2100067138672,195.89999389648438,188.22999572753906,193.6199951171875,186.87139892578125,863800,0.0,0.0
2023-01-24 00:00:00-05:00,193.0500030517578,196.0,190.11000061035156,191.8800048828125,185.19207763671875,759400,0.0,0.0
2023-01-25 00:00:00-05:00,190.0399932861328,190.25999450683594,186.75,188.61000061035156,182.03602600097656,655900,0.0,0.0
2023-01-26 00:00:00-05:00,190.02000427246094,190.17999267578125,183.6699981689453,188.72000122070312,182.14219665527344,525400,0.0,0.0
2023-01-27 00:00:00-05:00,187.47000122070312,194.27999877929688,187.47000122070312,191.61000061035156,184.93148803710938,702800,0.0,0.0
2023-01-30 00:00:00-05:00,190.1999969482422,190.50999450683594,185.5500030517578,185.7899932861328,179.31431579589844,582800,0.0,0.0
2023-01-31 00:00:00-05:00,185.8000030517578,189.1699981689453,185.39999389648438,189.0500030517578,182.460693359375,689400,0.0,0.0
2023-02-01 00:00:00-05:00,189.91000366210938,197.19000244140625,188.10000610351562,195.9600067138672,189.12985229492188,991700,0.0,0.0
2023-02-02 00:00:00-05:00,197.2100067138672,200.63999938964844,196.11000061035156,197.35000610351562,190.47142028808594,813800,0.0,0.0
2023-02-03 00:00:00-05:00,194.50999450683594,198.50999450683594,192.52999877929688,197.88999938964844,190.99256896972656,746000,0.0,0.0
2023-02-06 00:00:00-05:00,196.4600067138672,197.99000549316406,195.74000549316406,197.0800018310547,190.2108154296875,530800,0.0,0.0
2023-02-07 00:00:00-05:00,197.82000732421875,200.27000427246094,196.14999389648438,199.89999389648438,192.93251037597656,615900,0.0,0.0
2023-02-08 00:00:00-05:00,199.60000610351562,199.9499969482422,196.7899932861328,197.72999572753906,190.838134765625,614200,0.0,0.0
2023-02-09 00:00:00-05:00,199.22000122070312,199.22000122070312,191.0800018310547,191.30999755859375,185.0349578857422,551000,0.42,0.0
2023-02-10 00:00:00-05:00,189.30999755859375,191.49000549316406,188.80999755859375,190.60000610351562,184.34825134277344,558000,0.0,0.0
2023-02-13 00:00:00-05:00,190.1999969482422,191.97000122070312,189.97999572753906,191.86000061035156,185.56692504882812,543500,0.0,0.0
2023-02-14 00:00:00-05:00,191.14999389648438,194.63999938964844,188.74000549316406,194.35000610351562,187.9752655029297,611400,0.0,0.0
2023-02-15 00:00:00-05:00,192.14999389648438,193.4199981689453,190.80999755859375,192.39999389648438,186.08921813964844,572500,0.0,0.0
2023-02-16 00:00:00-05:00,189.10000610351562,191.08999633789062,187.55999755859375,187.9499969482422,181.78514099121094,720100,0.0,0.0
2023-02-17 00:00:00-05:00,187.1300048828125,188.6699981689453,186.0,188.35000610351562,182.1720733642578,619600,0.0,0.0
2023-02-21 00:00:00-05:00,186.72999572753906,186.89999389648438,183.44000244140625,184.0,177.96470642089844,591000,0.0,0.0
2023-02-22 00:00:00-05:00,184.91000366210938,186.17999267578125,181.99000549316406,182.5800018310547,176.59130859375,618600,0.0,0.0
2023-02-23 00:00:00-05:00,183.67999267578125,185.97000122070312,182.0,184.9499969482422,178.88356018066406,477200,0.0,0.0
2023-02-24 00:00:00-05:00,182.02999877929688,184.3300018310547,181.36000061035156,183.5399932861328,177.51980590820312,371800,0.0,0.0
2023-02-27 00:00:00-05:00,185.44000244140625,185.97000122070312,183.35000610351562,184.02999877929688,177.9937286376953,343500,0.0,0.0
2023-02-28 00:00:00-05:00,183.38999938964844,184.3300018310547,179.75,180.7899932861328,174.86001586914062,1174900,0.0,0.0
2023-03-01 00:00:00-05:00,180.0399932861328,182.8699951171875,178.72000122070312,182.14999389648438,176.17539978027344,702100,0.0,0.0
2023-03-02 00:00:00-05:00,180.97999572753906,186.82000732421875,178.74000549316406,185.85000610351562,179.7540283203125,564700,0.0,0.0
2023-03-03 00:00:00-05:00,186.3000030517578,187.0500030517578,183.82000732421875,186.63999938964844,180.51815795898438,500100,0.0,0.0
2023-03-06 00:00:00-05:00,185.6199951171875,188.27999877929688,185.2100067138672,185.47999572753906,179.39617919921875,454900,0.0,0.0
2023-03-07 00:00:00-05:00,184.77000427246094,184.77000427246094,180.08999633789062,181.02999877929688,175.0921173095703,784200,0.0,0.0
2023-03-08 00:00:00-05:00,180.4499969482422,184.38999938964844,180.4499969482422,183.58999633789062,177.56817626953125,649500,0.0,0.0
2023-03-09 00:00:00-05:00,184.02999877929688,186.08999633789062,179.55999755859375,179.61000061035156,173.7187042236328,614600,0.0,0.0
2023-03-10 00:00:00-05:00,179.88999938964844,180.33999633789062,175.0500030517578,175.4499969482422,169.6951446533203,783600,0.0,0.0
2023-03-13 00:00:00-04:00,173.52999877929688,175.8000030517578,171.77000427246094,173.5500030517578,167.85748291015625,840600,0.0,0.0
2023-03-14 00:00:00-04:00,175.85000610351562,177.47999572753906,164.69000244140625,168.32000732421875,162.79908752441406,1674800,0.0,0.0
2023-03-15 00:00:00-04:00,166.30999755859375,170.8300018310547,164.3800048828125,168.77000427246094,163.2342529296875,1222900,0.0,0.0
2023-03-16 00:00:00-04:00,168.55999755859375,172.7100067138672,167.1699981689453,171.69000244140625,166.05848693847656,701400,0.0,0.0
2023-03-17 00:00:00-04:00,171.63999938964844,172.1699981689453,166.11000061035156,167.5,162.00592041015625,1179100,0.0,0.0
2023-03-20 00:00:00-04:00,167.74000549316406,168.5,164.88999938964844,165.66000366210938,160.22628784179688,719500,0.0,0.0
2023-03-21 00:00:00-04:00,167.83999633789062,170.8000030517578,167.83999633789062,170.3800048828125,164.7914581298828,631000,0.0,0.0
2023-03-22 00:00:00-04:00,169.74000549316406,172.07000732421875,166.86000061035156,167.0,161.52236938476562,560100,0.0,0.0
2023-03-23 00:00:00-04:00,167.74000549316406,170.38999938964844,165.58999633789062,165.9600067138672,160.51646423339844,714500,0.0,0.0
2023-03-24 00:00:00-04:00,164.80999755859375,166.52999877929688,163.66000366210938,166.10000610351562,160.65187072753906,535600,0.0,0.0
2023-03-27 00:00:00-04:00,168.0,169.94000244140625,166.80999755859375,169.27000427246094,163.71786499023438,541000,0.0,0.0
2023-03-28 00:00:00-04:00,168.91000366210938,171.6199951171875,168.91000366210938,171.3000030517578,165.68130493164062,554700,0.0,0.0
2023-03-29 00:00:00-04:00,173.1300048828125,173.24000549316406,170.19000244140625,171.05999755859375,165.44915771484375,591100,0.0,0.0
2023-03-30 00:00:00-04:00,172.75,172.75,169.4199981689453,169.75,164.18214416503906,388800,0.0,0.0
2023-03-31 00:00:00-04:00,171.16000366210938,175.88999938964844,170.91000366210938,175.4600067138672,169.70484924316406,874000,0.0,0.0
2023-04-03 00:00:00-04:00,174.55999755859375,175.42999267578125,171.99000549316406,173.4199981689453,167.73178100585938,492700,0.0,0.0
2023-04-04 00:00:00-04:00,173.64999389648438,173.7100067138672,170.5500030517578,171.13999938964844,165.52655029296875,580700,0.0,0.0
2023-04-05 00:00:00-04:00,170.5500030517578,171.82000732421875,168.24000549316406,170.25999450683594,164.67539978027344,621900,0.0,0.0
2023-04-06 00:00:00-04:00,170.02000427246094,170.92999267578125,169.00999450683594,170.02999877929688,164.45297241210938,562700,0.0,0.0
2023-04-10 00:00:00-04:00,168.60000610351562,174.24000549316406,167.80999755859375,174.13999938964844,168.42816162109375,513500,0.0,0.0
2023-04-11 00:00:00-04:00,174.88999938964844,176.8000030517578,174.69000244140625,175.52000427246094,169.7628936767578,551100,0.0,0.0
2023-04-12 00:00:00-04:00,176.33999633789062,176.64999389648438,174.72999572753906,175.47000122070312,169.7145233154297,414400,0.0,0.0
2023-04-13 00:00:00-04:00,175.72999572753906,176.36000061035156,172.8000030517578,174.6199951171875,168.89239501953125,649300,0.0,0.0
2023-04-14 00:00:00-04:00,173.9600067138672,177.92999267578125,173.9600067138672,176.77000427246094,170.9718475341797,614900,0.0,0.0
2023-04-17 00:00:00-04:00,177.27000427246094,177.4499969482422,174.14999389648438,176.64999389648438,170.85581970214844,1328000,0.0,0.0
2023-04-18 00:00:00-04:00,176.47000122070312,180.0399932861328,174.00999450683594,174.9199981689453,169.1825408935547,2120900,0.0,0.0
2023-04-19 00:00:00-04:00,174.38999938964844,178.80999755859375,173.5500030517578,178.41000366210938,172.55807495117188,1051800,0.0,0.0
2023-04-20 00:00:00-04:00,177.0500030517578,183.35000610351562,177.0500030517578,180.5500030517578,174.62789916992188,1271000,0.0,0.0
2023-04-21 00:00:00-04:00,180.97000122070312,181.8300018310547,173.77999877929688,176.4199981689453,170.63336181640625,1380600,0.0,0.0
2023-04-24 00:00:00-04:00,176.88999938964844,178.16000366210938,175.97999572753906,176.4199981689453,170.63336181640625,625000,0.0,0.0
2023-04-25 00:00:00-04:00,174.3000030517578,174.60000610351562,170.4600067138672,172.5500030517578,166.89028930664062,783000,0.0,0.0
2023-04-26 00:00:00-04:00,170.32000732421875,170.75,164.38999938964844,165.6199951171875,160.1876220703125,1028900,0.0,0.0
2023-04-27 00:00:00-04:00,166.7899932861328,170.7899932861328,165.77000427246094,170.07000732421875,164.4916534423828,654600,0.0,0.0
2023-04-28 00:00:00-04:00,169.94000244140625,175.92999267578125,169.5399932861328,175.2899932861328,169.5404052734375,966900,0.0,0.0
2023-05-01 00:00:00-04:00,175.25999450683594,176.7899932861328,175.0,176.47000122070312,170.68170166015625,532700,0.0,0.0
2023-05-02 00:00:00-04:00,175.97999572753906,175.97999572753906,172.10000610351562,175.3000030517578,169.55010986328125,552200,0.0,0.0
2023-05-03 00:00:00-04:00,175.69000244140625,178.77000427246094,174.38999938964844,174.94000244140625,169.201904296875,506300,0.0,0.0
2023-05-04 00:00:00-04:00,174.63999938964844,176.22999572753906,173.4499969482422,174.97000122070312,169.23094177246094,568600,0.0,0.0
2023-05-05 00:00:00-04:00,175.3300018310547,179.6999969482422,174.85000610351562,179.1199951171875,173.24478149414062,532500,0.0,0.0
2023-05-08 00:00:00-04:00,180.41000366210938,180.6300048828125,177.57000732421875,178.2899932861328,172.4420166015625,453800,0.0,0.0
2023-05-09 00:00:00-04:00,177.6699981689453,178.0399932861328,175.2100067138672,175.91000366210938,170.1400909423828,555600,0.0,0.0
2023-05-10 00:00:00-04:00,177.5800018310547,178.02000427246094,174.16000366210938,176.61000061035156,170.81712341308594,487100,0.0,0.0
2023-05-11 00:00:00-04:00,177.63999938964844,178.36000061035156,175.57000732421875,176.33999633789062,170.96255493164062,565100,0.42,0.0
2023-05-12 00:00:00-04:00,176.6999969482422,177.75999450683594,174.75999450683594,176.00999450683594,170.6426239013672,558400,0.0,0.0
2023-05-15 00:00:00-04:00,176.17999267578125,176.17999267578125,174.02999877929688,175.5399932861328,170.1869659423828,477700,0.0,0.0
2023-05-16 00:00:00-04:00,174.6300048828125,175.38999938964844,170.89999389648438,171.02999877929688,165.81446838378906,636100,0.0,0.0
2023-05-17 00:00:00-04:00,171.97999572753906,172.6699981689453,169.19000244140625,172.1199951171875,166.87120056152344,755300,0.0,0.0
2023-05-18 00:00:00-04:00,172.1300048828125,174.4499969482422,168.0,170.69000244140625,165.48484802246094,973000,0.0,0.0
2023-05-19 00:00:00-04:00,171.27999877929688,171.27999877929688,167.14999389648438,168.3699951171875,163.23556518554688,632500,0.0,0.0
2023-05-22 00:00:00-04:00,169.67999267578125,170.49000549316406,166.1199951171875,168.85000610351562,163.70095825195312,647400,0.0,0.0
2023-05-23 00:00:00-04:00,168.7100067138672,173.19000244140625,168.47000122070312,171.5399932861328,166.3089141845703,741500,0.0,0.0
2023-05-24 00:00:00-04:00,170.25,170.25,167.13999938964844,168.25,163.1192626953125,640200,0.0,0.0
2023-05-25 00:00:00-04:00,168.0,171.47999572753906,167.61000061035156,170.97000122070312,165.75633239746094,470700,0.0,0.0
2023-05-26 00:00:00-04:00,171.0,171.74000549316406,169.2100067138672,170.27000427246094,165.07765197753906,502300,0.0,0.0
2023-05-30 00:00:00-04:00,170.4600067138672,172.30999755859375,168.52000427246094,171.25,166.0277557373047,411600,0.0,0.0
2023-05-31 00:00:00-04:00,170.17999267578125,171.0800018310547,165.3300018310547,166.97000122070312,161.8782958984375,1407400,0.0,0.0
2023-06-01 00:00:00-04:00,168.02999877929688,169.5500030517578,166.72999572753906,169.3300018310547,164.16632080078125,357700,0.0,0.0
2023-06-02 00:00:00-04:00,170.36000061035156,173.85000610351562,169.58999633789062,172.58999633789062,167.32687377929688,583600,0.0,0.0
2023-06-05 00:00:00-04:00,172.69000244140625,172.7100067138672,167.92999267578125,169.5,164.3311004638672,764800,0.0,0.0
2023-06-06 00:00:00-04:00,168.80999755859375,173.74000549316406,168.57000732421875,171.5500030517578,166.3186492919922,478500,0.0,0.0
2023-06-07 00:00:00-04:00,171.5500030517578,175.60000610351562,170.39999389648438,175.35000610351562,170.0027313232422,634900,0.0,0.0
2023-06-08 00:00:00-04:00,175.35000610351562,175.92999267578125,171.6300048828125,172.24000549316406,166.98760986328125,746200,0.0,0.0
2023-06-09 00:00:00-04:00,172.00999450683594,172.5,169.8000030517578,170.0399932861328,164.85464477539062,617900,0.0,0.0
2023-06-12 00:00:00-04:00,170.0399932861328,170.47000122070312,166.88999938964844,168.92999267578125,163.7785186767578,839100,0.0,0.0
2023-06-13 00:00:00-04:00,169.7899932861328,171.27999877929688,168.97000122070312,169.75999450683594,164.58322143554688,690000,0.0,0.0
2023-06-14 00:00:00-04:00,170.8699951171875,175.8300018310547,169.14999389648438,174.38999938964844,169.07200622558594,801800,0.0,0.0
2023-06-15 00:00:00-04:00,173.2899932861328,177.75,171.17999267578125,176.92999267578125,171.5345458984375,523700,0.0,0.0
2023-06-16 00:00:00-04:00,177.99000549316406,179.25999450683594,175.74000549316406,176.67999267578125,171.29220581054688,987300,0.0,0.0
2023-06-20 00:00:00-04:00,175.7899932861328,176.25999450683594,173.1199951171875,173.94000244140625,168.63572692871094,412700,0.0,0.0
2023-06-21 00:00:00-04:00,172.3300018310547,176.64999389648438,172.0,176.36000061035156,170.98194885253906,661700,0.0,0.0
2023-06-22 00:00:00-04:00,176.27000427246094,178.63999938964844,175.0,176.5800018310547,171.19522094726562,723600,0.0,0.0
2023-06-23 00:00:00-04:00,175.0500030517578,175.77000427246094,173.36000061035156,175.17999267578125,169.83792114257812,2211900,0.0,0.0
2023-06-26 00:00:00-04:00,174.86000061035156,177.8800048828125,174.86000061035156,176.5399932861328,171.1564483642578,603100,0.0,0.0
2023-06-27 00:00:00-04:00,176.6699981689453,182.16000366210938,175.92999267578125,178.77000427246094,173.31845092773438,696800,0.0,0.0
2023-06-28 00:00:00-04:00,179.05999755859375,179.5,177.11000061035156,178.85000610351562,173.39602661132812,423200,0.0,0.0
2023-06-29 00:00:00-04:00,179.58999633789062,182.57000732421875,178.83999633789062,182.47000122070312,176.9056396484375,587100,0.0,0.0
2023-06-30 00:00:00-04:00,182.77000427246094,182.77000427246094,179.97999572753906,181.02999877929688,175.509521484375,731500,0.0,0.0
2023-07-03 00:00:00-04:00,180.39999389648438,184.19000244140625,179.49000549316406,182.41000366210938,176.8474578857422,310900,0.0,0.0
2023-07-05 00:00:00-04:00,180.27000427246094,182.57000732421875,177.4499969482422,179.49000549316406,174.0164794921875,765800,0.0,0.0
2023-07-06 00:00:00-04:00,176.94000244140625,179.22000122070312,175.91000366210938,179.0399932861328,173.5802001953125,797900,0.0,0.0
2023-07-07 00:00:00-04:00,179.22000122070312,182.24000549316406,178.5500030517578,179.61000061035156,174.13284301757812,460600,0.0,0.0
2023-07-10 00:00:00-04:00,178.89999389648438,181.94000244140625,178.6199951171875,180.82000732421875,175.30592346191406,518900,0.0,0.0
2023-07-11 00:00:00-04:00,180.50999450683594,185.49000549316406,180.50999450683594,185.3699951171875,179.71714782714844,590500,0.0,0.0
2023-07-12 00:00:00-04:00,187.19000244140625,188.52999877929688,183.86000061035156,184.69000244140625,179.0579071044922,726600,0.0,0.0
2023-07-13 00:00:00-04:00,184.75999450683594,186.72999572753906,183.9499969482422,184.07000732421875,178.45681762695312,512100,0.0,0.0
2023-07-14 00:00:00-04:00,184.3699951171875,184.99000549316406,182.58999633789062,183.3000030517578,177.71031188964844,492500,0.0,0.0
2023-07-17 00:00:00-04:00,183.0,185.02000427246094,180.3699951171875,183.3800048828125,177.78785705566406,891100,0.0,0.0
2023-07-18 00:00:00-04:00,185.39999389648438,188.72999572753906,185.00999450683594,188.1699981689453,182.4317626953125,1369800,0.0,0.0
2023-07-19 00:00:00-04:00,194.99000549316406,196.32000732421875,189.7100067138672,195.22999572753906,189.2764892578125,2237900,0.0,0.0
2023-07-20 00:00:00-04:00,194.72999572753906,195.1300048828125,191.30999755859375,192.0500030517578,186.19349670410156,932800,0.0,0.0
2023-07-21 00:00:00-04:00,190.47999572753906,197.1699981689453,190.0,195.58999633789062,189.62548828125,959300,0.0,0.0
2023-07-24 00:00:00-04:00,193.97000122070312,199.66000366210938,193.2100067138672,198.33999633789062,192.29168701171875,883200,0.0,0.0
2023-07-25 00:00:00-04:00,197.91000366210938,200.50999450683594,197.77000427246094,199.75999450683594,193.66835021972656,750400,0.0,0.0
2023-07-26 00:00:00-04:00,200.25999450683594,203.17999267578125,199.82000732421875,202.8300018310547,196.64474487304688,1021600,0.0,0.0
2023-07-27 00:00:00-04:00,203.0,203.88999938964844,199.4199981689453,200.11000061035156,194.00770568847656,820600,0.0,0.0
2023-07-28 00:00:00-04:00,202.16000366210938,206.2100067138672,201.4499969482422,205.5399932861328,199.27210998535156,908000,0.0,0.0
2023-07-31 00:00:00-04:00,205.57000732421875,205.58999633789062,203.25,203.94000244140625,197.72088623046875,807900,0.0,0.0
2023-08-01 00:00:00-04:00,203.41000366210938,204.6999969482422,200.33999633789062,203.8699951171875,197.65304565429688,591100,0.0,0.0
2023-08-02 00:00:00-04:00,202.74000549316406,205.1999969482422,202.25999450683594,204.88999938964844,198.6419219970703,530100,0.0,0.0
2023-08-03 00:00:00-04:00,203.6699981689453,208.8000030517578,202.94000244140625,208.24000549316406,202.30445861816406,953500,0.42,0.0
2023-08-04 00:00:00-04:00,208.57000732421875,209.2100067138672,205.61000061035156,206.5,200.6140899658203,944200,0.0,0.0
2023-08-07 00:00:00-04:00,207.50999450683594,209.11000061035156,204.83999633789062,207.1199951171875,201.2163848876953,689900,0.0,0.0
2023-08-08 00:00:00-04:00,205.36000061035156,205.36000061035156,203.3000030517578,205.10000610351562,199.2539825439453,733700,0.0,0.0
2023-08-09 00:00:00-04:00,205.07000732421875,205.07000732421875,202.91000366210938,203.42999267578125,197.6315460205078,629600,0.0,0.0
2023-08-10 00:00:00-04:00,204.1300048828125,206.47000122070312,201.58999633789062,202.4199981689453,196.65036010742188,517100,0.0,0.0
2023-08-11 00:00:00-04:00,201.85000610351562,203.5500030517578,201.39999389648438,203.16000366210938,197.36924743652344,433100,0.0,0.0
2023-08-14 00:00:00-04:00,202.9600067138672,203.0,200.67999267578125,202.33999633789062,196.57260131835938,648400,0.0,0.0
2023-08-15 00:00:00-04:00,201.52999877929688,201.64999389648438,199.00999450683594,199.5399932861328,193.8524169921875,541700,0.0,0.0
2023-08-16 00:00:00-04:00,199.30999755859375,200.63999938964844,191.77000427246094,192.6999969482422,187.20741271972656,1535300,0.0,0.0
2023-08-17 00:00:00-04:00,193.00999450683594,193.42999267578125,189.38999938964844,190.0500030517578,184.63291931152344,846900,0.0,0.0
2023-08-18 00:00:00-04:00,188.17999267578125,191.47999572753906,187.47999572753906,191.00999450683594,185.56556701660156,633300,0.0,0.0
2023-08-21 00:00:00-04:00,190.8300018310547,192.44000244140625,189.5500030517578,191.6199951171875,186.15818786621094,490000,0.0,0.0
2023-08-22 00:00:00-04:00,191.6199951171875,193.05999755859375,190.1199951171875,190.44000244140625,185.01181030273438,577100,0.0,0.0
2023-08-23 00:00:00-04:00,190.11000061035156,190.86000061035156,188.83999633789062,190.5500030517578,185.11868286132812,424900,0.0,0.0
2023-08-24 00:00:00-04:00,190.5500030517578,191.0,189.1999969482422,189.36000061035156,183.9626007080078,541000,0.0,0.0
2023-08-25 00:00:00-04:00,189.38999938964844,189.9499969482422,187.19000244140625,187.66000366210938,182.31105041503906,510500,0.0,0.0
2023-08-28 00:00:00-04:00,188.6999969482422,190.58999633789062,186.22000122070312,186.82000732421875,181.4949951171875,503100,0.0,0.0
2023-08-29 00:00:00-04:00,187.10000610351562,190.4499969482422,186.8300018310547,189.05999755859375,183.671142578125,713000,0.0,0.0
2023-08-30 00:00:00-04:00,189.13999938964844,190.58999633789062,189.13999938964844,190.00999450683594,184.5940704345703,437800,0.0,0.0
2023-08-31 00:00:00-04:00,189.83999633789062,189.9600067138672,186.74000549316406,187.8800048828125,182.52479553222656,1002000,0.0,0.0
2023-09-01 00:00:00-04:00,189.22000122070312,192.4600067138672,187.11000061035156,191.72999572753906,186.26502990722656,685100,0.0,0.0
2023-09-05 00:00:00-04:00,191.0,191.10000610351562,186.97999572753906,187.11000061035156,181.77674865722656,772800,0.0,0.0
2023-09-06 00:00:00-04:00,187.3300018310547,188.24000549316406,184.27999877929688,185.5800018310547,180.29031372070312,958600,0.0,0.0
2023-09-07 00:00:00-04:00,185.94000244140625,187.52000427246094,182.60000610351562,186.05999755859375,180.75665283203125,575100,0.0,0.0
2023-09-08 00:00:00-04:00,186.25,186.25,183.8000030517578,184.6300048828125,179.36744689941406,584400,0.0,0.0
2023-09-11 00:00:00-04:00,185.38999938964844,186.10000610351562,183.55999755859375,184.1699981689453,178.92054748535156,388700,0.0,0.0
2023-09-12 00:00:00-04:00,183.77999877929688,184.63999938964844,181.3000030517578,181.91000366210938,176.72499084472656,709200,0.0,0.0
2023-09-13 00:00:00-04:00,182.00999450683594,193.0500030517578,181.14999389648438,189.35000610351562,183.952880859375,1827300,0.0,0.0
2023-09-14 00:00:00-04:00,191.17999267578125,193.3699951171875,189.61000061035156,190.67999267578125,185.24496459960938,1507400,0.0,0.0
2023-09-15 00:00:00-04:00,191.0800018310547,195.0500030517578,190.0500030517578,194.36000061035156,188.82008361816406,1539900,0.0,0.0
2023-09-18 00:00:00-04:00,194.63999938964844,196.86000061035156,194.19000244140625,194.33999633789062,188.8006591796875,880900,0.0,0.0
2023-09-19 00:00:00-04:00,194.1999969482422,194.72000122070312,191.0399932861328,192.4499969482422,186.96449279785156,633700,0.0,0.0
2023-09-20 00:00:00-04:00,193.74000549316406,196.13999938964844,193.3300018310547,193.67999267578125,188.1594696044922,956000,0.0,0.0
2023-09-21 00:00:00-04:00,192.88999938964844,193.02999877929688,189.17999267578125,189.9600067138672,184.54551696777344,820300,0.0,0.0
2023-09-22 00:00:00-04:00,190.36000061035156,192.30999755859375,189.00999450683594,189.49000549316406,184.08889770507812,509100,0.0,0.0
2023-09-25 00:00:00-04:00,189.02999877929688,192.02999877929688,189.02999877929688,190.4600067138672,185.03125,440900,0.0,0.0
2023-09-26 00:00:00-04:00,189.49000549316406,190.08999633789062,186.24000549316406,186.47999572753906,181.1646728515625,604800,0.0,0.0
2023-09-27 00:00:00-04:00,188.00999450683594,189.9600067138672,183.61000061035156,185.58999633789062,180.30006408691406,781600,0.0,0.0
2023-09-28 00:00:00-04:00,185.77000427246094,187.36000061035156,184.02000427246094,186.3800048828125,181.06756591796875,744600,0.0,0.0
2023-09-29 00:00:00-04:00,187.86000061035156,189.2899932861328,186.5800018310547,188.52000427246094,183.14654541015625,692100,0.0,0.0
2023-10-02 00:00:00-04:00,187.35000610351562,188.1300048828125,184.24000549316406,187.4199981689453,182.07791137695312,834400,0.0,0.0
2023-10-03 00:00:00-04:00,185.86000061035156,187.91000366210938,185.16000366210938,186.80999755859375,181.4852752685547,781400,0.0,0.0
2023-10-04 00:00:00-04:00,187.42999267578125,187.9600067138672,183.9499969482422,187.32000732421875,181.98077392578125,576500,0.0,0.0
2023-10-05 00:00:00-04:00,186.97000122070312,187.6300048828125,183.97000122070312,186.10000610351562,180.7955322265625,379700,0.0,0.0
2023-10-06 00:00:00-04:00,185.25,188.36000061035156,184.80999755859375,186.6300048828125,181.3104248046875,305700,0.0,0.0
2023-10-09 00:00:00-04:00,185.6300048828125,190.3699951171875,185.33999633789062,189.75,184.34149169921875,313200,0.0,0.0
2023-10-10 00:00:00-04:00,189.75,192.52999877929688,189.08999633789062,191.52999877929688,186.07073974609375,344600,0.0,0.0
2023-10-11 00:00:00-04:00,192.14999389648438,193.88999938964844,191.5800018310547,193.75999450683594,188.23719787597656,675600,0.0,0.0
2023-10-12 00:00:00-04:00,194.5,195.08999633789062,190.86000061035156,192.8800048828125,187.3822784423828,578800,0.0,0.0
2023-10-13 00:00:00-04:00,193.75,195.64999389648438,191.10000610351562,191.41000366210938,185.95420837402344,849200,0.0,0.0
2023-10-16 00:00:00-04:00,193.22999572753906,200.0500030517578,193.22999572753906,196.77999877929688,191.1710968017578,1028800,0.0,0.0
2023-10-17 00:00:00-04:00,196.77999877929688,200.1999969482422,195.5500030517578,196.00999450683594,190.42303466796875,1352400,0.0,0.0
2023-10-18 00:00:00-04:00,185.3300018310547,187.0500030517578,178.47000122070312,178.6699981689453,173.5773162841797,2521500,0.0,0.0
2023-10-19 00:00:00-04:00,179.4199981689453,183.05999755859375,178.3699951171875,178.80999755859375,173.71331787109375,1501800,0.0,0.0
2023-10-20 00:00:00-04:00,180.9600067138672,182.25,175.92999267578125,176.27000427246094,171.2457275390625,1240300,0.0,0.0
2023-10-23 00:00:00-04:00,175.0,176.30999755859375,172.5800018310547,172.67999267578125,167.75802612304688,997800,0.0,0.0
2023-10-24 00:00:00-04:00,173.8300018310547,174.2899932861328,169.36000061035156,172.6699981689453,167.74830627441406,1188800,0.0,0.0
2023-10-25 00:00:00-04:00,172.1699981689453,172.1699981689453,169.16000366210938,170.0399932861328,165.1932830810547,635000,0.0,0.0
2023-10-26 00:00:00-04:00,168.17999267578125,170.42999267578125,167.05999755859375,167.77999877929688,162.9977264404297,1182200,0.0,0.0
2023-10-27 00:00:00-04:00,168.47999572753906,169.1199951171875,164.52999877929688,165.97999572753906,161.24900817871094,987400,0.0,0.0
2023-10-30 00:00:00-04:00,167.38999938964844,170.13999938964844,166.36000061035156,169.7100067138672,164.87269592285156,930600,0.0,0.0
2023-10-31 00:00:00-04:00,170.0,172.75,168.77999877929688,171.8699951171875,166.97109985351562,762700,0.0,0.0
2023-11-01 00:00:00-04:00,172.25,175.1999969482422,171.49000549316406,172.9499969482422,168.02035522460938,702200,0.0,0.0
2023-11-02 00:00:00-04:00,174.32000732421875,175.75,172.08999633789062,172.4600067138672,167.5443115234375,699000,0.0,0.0
2023-11-03 00:00:00-04:00,174.5,175.77999877929688,172.92999267578125,175.69000244140625,170.68222045898438,561200,0.0,0.0
2023-11-06 00:00:00-05:00,175.7899932861328,176.85000610351562,172.16000366210938,174.8300018310547,169.84674072265625,493200,0.0,0.0
2023-11-07 00:00:00-05:00,173.27999877929688,175.66000366210938,172.88999938964844,174.9199981689453,169.9342041015625,340900,0.0,0.0
2023-11-08 00:00:00-05:00,175.1199951171875,177.0800018310547,174.91000366210938,175.0,170.0119171142578,627400,0.0,0.0
2023-11-09 00:00:00-05:00,175.02000427246094,175.02000427246094,171.6199951171875,171.75999450683594,167.2657012939453,611100,0.42,0.0
2023-11-10 00:00:00-05:00,172.82000732421875,174.24000549316406,171.4499969482422,173.82000732421875,169.27182006835938,549000,0.0,0.0
2023-11-13 00:00:00-05:00,172.6199951171875,174.5500030517578,172.14999389648438,173.6300048828125,169.08677673339844,515700,0.0,0.0
2023-11-14 00:00:00-05:00,176.9499969482422,181.3300018310547,176.32000732421875,178.52999877929688,173.85853576660156,614700,0.0,0.0
2023-11-15 00:00:00-05:00,178.97000122070312,184.9600067138672,178.97000122070312,181.94000244140625,177.17930603027344,1043100,0.0,0.0
2023-11-16 00:00:00-05:00,182.57000732421875,183.27000427246094,176.25999450683594,178.6699981689453,173.994873046875,652100,0.0,0.0
2023-11-17 00:00:00-05:00,179.58999633789062,179.8699951171875,176.8000030517578,178.0800018310547,173.42034912109375,880700,0.0,0.0
2023-11-20 00:00:00-05:00,178.17999267578125,179.44000244140625,176.6699981689453,177.86000061035156,173.2061004638672,564600,0.0,0.0
2023-11-21 00:00:00-05:00,177.6699981689453,181.60000610351562,176.5399932861328,180.32000732421875,175.6017303466797,485000,0.0,0.0
2023-11-22 00:00:00-05:00,180.7899932861328,181.72000122070312,179.6300048828125,181.13999938964844,176.4002685546875,380400,0.0,0.0
2023-11-24 00:00:00-05:00,180.88999938964844,183.39999389648438,180.88999938964844,183.0500030517578,178.26026916503906,230900,0.0,0.0
2023-11-27 00:00:00-05:00,182.0,182.19000244140625,179.47000122070312,179.63999938964844,174.9394989013672,446400,0.0,0.0
2023-11-28 00:00:00-05:00,179.57000732421875,181.4199981689453,178.47000122070312,180.6199951171875,175.89385986328125,427300,0.0,0.0
2023-11-29 00:00:00-05:00,181.55999755859375,184.33999633789062,181.39999389648438,182.0500030517578,177.2864532470703,520200,0.0,0.0
2023-11-30 00:00:00-05:00,182.0,186.16000366210938,181.00999450683594,185.27000427246094,180.4221954345703,1127400,0.0,0.0
2023-12-01 00:00:00-05:00,185.30999755859375,191.58999633789062,184.7100067138672,189.8000030517578,184.8336639404297,835000,0.0,0.0
2023-12-04 00:00:00-05:00,188.80999755859375,192.6999969482422,188.60000610351562,190.24000549316406,185.26217651367188,786100,0.0,0.0
2023-12-05 00:00:00-05:00,188.4600067138672,189.60000610351562,185.60000610351562,188.41000366210938,183.4800262451172,569000,0.0,0.0
2023-12-06 00:00:00-05:00,189.82000732421875,189.82000732421875,186.88999938964844,188.0800018310547,183.15867614746094,446300,0.0,0.0
2023-12-07 00:00:00-05:00,189.77000427246094,189.8000030517578,186.6699981689453,188.88999938964844,183.9474639892578,518900,0.0,0.0
2023-12-08 00:00:00-05:00,188.5,189.7899932861328,185.69000244140625,186.6199951171875,181.7368621826172,721000,0.0,0.0
2023-12-11 00:00:00-05:00,188.27000427246094,192.9600067138672,187.6999969482422,192.6699981689453,187.62855529785156,624500,0.0,0.0
2023-12-12 00:00:00-05:00,192.80999755859375,194.75999450683594,191.99000549316406,192.97999572753906,187.9304656982422,463300,0.0,0.0
2023-12-13 00:00:00-05:00,192.67999267578125,196.08999633789062,188.7899932861328,196.00999450683594,190.88113403320312,688400,0.0,0.0
2023-12-14 00:00:00-05:00,197.55999755859375,201.9199981689453,196.32000732421875,201.72999572753906,196.45150756835938,1039300,0.0,0.0
2023-12-15 00:00:00-05:00,202.0,207.63999938964844,200.5399932861328,202.22000122070312,196.92869567871094,2340900,0.0,0.0
2023-12-18 00:00:00-05:00,203.2100067138672,203.52000427246094,198.2100067138672,198.4600067138672,193.2670440673828,818400,0.0,0.0
2023-12-19 00:00:00-05:00,199.0,200.47000122070312,198.32000732421875,198.86000061035156,193.65660095214844,809300,0.0,0.0
2023-12-20 00:00:00-05:00,196.97000122070312,204.11000061035156,196.22000122070312,197.5800018310547,192.41006469726562,808700,0.0,0.0
2023-12-21 00:00:00-05:00,198.3300018310547,201.75999450683594,197.30999755859375,200.63999938964844,195.3900146484375,643500,0.0,0.0
2023-12-22 00:00:00-05:00,201.91000366210938,203.4499969482422,201.0,201.6999969482422,196.42227172851562,378400,0.0,0.0
2023-12-26 00:00:00-05:00,201.33999633789062,203.49000549316406,200.32000732421875,202.77999877929688,197.47401428222656,291000,0.0,0.0
2023-12-27 00:00:00-05:00,202.1999969482422,203.1699981689453,201.49000549316406,202.25,196.95791625976562,662400,0.0,0.0
2023-12-28 00:00:00-05:00,203.67999267578125,203.67999267578125,200.5500030517578,201.86000061035156,196.57810974121094,399100,0.0,0.0
2023-12-29 00:00:00-05:00,201.30999755859375,202.61000061035156,199.33999633789062,199.74000549316406,194.5135498046875,407000,0.0,0.0
2024-01-02 00:00:00-05:00,199.82000732421875,200.5399932861328,194.77999877929688,195.49000549316406,190.374755859375,728900,0.0,0.0
2024-01-03 00:00:00-05:00,194.1699981689453,194.75999450683594,190.6999969482422,191.9499969482422,186.92739868164062,697100,0.0,0.0
2024-01-04 00:00:00-05:00,189.47999572753906,191.25,187.3699951171875,189.0399932861328,184.0935516357422,789500,0.0,0.0
2024-01-05 00:00:00-05:00,189.0399932861328,191.8300018310547,188.19000244140625,189.97000122070312,184.99923706054688,487100,0.0,0.0
2024-01-08 00:00:00-05:00,190.6199951171875,193.7899932861328,189.5800018310547,193.55999755859375,188.49526977539062,731000,0.0,0.0
2024-01-09 00:00:00-05:00,191.52000427246094,192.74000549316406,190.38999938964844,191.4199981689453,186.41128540039062,418200,0.0,0.0
2024-01-10 00:00:00-05:00,190.27999877929688,193.11000061035156,189.52999877929688,192.97000122070312,187.9207305908203,570000,0.0,0.0
2024-01-11 00:00:00-05:00,192.2899932861328,192.2899932861328,188.77999877929688,191.11000061035156,186.109375,508800,0.0,0.0
2024-01-12 00:00:00-05:00,192.0399932861328,193.0,190.1300048828125,192.0800018310547,187.05398559570312,495100,0.0,0.0
2024-01-16 00:00:00-05:00,191.1199951171875,191.77999877929688,188.35000610351562,190.94000244140625,185.94381713867188,534000,0.0,0.0
2024-01-17 00:00:00-05:00,189.5,193.27999877929688,188.60000610351562,191.7100067138672,186.6936798095703,943800,0.0,0.0
2024-01-18 00:00:00-05:00,192.02000427246094,197.6199951171875,192.02000427246094,196.94000244140625,191.78680419921875,1741000,0.0,0.0
2024-01-19 00:00:00-05:00,204.10000610351562,204.5,195.80999755859375,198.72000122070312,193.52027893066406,2310600,0.0,0.0
2024-01-22 00:00:00-05:00,202.1199951171875,207.88999938964844,201.39999389648438,207.5800018310547,202.14842224121094,1297500,0.0,0.0
2024-01-23 00:00:00-05:00,207.89999389648438,208.0800018310547,204.83999633789062,205.47999572753906,200.10337829589844,814900,0.0,0.0
2024-01-24 00:00:00-05:00,205.9199981689453,207.5800018310547,203.2100067138672,203.7100067138672,198.37973022460938,793800,0.0,0.0
2024-01-25 00:00:00-05:00,206.30999755859375,207.49000549316406,204.11000061035156,206.25999450683594,200.8629608154297,929100,0.0,0.0
2024-01-26 00:00:00-05:00,206.88999938964844,207.97000122070312,204.1199951171875,206.4199981689453,201.01876831054688,508200,0.0,0.0
2024-01-29 00:00:00-05:00,204.6300048828125,206.1199951171875,203.64999389648438,205.8800048828125,200.49290466308594,891400,0.0,0.0
2024-01-30 00:00:00-05:00,203.66000366210938,207.25999450683594,203.60000610351562,204.64999389648438,199.2950897216797,625700,0.0,0.0
2024-01-31 00:00:00-05:00,204.64999389648438,205.80999755859375,200.8699951171875,200.97999572753906,195.72109985351562,881500,0.0,0.0
2024-02-01 00:00:00-05:00,201.02999877929688,202.30999755859375,196.86000061035156,201.77000427246094,196.49044799804688,881200,0.0,0.0
2024-02-02 00:00:00-05:00,200.63999938964844,209.55999755859375,200.1199951171875,208.49000549316406,203.0346221923828,1312300,0.0,0.0
2024-02-05 00:00:00-05:00,206.6699981689453,208.35000610351562,205.5,206.72999572753906,201.32066345214844,845000,0.0,0.0
2024-02-06 00:00:00-05:00,206.77000427246094,212.3300018310547,206.27000427246094,211.39999389648438,205.8684539794922,703800,0.0,0.0
2024-02-07 00:00:00-05:00,212.97000122070312,214.77000427246094,211.16000366210938,214.17999267578125,208.57574462890625,1044700,0.0,0.0
2024-02-08 00:00:00-05:00,212.52999877929688,214.3300018310547,211.32000732421875,213.3800048828125,208.21470642089844,739900,0.43,0.0
2024-02-09 00:00:00-05:00,214.47999572753906,215.89999389648438,211.9499969482422,215.5800018310547,210.36143493652344,502600,0.0,0.0
2024-02-12 00:00:00-05:00,215.5800018310547,217.02000427246094,214.91000366210938,216.5800018310547,211.33721923828125,486700,0.0,0.0
2024-02-13 00:00:00-05:00,212.9499969482422,216.2100067138672,211.0500030517578,216.07000732421875,210.83956909179688,646300,0.0,0.0
2024-02-14 00:00:00-05:00,216.35000610351562,219.0800018310547,214.0500030517578,217.55999755859375,212.2935028076172,793200,0.0,0.0
2024-02-15 00:00:00-05:00,218.80999755859375,219.50999450683594,216.10000610351562,218.77999877929688,213.48394775390625,571200,0.0,0.0
2024-02-16 00:00:00-05:00,218.11000061035156,218.64999389648438,211.52000427246094,211.6999969482422,206.57534790039062,1140000,0.0,0.0
2024-02-20 00:00:00-05:00,206.5399932861328,208.0500030517578,196.19000244140625,199.72999572753906,194.89511108398438,1740300,0.0,0.0
2024-02-21 00:00:00-05:00,200.32000732421875,204.75,199.50999450683594,203.17999267578125,198.2615966796875,927500,0.0,0.0
2024-02-22 00:00:00-05:00,205.72999572753906,211.69000244140625,205.36000061035156,211.02999877929688,205.92156982421875,993700,0.0,0.0
2024-02-23 00:00:00-05:00,213.07000732421875,214.38999938964844,211.52999877929688,213.07000732421875,207.91220092773438,787000,0.0,0.0
2024-02-26 00:00:00-05:00,213.07000732421875,213.2100067138672,207.4600067138672,207.99000549316406,202.95516967773438,665400,0.0,0.0
2024-02-27 00:00:00-05:00,207.80999755859375,209.42999267578125,205.82000732421875,207.52999877929688,202.50628662109375,578800,0.0,0.0
2024-02-28 00:00:00-05:00,206.52000427246094,206.85000610351562,204.0,205.1999969482422,200.23269653320312,683600,0.0,0.0
2024-02-29 00:00:00-05:00,206.58999633789062,208.30999755859375,203.74000549316406,206.30999755859375,201.31581115722656,1083400,0.0,0.0
2024-03-01 00:00:00-05:00,205.97000122070312,208.69000244140625,200.5500030517578,203.3300018310547,198.407958984375,705200,0.0,0.0
2024-03-04 00:00:00-05:00,203.6199951171875,204.44000244140625,201.02000427246094,201.36000061035156,196.48565673828125,598200,0.0,0.0
2024-03-05 00:00:00-05:00,199.97999572753906,202.72000122070312,196.86000061035156,200.08999633789062,195.24639892578125,834600,0.0,0.0
2024-03-06 00:00:00-05:00,200.55999755859375,202.47000122070312,198.86000061035156,199.82000732421875,194.98294067382812,456700,0.0,0.0
2024-03-07 00:00:00-05:00,202.69000244140625,202.94000244140625,200.42999267578125,202.2899932861328,197.39315795898438,391000,0.0,0.0
2024-03-08 00:00:00-05:00,202.1699981689453,204.42999267578125,200.5399932861328,200.60000610351562,195.7440643310547,414100,0.0,0.0
2024-03-11 00:00:00-04:00,201.33999633789062,203.02000427246094,200.25,200.55999755859375,195.7050018310547,378400,0.0,0.0
2024-03-12 00:00:00-04:00,200.77000427246094,202.52000427246094,200.32000732421875,201.27000427246094,196.39785766601562,316800,0.0,0.0
2024-03-13 00:00:00-04:00,201.55999755859375,202.77999877929688,200.5500030517578,201.47000122070312,196.59298706054688,380400,0.0,0.0
2024-03-14 00:00:00-04:00,200.5,200.52999877929688,194.24000549316406,198.22000122070312,193.4216766357422,865700,0.0,0.0
2024-03-15 00:00:00-04:00,196.4600067138672,198.6199951171875,193.22999572753906,193.9199981689453,189.22573852539062,918300,0.0,0.0
2024-03-18 00:00:00-04:00,193.86000061035156,194.67999267578125,190.9499969482422,191.1999969482422,186.57159423828125,726600,0.0,0.0
2024-03-19 00:00:00-04:00,191.75,194.41000366210938,190.69000244140625,190.8300018310547,186.2105712890625,824500,0.0,0.0
2024-03-20 00:00:00-04:00,190.16000366210938,195.5800018310547,189.82000732421875,195.05999755859375,190.338134765625,873000,0.0,0.0
2024-03-21 00:00:00-04:00,195.74000549316406,199.64999389648438,195.1699981689453,197.85000610351562,193.06063842773438,819400,0.0,0.0
2024-03-22 00:00:00-04:00,198.35000610351562,198.35000610351562,194.07000732421875,194.7899932861328,190.07469177246094,524100,0.0,0.0
2024-03-25 00:00:00-04:00,194.11000061035156,194.61000061035156,191.0,192.0,187.35223388671875,740900,0.0,0.0
2024-03-26 00:00:00-04:00,193.08999633789062,194.75999450683594,192.08999633789062,193.7100067138672,189.02084350585938,566900,0.0,0.0
2024-03-27 00:00:00-04:00,194.77000427246094,196.75,194.27000427246094,195.1999969482422,190.47476196289062,533000,0.0,0.0
2024-03-28 00:00:00-04:00,196.52000427246094,199.8800048828125,195.58999633789062,199.25,194.4267578125,632800,0.0,0.0
2024-04-01 00:00:00-04:00,196.9499969482422,198.94000244140625,194.72000122070312,196.47999572753906,191.72377014160156,714600,0.0,0.0
2024-04-02 00:00:00-04:00,195.69000244140625,196.00999450683594,193.49000549316406,194.9600067138672,190.24058532714844,532700,0.0,0.0
2024-04-03 00:00:00-04:00,194.75999450683594,197.85000610351562,193.8000030517578,197.17999267578125,192.4068603515625,664400,0.0,0.0
2024-04-04 00:00:00-04:00,197.52000427246094,199.1199951171875,193.77999877929688,194.52000427246094,189.81121826171875,1097400,0.0,0.0
2024-04-05 00:00:00-04:00,194.52000427246094,196.25,194.0399932861328,195.3300018310547,190.60162353515625,392500,0.0,0.0
2024-04-08 00:00:00-04:00,196.2100067138672,197.9199981689453,194.6999969482422,194.8800048828125,190.1625213623047,540200,0.0,0.0
2024-04-09 00:00:00-04:00,195.07000732421875,195.55999755859375,192.49000549316406,194.4499969482422,189.74293518066406,624900,0.0,0.0
2024-04-10 00:00:00-04:00,190.44000244140625,191.50999450683594,187.39999389648438,188.19000244140625,183.63446044921875,918200,0.0,0.0
2024-04-11 00:00:00-04:00,188.1300048828125,190.3300018310547,187.94000244140625,189.1300048828125,184.55172729492188,468100,0.0,0.0
2024-04-12 00:00:00-04:00,186.8800048828125,187.2899932861328,184.07000732421875,185.47000122070312,180.9803009033203,745500,0.0,0.0
2024-04-15 00:00:00-04:00,186.86000061035156,187.69000244140625,184.22999572753906,185.10000610351562,180.61927795410156,788800,0.0,0.0
2024-04-16 00:00:00-04:00,185.25,186.13999938964844,182.80999755859375,182.99000549316406,178.5603485107422,1526800,0.0,0.0
2024-04-17 00:00:00-04:00,167.0,172.6699981689453,160.07000732421875,168.1300048828125,164.06007385253906,3725100,0.0,0.0
2024-04-18 00:00:00-04:00,169.85000610351562,169.85000610351562,163.61000061035156,164.1999969482422,160.22518920898438,1875900,0.0,0.0
2024-04-19 00:00:00-04:00,166.3300018310547,170.0800018310547,165.63999938964844,167.3000030517578,163.2501678466797,1480700,0.0,0.0
2024-04-22 00:00:00-04:00,167.91000366210938,168.82000732421875,165.47999572753906,167.3800048828125,163.32823181152344,1009100,0.0,0.0
2024-04-23 00:00:00-04:00,168.1199951171875,168.7899932861328,166.57000732421875,167.5500030517578,163.49411010742188,981100,0.0,0.0
2024-04-24 00:00:00-04:00,166.38999938964844,166.44000244140625,162.32000732421875,164.6300048828125,160.64479064941406,1139800,0.0,0.0
2024-04-25 00:00:00-04:00,164.72999572753906,164.89999389648438,163.08999633789062,163.74000549316406,159.77633666992188,721100,0.0,0.0
2024-04-26 00:00:00-04:00,162.2899932861328,163.27999877929688,160.47999572753906,162.00999450683594,158.0881805419922,1241200,0.0,0.0
2024-04-29 00:00:00-04:00,161.74000549316406,163.3300018310547,160.83999633789062,162.16000366210938,158.23455810546875,1034500,0.0,0.0
2024-04-30 00:00:00-04:00,162.75999450683594,163.89999389648438,160.67999267578125,162.57000732421875,158.63467407226562,1200800,0.0,0.0
2024-05-01 00:00:00-04:00,161.47000122070312,166.44000244140625,160.8800048828125,163.52000427246094,159.56166076660156,920400,0.0,0.0
2024-05-02 00:00:00-04:00,164.74000549316406,164.97000122070312,161.9199981689453,164.57000732421875,160.58624267578125,846100,0.0,0.0
2024-05-03 00:00:00-04:00,166.30999755859375,167.64999389648438,165.1699981689453,165.55999755859375,161.55227661132812,745200,0.0,0.0
2024-05-06 00:00:00-04:00,167.33999633789062,167.33999633789062,165.52000427246094,166.5500030517578,162.518310546875,596100,0.0,0.0
2024-05-07 00:00:00-04:00,167.35000610351562,169.47999572753906,166.6999969482422,168.11000061035156,164.04054260253906,804200,0.0,0.0
2024-05-08 00:00:00-04:00,167.3800048828125,169.36000061035156,167.3000030517578,167.75,163.6892547607422,429700,0.0,0.0
2024-05-09 00:00:00-04:00,167.74000549316406,170.7100067138672,167.38999938964844,170.00999450683594,166.32089233398438,944200,0.43,0.0
2024-05-10 00:00:00-04:00,170.27000427246094,171.25,169.6199951171875,170.58999633789062,166.88832092285156,711900,0.0,0.0
2024-05-13 00:00:00-04:00,170.97000122070312,172.3000030517578,169.25999450683594,169.3699951171875,165.6947784423828,657600,0.0,0.0
2024-05-14 00:00:00-04:00,170.14999389648438,171.0,167.1300048828125,168.16000366210938,164.5110321044922,666700,0.0,0.0
2024-05-15 00:00:00-04:00,169.77999877929688,170.52000427246094,166.9199981689453,167.58999633789062,163.9534149169922,635200,0.0,0.0
2024-05-16 00:00:00-04:00,167.99000549316406,171.0800018310547,167.9600067138672,169.49000549316406,165.8121795654297,584200,0.0,0.0
2024-05-17 00:00:00-04:00,169.77000427246094,170.44000244140625,164.44000244140625,164.8000030517578,161.2239532470703,966700,0.0,0.0
2024-05-20 00:00:00-04:00,164.64999389648438,165.1199951171875,163.67999267578125,164.10000610351562,160.5391387939453,955000,0.0,0.0
2024-05-21 00:00:00-04:00,163.33999633789062,163.52000427246094,156.6999969482422,159.36000061035156,155.9019775390625,1453300,0.0,0.0
2024-05-22 00:00:00-04:00,159.3800048828125,159.67999267578125,157.4600067138672,157.97999572753906,154.55191040039062,869100,0.0,0.0
2024-05-23 00:00:00-04:00,158.5,158.55999755859375,155.42999267578125,157.8800048828125,154.4541015625,958500,0.0,0.0
2024-05-24 00:00:00-04:00,158.5,159.25,157.13999938964844,157.6199951171875,154.19973754882812,462000,0.0,0.0
2024-05-28 00:00:00-04:00,157.55999755859375,158.50999450683594,156.07000732421875,158.38999938964844,154.95303344726562,602000,0.0,0.0
2024-05-29 00:00:00-04:00,156.0500030517578,157.32000732421875,154.10000610351562,154.64999389648438,151.294189453125,910100,0.0,0.0
2024-05-30 00:00:00-04:00,155.10000610351562,158.1999969482422,154.7100067138672,156.9499969482422,153.54429626464844,649500,0.0,0.0
2024-05-31 00:00:00-04:00,157.6999969482422,160.86000061035156,157.5500030517578,160.75,157.26182556152344,1179200,0.0,0.0
2024-06-03 00:00:00-04:00,161.41000366210938,161.99000549316406,157.58999633789062,160.66000366210938,157.17376708984375,808100,0.0,0.0
2024-06-04 00:00:00-04:00,161.75,163.4600067138672,158.30999755859375,158.50999450683594,155.0704345703125,724800,0.0,0.0
2024-06-05 00:00:00-04:00,158.97999572753906,159.2899932861328,157.1300048828125,159.16000366210938,155.70631408691406,561400,0.0,0.0
2024-06-06 00:00:00-04:00,158.8000030517578,159.36000061035156,158.02999877929688,159.0,155.5498046875,406200,0.0,0.0
2024-06-07 00:00:00-04:00,158.02000427246094,161.91000366210938,157.42999267578125,159.9600067138672,156.4889678955078,564800,0.0,0.0
2024-06-10 00:00:00-04:00,158.94000244140625,162.33999633789062,158.4499969482422,162.00999450683594,158.4944610595703,1133300,0.0,0.0
2024-06-11 00:00:00-04:00,161.02000427246094,161.6999969482422,159.33999633789062,160.63999938964844,157.1542205810547,515200,0.0,0.0
2024-06-12 00:00:00-04:00,162.4199981689453,164.35000610351562,159.8800048828125,160.97000122070312,157.47705078125,554300,0.0,0.0
2024-06-13 00:00:00-04:00,160.67999267578125,160.88999938964844,157.9499969482422,158.92999267578125,155.48130798339844,410300,0.0,0.0
2024-06-14 00:00:00-04:00,157.52999877929688,158.0500030517578,153.1199951171875,157.25999450683594,153.84756469726562,753800,0.0,0.0
2024-06-17 00:00:00-04:00,156.5399932861328,158.55999755859375,155.97000122070312,158.00999450683594,154.58128356933594,628000,0.0,0.0
2024-06-18 00:00:00-04:00,158.16000366210938,159.86000061035156,155.24000549316406,155.60000610351562,152.22360229492188,1269900,0.0,0.0
2024-06-20 00:00:00-04:00,155.17999267578125,157.00999450683594,154.44000244140625,155.3699951171875,151.99856567382812,983800,0.0,0.0
2024-06-21 00:00:00-04:00,155.3699951171875,157.5,154.67999267578125,156.17999267578125,152.79098510742188,2059600,0.0,0.0
2024-06-24 00:00:00-04:00,156.5,160.77999877929688,156.3699951171875,157.97000122070312,154.5421600341797,1297900,0.0,0.0
2024-06-25 00:00:00-04:00,157.11000061035156,157.92999267578125,155.42999267578125,156.27000427246094,152.87904357910156,846900,0.0,0.0
2024-06-26 00:00:00-04:00,156.27000427246094,158.8300018310547,155.49000549316406,157.1300048828125,153.7203826904297,516500,0.0,0.0
2024-06-27 00:00:00-04:00,156.77000427246094,157.55999755859375,155.75999450683594,157.1199951171875,153.71058654785156,645000,0.0,0.0
2024-06-28 00:00:00-04:00,158.6199951171875,161.75,158.47000122070312,160.0,156.52809143066406,1528900,0.0,0.0
2024-07-01 00:00:00-04:00,159.42999267578125,160.00999450683594,158.10000610351562,158.67999267578125,155.23675537109375,836300,0.0,0.0
2024-07-02 00:00:00-04:00,159.4600067138672,160.88999938964844,158.2100067138672,159.4199981689453,155.9606475830078,600200,0.0,0.0
2024-07-03 00:00:00-04:00,159.1199951171875,160.55999755859375,158.25,158.7100067138672,155.26608276367188,387800,0.0,0.0
2024-07-05 00:00:00-04:00,158.08999633789062,158.7899932861328,155.74000549316406,158.2899932861328,154.85520935058594,824400,0.0,0.0
2024-07-08 00:00:00-04:00,159.4600067138672,159.89999389648438,156.17999267578125,158.0399932861328,154.61062622070312,625500,0.0,0.0
2024-07-09 00:00:00-04:00,156.67999267578125,157.16000366210938,154.80999755859375,155.5399932861328,152.1648712158203,501700,0.0,0.0
2024-07-10 00:00:00-04:00,156.1699981689453,159.92999267578125,156.1699981689453,159.77999877929688,156.31288146972656,739400,0.0,0.0
2024-07-11 00:00:00-04:00,161.0,164.5800018310547,160.33999633789062,163.30999755859375,159.7662811279297,882500,0.0,0.0
2024-07-12 00:00:00-04:00,164.07000732421875,168.57000732421875,163.72999572753906,166.16000366210938,162.554443359375,1624000,0.0,0.0
2024-07-15 00:00:00-04:00,166.36000061035156,172.60000610351562,166.36000061035156,169.6199951171875,165.9393310546875,1349800,0.0,0.0
2024-07-16 00:00:00-04:00,169.52000427246094,176.24000549316406,169.52000427246094,176.0,172.180908203125,1977600,0.0,0.0
2024-07-17 00:00:00-04:00,169.07000732421875,170.0,162.52000427246094,163.89999389648438,160.34347534179688,2398300,0.0,0.0
2024-07-18 00:00:00-04:00,163.0399932861328,163.72999572753906,160.27000427246094,160.80999755859375,157.3205108642578,1557000,0.0,0.0
2024-07-19 00:00:00-04:00,161.25,164.3300018310547,158.7100067138672,164.17999267578125,160.6173858642578,1235100,0.0,0.0
2024-07-22 00:00:00-04:00,164.9199981689453,166.1999969482422,163.05999755859375,164.7100067138672,161.13589477539062,938800,0.0,0.0
2024-07-23 00:00:00-04:00,162.6699981689453,167.32000732421875,162.6699981689453,165.1300048828125,161.5467987060547,817000,0.0,0.0
2024-07-24 00:00:00-04:00,165.25,165.52999877929688,161.7899932861328,163.8000030517578,160.24562072753906,841700,0.0,0.0
2024-07-25 00:00:00-04:00,163.97000122070312,175.60000610351562,163.39999389648438,170.77999877929688,167.07418823242188,1631300,0.0,0.0
2024-07-26 00:00:00-04:00,171.00999450683594,174.02000427246094,170.38999938964844,171.5399932861328,167.81768798828125,711200,0.0,0.0
2024-07-29 00:00:00-04:00,171.94000244140625,174.08999633789062,170.44000244140625,170.52000427246094,166.81980895996094,736400,0.0,0.0
2024-07-30 00:00:00-04:00,171.5800018310547,174.99000549316406,171.5800018310547,172.16000366210938,168.4242401123047,699900,0.0,0.0
2024-07-31 00:00:00-04:00,172.50999450683594,176.41000366210938,170.16000366210938,173.14999389648438,169.3927459716797,1062400,0.0,0.0
2024-08-01 00:00:00-04:00,173.3000030517578,176.02000427246094,168.49000549316406,168.7899932861328,165.12738037109375,806100,0.0,0.0
2024-08-02 00:00:00-04:00,165.61000061035156,166.11000061035156,159.3300018310547,163.58999633789062,160.44894409179688,1157100,0.43,0.0
2024-08-05 00:00:00-04:00,159.55999755859375,165.3300018310547,155.02000427246094,160.97999572753906,157.8890380859375,1350400,0.0,0.0
2024-08-06 00:00:00-04:00,160.97999572753906,168.33999633789062,160.5800018310547,163.92999267578125,160.78240966796875,642500,0.0,0.0
2024-08-07 00:00:00-04:00,164.22999572753906,166.14999389648438,161.8699951171875,162.88999938964844,159.76239013671875,834900,0.0,0.0
2024-08-08 00:00:00-04:00,164.72999572753906,165.32000732421875,162.39999389648438,163.86000061035156,160.71376037597656,482400,0.0,0.0
2024-08-09 00:00:00-04:00,163.86000061035156,164.07000732421875,160.88999938964844,163.08999633789062,159.95855712890625,685600,0.0,0.0
2024-08-12 00:00:00-04:00,163.3000030517578,164.02999877929688,161.5,162.77000427246094,159.64468383789062,553400,0.0,0.0
2024-08-13 00:00:00-04:00,163.60000610351562,165.24000549316406,162.02999877929688,163.97000122070312,160.82164001464844,788800,0.0,0.0
2024-08-14 00:00:00-04:00,163.8300018310547,165.36000061035156,163.0800018310547,163.6300048828125,160.48817443847656,386900,0.0,0.0
2024-08-15 00:00:00-04:00,167.6199951171875,172.74000549316406,166.75,167.25999450683594,164.04847717285156,1354100,0.0,0.0
2024-08-16 00:00:00-04:00,166.8699951171875,170.5800018310547,166.4499969482422,170.36000061035156,167.0889434814453,784500,0.0,0.0
2024-08-19 00:00:00-04:00,171.72999572753906,175.57000732421875,171.27999877929688,175.33999633789062,171.97332763671875,1044100,0.0,0.0
2024-08-20 00:00:00-04:00,175.75999450683594,177.6199951171875,170.8300018310547,172.24000549316406,168.93289184570312,881500,0.0,0.0
2024-08-21 00:00:00-04:00,173.75,175.69000244140625,173.7100067138672,175.5,172.13026428222656,515200,0.0,0.0
2024-08-22 00:00:00-04:00,175.0500030517578,177.25999450683594,172.77000427246094,173.3800048828125,170.0509796142578,621900,0.0,0.0
2024-08-23 00:00:00-04:00,174.82000732421875,177.1699981689453,173.64999389648438,176.97000122070312,173.57205200195312,556200,0.0,0.0
2024-08-26 00:00:00-04:00,178.05999755859375,178.8000030517578,175.19000244140625,175.9499969482422,172.57162475585938,415400,0.0,0.0
2024-08-27 00:00:00-04:00,175.5800018310547,175.77999877929688,170.0500030517578,172.10000610351562,168.79556274414062,711600,0.0,0.0
2024-08-28 00:00:00-04:00,172.00999450683594,175.39999389648438,172.00999450683594,174.1699981689453,170.8258056640625,586000,0.0,0.0
2024-08-29 00:00:00-04:00,175.14999389648438,177.24000549316406,171.91000366210938,172.27000427246094,168.9622802734375,778800,0.0,0.0
2024-08-30 00:00:00-04:00,172.7100067138672,173.4499969482422,169.13999938964844,173.1999969482422,169.87442016601562,1228300,0.0,0.0
2024-09-03 00:00:00-04:00,172.47000122070312,173.2899932861328,169.22000122070312,173.08999633789062,169.7665252685547,701400,0.0,0.0
2024-09-04 00:00:00-04:00,173.08999633789062,174.72000122070312,171.30999755859375,172.82000732421875,169.5017547607422,511000,0.0,0.0
2024-09-05 00:00:00-04:00,171.42999267578125,172.52999877929688,166.3800048828125,169.3000030517578,166.04930114746094,743400,0.0,0.0
2024-09-06 00:00:00-04:00,169.75,171.32000732421875,167.6300048828125,167.77000427246094,164.54869079589844,714000,0.0,0.0
2024-09-09 00:00:00-04:00,167.6699981689453,171.9499969482422,167.6699981689453,171.74000549316406,168.44248962402344,615800,0.0,0.0
2024-09-10 00:00:00-04:00,171.3699951171875,171.9600067138672,169.4600067138672,170.5500030517578,167.2753448486328,659100,0.0,0.0
2024-09-11 00:00:00-04:00,170.22999572753906,170.38999938964844,165.25,169.25999450683594,166.01007080078125,818600,0.0,0.0
2024-09-12 00:00:00-04:00,169.7100067138672,169.77000427246094,165.5800018310547,168.86000061035156,165.61776733398438,977700,0.0,0.0
2024-09-13 00:00:00-04:00,170.2899932861328,171.4199981689453,167.6999969482422,168.66000366210938,165.42160034179688,662700,0.0,0.0
2024-09-16 00:00:00-04:00,169.72000122070312,171.24000549316406,166.9600067138672,167.39999389648438,164.18577575683594,713600,0.0,0.0
2024-09-17 00:00:00-04:00,168.89999389648438,170.30999755859375,165.85000610351562,167.99000549316406,164.76446533203125,1309300,0.0,0.0
2024-09-18 00:00:00-04:00,168.83999633789062,172.07000732421875,167.49000549316406,169.35000610351562,166.09837341308594,1001800,0.0,0.0
2024-09-19 00:00:00-04:00,173.0,175.9600067138672,172.80999755859375,174.82000732421875,171.46334838867188,887600,0.0,0.0
2024-09-20 00:00:00-04:00,173.47000122070312,173.47000122070312,168.69000244140625,169.00999450683594,165.76486206054688,1132400,0.0,0.0
2024-09-23 00:00:00-04:00,169.75,170.4600067138672,167.99000549316406,170.19000244140625,166.9222412109375,644400,0.0,0.0
2024-09-24 00:00:00-04:00,170.27000427246094,174.5800018310547,170.0800018310547,174.47999572753906,171.12985229492188,696800,0.0,0.0
2024-09-25 00:00:00-04:00,174.7100067138672,174.89999389648438,171.0800018310547,171.74000549316406,168.44248962402344,635000,0.0,0.0
2024-09-26 00:00:00-04:00,173.16000366210938,175.32000732421875,170.7899932861328,171.50999450683594,168.21688842773438,413900,0.0,0.0
2024-09-27 00:00:00-04:00,173.41000366210938,174.9600067138672,171.97000122070312,172.35000610351562,169.04075622558594,347500,0.0,0.0
2024-09-30 00:00:00-04:00,172.61000061035156,175.35000610351562,171.4199981689453,172.3300018310547,169.02113342285156,602800,0.0,0.0
2024-10-01 00:00:00-04:00,171.24000549316406,172.1199951171875,168.63999938964844,169.60000610351562,166.34356689453125,862800,0.0,0.0
2024-10-02 00:00:00-04:00,168.9199981689453,169.8000030517578,168.0,168.13999938964844,164.9115753173828,480400,0.0,0.0
2024-10-03 00:00:00-04:00,166.42999267578125,167.27999877929688,165.14999389648438,166.72999572753906,163.52865600585938,498800,0.0,0.0
2024-10-04 00:00:00-04:00,169.0,169.0,162.86000061035156,164.52000427246094,161.36109924316406,642700,0.0,0.0
2024-10-07 00:00:00-04:00,162.85000610351562,165.1199951171875,162.0,164.22000122070312,161.0668487548828,470500,0.0,0.0
2024-10-08 00:00:00-04:00,164.52000427246094,166.74000549316406,163.82000732421875,165.27999877929688,162.10650634765625,584700,0.0,0.0
2024-10-09 00:00:00-04:00,166.1199951171875,167.36000061035156,164.5800018310547,166.08999633789062,162.9009246826172,799200,0.0,0.0
2024-10-10 00:00:00-04:00,165.61000061035156,166.05999755859375,163.91000366210938,165.9199981689453,162.73422241210938,541700,0.0,0.0
2024-10-11 00:00:00-04:00,167.22000122070312,171.14999389648438,167.0,170.72000122070312,167.44204711914062,714100,0.0,0.0
2024-10-14 00:00:00-04:00,170.0,175.6199951171875,168.3000030517578,175.4600067138672,172.09104919433594,1127100,0.0,0.0
2024-10-15 00:00:00-04:00,175.5,178.85000610351562,174.3699951171875,174.64999389648438,171.2965850830078,1655900,0.0,0.0
2024-10-16 00:00:00-04:00,187.8800048828125,188.0,178.5,180.14999389648438,176.6909942626953,3017100,0.0,0.0
2024-10-17 00:00:00-04:00,178.6199951171875,180.4199981689453,172.3000030517578,173.47999572753906,170.14903259277344,1513400,0.0,0.0
2024-10-18 00:00:00-04:00,174.19000244140625,177.0800018310547,173.52999877929688,176.8699951171875,173.47396850585938,1003900,0.0,0.0
2024-10-21 00:00:00-04:00,176.41000366210938,177.77000427246094,173.94000244140625,177.5800018310547,174.1703338623047,896300,0.0,0.0
2024-10-22 00:00:00-04:00,176.30999755859375,177.89999389648438,174.6699981689453,175.6199951171875,172.24798583984375,773000,0.0,0.0
2024-10-23 00:00:00-04:00,174.63999938964844,176.0500030517578,173.52999877929688,175.4499969482422,172.08123779296875,942200,0.0,0.0
2024-10-24 00:00:00-04:00,175.55999755859375,176.0,172.72999572753906,175.80999755859375,172.43434143066406,598600,0.0,0.0
2024-10-25 00:00:00-04:00,176.74000549316406,177.97999572753906,174.0,174.8300018310547,171.47314453125,771000,0.0,0.0
2024-10-28 00:00:00-04:00,176.05999755859375,179.1300048828125,174.2899932861328,178.8800048828125,175.44537353515625,700900,0.0,0.0
2024-10-29 00:00:00-04:00,178.61000061035156,180.75,177.17999267578125,179.42999267578125,175.9848175048828,791900,0.0,0.0
2024-10-30 00:00:00-04:00,178.9199981689453,185.6699981689453,178.6699981689453,181.8800048828125,178.3877716064453,1274500,0.0,0.0
2024-10-31 00:00:00-04:00,181.02999877929688,183.57000732421875,180.49000549316406,180.6199951171875,177.15196228027344,1184900,0.0,0.0
2024-11-01 00:00:00-04:00,181.27999877929688,183.0399932861328,180.6300048828125,180.9600067138672,177.48544311523438,771500,0.0,0.0
2024-11-04 00:00:00-05:00,180.4499969482422,183.4199981689453,179.17999267578125,181.99000549316406,178.49566650390625,742700,0.0,0.0
2024-11-05 00:00:00-05:00,181.77000427246094,185.66000366210938,181.1300048828125,185.55999755859375,181.9971160888672,622400,0.0,0.0
2024-11-06 00:00:00-05:00,191.4199981689453,196.7100067138672,190.41000366210938,192.82000732421875,189.1177215576172,1925300,0.0,0.0
2024-11-07 00:00:00-05:00,192.8300018310547,193.16000366210938,188.35000610351562,188.50999450683594,184.89048767089844,702600,0.0,0.0
2024-11-08 00:00:00-05:00,188.5,193.00999450683594,186.60000610351562,192.1300048828125,188.87179565429688,1030000,0.43,0.0
2024-11-11 00:00:00-05:00,192.60000610351562,200.39999389648438,192.60000610351562,197.19000244140625,193.8459930419922,1212200,0.0,0.0
2024-11-12 00:00:00-05:00,195.97999572753906,198.22999572753906,192.44000244140625,192.5399932861328,189.2748260498047,1349600,0.0,0.0
2024-11-13 00:00:00-05:00,188.47000122070312,191.4499969482422,185.0,189.1999969482422,185.99148559570312,1740800,0.0,0.0
2024-11-14 00:00:00-05:00,189.63999938964844,190.58999633789062,184.2100067138672,184.50999450683594,181.38101196289062,1114500,0.0,0.0
2024-11-15 00:00:00-05:00,184.69000244140625,185.22000122070312,181.5500030517578,182.35000610351562,179.2576446533203,751100,0.0,0.0
2024-11-18 00:00:00-05:00,182.8699951171875,185.33999633789062,182.60000610351562,184.0,180.87965393066406,756900,0.0,0.0
2024-11-19 00:00:00-05:00,183.02000427246094,183.88999938964844,180.08999633789062,180.17999267578125,177.1244354248047,884200,0.0,0.0
2024-11-20 00:00:00-05:00,180.0,181.8000030517578,178.36000061035156,181.5800018310547,178.50071716308594,679600,0.0,0.0
2024-11-21 00:00:00-05:00,182.75,185.60000610351562,179.8800048828125,181.57000732421875,178.4908905029297,793100,0.0,0.0
2024-11-22 00:00:00-05:00,182.27999877929688,184.10000610351562,181.2899932861328,182.39999389648438,179.30677795410156,687000,0.0,0.0
2024-11-25 00:00:00-05:00,185.25,191.10000610351562,184.7100067138672,188.35000610351562,185.15589904785156,1285100,0.0,0.0
2024-11-26 00:00:00-05:00,187.82000732421875,191.08999633789062,185.6300048828125,190.86000061035156,187.6233367919922,932100,0.0,0.0
2024-11-27 00:00:00-05:00,191.24000549316406,192.47000122070312,189.0,190.30999755859375,187.0826416015625,501300,0.0,0.0
2024-11-29 00:00:00-05:00,191.47000122070312,192.4199981689453,188.86000061035156,189.11000061035156,185.9029998779297,457500,0.0,0.0
2024-12-02 00:00:00-05:00,189.52999877929688,189.6699981689453,187.24000549316406,189.24000549316406,186.0308074951172,470100,0.0,0.0
2024-12-03 00:00:00-05:00,187.99000549316406,188.0,184.3800048828125,185.00999450683594,181.87252807617188,475300,0.0,0.0
2024-12-04 00:00:00-05:00,184.11000061035156,186.1999969482422,183.22999572753906,185.1300048828125,181.99050903320312,519100,0.0,0.0
2024-12-05 00:00:00-05:00,185.4600067138672,185.50999450683594,180.3800048828125,181.85000610351562,178.76614379882812,627100,0.0,0.0
2024-12-06 00:00:00-05:00,182.91000366210938,183.2100067138672,179.1300048828125,180.99000549316406,177.9207305908203,750800,0.0,0.0
2024-12-09 00:00:00-05:00,181.30999755859375,185.2899932861328,181.0800018310547,182.3800048828125,179.28713989257812,663800,0.0,0.0
2024-12-10 00:00:00-05:00,182.47000122070312,184.27000427246094,180.0,182.27999877929688,179.18882751464844,745300,0.0,0.0
2024-12-11 00:00:00-05:00,183.1999969482422,184.11000061035156,181.57000732421875,182.00999450683594,178.92340087890625,665900,0.0,0.0
2024-12-12 00:00:00-05:00,182.2899932861328,183.80999755859375,180.61000061035156,181.14999389648438,178.0780029296875,656000,0.0,0.0
2024-12-13 00:00:00-05:00,180.6999969482422,181.58999633789062,179.25,179.7899932861328,176.7410430908203,538000,0.0,0.0
2024-12-16 00:00:00-05:00,179.72000122070312,180.27999877929688,177.5500030517578,178.08999633789062,175.06988525390625,645000,0.0,0.0
2024-12-17 00:00:00-05:00,177.08999633789062,179.27999877929688,177.05999755859375,177.30999755859375,174.30311584472656,692900,0.0,0.0
2024-12-18 00:00:00-05:00,177.1999969482422,179.08999633789062,169.94000244140625,170.2899932861328,167.4021453857422,969000,0.0,0.0
2024-12-19 00:00:00-05:00,170.22000122070312,172.85000610351562,167.7100067138672,168.10000610351562,165.2493133544922,1144700,0.0,0.0
2024-12-20 00:00:00-05:00,168.50999450683594,171.3800048828125,165.5,170.22999572753906,167.34315490722656,2140300,0.0,0.0
2024-12-23 00:00:00-05:00,169.63999938964844,170.8800048828125,168.5399932861328,170.5399932861328,167.64791870117188,513300,0.0,0.0
2024-12-24 00:00:00-05:00,170.0800018310547,171.67999267578125,169.67999267578125,171.57000732421875,168.6604766845703,180900,0.0,0.0
2024-12-26 00:00:00-05:00,170.7100067138672,172.47000122070312,170.27999877929688,172.00999450683594,169.09300231933594,268000,0.0,0.0
2024-12-27 00:00:00-05:00,171.36000061035156,173.10000610351562,170.05999755859375,172.00999450683594,169.09300231933594,298300,0.0,0.0
2024-12-30 00:00:00-05:00,170.72999572753906,170.92999267578125,168.74000549316406,170.3300018310547,167.44146728515625,388100,0.0,0.0
2024-12-31 00:00:00-05:00,171.3000030517578,172.14999389648438,170.2899932861328,170.66000366210938,167.76588439941406,340700,0.0,0.0
2025-01-02 00:00:00-05:00,172.14999389648438,173.02999877929688,169.35000610351562,171.1999969482422,168.29673767089844,538100,0.0,0.0
2025-01-03 00:00:00-05:00,173.50999450683594,176.75999450683594,171.5,175.82000732421875,172.83840942382812,610000,0.0,0.0
2025-01-06 00:00:00-05:00,176.44000244140625,179.14999389648438,176.1999969482422,176.39999389648438,173.40855407714844,619900,0.0,0.0
2025-01-07 00:00:00-05:00,176.64999389648438,177.8699951171875,175.08999633789062,176.47999572753906,173.48719787597656,595700,0.0,0.0
2025-01-08 00:00:00-05:00,175.3699951171875,178.17999267578125,174.0800018310547,177.8300018310547,174.81430053710938,618300,0.0,0.0
2025-01-10 00:00:00-05:00,174.94000244140625,176.0500030517578,173.49000549316406,174.2899932861328,171.33433532714844,671200,0.0,0.0
2025-01-13 00:00:00-05:00,173.72999572753906,180.17999267578125,173.32000732421875,179.22999572753906,176.1905517578125,750000,0.0,0.0
2025-01-14 00:00:00-05:00,180.57000732421875,183.33999633789062,179.61000061035156,181.6199951171875,178.54002380371094,1054300,0.0,0.0
2025-01-15 00:00:00-05:00,184.24000549316406,187.49000549316406,184.24000549316406,186.5500030517578,183.38644409179688,1025600,0.0,0.0
2025-01-16 00:00:00-05:00,185.85000610351562,187.50999450683594,184.33999633789062,186.1999969482422,183.0423583984375,1734400,0.0,0.0
2025-01-17 00:00:00-05:00,175.0,178.39999389648438,171.41000366210938,172.4499969482422,169.5255126953125,3299500,0.0,0.0
2025-01-21 00:00:00-05:00,172.4499969482422,175.97000122070312,172.3300018310547,174.42999267578125,171.47195434570312,1529800,0.0,0.0
2025-01-22 00:00:00-05:00,173.47000122070312,176.1999969482422,173.02000427246094,174.91000366210938,171.94381713867188,850900,0.0,0.0
2025-01-23 00:00:00-05:00,175.8800048828125,177.0,169.42999267578125,170.27999877929688,167.392333984375,1656100,0.0,0.0
2025-01-24 00:00:00-05:00,169.74000549316406,171.05999755859375,169.0399932861328,169.9600067138672,167.07777404785156,1112200,0.0,0.0
2025-01-27 00:00:00-05:00,170.64999389648438,174.27999877929688,170.33999633789062,174.0800018310547,171.1278839111328,994000,0.0,0.0
2025-01-28 00:00:00-05:00,173.55999755859375,176.36000061035156,172.33999633789062,172.66000366210938,169.73196411132812,755000,0.0,0.0
2025-01-29 00:00:00-05:00,172.22999572753906,174.27999877929688,171.08999633789062,171.92999267578125,169.01434326171875,619500,0.0,0.0
2025-01-30 00:00:00-05:00,171.7899932861328,174.08999633789062,170.97000122070312,173.36000061035156,170.4200897216797,695400,0.0,0.0
2025-01-31 00:00:00-05:00,172.89999389648438,175.05999755859375,170.85000610351562,171.22000122070312,168.31639099121094,1401300,0.0,0.0
2025-02-03 00:00:00-05:00,168.75,170.89999389648438,166.0500030517578,167.3000030517578,164.46287536621094,1036200,0.0,0.0
2025-02-04 00:00:00-05:00,167.02999877929688,170.36000061035156,167.02999877929688,168.97000122070312,166.10455322265625,664000,0.0,0.0
2025-02-05 00:00:00-05:00,169.6199951171875,170.8000030517578,168.5,170.47999572753906,167.5889434814453,1026500,0.0,0.0
2025-02-06 00:00:00-05:00,172.16000366210938,173.97000122070312,168.85000610351562,169.02999877929688,166.16351318359375,493700,0.0,0.0
2025-02-07 00:00:00-05:00,168.67999267578125,169.00999450683594,165.8300018310547,166.14999389648438,163.75863647460938,576800,0.44,0.0
2025-02-10 00:00:00-05:00,167.36000061035156,168.36000061035156,165.3699951171875,167.10000610351562,164.6949920654297,724100,0.0,0.0
2025-02-11 00:00:00-05:00,165.72999572753906,167.69000244140625,165.3300018310547,167.5,165.0892333984375,653400,0.0,0.0
2025-02-12 00:00:00-05:00,164.3300018310547,166.61000061035156,164.0500030517578,164.6300048828125,162.26052856445312,555400,0.0,0.0
2025-02-13 00:00:00-05:00,165.3000030517578,166.27000427246094,163.4499969482422,165.4600067138672,163.07858276367188,622500,0.0,0.0
2025-02-14 00:00:00-05:00,165.41000366210938,170.85000610351562,165.41000366210938,169.97999572753906,167.5335235595703,860400,0.0,0.0
2025-02-18 00:00:00-05:00,170.8800048828125,174.4499969482422,169.08999633789062,174.25999450683594,171.751953125,1058900,0.0,0.0
2025-02-19 00:00:00-05:00,172.11000061035156,172.4199981689453,167.00999450683594,169.25,166.81402587890625,1131700,0.0,0.0
2025-02-20 00:00:00-05:00,169.0,170.4600067138672,166.9600067138672,168.5399932861328,166.11424255371094,705800,0.0,0.0
2025-02-21 00:00:00-05:00,169.07000732421875,169.07000732421875,161.13999938964844,167.7100067138672,165.29620361328125,1116000,0.0,0.0
2025-02-24 00:00:00-05:00,167.8699951171875,168.0500030517578,162.44000244140625,162.69000244140625,160.34844970703125,925900,0.0,0.0
2025-02-25 00:00:00-05:00,162.8000030517578,163.3800048828125,159.25999450683594,160.69000244140625,158.3772430419922,943900,0.0,0.0
2025-02-26 00:00:00-05:00,159.55999755859375,162.02000427246094,158.67999267578125,160.32000732421875,158.0125732421875,970600,0.0,0.0
2025-02-27 00:00:00-05:00,160.24000549316406,161.39999389648438,158.47000122070312,158.89999389648438,156.61300659179688,762100,0.0,0.0
2025-02-28 00:00:00-05:00,159.22999572753906,162.10000610351562,158.92999267578125,161.19000244140625,158.8700408935547,657500,0.0,0.0
2025-03-03 00:00:00-05:00,162.00999450683594,163.0,157.52000427246094,157.82000732421875,155.54855346679688,835500,0.0,0.0
2025-03-04 00:00:00-05:00,162.05999755859375,162.05999755859375,155.6699981689453,157.6199951171875,155.35142517089844,1025900,0.0,0.0
2025-03-05 00:00:00-05:00,156.77999877929688,160.2100067138672,156.5500030517578,160.0399932861328,157.73658752441406,1084300,0.0,0.0
2025-03-06 00:00:00-05:00,159.38999938964844,162.67999267578125,158.7899932861328,162.25999450683594,159.9246368408203,743500,0.0,0.0
2025-03-07 00:00:00-05:00,161.38999938964844,164.35000610351562,159.64999389648438,163.4499969482422,161.0975341796875,980200,0.0,0.0
2025-03-10 00:00:00-04:00,163.02999877929688,164.5399932861328,158.99000549316406,160.2100067138672,157.9041748046875,845400,0.0,0.0
2025-03-11 00:00:00-04:00,160.66000366210938,160.67999267578125,153.89999389648438,154.17999267578125,151.9609375,898700,0.0,0.0
2025-03-12 00:00:00-04:00,154.55999755859375,155.25,151.60000610351562,154.4499969482422,152.22705078125,795500,0.0,0.0
2025-03-13 00:00:00-04:00,154.02000427246094,154.4199981689453,149.2899932861328,149.42999267578125,147.279296875,1124500,0.0,0.0
2025-03-14 00:00:00-04:00,151.5399932861328,151.5399932861328,147.0,149.0,146.85549926757812,1660700,0.0,0.0
2025-03-17 00:00:00-04:00,148.08999633789062,150.89999389648438,147.57000732421875,149.4600067138672,147.30886840820312,1426200,0.0,0.0
2025-03-18 00:00:00-04:00,149.83999633789062,149.83999633789062,145.83999633789062,147.1300048828125,145.0124053955078,1466600,0.0,0.0
2025-03-19 00:00:00-04:00,147.75,147.92999267578125,144.89999389648438,147.0500030517578,144.93356323242188,1295300,0.0,0.0
2025-03-20 00:00:00-04:00,147.3800048828125,148.7899932861328,146.0800018310547,147.5,145.3770751953125,1081900,0.0,0.0
2025-03-21 00:00:00-04:00,146.44000244140625,148.97000122070312,144.33999633789062,148.5500030517578,146.41197204589844,1121700,0.0,0.0
2025-03-24 00:00:00-04:00,150.19000244140625,152.2100067138672,148.52999877929688,152.02000427246094,149.83203125,974600,0.0,0.0
2025-03-25 00:00:00-04:00,152.55999755859375,152.8000030517578,148.9600067138672,149.9499969482422,147.79180908203125,972100,0.0,0.0
2025-03-26 00:00:00-04:00,147.58999633789062,152.33999633789062,147.57000732421875,151.38999938964844,149.2111053466797,2268800,0.0,0.0
2025-03-27 00:00:00-04:00,151.5399932861328,151.88999938964844,149.67999267578125,150.8000030517578,148.6295928955078,1043200,0.0,0.0
2025-03-28 00:00:00-04:00,151.00999450683594,151.00999450683594,145.75999450683594,146.1199951171875,144.01693725585938,794900,0.0,0.0
2025-03-31 00:00:00-04:00,145.0,149.36000061035156,144.77999877929688,147.9499969482422,145.8206024169922,912300,0.0,0.0
2025-04-01 00:00:00-04:00,146.91000366210938,149.99000549316406,145.0,149.72000122070312,147.5651092529297,774800,0.0,0.0
2025-04-02 00:00:00-04:00,148.00999450683594,152.97000122070312,147.49000549316406,152.77999877929688,150.58108520507812,847800,0.0,0.0
2025-04-03 00:00:00-04:00,146.27000427246094,146.27000427246094,135.4199981689453,136.22999572753906,134.26927185058594,1704500,0.0,0.0
2025-04-04 00:00:00-04:00,134.17999267578125,136.8000030517578,127.3499984741211,134.66000366210938,132.72189331054688,2230400,0.0,0.0
2025-04-07 00:00:00-04:00,133.19000244140625,140.58999633789062,128.08999633789062,132.07000732421875,130.16915893554688,1788800,0.0,0.0
2025-04-08 00:00:00-04:00,136.58999633789062,136.9600067138672,127.52999877929688,129.4600067138672,127.59671783447266,1044900,0.0,0.0
2025-04-09 00:00:00-04:00,128.22000122070312,143.3699951171875,127.05000305175781,141.64999389648438,139.6112823486328,3089500,0.0,0.0
2025-04-10 00:00:00-04:00,140.47999572753906,140.8000030517578,131.52000427246094,134.33999633789062,132.40647888183594,1405100,0.0,0.0
2025-04-11 00:00:00-04:00,133.9199981689453,134.32000732421875,128.8300018310547,132.8800048828125,130.96749877929688,1976800,0.0,0.0
2025-04-14 00:00:00-04:00,134.77999877929688,138.41000366210938,132.6300048828125,137.82000732421875,135.83641052246094,1620400,0.0,0.0
2025-04-15 00:00:00-04:00,137.8800048828125,139.00999450683594,133.6300048828125,135.11000061035156,133.1654052734375,1446200,0.0,0.0
2025-04-16 00:00:00-04:00,128.0,131.35000610351562,122.79000091552734,124.7300033569336,122.93479919433594,2965300,0.0,0.0
2025-04-17 00:00:00-04:00,126.06999969482422,130.14999389648438,125.73999786376953,129.22999572753906,127.3700180053711,1950100,0.0,0.0
2025-04-21 00:00:00-04:00,127.30000305175781,127.31999969482422,123.16000366210938,127.12000274658203,125.2904052734375,1683100,0.0,0.0
2025-04-22 00:00:00-04:00,128.2899932861328,129.52999877929688,126.62000274658203,128.52000427246094,126.67025756835938,1498500,0.0,0.0
2025-04-23 00:00:00-04:00,132.6199951171875,136.4499969482422,129.64999389648438,130.36000061035156,128.4837646484375,1856200,0.0,0.0
2025-04-24 00:00:00-04:00,129.2100067138672,133.39999389648438,128.35000610351562,132.97999572753906,131.0660400390625,1200100,0.0,0.0
2025-04-25 00:00:00-04:00,130.82000732421875,131.22999572753906,128.36000061035156,129.72999572753906,127.86283111572266,1960400,0.0,0.0
2025-04-28 00:00:00-04:00,130.1300048828125,132.07000732421875,129.64999389648438,130.9499969482422,129.06527709960938,1115500,0.0,0.0
2025-04-29 00:00:00-04:00,130.32000732421875,131.58999633789062,128.75999450683594,130.39999389648438,128.52317810058594,1118800,0.0,0.0
2025-04-30 00:00:00-04:00,128.19000244140625,130.8300018310547,126.05000305175781,130.5800018310547,128.70062255859375,1553800,0.0,0.0
2025-05-01 00:00:00-04:00,130.57000732421875,131.67999267578125,128.63999938964844,129.8000030517578,127.93181610107422,1770400,0.0,0.0
2025-05-02 00:00:00-04:00,131.9600067138672,134.91000366210938,131.0800018310547,133.57000732421875,131.64755249023438,1401900,0.0,0.0
2025-05-05 00:00:00-04:00,132.02999877929688,134.80999755859375,132.02999877929688,133.61000061035156,131.68699645996094,1595700,0.0,0.0
2025-05-06 00:00:00-04:00,132.0399932861328,133.00999450683594,130.6699981689453,130.8699951171875,128.98641967773438,863100,0.0,0.0
2025-05-07 00:00:00-04:00,131.52000427246094,133.69000244140625,131.52000427246094,132.9499969482422,131.03648376464844,1041100,0.0,0.0
2025-05-08 00:00:00-04:00,134.8000030517578,138.35000610351562,133.52999877929688,137.47999572753906,135.50128173828125,1773400,0.0,0.0
2025-05-09 00:00:00-04:00,137.0399932861328,138.6300048828125,134.91000366210938,135.52999877929688,134.00823974609375,1222600,0.44,0.0
2025-05-12 00:00:00-04:00,145.77000427246094,153.02000427246094,144.64999389648438,148.72000122070312,147.05014038085938,2835200,0.0,0.0
2025-05-13 00:00:00-04:00,149.3699951171875,150.3800048828125,147.2899932861328,147.32000732421875,145.66587829589844,1365600,0.0,0.0
2025-05-14 00:00:00-04:00,147.1199951171875,150.0,145.6199951171875,147.88999938964844,146.2294464111328,1153800,0.0,0.0
2025-05-15 00:00:00-04:00,147.1300048828125,148.27999877929688,146.3300018310547,147.86000061035156,146.1997833251953,730700,0.0,0.0
2025-05-16 00:00:00-04:00,147.5399932861328,148.7100067138672,146.77999877929688,148.0500030517578,146.38768005371094,849200,0.0,0.0
2025-05-19 00:00:00-04:00,145.89999389648438,146.52000427246094,144.94000244140625,146.24000549316406,144.59799194335938,791500,0.0,0.0
2025-05-20 00:00:00-04:00,145.4199981689453,147.16000366210938,144.27999877929688,145.02000427246094,143.39169311523438,957100,0.0,0.0
2025-05-21 00:00:00-04:00,143.2100067138672,143.5,139.0800018310547,139.3699951171875,137.80511474609375,1519900,0.0,0.0
2025-05-22 00:00:00-04:00,139.33999633789062,139.74000549316406,137.22000122070312,139.02999877929688,137.4689483642578,1727400,0.0,0.0
2025-05-23 00:00:00-04:00,136.47000122070312,138.19000244140625,136.42999267578125,137.4199981689453,135.87701416015625,793100,0.0,0.0
2025-05-27 00:00:00-04:00,139.66000366210938,140.8300018310547,137.97999572753906,140.0,138.42803955078125,830900,0.0,0.0
2025-05-28 00:00:00-04:00,140.30999755859375,140.97000122070312,138.52000427246094,138.63999938964844,137.08331298828125,578400,0.0,0.0
2025-05-29 00:00:00-04:00,139.6199951171875,140.42999267578125,137.6300048828125,140.0,138.42803955078125,1421400,0.0,0.0
2025-05-30 00:00:00-04:00,139.7899932861328,140.5399932861328,137.74000549316406,138.85000610351562,137.29098510742188,1193900,0.0,0.0
2025-06-02 00:00:00-04:00,137.0800018310547,137.2899932861328,135.1999969482422,136.64999389648438,135.11569213867188,1084500,0.0,0.0
2025-06-03 00:00:00-04:00,136.64999389648438,141.17999267578125,136.00999450683594,140.6300048828125,139.05099487304688,869900,0.0,0.0
2025-06-04 00:00:00-04:00,140.50999450683594,140.89999389648438,138.55999755859375,140.11000061035156,138.53683471679688,790300,0.0,0.0
2025-06-05 00:00:00-04:00,139.33999633789062,140.52000427246094,138.38999938964844,139.1199951171875,137.55792236328125,684600,0.0,0.0
2025-06-06 00:00:00-04:00,140.6999969482422,142.0,139.33999633789062,140.2100067138672,138.63571166992188,421800,0.0,0.0
2025-06-09 00:00:00-04:00,141.7100067138672,142.69000244140625,139.94000244140625,141.63999938964844,140.04965209960938,786600,0.0,0.0
2025-06-10 00:00:00-04:00,142.8699951171875,146.8000030517578,141.38999938964844,145.17999267578125,143.5498809814453,1111800,0.0,0.0
2025-06-11 00:00:00-04:00,145.67999267578125,146.00999450683594,140.75,140.89999389648438,139.3179473876953,740000,0.0,0.0
2025-06-12 00:00:00-04:00,139.89999389648438,141.2100067138672,138.19000244140625,140.9199981689453,139.33773803710938,601100,0.0,0.0
2025-06-13 00:00:00-04:00,139.14999389648438,141.05999755859375,139.07000732421875,139.85000610351562,138.27975463867188,833500,0.0,0.0
2025-06-16 00:00:00-04:00,141.3699951171875,143.22000122070312,140.19000244140625,142.49000549316406,140.89010620117188,944300,0.0,0.0
2025-06-17 00:00:00-04:00,141.24000549316406,142.74000549316406,138.60000610351562,139.08999633789062,137.52828979492188,957000,0.0,0.0
2025-06-18 00:00:00-04:00,139.0500030517578,140.60000610351562,138.08999633789062,139.00999450683594,137.44915771484375,1295200,0.0,0.0
2025-06-20 00:00:00-04:00,140.1199951171875,140.91000366210938,138.91000366210938,139.6300048828125,138.06222534179688,1876500,0.0,0.0
2025-06-23 00:00:00-04:00,139.72999572753906,142.80999755859375,138.91000366210938,142.69000244140625,141.0878448486328,1081200,0.0,0.0
2025-06-24 00:00:00-04:00,143.6699981689453,144.74000549316406,142.97000122070312,143.42999267578125,141.8195343017578,1025900,0.0,0.0
2025-06-25 00:00:00-04:00,143.27999877929688,143.50999450683594,141.77000427246094,142.74000549316406,141.13731384277344,496100,0.0,0.0
2025-06-26 00:00:00-04:00,143.0399932861328,144.11000061035156,142.3000030517578,143.27999877929688,141.6712188720703,516800,0.0,0.0
2025-06-27 00:00:00-04:00,143.89999389648438,145.86000061035156,143.83999633789062,145.33999633789062,143.70809936523438,900800,0.0,0.0
2025-06-30 00:00:00-04:00,145.33999633789062,145.8699951171875,143.38999938964844,143.60000610351562,141.98764038085938,1060700,0.0,0.0
2025-07-01 00:00:00-04:00,143.77999877929688,154.22000122070312,143.3800048828125,151.0800018310547,149.38363647460938,1414300,0.0,0.0
2025-07-02 00:00:00-04:00,151.14999389648438,153.6199951171875,150.49000549316406,153.02000427246094,151.3018798828125,919000,0.0,0.0
2025-07-03 00:00:00-04:00,153.1999969482422,154.0,151.74000549316406,152.8800048828125,151.1634521484375,478000,0.0,0.0
2025-07-07 00:00:00-04:00,151.4600067138672,153.47999572753906,148.55999755859375,149.55999755859375,147.88072204589844,781000,0.0,0.0
2025-07-08 00:00:00-04:00,149.89999389648438,154.2899932861328,149.89999389648438,153.0500030517578,151.33152770996094,888900,0.0,0.0
2025-07-09 00:00:00-04:00,153.67999267578125,154.63999938964844,152.1999969482422,152.6699981689453,150.95579528808594,913900,0.0,0.0
2025-07-10 00:00:00-04:00,152.80999755859375,157.85000610351562,151.99000549316406,154.66000366210938,152.92344665527344,891100,0.0,0.0
2025-07-11 00:00:00-04:00,153.85000610351562,154.5399932861328,152.00999450683594,153.57000732421875,151.84568786621094,884700,0.0,0.0
2025-07-14 00:00:00-04:00,152.19000244140625,153.3300018310547,150.32000732421875,152.1999969482422,150.49107360839844,885100,0.0,0.0
2025-07-15 00:00:00-04:00,152.85000610351562,153.2899932861328,148.5,148.86000061035156,147.18856811523438,1781500,0.0,0.0
2025-07-16 00:00:00-04:00,157.83999633789062,157.86000061035156,149.27999877929688,151.44000244140625,149.73960876464844,2429900,0.0,0.0
2025-07-17 00:00:00-04:00,151.6300048828125,153.66000366210938,150.94000244140625,152.69000244140625,150.97557067871094,1280800,0.0,0.0
2025-07-18 00:00:00-04:00,154.63999938964844,154.72000122070312,147.16000366210938,148.88999938964844,147.21824645996094,1636600,0.0,0.0
2025-07-21 00:00:00-04:00,148.9499969482422,150.9499969482422,146.94000244140625,147.60000610351562,145.94273376464844,1133000,0.0,0.0
2025-07-22 00:00:00-04:00,148.47000122070312,152.64999389648438,148.1699981689453,151.92999267578125,150.22409057617188,987200,0.0,0.0
2025-07-23 00:00:00-04:00,153.0399932861328,153.33999633789062,149.66000366210938,149.83999633789062,148.15756225585938,1362100,0.0,0.0
2025-07-24 00:00:00-04:00,149.6699981689453,150.8000030517578,147.3699951171875,149.72999572753906,148.04879760742188,1188600,0.0,0.0
2025-07-25 00:00:00-04:00,150.89999389648438,152.19000244140625,147.6699981689453,149.30999755859375,147.63351440429688,980500,0.0,0.0
2025-07-28 00:00:00-04:00,149.16000366210938,150.9600067138672,147.22999572753906,148.38999938964844,146.72384643554688,1100800,0.0,0.0
2025-07-29 00:00:00-04:00,148.1999969482422,149.60000610351562,146.47999572753906,146.77999877929688,145.13194274902344,1206600,0.0,0.0
2025-07-30 00:00:00-04:00,146.8800048828125,147.13999938964844,142.5500030517578,143.8699951171875,142.25460815429688,1148000,0.0,0.0
2025-07-31 00:00:00-04:00,142.75999450683594,145.6300048828125,142.72000122070312,144.0500030517578,142.4325714111328,1128600,0.0,0.0
2025-08-01 00:00:00-04:00,142.5,142.6999969482422,138.67999267578125,139.55999755859375,137.9929962158203,1173900,0.0,0.0
2025-08-04 00:00:00-04:00,139.85000610351562,142.3699951171875,139.08999633789062,142.05999755859375,140.4649200439453,905000,0.0,0.0
2025-08-05 00:00:00-04:00,142.8300018310547,143.60000610351562,141.10000610351562,143.24000549316406,141.63168334960938,689800,0.0,0.0
2025-08-06 00:00:00-04:00,143.66000366210938,144.47000122070312,142.44000244140625,143.50999450683594,141.89866638183594,823900,0.0,0.0
2025-08-07 00:00:00-04:00,144.36000061035156,144.52999877929688,139.82000732421875,140.3300018310547,138.75433349609375,927100,0.0,0.0
2025-08-08 00:00:00-04:00,140.5399932861328,141.5,139.11000061035156,139.44000244140625,138.30799865722656,990300,0.44,0.0
2025-08-11 00:00:00-04:00,139.30999755859375,140.57000732421875,136.4199981689453,137.77999877929688,136.66148376464844,1022400,0.0,0.0
2025-08-12 00:00:00-04:00,139.3000030517578,143.0,138.63999938964844,142.8300018310547,141.67050170898438,1139300,0.0,0.0
2025-08-13 00:00:00-04:00,143.1699981689453,146.07000732421875,142.19000244140625,145.85000610351562,144.6659698486328,1002000,0.0,0.0
2025-08-14 00:00:00-04:00,143.97000122070312,144.74000549316406,142.1699981689453,144.4499969482422,143.27731323242188,745000,0.0,0.0
2025-08-15 00:00:00-04:00,145.36000061035156,145.47999572753906,143.22000122070312,143.4499969482422,142.2854461669922,544600,0.0,0.0
2025-08-18 00:00:00-04:00,143.5500030517578,144.38999938964844,142.1300048828125,142.52000427246094,141.3629913330078,507300,0.0,0.0
2025-08-19 00:00:00-04:00,144.9600067138672,149.80999755859375,142.67999267578125,147.22999572753906,146.03475952148438,1082200,0.0,0.0
2025-08-20 00:00:00-04:00,146.7100067138672,146.88999938964844,142.4199981689453,142.52999877929688,141.3729248046875,991000,0.0,0.0
2025-08-21 00:00:00-04:00,141.32000732421875,143.5399932861328,140.74000549316406,143.39999389648438,142.23583984375,1216800,0.0,0.0
2025-08-22 00:00:00-04:00,143.55999755859375,152.0,143.1699981689453,150.13999938964844,148.921142578125,1224700,0.0,0.0
2025-08-25 00:00:00-04:00,149.02999877929688,149.10000610351562,142.69000244140625,142.75,141.59112548828125,2156000,0.0,0.0
2025-08-26 00:00:00-04:00,141.97999572753906,144.4499969482422,140.7899932861328,144.32000732421875,143.1483917236328,1399300,0.0,0.0
2025-08-27 00:00:00-04:00,144.0399932861328,146.63999938964844,143.60000610351562,145.7899932861328,144.60646057128906,1211700,0.0,0.0
2025-08-28 00:00:00-04:00,146.05999755859375,147.02999877929688,142.9199981689453,143.97999572753906,142.81112670898438,1213400,0.0,0.0
2025-08-29 00:00:00-04:00,143.77000427246094,145.41000366210938,143.35000610351562,144.99000549316406,143.8129425048828,785400,0.0,0.0
2025-09-02 00:00:00-04:00,142.9600067138672,144.32000732421875,142.6300048828125,144.25,143.0789337158203,864000,0.0,0.0
2025-09-03 00:00:00-04:00,143.55999755859375,145.38999938964844,143.27000427246094,145.3800048828125,144.1997833251953,770900,0.0,0.0
2025-09-04 00:00:00-04:00,145.3300018310547,145.5,141.3000030517578,145.27999877929688,144.10060119628906,930400,0.0,0.0
2025-09-05 00:00:00-04:00,142.8699951171875,147.97000122070312,142.75,143.72999572753906,142.5631561279297,891800,0.0,0.0
2025-09-08 00:00:00-04:00,143.5399932861328,143.72999572753906,140.47999572753906,142.99000549316406,141.82919311523438,1445600,0.0,0.0
2025-09-09 00:00:00-04:00,142.86000061035156,142.86000061035156,140.35000610351562,141.0,139.8553466796875,694400,0.0,0.0
2025-09-10 00:00:00-04:00,140.33999633789062,141.25999450683594,135.69000244140625,136.94000244140625,135.82830810546875,1345600,0.0,0.0
2025-09-11 00:00:00-04:00,136.61000061035156,141.89999389648438,135.72999572753906,141.4499969482422,140.3016815185547,1084200,0.0,0.0
2025-09-12 00:00:00-04:00,141.36000061035156,141.36000061035156,137.75999450683594,137.92999267578125,136.81024169921875,652700,0.0,0.0
2025-09-15 00:00:00-04:00,138.44000244140625,138.44000244140625,135.77999877929688,136.35000610351562,135.24310302734375,1017000,0.0,0.0
2025-09-16 00:00:00-04:00,136.94000244140625,137.97999572753906,136.2100067138672,137.8000030517578,136.6813201904297,964000,0.0,0.0
2025-09-17 00:00:00-04:00,137.97999572753906,141.02999877929688,134.25,134.52000427246094,133.42794799804688,1799600,0.0,0.0
2025-09-18 00:00:00-04:00,135.94000244140625,136.25,133.8699951171875,135.05999755859375,133.9635467529297,1140000,0.0,0.0
2025-09-19 00:00:00-04:00,135.00999450683594,135.49000549316406,131.8800048828125,132.52000427246094,131.4441680908203,2214400,0.0,0.0
2025-09-22 00:00:00-04:00,132.52000427246094,132.52000427246094,130.39999389648438,130.64999389648438,129.58934020996094,1644800,0.0,0.0
2025-09-23 00:00:00-04:00,131.4600067138672,132.77000427246094,130.7899932861328,131.97999572753906,130.9085693359375,1066600,0.0,0.0
2025-09-24 00:00:00-04:00,131.2100067138672,133.38999938964844,130.9199981689453,132.8699951171875,131.7913360595703,1247700,0.0,0.0
2025-09-25 00:00:00-04:00,132.8699951171875,134.33999633789062,131.1300048828125,132.39999389648438,131.32516479492188,1047200,0.0,0.0
2025-09-26 00:00:00-04:00,132.61000061035156,134.82000732421875,130.1199951171875,134.4600067138672,133.36843872070312,2027700,0.0,0.0
2025-09-29 00:00:00-04:00,136.00999450683594,136.00999450683594,133.00999450683594,134.8000030517578,133.70565795898438,1106600,0.0,0.0
2025-09-30 00:00:00-04:00,134.02000427246094,134.52999877929688,131.7100067138672,134.1699981689453,133.08078002929688,1085300,0.0,0.0
2025-10-01 00:00:00-04:00,133.10000610351562,134.32000732421875,131.86000061035156,132.67999267578125,131.60287475585938,840700,0.0,0.0
2025-10-02 00:00:00-04:00,132.4199981689453,135.49000549316406,132.14999389648438,134.1999969482422,133.11053466796875,1277800,0.0,0.0
2025-10-03 00:00:00-04:00,134.52999877929688,139.8000030517578,134.52999877929688,137.9499969482422,136.83009338378906,1212100,0.0,0.0
2025-10-06 00:00:00-04:00,137.42999267578125,142.11000061035156,136.47999572753906,141.6699981689453,140.51988220214844,1150500,0.0,0.0
2025-10-07 00:00:00-04:00,141.19000244140625,142.32000732421875,138.22999572753906,140.0,138.8634490966797,1523200,0.0,0.0
2025-10-08 00:00:00-04:00,140.0500030517578,146.8699951171875,138.85000610351562,146.5500030517578,145.36029052734375,1448200,0.0,0.0
2025-10-09 00:00:00-04:00,147.52000427246094,148.63999938964844,142.5,142.6199951171875,141.46217346191406,1791100,0.0,0.0
2025-10-10 00:00:00-04:00,143.77999877929688,144.63999938964844,136.4600067138672,137.08999633789062,135.97706604003906,1578600,0.0,0.0
2025-10-13 00:00:00-04:00,137.82000732421875,139.24000549316406,137.27000427246094,138.1199951171875,136.9987030029297,1135100,0.0,0.0
2025-10-14 00:00:00-04:00,137.11000061035156,139.85000610351562,136.50999450683594,139.3699951171875,138.23855590820312,946200,0.0,0.0
2025-10-15 00:00:00-04:00,139.6199951171875,141.11000061035156,137.99000549316406,138.8300018310547,137.7029571533203,2240700,0.0,0.0
2025-10-16 00:00:00-04:00,162.99000549316406,169.7100067138672,158.8699951171875,169.57000732421875,168.1934051513672,6506000,0.0,0.0
2025-10-17 00:00:00-04:00,169.92999267578125,169.99000549316406,162.9600067138672,164.85000610351562,163.51173400878906,2979200,0.0,0.0
2025-10-20 00:00:00-04:00,166.42999267578125,167.88999938964844,164.63999938964844,165.49000549316406,164.1465301513672,1603600,0.0,0.0
2025-10-21 00:00:00-04:00,165.50999450683594,169.30999755859375,164.61000061035156,168.97999572753906,167.60818481445312,1182900,0.0,0.0
2025-10-22 00:00:00-04:00,169.11000061035156,170.3000030517578,167.35000610351562,168.52999877929688,167.16183471679688,1711200,0.0,0.0
2025-10-23 00:00:00-04:00,170.64999389648438,172.49000549316406,164.57000732421875,166.74000549316406,165.38638305664062,1782100,0.0,0.0
2025-10-24 00:00:00-04:00,168.3000030517578,169.1999969482422,164.89999389648438,165.11000061035156,163.7696075439453,1163900,0.0,0.0
2025-10-27 00:00:00-04:00,167.3300018310547,168.74000549316406,165.42999267578125,167.77000427246094,166.4080352783203,1147600,0.0,0.0
2025-10-28 00:00:00-04:00,168.02999877929688,168.74000549316406,165.86000061035156,166.55999755859375,165.20782470703125,994600,0.0,0.0
2025-10-29 00:00:00-04:00,166.33999633789062,171.52000427246094,166.33999633789062,168.8800048828125,167.50900268554688,1636700,0.0,0.0
2025-10-30 00:00:00-04:00,168.2100067138672,168.97999572753906,166.2100067138672,166.63999938964844,165.28720092773438,1093500,0.0,0.0
2025-10-31 00:00:00-04:00,164.89999389648438,169.1300048828125,163.7100067138672,168.86000061035156,167.48915100097656,1160800,0.0,0.0
2025-11-03 00:00:00-05:00,168.86000061035156,170.49000549316406,166.35000610351562,169.75,168.3719482421875,1153500,0.0,0.0
2025-11-04 00:00:00-05:00,169.75999450683594,173.97000122070312,168.99000549316406,172.63999938964844,171.2384796142578,2472300,0.0,0.0
2025-11-05 00:00:00-05:00,171.1699981689453,172.58999633789062,168.36000061035156,170.25,168.86788940429688,1099300,0.0,0.0
2025-11-06 00:00:00-05:00,169.32000732421875,170.14999389648438,166.47000122070312,169.02999877929688,167.65777587890625,1108900,0.0,0.0
2025-11-07 00:00:00-05:00,168.22000122070312,171.8800048828125,168.0500030517578,170.9600067138672,170.0146942138672,947400,0.44,0.0
2025-11-10 00:00:00-05:00,171.1300048828125,171.1300048828125,166.58999633789062,168.47999572753906,167.54840087890625,1134300,0.0,0.0
2025-11-11 00:00:00-05:00,168.25,169.52999877929688,165.0,168.02999877929688,167.10089111328125,1214400,0.0,0.0
2025-11-12 00:00:00-05:00,168.57000732421875,170.4600067138672,167.97999572753906,169.25999450683594,168.32408142089844,831000,0.0,0.0
2025-11-13 00:00:00-05:00,168.32000732421875,170.0399932861328,165.47999572753906,166.30999755859375,165.39039611816406,733400,0.0,0.0
2025-11-14 00:00:00-05:00,165.4600067138672,166.60000610351562,162.27000427246094,162.80999755859375,161.9097442626953,1722200,0.0,0.0
2025-11-17 00:00:00-05:00,162.75999450683594,163.30999755859375,159.00999450683594,160.3000030517578,159.41363525390625,1414400,0.0,0.0
2025-11-18 00:00:00-05:00,159.67999267578125,162.86000061035156,157.82000732421875,162.02999877929688,161.13406372070312,1364700,0.0,0.0
2025-11-19 00:00:00-05:00,161.47000122070312,163.25999450683594,159.77000427246094,159.9199981689453,159.03573608398438,918300,0.0,0.0
2025-11-20 00:00:00-05:00,161.5,162.3800048828125,158.14999389648438,158.9199981689453,158.04124450683594,1269900,0.0,0.0
2025-11-21 00:00:00-05:00,159.61000061035156,168.47000122070312,159.33999633789062,166.42999267578125,165.5097198486328,1780400,0.0,0.0
2025-11-24 00:00:00-05:00,165.6699981689453,167.52999877929688,165.25999450683594,166.64999389648438,165.728515625,1297800,0.0,0.0
2025-11-25 00:00:00-05:00,167.77999877929688,172.60000610351562,167.77000427246094,172.02999877929688,171.07876586914062,1103900,0.0,0.0
2025-11-26 00:00:00-05:00,171.60000610351562,175.5800018310547,171.2100067138672,173.39999389648438,172.44117736816406,852100,0.0,0.0
2025-11-28 00:00:00-05:00,174.00999450683594,175.17999267578125,173.0,173.9600067138672,172.9980926513672,339700,0.0,0.0
2025-12-01 00:00:00-05:00,173.5,180.7100067138672,172.7899932861328,179.72999572753906,178.73619079589844,1739800,0.0,0.0
2025-12-02 00:00:00-05:00,179.72999572753906,186.55999755859375,178.35000610351562,185.72999572753906,184.7030029296875,2614800,0.0,0.0
2025-12-03 00:00:00-05:00,185.8300018310547,190.8000030517578,185.5800018310547,187.9199981689453,186.8809051513672,1936400,0.0,0.0
2025-12-04 00:00:00-05:00,187.72999572753906,190.9499969482422,186.41000366210938,187.5399932861328,186.50299072265625,1596100,0.0,0.0
2025-12-05 00:00:00-05:00,187.24000549316406,189.1199951171875,186.14999389648438,188.41000366210938,187.36819458007812,813300,0.0,0.0
2025-12-08 00:00:00-05:00,190.2100067138672,191.8800048828125,189.16000366210938,189.88999938964844,188.8400115966797,1398500,0.0,0.0
2025-12-09 00:00:00-05:00,189.85000610351562,190.8699951171875,188.6300048828125,189.77000427246094,188.72067260742188,1128100,0.0,0.0
2025-12-10 00:00:00-05:00,189.5,199.4600067138672,189.5,198.1300048828125,197.03445434570312,1614900,0.0,0.0
2025-12-11 00:00:00-05:00,200.2100067138672,204.42999267578125,199.17999267578125,199.5500030517578,198.44659423828125,1802900,0.0,0.0
2025-12-12 00:00:00-05:00,200.38999938964844,201.74000549316406,196.5399932861328,198.67999267578125,197.58140563964844,1211600,0.0,0.0
2025-12-15 00:00:00-05:00,198.82000732421875,200.0,196.02000427246094,197.60000610351562,196.50738525390625,1143500,0.0,0.0
2025-12-16 00:00:00-05:00,199.1699981689453,199.5500030517578,195.7100067138672,196.75999450683594,195.67201232910156,947800,0.0,0.0
2025-12-17 00:00:00-05:00,195.8300018310547,197.27999877929688,193.77999877929688,194.10000610351562,193.0267333984375,954200,0.0,0.0
2025-12-18 00:00:00-05:00,195.85000610351562,198.3699951171875,193.1999969482422,196.4199981689453,195.3339080810547,1198500,0.0,0.0
2025-12-19 00:00:00-05:00,195.49000549316406,198.77000427246094,194.02000427246094,197.67999267578125,196.58694458007812,2096600,0.0,0.0
2025-12-22 00:00:00-05:00,198.7100067138672,200.4499969482422,197.2899932861328,199.5800018310547,198.4764404296875,691900,0.0,0.0
2025-12-23 00:00:00-05:00,199.27999877929688,200.2899932861328,195.9600067138672,197.02999877929688,195.94053649902344,856800,0.0,0.0
2025-12-24 00:00:00-05:00,197.55999755859375,198.94000244140625,196.47999572753906,198.2899932861328,197.19357299804688,280600,0.0,0.0
2025-12-26 00:00:00-05:00,197.24000549316406,198.49000549316406,196.9199981689453,198.27999877929688,197.18362426757812,349700,0.0,0.0
2025-12-29 00:00:00-05:00,198.41000366210938,198.9499969482422,197.35000610351562,197.5500030517578,196.45765686035156,473900,0.0,0.0
2025-12-30 00:00:00-05:00,197.25,197.77000427246094,195.9499969482422,196.2100067138672,195.12506103515625,686400,0.0,0.0
2025-12-31 00:00:00-05:00,196.2100067138672,196.86000061035156,194.10000610351562,194.33999633789062,193.26541137695312,623800,0.0,0.0
2026-01-02 00:00:00-05:00,194.44000244140625,197.25,193.5399932861328,196.77999877929688,195.69190979003906,714600,0.0,0.0
2026-01-05 00:00:00-05:00,197.2899932861328,203.36000061035156,196.57000732421875,202.02000427246094,200.90293884277344,957100,0.0,0.0
2026-01-06 00:00:00-05:00,202.44000244140625,206.69000244140625,201.57000732421875,205.5399932861328,204.40347290039062,1008500,0.0,0.0
2026-01-07 00:00:00-05:00,205.5399932861328,207.8300018310547,203.5399932861328,203.82000732421875,202.69300842285156,988800,0.0,0.0
2026-01-08 00:00:00-05:00,202.25999450683594,207.1699981689453,202.25999450683594,205.4199981689453,204.2841339111328,728000,0.0,0.0
2026-01-09 00:00:00-05:00,206.44000244140625,208.0,203.77000427246094,206.85000610351562,205.70623779296875,925100,0.0,0.0
2026-01-12 00:00:00-05:00,205.94000244140625,207.4600067138672,203.6999969482422,206.3300018310547,205.18910217285156,1071300,0.0,0.0
2026-01-13 00:00:00-05:00,206.55999755859375,208.1300048828125,204.66000366210938,205.1699981689453,204.03550720214844,806600,0.0,0.0
2026-01-14 00:00:00-05:00,203.99000549316406,206.4499969482422,203.0800018310547,205.80999755859375,204.67198181152344,876100,0.0,0.0
2026-01-15 00:00:00-05:00,206.69000244140625,208.7899932861328,205.32000732421875,206.52000427246094,205.3780517578125,1298400,0.0,0.0
2026-01-16 00:00:00-05:00,199.80999755859375,209.52999877929688,198.00999450683594,204.3800048828125,203.2498779296875,2760700,0.0,0.0
2026-01-20 00:00:00-05:00,202.5,204.36000061035156,199.42999267578125,203.5,202.374755859375,1113800,0.0,0.0
2026-01-21 00:00:00-05:00,205.19000244140625,211.25999450683594,204.32000732421875,209.6999969482422,208.54046630859375,1034100,0.0,0.0
2026-01-22 00:00:00-05:00,209.35000610351562,212.0,208.32000732421875,210.72999572753906,209.5647735595703,856000,0.0,0.0
2026-01-23 00:00:00-05:00,210.69000244140625,211.7100067138672,206.2100067138672,206.75,205.60678100585938,980300,0.0,0.0
2026-01-26 00:00:00-05:00,206.11000061035156,207.5800018310547,203.64999389648438,205.11000061035156,203.97586059570312,769500,0.0,0.0
2026-01-27 00:00:00-05:00,205.1699981689453,206.5500030517578,202.49000549316406,202.8800048828125,201.75819396972656,989000,0.0,0.0
2026-01-28 00:00:00-05:00,202.97999572753906,207.1999969482422,202.67999267578125,205.05999755859375,203.92611694335938,987500,0.0,0.0
2026-01-29 00:00:00-05:00,205.8800048828125,207.30999755859375,203.5800018310547,205.2100067138672,204.0753173828125,841600,0.0,0.0
2026-01-30 00:00:00-05:00,203.1699981689453,203.7100067138672,199.77999877929688,202.72000122070312,201.5990753173828,1721700,0.0,0.0
2026-02-02 00:00:00-05:00,202.86000061035156,211.8800048828125,201.83999633789062,211.7100067138672,210.53936767578125,1244600,0.0,0.0
2026-02-03 00:00:00-05:00,212.0399932861328,220.69000244140625,211.25,220.61000061035156,219.39013671875,1991200,0.0,0.0
2026-02-04 00:00:00-05:00,220.47999572753906,229.44000244140625,220.47999572753906,228.22000122070312,226.95806884765625,1982600,0.0,0.0
2026-02-05 00:00:00-05:00,225.5,228.60000610351562,223.7100067138672,225.25,224.00448608398438,1154100,0.0,0.0
2026-02-06 00:00:00-05:00,223.75999450683594,228.22000122070312,223.3699951171875,227.91000366210938,227.10350036621094,1065200,0.45,0.0
2026-02-09 00:00:00-05:00,227.6999969482422,227.74000549316406,222.8800048828125,226.27000427246094,225.4692840576172,945200,0.0,0.0
2026-02-10 00:00:00-05:00,225.13999938964844,230.91000366210938,225.13999938964844,229.0500030517578,228.2394561767578,1140300,0.0,0.0
2026-02-11 00:00:00-05:00,230.55999755859375,234.82000732421875,229.4199981689453,230.3800048828125,229.5647430419922,1225800,0.0,0.0
2026-02-12 00:00:00-05:00,231.8699951171875,234.39999389648438,208.86000061035156,218.72000122070312,217.94601440429688,3273400,0.0,0.0
2026-02-13 00:00:00-05:00,219.33999633789062,224.67999267578125,217.89999389648438,221.75999450683594,220.97523498535156,866300,0.0,0.0
2026-02-17 00:00:00-05:00,222.07000732421875,224.2899932861328,220.22000122070312,223.50999450683594,222.7190399169922,787300,0.0,0.0
2026-02-18 00:00:00-05:00,222.7899932861328,225.4499969482422,221.17999267578125,223.4499969482422,222.65927124023438,493300,0.0,0.0
2026-02-19 00:00:00-05:00,223.4499969482422,226.75,222.22999572753906,225.72000122070312,224.92123413085938,756800,0.0,0.0
2026-02-20 00:00:00-05:00,224.99000549316406,231.52999877929688,224.36000061035156,230.16000366210938,229.3455352783203,838000,0.0,0.0
2026-02-23 00:00:00-05:00,228.8300018310547,229.60000610351562,220.8300018310547,222.07000732421875,221.28416442871094,640800,0.0,0.0
2026-02-24 00:00:00-05:00,223.1199951171875,226.5500030517578,220.85000610351562,222.89999389648438,222.1112060546875,675800,0.0,0.0
2026-02-25 00:00:00-05:00,223.72000122070312,223.72000122070312,217.69000244140625,219.25,218.47412109375,559900,0.0,0.0
2026-02-26 00:00:00-05:00,220.32000732421875,230.32000732421875,216.0800018310547,228.22000122070312,227.41238403320312,886200,0.0,0.0
2026-02-27 00:00:00-05:00,226.44000244140625,233.97999572753906,224.0,233.41000366210938,232.5840301513672,1481100,0.0,0.0
2026-03-02 00:00:00-05:00,232.25,234.4499969482422,227.99000549316406,232.07000732421875,231.24876403808594,615800,0.0,0.0
2026-03-03 00:00:00-05:00,226.24000549316406,231.66000366210938,223.30999755859375,230.8699951171875,230.05299377441406,582800,0.0,0.0
2026-03-04 00:00:00-05:00,233.00999450683594,236.0,231.38999938964844,234.9199981689453,234.0886688232422,622700,0.0,0.0
2026-03-05 00:00:00-05:00,232.64999389648438,234.3000030517578,225.64999389648438,226.36000061035156,225.5589599609375,731700,0.0,0.0
2026-03-06 00:00:00-05:00,220.58999633789062,220.58999633789062,211.47000122070312,213.38999938964844,212.63487243652344,1605900,0.0,0.0
2026-03-09 00:00:00-04:00,211.63999938964844,217.83999633789062,206.42999267578125,217.4600067138672,216.6904754638672,1125200,0.0,0.0
2026-03-10 00:00:00-04:00,217.0,220.69000244140625,213.42999267578125,215.85000610351562,215.08616638183594,706700,0.0,0.0
2026-03-11 00:00:00-04:00,215.85000610351562,216.5399932861328,207.5399932861328,210.36000061035156,209.6156005859375,804600,0.0,0.0
2026-03-12 00:00:00-04:00,207.1999969482422,207.77000427246094,200.55999755859375,201.1300048828125,200.41824340820312,995200,0.0,0.0
2026-03-13 00:00:00-04:00,203.0,203.75999450683594,199.97999572753906,200.25,199.54136657714844,1198600,0.0,0.0
2026-03-16 00:00:00-04:00,202.89999389648438,205.0,201.63999938964844,202.72999572753906,202.01258850097656,894400,0.0,0.0
2026-03-17 00:00:00-04:00,204.05999755859375,205.6999969482422,193.94000244140625,200.1199951171875,199.41180419921875,1401500,0.0,0.0
2026-03-18 00:00:00-04:00,200.1199951171875,200.88999938964844,194.47000122070312,197.63999938964844,196.9405975341797,1812400,0.0,0.0
2026-03-19 00:00:00-04:00,195.1999969482422,201.32000732421875,195.1999969482422,200.1999969482422,199.49154663085938,949000,0.0,0.0
2026-03-20 00:00:00-04:00,200.1999969482422,201.5,195.97000122070312,199.92999267578125,199.2224884033203,1702100,0.0,0.0
2026-03-23 00:00:00-04:00,205.27999877929688,208.66000366210938,202.6199951171875,202.77999877929688,202.06240844726562,911100,0.0,0.0
2026-03-24 00:00:00-04:00,200.61000061035156,209.14999389648438,200.49000549316406,205.13999938964844,204.4140625,535600,0.0,0.0
2026-03-25 00:00:00-04:00,206.97999572753906,209.9199981689453,204.8300018310547,209.10000610351562,208.36004638671875,894400,0.0,0.0
2026-03-26 00:00:00-04:00,207.38999938964844,210.77000427246094,205.72000122070312,206.17999267578125,205.45037841796875,598300,0.0,0.0
2026-03-27 00:00:00-04:00,204.27999877929688,206.25,202.6999969482422,205.58999633789062,204.86245727539062,628400,0.0,0.0
2026-03-30 00:00:00-04:00,207.27000427246094,207.8000030517578,204.14999389648438,204.77000427246094,204.0453643798828,671400,0.0,0.0
2026-03-31 00:00:00-04:00,205.50999450683594,212.30999755859375,205.50999450683594,211.89999389648438,211.15013122558594,949500,0.0,0.0
2026-04-01 00:00:00-04:00,212.25,216.4499969482422,211.39999389648438,213.44000244140625,212.6846923828125,782900,0.0,0.0
2026-04-02 00:00:00-04:00,211.41000366210938,216.60000610351562,208.8699951171875,214.91000366210938,214.1494903564453,682200,0.0,0.0
2026-04-06 00:00:00-04:00,212.14999389648438,217.47999572753906,212.14999389648438,217.3699951171875,216.60076904296875,540600,0.0,0.0
2026-04-07 00:00:00-04:00,218.0399932861328,220.8699951171875,216.33999633789062,217.7100067138672,216.93959045410156,695300,0.0,0.0
2026-04-08 00:00:00-04:00,221.1300048828125,229.10000610351562,221.1300048828125,224.6300048828125,223.83509826660156,907300,0.0,0.0
2026-04-09 00:00:00-04:00,224.4199981689453,226.5500030517578,221.77000427246094,225.22000122070312,224.42300415039062,813100,0.0,0.0
2026-04-10 00:00:00-04:00,225.25,228.10000610351562,223.1199951171875,227.0399932861328,226.23654174804688,844400,0.0,0.0
2026-04-13 00:00:00-04:00,226.5,227.8300018310547,222.1699981689453,227.61000061035156,226.80455017089844,758300,0.0,0.0
2026-04-14 00:00:00-04:00,227.32000732421875,230.19000244140625,225.47999572753906,229.61000061035156,228.79745483398438,723700,0.0,0.0
2026-04-15 00:00:00-04:00,229.33999633789062,229.33999633789062,223.52000427246094,224.1699981689453,223.376708984375,1579700,0.0,0.0
2026-04-16 00:00:00-04:00,233.1999969482422,245.0800018310547,232.0,238.32000732421875,237.47665405273438,2564700,0.0,0.0
2026-04-17 00:00:00-04:00,239.0,247.9499969482422,238.49000549316406,245.0800018310547,244.2127227783203,1281100,0.0,0.0
2026-04-20 00:00:00-04:00,244.2899932861328,253.1999969482422,241.8300018310547,251.60000610351562,250.70965576171875,901400,0.0,0.0
2026-04-21 00:00:00-04:00,253.0399932861328,256.17999267578125,249.6199951171875,251.08999633789062,250.20144653320312,897400,0.0,0.0
2026-04-22 00:00:00-04:00,253.30999755859375,253.86000061035156,246.19000244140625,247.02999877929688,246.15582275390625,1013500,0.0,0.0
2026-04-23 00:00:00-04:00,248.52000427246094,255.42999267578125,248.52000427246094,253.7100067138672,252.81219482421875,832800,0.0,0.0
2026-04-24 00:00:00-04:00,253.7100067138672,253.7100067138672,247.3699951171875,248.58999633789062,247.71029663085938,614800,0.0,0.0
2026-04-27 00:00:00-04:00,248.72999572753906,251.52000427246094,245.94000244140625,250.16000366210938,249.27474975585938,679700,0.0,0.0
2026-04-28 00:00:00-04:00,251.1999969482422,251.60000610351562,247.66000366210938,251.2899932861328,250.40074157714844,834800,0.0,0.0
2026-04-29 00:00:00-04:00,250.91000366210938,253.0,243.0800018310547,246.30999755859375,245.43836975097656,834300,0.0,0.0
2026-04-30 00:00:00-04:00,247.92999267578125,252.47000122070312,243.24000549316406,251.52999877929688,250.639892578125,897800,0.0,0.0
2026-05-01 00:00:00-04:00,252.17999267578125,253.58999633789062,248.25,248.72999572753906,247.84979248046875,597800,0.0,0.0
2026-05-04 00:00:00-04:00,244.3800048828125,244.3800048828125,237.7100067138672,238.33999633789062,237.49656677246094,1189900,0.0,0.0
2026-05-05 00:00:00-04:00,240.25999450683594,244.38999938964844,240.11000061035156,243.0399932861328,242.179931640625,632400,0.0,0.0
2026-05-06 00:00:00-04:00,246.6300048828125,250.24000549316406,245.50999450683594,246.0500030517578,245.17929077148438,807600,0.0,0.0
2026-05-07 00:00:00-04:00,246.66000366210938,247.7899932861328,241.05999755859375,242.19000244140625,241.3329620361328,893500,0.0,0.0
2026-05-08 00:00:00-04:00,242.19000244140625,246.25,240.0,245.39999389648438,244.98678588867188,612400,0.45,0.0
2026-05-11 00:00:00-04:00,245.13999938964844,245.47000122070312,240.0,240.75,240.34461975097656,694500,0.0,0.0
2026-05-12 00:00:00-04:00,241.66000366210938,243.25,231.47999572753906,236.7899932861328,236.3912811279297,1290200,0.0,0.0
2026-05-13 00:00:00-04:00,236.97999572753906,239.77999877929688,236.19000244140625,237.8000030517578,237.3995819091797,915400,0.0,0.0
2026-05-14 00:00:00-04:00,239.47999572753906,257.1600036621094,235.19000244140625,254.66000366210938,254.231201171875,2214300,0.0,0.0
2026-05-15 00:00:00-04:00,252.0,263.239990234375,250.5,262.2099914550781,261.7684631347656,1916100,0.0,0.0
2026-05-18 00:00:00-04:00,260.8699951171875,264.2200012207031,259.6199951171875,261.4599914550781,261.0197448730469,930900,0.0,0.0
2026-05-19 00:00:00-04:00,258.9200134277344,261.3699951171875,253.86000061035156,256.5299987792969,256.0980529785156,883500,0.0,0.0
2026-05-20 00:00:00-04:00,256.70001220703125,264.9800109863281,256.17999267578125,262.8800048828125,262.4373474121094,932300,0.0,0.0
2026-05-21 00:00:00-04:00,257.57000732421875,261.1300048828125,253.97000122070312,259.2300109863281,258.79351806640625,750200,0.0,0.0
2026-05-22 00:00:00-04:00,259.4800109863281,260.239990234375,255.6199951171875,258.7699890136719,258.3342590332031,839400,0.0,0.0
2026-05-26 00:00:00-04:00,261.0799865722656,267.989990234375,260.0,267.6300048828125,267.1793518066406,588300,0.0,0.0
2026-05-27 00:00:00-04:00,269.0,273.0,266.9599914550781,270.8699951171875,270.4139099121094,608800,0.0,0.0
2026-05-28 00:00:00-04:00,269.4100036621094,274.0400085449219,266.42999267578125,272.5199890136719,272.06109619140625,522200,0.0,0.0
2026-05-29 00:00:00-04:00,270.3999938964844,277.8500061035156,270.2799987792969,276.42999267578125,275.96453857421875,1624000,0.0,0.0
2026-06-01 00:00:00-04:00,273.1199951171875,279.9200134277344,269.0400085449219,279.4599914550781,278.98944091796875,898700,0.0,0.0
2026-06-02 00:00:00-04:00,279.4599914550781,279.6000061035156,273.2300109863281,275.5899963378906,275.1259460449219,970800,0.0,0.0
2026-06-03 00:00:00-04:00,277.95001220703125,281.6199951171875,276.010009765625,280.04998779296875,279.57843017578125,809500,0.0,0.0
2026-06-04 00:00:00-04:00,282.8699951171875,284.0400085449219,279.82000732421875,283.30999755859375,282.83294677734375,546300,0.0,0.0
2026-06-05 00:00:00-04:00,285.3699951171875,289.95001220703125,279.1300048828125,284.95001220703125,284.47021484375,1146900,0.0,0.0
2026-06-08 00:00:00-04:00,286.1099853515625,289.260009765625,284.2900085449219,288.1700134277344,287.6847839355469,1360000,0.0,0.0
2026-06-09 00:00:00-04:00,288.95001220703125,293.5400085449219,278.6099853515625,287.19000244140625,286.7064208984375,974600,0.0,0.0
2026-06-10 00:00:00-04:00,276.8500061035156,286.4800109863281,270.8900146484375,280.75,280.2772521972656,1198000,0.0,0.0
2026-06-11 00:00:00-04:00,282.9800109863281,291.4100036621094,277.510009765625,289.1400146484375,288.65313720703125,683900,0.0,0.0
2026-06-12 00:00:00-04:00,292.1499938964844,292.44000244140625,287.0199890136719,289.3599853515625,288.87274169921875,551000,0.0,0.0
2026-06-15 00:00:00-04:00,290.4599914550781,293.5299987792969,281.6099853515625,283.1600036621094,282.6831970214844,868100,0.0,0.0
2026-06-16 00:00:00-04:00,282.19000244140625,284.1600036621094,276.6400146484375,279.82000732421875,279.3488464355469,1141600,0.0,0.0
2026-06-17 00:00:00-04:00,279.0899963378906,279.1700134277344,265.3699951171875,267.239990234375,266.7900085449219,1730300,0.0,0.0
2026-06-18 00:00:00-04:00,267.2699890136719,275.20001220703125,265.3699951171875,271.2200012207031,270.7633056640625,1943500,0.0,0.0
2026-06-22 00:00:00-04:00,272.8599853515625,277.1000061035156,266.8999938964844,273.4800109863281,273.01953125,1114100,0.0,0.0
2026-06-23 00:00:00-04:00,272.8800048828125,274.6600036621094,268.9800109863281,269.239990234375,268.78662109375,669900,0.0,0.0
2026-06-24 00:00:00-04:00,270.55999755859375,272.260009765625,267.1199951171875,269.05999755859375,268.60693359375,779000,0.0,0.0
2026-06-25 00:00:00-04:00,272.25,278.3699951171875,270.2300109863281,274.67999267578125,274.21746826171875,784600,0.0,0.0
2026-06-26 00:00:00-04:00,275.04998779296875,281.4100036621094,273.9100036621094,280.29998779296875,279.8280029296875,1357500,0.0,0.0
2026-06-29 00:00:00-04:00,280.0299987792969,288.3500061035156,279.0400085449219,287.8900146484375,287.4052429199219,876600,0.0,0.0
2026-06-30 00:00:00-04:00,287.6300048828125,291.3900146484375,283.92999267578125,289.42999267578125,288.942626953125,1037900,0.0,0.0
2026-07-01 00:00:00-04:00,289.42999267578125,294.9800109863281,285.9200134277344,290.07000732421875,289.5815734863281,1197900,0.0,0.0
2026-07-02 00:00:00-04:00,292.04998779296875,294.42999267578125,282.92999267578125,285.8299865722656,285.34869384765625,778600,0.0,0.0
2026-07-06 00:00:00-04:00,281.2099914550781,286.6600036621094,276.4800109863281,277.739990234375,277.2723083496094,644000,0.0,0.0
2026-07-07 00:00:00-04:00,277.7099914550781,280.4100036621094,273.2099914550781,275.0,274.5369567871094,855100,0.0,0.0
2026-07-08 00:00:00-04:00,275.6499938964844,276.989990234375,269.3900146484375,276.45001220703125,275.9845275878906,814700,0.0,0.0
2026-07-09 00:00:00-04:00,278.510009765625,286.07000732421875,278.5,282.6099853515625,282.1341247558594,1060800,0.0,0.0
2026-07-10 00:00:00-04:00,287.70001220703125,288.0299987792969,277.1000061035156,279.9599914550781,279.48858642578125,870700,0.0,0.0
2026-07-13 00:00:00-04:00,282.8900146484375,286.2699890136719,279.25,283.0,282.5234680175781,975300,0.0,0.0
2026-07-14 00:00:00-04:00,286.6400146484375,286.6400146484375,278.8599853515625,280.8699951171875,280.3970642089844,830600,0.0,0.0
2026-07-15 00:00:00-04:00,280.0,281.239990234375,272.29998779296875,276.2799987792969,275.8147888183594,1502600,0.0,0.0
2026-07-16 00:00:00-04:00,296.0,299.760009765625,286.75,298.4100036621094,297.90753173828125,2470600,0.0,0.0
2026-07-17 00:00:00-04:00,296.3900146484375,298.1000061035156,289.17999267578125,291.4100036621094,290.9193115234375,1550100,0.0,0.0
2026-07-20 00:00:00-04:00,291.1400146484375,293.07000732421875,286.94000244140625,290.6099853515625,290.1206359863281,1130200,0.0,0.0
2026-07-21 00:00:00-04:00,292.8900146484375,294.7099914550781,287.45001220703125,293.260009765625,292.7662048339844,1047700,0.0,0.0
2026-07-22 00:00:00-04:00,291.1499938964844,294.1400146484375,290.54998779296875,292.239990234375,291.7478942871094,1036500,0.0,0.0
2026-07-23 00:00:00-04:00,293.239990234375,294.0,286.3800048828125,289.3699951171875,288.88275146484375,1048400,0.0,0.0
2026-07-24 00:00:00-04:00,289.3699951171875,293.0299987792969,286.5299987792969,288.29998779296875,287.8145446777344,593400,0.0,0.0
2026-07-27 00:00:00-04:00,287.70001220703125,289.25,276.4200134277344,280.9599914550781,280.4869079589844,1238500,0.0,0.0
2026-07-28 00:00:00-04:00,281.1300048828125,281.9800109863281,276.3699951171875,277.6199951171875,277.15252685546875,1176000,0.0,0.0
2026-07-29 00:00:00-04:00,276.5899963378906,277.8699951171875,268.4700012207031,276.1400146484375,275.675048828125,1346100,0.0,0.0
2026-07-30 00:00:00-04:00,279.6499938964844,279.6499938964844,264.489990234375,269.2099914550781,268.7566833496094,1115400,0.0,0.0
2026-07-31 00:00:00-04:00,270.8299865722656,274.7200012207031,269.25,271.75,271.29241943359375,888400,0.0,0.0
2026-08-03 00:00:00-04:00,271.95001220703125,273.3800048828125,265.67999267578125,266.9100036621094,266.4605712890625,847700,0.0,0.0
2026-08-04 00:00:00-04:00,269.55999755859375,275.07000732421875,266.9700012207031,274.4800109863281,274.017822265625,860100,0.0,0.0
2026-08-05 00:00:00-04:00,274.6700134277344,275.7799987792969,272.2699890136719,272.6600036621094,272.2008972167969,637300,0.0,0.0
2026-08-06 00:00:00-04:00,272.55999755859375,275.0899963378906,267.0299987792969,267.25,266.79998779296875,492800,0.0,0.0
2026-08-07 00:00:00-04:00,266.3399963378906,270.739990234375,265.29998779296875,268.5199890136719,268.5199890136719,599300,0.45,0.0
2026-08-10 00:00:00-04:00,266.5799865722656,272.1499938964844,265.3500061035156,266.1400146484375,266.1400146484375,574500,0.0,0.0
2026-08-11 00:00:00-04:00,264.0,268.0299987792969,261.2799987792969,265.3800048828125,265.3800048828125,961800,0.0,0.0
2026-08-12 00:00:00-04:00,265.9800109863281,279.3599853515625,265.42999267578125,275.9599914550781,275.9599914550781,1096500,0.0,0.0
2026-08-13 00:00:00-04:00,277.82000732421875,283.82000732421875,277.25,282.32000732421875,282.32000732421875,1132900,0.0,0.0
2026-08-14 00:00:00-04:00,279.8699951171875,285.7099914550781,278.82000732421875,279.7099914550781,279.7099914550781,719300,0.0,0.0
