Date,Open,High,Low,Close,Adj Close,Volume,Dividends,Stock Splits
2015-01-02 00:00:00-05:00,47.689998626708984,47.939998626708984,46.93000030517578,47.689998626708984,41.763816833496094,477500,0.0,0.0
2015-01-05 00:00:00-05:00,47.43000030517578,47.59000015258789,46.79999923706055,47.2400016784668,41.369720458984375,814100,0.0,0.0
2015-01-06 00:00:00-05:00,47.599998474121094,49.54999923706055,47.540000915527344,48.61000061035156,42.56948471069336,1961000,0.0,0.0
2015-01-07 00:00:00-05:00,48.880001068115234,49.790000915527344,48.439998626708984,49.720001220703125,43.54153823852539,1257700,0.0,0.0
2015-01-08 00:00:00-05:00,50.060001373291016,51.27000045776367,49.68000030517578,51.220001220703125,44.85514450073242,1287600,0.0,0.0
2015-01-09 00:00:00-05:00,51.34000015258789,52.09000015258789,51.27000045776367,51.970001220703125,45.511959075927734,910700,0.0,0.0
2015-01-12 00:00:00-05:00,52.0099983215332,52.4900016784668,51.7599983215332,51.939998626708984,45.48567199707031,500800,0.0,0.0
2015-01-13 00:00:00-05:00,52.70000076293945,54.88999938964844,52.41999816894531,54.04999923706055,47.33348083496094,1687800,0.0,0.0
2015-01-14 00:00:00-05:00,53.630001068115234,53.93000030517578,53.0099983215332,53.70000076293945,47.026973724365234,856200,0.0,0.0
2015-01-15 00:00:00-05:00,53.72999954223633,53.72999954223633,52.66999816894531,52.900001525878906,46.32638931274414,629200,0.0,0.0
2015-01-16 00:00:00-05:00,52.81999969482422,54.099998474121094,52.540000915527344,54.060001373291016,47.342227935791016,395700,0.0,0.0
2015-01-20 00:00:00-05:00,54.04999923706055,54.470001220703125,53.040000915527344,53.70000076293945,47.026973724365234,815400,0.0,0.0
2015-01-21 00:00:00-05:00,53.41999816894531,53.91999816894531,52.869998931884766,53.56999969482422,46.91312789916992,651900,0.0,0.0
2015-01-22 00:00:00-05:00,53.90999984741211,54.38999938964844,53.209999084472656,54.369998931884766,47.61371612548828,615600,0.0,0.0
2015-01-23 00:00:00-05:00,54.34000015258789,54.689998626708984,54.11000061035156,54.220001220703125,47.48234939575195,244700,0.0,0.0
2015-01-26 00:00:00-05:00,54.0,54.88999938964844,53.540000915527344,54.54999923706055,47.771339416503906,602600,0.0,0.0
2015-01-27 00:00:00-05:00,54.04999923706055,54.61000061035156,53.81999969482422,54.279998779296875,47.534889221191406,416200,0.0,0.0
2015-01-28 00:00:00-05:00,54.5,54.5,53.83000183105469,53.88999938964844,47.193359375,499200,0.0,0.0
2015-01-29 00:00:00-05:00,54.040000915527344,54.529998779296875,53.619998931884766,54.5,47.72756576538086,355800,0.0,0.0
2015-01-30 00:00:00-05:00,53.75,54.5,53.630001068115234,53.81999969482422,47.13206100463867,841600,0.0,0.0
2015-02-02 00:00:00-05:00,54.029998779296875,54.439998626708984,53.220001220703125,54.36000061035156,47.604957580566406,682500,0.0,0.0
2015-02-03 00:00:00-05:00,54.5,54.97999954223633,54.40999984741211,54.83000183105469,48.01655960083008,437500,0.0,0.0
2015-02-04 00:00:00-05:00,54.720001220703125,55.5,54.720001220703125,55.130001068115234,48.279273986816406,518800,0.0,0.0
2015-02-05 00:00:00-05:00,54.9900016784668,55.9900016784668,54.790000915527344,55.5,48.60329818725586,394300,0.0,0.0
2015-02-06 00:00:00-05:00,55.720001220703125,56.7599983215332,55.58000183105469,56.029998779296875,49.06742477416992,1078800,0.0,0.0
2015-02-09 00:00:00-05:00,55.970001220703125,56.95000076293945,55.88999938964844,56.90999984741211,49.83809280395508,835400,0.0,0.0
2015-02-10 00:00:00-05:00,57.099998474121094,57.16999816894531,56.540000915527344,56.97999954223633,49.89937210083008,786400,0.0,0.0
2015-02-11 00:00:00-05:00,56.959999084472656,57.15999984741211,56.4900016784668,56.58000183105469,49.54908752441406,643800,0.0,0.0
2015-02-12 00:00:00-05:00,56.709999084472656,57.540000915527344,56.54999923706055,57.20000076293945,50.09205627441406,623000,0.0,0.0
2015-02-13 00:00:00-05:00,57.06999969482422,57.43000030517578,57.0,57.20000076293945,50.09205627441406,945000,0.0,0.0
2015-02-17 00:00:00-05:00,57.02000045776367,57.470001220703125,57.02000045776367,57.349998474121094,50.22340393066406,603100,0.0,0.0
2015-02-18 00:00:00-05:00,57.0,57.31999969482422,56.56999969482422,57.31999969482422,50.35517883300781,831300,0.18,0.0
2015-02-19 00:00:00-05:00,57.31999969482422,57.88999938964844,57.310001373291016,57.79999923706055,50.776851654052734,449900,0.0,0.0
2015-02-20 00:00:00-05:00,57.720001220703125,58.09000015258789,57.29999923706055,58.029998779296875,50.97890853881836,396700,0.0,0.0
2015-02-23 00:00:00-05:00,58.08000183105469,58.119998931884766,57.5099983215332,57.61000061035156,50.60993576049805,424900,0.0,0.0
2015-02-24 00:00:00-05:00,57.720001220703125,57.90999984741211,57.40999984741211,57.650001525878906,50.645084381103516,328200,0.0,0.0
2015-02-25 00:00:00-05:00,57.720001220703125,57.72999954223633,57.150001525878906,57.22999954223633,50.2761116027832,408500,0.0,0.0
2015-02-26 00:00:00-05:00,57.290000915527344,57.290000915527344,56.70000076293945,56.790000915527344,49.88957977294922,592000,0.0,0.0
2015-02-27 00:00:00-05:00,56.77000045776367,57.150001525878906,56.08000183105469,56.11000061035156,49.29220199584961,747800,0.0,0.0
2015-03-02 00:00:00-05:00,56.2400016784668,57.65999984741211,56.130001068115234,57.56999969482422,50.57481384277344,504400,0.0,0.0
2015-03-03 00:00:00-05:00,57.529998779296875,57.54999923706055,57.220001220703125,57.31999969482422,50.35517883300781,346800,0.0,0.0
2015-03-04 00:00:00-05:00,57.220001220703125,57.34000015258789,56.650001525878906,56.779998779296875,49.88078689575195,507400,0.0,0.0
2015-03-05 00:00:00-05:00,56.650001525878906,56.95000076293945,55.18000030517578,55.400001525878906,48.6684684753418,1095800,0.0,0.0
2015-03-06 00:00:00-05:00,55.2599983215332,56.02000045776367,55.209999084472656,55.45000076293945,48.71238708496094,725200,0.0,0.0
2015-03-09 00:00:00-04:00,55.45000076293945,55.88999938964844,55.220001220703125,55.65999984741211,48.89688491821289,593300,0.0,0.0
2015-03-10 00:00:00-04:00,55.11000061035156,55.150001525878906,54.630001068115234,54.720001220703125,48.07111358642578,643400,0.0,0.0
2015-03-11 00:00:00-04:00,54.900001525878906,56.040000915527344,54.84000015258789,55.83000183105469,49.04621505737305,551600,0.0,0.0
2015-03-12 00:00:00-04:00,56.09000015258789,57.2400016784668,56.0099983215332,57.18000030517578,50.232173919677734,366000,0.0,0.0
2015-03-13 00:00:00-04:00,57.15999984741211,57.25,56.279998779296875,56.7400016784668,49.84565353393555,254700,0.0,0.0
2015-03-16 00:00:00-04:00,57.0,57.91999816894531,56.9900016784668,57.900001525878906,50.86470413208008,280900,0.0,0.0
2015-03-17 00:00:00-04:00,57.810001373291016,58.58000183105469,57.810001373291016,58.40999984741211,51.312740325927734,490600,0.0,0.0
2015-03-18 00:00:00-04:00,58.31999969482422,58.86000061035156,58.220001220703125,58.70000076293945,51.5674934387207,564400,0.0,0.0
2015-03-19 00:00:00-04:00,58.68000030517578,58.790000915527344,58.279998779296875,58.619998931884766,51.49721145629883,589400,0.0,0.0
2015-03-20 00:00:00-04:00,58.79999923706055,59.869998931884766,58.5099983215332,59.689998626708984,52.437191009521484,1147000,0.0,0.0
2015-03-23 00:00:00-04:00,59.689998626708984,60.18000030517578,59.18000030517578,60.18000030517578,52.867671966552734,526100,0.0,0.0
2015-03-24 00:00:00-04:00,60.15999984741211,60.15999984741211,59.63999938964844,59.779998779296875,52.51626968383789,524700,0.0,0.0
2015-03-25 00:00:00-04:00,59.959999084472656,60.189998626708984,59.2400016784668,59.31999969482422,52.112159729003906,1031700,0.0,0.0
2015-03-26 00:00:00-04:00,59.16999816894531,60.0099983215332,59.09000015258789,59.81999969482422,52.55141830444336,603100,0.0,0.0
2015-03-27 00:00:00-04:00,59.18000030517578,59.689998626708984,58.88999938964844,59.58000183105469,52.34056854248047,712200,0.0,0.0
2015-03-30 00:00:00-04:00,60.0,61.290000915527344,59.81999969482422,60.91999816894531,53.51775360107422,502300,0.0,0.0
2015-03-31 00:00:00-04:00,60.88999938964844,61.40999984741211,60.56999969482422,61.310001373291016,53.8603630065918,633000,0.0,0.0
2015-04-01 00:00:00-04:00,61.18000030517578,61.5099983215332,60.43000030517578,61.040000915527344,53.6231803894043,748700,0.0,0.0
2015-04-02 00:00:00-04:00,61.11000061035156,61.560001373291016,60.90999984741211,61.5099983215332,54.03605270385742,513000,0.0,0.0
2015-04-06 00:00:00-04:00,61.209999084472656,62.349998474121094,61.11000061035156,62.119998931884766,54.57194519042969,775100,0.0,0.0
2015-04-07 00:00:00-04:00,62.09000015258789,62.119998931884766,61.16999816894531,61.279998779296875,53.834022521972656,543600,0.0,0.0
2015-04-08 00:00:00-04:00,61.29999923706055,62.0099983215332,61.189998626708984,61.83000183105469,54.31718444824219,696200,0.0,0.0
2015-04-09 00:00:00-04:00,61.720001220703125,61.9900016784668,60.68000030517578,60.75,53.36842346191406,772700,0.0,0.0
2015-04-10 00:00:00-04:00,60.77000045776367,61.0,60.29999923706055,60.599998474121094,53.23662567138672,651200,0.0,0.0
2015-04-13 00:00:00-04:00,60.5099983215332,60.959999084472656,60.290000915527344,60.31999969482422,52.99064254760742,552600,0.0,0.0
2015-04-14 00:00:00-04:00,60.459999084472656,61.130001068115234,60.02000045776367,61.06999969482422,53.64952087402344,1538100,0.0,0.0
2015-04-15 00:00:00-04:00,61.099998474121094,61.099998474121094,60.68000030517578,61.0,53.588035583496094,1267400,0.0,0.0
2015-04-16 00:00:00-04:00,60.849998474121094,61.40999984741211,60.540000915527344,61.20000076293945,53.763736724853516,285600,0.0,0.0
2015-04-17 00:00:00-04:00,61.0,61.099998474121094,60.61000061035156,60.88999938964844,53.49139404296875,858300,0.0,0.0
2015-04-20 00:00:00-04:00,61.150001525878906,61.470001220703125,60.900001525878906,60.939998626708984,53.53532791137695,460600,0.0,0.0
2015-04-21 00:00:00-04:00,61.220001220703125,61.459999084472656,60.790000915527344,60.869998931884766,53.47384262084961,746500,0.0,0.0
2015-04-22 00:00:00-04:00,60.869998931884766,61.630001068115234,60.060001373291016,61.599998474121094,54.11513137817383,918700,0.0,0.0
2015-04-23 00:00:00-04:00,61.560001373291016,62.47999954223633,61.119998931884766,62.25,54.68613815307617,430600,0.0,0.0
2015-04-24 00:00:00-04:00,62.2599983215332,62.77000045776367,61.5,62.7400016784668,55.11660385131836,478600,0.0,0.0
2015-04-27 00:00:00-04:00,62.84000015258789,63.2400016784668,62.439998626708984,62.959999084472656,55.309879302978516,570200,0.0,0.0
2015-04-28 00:00:00-04:00,63.119998931884766,63.13999938964844,62.29999923706055,62.93000030517578,55.28352737426758,466300,0.0,0.0
2015-04-29 00:00:00-04:00,62.560001373291016,63.02000045776367,62.34000015258789,62.599998474121094,54.99361038208008,803200,0.0,0.0
2015-04-30 00:00:00-04:00,61.72999954223633,62.599998474121094,61.08000183105469,61.189998626708984,53.75494384765625,723900,0.0,0.0
2015-05-01 00:00:00-04:00,61.54999923706055,62.38999938964844,61.13999938964844,62.349998474121094,54.77398681640625,493500,0.0,0.0
2015-05-04 00:00:00-04:00,62.380001068115234,62.709999084472656,62.119998931884766,62.41999816894531,54.83548355102539,472100,0.0,0.0
2015-05-05 00:00:00-04:00,62.209999084472656,62.380001068115234,61.810001373291016,62.040000915527344,54.50164794921875,483000,0.0,0.0
2015-05-06 00:00:00-04:00,62.11000061035156,62.45000076293945,61.380001068115234,61.459999084472656,53.99212646484375,377900,0.0,0.0
2015-05-07 00:00:00-04:00,61.25,61.95000076293945,61.11000061035156,61.599998474121094,54.11513137817383,528800,0.0,0.0
2015-05-08 00:00:00-04:00,62.060001373291016,62.400001525878906,61.91999816894531,62.099998474121094,54.55437088012695,580300,0.0,0.0
2015-05-11 00:00:00-04:00,62.130001068115234,62.380001068115234,61.81999969482422,61.83000183105469,54.31718444824219,416800,0.0,0.0
2015-05-12 00:00:00-04:00,61.439998626708984,61.90999984741211,60.81999969482422,61.36000061035156,53.904293060302734,562800,0.0,0.0
2015-05-13 00:00:00-04:00,61.150001525878906,61.880001068115234,61.04999923706055,61.83000183105469,54.476993560791016,337100,0.18,0.0
2015-05-14 00:00:00-04:00,62.0,62.58000183105469,61.81999969482422,62.560001373291016,55.120182037353516,503800,0.0,0.0
2015-05-15 00:00:00-04:00,62.650001525878906,62.70000076293945,62.33000183105469,62.47999954223633,55.04967498779297,417400,0.0,0.0
2015-05-18 00:00:00-04:00,62.36000061035156,63.54999923706055,62.119998931884766,63.540000915527344,55.983619689941406,525500,0.0,0.0
2015-05-19 00:00:00-04:00,63.5,63.619998931884766,63.25,63.599998474121094,56.03647994995117,638400,0.0,0.0
2015-05-20 00:00:00-04:00,63.7599983215332,63.779998779296875,63.060001373291016,63.130001068115234,55.622398376464844,528300,0.0,0.0
2015-05-21 00:00:00-04:00,62.9900016784668,63.279998779296875,62.75,63.0099983215332,55.51667022705078,411300,0.0,0.0
2015-05-22 00:00:00-04:00,63.060001373291016,63.709999084472656,63.0,63.41999816894531,55.877906799316406,226600,0.0,0.0
2015-05-26 00:00:00-04:00,63.66999816894531,63.79999923706055,62.88999938964844,63.20000076293945,55.684059143066406,316200,0.0,0.0
2015-05-27 00:00:00-04:00,63.20000076293945,63.25,62.59000015258789,62.689998626708984,55.23470687866211,556300,0.0,0.0
2015-05-28 00:00:00-04:00,62.70000076293945,62.7599983215332,62.41999816894531,62.650001525878906,55.1994743347168,349200,0.0,0.0
2015-05-29 00:00:00-04:00,62.66999816894531,62.70000076293945,61.9900016784668,62.04999923706055,54.67083740234375,488000,0.0,0.0
2015-06-01 00:00:00-04:00,62.349998474121094,62.65999984741211,61.7400016784668,62.150001525878906,54.75892639160156,517800,0.0,0.0
2015-06-02 00:00:00-04:00,62.0099983215332,62.29999923706055,61.900001525878906,62.18000030517578,54.78535842895508,360200,0.0,0.0
2015-06-03 00:00:00-04:00,62.15999984741211,62.61000061035156,62.099998474121094,62.47999954223633,55.04967498779297,666700,0.0,0.0
2015-06-04 00:00:00-04:00,62.18000030517578,62.560001373291016,61.939998626708984,62.0,54.62675857543945,693100,0.0,0.0
2015-06-05 00:00:00-04:00,61.939998626708984,62.040000915527344,61.630001068115234,61.79999923706055,54.4505500793457,657100,0.0,0.0
2015-06-08 00:00:00-04:00,61.79999923706055,61.869998931884766,61.380001068115234,61.380001068115234,54.080501556396484,404200,0.0,0.0
2015-06-09 00:00:00-04:00,61.43000030517578,61.650001525878906,61.06999969482422,61.43000030517578,54.124549865722656,309200,0.0,0.0
2015-06-10 00:00:00-04:00,61.540000915527344,61.97999954223633,61.38999938964844,61.720001220703125,54.380062103271484,807300,0.0,0.0
2015-06-11 00:00:00-04:00,61.810001373291016,62.099998474121094,61.45000076293945,62.0,54.62675857543945,579000,0.0,0.0
2015-06-12 00:00:00-04:00,61.970001220703125,62.13999938964844,61.7400016784668,61.88999938964844,54.52985763549805,432900,0.0,0.0
2015-06-15 00:00:00-04:00,61.52000045776367,61.54999923706055,60.95000076293945,61.220001220703125,53.939537048339844,952500,0.0,0.0
2015-06-16 00:00:00-04:00,61.09000015258789,61.849998474121094,61.060001373291016,61.70000076293945,54.36244201660156,660000,0.0,0.0
2015-06-17 00:00:00-04:00,61.70000076293945,62.119998931884766,61.66999816894531,61.779998779296875,54.43292999267578,375900,0.0,0.0
2015-06-18 00:00:00-04:00,61.869998931884766,62.09000015258789,61.529998779296875,61.959999084472656,54.591529846191406,505100,0.0,0.0
2015-06-19 00:00:00-04:00,61.93000030517578,62.2400016784668,61.83000183105469,61.869998931884766,54.51223373413086,510900,0.0,0.0
2015-06-22 00:00:00-04:00,62.0,62.52000045776367,61.70000076293945,62.0,54.62675857543945,644900,0.0,0.0
2015-06-23 00:00:00-04:00,62.130001068115234,63.2400016784668,62.130001068115234,63.22999954223633,55.71049499511719,833400,0.0,0.0
2015-06-24 00:00:00-04:00,63.220001220703125,63.33000183105469,62.939998626708984,63.099998474121094,55.59596633911133,357900,0.0,0.0
2015-06-25 00:00:00-04:00,63.22999954223633,63.369998931884766,63.099998474121094,63.31999969482422,55.789791107177734,335400,0.0,0.0
2015-06-26 00:00:00-04:00,63.5099983215332,63.90999984741211,63.22999954223633,63.75,56.16865539550781,1506900,0.0,0.0
2015-06-29 00:00:00-04:00,63.119998931884766,63.43000030517578,61.77000045776367,61.790000915527344,54.44173812866211,483600,0.0,0.0
2015-06-30 00:00:00-04:00,62.15999984741211,62.29999923706055,61.529998779296875,61.54999923706055,54.230289459228516,601700,0.0,0.0
2015-07-01 00:00:00-04:00,62.119998931884766,62.529998779296875,61.97999954223633,62.209999084472656,54.811790466308594,663200,0.0,0.0
2015-07-02 00:00:00-04:00,62.29999923706055,62.369998931884766,61.7400016784668,62.02000045776367,54.6443977355957,370400,0.0,0.0
2015-07-06 00:00:00-04:00,61.40999984741211,62.20000076293945,61.349998474121094,62.11000061035156,54.72369384765625,489200,0.0,0.0
2015-07-07 00:00:00-04:00,62.02000045776367,63.0,61.310001373291016,62.90999984741211,55.42854309082031,702700,0.0,0.0
2015-07-08 00:00:00-04:00,62.380001068115234,62.4900016784668,61.529998779296875,61.689998626708984,54.3536376953125,762600,0.0,0.0
2015-07-09 00:00:00-04:00,62.36000061035156,62.369998931884766,61.83000183105469,62.22999954223633,54.829410552978516,596800,0.0,0.0
2015-07-10 00:00:00-04:00,62.91999816894531,63.90999984741211,62.81999969482422,63.790000915527344,56.203895568847656,492600,0.0,0.0
2015-07-13 00:00:00-04:00,64.16000366210938,64.48999786376953,63.900001525878906,64.13999938964844,56.51227569580078,416700,0.0,0.0
2015-07-14 00:00:00-04:00,64.23999786376953,64.52999877929688,64.0,64.51000213623047,56.83827590942383,776700,0.0,0.0
2015-07-15 00:00:00-04:00,64.62999725341797,65.11000061035156,64.51000213623047,64.80999755859375,57.10259246826172,401000,0.0,0.0
2015-07-16 00:00:00-04:00,65.04000091552734,66.33999633789062,64.93000030517578,66.23999786376953,58.362525939941406,453500,0.0,0.0
2015-07-17 00:00:00-04:00,66.18000030517578,66.25,65.66000366210938,66.0199966430664,58.16869354248047,386500,0.0,0.0
2015-07-20 00:00:00-04:00,65.9800033569336,66.54000091552734,65.94999694824219,66.36000061035156,58.4682731628418,323300,0.0,0.0
2015-07-21 00:00:00-04:00,66.2699966430664,66.52999877929688,66.06999969482422,66.30000305175781,58.41538619995117,668100,0.0,0.0
2015-07-22 00:00:00-04:00,66.16999816894531,66.56999969482422,66.16999816894531,66.48999786376953,58.582801818847656,448900,0.0,0.0
2015-07-23 00:00:00-04:00,66.5,67.16999816894531,66.37999725341797,66.55000305175781,58.635677337646484,635600,0.0,0.0
2015-07-24 00:00:00-04:00,66.45999908447266,67.23999786376953,66.45999908447266,66.88999938964844,58.93525314331055,554500,0.0,0.0
2015-07-27 00:00:00-04:00,66.3499984741211,66.44000244140625,65.54000091552734,65.7300033569336,57.91318893432617,353900,0.0,0.0
2015-07-28 00:00:00-04:00,65.91999816894531,66.25,65.41999816894531,66.0,58.15108871459961,525800,0.0,0.0
2015-07-29 00:00:00-04:00,65.9800033569336,67.02999877929688,65.69999694824219,66.91000366210938,58.9528694152832,359600,0.0,0.0
2015-07-30 00:00:00-04:00,66.44000244140625,68.37999725341797,65.94000244140625,67.97000122070312,59.88679122924805,495300,0.0,0.0
2015-07-31 00:00:00-04:00,68.36000061035156,68.83000183105469,68.08000183105469,68.16000366210938,60.0542106628418,325000,0.0,0.0
2015-08-03 00:00:00-04:00,68.19000244140625,68.33999633789062,67.30000305175781,67.54000091552734,59.50792694091797,433600,0.0,0.0
2015-08-04 00:00:00-04:00,67.81999969482422,68.16999816894531,66.72000122070312,66.95999908447266,58.99690246582031,728200,0.0,0.0
2015-08-05 00:00:00-04:00,67.37999725341797,68.30999755859375,66.43000030517578,67.5999984741211,59.5608024597168,993000,0.0,0.0
2015-08-06 00:00:00-04:00,67.58999633789062,68.16000366210938,66.19999694824219,66.51000213623047,58.600433349609375,514600,0.0,0.0
2015-08-07 00:00:00-04:00,66.44000244140625,66.63999938964844,66.0199966430664,66.22000122070312,58.34492111206055,338900,0.0,0.0
2015-08-10 00:00:00-04:00,66.80000305175781,67.37000274658203,66.41000366210938,66.79000091552734,58.84712600708008,760100,0.0,0.0
2015-08-11 00:00:00-04:00,66.37999725341797,66.37999725341797,65.43000030517578,65.55000305175781,57.75458526611328,511200,0.0,0.0
2015-08-12 00:00:00-04:00,64.94999694824219,65.05999755859375,63.779998779296875,63.95000076293945,56.34486389160156,956600,0.0,0.0
2015-08-13 00:00:00-04:00,63.83000183105469,64.0,63.38999938964844,63.400001525878906,56.05310821533203,1086700,0.22,0.0
2015-08-14 00:00:00-04:00,63.470001220703125,64.27999877929688,63.16999816894531,64.08000183105469,56.65431594848633,782400,0.0,0.0
2015-08-17 00:00:00-04:00,63.779998779296875,64.5,63.4900016784668,64.44999694824219,56.98141860961914,615400,0.0,0.0
2015-08-18 00:00:00-04:00,64.55999755859375,64.75,64.25,64.41999816894531,56.95490646362305,353400,0.0,0.0
2015-08-19 00:00:00-04:00,64.2699966430664,64.73999786376953,63.68000030517578,64.27999877929688,56.831153869628906,335700,0.0,0.0
2015-08-20 00:00:00-04:00,63.59000015258789,63.65999984741211,62.7400016784668,62.7400016784668,55.4695930480957,418600,0.0,0.0
2015-08-21 00:00:00-04:00,62.279998779296875,62.5099983215332,61.29999923706055,61.349998474121094,54.24067687988281,776400,0.0,0.0
2015-08-24 00:00:00-04:00,58.029998779296875,59.2400016784668,57.97999954223633,58.18000030517578,51.43800354003906,902600,0.0,0.0
2015-08-25 00:00:00-04:00,59.650001525878906,59.650001525878906,57.709999084472656,57.779998779296875,51.0843620300293,1096100,0.0,0.0
2015-08-26 00:00:00-04:00,58.790000915527344,60.40999984741211,58.209999084472656,60.13999938964844,53.17088317871094,805000,0.0,0.0
2015-08-27 00:00:00-04:00,60.90999984741211,61.88999938964844,60.52000045776367,61.650001525878906,54.50590896606445,743700,0.0,0.0
2015-08-28 00:00:00-04:00,61.2599983215332,62.18000030517578,60.650001525878906,62.15999984741211,54.9567985534668,675400,0.0,0.0
2015-08-31 00:00:00-04:00,60.970001220703125,61.93000030517578,60.439998626708984,60.52000045776367,53.50686264038086,886400,0.0,0.0
2015-09-01 00:00:00-04:00,59.18000030517578,59.72999954223633,58.43000030517578,58.560001373291016,51.77397537231445,887300,0.0,0.0
2015-09-02 00:00:00-04:00,59.310001373291016,59.900001525878906,58.88999938964844,59.88999938964844,52.94985580444336,654700,0.0,0.0
2015-09-03 00:00:00-04:00,60.060001373291016,60.47999954223633,59.58000183105469,59.66999816894531,52.75535202026367,897600,0.0,0.0
2015-09-04 00:00:00-04:00,58.88999938964844,59.310001373291016,58.4900016784668,58.65999984741211,51.86237716674805,628100,0.0,0.0
2015-09-08 00:00:00-04:00,59.689998626708984,61.0099983215332,59.380001068115234,60.91999816894531,53.86050033569336,748800,0.0,0.0
2015-09-09 00:00:00-04:00,61.45000076293945,61.66999816894531,59.9900016784668,60.09000015258789,53.126670837402344,647600,0.0,0.0
2015-09-10 00:00:00-04:00,60.04999923706055,61.22999954223633,60.029998779296875,60.86000061035156,53.80744934082031,508000,0.0,0.0
2015-09-11 00:00:00-04:00,60.59000015258789,61.09000015258789,59.95000076293945,61.02000045776367,53.94890213012695,721600,0.0,0.0
2015-09-14 00:00:00-04:00,61.060001373291016,61.18000030517578,59.790000915527344,59.849998474121094,52.914493560791016,816800,0.0,0.0
2015-09-15 00:00:00-04:00,60.060001373291016,61.0,60.0,60.72999954223633,53.69251251220703,692000,0.0,0.0
2015-09-16 00:00:00-04:00,60.63999938964844,60.849998474121094,60.41999816894531,60.650001525878906,53.62177658081055,581300,0.0,0.0
2015-09-17 00:00:00-04:00,60.7400016784668,61.650001525878906,60.59000015258789,60.709999084472656,53.67483139038086,665600,0.0,0.0
2015-09-18 00:00:00-04:00,59.93000030517578,60.619998931884766,59.79999923706055,60.119998931884766,53.1531982421875,2637200,0.0,0.0
2015-09-21 00:00:00-04:00,60.43000030517578,62.380001068115234,59.54999923706055,61.81999969482422,54.65620422363281,775800,0.0,0.0
2015-09-22 00:00:00-04:00,61.0099983215332,61.13999938964844,60.5,60.970001220703125,53.90468978881836,505100,0.0,0.0
2015-09-23 00:00:00-04:00,61.0099983215332,61.81999969482422,60.709999084472656,61.40999984741211,54.29370880126953,701200,0.0,0.0
2015-09-24 00:00:00-04:00,60.65999984741211,61.18000030517578,60.369998931884766,60.470001220703125,53.462646484375,911700,0.0,0.0
2015-09-25 00:00:00-04:00,61.099998474121094,62.06999969482422,60.630001068115234,61.31999969482422,54.21414566040039,989300,0.0,0.0
2015-09-28 00:00:00-04:00,60.88999938964844,61.09000015258789,58.900001525878906,58.939998626708984,52.10995101928711,567100,0.0,0.0
2015-09-29 00:00:00-04:00,59.099998474121094,59.099998474121094,57.90999984741211,58.2400016784668,51.491058349609375,606600,0.0,0.0
2015-09-30 00:00:00-04:00,58.790000915527344,59.56999969482422,58.4900016784668,59.459999084472656,52.5696907043457,849400,0.0,0.0
2015-10-01 00:00:00-04:00,59.15999984741211,59.540000915527344,57.59000015258789,57.95000076293945,51.23466873168945,1319200,0.0,0.0
2015-10-02 00:00:00-04:00,57.040000915527344,58.56999969482422,56.869998931884766,58.56999969482422,51.7828254699707,1261000,0.0,0.0
2015-10-05 00:00:00-04:00,59.0,59.459999084472656,58.54999923706055,59.22999954223633,52.36634063720703,1197500,0.0,0.0
2015-10-06 00:00:00-04:00,58.959999084472656,59.2400016784668,58.369998931884766,58.61000061035156,51.81817626953125,733400,0.0,0.0
2015-10-07 00:00:00-04:00,58.93000030517578,59.4900016784668,58.709999084472656,59.31999969482422,52.44590377807617,912500,0.0,0.0
2015-10-08 00:00:00-04:00,59.09000015258789,60.20000076293945,59.09000015258789,59.93000030517578,52.98522186279297,640600,0.0,0.0
2015-10-09 00:00:00-04:00,59.95000076293945,60.220001220703125,59.77000045776367,60.0,53.047115325927734,632600,0.0,0.0
2015-10-12 00:00:00-04:00,59.88999938964844,60.75,59.779998779296875,60.4900016784668,53.48033142089844,761600,0.0,0.0
2015-10-13 00:00:00-04:00,60.04999923706055,60.849998474121094,60.04999923706055,60.150001525878906,53.179718017578125,456100,0.0,0.0
2015-10-14 00:00:00-04:00,60.150001525878906,60.33000183105469,59.099998474121094,59.189998626708984,52.330970764160156,507500,0.0,0.0
2015-10-15 00:00:00-04:00,59.47999954223633,59.849998474121094,59.310001373291016,59.849998474121094,52.914493560791016,508800,0.0,0.0
2015-10-16 00:00:00-04:00,59.9900016784668,60.20000076293945,59.47999954223633,60.18000030517578,53.20625305175781,338300,0.0,0.0
2015-10-19 00:00:00-04:00,59.88999938964844,60.939998626708984,59.75,60.790000915527344,53.745567321777344,354100,0.0,0.0
2015-10-20 00:00:00-04:00,60.630001068115234,61.0,59.790000915527344,60.900001525878906,53.84282684326172,256400,0.0,0.0
2015-10-21 00:00:00-04:00,61.119998931884766,61.290000915527344,60.36000061035156,60.459999084472656,53.45379638671875,400900,0.0,0.0
2015-10-22 00:00:00-04:00,60.86000061035156,61.84000015258789,60.689998626708984,61.08000183105469,54.001956939697266,450900,0.0,0.0
2015-10-23 00:00:00-04:00,61.70000076293945,61.91999816894531,61.18000030517578,61.79999923706055,54.63851547241211,207800,0.0,0.0
2015-10-26 00:00:00-04:00,61.7599983215332,62.84000015258789,61.720001220703125,62.77000045776367,55.49610900878906,504600,0.0,0.0
2015-10-27 00:00:00-04:00,62.400001525878906,62.7599983215332,61.209999084472656,61.52000045776367,54.390960693359375,374500,0.0,0.0
2015-10-28 00:00:00-04:00,61.70000076293945,63.060001373291016,61.650001525878906,63.04999923706055,55.743682861328125,371100,0.0,0.0
2015-10-29 00:00:00-04:00,63.41999816894531,65.73999786376953,62.90999984741211,65.5199966430664,57.92743682861328,834500,0.0,0.0
2015-10-30 00:00:00-04:00,65.77999877929688,67.13999938964844,65.77999877929688,67.0,59.23595428466797,1032500,0.0,0.0
2015-11-02 00:00:00-05:00,67.95999908447266,71.20999908447266,67.94999694824219,71.05000305175781,62.816627502441406,2384100,0.0,0.0
2015-11-03 00:00:00-05:00,71.01000213623047,71.02999877929688,69.94999694824219,70.20999908447266,62.0739631652832,1294000,0.0,0.0
2015-11-04 00:00:00-05:00,70.3499984741211,70.69999694824219,69.2699966430664,69.45999908447266,61.41087341308594,974400,0.0,0.0
2015-11-05 00:00:00-05:00,69.52999877929688,70.08999633789062,68.37999725341797,68.62000274658203,60.66822052001953,1660500,0.0,0.0
2015-11-06 00:00:00-05:00,68.75,69.01000213623047,67.62000274658203,67.79000091552734,59.93440628051758,2024700,0.0,0.0
2015-11-09 00:00:00-05:00,67.87999725341797,67.87999725341797,66.44000244140625,66.48999786376953,58.785037994384766,2954400,0.0,0.0
2015-11-10 00:00:00-05:00,66.75,67.33000183105469,65.56999969482422,67.25,59.654354095458984,3264700,0.22,0.0
2015-11-11 00:00:00-05:00,67.33000183105469,67.55999755859375,66.4000015258789,67.29000091552734,59.68983459472656,1058200,0.0,0.0
2015-11-12 00:00:00-05:00,67.73999786376953,67.73999786376953,66.05000305175781,66.7699966430664,59.22856140136719,1298600,0.0,0.0
2015-11-13 00:00:00-05:00,66.31999969482422,66.51000213623047,65.62000274658203,66.20999908447266,58.7318115234375,1818100,0.0,0.0
2015-11-16 00:00:00-05:00,65.93000030517578,68.06999969482422,65.76000213623047,68.02999877929688,60.34625244140625,1389200,0.0,0.0
2015-11-17 00:00:00-05:00,68.30999755859375,69.91000366210938,67.94999694824219,69.19000244140625,61.375221252441406,1664900,0.0,0.0
2015-11-18 00:00:00-05:00,69.30999755859375,69.70999908447266,68.62999725341797,69.4000015258789,61.56153106689453,1391800,0.0,0.0
2015-11-19 00:00:00-05:00,69.54000091552734,69.70999908447266,69.01000213623047,69.41999816894531,61.57925033569336,434300,0.0,0.0
2015-11-20 00:00:00-05:00,69.61000061035156,69.73999786376953,69.16999816894531,69.33999633789062,61.50829315185547,412100,0.0,0.0
2015-11-23 00:00:00-05:00,69.29000091552734,69.69000244140625,69.16000366210938,69.5199966430664,61.66796112060547,738600,0.0,0.0
2015-11-24 00:00:00-05:00,69.12999725341797,70.37000274658203,69.06999969482422,70.08000183105469,62.164695739746094,836000,0.0,0.0
2015-11-25 00:00:00-05:00,70.4000015258789,70.4000015258789,69.91000366210938,69.95999908447266,62.058265686035156,285000,0.0,0.0
2015-11-27 00:00:00-05:00,69.86000061035156,70.66999816894531,69.68000030517578,70.61000061035156,62.63487243652344,125100,0.0,0.0
2015-11-30 00:00:00-05:00,70.68000030517578,70.68000030517578,69.69000244140625,70.12000274658203,62.200172424316406,1420700,0.0,0.0
2015-12-01 00:00:00-05:00,70.25,70.69000244140625,69.91000366210938,70.55999755859375,62.59050369262695,636600,0.0,0.0
2015-12-02 00:00:00-05:00,70.47000122070312,71.0,70.05999755859375,70.38999938964844,62.4396858215332,330900,0.0,0.0
2015-12-03 00:00:00-05:00,70.4000015258789,70.7300033569336,69.48999786376953,69.63999938964844,61.77437973022461,619900,0.0,0.0
2015-12-04 00:00:00-05:00,69.66999816894531,71.91999816894531,69.66999816894531,71.87000274658203,63.752532958984375,808200,0.0,0.0
2015-12-07 00:00:00-05:00,71.48999786376953,71.88999938964844,70.41000366210938,70.66999816894531,62.68806838989258,733000,0.0,0.0
2015-12-08 00:00:00-05:00,70.18000030517578,70.7300033569336,69.69999694824219,70.4800033569336,62.51952362060547,626000,0.0,0.0
2015-12-09 00:00:00-05:00,70.12999725341797,70.63999938964844,69.30000305175781,69.41999816894531,61.57925033569336,765900,0.0,0.0
2015-12-10 00:00:00-05:00,69.47000122070312,70.6500015258789,69.1500015258789,69.94999694824219,62.04938888549805,426300,0.0,0.0
2015-12-11 00:00:00-05:00,69.26000213623047,69.58999633789062,68.69000244140625,68.80000305175781,61.02930450439453,599200,0.0,0.0
2015-12-14 00:00:00-05:00,68.9000015258789,69.68000030517578,68.58000183105469,69.62000274658203,61.756675720214844,1057100,0.0,0.0
2015-12-15 00:00:00-05:00,70.30000305175781,70.45999908447266,69.87000274658203,70.33000183105469,62.386451721191406,1000600,0.0,0.0
2015-12-16 00:00:00-05:00,70.98999786376953,71.68000030517578,70.0999984741211,71.4800033569336,63.406578063964844,677000,0.0,0.0
2015-12-17 00:00:00-05:00,71.75,71.75,70.47000122070312,70.88999938964844,62.88322448730469,730600,0.0,0.0
2015-12-18 00:00:00-05:00,70.62999725341797,71.87999725341797,70.36000061035156,71.5199966430664,63.44206619262695,2505200,0.0,0.0
2015-12-21 00:00:00-05:00,72.22000122070312,72.43000030517578,71.27999877929688,71.97000122070312,63.84123611450195,911000,0.0,0.0
2015-12-22 00:00:00-05:00,72.22000122070312,72.23999786376953,71.20999908447266,71.54000091552734,63.459815979003906,767800,0.0,0.0
2015-12-23 00:00:00-05:00,71.79000091552734,72.4800033569336,71.56999969482422,72.18000030517578,64.02754211425781,400800,0.0,0.0
2015-12-24 00:00:00-05:00,71.94999694824219,72.56999969482422,71.94000244140625,72.3499984741211,64.17831420898438,243800,0.0,0.0
2015-12-28 00:00:00-05:00,72.16999816894531,72.44999694824219,71.7699966430664,72.37999725341797,64.2049560546875,444300,0.0,0.0
2015-12-29 00:00:00-05:00,72.76000213623047,73.37999725341797,72.33000183105469,72.8499984741211,64.62185668945312,266800,0.0,0.0
2015-12-30 00:00:00-05:00,72.66000366210938,73.44000244140625,72.48999786376953,72.58999633789062,64.3912124633789,245200,0.0,0.0
2015-12-31 00:00:00-05:00,72.38999938964844,73.08999633789062,72.08000183105469,72.12999725341797,63.98316955566406,335700,0.0,0.0
2016-01-04 00:00:00-05:00,71.0999984741211,71.0999984741211,70.05000305175781,70.61000061035156,62.63487243652344,752700,0.0,0.0
2016-01-05 00:00:00-05:00,70.61000061035156,71.48999786376953,70.5999984741211,71.13999938964844,63.1049919128418,475700,0.0,0.0
2016-01-06 00:00:00-05:00,70.26000213623047,70.87000274658203,70.0999984741211,70.58999633789062,62.61709213256836,901200,0.0,0.0
2016-01-07 00:00:00-05:00,69.23999786376953,70.7300033569336,69.12000274658203,69.48999786376953,61.64134216308594,876500,0.0,0.0
2016-01-08 00:00:00-05:00,69.58000183105469,69.81999969482422,68.38999938964844,68.5,60.76316452026367,983200,0.0,0.0
2016-01-11 00:00:00-05:00,68.76000213623047,68.95999908447266,67.77999877929688,68.12999725341797,60.434940338134766,986300,0.0,0.0
2016-01-12 00:00:00-05:00,68.66999816894531,69.27999877929688,68.3499984741211,69.19999694824219,61.384098052978516,615100,0.0,0.0
2016-01-13 00:00:00-05:00,69.4800033569336,69.91000366210938,67.61000061035156,67.76000213623047,60.106754302978516,719100,0.0,0.0
2016-01-14 00:00:00-05:00,68.05000305175781,68.36000061035156,67.51000213623047,68.0,60.31965255737305,1651600,0.0,0.0
2016-01-15 00:00:00-05:00,66.55000305175781,68.16999816894531,66.4800033569336,67.44999694824219,59.83177185058594,756400,0.0,0.0
2016-01-19 00:00:00-05:00,68.23999786376953,68.44999694824219,66.2699966430664,66.58999633789062,59.068878173828125,815200,0.0,0.0
2016-01-20 00:00:00-05:00,65.43000030517578,66.16000366210938,64.12999725341797,65.44000244140625,58.04878616333008,1350600,0.0,0.0
2016-01-21 00:00:00-05:00,65.5999984741211,66.30999755859375,65.01000213623047,65.58000183105469,58.172977447509766,938000,0.0,0.0
2016-01-22 00:00:00-05:00,66.37999725341797,67.37000274658203,65.83000183105469,66.98999786376953,59.423702239990234,889700,0.0,0.0
2016-01-25 00:00:00-05:00,66.94000244140625,67.80999755859375,66.23999786376953,66.30999755859375,58.82052230834961,1345300,0.0,0.0
2016-01-26 00:00:00-05:00,66.30000305175781,66.80999755859375,65.93000030517578,66.08000183105469,58.61650848388672,827100,0.0,0.0
2016-01-27 00:00:00-05:00,65.73999786376953,67.7300033569336,65.58999633789062,66.20999908447266,58.7318115234375,704800,0.0,0.0
2016-01-28 00:00:00-05:00,66.83999633789062,67.70999908447266,66.23999786376953,66.55000305175781,59.03342056274414,1018500,0.0,0.0
2016-01-29 00:00:00-05:00,66.97000122070312,69.22000122070312,66.88999938964844,68.83999633789062,61.06475830078125,1257800,0.0,0.0
2016-02-01 00:00:00-05:00,68.18000030517578,68.37999725341797,67.2699966430664,67.73999786376953,60.08900833129883,770300,0.0,0.0
2016-02-02 00:00:00-05:00,66.94000244140625,67.0199966430664,66.26000213623047,66.79000091552734,59.24629211425781,778100,0.0,0.0
2016-02-03 00:00:00-05:00,67.31999969482422,67.63999938964844,65.11000061035156,66.31999969482422,58.829376220703125,861100,0.0,0.0
2016-02-04 00:00:00-05:00,65.05000305175781,67.72000122070312,65.0,66.88999938964844,59.335018157958984,1593200,0.0,0.0
2016-02-05 00:00:00-05:00,66.83000183105469,67.3499984741211,64.97000122070312,65.29000091552734,57.91572189331055,1039900,0.0,0.0
2016-02-08 00:00:00-05:00,64.51000213623047,64.51000213623047,62.16999816894531,63.15999984741211,56.02631378173828,1324800,0.0,0.0
2016-02-09 00:00:00-05:00,62.54999923706055,65.30999755859375,62.27000045776367,65.08000183105469,57.72945022583008,1142500,0.0,0.0
2016-02-10 00:00:00-05:00,65.51000213623047,67.63999938964844,65.37000274658203,66.0199966430664,58.56326675415039,1010900,0.0,0.0
2016-02-11 00:00:00-05:00,64.79000091552734,66.16999816894531,64.29000091552734,65.26000213623047,57.88911819458008,1268700,0.0,0.0
2016-02-12 00:00:00-05:00,66.25,67.37999725341797,65.54000091552734,67.26000213623047,59.663211822509766,911600,0.0,0.0
2016-02-16 00:00:00-05:00,67.9000015258789,69.55000305175781,67.76000213623047,68.58000183105469,60.834144592285156,1120600,0.0,0.0
2016-02-17 00:00:00-05:00,68.77999877929688,70.19999694824219,68.77999877929688,70.05999755859375,62.34700012207031,963900,0.22,0.0
2016-02-18 00:00:00-05:00,70.37000274658203,70.91999816894531,69.5999984741211,70.63999938964844,62.86313247680664,1242300,0.0,0.0
2016-02-19 00:00:00-05:00,70.1500015258789,71.68000030517578,70.1500015258789,71.55000305175781,63.672943115234375,539600,0.0,0.0
2016-02-22 00:00:00-05:00,72.51000213623047,73.19000244140625,72.06999969482422,72.83000183105469,64.8120346069336,785900,0.0,0.0
2016-02-23 00:00:00-05:00,72.83000183105469,73.70999908447266,72.41999816894531,72.75,64.74082946777344,946600,0.0,0.0
2016-02-24 00:00:00-05:00,72.16000366210938,72.19999694824219,70.12999725341797,71.44999694824219,63.58393478393555,2027900,0.0,0.0
2016-02-25 00:00:00-05:00,71.41999816894531,72.68000030517578,71.3499984741211,72.55999755859375,64.5717544555664,985300,0.0,0.0
2016-02-26 00:00:00-05:00,73.05999755859375,73.69999694824219,72.33999633789062,72.45999908447266,64.48274230957031,1228300,0.0,0.0
2016-02-29 00:00:00-05:00,72.4000015258789,72.9000015258789,70.4800033569336,70.5199966430664,62.7563362121582,5023000,0.0,0.0
2016-03-01 00:00:00-05:00,71.05000305175781,71.62000274658203,70.77999877929688,71.51000213623047,63.637332916259766,1705800,0.0,0.0
2016-03-02 00:00:00-05:00,71.5999984741211,71.5999984741211,69.56999969482422,70.8499984741211,63.05000686645508,1456900,0.0,0.0
2016-03-03 00:00:00-05:00,70.7699966430664,70.7699966430664,69.56999969482422,70.08999633789062,62.3736572265625,1602700,0.0,0.0
2016-03-04 00:00:00-05:00,70.25,70.25,69.41999816894531,69.5,61.84861373901367,1101400,0.0,0.0
2016-03-07 00:00:00-05:00,69.33000183105469,70.23999786376953,69.05000305175781,69.95999908447266,62.257991790771484,896900,0.0,0.0
2016-03-08 00:00:00-05:00,69.69000244140625,69.69000244140625,68.27999877929688,68.69999694824219,61.13671112060547,1314000,0.0,0.0
2016-03-09 00:00:00-05:00,69.0999984741211,69.69000244140625,68.66999816894531,69.45999908447266,61.813011169433594,865600,0.0,0.0
2016-03-10 00:00:00-05:00,69.79000091552734,70.37999725341797,68.3499984741211,68.94999694824219,61.35918426513672,875400,0.0,0.0
2016-03-11 00:00:00-05:00,69.61000061035156,69.68000030517578,69.06999969482422,69.62000274658203,61.95541000366211,900500,0.0,0.0
2016-03-14 00:00:00-04:00,69.56999969482422,70.3499984741211,69.29000091552734,69.70999908447266,62.03550720214844,1031800,0.0,0.0
2016-03-15 00:00:00-04:00,69.55999755859375,69.73999786376953,68.7300033569336,69.30999755859375,61.67953872680664,826700,0.0,0.0
2016-03-16 00:00:00-04:00,69.18000030517578,70.06999969482422,68.69999694824219,69.7699966430664,62.088890075683594,815200,0.0,0.0
2016-03-17 00:00:00-04:00,69.66000366210938,70.4800033569336,69.5,70.2300033569336,62.49827194213867,766200,0.0,0.0
2016-03-18 00:00:00-04:00,70.16000366210938,71.47000122070312,70.16000366210938,71.2699966430664,63.423763275146484,1702700,0.0,0.0
2016-03-21 00:00:00-04:00,71.05000305175781,71.68000030517578,71.0199966430664,71.37999725341797,63.521636962890625,650000,0.0,0.0
2016-03-22 00:00:00-04:00,70.9800033569336,71.9800033569336,70.81999969482422,71.62999725341797,63.74413299560547,713900,0.0,0.0
2016-03-23 00:00:00-04:00,71.6500015258789,72.3499984741211,71.54000091552734,71.5999984741211,63.717445373535156,783500,0.0,0.0
2016-03-24 00:00:00-04:00,71.05999755859375,71.4000015258789,70.2699966430664,70.73999786376953,62.95210266113281,614500,0.0,0.0
2016-03-28 00:00:00-04:00,70.72000122070312,71.6500015258789,70.63999938964844,71.37000274658203,63.51275634765625,503700,0.0,0.0
2016-03-29 00:00:00-04:00,71.4000015258789,72.70999908447266,71.37000274658203,72.66999816894531,64.66963958740234,670600,0.0,0.0
2016-03-30 00:00:00-04:00,72.94999694824219,73.6500015258789,72.83000183105469,73.1500015258789,65.09678649902344,580900,0.0,0.0
2016-03-31 00:00:00-04:00,73.0199966430664,74.91999816894531,73.0199966430664,74.08000183105469,65.92442321777344,1189900,0.0,0.0
2016-04-01 00:00:00-04:00,73.75,74.61000061035156,73.5,74.61000061035156,66.39606475830078,380700,0.0,0.0
2016-04-04 00:00:00-04:00,74.86000061035156,74.86000061035156,73.62999725341797,74.19999694824219,66.03120422363281,363400,0.0,0.0
2016-04-05 00:00:00-04:00,73.77999877929688,74.11000061035156,73.55000305175781,73.79000091552734,65.66633605957031,512700,0.0,0.0
2016-04-06 00:00:00-04:00,73.83999633789062,75.08999633789062,73.83000183105469,74.91000366210938,66.66302490234375,721100,0.0,0.0
2016-04-07 00:00:00-04:00,74.47000122070312,74.54000091552734,72.98999786376953,73.72000122070312,65.60400390625,655500,0.0,0.0
2016-04-08 00:00:00-04:00,74.05999755859375,74.05999755859375,72.91000366210938,73.44000244140625,65.35487365722656,320100,0.0,0.0
2016-04-11 00:00:00-04:00,73.5,74.0999984741211,73.01000213623047,73.13999938964844,65.08788299560547,328500,0.0,0.0
2016-04-12 00:00:00-04:00,73.47000122070312,73.83999633789062,72.8499984741211,73.76000213623047,65.6396484375,332500,0.0,0.0
2016-04-13 00:00:00-04:00,74.22000122070312,74.66999816894531,73.44999694824219,74.06999969482422,65.91548156738281,859000,0.0,0.0
2016-04-14 00:00:00-04:00,74.0199966430664,74.44000244140625,73.83999633789062,74.3499984741211,66.16465759277344,626500,0.0,0.0
2016-04-15 00:00:00-04:00,74.3499984741211,74.70999908447266,73.83000183105469,74.63999938964844,66.4227523803711,634700,0.0,0.0
2016-04-18 00:00:00-04:00,74.51000213623047,75.68000030517578,74.51000213623047,75.5999984741211,67.27708435058594,477000,0.0,0.0
2016-04-19 00:00:00-04:00,75.81999969482422,76.30999755859375,75.37000274658203,75.93000030517578,67.57075500488281,706600,0.0,0.0
2016-04-20 00:00:00-04:00,76.11000061035156,76.38999938964844,75.29000091552734,75.55999755859375,67.241455078125,530400,0.0,0.0
2016-04-21 00:00:00-04:00,75.69999694824219,76.1500015258789,75.13999938964844,75.16000366210938,66.885498046875,309600,0.0,0.0
2016-04-22 00:00:00-04:00,74.73999786376953,75.80000305175781,74.73999786376953,75.38999938964844,67.09017944335938,396900,0.0,0.0
2016-04-25 00:00:00-04:00,75.33000183105469,75.52999877929688,74.79000091552734,75.33999633789062,67.04569244384766,354400,0.0,0.0
2016-04-26 00:00:00-04:00,75.55999755859375,76.22000122070312,75.22000122070312,75.97000122070312,67.60633850097656,387200,0.0,0.0
2016-04-27 00:00:00-04:00,75.94000244140625,76.4000015258789,75.41999816894531,76.36000061035156,67.95338439941406,420800,0.0,0.0
2016-04-28 00:00:00-04:00,75.4800033569336,77.19000244140625,75.20999908447266,75.29000091552734,67.00119018554688,696100,0.0,0.0
2016-04-29 00:00:00-04:00,75.73999786376953,76.02999877929688,74.61000061035156,75.94000244140625,67.57964324951172,1014600,0.0,0.0
2016-05-02 00:00:00-04:00,76.31999969482422,76.31999969482422,75.51000213623047,76.0,67.63304901123047,540800,0.0,0.0
2016-05-03 00:00:00-04:00,75.68000030517578,75.79000091552734,74.08999633789062,74.88999938964844,66.6452407836914,530000,0.0,0.0
2016-05-04 00:00:00-04:00,74.63999938964844,74.95999908447266,74.36000061035156,74.75,66.52063751220703,527100,0.0,0.0
2016-05-05 00:00:00-04:00,74.88999938964844,75.37000274658203,74.56999969482422,74.80000305175781,66.56514739990234,397800,0.0,0.0
2016-05-06 00:00:00-04:00,74.5,75.52999877929688,74.16999816894531,75.37999725341797,67.08129119873047,616200,0.0,0.0
2016-05-09 00:00:00-04:00,75.54000091552734,76.70999908447266,75.4000015258789,76.41000366210938,67.99788665771484,502600,0.0,0.0
2016-05-10 00:00:00-04:00,76.58000183105469,77.44999694824219,76.26000213623047,77.37000274658203,68.8521957397461,404100,0.0,0.0
2016-05-11 00:00:00-04:00,77.18000030517578,77.33000183105469,76.54000091552734,76.58999633789062,68.3524398803711,789100,0.22,0.0
2016-05-12 00:00:00-04:00,76.95999908447266,77.04000091552734,75.48999786376953,75.69000244140625,67.54923248291016,936400,0.0,0.0
2016-05-13 00:00:00-04:00,75.70999908447266,75.7699966430664,74.86000061035156,75.11000061035156,67.03160858154297,372100,0.0,0.0
2016-05-16 00:00:00-04:00,75.27999877929688,75.54000091552734,74.75,74.98999786376953,66.92453002929688,703500,0.0,0.0
2016-05-17 00:00:00-04:00,74.88999938964844,75.2699966430664,74.41000366210938,74.51000213623047,66.49616241455078,541700,0.0,0.0
2016-05-18 00:00:00-04:00,74.47000122070312,75.56999969482422,73.93000030517578,74.9800033569336,66.91558837890625,621700,0.0,0.0
2016-05-19 00:00:00-04:00,74.91999816894531,75.45999908447266,74.37999725341797,75.29000091552734,67.19227600097656,425500,0.0,0.0
2016-05-20 00:00:00-04:00,75.62999725341797,76.29000091552734,75.38999938964844,75.98999786376953,67.81695556640625,377600,0.0,0.0
2016-05-23 00:00:00-04:00,76.13999938964844,76.55999755859375,75.86000061035156,76.30999755859375,68.1025619506836,332900,0.0,0.0
2016-05-24 00:00:00-04:00,76.61000061035156,78.97000122070312,76.56999969482422,78.94000244140625,70.44969177246094,675400,0.0,0.0
2016-05-25 00:00:00-04:00,78.98999786376953,79.33000183105469,78.4000015258789,78.58000183105469,70.12841033935547,556000,0.0,0.0
2016-05-26 00:00:00-04:00,78.9000015258789,79.05000305175781,78.23999786376953,78.44999694824219,70.01238250732422,333500,0.0,0.0
2016-05-27 00:00:00-04:00,78.7699966430664,79.31999969482422,78.5999984741211,79.31999969482422,70.78883361816406,288300,0.0,0.0
2016-05-31 00:00:00-04:00,79.55000305175781,79.86000061035156,78.70999908447266,79.79000091552734,71.20825958251953,1220900,0.0,0.0
2016-06-01 00:00:00-04:00,79.30000305175781,79.45999908447266,78.69000244140625,78.70999908447266,70.24442291259766,683100,0.0,0.0
2016-06-02 00:00:00-04:00,78.55999755859375,79.02999877929688,78.38999938964844,78.6500015258789,70.1908950805664,827200,0.0,0.0
2016-06-03 00:00:00-04:00,77.98999786376953,77.98999786376953,77.04000091552734,77.11000061035156,68.81648254394531,1212100,0.0,0.0
2016-06-06 00:00:00-04:00,76.91999816894531,77.73999786376953,75.75,77.36000061035156,69.03962707519531,993200,0.0,0.0
2016-06-07 00:00:00-04:00,77.55999755859375,78.04000091552734,77.0199966430664,77.87999725341797,69.50369262695312,900000,0.0,0.0
2016-06-08 00:00:00-04:00,77.75,78.38999938964844,77.43000030517578,78.05000305175781,69.6554183959961,626900,0.0,0.0
2016-06-09 00:00:00-04:00,77.7300033569336,78.23999786376953,77.41000366210938,78.06999969482422,69.67324829101562,474700,0.0,0.0
2016-06-10 00:00:00-04:00,77.3499984741211,77.5,76.04000091552734,76.72000122070312,68.46843719482422,636500,0.0,0.0
2016-06-13 00:00:00-04:00,76.20999908447266,76.37000274658203,75.62999725341797,75.80999755859375,67.65634155273438,698800,0.0,0.0
2016-06-14 00:00:00-04:00,75.51000213623047,75.54000091552734,74.37999725341797,74.5199966430664,66.50508117675781,909000,0.0,0.0
2016-06-15 00:00:00-04:00,74.5999984741211,74.7699966430664,74.20999908447266,74.30000305175781,66.30872344970703,754300,0.0,0.0
2016-06-16 00:00:00-04:00,74.0,74.47000122070312,73.5999984741211,74.25,66.26411437988281,1619600,0.0,0.0
2016-06-17 00:00:00-04:00,74.12999725341797,74.5,73.63999938964844,73.66999816894531,65.74651336669922,1482000,0.0,0.0
2016-06-20 00:00:00-04:00,74.62999725341797,75.0199966430664,74.4800033569336,74.55000305175781,66.53186798095703,792000,0.0,0.0
2016-06-21 00:00:00-04:00,74.62000274658203,75.2699966430664,74.62000274658203,74.87000274658203,66.81742858886719,335500,0.0,0.0
2016-06-22 00:00:00-04:00,75.08000183105469,75.08000183105469,74.43000030517578,74.83000183105469,66.78174591064453,387400,0.0,0.0
2016-06-23 00:00:00-04:00,75.58999633789062,76.66000366210938,75.55999755859375,76.66000366210938,68.41490936279297,508800,0.0,0.0
2016-06-24 00:00:00-04:00,73.38999938964844,75.13999938964844,73.38999938964844,73.7300033569336,65.80005645751953,877100,0.0,0.0
2016-06-27 00:00:00-04:00,73.05999755859375,73.05999755859375,71.51000213623047,71.86000061035156,64.1312026977539,676700,0.0,0.0
2016-06-28 00:00:00-04:00,72.66000366210938,74.01000213623047,72.22000122070312,73.80999755859375,65.87144470214844,600600,0.0,0.0
2016-06-29 00:00:00-04:00,74.5999984741211,75.01000213623047,74.16000366210938,74.91000366210938,66.8531265258789,487800,0.0,0.0
2016-06-30 00:00:00-04:00,75.05000305175781,77.12999725341797,74.87000274658203,77.12000274658203,68.82544708251953,677400,0.0,0.0
2016-07-01 00:00:00-04:00,76.8499984741211,77.48999786376953,76.63999938964844,76.93000030517578,68.65587615966797,357000,0.0,0.0
2016-07-05 00:00:00-04:00,76.41000366210938,76.9800033569336,76.11000061035156,76.77999877929688,68.52200317382812,395700,0.0,0.0
2016-07-06 00:00:00-04:00,76.58999633789062,77.86000061035156,76.44000244140625,77.62000274658203,69.27168273925781,487200,0.0,0.0
2016-07-07 00:00:00-04:00,77.66999816894531,78.7699966430664,77.66999816894531,78.44999694824219,70.01238250732422,644400,0.0,0.0
2016-07-08 00:00:00-04:00,78.91999816894531,79.5199966430664,78.43000030517578,79.44999694824219,70.9048080444336,506000,0.0,0.0
2016-07-11 00:00:00-04:00,78.87000274658203,79.75,78.87000274658203,79.37999725341797,70.84236907958984,397400,0.0,0.0
2016-07-12 00:00:00-04:00,79.9800033569336,81.55999755859375,79.93000030517578,81.0199966430664,72.30595397949219,625900,0.0,0.0
2016-07-13 00:00:00-04:00,81.43000030517578,82.0199966430664,80.98999786376953,81.5,72.73433685302734,443300,0.0,0.0
2016-07-14 00:00:00-04:00,82.19999694824219,82.19999694824219,81.45999908447266,81.70999908447266,72.92176055908203,591000,0.0,0.0
2016-07-15 00:00:00-04:00,81.72000122070312,82.0,81.29000091552734,81.48999786376953,72.72542572021484,355000,0.0,0.0
2016-07-18 00:00:00-04:00,81.56999969482422,81.68000030517578,81.12000274658203,81.16999816894531,72.4398422241211,184000,0.0,0.0
2016-07-19 00:00:00-04:00,80.9000015258789,81.97000122070312,80.38999938964844,81.97000122070312,73.15379333496094,263000,0.0,0.0
2016-07-20 00:00:00-04:00,82.30000305175781,82.98999786376953,82.0199966430664,82.55999755859375,73.68032836914062,313900,0.0,0.0
2016-07-21 00:00:00-04:00,82.29000091552734,82.9000015258789,82.02999877929688,82.47000122070312,73.60001373291016,309800,0.0,0.0
2016-07-22 00:00:00-04:00,82.58000183105469,83.0,82.02999877929688,82.93000030517578,74.01055145263672,205800,0.0,0.0
2016-07-25 00:00:00-04:00,82.7699966430664,83.0199966430664,82.48999786376953,82.97000122070312,74.04622650146484,185500,0.0,0.0
2016-07-26 00:00:00-04:00,82.86000061035156,83.63999938964844,82.86000061035156,83.55999755859375,74.57276153564453,282900,0.0,0.0
2016-07-27 00:00:00-04:00,83.80000305175781,83.94999694824219,82.94000244140625,83.5,74.51924133300781,524400,0.0,0.0
2016-07-28 00:00:00-04:00,83.91999816894531,85.33000183105469,82.16999816894531,84.8499984741211,75.72402954101562,645100,0.0,0.0
2016-07-29 00:00:00-04:00,84.91000366210938,86.41999816894531,83.88999938964844,86.04000091552734,76.78604125976562,747100,0.0,0.0
2016-08-01 00:00:00-04:00,85.9800033569336,86.58999633789062,85.55000305175781,86.0,76.75035858154297,471100,0.0,0.0
2016-08-02 00:00:00-04:00,86.05999755859375,86.08999633789062,84.4000015258789,84.76000213623047,75.64373016357422,532200,0.0,0.0
2016-08-03 00:00:00-04:00,84.93000030517578,85.05999755859375,84.58999633789062,84.9800033569336,75.84007263183594,317500,0.0,0.0
2016-08-04 00:00:00-04:00,85.16999816894531,85.9800033569336,85.05999755859375,85.37999725341797,76.19703674316406,252700,0.0,0.0
2016-08-05 00:00:00-04:00,86.22000122070312,86.9800033569336,85.62000274658203,86.81999969482422,77.48214721679688,396800,0.0,0.0
2016-08-08 00:00:00-04:00,86.70999908447266,87.11000061035156,85.9800033569336,86.11000061035156,76.84852600097656,250100,0.0,0.0
2016-08-09 00:00:00-04:00,86.0999984741211,86.55000305175781,85.8499984741211,86.22000122070312,76.9466781616211,299900,0.0,0.0
2016-08-10 00:00:00-04:00,86.29000091552734,86.58999633789062,85.79000091552734,86.08999633789062,76.83065032958984,269400,0.0,0.0
2016-08-11 00:00:00-04:00,85.93000030517578,86.23999786376953,85.8499984741211,86.12999725341797,77.1171646118164,223900,0.28,0.0
2016-08-12 00:00:00-04:00,85.86000061035156,86.37000274658203,85.5999984741211,86.29000091552734,77.26045989990234,197600,0.0,0.0
2016-08-15 00:00:00-04:00,86.27999877929688,87.51000213623047,86.11000061035156,87.5,78.34383392333984,473300,0.0,0.0
2016-08-16 00:00:00-04:00,87.22000122070312,87.22000122070312,85.9000015258789,86.6500015258789,77.582763671875,627700,0.0,0.0
2016-08-17 00:00:00-04:00,86.3499984741211,87.18000030517578,86.3499984741211,87.0,77.89616394042969,449500,0.0,0.0
2016-08-18 00:00:00-04:00,87.06999969482422,87.27999877929688,86.68000030517578,87.16999816894531,78.0483627319336,237700,0.0,0.0
2016-08-19 00:00:00-04:00,87.12000274658203,87.45999908447266,86.68000030517578,87.31999969482422,78.18265533447266,279300,0.0,0.0
2016-08-22 00:00:00-04:00,87.04000091552734,87.47000122070312,86.77999877929688,87.37999725341797,78.2363510131836,226300,0.0,0.0
2016-08-23 00:00:00-04:00,87.69999694824219,87.9800033569336,87.43000030517578,87.6500015258789,78.47813415527344,314000,0.0,0.0
2016-08-24 00:00:00-04:00,87.56999969482422,88.2699966430664,87.38999938964844,88.11000061035156,78.89000701904297,504800,0.0,0.0
2016-08-25 00:00:00-04:00,87.91000366210938,88.7699966430664,87.69000244140625,88.66000366210938,79.3824462890625,310700,0.0,0.0
2016-08-26 00:00:00-04:00,88.86000061035156,89.80999755859375,88.52999877929688,88.91000366210938,79.6063003540039,250200,0.0,0.0
2016-08-29 00:00:00-04:00,88.87999725341797,89.91000366210938,88.87000274658203,89.77999877929688,80.38522338867188,307400,0.0,0.0
2016-08-30 00:00:00-04:00,89.91000366210938,90.2300033569336,89.5999984741211,89.97000122070312,80.55537414550781,466400,0.0,0.0
2016-08-31 00:00:00-04:00,89.81999969482422,90.38999938964844,89.2699966430664,90.12000274658203,80.68968200683594,585000,0.0,0.0
2016-09-01 00:00:00-04:00,90.30999755859375,90.79000091552734,88.97000122070312,89.2699966430664,79.92859649658203,863000,0.0,0.0
2016-09-02 00:00:00-04:00,89.66999816894531,89.97000122070312,88.94999694824219,89.55000305175781,80.17930603027344,925200,0.0,0.0
2016-09-06 00:00:00-04:00,90.02999877929688,90.19000244140625,87.63999938964844,88.5999984741211,79.32872772216797,1351700,0.0,0.0
2016-09-07 00:00:00-04:00,88.33999633789062,89.05999755859375,87.98999786376953,89.05999755859375,79.74055480957031,731700,0.0,0.0
2016-09-08 00:00:00-04:00,88.62000274658203,88.81999969482422,86.94999694824219,87.25,78.1199951171875,815100,0.0,0.0
2016-09-09 00:00:00-04:00,86.52999877929688,86.73999786376953,84.69999694824219,84.7300033569336,75.86368560791016,715900,0.0,0.0
2016-09-12 00:00:00-04:00,84.29000091552734,86.08000183105469,84.01000213623047,85.95999908447266,76.96497344970703,665400,0.0,0.0
2016-09-13 00:00:00-04:00,85.5199966430664,86.0999984741211,84.38999938964844,84.87000274658203,75.98902893066406,891800,0.0,0.0
2016-09-14 00:00:00-04:00,85.13999938964844,85.63999938964844,84.55000305175781,84.69999694824219,75.83683013916016,606300,0.0,0.0
2016-09-15 00:00:00-04:00,84.91999816894531,86.02999877929688,84.75,85.86000061035156,76.87545013427734,442300,0.0,0.0
2016-09-16 00:00:00-04:00,85.97000122070312,85.97000122070312,84.9800033569336,85.36000061035156,76.42774963378906,1529700,0.0,0.0
2016-09-19 00:00:00-04:00,85.36000061035156,86.22000122070312,84.6500015258789,85.23999786376953,76.3202896118164,431000,0.0,0.0
2016-09-20 00:00:00-04:00,85.93000030517578,85.93000030517578,85.19999694824219,85.66000366210938,76.69636535644531,524400,0.0,0.0
2016-09-21 00:00:00-04:00,86.16000366210938,86.75,85.55000305175781,86.73999786376953,77.6633529663086,490500,0.0,0.0
2016-09-22 00:00:00-04:00,87.43000030517578,87.54000091552734,86.23999786376953,86.7699966430664,77.69023132324219,525100,0.0,0.0
2016-09-23 00:00:00-04:00,86.72000122070312,86.9800033569336,86.33000183105469,86.4000015258789,77.35893249511719,413300,0.0,0.0
2016-09-26 00:00:00-04:00,85.94000244140625,86.52999877929688,85.4000015258789,85.4800033569336,76.53522491455078,568500,0.0,0.0
2016-09-27 00:00:00-04:00,85.27999877929688,85.75,84.93000030517578,85.30999755859375,76.38298034667969,588400,0.0,0.0
2016-09-28 00:00:00-04:00,85.33999633789062,85.58000183105469,84.08999633789062,84.9000015258789,76.0158920288086,563600,0.0,0.0
2016-09-29 00:00:00-04:00,84.83000183105469,85.01000213623047,83.33000183105469,83.5199966430664,74.7802963256836,343700,0.0,0.0
2016-09-30 00:00:00-04:00,83.98999786376953,84.27999877929688,83.54000091552734,83.94000244140625,75.1563720703125,499000,0.0,0.0
2016-10-03 00:00:00-04:00,83.7699966430664,84.12999725341797,83.19999694824219,83.51000213623047,74.77132415771484,422000,0.0,0.0
2016-10-04 00:00:00-04:00,83.94999694824219,84.04000091552734,82.73999786376953,83.0199966430664,74.33262634277344,459800,0.0,0.0
2016-10-05 00:00:00-04:00,83.12999725341797,84.0,83.08999633789062,83.20999908447266,74.50275421142578,470000,0.0,0.0
2016-10-06 00:00:00-04:00,83.31999969482422,83.31999969482422,81.9000015258789,83.12000274658203,74.42216491699219,599000,0.0,0.0
2016-10-07 00:00:00-04:00,83.29000091552734,83.37000274658203,82.29000091552734,82.66000366210938,74.01033020019531,551700,0.0,0.0
2016-10-10 00:00:00-04:00,83.29000091552734,83.69000244140625,82.8499984741211,82.97000122070312,74.28783416748047,356600,0.0,0.0
2016-10-11 00:00:00-04:00,80.83999633789062,81.5,78.62999725341797,80.0999984741211,71.71815490722656,1894600,0.0,0.0
2016-10-12 00:00:00-04:00,79.87999725341797,82.2699966430664,79.87999725341797,81.91999816894531,73.34771728515625,941500,0.0,0.0
2016-10-13 00:00:00-04:00,81.2300033569336,82.1500015258789,81.0,81.95999908447266,73.38353729248047,1261100,0.0,0.0
2016-10-14 00:00:00-04:00,82.55999755859375,83.3499984741211,82.51000213623047,82.91000366210938,74.23412322998047,664300,0.0,0.0
2016-10-17 00:00:00-04:00,82.79000091552734,83.2699966430664,82.73999786376953,82.91999816894531,74.2430648803711,428000,0.0,0.0
2016-10-18 00:00:00-04:00,83.6500015258789,83.76000213623047,82.83999633789062,83.0,74.3147201538086,304400,0.0,0.0
2016-10-19 00:00:00-04:00,82.94999694824219,83.05000305175781,82.55000305175781,82.93000030517578,74.25201416015625,303200,0.0,0.0
2016-10-20 00:00:00-04:00,82.80999755859375,83.41999816894531,82.4000015258789,82.43000030517578,73.8043441772461,274900,0.0,0.0
2016-10-21 00:00:00-04:00,81.91999816894531,82.9800033569336,81.20999908447266,82.9000015258789,74.22518157958984,263400,0.0,0.0
2016-10-24 00:00:00-04:00,83.87999725341797,83.87999725341797,83.0999984741211,83.22000122070312,74.51170349121094,224900,0.0,0.0
2016-10-25 00:00:00-04:00,83.33999633789062,83.56999969482422,82.80000305175781,83.19000244140625,74.4848403930664,267800,0.0,0.0
2016-10-26 00:00:00-04:00,82.68000030517578,83.54000091552734,82.68000030517578,82.93000030517578,74.25201416015625,521000,0.0,0.0
2016-10-27 00:00:00-04:00,84.22000122070312,84.22000122070312,79.44999694824219,79.5999984741211,71.2704849243164,1003900,0.0,0.0
2016-10-28 00:00:00-04:00,79.7300033569336,79.86000061035156,78.87999725341797,78.94999694824219,70.68850708007812,647300,0.0,0.0
2016-10-31 00:00:00-04:00,79.54000091552734,80.4800033569336,79.4000015258789,80.19000244140625,71.79876708984375,914200,0.0,0.0
2016-11-01 00:00:00-04:00,80.56999969482422,80.61000061035156,78.91999816894531,79.18000030517578,70.89445495605469,524500,0.0,0.0
2016-11-02 00:00:00-04:00,79.04000091552734,79.73999786376953,78.7699966430664,78.81999969482422,70.57211303710938,542800,0.0,0.0
2016-11-03 00:00:00-04:00,79.08999633789062,79.88999938964844,78.95999908447266,79.08000183105469,70.80491638183594,561200,0.0,0.0
2016-11-04 00:00:00-04:00,79.18000030517578,80.4800033569336,79.18000030517578,79.37000274658203,71.06459045410156,544700,0.0,0.0
2016-11-07 00:00:00-05:00,80.5,81.1500015258789,79.93000030517578,80.86000061035156,72.39863586425781,542200,0.0,0.0
2016-11-08 00:00:00-05:00,80.70999908447266,81.95999908447266,80.27999877929688,81.08000183105469,72.59564208984375,452600,0.0,0.0
2016-11-09 00:00:00-05:00,80.0,81.94000244140625,79.20999908447266,81.79000091552734,73.48509979248047,645900,0.28,0.0
2016-11-10 00:00:00-05:00,82.20999908447266,82.91999816894531,80.87999725341797,81.16999816894531,72.92804718017578,483100,0.0,0.0
2016-11-11 00:00:00-05:00,80.98999786376953,81.69000244140625,79.94000244140625,80.0,71.87686157226562,661400,0.0,0.0
2016-11-14 00:00:00-05:00,80.58999633789062,80.76000213623047,77.45999908447266,77.55999755859375,69.68465423583984,837300,0.0,0.0
2016-11-15 00:00:00-05:00,77.05000305175781,78.30000305175781,76.63999938964844,77.51000213623047,69.63969421386719,824800,0.0,0.0
2016-11-16 00:00:00-05:00,77.37000274658203,78.9800033569336,77.26000213623047,77.93000030517578,70.01705932617188,633900,0.0,0.0
2016-11-17 00:00:00-05:00,78.44000244140625,79.66999816894531,77.72000122070312,79.5,71.4276123046875,556800,0.0,0.0
2016-11-18 00:00:00-05:00,79.58000183105469,79.94999694824219,79.37000274658203,79.69000244140625,71.59835052490234,557500,0.0,0.0
2016-11-21 00:00:00-05:00,80.23999786376953,80.69000244140625,80.01000213623047,80.41000366210938,72.2452392578125,480300,0.0,0.0
2016-11-22 00:00:00-05:00,80.61000061035156,80.80000305175781,79.75,80.01000213623047,71.88583374023438,370800,0.0,0.0
2016-11-23 00:00:00-05:00,79.79000091552734,80.20999908447266,79.29000091552734,80.19000244140625,72.04756164550781,363800,0.0,0.0
2016-11-25 00:00:00-05:00,80.2699966430664,81.0,80.25,80.77999877929688,72.57764434814453,196700,0.0,0.0
2016-11-28 00:00:00-05:00,80.3499984741211,80.93000030517578,80.19000244140625,80.27999877929688,72.12842559814453,342300,0.0,0.0
2016-11-29 00:00:00-05:00,80.58999633789062,81.19000244140625,80.5,80.62999725341797,72.44287872314453,396300,0.0,0.0
2016-11-30 00:00:00-05:00,81.06999969482422,81.06999969482422,78.76000213623047,78.80000305175781,70.79872131347656,982300,0.0,0.0
2016-12-01 00:00:00-05:00,78.75,79.26000213623047,76.5199966430664,77.13999938964844,69.30728912353516,1012700,0.0,0.0
2016-12-02 00:00:00-05:00,77.45999908447266,79.36000061035156,77.37999725341797,79.33000183105469,71.27490234375,593800,0.0,0.0
2016-12-05 00:00:00-05:00,79.80999755859375,80.94999694824219,79.80999755859375,80.75,72.55070495605469,496300,0.0,0.0
2016-12-06 00:00:00-05:00,80.81999969482422,81.0,78.80000305175781,79.48999786376953,71.41864776611328,887600,0.0,0.0
2016-12-07 00:00:00-05:00,79.86000061035156,80.87000274658203,78.7300033569336,80.76000213623047,72.55970764160156,541600,0.0,0.0
2016-12-08 00:00:00-05:00,80.6500015258789,81.01000213623047,79.88999938964844,80.69999694824219,72.50578308105469,584100,0.0,0.0
2016-12-09 00:00:00-05:00,80.8499984741211,81.76000213623047,80.77999877929688,81.45999908447266,73.1886215209961,375800,0.0,0.0
2016-12-12 00:00:00-05:00,81.25,81.31999969482422,80.23999786376953,80.4800033569336,72.30812072753906,645900,0.0,0.0
2016-12-13 00:00:00-05:00,81.0199966430664,81.83000183105469,80.8499984741211,81.04000091552734,72.81126403808594,794100,0.0,0.0
2016-12-14 00:00:00-05:00,81.12999725341797,81.79000091552734,79.41999816894531,79.8499984741211,71.74208068847656,604700,0.0,0.0
2016-12-15 00:00:00-05:00,79.80999755859375,81.2699966430664,79.77999877929688,80.54000091552734,72.36202239990234,637700,0.0,0.0
2016-12-16 00:00:00-05:00,80.80999755859375,80.87999725341797,79.86000061035156,79.9000015258789,71.7870101928711,1208100,0.0,0.0
2016-12-19 00:00:00-05:00,79.77999877929688,80.86000061035156,79.77999877929688,80.25,72.10145568847656,433900,0.0,0.0
2016-12-20 00:00:00-05:00,80.13999938964844,80.88999938964844,79.93000030517578,80.73999786376953,72.54171752929688,866900,0.0,0.0
2016-12-21 00:00:00-05:00,80.63999938964844,80.83999633789062,79.5999984741211,79.66000366210938,71.57138061523438,474900,0.0,0.0
2016-12-22 00:00:00-05:00,79.54000091552734,79.7699966430664,77.75,78.48999786376953,70.52019500732422,748400,0.0,0.0
2016-12-23 00:00:00-05:00,78.75,78.87000274658203,78.20999908447266,78.58999633789062,70.61003875732422,468800,0.0,0.0
2016-12-27 00:00:00-05:00,78.80000305175781,79.33000183105469,78.55000305175781,78.8499984741211,70.84362030029297,456100,0.0,0.0
2016-12-28 00:00:00-05:00,78.87000274658203,79.04000091552734,78.13999938964844,78.36000061035156,70.40336608886719,389600,0.0,0.0
2016-12-29 00:00:00-05:00,78.44999694824219,78.81999969482422,78.01000213623047,78.56999969482422,70.59205627441406,456300,0.0,0.0
2016-12-30 00:00:00-05:00,78.73999786376953,79.37000274658203,78.3499984741211,78.77999877929688,70.7807388305664,494700,0.0,0.0
2017-01-03 00:00:00-05:00,79.77999877929688,79.79000091552734,78.4000015258789,78.70999908447266,70.71783447265625,646000,0.0,0.0
2017-01-04 00:00:00-05:00,79.08000183105469,81.0999984741211,79.08000183105469,80.70999908447266,72.51476287841797,849200,0.0,0.0
2017-01-05 00:00:00-05:00,80.43000030517578,81.76000213623047,80.43000030517578,81.63999938964844,73.35031127929688,557500,0.0,0.0
2017-01-06 00:00:00-05:00,81.79000091552734,83.9000015258789,81.79000091552734,83.4000015258789,74.93163299560547,597800,0.0,0.0
2017-01-09 00:00:00-05:00,83.12000274658203,83.5199966430664,82.58999633789062,82.68000030517578,74.28472137451172,668100,0.0,0.0
2017-01-10 00:00:00-05:00,82.31999969482422,82.5999984741211,81.08999633789062,81.5199966430664,73.2425308227539,558900,0.0,0.0
2017-01-11 00:00:00-05:00,81.2300033569336,81.55999755859375,80.83999633789062,81.5199966430664,73.2425308227539,365500,0.0,0.0
2017-01-12 00:00:00-05:00,81.13999938964844,81.5999984741211,79.88999938964844,81.25,72.99993896484375,403200,0.0,0.0
2017-01-13 00:00:00-05:00,81.75,82.73999786376953,81.43000030517578,82.4000015258789,74.03317260742188,426500,0.0,0.0
2017-01-17 00:00:00-05:00,82.4800033569336,82.7300033569336,81.08999633789062,81.0999984741211,72.86518859863281,502600,0.0,0.0
2017-01-18 00:00:00-05:00,81.72000122070312,82.44999694824219,80.37999725341797,82.29000091552734,73.934326171875,705200,0.0,0.0
2017-01-19 00:00:00-05:00,82.33000183105469,82.62000274658203,81.11000061035156,81.16000366210938,72.91908264160156,499900,0.0,0.0
2017-01-20 00:00:00-05:00,81.4800033569336,82.0199966430664,81.31999969482422,81.75,73.44918060302734,345200,0.0,0.0
2017-01-23 00:00:00-05:00,81.44999694824219,82.23999786376953,81.25,82.12999725341797,73.79058074951172,471500,0.0,0.0
2017-01-24 00:00:00-05:00,82.37999725341797,82.75,81.52999877929688,82.20999908447266,73.86245727539062,555000,0.0,0.0
2017-01-25 00:00:00-05:00,82.87999725341797,83.11000061035156,82.44999694824219,82.72000122070312,74.3206787109375,473300,0.0,0.0
2017-01-26 00:00:00-05:00,82.63999938964844,83.58999633789062,81.98999786376953,83.51000213623047,75.03044128417969,825600,0.0,0.0
2017-01-27 00:00:00-05:00,83.55999755859375,83.83000183105469,82.52999877929688,82.76000213623047,74.35660552978516,509200,0.0,0.0
2017-01-30 00:00:00-05:00,82.37999725341797,83.70999908447266,81.31999969482422,83.61000061035156,75.12030029296875,485700,0.0,0.0
2017-01-31 00:00:00-05:00,83.63999938964844,83.6500015258789,82.44000244140625,82.75,74.34765625,523600,0.0,0.0
2017-02-01 00:00:00-05:00,83.19999694824219,84.58000183105469,82.62000274658203,83.75,75.24609375,1071300,0.0,0.0
2017-02-02 00:00:00-05:00,85.22000122070312,90.8499984741211,84.69000244140625,88.91000366210938,79.88216400146484,1723300,0.0,0.0
2017-02-03 00:00:00-05:00,89.97000122070312,93.69999694824219,89.97000122070312,91.6500015258789,82.34392547607422,1640400,0.0,0.0
2017-02-06 00:00:00-05:00,91.76000213623047,93.51000213623047,91.6500015258789,93.06999969482422,83.6197509765625,1481800,0.0,0.0
2017-02-07 00:00:00-05:00,93.66999816894531,94.80000305175781,92.33000183105469,92.6500015258789,83.24238586425781,921600,0.0,0.0
2017-02-08 00:00:00-05:00,92.51000213623047,93.16999816894531,91.97000122070312,92.61000061035156,83.20645904541016,580600,0.0,0.0
2017-02-09 00:00:00-05:00,92.61000061035156,93.31999969482422,90.16000366210938,90.33000183105469,81.15794372558594,1591200,0.0,0.0
2017-02-10 00:00:00-05:00,90.87999725341797,92.38999938964844,90.41999816894531,91.22000122070312,81.95757293701172,1110900,0.0,0.0
2017-02-13 00:00:00-05:00,91.62999725341797,92.93000030517578,91.4800033569336,92.79000091552734,83.36817169189453,637100,0.0,0.0
2017-02-14 00:00:00-05:00,92.69999694824219,96.33000183105469,92.5199966430664,93.94999694824219,84.41039276123047,2281600,0.0,0.0
2017-02-15 00:00:00-05:00,93.9800033569336,95.08000183105469,93.26000213623047,94.58000183105469,85.23041534423828,799600,0.28,0.0
2017-02-16 00:00:00-05:00,94.68000030517578,95.5,93.55999755859375,94.19999694824219,84.88797760009766,481000,0.0,0.0
2017-02-17 00:00:00-05:00,93.69000244140625,94.56999969482422,92.18000030517578,94.2699966430664,84.95106506347656,489200,0.0,0.0
2017-02-21 00:00:00-05:00,94.05000305175781,95.27999877929688,93.91999816894531,94.5199966430664,85.17636108398438,622700,0.0,0.0
2017-02-22 00:00:00-05:00,94.13999938964844,95.6500015258789,94.0,94.94999694824219,85.5638198852539,534300,0.0,0.0
2017-02-23 00:00:00-05:00,94.87000274658203,95.16999816894531,93.97000122070312,94.98999786376953,85.59989166259766,549500,0.0,0.0
2017-02-24 00:00:00-05:00,94.33999633789062,95.72000122070312,94.05999755859375,95.54000091552734,86.09555053710938,501600,0.0,0.0
2017-02-27 00:00:00-05:00,95.43000030517578,95.76000213623047,94.58999633789062,95.52999877929688,86.0865249633789,445100,0.0,0.0
2017-02-28 00:00:00-05:00,95.45999908447266,95.45999908447266,94.01000213623047,94.58999633789062,85.23945617675781,865600,0.0,0.0
2017-03-01 00:00:00-05:00,95.06999969482422,96.5,95.01000213623047,95.87999725341797,86.40188598632812,840500,0.0,0.0
2017-03-02 00:00:00-05:00,96.0,96.04000091552734,94.69999694824219,94.94999694824219,85.5638198852539,634100,0.0,0.0
2017-03-03 00:00:00-05:00,94.97000122070312,95.72000122070312,94.94999694824219,95.44000244140625,86.00541687011719,500500,0.0,0.0
2017-03-06 00:00:00-05:00,94.95999908447266,95.23999786376953,94.58000183105469,94.75,85.3836441040039,409900,0.0,0.0
2017-03-07 00:00:00-05:00,94.83999633789062,95.4800033569336,94.72000122070312,95.44999694824219,86.01443481445312,454900,0.0,0.0
2017-03-08 00:00:00-05:00,95.80000305175781,95.80000305175781,94.41999816894531,94.45999908447266,85.1222915649414,479100,0.0,0.0
2017-03-09 00:00:00-05:00,94.83000183105469,95.12000274658203,93.70999908447266,94.44000244140625,85.10428619384766,457500,0.0,0.0
2017-03-10 00:00:00-05:00,94.5999984741211,95.0199966430664,94.0999984741211,94.87000274658203,85.49177551269531,546200,0.0,0.0
2017-03-13 00:00:00-04:00,95.45999908447266,95.7300033569336,94.68000030517578,95.30000305175781,85.87923431396484,686100,0.0,0.0
2017-03-14 00:00:00-04:00,95.01000213623047,96.76000213623047,94.75,96.33000183105469,86.80744934082031,776500,0.0,0.0
2017-03-15 00:00:00-04:00,108.51000213623047,109.29000091552734,96.69999694824219,99.30999755859375,89.49285888671875,7131300,0.0,0.0
2017-03-16 00:00:00-04:00,99.33000183105469,99.76000213623047,97.44000244140625,97.66999816894531,88.01498413085938,1163600,0.0,0.0
2017-03-17 00:00:00-04:00,97.48999786376953,98.08000183105469,97.06999969482422,97.33000183105469,87.7085952758789,1185900,0.0,0.0
2017-03-20 00:00:00-04:00,97.27999877929688,97.98999786376953,96.29000091552734,97.41999816894531,87.78968048095703,544600,0.0,0.0
2017-03-21 00:00:00-04:00,97.91999816894531,98.37000274658203,95.1500015258789,95.55000305175781,86.10456085205078,620200,0.0,0.0
2017-03-22 00:00:00-04:00,95.80999755859375,97.41000366210938,95.05999755859375,96.11000061035156,86.60917663574219,608300,0.0,0.0
2017-03-23 00:00:00-04:00,96.12000274658203,98.25,95.95999908447266,97.12000274658203,87.51935577392578,470500,0.0,0.0
2017-03-24 00:00:00-04:00,97.19999694824219,98.45999908447266,96.43000030517578,97.44000244140625,87.80770874023438,439600,0.0,0.0
2017-03-27 00:00:00-04:00,96.5199966430664,97.23999786376953,96.02999877929688,96.62000274658203,87.06876373291016,458000,0.0,0.0
2017-03-28 00:00:00-04:00,96.61000061035156,97.31999969482422,96.18000030517578,96.61000061035156,87.05977630615234,426900,0.0,0.0
2017-03-29 00:00:00-04:00,96.44000244140625,96.81999969482422,96.0999984741211,96.4000015258789,86.87052154541016,278700,0.0,0.0
2017-03-30 00:00:00-04:00,96.29000091552734,96.91000366210938,96.1500015258789,96.70999908447266,87.1498794555664,194300,0.0,0.0
2017-03-31 00:00:00-04:00,96.55999755859375,97.93000030517578,96.27999877929688,97.19000244140625,87.58242797851562,428300,0.0,0.0
2017-04-03 00:00:00-04:00,97.47000122070312,98.23999786376953,96.3499984741211,96.76000213623047,87.1949462890625,410400,0.0,0.0
2017-04-04 00:00:00-04:00,96.55999755859375,97.25,95.93000030517578,96.58999633789062,87.04173278808594,570500,0.0,0.0
2017-04-05 00:00:00-04:00,97.04000091552734,98.87000274658203,96.66000366210938,97.8499984741211,88.17716979980469,623100,0.0,0.0
2017-04-06 00:00:00-04:00,97.83999633789062,97.95999908447266,96.66999816894531,97.79000091552734,88.12312316894531,303700,0.0,0.0
2017-04-07 00:00:00-04:00,97.3499984741211,98.38999938964844,96.94000244140625,97.93000030517578,88.24925994873047,544100,0.0,0.0
2017-04-10 00:00:00-04:00,97.5,98.33999633789062,96.68000030517578,97.25,87.636474609375,299400,0.0,0.0
2017-04-11 00:00:00-04:00,97.2300033569336,97.5199966430664,95.01000213623047,97.5,87.86177062988281,610300,0.0,0.0
2017-04-12 00:00:00-04:00,97.30000305175781,97.86000061035156,96.31999969482422,97.30999755859375,87.69056701660156,385400,0.0,0.0
2017-04-13 00:00:00-04:00,97.11000061035156,97.29000091552734,95.8499984741211,96.26000213623047,86.74434661865234,324800,0.0,0.0
2017-04-17 00:00:00-04:00,96.31999969482422,98.0,96.27999877929688,97.98999786376953,88.30335998535156,293800,0.0,0.0
2017-04-18 00:00:00-04:00,97.8499984741211,98.62999725341797,97.16000366210938,97.69999694824219,88.04199981689453,297200,0.0,0.0
2017-04-19 00:00:00-04:00,97.98999786376953,98.51000213623047,97.63999938964844,98.1500015258789,88.4475326538086,313600,0.0,0.0
2017-04-20 00:00:00-04:00,98.5999984741211,99.08999633789062,98.13999938964844,98.7300033569336,88.97019958496094,228600,0.0,0.0
2017-04-21 00:00:00-04:00,98.8499984741211,99.16999816894531,97.63999938964844,98.02999877929688,88.33936309814453,246900,0.0,0.0
2017-04-24 00:00:00-04:00,99.41000366210938,99.41000366210938,97.79000091552734,98.66000366210938,88.90709686279297,369300,0.0,0.0
2017-04-25 00:00:00-04:00,99.55000305175781,100.2300033569336,99.05000305175781,99.44999694824219,89.61902618408203,321900,0.0,0.0
2017-04-26 00:00:00-04:00,99.5,99.83000183105469,98.4800033569336,99.62000274658203,89.77220916748047,376300,0.0,0.0
2017-04-27 00:00:00-04:00,99.91000366210938,100.69999694824219,99.72000122070312,100.4000015258789,90.47511291503906,351000,0.0,0.0
2017-04-28 00:00:00-04:00,100.72000122070312,100.7699966430664,99.86000061035156,100.31999969482422,90.40301513671875,288400,0.0,0.0
2017-05-01 00:00:00-04:00,100.91999816894531,101.62000274658203,99.11000061035156,100.62999725341797,90.68238067626953,309200,0.0,0.0
2017-05-02 00:00:00-04:00,100.72000122070312,101.9800033569336,100.22000122070312,101.94000244140625,91.86287689208984,384100,0.0,0.0
2017-05-03 00:00:00-04:00,101.19999694824219,101.88999938964844,100.12000274658203,101.41000366210938,91.3852767944336,707500,0.0,0.0
2017-05-04 00:00:00-04:00,101.20999908447266,101.5999984741211,96.38999938964844,97.58999633789062,87.94288635253906,1024200,0.0,0.0
2017-05-05 00:00:00-04:00,97.83999633789062,99.61000061035156,96.73999786376953,99.54000091552734,89.70012664794922,502600,0.0,0.0
2017-05-08 00:00:00-04:00,99.56999969482422,99.8499984741211,97.05999755859375,98.20999908447266,88.50157928466797,385500,0.0,0.0
2017-05-09 00:00:00-04:00,98.4800033569336,98.9000015258789,97.43000030517578,97.6500015258789,87.99696350097656,402100,0.0,0.0
2017-05-10 00:00:00-04:00,97.72000122070312,98.33999633789062,96.7699966430664,98.2699966430664,88.5556411743164,485700,0.0,0.0
2017-05-11 00:00:00-04:00,98.0199966430664,98.55000305175781,97.41999816894531,98.27999877929688,88.56465148925781,255800,0.0,0.0
2017-05-12 00:00:00-04:00,98.11000061035156,98.97000122070312,97.2300033569336,97.7699966430664,88.10507202148438,302500,0.0,0.0
2017-05-15 00:00:00-04:00,98.12999725341797,99.37999725341797,97.87000274658203,98.80000305175781,89.03327178955078,551800,0.0,0.0
2017-05-16 00:00:00-04:00,98.87999725341797,98.91000366210938,97.9000015258789,98.1500015258789,88.4475326538086,396100,0.0,0.0
2017-05-17 00:00:00-04:00,97.87000274658203,97.87999725341797,96.31999969482422,97.0199966430664,87.6793441772461,460700,0.28,0.0
2017-05-18 00:00:00-04:00,96.94000244140625,97.44999694824219,96.12000274658203,97.26000213623047,87.8962631225586,490400,0.0,0.0
2017-05-19 00:00:00-04:00,97.61000061035156,99.12999725341797,97.51000213623047,98.87999725341797,89.36029052734375,283300,0.0,0.0
2017-05-22 00:00:00-04:00,99.05000305175781,99.76000213623047,98.41000366210938,99.36000061035156,89.79408264160156,241000,0.0,0.0
2017-05-23 00:00:00-04:00,99.87999725341797,99.87999725341797,98.20999908447266,98.91000366210938,89.38739776611328,253900,0.0,0.0
2017-05-24 00:00:00-04:00,99.0,100.1500015258789,98.52999877929688,100.01000213623047,90.38153076171875,226500,0.0,0.0
2017-05-25 00:00:00-04:00,100.19999694824219,101.2300033569336,99.91000366210938,100.93000030517578,91.2129135131836,221000,0.0,0.0
2017-05-26 00:00:00-04:00,100.62999725341797,101.30000305175781,100.27999877929688,100.51000213623047,90.8333740234375,218500,0.0,0.0
2017-05-30 00:00:00-04:00,100.33000183105469,101.0,99.81999969482422,100.06999969482422,90.43572998046875,293400,0.0,0.0
2017-05-31 00:00:00-04:00,100.75,102.18000030517578,100.25,101.7300033569336,91.93590545654297,851400,0.0,0.0
2017-06-01 00:00:00-04:00,102.11000061035156,104.05999755859375,101.87000274658203,104.0199966430664,94.00545501708984,349500,0.0,0.0
2017-06-02 00:00:00-04:00,103.97000122070312,104.86000061035156,103.4800033569336,104.45999908447266,94.40308380126953,303000,0.0,0.0
2017-06-05 00:00:00-04:00,103.97000122070312,105.4000015258789,103.97000122070312,104.58999633789062,94.52054595947266,272700,0.0,0.0
2017-06-06 00:00:00-04:00,104.19999694824219,105.05000305175781,103.80000305175781,104.16999816894531,94.14099884033203,336200,0.0,0.0
2017-06-07 00:00:00-04:00,104.30000305175781,104.86000061035156,103.47000122070312,103.93000030517578,93.9240951538086,278900,0.0,0.0
2017-06-08 00:00:00-04:00,103.87999725341797,104.37000274658203,103.01000213623047,103.5999984741211,93.62588500976562,230300,0.0,0.0
2017-06-09 00:00:00-04:00,103.30999755859375,104.54000091552734,102.72000122070312,104.0199966430664,94.00545501708984,250600,0.0,0.0
2017-06-12 00:00:00-04:00,103.9000015258789,104.56999969482422,102.80999755859375,103.81999969482422,93.8246841430664,283700,0.0,0.0
2017-06-13 00:00:00-04:00,104.58999633789062,105.9800033569336,104.30999755859375,105.9000015258789,95.70442199707031,239800,0.0,0.0
2017-06-14 00:00:00-04:00,105.9000015258789,106.69000244140625,105.0199966430664,105.38999938964844,95.24354553222656,297300,0.0,0.0
2017-06-15 00:00:00-04:00,104.4800033569336,105.75,104.37000274658203,105.69000244140625,95.51464080810547,211200,0.0,0.0
2017-06-16 00:00:00-04:00,105.47000122070312,105.91000366210938,104.58000183105469,105.62000274658203,95.45140838623047,719800,0.0,0.0
2017-06-19 00:00:00-04:00,106.0,106.80000305175781,105.7300033569336,106.16999816894531,95.94842529296875,449300,0.0,0.0
2017-06-20 00:00:00-04:00,106.08000183105469,106.30000305175781,103.12999725341797,103.58000183105469,93.6077880859375,629400,0.0,0.0
2017-06-21 00:00:00-04:00,103.75,104.80999755859375,101.3499984741211,101.83000183105469,92.02629089355469,696600,0.0,0.0
2017-06-22 00:00:00-04:00,101.98999786376953,103.55999755859375,101.63999938964844,103.33000183105469,93.38186645507812,692400,0.0,0.0
2017-06-23 00:00:00-04:00,103.91000366210938,104.91000366210938,102.72000122070312,104.72000122070312,94.63803100585938,841200,0.0,0.0
2017-06-26 00:00:00-04:00,105.0,105.12000274658203,103.22000122070312,104.22000122070312,94.1861572265625,314500,0.0,0.0
2017-06-27 00:00:00-04:00,104.33999633789062,104.33999633789062,102.61000061035156,102.69000244140625,92.803466796875,237700,0.0,0.0
2017-06-28 00:00:00-04:00,103.37999725341797,105.36000061035156,103.19000244140625,105.0,94.89108276367188,284700,0.0,0.0
2017-06-29 00:00:00-04:00,105.05999755859375,105.05999755859375,103.77999877929688,104.06999969482422,94.05062103271484,361200,0.0,0.0
2017-06-30 00:00:00-04:00,104.69999694824219,104.70999908447266,102.94999694824219,102.98999786376953,93.0746078491211,305600,0.0,0.0
2017-07-03 00:00:00-04:00,103.44000244140625,103.81999969482422,102.54000091552734,102.79000091552734,92.89386749267578,193900,0.0,0.0
2017-07-05 00:00:00-04:00,103.05999755859375,103.41000366210938,102.6500015258789,103.08000183105469,93.15593719482422,388900,0.0,0.0
2017-07-06 00:00:00-04:00,102.54000091552734,103.3499984741211,100.83999633789062,102.27999877929688,92.43294525146484,684100,0.0,0.0
2017-07-07 00:00:00-04:00,102.69999694824219,103.22000122070312,102.27999877929688,102.54000091552734,92.66790771484375,428900,0.0,0.0
2017-07-10 00:00:00-04:00,102.75,103.69000244140625,102.62999725341797,102.98999786376953,93.0746078491211,517700,0.0,0.0
2017-07-11 00:00:00-04:00,103.7300033569336,105.73999786376953,103.16000366210938,105.25,95.11701965332031,737200,0.0,0.0
2017-07-12 00:00:00-04:00,105.73999786376953,106.2699966430664,103.80000305175781,105.4000015258789,95.25257110595703,369300,0.0,0.0
2017-07-13 00:00:00-04:00,105.47000122070312,106.25,104.37999725341797,106.0999984741211,95.88516235351562,545700,0.0,0.0
2017-07-14 00:00:00-04:00,106.11000061035156,108.19999694824219,105.11000061035156,107.44999694824219,97.10518646240234,316500,0.0,0.0
2017-07-17 00:00:00-04:00,107.3499984741211,107.80999755859375,106.7699966430664,106.9800033569336,96.68047332763672,236700,0.0,0.0
2017-07-18 00:00:00-04:00,106.80000305175781,107.45999908447266,105.9000015258789,106.9800033569336,96.68047332763672,313500,0.0,0.0
2017-07-19 00:00:00-04:00,107.30000305175781,107.8499984741211,106.9000015258789,107.58999633789062,97.23172760009766,247900,0.0,0.0
2017-07-20 00:00:00-04:00,107.79000091552734,108.2699966430664,107.19000244140625,107.4000015258789,97.06001281738281,139700,0.0,0.0
2017-07-21 00:00:00-04:00,107.16999816894531,108.37999725341797,107.12000274658203,108.1500015258789,97.73779296875,148500,0.0,0.0
2017-07-24 00:00:00-04:00,108.13999938964844,109.22000122070312,108.01000213623047,108.9800033569336,98.48789978027344,276800,0.0,0.0
2017-07-25 00:00:00-04:00,109.5999984741211,110.52999877929688,109.25,110.26000213623047,99.64466094970703,544400,0.0,0.0
2017-07-26 00:00:00-04:00,110.73999786376953,110.7699966430664,110.12000274658203,110.3499984741211,99.72600555419922,327700,0.0,0.0
2017-07-27 00:00:00-04:00,110.80000305175781,110.80000305175781,109.19999694824219,109.80999755859375,99.23798370361328,430400,0.0,0.0
2017-07-28 00:00:00-04:00,109.75,110.58000183105469,108.62000274658203,110.37000274658203,99.74406433105469,305700,0.0,0.0
2017-07-31 00:00:00-04:00,110.5,110.58999633789062,108.94000244140625,108.94999694824219,98.46078491210938,312900,0.0,0.0
2017-08-01 00:00:00-04:00,109.44000244140625,111.05000305175781,108.83999633789062,110.48999786376953,99.8525161743164,267600,0.0,0.0
2017-08-02 00:00:00-04:00,110.37000274658203,110.63999938964844,107.23999786376953,108.6500015258789,98.18968200683594,357000,0.0,0.0
2017-08-03 00:00:00-04:00,109.69999694824219,112.29000091552734,107.56999969482422,111.70999908447266,100.95509338378906,391000,0.0,0.0
2017-08-04 00:00:00-04:00,112.5,113.37999725341797,110.62999725341797,111.16999816894531,100.467041015625,505400,0.0,0.0
2017-08-07 00:00:00-04:00,111.16000366210938,111.91999816894531,110.8499984741211,111.19999694824219,100.49417114257812,461400,0.0,0.0
2017-08-08 00:00:00-04:00,111.12999725341797,111.18000030517578,109.79000091552734,110.38999938964844,99.76216125488281,358200,0.0,0.0
2017-08-09 00:00:00-04:00,110.25,110.36000061035156,109.01000213623047,109.68000030517578,99.12051391601562,387800,0.0,0.0
2017-08-10 00:00:00-04:00,109.44000244140625,110.26000213623047,107.12999725341797,107.26000213623047,96.93350219726562,396600,0.0,0.0
2017-08-11 00:00:00-04:00,107.36000061035156,108.0199966430664,106.12999725341797,107.12999725341797,96.81598663330078,529900,0.0,0.0
2017-08-14 00:00:00-04:00,108.19999694824219,110.80000305175781,107.33999633789062,110.27999877929688,99.66273498535156,572600,0.0,0.0
2017-08-15 00:00:00-04:00,110.48999786376953,110.77999877929688,109.1500015258789,109.2699966430664,98.74996948242188,260800,0.0,0.0
2017-08-16 00:00:00-04:00,109.72000122070312,112.48999786376953,109.4000015258789,112.19000244140625,101.74270629882812,327700,0.38,0.0
2017-08-17 00:00:00-04:00,112.12999725341797,112.63999938964844,110.25,110.33999633789062,100.06494903564453,328800,0.0,0.0
2017-08-18 00:00:00-04:00,110.77999877929688,111.5,110.05000305175781,111.12000274658203,100.77235412597656,506100,0.0,0.0
2017-08-21 00:00:00-04:00,110.9800033569336,111.9000015258789,110.01000213623047,110.31999969482422,100.04681396484375,194000,0.0,0.0
2017-08-22 00:00:00-04:00,110.73999786376953,113.36000061035156,110.55000305175781,112.97000122070312,102.45003509521484,384900,0.0,0.0
2017-08-23 00:00:00-04:00,112.4000015258789,112.83000183105469,111.55999755859375,112.22000122070312,101.76988983154297,428800,0.0,0.0
2017-08-24 00:00:00-04:00,112.8499984741211,112.94999694824219,111.83999633789062,112.0199966430664,101.5885238647461,340000,0.0,0.0
2017-08-25 00:00:00-04:00,112.38999938964844,114.77999877929688,112.25,114.26000213623047,103.6198959350586,416600,0.0,0.0
2017-08-28 00:00:00-04:00,114.47000122070312,115.37000274658203,113.41000366210938,113.98999786376953,103.37506866455078,453700,0.0,0.0
2017-08-29 00:00:00-04:00,113.55999755859375,114.86000061035156,112.91999816894531,113.08000183105469,102.54979705810547,333700,0.0,0.0
2017-08-30 00:00:00-04:00,112.9800033569336,113.56999969482422,112.51000213623047,112.98999786376953,102.46819305419922,210400,0.0,0.0
2017-08-31 00:00:00-04:00,113.2699966430664,115.1500015258789,112.87000274658203,114.61000061035156,103.93733215332031,771700,0.0,0.0
2017-09-01 00:00:00-04:00,115.27999877929688,115.7699966430664,114.2300033569336,115.44999694824219,104.69911193847656,333200,0.0,0.0
2017-09-05 00:00:00-04:00,115.16000366210938,115.4800033569336,112.86000061035156,113.12999725341797,102.59514617919922,314300,0.0,0.0
2017-09-06 00:00:00-04:00,113.47000122070312,113.75,111.44999694824219,112.08999633789062,101.6519775390625,386200,0.0,0.0
2017-09-07 00:00:00-04:00,112.37000274658203,114.12000274658203,112.16000366210938,114.0199966430664,103.40227508544922,337300,0.0,0.0
2017-09-08 00:00:00-04:00,113.62000274658203,115.93000030517578,113.5,114.88999938964844,104.19124603271484,396300,0.0,0.0
2017-09-11 00:00:00-04:00,115.61000061035156,115.9800033569336,114.8499984741211,115.7699966430664,104.98930358886719,332900,0.0,0.0
2017-09-12 00:00:00-04:00,116.25,118.05999755859375,115.68000030517578,117.73999786376953,106.7758560180664,624700,0.0,0.0
2017-09-13 00:00:00-04:00,117.04000091552734,117.13999938964844,114.2699966430664,114.29000091552734,103.64713287353516,373400,0.0,0.0
2017-09-14 00:00:00-04:00,114.30000305175781,115.48999786376953,111.66000366210938,113.45999908447266,102.89441680908203,541300,0.0,0.0
2017-09-15 00:00:00-04:00,112.72000122070312,113.70999908447266,112.31999969482422,113.30000305175781,102.74932098388672,909300,0.0,0.0
2017-09-18 00:00:00-04:00,113.44999694824219,114.41000366210938,112.11000061035156,113.1500015258789,102.61331176757812,459200,0.0,0.0
2017-09-19 00:00:00-04:00,113.4000015258789,114.19000244140625,113.12000274658203,113.80999755859375,103.21183013916016,599200,0.0,0.0
2017-09-20 00:00:00-04:00,113.9800033569336,114.97000122070312,113.58000183105469,114.29000091552734,103.64713287353516,451700,0.0,0.0
2017-09-21 00:00:00-04:00,114.37000274658203,115.31999969482422,114.0199966430664,115.30000305175781,104.56307983398438,276800,0.0,0.0
2017-09-22 00:00:00-04:00,115.16999816894531,117.66999816894531,115.16999816894531,117.41999816894531,106.48566436767578,308600,0.0,0.0
2017-09-25 00:00:00-04:00,117.20999908447266,117.20999908447266,114.4000015258789,116.01000213623047,105.2069320678711,323200,0.0,0.0
2017-09-26 00:00:00-04:00,116.18000030517578,116.87000274658203,115.19000244140625,115.19000244140625,104.46329498291016,232000,0.0,0.0
2017-09-27 00:00:00-04:00,115.94000244140625,116.38999938964844,114.55000305175781,115.76000213623047,104.9802474975586,298000,0.0,0.0
2017-09-28 00:00:00-04:00,115.62000274658203,116.9800033569336,115.25,116.97000122070312,106.07755279541016,307300,0.0,0.0
2017-09-29 00:00:00-04:00,116.9800033569336,118.58999633789062,116.52999877929688,116.9000015258789,106.01406860351562,503500,0.0,0.0
2017-10-02 00:00:00-04:00,117.62000274658203,118.25,116.9000015258789,116.9800033569336,106.0866470336914,606900,0.0,0.0
2017-10-03 00:00:00-04:00,116.9800033569336,118.79000091552734,116.94999694824219,118.51000213623047,107.47415161132812,420300,0.0,0.0
2017-10-04 00:00:00-04:00,118.68000030517578,120.19000244140625,118.12000274658203,120.13999938964844,108.95236206054688,383300,0.0,0.0
2017-10-05 00:00:00-04:00,120.19999694824219,121.0999984741211,119.66999816894531,121.0999984741211,109.82296752929688,332600,0.0,0.0
2017-10-06 00:00:00-04:00,121.19999694824219,121.4000015258789,120.36000061035156,121.27999877929688,109.9862060546875,379200,0.0,0.0
2017-10-09 00:00:00-04:00,121.26000213623047,121.79000091552734,120.7699966430664,121.54000091552734,110.22198486328125,342900,0.0,0.0
2017-10-10 00:00:00-04:00,121.54000091552734,121.94000244140625,120.55999755859375,121.91999816894531,110.56661987304688,241900,0.0,0.0
2017-10-11 00:00:00-04:00,121.8499984741211,122.2699966430664,121.27999877929688,121.87999725341797,110.53031921386719,344000,0.0,0.0
2017-10-12 00:00:00-04:00,122.08000183105469,123.12000274658203,121.9000015258789,122.7300033569336,111.30119323730469,261700,0.0,0.0
2017-10-13 00:00:00-04:00,123.13999938964844,123.18000030517578,122.01000213623047,122.08999633789062,110.72077941894531,320500,0.0,0.0
2017-10-16 00:00:00-04:00,122.29000091552734,124.51000213623047,122.29000091552734,123.4800033569336,111.98133850097656,849000,0.0,0.0
2017-10-17 00:00:00-04:00,123.3499984741211,123.41000366210938,122.05999755859375,122.44999694824219,111.0472412109375,242300,0.0,0.0
2017-10-18 00:00:00-04:00,123.20999908447266,123.48999786376953,122.48999786376953,122.58999633789062,111.1742172241211,328800,0.0,0.0
2017-10-19 00:00:00-04:00,122.04000091552734,122.47000122070312,121.19999694824219,122.0,110.63917541503906,371400,0.0,0.0
2017-10-20 00:00:00-04:00,123.0,123.38999938964844,121.8499984741211,122.0,110.63917541503906,308400,0.0,0.0
2017-10-23 00:00:00-04:00,122.66000366210938,122.73999786376953,121.58000183105469,121.69999694824219,110.36708068847656,309600,0.0,0.0
2017-10-24 00:00:00-04:00,122.16000366210938,122.16000366210938,120.30000305175781,120.44999694824219,109.23350524902344,393000,0.0,0.0
2017-10-25 00:00:00-04:00,120.62999725341797,120.81999969482422,118.30000305175781,118.54000091552734,107.5013656616211,494700,0.0,0.0
2017-10-26 00:00:00-04:00,119.11000061035156,120.91999816894531,118.7300033569336,120.25,109.05211639404297,1003200,0.0,0.0
2017-10-27 00:00:00-04:00,121.12999725341797,121.12999725341797,119.27999877929688,120.0,108.82540130615234,529700,0.0,0.0
2017-10-30 00:00:00-04:00,119.2699966430664,119.63999938964844,117.43000030517578,117.6500015258789,106.69422149658203,450300,0.0,0.0
2017-10-31 00:00:00-04:00,116.95999908447266,118.13999938964844,116.66999816894531,117.36000061035156,106.43123626708984,877900,0.0,0.0
2017-11-01 00:00:00-04:00,118.20999908447266,119.48999786376953,117.27999877929688,117.58999633789062,106.63982391357422,548300,0.0,0.0
2017-11-02 00:00:00-04:00,116.41000366210938,127.2300033569336,115.16999816894531,125.41999816894531,113.74069213867188,739800,0.0,0.0
2017-11-03 00:00:00-04:00,125.97000122070312,127.05000305175781,122.5199966430664,126.04000091552734,114.30294036865234,571400,0.0,0.0
2017-11-06 00:00:00-05:00,126.52999877929688,127.77999877929688,126.0,127.69999694824219,115.80836486816406,723500,0.0,0.0
2017-11-07 00:00:00-05:00,127.58999633789062,128.0,125.5999984741211,125.9800033569336,114.24853515625,262100,0.0,0.0
2017-11-08 00:00:00-05:00,126.2300033569336,127.63999938964844,126.16999816894531,127.0999984741211,115.26422882080078,228200,0.0,0.0
2017-11-09 00:00:00-05:00,126.4800033569336,127.94999694824219,125.9000015258789,127.87999725341797,115.97159576416016,308100,0.0,0.0
2017-11-10 00:00:00-05:00,127.70999908447266,127.70999908447266,124.87000274658203,125.0199966430664,113.3779296875,312100,0.0,0.0
2017-11-13 00:00:00-05:00,124.54000091552734,125.87000274658203,124.29000091552734,125.45999908447266,113.7769546508789,350700,0.0,0.0
2017-11-14 00:00:00-05:00,124.93000030517578,126.47000122070312,124.7699966430664,125.12000274658203,113.46862030029297,452500,0.0,0.0
2017-11-15 00:00:00-05:00,124.26000213623047,125.5999984741211,123.80000305175781,124.2300033569336,112.66150665283203,293200,0.0,0.0
2017-11-16 00:00:00-05:00,124.16999816894531,126.7300033569336,124.16999816894531,125.37999725341797,114.05329895019531,409900,0.38,0.0
2017-11-17 00:00:00-05:00,124.83999633789062,126.73999786376953,124.83999633789062,126.58000183105469,115.14486694335938,274600,0.0,0.0
2017-11-20 00:00:00-05:00,127.02999877929688,128.32000732421875,126.80999755859375,127.19000244140625,115.69978332519531,240300,0.0,0.0
2017-11-21 00:00:00-05:00,128.57000732421875,128.89999389648438,126.91999816894531,127.5,115.98176574707031,437200,0.0,0.0
2017-11-22 00:00:00-05:00,127.69000244140625,128.85000610351562,126.4000015258789,127.5,115.98176574707031,304600,0.0,0.0
2017-11-24 00:00:00-05:00,128.02000427246094,129.11000061035156,127.5,128.89999389648438,117.2552719116211,95600,0.0,0.0
2017-11-27 00:00:00-05:00,129.08999633789062,129.27000427246094,128.41000366210938,128.75,117.11880493164062,281300,0.0,0.0
2017-11-28 00:00:00-05:00,129.4199981689453,129.97000122070312,128.6699981689453,129.35000610351562,117.66462707519531,468800,0.0,0.0
2017-11-29 00:00:00-05:00,129.77999877929688,129.91000366210938,126.43000030517578,127.7300033569336,116.19096374511719,425300,0.0,0.0
2017-11-30 00:00:00-05:00,128.19000244140625,129.1999969482422,127.58000183105469,128.6999969482422,117.07335662841797,481900,0.0,0.0
2017-12-01 00:00:00-05:00,128.64999389648438,129.07000732421875,126.33000183105469,128.9499969482422,117.30075073242188,352600,0.0,0.0
2017-12-04 00:00:00-05:00,129.9199981689453,130.5800018310547,127.31999969482422,127.56999969482422,116.0454330444336,597200,0.0,0.0
2017-12-05 00:00:00-05:00,127.70999908447266,129.3300018310547,127.41000366210938,128.36000061035156,116.76406860351562,379200,0.0,0.0
2017-12-06 00:00:00-05:00,128.30999755859375,129.55999755859375,127.77999877929688,128.0,116.43659210205078,220500,0.0,0.0
2017-12-07 00:00:00-05:00,127.6500015258789,129.25,127.27999877929688,128.2100067138672,116.62762451171875,271400,0.0,0.0
2017-12-08 00:00:00-05:00,128.49000549316406,128.77999877929688,127.45999908447266,127.70999908447266,116.17277526855469,324700,0.0,0.0
2017-12-11 00:00:00-05:00,127.62000274658203,128.6999969482422,127.44000244140625,128.33999633789062,116.74588012695312,397300,0.0,0.0
2017-12-12 00:00:00-05:00,128.5,129.67999267578125,127.58000183105469,128.0,116.43659210205078,1082700,0.0,0.0
2017-12-13 00:00:00-05:00,128.2100067138672,128.6999969482422,126.98999786376953,127.29000091552734,115.79075622558594,734800,0.0,0.0
2017-12-14 00:00:00-05:00,127.02999877929688,128.07000732421875,126.93000030517578,127.55000305175781,116.02725982666016,370900,0.0,0.0
2017-12-15 00:00:00-05:00,128.11000061035156,130.07000732421875,127.31999969482422,127.93000030517578,116.37291717529297,719300,0.0,0.0
2017-12-18 00:00:00-05:00,128.4600067138672,128.8699951171875,126.45999908447266,127.27999877929688,115.7816390991211,768000,0.0,0.0
2017-12-19 00:00:00-05:00,127.41999816894531,128.4199981689453,126.44000244140625,126.97000122070312,115.49964141845703,400900,0.0,0.0
2017-12-20 00:00:00-05:00,127.94999694824219,129.4600067138672,127.02999877929688,128.16000366210938,116.58213806152344,354000,0.0,0.0
2017-12-21 00:00:00-05:00,128.50999450683594,129.3699951171875,128.14999389648438,128.6199951171875,117.00057983398438,359800,0.0,0.0
2017-12-22 00:00:00-05:00,128.52000427246094,128.52000427246094,126.69000244140625,128.3300018310547,116.73678588867188,228600,0.0,0.0
2017-12-26 00:00:00-05:00,127.91000366210938,128.10000610351562,125.1500015258789,125.5999984741211,114.25338745117188,386500,0.0,0.0
2017-12-27 00:00:00-05:00,125.73999786376953,126.47000122070312,124.94000244140625,125.47000122070312,114.13516235351562,568500,0.0,0.0
2017-12-28 00:00:00-05:00,125.80000305175781,126.62999725341797,124.08000183105469,126.37999725341797,114.96292114257812,478700,0.0,0.0
2017-12-29 00:00:00-05:00,126.7300033569336,127.54000091552734,126.36000061035156,126.54000091552734,115.10851287841797,315300,0.0,0.0
2018-01-02 00:00:00-05:00,127.51000213623047,128.0399932861328,126.51000213623047,127.68000030517578,116.1454849243164,562700,0.0,0.0
2018-01-03 00:00:00-05:00,128.10000610351562,129.72000122070312,128.10000610351562,129.6199951171875,117.91026306152344,437200,0.0,0.0
2018-01-04 00:00:00-05:00,130.10000610351562,132.49000549316406,130.10000610351562,131.66000366210938,119.76594543457031,461900,0.0,0.0
2018-01-05 00:00:00-05:00,131.7899932861328,133.08999633789062,131.5399932861328,133.02999877929688,121.01213836669922,395800,0.0,0.0
2018-01-08 00:00:00-05:00,133.02000427246094,133.8699951171875,132.82000732421875,133.2100067138672,121.17593383789062,216900,0.0,0.0
2018-01-09 00:00:00-05:00,133.5800018310547,134.3300018310547,132.88999938964844,134.10000610351562,121.98555755615234,319600,0.0,0.0
2018-01-10 00:00:00-05:00,134.1999969482422,134.1999969482422,132.88999938964844,133.75,121.66716003417969,242000,0.0,0.0
2018-01-11 00:00:00-05:00,134.02000427246094,135.24000549316406,133.75999450683594,134.75999450683594,122.58590698242188,480800,0.0,0.0
2018-01-12 00:00:00-05:00,135.32000732421875,136.92999267578125,135.05999755859375,135.88999938964844,123.61380767822266,461300,0.0,0.0
2018-01-16 00:00:00-05:00,135.74000549316406,136.77000427246094,134.19000244140625,134.3300018310547,122.19475555419922,265400,0.0,0.0
2018-01-17 00:00:00-05:00,135.1199951171875,136.7899932861328,135.1199951171875,135.8000030517578,123.53193664550781,418800,0.0,0.0
2018-01-18 00:00:00-05:00,136.0800018310547,137.7100067138672,135.32000732421875,136.82000732421875,124.45982360839844,331600,0.0,0.0
2018-01-19 00:00:00-05:00,137.33999633789062,138.36000061035156,137.22000122070312,138.25,125.7606201171875,216300,0.0,0.0
2018-01-22 00:00:00-05:00,138.27000427246094,139.32000732421875,137.35000610351562,139.27000427246094,126.68849182128906,231800,0.0,0.0
2018-01-23 00:00:00-05:00,139.42999267578125,140.3699951171875,138.02000427246094,140.10000610351562,127.4435043334961,221500,0.0,0.0
2018-01-24 00:00:00-05:00,140.55999755859375,141.0,138.00999450683594,138.07000732421875,125.59684753417969,365500,0.0,0.0
2018-01-25 00:00:00-05:00,139.0500030517578,139.0500030517578,137.19000244140625,137.86000061035156,125.4058609008789,470000,0.0,0.0
2018-01-26 00:00:00-05:00,138.5,140.6699981689453,137.1699981689453,140.57000732421875,127.87104797363281,351400,0.0,0.0
2018-01-29 00:00:00-05:00,140.14999389648438,141.9499969482422,138.0,138.0500030517578,125.57872009277344,413400,0.0,0.0
2018-01-30 00:00:00-05:00,136.99000549316406,139.5,135.52000427246094,138.3000030517578,125.80606842041016,538900,0.0,0.0
2018-01-31 00:00:00-05:00,138.8800048828125,139.82000732421875,137.2899932861328,139.22999572753906,126.65210723876953,747600,0.0,0.0
2018-02-01 00:00:00-05:00,143.75,149.14999389648438,142.0,146.32000732421875,133.10162353515625,1160800,0.0,0.0
2018-02-02 00:00:00-05:00,146.9499969482422,148.5399932861328,142.32000732421875,142.52999877929688,129.65399169921875,749900,0.0,0.0
2018-02-05 00:00:00-05:00,141.55999755859375,142.67999267578125,135.55999755859375,135.67999267578125,123.42279052734375,677700,0.0,0.0
2018-02-06 00:00:00-05:00,132.92999267578125,139.66000366210938,131.99000549316406,138.88999938964844,126.34275817871094,1200800,0.0,0.0
2018-02-07 00:00:00-05:00,138.69000244140625,141.22999572753906,137.24000549316406,139.75999450683594,127.13422393798828,745400,0.0,0.0
2018-02-08 00:00:00-05:00,140.1300048828125,140.74000549316406,133.72999572753906,133.80999755859375,121.7217025756836,1023200,0.0,0.0
2018-02-09 00:00:00-05:00,135.89999389648438,137.47999572753906,131.25999450683594,136.47999572753906,124.15054321289062,849200,0.0,0.0
2018-02-12 00:00:00-05:00,137.88999938964844,139.52999877929688,136.19000244140625,137.52999877929688,125.10564422607422,498600,0.0,0.0
2018-02-13 00:00:00-05:00,137.24000549316406,141.3000030517578,136.44000244140625,140.58999633789062,127.8892593383789,569100,0.0,0.0
2018-02-14 00:00:00-05:00,140.05999755859375,145.9499969482422,139.36000061035156,145.64999389648438,132.4921112060547,688400,0.0,0.0
2018-02-15 00:00:00-05:00,146.41000366210938,149.0,144.10000610351562,148.22999572753906,135.19174194335938,963500,0.38,0.0
2018-02-16 00:00:00-05:00,147.88999938964844,148.16000366210938,144.2899932861328,145.0,132.24583435058594,579200,0.0,0.0
2018-02-20 00:00:00-05:00,143.75999450683594,145.57000732421875,143.61000061035156,144.3800048828125,131.68040466308594,380800,0.0,0.0
2018-02-21 00:00:00-05:00,144.38999938964844,146.99000549316406,142.66000366210938,142.7899932861328,130.2302703857422,508400,0.0,0.0
2018-02-22 00:00:00-05:00,143.77999877929688,144.42999267578125,142.5,142.8699951171875,130.30322265625,375200,0.0,0.0
2018-02-23 00:00:00-05:00,144.05999755859375,145.16000366210938,142.97000122070312,144.99000549316406,132.2367401123047,294600,0.0,0.0
2018-02-26 00:00:00-05:00,145.7100067138672,146.4600067138672,143.80999755859375,144.4199981689453,131.7168731689453,414300,0.0,0.0
2018-02-27 00:00:00-05:00,144.67999267578125,145.4199981689453,142.8000030517578,142.83999633789062,130.2758026123047,465000,0.0,0.0
2018-02-28 00:00:00-05:00,142.97999572753906,145.50999450683594,141.39999389648438,141.52000427246094,129.07196044921875,532600,0.0,0.0
2018-03-01 00:00:00-05:00,141.88999938964844,143.8800048828125,141.08999633789062,142.64999389648438,130.10256958007812,504100,0.0,0.0
2018-03-02 00:00:00-05:00,141.16000366210938,143.72000122070312,140.49000549316406,143.32000732421875,130.713623046875,480300,0.0,0.0
2018-03-05 00:00:00-05:00,142.19000244140625,147.4499969482422,142.16000366210938,145.92999267578125,133.0940399169922,633300,0.0,0.0
2018-03-06 00:00:00-05:00,146.36000061035156,149.02999877929688,145.5800018310547,148.99000549316406,135.88487243652344,524800,0.0,0.0
2018-03-07 00:00:00-05:00,147.3300018310547,148.86000061035156,146.47999572753906,148.3000030517578,135.25559997558594,553200,0.0,0.0
2018-03-08 00:00:00-05:00,149.17999267578125,150.5800018310547,148.33999633789062,150.5800018310547,137.3350372314453,444000,0.0,0.0
2018-03-09 00:00:00-05:00,151.92999267578125,154.36000061035156,151.07000732421875,153.1199951171875,139.6515655517578,664100,0.0,0.0
2018-03-12 00:00:00-04:00,153.33999633789062,154.47000122070312,152.24000549316406,154.0500030517578,140.49984741210938,611400,0.0,0.0
2018-03-13 00:00:00-04:00,154.5800018310547,155.02000427246094,150.91000366210938,151.63999938964844,138.3018035888672,587000,0.0,0.0
2018-03-14 00:00:00-04:00,152.58999633789062,154.99000549316406,151.6199951171875,154.42999267578125,140.84640502929688,901200,0.0,0.0
2018-03-15 00:00:00-04:00,154.4499969482422,155.44000244140625,152.89999389648438,154.9499969482422,141.32066345214844,475200,0.0,0.0
2018-03-16 00:00:00-04:00,155.47000122070312,155.94000244140625,154.27000427246094,154.97999572753906,141.34799194335938,1428000,0.0,0.0
2018-03-19 00:00:00-04:00,154.17999267578125,155.6199951171875,153.42999267578125,155.3800048828125,141.71286010742188,821400,0.0,0.0
2018-03-20 00:00:00-04:00,155.52999877929688,158.5399932861328,155.05999755859375,158.0800018310547,144.17532348632812,504900,0.0,0.0
2018-03-21 00:00:00-04:00,158.0,159.3300018310547,155.8000030517578,158.25999450683594,144.3395233154297,1238100,0.0,0.0
2018-03-22 00:00:00-04:00,156.8800048828125,159.47000122070312,155.92999267578125,156.1300048828125,142.39686584472656,1155100,0.0,0.0
2018-03-23 00:00:00-04:00,156.00999450683594,157.7100067138672,153.67999267578125,154.07000732421875,140.51805114746094,1062200,0.0,0.0
2018-03-26 00:00:00-04:00,156.39999389648438,159.72999572753906,156.0,158.6699981689453,144.7134552001953,1152500,0.0,0.0
2018-03-27 00:00:00-04:00,159.97999572753906,159.97999572753906,153.5,154.0399932861328,140.49070739746094,902200,0.0,0.0
2018-03-28 00:00:00-04:00,154.0399932861328,154.16000366210938,150.5,150.5500030517578,137.30767822265625,929200,0.0,0.0
2018-03-29 00:00:00-04:00,149.33999633789062,150.3300018310547,146.5500030517578,149.47000122070312,136.32266235351562,2122000,0.0,0.0
2018-04-02 00:00:00-04:00,149.5,149.5399932861328,144.14999389648438,145.94000244140625,133.1031951904297,1133700,0.0,0.0
2018-04-03 00:00:00-04:00,146.32000732421875,146.85000610351562,142.8300018310547,145.7100067138672,132.8934326171875,22350100,0.0,0.0
2018-04-04 00:00:00-04:00,144.25,148.16000366210938,144.0500030517578,146.6999969482422,133.79637145996094,2486300,0.0,0.0
2018-04-05 00:00:00-04:00,147.72999572753906,147.9499969482422,146.27999877929688,146.50999450683594,133.62301635742188,1022300,0.0,0.0
2018-04-06 00:00:00-04:00,145.1300048828125,147.16000366210938,143.05999755859375,144.0500030517578,131.37939453125,1083600,0.0,0.0
2018-04-09 00:00:00-04:00,145.11000061035156,148.8000030517578,145.00999450683594,146.6300048828125,133.73248291015625,1211300,0.0,0.0
2018-04-10 00:00:00-04:00,148.66000366210938,149.4499969482422,146.75999450683594,149.0500030517578,135.9396209716797,860000,0.0,0.0
2018-04-11 00:00:00-04:00,147.9499969482422,149.4499969482422,147.35000610351562,148.25,135.20999145507812,1075500,0.0,0.0
2018-04-12 00:00:00-04:00,149.25,150.64999389648438,148.88999938964844,149.3000030517578,136.16763305664062,930200,0.0,0.0
2018-04-13 00:00:00-04:00,150.4199981689453,150.69000244140625,146.8300018310547,147.61000061035156,134.6262664794922,946900,0.0,0.0
2018-04-16 00:00:00-04:00,149.00999450683594,150.25,148.47999572753906,149.17999267578125,136.05816650390625,890100,0.0,0.0
2018-04-17 00:00:00-04:00,150.27999877929688,150.89999389648438,149.8300018310547,150.1199951171875,136.91549682617188,470400,0.0,0.0
2018-04-18 00:00:00-04:00,150.52000427246094,151.24000549316406,149.63999938964844,150.42999267578125,137.19827270507812,610500,0.0,0.0
2018-04-19 00:00:00-04:00,150.17999267578125,150.8300018310547,149.7899932861328,150.0,136.80609130859375,503500,0.0,0.0
2018-04-20 00:00:00-04:00,150.1300048828125,150.57000732421875,148.6300048828125,149.58999633789062,136.43211364746094,539200,0.0,0.0
2018-04-23 00:00:00-04:00,150.07000732421875,150.6300048828125,149.35000610351562,150.0,136.80609130859375,524100,0.0,0.0
2018-04-24 00:00:00-04:00,150.47999572753906,151.41000366210938,147.16000366210938,147.69000244140625,134.69921875,533300,0.0,0.0
2018-04-25 00:00:00-04:00,147.8300018310547,149.35000610351562,146.4499969482422,149.2100067138672,136.08551025390625,717800,0.0,0.0
2018-04-26 00:00:00-04:00,149.9199981689453,150.25999450683594,147.52000427246094,149.60000610351562,136.44129943847656,489500,0.0,0.0
2018-04-27 00:00:00-04:00,149.5399932861328,150.72000122070312,148.58999633789062,150.1999969482422,136.98846435546875,551200,0.0,0.0
2018-04-30 00:00:00-04:00,150.47000122070312,153.08999633789062,149.72000122070312,149.8300018310547,136.6510009765625,874400,0.0,0.0
2018-05-01 00:00:00-04:00,149.6300048828125,151.3300018310547,149.30999755859375,150.66000366210938,137.40802001953125,563400,0.0,0.0
2018-05-02 00:00:00-04:00,150.32000732421875,152.38999938964844,150.0800018310547,150.44000244140625,137.20736694335938,1094300,0.0,0.0
2018-05-03 00:00:00-04:00,146.00999450683594,149.47999572753906,144.02000427246094,149.1999969482422,136.07643127441406,1318800,0.0,0.0
2018-05-04 00:00:00-04:00,148.1999969482422,152.6300048828125,147.42999267578125,152.1300048828125,138.74876403808594,597900,0.0,0.0
2018-05-07 00:00:00-04:00,152.8000030517578,155.7899932861328,151.64999389648438,154.9199981689453,141.29330444335938,606800,0.0,0.0
2018-05-08 00:00:00-04:00,153.66000366210938,155.63999938964844,153.50999450683594,155.30999755859375,141.6490020751953,696700,0.0,0.0
2018-05-09 00:00:00-04:00,155.63999938964844,157.08999633789062,155.11000061035156,156.6300048828125,142.8529052734375,436200,0.0,0.0
2018-05-10 00:00:00-04:00,157.4600067138672,159.9600067138672,156.00999450683594,159.85000610351562,145.78965759277344,520600,0.0,0.0
2018-05-11 00:00:00-04:00,160.0,161.4499969482422,159.6699981689453,160.97000122070312,146.81117248535156,706400,0.0,0.0
2018-05-14 00:00:00-04:00,161.0,162.2899932861328,159.22000122070312,160.5399932861328,146.41896057128906,863600,0.0,0.0
2018-05-15 00:00:00-04:00,159.2899932861328,160.57000732421875,158.0399932861328,158.7100067138672,144.7499237060547,583700,0.0,0.0
2018-05-16 00:00:00-04:00,158.60000610351562,159.75,157.94000244140625,158.32000732421875,144.39422607421875,400700,0.0,0.0
2018-05-17 00:00:00-04:00,158.22000122070312,158.22000122070312,156.00999450683594,156.75999450683594,143.31539916992188,410500,0.38,0.0
2018-05-18 00:00:00-04:00,156.72000122070312,157.4199981689453,155.67999267578125,156.1999969482422,142.80349731445312,843600,0.0,0.0
2018-05-21 00:00:00-04:00,156.82000732421875,158.3300018310547,156.82000732421875,157.99000549316406,144.4399871826172,505400,0.0,0.0
2018-05-22 00:00:00-04:00,158.25999450683594,158.67999267578125,156.5,156.52999877929688,143.1051788330078,477500,0.0,0.0
2018-05-23 00:00:00-04:00,155.97000122070312,158.36000061035156,155.8800048828125,158.36000061035156,144.77821350097656,432600,0.0,0.0
2018-05-24 00:00:00-04:00,158.11000061035156,159.35000610351562,157.25999450683594,159.1300048828125,145.4822235107422,432800,0.0,0.0
2018-05-25 00:00:00-04:00,159.0399932861328,159.94000244140625,158.52999877929688,159.33999633789062,145.67416381835938,375900,0.0,0.0
2018-05-29 00:00:00-04:00,159.72999572753906,159.92999267578125,157.32000732421875,158.8800048828125,145.25363159179688,928400,0.0,0.0
2018-05-30 00:00:00-04:00,159.75999450683594,162.27999877929688,159.16000366210938,161.99000549316406,148.09690856933594,428000,0.0,0.0
2018-05-31 00:00:00-04:00,162.0399932861328,164.11000061035156,161.30999755859375,162.57000732421875,148.6271514892578,939200,0.0,0.0
2018-06-01 00:00:00-04:00,162.5800018310547,164.38999938964844,162.1199951171875,163.39999389648438,149.3859405517578,702000,0.0,0.0
2018-06-04 00:00:00-04:00,164.2899932861328,164.3000030517578,162.6199951171875,163.47999572753906,149.45909118652344,384100,0.0,0.0
2018-06-05 00:00:00-04:00,163.60000610351562,165.1199951171875,163.07000732421875,163.7100067138672,149.66937255859375,562000,0.0,0.0
2018-06-06 00:00:00-04:00,164.0,165.9600067138672,163.75,165.4499969482422,151.26016235351562,481900,0.0,0.0
2018-06-07 00:00:00-04:00,166.02000427246094,167.0800018310547,164.75999450683594,165.22000122070312,151.0498504638672,528300,0.0,0.0
2018-06-08 00:00:00-04:00,165.27000427246094,166.6300048828125,164.67999267578125,166.2899932861328,152.02810668945312,403700,0.0,0.0
2018-06-11 00:00:00-04:00,166.22000122070312,167.22999572753906,166.22000122070312,166.49000549316406,152.21092224121094,299100,0.0,0.0
2018-06-12 00:00:00-04:00,166.89999389648438,169.82000732421875,166.89999389648438,169.74000549316406,155.1822052001953,514700,0.0,0.0
2018-06-13 00:00:00-04:00,170.33999633789062,173.6699981689453,169.63999938964844,172.1999969482422,157.4311981201172,789000,0.0,0.0
2018-06-14 00:00:00-04:00,172.94000244140625,174.13999938964844,171.1199951171875,172.35000610351562,157.56838989257812,603400,0.0,0.0
2018-06-15 00:00:00-04:00,171.74000549316406,172.91000366210938,170.97000122070312,172.75,157.93402099609375,718500,0.0,0.0
2018-06-18 00:00:00-04:00,171.9199981689453,171.9199981689453,170.13999938964844,171.5800018310547,156.86441040039062,587100,0.0,0.0
2018-06-19 00:00:00-04:00,170.52000427246094,171.8000030517578,169.5500030517578,171.75999450683594,157.02899169921875,429300,0.0,0.0
2018-06-20 00:00:00-04:00,172.63999938964844,173.66000366210938,171.58999633789062,171.7100067138672,156.98326110839844,465000,0.0,0.0
2018-06-21 00:00:00-04:00,172.32000732421875,172.63999938964844,169.60000610351562,170.75999450683594,156.11471557617188,813900,0.0,0.0
2018-06-22 00:00:00-04:00,171.52999877929688,171.6300048828125,169.75,170.6300048828125,155.99591064453125,923800,0.0,0.0
2018-06-25 00:00:00-04:00,171.11000061035156,171.41000366210938,166.72000122070312,168.55999755859375,154.10342407226562,672200,0.0,0.0
2018-06-26 00:00:00-04:00,168.38999938964844,168.94000244140625,166.30999755859375,166.3300018310547,152.0646514892578,533900,0.0,0.0
2018-06-27 00:00:00-04:00,166.61000061035156,167.0500030517578,163.5399932861328,163.5500030517578,149.52305603027344,637300,0.0,0.0
2018-06-28 00:00:00-04:00,163.3699951171875,165.19000244140625,162.52000427246094,164.61000061035156,150.49220275878906,534300,0.0,0.0
2018-06-29 00:00:00-04:00,165.4199981689453,167.07000732421875,164.94000244140625,165.42999267578125,151.24185180664062,602100,0.0,0.0
2018-07-02 00:00:00-04:00,164.89999389648438,167.1699981689453,163.75999450683594,167.13999938964844,152.80520629882812,558400,0.0,0.0
2018-07-03 00:00:00-04:00,167.97999572753906,168.47000122070312,165.4600067138672,165.72999572753906,151.51609802246094,311100,0.0,0.0
2018-07-05 00:00:00-04:00,165.99000549316406,167.14999389648438,164.22000122070312,164.91000366210938,150.76644897460938,400700,0.0,0.0
2018-07-06 00:00:00-04:00,164.72999572753906,167.16000366210938,164.72999572753906,166.61000061035156,152.3206787109375,459600,0.0,0.0
2018-07-09 00:00:00-04:00,167.41000366210938,169.38999938964844,167.41000366210938,168.63999938964844,154.17652893066406,494200,0.0,0.0
2018-07-10 00:00:00-04:00,168.9499969482422,170.25999450683594,168.08999633789062,168.72999572753906,154.2588348388672,353000,0.0,0.0
2018-07-11 00:00:00-04:00,167.99000549316406,169.6699981689453,167.99000549316406,169.27999877929688,154.7616424560547,442500,0.0,0.0
2018-07-12 00:00:00-04:00,170.2100067138672,170.3800048828125,168.83999633789062,169.25999450683594,154.74334716796875,502400,0.0,0.0
2018-07-13 00:00:00-04:00,169.10000610351562,169.75999450683594,167.57000732421875,169.5800018310547,155.03585815429688,369100,0.0,0.0
2018-07-16 00:00:00-04:00,169.55999755859375,171.41000366210938,168.89999389648438,170.5800018310547,155.9501953125,349700,0.0,0.0
2018-07-17 00:00:00-04:00,170.2100067138672,171.75999450683594,169.86000061035156,170.74000549316406,156.0964813232422,302100,0.0,0.0
2018-07-18 00:00:00-04:00,170.9600067138672,172.25999450683594,170.5,171.52999877929688,156.8186492919922,373000,0.0,0.0
2018-07-19 00:00:00-04:00,170.69000244140625,171.2100067138672,169.60000610351562,170.69000244140625,156.05067443847656,310400,0.0,0.0
2018-07-20 00:00:00-04:00,170.52000427246094,172.0500030517578,170.5,170.97999572753906,156.3158721923828,415900,0.0,0.0
2018-07-23 00:00:00-04:00,171.16000366210938,173.3300018310547,170.6199951171875,173.2899932861328,158.4276885986328,439900,0.0,0.0
2018-07-24 00:00:00-04:00,173.39999389648438,175.1300048828125,171.57000732421875,172.5800018310547,157.7786407470703,852700,0.0,0.0
2018-07-25 00:00:00-04:00,173.0,176.3300018310547,173.0,176.25,161.13388061523438,528400,0.0,0.0
2018-07-26 00:00:00-04:00,176.3000030517578,176.8800048828125,173.27999877929688,173.77000427246094,158.8665771484375,485400,0.0,0.0
2018-07-27 00:00:00-04:00,173.99000549316406,173.99000549316406,171.0,171.57000732421875,156.85528564453125,374400,0.0,0.0
2018-07-30 00:00:00-04:00,171.75,173.25999450683594,167.1999969482422,167.5,153.13433837890625,472200,0.0,0.0
2018-07-31 00:00:00-04:00,167.8800048828125,168.3300018310547,163.8699951171875,166.19000244140625,151.93666076660156,693100,0.0,0.0
2018-08-01 00:00:00-04:00,166.25,168.8300018310547,162.80999755859375,163.0,149.02024841308594,1021800,0.0,0.0
2018-08-02 00:00:00-04:00,164.0,171.6999969482422,163.02999877929688,170.2899932861328,155.6850128173828,1333600,0.0,0.0
2018-08-03 00:00:00-04:00,171.67999267578125,171.6999969482422,164.61000061035156,166.82000732421875,152.5126190185547,721600,0.0,0.0
2018-08-06 00:00:00-04:00,166.92999267578125,170.7899932861328,166.0500030517578,170.1699981689453,155.5753631591797,787300,0.0,0.0
2018-08-07 00:00:00-04:00,171.5800018310547,173.6999969482422,170.32000732421875,172.86000061035156,158.03463745117188,433800,0.0,0.0
2018-08-08 00:00:00-04:00,172.17999267578125,173.3000030517578,171.25999450683594,172.69000244140625,157.87916564941406,337700,0.0,0.0
2018-08-09 00:00:00-04:00,173.02999877929688,173.64999389648438,171.0,173.1699981689453,158.31802368164062,343300,0.0,0.0
2018-08-10 00:00:00-04:00,172.1699981689453,173.99000549316406,171.67999267578125,173.1300048828125,158.28143310546875,432300,0.0,0.0
2018-08-13 00:00:00-04:00,172.4600067138672,174.80999755859375,172.32000732421875,172.60000610351562,157.79693603515625,462700,0.0,0.0
2018-08-14 00:00:00-04:00,173.67999267578125,175.85000610351562,172.9600067138672,175.44000244140625,160.39334106445312,474300,0.0,0.0
2018-08-15 00:00:00-04:00,174.64999389648438,175.0,173.07000732421875,173.61000061035156,158.7202606201172,500100,0.0,0.0
2018-08-16 00:00:00-04:00,173.8000030517578,175.02999877929688,173.25,173.9199981689453,159.53671264648438,411600,0.58,0.0
2018-08-17 00:00:00-04:00,173.75999450683594,173.7899932861328,172.16000366210938,173.27999877929688,158.9496612548828,284000,0.0,0.0
2018-08-20 00:00:00-04:00,173.75,175.0800018310547,172.89999389648438,174.1699981689453,159.76602172851562,227400,0.0,0.0
2018-08-21 00:00:00-04:00,174.05999755859375,175.5500030517578,173.44000244140625,173.5399932861328,159.1881103515625,344500,0.0,0.0
2018-08-22 00:00:00-04:00,172.88999938964844,174.16000366210938,172.3000030517578,173.13999938964844,158.82122802734375,366600,0.0,0.0
2018-08-23 00:00:00-04:00,173.6199951171875,174.49000549316406,172.3699951171875,173.08999633789062,158.77532958984375,539300,0.0,0.0
2018-08-24 00:00:00-04:00,173.9199981689453,174.63999938964844,173.42999267578125,174.02000427246094,159.6284637451172,376400,0.0,0.0
2018-08-27 00:00:00-04:00,175.0,175.72000122070312,174.4199981689453,174.94000244140625,160.47232055664062,339300,0.0,0.0
2018-08-28 00:00:00-04:00,175.1699981689453,177.66000366210938,174.9199981689453,177.16000366210938,162.50881958007812,446500,0.0,0.0
2018-08-29 00:00:00-04:00,177.44000244140625,179.39999389648438,177.44000244140625,178.07000732421875,163.34352111816406,395200,0.0,0.0
2018-08-30 00:00:00-04:00,177.75999450683594,178.49000549316406,177.02000427246094,177.64999389648438,162.95823669433594,322100,0.0,0.0
2018-08-31 00:00:00-04:00,177.42999267578125,180.3300018310547,177.42999267578125,180.25999450683594,165.3523406982422,410400,0.0,0.0
2018-09-04 00:00:00-04:00,182.27999877929688,183.4499969482422,180.22000122070312,182.22999572753906,167.15948486328125,537900,0.0,0.0
2018-09-05 00:00:00-04:00,183.0,184.22000122070312,177.82000732421875,178.52000427246094,163.75628662109375,677500,0.0,0.0
2018-09-06 00:00:00-04:00,178.22999572753906,179.7899932861328,177.80999755859375,179.24000549316406,164.41676330566406,476500,0.0,0.0
2018-09-07 00:00:00-04:00,179.0,180.63999938964844,178.75,179.17999267578125,164.3616943359375,471100,0.0,0.0
2018-09-10 00:00:00-04:00,179.86000061035156,179.86000061035156,177.9600067138672,178.11000061035156,163.3801727294922,338900,0.0,0.0
2018-09-11 00:00:00-04:00,177.5500030517578,178.02999877929688,176.10000610351562,177.4600067138672,162.78392028808594,535200,0.0,0.0
2018-09-12 00:00:00-04:00,177.44000244140625,177.44000244140625,175.55999755859375,176.52999877929688,161.93084716796875,338900,0.0,0.0
2018-09-13 00:00:00-04:00,177.0500030517578,180.60000610351562,176.52999877929688,180.5399932861328,165.60926818847656,688800,0.0,0.0
2018-09-14 00:00:00-04:00,181.0800018310547,183.27999877929688,180.80999755859375,182.17999267578125,167.11358642578125,525500,0.0,0.0
2018-09-17 00:00:00-04:00,182.6300048828125,184.0,177.74000549316406,177.94000244140625,163.2242431640625,473200,0.0,0.0
2018-09-18 00:00:00-04:00,177.6300048828125,179.49000549316406,177.5500030517578,178.22000122070312,163.4810333251953,393500,0.0,0.0
2018-09-19 00:00:00-04:00,178.22000122070312,178.91000366210938,174.13999938964844,174.52999877929688,160.09622192382812,627300,0.0,0.0
2018-09-20 00:00:00-04:00,175.2899932861328,176.69000244140625,172.7899932861328,176.32000732421875,161.7382354736328,865200,0.0,0.0
2018-09-21 00:00:00-04:00,177.3699951171875,178.47000122070312,175.6999969482422,176.2899932861328,161.71066284179688,911100,0.0,0.0
2018-09-24 00:00:00-04:00,175.3000030517578,178.97999572753906,175.02000427246094,178.0399932861328,163.31597900390625,440700,0.0,0.0
2018-09-25 00:00:00-04:00,178.19000244140625,180.07000732421875,177.91000366210938,178.89999389648438,164.10487365722656,530800,0.0,0.0
2018-09-26 00:00:00-04:00,179.25,180.47999572753906,177.3699951171875,178.77000427246094,163.98561096191406,363700,0.0,0.0
2018-09-27 00:00:00-04:00,178.97999572753906,180.4499969482422,178.52999877929688,178.6300048828125,163.857177734375,233100,0.0,0.0
2018-09-28 00:00:00-04:00,178.10000610351562,179.89999389648438,177.00999450683594,177.41000366210938,162.7380828857422,448000,0.0,0.0
2018-10-01 00:00:00-04:00,178.44000244140625,180.52000427246094,177.47999572753906,179.8000030517578,164.930419921875,391400,0.0,0.0
2018-10-02 00:00:00-04:00,179.5,179.5,176.44000244140625,176.9600067138672,162.3252410888672,492000,0.0,0.0
2018-10-03 00:00:00-04:00,177.57000732421875,179.02999877929688,177.0800018310547,177.27999877929688,162.61878967285156,329700,0.0,0.0
2018-10-04 00:00:00-04:00,176.63999938964844,178.0,171.88999938964844,172.52000427246094,158.25245666503906,680300,0.0,0.0
2018-10-05 00:00:00-04:00,172.24000549316406,173.80999755859375,169.13999938964844,170.57000732421875,156.4637451171875,648100,0.0,0.0
2018-10-08 00:00:00-04:00,169.82000732421875,170.02000427246094,165.13999938964844,167.82000732421875,153.94119262695312,658000,0.0,0.0
2018-10-09 00:00:00-04:00,167.1699981689453,168.94000244140625,166.13999938964844,166.9600067138672,153.15225219726562,665900,0.0,0.0
2018-10-10 00:00:00-04:00,167.07000732421875,167.07000732421875,156.5500030517578,156.83999633789062,143.86920166015625,1505900,0.0,0.0
2018-10-11 00:00:00-04:00,155.6999969482422,158.61000061035156,151.5,151.58999633789062,139.05340576171875,1994000,0.0,0.0
2018-10-12 00:00:00-04:00,154.4499969482422,156.27999877929688,152.1199951171875,154.0399932861328,141.30081176757812,765800,0.0,0.0
2018-10-15 00:00:00-04:00,153.88999938964844,154.0399932861328,150.8000030517578,151.22999572753906,138.72315979003906,953400,0.0,0.0
2018-10-16 00:00:00-04:00,153.41000366210938,156.38999938964844,152.60000610351562,156.25,143.32798767089844,643600,0.0,0.0
2018-10-17 00:00:00-04:00,156.08999633789062,157.72999572753906,155.25999450683594,157.27999877929688,144.2728271484375,566000,0.0,0.0
2018-10-18 00:00:00-04:00,156.80999755859375,157.55999755859375,153.44000244140625,153.75,141.03477478027344,689900,0.0,0.0
2018-10-19 00:00:00-04:00,154.75999450683594,157.17999267578125,153.66000366210938,153.86000061035156,141.13565063476562,1120800,0.0,0.0
2018-10-22 00:00:00-04:00,154.47999572753906,157.3800048828125,154.47999572753906,156.39999389648438,143.4656524658203,840500,0.0,0.0
2018-10-23 00:00:00-04:00,153.1199951171875,155.58999633789062,152.27000427246094,155.0,142.181396484375,1110100,0.0,0.0
2018-10-24 00:00:00-04:00,155.0,155.83999633789062,148.3699951171875,148.69000244140625,136.39320373535156,1416800,0.0,0.0
2018-10-25 00:00:00-04:00,149.49000549316406,151.50999450683594,146.5,149.33999633789062,136.989501953125,1492500,0.0,0.0
2018-10-26 00:00:00-04:00,146.67999267578125,147.13999938964844,142.08999633789062,142.75999450683594,130.9535675048828,1478200,0.0,0.0
2018-10-29 00:00:00-04:00,144.72000122070312,146.0800018310547,141.05999755859375,143.0,131.1737823486328,1143100,0.0,0.0
2018-10-30 00:00:00-04:00,142.8300018310547,145.22999572753906,140.4600067138672,144.50999450683594,132.55892944335938,1584400,0.0,0.0
2018-10-31 00:00:00-04:00,146.8300018310547,152.77999877929688,146.64999389648438,150.3800048828125,137.94345092773438,1167200,0.0,0.0
2018-11-01 00:00:00-04:00,146.6199951171875,150.47000122070312,144.3300018310547,147.2899932861328,135.1090087890625,1233900,0.0,0.0
2018-11-02 00:00:00-04:00,147.47000122070312,148.64999389648438,143.52999877929688,144.11000061035156,132.1920166015625,1177000,0.0,0.0
2018-11-05 00:00:00-05:00,144.57000732421875,145.32000732421875,142.6699981689453,145.0800018310547,133.081787109375,711800,0.0,0.0
2018-11-06 00:00:00-05:00,144.9600067138672,147.8800048828125,144.9600067138672,147.77000427246094,135.54930114746094,1026600,0.0,0.0
2018-11-07 00:00:00-05:00,148.9499969482422,152.11000061035156,148.52999877929688,151.85000610351562,139.29190063476562,976900,0.0,0.0
2018-11-08 00:00:00-05:00,151.72000122070312,152.7100067138672,150.74000549316406,152.00999450683594,139.4386749267578,700000,0.0,0.0
2018-11-09 00:00:00-05:00,151.0399932861328,151.7100067138672,148.05999755859375,149.7899932861328,137.4022216796875,892800,0.0,0.0
2018-11-12 00:00:00-05:00,149.4600067138672,150.32000732421875,147.0399932861328,148.0500030517578,135.80618286132812,874200,0.0,0.0
2018-11-13 00:00:00-05:00,148.07000732421875,150.0500030517578,146.7899932861328,147.7100067138672,135.49429321289062,842700,0.0,0.0
2018-11-14 00:00:00-05:00,148.8699951171875,149.88999938964844,146.50999450683594,148.1699981689453,135.91624450683594,1143900,0.0,0.0
2018-11-15 00:00:00-05:00,146.75,152.1199951171875,146.1199951171875,151.66000366210938,139.66432189941406,847800,0.58,0.0
2018-11-16 00:00:00-05:00,150.72000122070312,153.8800048828125,149.7899932861328,153.2899932861328,141.16542053222656,968200,0.0,0.0
2018-11-19 00:00:00-05:00,152.85000610351562,153.2899932861328,145.0399932861328,145.52999877929688,134.0192108154297,808400,0.0,0.0
2018-11-20 00:00:00-05:00,142.77999877929688,145.0399932861328,141.3800048828125,144.35000610351562,132.93251037597656,896300,0.0,0.0
2018-11-21 00:00:00-05:00,145.8300018310547,149.5399932861328,144.83999633789062,146.33999633789062,134.7650604248047,723100,0.0,0.0
2018-11-23 00:00:00-05:00,145.27000427246094,150.39999389648438,145.17999267578125,149.8300018310547,137.9790496826172,611600,0.0,0.0
2018-11-26 00:00:00-05:00,151.6999969482422,152.9600067138672,149.3000030517578,152.39999389648438,140.34576416015625,911500,0.0,0.0
2018-11-27 00:00:00-05:00,151.74000549316406,152.92999267578125,151.05999755859375,152.1999969482422,140.16160583496094,548200,0.0,0.0
2018-11-28 00:00:00-05:00,153.3300018310547,158.6199951171875,152.83999633789062,158.61000061035156,146.06463623046875,692700,0.0,0.0
2018-11-29 00:00:00-05:00,158.4499969482422,159.9600067138672,156.77000427246094,157.0399932861328,144.61875915527344,733600,0.0,0.0
2018-11-30 00:00:00-05:00,156.5399932861328,158.75,155.38999938964844,157.08999633789062,144.66482543945312,998400,0.0,0.0
2018-12-03 00:00:00-05:00,159.8699951171875,161.97000122070312,158.02999877929688,161.60000610351562,148.81809997558594,861700,0.0,0.0
2018-12-04 00:00:00-05:00,161.32000732421875,161.64999389648438,153.8800048828125,154.32000732421875,142.1139373779297,756600,0.0,0.0
2018-12-06 00:00:00-05:00,150.8000030517578,152.74000549316406,148.39999389648438,152.32000732421875,140.27212524414062,780000,0.0,0.0
2018-12-07 00:00:00-05:00,153.0,154.6199951171875,148.1300048828125,149.75,137.90541076660156,831900,0.0,0.0
2018-12-10 00:00:00-05:00,149.1999969482422,151.32000732421875,147.30999755859375,150.16000366210938,138.28298950195312,530200,0.0,0.0
2018-12-11 00:00:00-05:00,152.52999877929688,154.25,151.1699981689453,152.0,139.97738647460938,699300,0.0,0.0
2018-12-12 00:00:00-05:00,153.89999389648438,156.5,153.22000122070312,153.88999938964844,141.71792602539062,525000,0.0,0.0
2018-12-13 00:00:00-05:00,154.14999389648438,155.60000610351562,152.22999572753906,152.82000732421875,140.73255920410156,808800,0.0,0.0
2018-12-14 00:00:00-05:00,151.39999389648438,151.49000549316406,149.69000244140625,150.4499969482422,138.55001831054688,679900,0.0,0.0
2018-12-17 00:00:00-05:00,149.72999572753906,149.72999572753906,143.4499969482422,144.2100067138672,132.80357360839844,862400,0.0,0.0
2018-12-18 00:00:00-05:00,145.13999938964844,147.32000732421875,143.52999877929688,144.25,132.84042358398438,809900,0.0,0.0
2018-12-19 00:00:00-05:00,144.5399932861328,147.0800018310547,141.49000549316406,143.1300048828125,131.80902099609375,1044000,0.0,0.0
2018-12-20 00:00:00-05:00,141.74000549316406,142.97000122070312,138.83999633789062,140.9499969482422,129.8013916015625,999900,0.0,0.0
2018-12-21 00:00:00-05:00,141.32000732421875,143.14999389648438,136.74000549316406,137.2899932861328,126.43087768554688,2022500,0.0,0.0
2018-12-24 00:00:00-05:00,136.27000427246094,137.57000732421875,134.27999877929688,135.08999633789062,124.40493774414062,580400,0.0,0.0
2018-12-26 00:00:00-05:00,135.63999938964844,141.61000061035156,134.57000732421875,141.52999877929688,130.33554077148438,930900,0.0,0.0
2018-12-27 00:00:00-05:00,139.83999633789062,145.27000427246094,138.8800048828125,145.27000427246094,133.77978515625,863500,0.0,0.0
2018-12-28 00:00:00-05:00,146.35000610351562,147.33999633789062,144.61000061035156,145.39999389648438,133.8994598388672,597800,0.0,0.0
2018-12-31 00:00:00-05:00,146.5,147.8300018310547,145.97000122070312,147.42999267578125,135.76890563964844,447900,0.0,0.0
2019-01-02 00:00:00-05:00,144.69000244140625,148.52999877929688,144.69000244140625,146.94000244140625,135.317626953125,637500,0.0,0.0
2019-01-03 00:00:00-05:00,145.9499969482422,146.57000732421875,141.05999755859375,141.33999633789062,130.16062927246094,852100,0.0,0.0
2019-01-04 00:00:00-05:00,143.5,147.17999267578125,142.49000549316406,146.60000610351562,135.00454711914062,599900,0.0,0.0
2019-01-07 00:00:00-05:00,146.1300048828125,148.5,146.05999755859375,147.27999877929688,135.63075256347656,795300,0.0,0.0
2019-01-08 00:00:00-05:00,148.32000732421875,150.3800048828125,146.8699951171875,150.33999633789062,138.44876098632812,535900,0.0,0.0
2019-01-09 00:00:00-05:00,150.9499969482422,153.25999450683594,150.89999389648438,151.80999755859375,139.8024444580078,661200,0.0,0.0
2019-01-10 00:00:00-05:00,151.3699951171875,154.1999969482422,150.36000061035156,153.94000244140625,141.7639617919922,584400,0.0,0.0
2019-01-11 00:00:00-05:00,153.02999877929688,155.33999633789062,152.3699951171875,154.8300018310547,142.58355712890625,480400,0.0,0.0
2019-01-14 00:00:00-05:00,153.5399932861328,155.33999633789062,152.97000122070312,153.7100067138672,141.55215454101562,629100,0.0,0.0
2019-01-15 00:00:00-05:00,153.47000122070312,157.16000366210938,153.02000427246094,157.05999755859375,144.63720703125,501600,0.0,0.0
2019-01-16 00:00:00-05:00,158.10000610351562,160.72000122070312,158.10000610351562,160.25,147.5748748779297,825400,0.0,0.0
2019-01-17 00:00:00-05:00,159.0399932861328,161.66000366210938,158.50999450683594,160.72999572753906,148.0168914794922,436300,0.0,0.0
2019-01-18 00:00:00-05:00,161.72999572753906,166.14999389648438,161.6300048828125,165.97000122070312,152.8424530029297,949400,0.0,0.0
2019-01-22 00:00:00-05:00,164.67999267578125,165.7100067138672,161.10000610351562,162.25999450683594,149.4259033203125,741600,0.0,0.0
2019-01-23 00:00:00-05:00,163.50999450683594,163.63999938964844,160.9199981689453,162.77999877929688,149.90480041503906,484600,0.0,0.0
2019-01-24 00:00:00-05:00,162.6199951171875,163.47000122070312,161.6199951171875,161.74000549316406,148.94703674316406,568300,0.0,0.0
2019-01-25 00:00:00-05:00,163.38999938964844,164.35000610351562,162.5,163.8300018310547,150.87171936035156,482400,0.0,0.0
2019-01-28 00:00:00-05:00,162.6699981689453,163.47999572753906,161.0,162.44000244140625,149.59164428710938,571400,0.0,0.0
2019-01-29 00:00:00-05:00,161.77000427246094,162.85000610351562,160.02999877929688,160.85000610351562,148.12744140625,432600,0.0,0.0
2019-01-30 00:00:00-05:00,161.6699981689453,163.52999877929688,160.97000122070312,162.77000427246094,149.8955535888672,670100,0.0,0.0
2019-01-31 00:00:00-05:00,161.42999267578125,170.52999877929688,161.42999267578125,170.27000427246094,156.8023681640625,1193800,0.0,0.0
2019-02-01 00:00:00-05:00,170.97999572753906,174.50999450683594,170.4499969482422,172.85000610351562,159.17825317382812,765400,0.0,0.0
2019-02-04 00:00:00-05:00,172.85000610351562,173.4499969482422,170.5500030517578,172.55999755859375,158.91119384765625,523300,0.0,0.0
2019-02-05 00:00:00-05:00,173.8699951171875,175.17999267578125,172.9499969482422,174.49000549316406,160.6885528564453,742000,0.0,0.0
2019-02-06 00:00:00-05:00,174.08999633789062,174.4499969482422,170.94000244140625,171.9499969482422,158.34945678710938,436900,0.0,0.0
2019-02-07 00:00:00-05:00,170.69000244140625,172.8000030517578,170.5500030517578,172.4499969482422,158.80992126464844,786600,0.0,0.0
2019-02-08 00:00:00-05:00,171.41000366210938,172.3000030517578,169.39999389648438,172.2899932861328,158.66256713867188,549100,0.0,0.0
2019-02-11 00:00:00-05:00,172.52999877929688,173.52999877929688,171.47999572753906,171.75,158.16525268554688,390900,0.0,0.0
2019-02-12 00:00:00-05:00,172.49000549316406,174.86000061035156,169.2100067138672,174.6199951171875,160.8082733154297,437100,0.0,0.0
2019-02-13 00:00:00-05:00,175.57000732421875,175.8000030517578,174.1999969482422,174.8699951171875,161.0385284423828,276000,0.0,0.0
2019-02-14 00:00:00-05:00,174.0,174.97999572753906,172.97999572753906,174.1300048828125,160.35704040527344,344900,0.0,0.0
2019-02-15 00:00:00-05:00,175.52999877929688,175.61000061035156,174.5399932861328,175.1699981689453,161.31475830078125,500900,0.0,0.0
2019-02-19 00:00:00-05:00,174.2899932861328,175.6999969482422,174.0,174.8000030517578,160.97402954101562,502000,0.0,0.0
2019-02-20 00:00:00-05:00,174.77999877929688,176.16000366210938,173.19000244140625,176.11000061035156,162.18038940429688,572000,0.0,0.0
2019-02-21 00:00:00-05:00,175.3699951171875,175.3699951171875,173.0,174.22000122070312,160.9700927734375,497800,0.58,0.0
2019-02-22 00:00:00-05:00,174.85000610351562,177.3000030517578,174.22999572753906,177.16000366210938,163.68646240234375,377200,0.0,0.0
2019-02-25 00:00:00-05:00,178.14999389648438,180.17999267578125,177.50999450683594,178.16000366210938,164.6104278564453,758500,0.0,0.0
2019-02-26 00:00:00-05:00,178.1199951171875,179.5800018310547,177.19000244140625,178.3300018310547,164.7675018310547,555800,0.0,0.0
2019-02-27 00:00:00-05:00,178.10000610351562,180.97999572753906,178.10000610351562,180.74000549316406,166.9941864013672,487700,0.0,0.0
2019-02-28 00:00:00-05:00,181.00999450683594,185.39999389648438,181.00999450683594,184.72000122070312,170.67152404785156,826800,0.0,0.0
2019-03-01 00:00:00-05:00,187.2100067138672,191.33999633789062,186.94000244140625,190.2100067138672,175.74400329589844,1095200,0.0,0.0
2019-03-04 00:00:00-05:00,191.69000244140625,193.94000244140625,185.8699951171875,187.16000366210938,172.9259796142578,956100,0.0,0.0
2019-03-05 00:00:00-05:00,187.6199951171875,189.1999969482422,186.75,187.6699981689453,173.39715576171875,705500,0.0,0.0
2019-03-06 00:00:00-05:00,187.44000244140625,188.05999755859375,185.77999877929688,186.4600067138672,172.2791290283203,511200,0.0,0.0
2019-03-07 00:00:00-05:00,185.4199981689453,185.9600067138672,181.6199951171875,182.05999755859375,168.21383666992188,747100,0.0,0.0
2019-03-08 00:00:00-05:00,180.47000122070312,182.5399932861328,179.4499969482422,182.44000244140625,168.5648651123047,338400,0.0,0.0
2019-03-11 00:00:00-04:00,182.63999938964844,185.3000030517578,182.63999938964844,183.66000366210938,169.692138671875,517200,0.0,0.0
2019-03-12 00:00:00-04:00,183.66000366210938,185.47000122070312,182.82000732421875,185.02000427246094,170.9486846923828,572400,0.0,0.0
2019-03-13 00:00:00-04:00,186.00999450683594,187.32000732421875,184.69000244140625,185.58999633789062,171.47531127929688,649800,0.0,0.0
2019-03-14 00:00:00-04:00,185.4499969482422,187.22999572753906,184.61000061035156,186.80999755859375,172.60252380371094,656900,0.0,0.0
2019-03-15 00:00:00-04:00,186.50999450683594,189.85000610351562,185.4499969482422,189.5800018310547,175.16189575195312,1508500,0.0,0.0
2019-03-18 00:00:00-04:00,189.82000732421875,191.80999755859375,189.67999267578125,190.97000122070312,176.44615173339844,794000,0.0,0.0
2019-03-19 00:00:00-04:00,191.1199951171875,192.60000610351562,190.74000549316406,191.77000427246094,177.18533325195312,603500,0.0,0.0
2019-03-20 00:00:00-04:00,191.38999938964844,193.5399932861328,190.94000244140625,191.97000122070312,177.37010192871094,593400,0.0,0.0
2019-03-21 00:00:00-04:00,191.10000610351562,195.99000549316406,191.10000610351562,195.6699981689453,180.78875732421875,694300,0.0,0.0
2019-03-22 00:00:00-04:00,194.0800018310547,195.27999877929688,191.1699981689453,191.86000061035156,177.2684783935547,806400,0.0,0.0
2019-03-25 00:00:00-04:00,191.22999572753906,192.24000549316406,189.92999267578125,191.5800018310547,177.00978088378906,591700,0.0,0.0
2019-03-26 00:00:00-04:00,192.72999572753906,194.52999877929688,191.14999389648438,194.44000244140625,179.65228271484375,494600,0.0,0.0
2019-03-27 00:00:00-04:00,194.13999938964844,194.80999755859375,191.72000122070312,193.36000061035156,178.6544189453125,439600,0.0,0.0
2019-03-28 00:00:00-04:00,194.14999389648438,196.80999755859375,193.33999633789062,196.63999938964844,181.68496704101562,471400,0.0,0.0
2019-03-29 00:00:00-04:00,198.1699981689453,199.38999938964844,196.80999755859375,198.83999633789062,183.71762084960938,525600,0.0,0.0
2019-04-01 00:00:00-04:00,200.97999572753906,202.32000732421875,200.4499969482422,201.8800048828125,186.52642822265625,617300,0.0,0.0
2019-04-02 00:00:00-04:00,202.24000549316406,205.2100067138672,201.7100067138672,204.88999938964844,189.3075408935547,859800,0.0,0.0
2019-04-03 00:00:00-04:00,206.17999267578125,206.52000427246094,204.72999572753906,206.33999633789062,190.64723205566406,513600,0.0,0.0
2019-04-04 00:00:00-04:00,207.22999572753906,207.27000427246094,204.63999938964844,206.27999877929688,190.59182739257812,463100,0.0,0.0
2019-04-05 00:00:00-04:00,206.30999755859375,207.3300018310547,205.05999755859375,206.99000549316406,191.24778747558594,530700,0.0,0.0
2019-04-08 00:00:00-04:00,207.0399932861328,211.11000061035156,206.9600067138672,211.0,194.9528350830078,607800,0.0,0.0
2019-04-09 00:00:00-04:00,210.2899932861328,211.9499969482422,209.8000030517578,211.88999938964844,195.77511596679688,520100,0.0,0.0
2019-04-10 00:00:00-04:00,213.3000030517578,215.5500030517578,212.16000366210938,214.61000061035156,198.28831481933594,623100,0.0,0.0
2019-04-11 00:00:00-04:00,214.77999877929688,217.02999877929688,214.75,216.3000030517578,199.8497314453125,687700,0.0,0.0
2019-04-12 00:00:00-04:00,218.4600067138672,218.50999450683594,216.75,217.99000549316406,201.41123962402344,650900,0.0,0.0
2019-04-15 00:00:00-04:00,218.11000061035156,219.47000122070312,217.6300048828125,218.99000549316406,202.335205078125,477000,0.0,0.0
2019-04-16 00:00:00-04:00,219.5399932861328,220.2899932861328,217.8300018310547,219.33999633789062,202.65855407714844,698500,0.0,0.0
2019-04-17 00:00:00-04:00,220.6300048828125,220.6300048828125,218.3000030517578,219.0,202.34439086914062,714600,0.0,0.0
2019-04-18 00:00:00-04:00,218.58999633789062,221.4499969482422,217.50999450683594,221.35000610351562,204.5156707763672,523200,0.0,0.0
2019-04-22 00:00:00-04:00,220.52000427246094,223.22999572753906,219.99000549316406,222.52999877929688,205.60592651367188,215400,0.0,0.0
2019-04-23 00:00:00-04:00,222.9499969482422,226.13999938964844,222.16000366210938,226.02999877929688,208.8397216796875,553700,0.0,0.0
2019-04-24 00:00:00-04:00,225.3300018310547,226.8699951171875,224.6199951171875,224.77000427246094,207.67559814453125,511000,0.0,0.0
2019-04-25 00:00:00-04:00,224.5800018310547,225.02000427246094,221.11000061035156,223.27999877929688,206.29891967773438,908600,0.0,0.0
2019-04-26 00:00:00-04:00,223.9600067138672,226.0800018310547,222.24000549316406,226.02000427246094,208.83050537109375,389400,0.0,0.0
2019-04-29 00:00:00-04:00,225.55999755859375,226.64999389648438,223.4499969482422,223.77999877929688,206.76087951660156,499400,0.0,0.0
2019-04-30 00:00:00-04:00,223.0399932861328,225.7100067138672,222.6300048828125,225.3800048828125,208.23919677734375,804100,0.0,0.0
2019-05-01 00:00:00-04:00,225.5800018310547,226.36000061035156,222.72000122070312,222.72000122070312,205.7814483642578,689600,0.0,0.0
2019-05-02 00:00:00-04:00,225.08999633789062,225.08999633789062,217.1199951171875,221.2899932861328,204.46026611328125,925000,0.0,0.0
2019-05-03 00:00:00-04:00,221.38999938964844,227.41000366210938,220.58999633789062,226.92999267578125,209.67127990722656,520500,0.0,0.0
2019-05-06 00:00:00-04:00,223.55999755859375,230.44000244140625,222.2899932861328,229.6300048828125,212.1659393310547,605800,0.0,0.0
2019-05-07 00:00:00-04:00,227.52000427246094,228.1699981689453,220.0500030517578,221.92999267578125,205.0515594482422,737800,0.0,0.0
2019-05-08 00:00:00-04:00,222.22000122070312,225.8699951171875,221.3800048828125,223.8300018310547,206.80706787109375,589000,0.0,0.0
2019-05-09 00:00:00-04:00,221.1199951171875,223.55999755859375,219.13999938964844,221.8800048828125,205.00537109375,576600,0.0,0.0
2019-05-10 00:00:00-04:00,221.44000244140625,225.05999755859375,218.42999267578125,224.27999877929688,207.22283935546875,388800,0.0,0.0
2019-05-13 00:00:00-04:00,220.83999633789062,221.19000244140625,209.8699951171875,215.35000610351562,198.9720001220703,1587100,0.0,0.0
2019-05-14 00:00:00-04:00,215.49000549316406,222.07000732421875,215.49000549316406,220.44000244140625,203.67489624023438,503400,0.0,0.0
2019-05-15 00:00:00-04:00,218.27999877929688,222.88999938964844,218.27999877929688,220.89999389648438,204.0998992919922,432800,0.0,0.0
2019-05-16 00:00:00-04:00,221.41000366210938,227.9600067138672,221.13999938964844,226.07000732421875,209.42657470703125,562900,0.58,0.0
2019-05-17 00:00:00-04:00,223.75,226.57000732421875,223.02999877929688,224.80999755859375,208.2593231201172,466200,0.0,0.0
2019-05-20 00:00:00-04:00,223.97999572753906,224.7899932861328,221.74000549316406,222.6699981689453,206.27687072753906,348600,0.0,0.0
2019-05-21 00:00:00-04:00,225.9600067138672,226.82000732421875,223.97999572753906,224.91000366210938,208.3519744873047,692500,0.0,0.0
2019-05-22 00:00:00-04:00,224.0,226.5800018310547,223.85000610351562,225.1199951171875,208.54649353027344,340100,0.0,0.0
2019-05-23 00:00:00-04:00,222.86000061035156,223.11000061035156,216.67999267578125,217.6699981689453,201.64500427246094,552800,0.0,0.0
2019-05-24 00:00:00-04:00,219.32000732421875,220.16000366210938,216.22000122070312,218.86000061035156,202.7473602294922,620800,0.0,0.0
2019-05-28 00:00:00-04:00,219.8000030517578,224.38999938964844,218.88999938964844,221.36000061035156,205.0633087158203,985900,0.0,0.0
2019-05-29 00:00:00-04:00,219.80999755859375,223.27000427246094,218.63999938964844,220.5399932861328,204.30369567871094,549800,0.0,0.0
2019-05-30 00:00:00-04:00,222.44000244140625,225.7100067138672,221.22999572753906,222.77999877929688,206.3787841796875,502000,0.0,0.0
2019-05-31 00:00:00-04:00,219.97000122070312,222.0,218.7100067138672,220.00999450683594,203.81268310546875,392600,0.0,0.0
2019-06-03 00:00:00-04:00,220.00999450683594,221.89999389648438,215.1300048828125,216.25999450683594,200.3387908935547,596200,0.0,0.0
2019-06-04 00:00:00-04:00,218.61000061035156,225.0,216.4199981689453,224.8300018310547,208.27789306640625,472800,0.0,0.0
2019-06-05 00:00:00-04:00,226.77000427246094,234.57000732421875,225.9499969482422,234.5,217.2359619140625,959200,0.0,0.0
2019-06-06 00:00:00-04:00,234.89999389648438,239.69000244140625,234.25999450683594,237.5800018310547,220.08920288085938,635800,0.0,0.0
2019-06-07 00:00:00-04:00,239.13999938964844,242.50999450683594,238.8300018310547,240.3000030517578,222.6089630126953,448000,0.0,0.0
2019-06-10 00:00:00-04:00,241.6999969482422,245.33999633789062,240.97000122070312,243.99000549316406,226.02731323242188,419200,0.0,0.0
2019-06-11 00:00:00-04:00,246.07000732421875,246.07000732421875,233.19000244140625,236.35000610351562,218.9497833251953,783200,0.0,0.0
2019-06-12 00:00:00-04:00,235.67999267578125,237.32000732421875,233.69000244140625,234.85000610351562,217.5602264404297,523600,0.0,0.0
2019-06-13 00:00:00-04:00,236.47000122070312,236.47000122070312,231.1199951171875,234.82000732421875,217.5324249267578,443500,0.0,0.0
2019-06-14 00:00:00-04:00,234.8300018310547,236.50999450683594,232.61000061035156,235.77999877929688,218.4217529296875,328000,0.0,0.0
2019-06-17 00:00:00-04:00,235.67999267578125,238.00999450683594,231.91000366210938,232.58999633789062,215.466552734375,385900,0.0,0.0
2019-06-18 00:00:00-04:00,233.1300048828125,235.64999389648438,233.1300048828125,233.58999633789062,216.39295959472656,439700,0.0,0.0
2019-06-19 00:00:00-04:00,233.22000122070312,237.16000366210938,231.41000366210938,236.64999389648438,219.2277069091797,519500,0.0,0.0
2019-06-20 00:00:00-04:00,239.4600067138672,243.24000549316406,236.07000732421875,237.44000244140625,219.9595489501953,563100,0.0,0.0
2019-06-21 00:00:00-04:00,237.1699981689453,237.5399932861328,232.24000549316406,232.39999389648438,215.2905731201172,747100,0.0,0.0
2019-06-24 00:00:00-04:00,233.69000244140625,236.11000061035156,232.6300048828125,235.00999450683594,217.70838928222656,416900,0.0,0.0
2019-06-25 00:00:00-04:00,234.77999877929688,234.9199981689453,230.50999450683594,230.75,213.7620391845703,365800,0.0,0.0
2019-06-26 00:00:00-04:00,231.7100067138672,233.02000427246094,228.85000610351562,231.52000427246094,214.47535705566406,490400,0.0,0.0
2019-06-27 00:00:00-04:00,232.22999572753906,234.22000122070312,231.1199951171875,234.10000610351562,216.86538696289062,547000,0.0,0.0
2019-06-28 00:00:00-04:00,235.3000030517578,238.9499969482422,234.9600067138672,238.7899932861328,221.21011352539062,652700,0.0,0.0
2019-07-01 00:00:00-04:00,242.16000366210938,242.22000122070312,239.32000732421875,240.50999450683594,222.80348205566406,436500,0.0,0.0
2019-07-02 00:00:00-04:00,241.22000122070312,245.7899932861328,240.8000030517578,244.5800018310547,226.5738983154297,401900,0.0,0.0
2019-07-03 00:00:00-04:00,244.67999267578125,245.82000732421875,243.1199951171875,245.57000732421875,227.49095153808594,170200,0.0,0.0
2019-07-05 00:00:00-04:00,244.55999755859375,245.36000061035156,239.66000366210938,242.2899932861328,224.4524383544922,376900,0.0,0.0
2019-07-08 00:00:00-04:00,236.77000427246094,238.13999938964844,233.1300048828125,234.6999969482422,217.42123413085938,440000,0.0,0.0
2019-07-09 00:00:00-04:00,233.02000427246094,238.16000366210938,232.5800018310547,238.0,220.47824096679688,448900,0.0,0.0
2019-07-10 00:00:00-04:00,238.85000610351562,240.41000366210938,237.61000061035156,238.0,220.47824096679688,511000,0.0,0.0
2019-07-11 00:00:00-04:00,239.3000030517578,241.41000366210938,237.85000610351562,240.27999877929688,222.59042358398438,290200,0.0,0.0
2019-07-12 00:00:00-04:00,240.75999450683594,245.25999450683594,239.3300018310547,245.1199951171875,227.0740966796875,294000,0.0,0.0
2019-07-15 00:00:00-04:00,246.0,246.0,243.89999389648438,245.1999969482422,227.14817810058594,197800,0.0,0.0
2019-07-16 00:00:00-04:00,245.2100067138672,246.36000061035156,240.9199981689453,241.57000732421875,223.7854461669922,334200,0.0,0.0
2019-07-17 00:00:00-04:00,241.5500030517578,243.49000549316406,241.19000244140625,241.5800018310547,223.7947235107422,290100,0.0,0.0
2019-07-18 00:00:00-04:00,241.52999877929688,245.85000610351562,241.1699981689453,245.72999572753906,227.63922119140625,288500,0.0,0.0
2019-07-19 00:00:00-04:00,246.49000549316406,247.57000732421875,240.6199951171875,240.97999572753906,223.2389373779297,411600,0.0,0.0
2019-07-22 00:00:00-04:00,240.9199981689453,242.4600067138672,238.72000122070312,240.58999633789062,222.8776092529297,400700,0.0,0.0
2019-07-23 00:00:00-04:00,241.75,242.5399932861328,234.7100067138672,235.61000061035156,218.2642059326172,844600,0.0,0.0
2019-07-24 00:00:00-04:00,234.5,234.75999450683594,229.80999755859375,232.25,215.15164184570312,1406800,0.0,0.0
2019-07-25 00:00:00-04:00,233.0,234.3699951171875,230.72999572753906,231.88999938964844,214.81813049316406,515900,0.0,0.0
2019-07-26 00:00:00-04:00,233.85000610351562,237.6199951171875,232.94000244140625,237.27000427246094,219.80203247070312,592100,0.0,0.0
2019-07-29 00:00:00-04:00,236.6199951171875,237.50999450683594,232.2899932861328,232.3699951171875,215.26275634765625,376100,0.0,0.0
2019-07-30 00:00:00-04:00,231.11000061035156,231.27999877929688,226.6699981689453,227.8800048828125,211.10333251953125,544500,0.0,0.0
2019-07-31 00:00:00-04:00,227.9499969482422,231.5500030517578,224.17999267578125,227.24000549316406,210.5104217529297,527700,0.0,0.0
2019-08-01 00:00:00-04:00,228.11000061035156,234.7899932861328,224.08999633789062,225.3300018310547,208.74105834960938,720900,0.0,0.0
2019-08-02 00:00:00-04:00,224.57000732421875,224.57000732421875,218.3000030517578,220.17999267578125,203.97019958496094,660000,0.0,0.0
2019-08-05 00:00:00-04:00,211.75,213.97000122070312,206.82000732421875,209.24000549316406,193.83560180664062,827800,0.0,0.0
2019-08-06 00:00:00-04:00,210.91000366210938,214.6199951171875,210.60000610351562,214.33999633789062,198.5601348876953,704300,0.0,0.0
2019-08-07 00:00:00-04:00,212.19000244140625,218.16000366210938,209.1199951171875,217.17999267578125,201.1910858154297,690100,0.0,0.0
2019-08-08 00:00:00-04:00,221.10000610351562,226.39999389648438,220.61000061035156,225.47000122070312,208.8707275390625,648500,0.0,0.0
2019-08-09 00:00:00-04:00,223.72999572753906,225.83999633789062,220.32000732421875,224.0500030517578,207.55531311035156,357300,0.0,0.0
2019-08-12 00:00:00-04:00,221.8000030517578,224.22999572753906,218.88999938964844,219.9600067138672,203.76637268066406,470700,0.0,0.0
2019-08-13 00:00:00-04:00,218.89999389648438,227.1300048828125,218.67999267578125,226.30999755859375,209.64889526367188,509800,0.0,0.0
2019-08-14 00:00:00-04:00,222.97000122070312,224.85000610351562,217.77000427246094,218.89999389648438,202.78443908691406,706200,0.0,0.0
2019-08-15 00:00:00-04:00,218.3300018310547,223.11000061035156,218.3300018310547,222.16000366210938,206.4457244873047,468400,0.68,0.0
2019-08-16 00:00:00-04:00,224.22000122070312,226.99000549316406,222.6300048828125,226.22999572753906,210.2278289794922,543400,0.0,0.0
2019-08-19 00:00:00-04:00,230.22999572753906,231.67999267578125,229.35000610351562,230.30999755859375,214.01925659179688,474400,0.0,0.0
2019-08-20 00:00:00-04:00,229.0800018310547,232.97000122070312,227.52000427246094,231.5,215.12510681152344,511000,0.0,0.0
2019-08-21 00:00:00-04:00,232.7100067138672,236.22000122070312,231.91000366210938,235.02999877929688,218.4053955078125,410500,0.0,0.0
2019-08-22 00:00:00-04:00,235.63999938964844,237.36000061035156,233.83999633789062,236.0,219.3068084716797,582900,0.0,0.0
2019-08-23 00:00:00-04:00,235.22000122070312,237.6999969482422,231.9499969482422,233.0,216.5189971923828,910700,0.0,0.0
2019-08-26 00:00:00-04:00,235.08999633789062,236.38999938964844,229.17999267578125,231.63999938964844,215.2552032470703,432300,0.0,0.0
2019-08-27 00:00:00-04:00,232.14999389648438,232.80999755859375,228.85000610351562,231.22999572753906,214.8741455078125,494200,0.0,0.0
2019-08-28 00:00:00-04:00,230.5,232.1999969482422,228.0800018310547,231.72999572753906,215.33880615234375,285900,0.0,0.0
2019-08-29 00:00:00-04:00,234.63999938964844,236.22999572753906,232.3300018310547,235.61000061035156,218.94435119628906,347100,0.0,0.0
2019-08-30 00:00:00-04:00,237.32000732421875,237.77000427246094,232.24000549316406,234.6300048828125,218.03369140625,331800,0.0,0.0
2019-09-03 00:00:00-04:00,233.0,235.0500030517578,230.8800048828125,233.49000549316406,216.97433471679688,408600,0.0,0.0
2019-09-04 00:00:00-04:00,233.36000061035156,235.52000427246094,227.36000061035156,230.1999969482422,213.91705322265625,608700,0.0,0.0
2019-09-05 00:00:00-04:00,232.75999450683594,236.0800018310547,230.69000244140625,235.42999267578125,218.77706909179688,385100,0.0,0.0
2019-09-06 00:00:00-04:00,236.3300018310547,242.13999938964844,236.3300018310547,241.27000427246094,224.20399475097656,561500,0.0,0.0
2019-09-09 00:00:00-04:00,243.39999389648438,244.7100067138672,235.10000610351562,237.50999450683594,220.70999145507812,764300,0.0,0.0
2019-09-10 00:00:00-04:00,236.30999755859375,236.30999755859375,225.83999633789062,228.42999267578125,212.27224731445312,983900,0.0,0.0
2019-09-11 00:00:00-04:00,226.82000732421875,227.8800048828125,221.72999572753906,226.7100067138672,210.67393493652344,909200,0.0,0.0
2019-09-12 00:00:00-04:00,229.30999755859375,235.4499969482422,229.30999755859375,232.38999938964844,215.95213317871094,848400,0.0,0.0
2019-09-13 00:00:00-04:00,232.99000549316406,233.44000244140625,225.72000122070312,229.63999938964844,213.39669799804688,550800,0.0,0.0
2019-09-16 00:00:00-04:00,227.47000122070312,230.27000427246094,227.22999572753906,230.0,213.731201171875,574400,0.0,0.0
2019-09-17 00:00:00-04:00,230.4600067138672,240.6699981689453,230.33999633789062,240.14999389648438,223.16317749023438,824700,0.0,0.0
2019-09-18 00:00:00-04:00,240.0,240.0,230.72999572753906,233.75,217.21592712402344,603200,0.0,0.0
2019-09-19 00:00:00-04:00,233.77000427246094,236.97000122070312,232.3699951171875,235.38999938964844,218.7399139404297,390600,0.0,0.0
2019-09-20 00:00:00-04:00,236.07000732421875,237.0800018310547,225.66000366210938,225.72999572753906,209.76321411132812,882000,0.0,0.0
2019-09-23 00:00:00-04:00,225.6699981689453,226.92999267578125,224.05999755859375,225.9600067138672,209.97695922851562,437600,0.0,0.0
2019-09-24 00:00:00-04:00,227.77000427246094,230.22000122070312,224.60000610351562,225.61000061035156,209.65170288085938,479100,0.0,0.0
2019-09-25 00:00:00-04:00,225.6699981689453,227.8300018310547,222.57000732421875,227.05999755859375,210.9991455078125,341900,0.0,0.0
2019-09-26 00:00:00-04:00,226.1199951171875,226.99000549316406,222.80999755859375,223.5500030517578,207.73744201660156,383200,0.0,0.0
2019-09-27 00:00:00-04:00,226.72000122070312,228.1199951171875,213.07000732421875,215.88999938964844,200.61924743652344,783000,0.0,0.0
2019-09-30 00:00:00-04:00,215.89999389648438,219.97999572753906,214.22000122070312,217.75,202.34771728515625,617200,0.0,0.0
2019-10-01 00:00:00-04:00,217.82000732421875,220.6300048828125,216.14999389648438,216.22999572753906,200.93521118164062,473500,0.0,0.0
2019-10-02 00:00:00-04:00,214.3300018310547,214.80999755859375,211.25,212.6999969482422,197.6549072265625,608100,0.0,0.0
2019-10-03 00:00:00-04:00,212.55999755859375,218.67999267578125,210.33999633789062,217.83999633789062,202.43124389648438,684200,0.0,0.0
2019-10-04 00:00:00-04:00,218.9499969482422,221.5,217.5399932861328,221.00999450683594,205.3770294189453,353900,0.0,0.0
2019-10-07 00:00:00-04:00,219.67999267578125,222.4600067138672,219.52999877929688,220.7899932861328,205.1726531982422,305900,0.0,0.0
2019-10-08 00:00:00-04:00,218.5399932861328,219.0500030517578,213.00999450683594,214.50999450683594,199.3368377685547,388600,0.0,0.0
2019-10-09 00:00:00-04:00,217.97000122070312,221.22999572753906,217.27999877929688,219.47000122070312,203.9459991455078,269200,0.0,0.0
2019-10-10 00:00:00-04:00,218.74000549316406,223.9499969482422,217.5800018310547,222.64999389648438,206.90109252929688,404100,0.0,0.0
2019-10-11 00:00:00-04:00,228.66000366210938,228.66000366210938,225.0,225.3300018310547,209.39151000976562,366700,0.0,0.0
2019-10-14 00:00:00-04:00,225.2899932861328,227.7100067138672,224.57000732421875,225.11000061035156,209.1870880126953,259300,0.0,0.0
2019-10-15 00:00:00-04:00,226.5,229.16000366210938,225.72000122070312,227.0800018310547,211.01771545410156,285700,0.0,0.0
2019-10-16 00:00:00-04:00,226.94000244140625,227.69000244140625,221.38999938964844,225.97999572753906,209.9955596923828,334500,0.0,0.0
2019-10-17 00:00:00-04:00,226.69000244140625,229.2899932861328,226.07000732421875,229.02999877929688,212.82981872558594,240400,0.0,0.0
2019-10-18 00:00:00-04:00,228.07000732421875,228.11000061035156,222.77000427246094,224.39999389648438,208.5272979736328,279600,0.0,0.0
2019-10-21 00:00:00-04:00,225.8000030517578,226.3800048828125,222.5,226.14999389648438,210.15347290039062,295000,0.0,0.0
2019-10-22 00:00:00-04:00,226.14999389648438,226.88999938964844,215.49000549316406,216.3800048828125,201.0746307373047,499000,0.0,0.0
2019-10-23 00:00:00-04:00,216.16000366210938,218.72999572753906,214.1199951171875,218.3300018310547,202.88665771484375,894900,0.0,0.0
2019-10-24 00:00:00-04:00,219.17999267578125,224.11000061035156,218.86000061035156,222.5800018310547,206.83607482910156,325800,0.0,0.0
2019-10-25 00:00:00-04:00,221.86000061035156,224.25,221.27999877929688,222.1999969482422,206.48289489746094,232300,0.0,0.0
2019-10-28 00:00:00-04:00,224.39999389648438,226.4600067138672,222.72000122070312,225.02999877929688,209.11268615722656,346800,0.0,0.0
2019-10-29 00:00:00-04:00,224.47000122070312,230.55999755859375,224.47000122070312,228.07000732421875,211.93775939941406,481500,0.0,0.0
2019-10-30 00:00:00-04:00,227.0,229.13999938964844,223.82000732421875,229.13999938964844,212.9320526123047,492300,0.0,0.0
2019-10-31 00:00:00-04:00,233.9199981689453,237.35000610351562,231.3300018310547,234.55999755859375,217.96859741210938,764500,0.0,0.0
2019-11-01 00:00:00-04:00,236.8300018310547,246.0,236.8300018310547,245.91000366210938,228.5158233642578,533300,0.0,0.0
2019-11-04 00:00:00-05:00,247.8800048828125,249.25,243.5800018310547,245.7899932861328,228.40428161621094,447000,0.0,0.0
2019-11-05 00:00:00-05:00,245.8000030517578,246.72999572753906,236.38999938964844,238.47000122070312,221.60208129882812,588400,0.0,0.0
2019-11-06 00:00:00-05:00,239.30999755859375,241.3699951171875,238.52000427246094,241.27999877929688,224.2133026123047,356500,0.0,0.0
2019-11-07 00:00:00-05:00,242.5800018310547,247.69000244140625,242.1199951171875,246.67999267578125,229.23133850097656,505300,0.0,0.0
2019-11-08 00:00:00-05:00,246.52999877929688,247.14999389648438,243.85000610351562,245.0,227.67018127441406,369900,0.0,0.0
2019-11-11 00:00:00-05:00,242.67999267578125,246.92999267578125,240.05999755859375,245.0,227.67018127441406,212500,0.0,0.0
2019-11-12 00:00:00-05:00,245.0,247.85000610351562,244.2899932861328,246.17999267578125,228.76673889160156,429800,0.0,0.0
2019-11-13 00:00:00-05:00,245.30999755859375,250.4499969482422,245.1300048828125,249.2100067138672,231.58242797851562,276000,0.0,0.0
2019-11-14 00:00:00-05:00,247.47000122070312,250.07000732421875,244.83999633789062,250.0,232.95217895507812,527700,0.68,0.0
2019-11-15 00:00:00-05:00,250.00999450683594,251.00999450683594,247.35000610351562,250.0,232.95217895507812,562200,0.0,0.0
2019-11-18 00:00:00-05:00,249.39999389648438,253.0,248.97999572753906,252.58999633789062,235.36553955078125,482700,0.0,0.0
2019-11-19 00:00:00-05:00,254.07000732421875,258.3699951171875,253.9600067138672,257.5,239.94070434570312,615600,0.0,0.0
2019-11-20 00:00:00-05:00,257.07000732421875,261.3599853515625,253.7899932861328,256.3699951171875,238.8877716064453,1003500,0.0,0.0
2019-11-21 00:00:00-05:00,257.6600036621094,259.32000732421875,253.8000030517578,255.6199951171875,238.1888885498047,398000,0.0,0.0
2019-11-22 00:00:00-05:00,256.4700012207031,258.7099914550781,255.2899932861328,257.9700012207031,240.378662109375,389200,0.0,0.0
2019-11-25 00:00:00-05:00,258.69000244140625,264.57000732421875,258.69000244140625,264.010009765625,246.0068817138672,659300,0.0,0.0
2019-11-26 00:00:00-05:00,264.2099914550781,265.6099853515625,259.0400085449219,259.7699890136719,242.05587768554688,879100,0.0,0.0
2019-11-27 00:00:00-05:00,261.0400085449219,261.04998779296875,252.27000427246094,258.17999267578125,240.5742950439453,645600,0.0,0.0
2019-11-29 00:00:00-05:00,257.760009765625,260.75,256.79998779296875,259.19000244140625,241.51547241210938,285800,0.0,0.0
2019-12-02 00:00:00-05:00,260.3399963378906,262.760009765625,255.50999450683594,256.57000732421875,239.0741424560547,710800,0.0,0.0
2019-12-03 00:00:00-05:00,252.4499969482422,255.52999877929688,251.5399932861328,254.35000610351562,237.00552368164062,455000,0.0,0.0
2019-12-04 00:00:00-05:00,255.52999877929688,259.80999755859375,254.9199981689453,259.0299987792969,241.36639404296875,396200,0.0,0.0
2019-12-05 00:00:00-05:00,259.5299987792969,261.0899963378906,258.010009765625,260.4200134277344,242.6615753173828,259900,0.0,0.0
2019-12-06 00:00:00-05:00,263.0299987792969,267.510009765625,261.8999938964844,266.32000732421875,248.15933227539062,503100,0.0,0.0
2019-12-09 00:00:00-05:00,266.2300109863281,267.010009765625,263.3599853515625,263.5299987792969,245.55953979492188,386300,0.0,0.0
2019-12-10 00:00:00-05:00,264.1400146484375,264.1400146484375,260.510009765625,261.5,243.66796875,388500,0.0,0.0
2019-12-11 00:00:00-05:00,262.5400085449219,262.5400085449219,260.1400146484375,260.7900085449219,243.00636291503906,266600,0.0,0.0
2019-12-12 00:00:00-05:00,260.9200134277344,262.010009765625,258.07000732421875,259.8599853515625,242.13973999023438,327300,0.0,0.0
2019-12-13 00:00:00-05:00,258.95001220703125,261.0299987792969,256.57000732421875,260.0899963378906,242.3540496826172,358700,0.0,0.0
2019-12-16 00:00:00-05:00,262.4100036621094,264.4100036621094,260.8800048828125,261.19000244140625,243.37904357910156,388700,0.0,0.0
2019-12-17 00:00:00-05:00,262.92999267578125,262.92999267578125,258.45001220703125,258.489990234375,240.8632049560547,729100,0.0,0.0
2019-12-18 00:00:00-05:00,259.8399963378906,260.9700012207031,257.04998779296875,257.5,239.94070434570312,518300,0.0,0.0
2019-12-19 00:00:00-05:00,256.9800109863281,260.2900085449219,256.9800109863281,259.7799987792969,242.06524658203125,687100,0.0,0.0
2019-12-20 00:00:00-05:00,261.0,261.989990234375,257.2200012207031,259.25,241.57139587402344,952000,0.0,0.0
2019-12-23 00:00:00-05:00,261.7200012207031,266.2799987792969,258.2099914550781,258.7200012207031,241.07754516601562,339800,0.0,0.0
2019-12-24 00:00:00-05:00,258.5400085449219,261.19000244140625,257.5400085449219,260.3599853515625,242.60562133789062,86000,0.0,0.0
2019-12-26 00:00:00-05:00,260.5,262.8500061035156,259.6499938964844,260.4800109863281,242.71751403808594,189300,0.0,0.0
2019-12-27 00:00:00-05:00,260.8999938964844,261.2699890136719,258.8299865722656,259.989990234375,242.26092529296875,186800,0.0,0.0
2019-12-30 00:00:00-05:00,260.0799865722656,261.0799865722656,255.92999267578125,256.9200134277344,239.4002685546875,197800,0.0,0.0
2019-12-31 00:00:00-05:00,256.6400146484375,258.6300048828125,255.55999755859375,258.17999267578125,240.5742950439453,225900,0.0,0.0
2020-01-02 00:00:00-05:00,260.0899963378906,266.05999755859375,259.739990234375,266.04998779296875,247.90771484375,543300,0.0,0.0
2020-01-03 00:00:00-05:00,262.20001220703125,263.5799865722656,259.2699890136719,260.75,242.96913146972656,459700,0.0,0.0
2020-01-06 00:00:00-05:00,258.5799865722656,262.1499938964844,256.79998779296875,262.04998779296875,244.1804656982422,450900,0.0,0.0
2020-01-07 00:00:00-05:00,260.8599853515625,265.3599853515625,260.739990234375,262.4100036621094,244.51589965820312,460700,0.0,0.0
2020-01-08 00:00:00-05:00,263.0400085449219,269.2300109863281,263.0400085449219,266.55999755859375,248.38290405273438,528700,0.0,0.0
2020-01-09 00:00:00-05:00,269.1400146484375,271.6300048828125,266.2699890136719,267.8299865722656,249.56626892089844,470000,0.0,0.0
2020-01-10 00:00:00-05:00,267.9700012207031,268.3599853515625,264.0799865722656,265.7200012207031,247.6002197265625,339100,0.0,0.0
2020-01-13 00:00:00-05:00,266.1099853515625,273.3399963378906,265.9700012207031,271.989990234375,253.442626953125,415300,0.0,0.0
2020-01-14 00:00:00-05:00,271.2699890136719,273.0,266.32000732421875,266.6700134277344,248.48538208007812,395600,0.0,0.0
2020-01-15 00:00:00-05:00,266.5400085449219,271.1600036621094,266.5400085449219,269.739990234375,251.34608459472656,340100,0.0,0.0
2020-01-16 00:00:00-05:00,272.44000244140625,277.32000732421875,270.69000244140625,277.2900085449219,258.38128662109375,366400,0.0,0.0
2020-01-17 00:00:00-05:00,279.260009765625,279.92999267578125,276.3699951171875,279.07000732421875,260.0398864746094,452900,0.0,0.0
2020-01-21 00:00:00-05:00,277.6099853515625,281.67999267578125,276.3800048828125,278.0299987792969,259.0707092285156,477000,0.0,0.0
2020-01-22 00:00:00-05:00,279.5299987792969,283.4200134277344,278.2900085449219,279.2300109863281,260.18896484375,388300,0.0,0.0
2020-01-23 00:00:00-05:00,277.95001220703125,280.1099853515625,276.2099914550781,279.1499938964844,260.1143798828125,284200,0.0,0.0
2020-01-24 00:00:00-05:00,280.5799865722656,281.0,274.2300109863281,276.1099853515625,257.28173828125,221800,0.0,0.0
2020-01-27 00:00:00-05:00,270.0,275.5,269.29998779296875,273.94000244140625,255.25973510742188,460200,0.0,0.0
2020-01-28 00:00:00-05:00,275.1499938964844,279.0899963378906,273.9599914550781,278.1700134277344,259.20123291015625,310800,0.0,0.0
2020-01-29 00:00:00-05:00,279.8399963378906,284.739990234375,278.5,282.2799987792969,263.03094482421875,489600,0.0,0.0
2020-01-30 00:00:00-05:00,282.1099853515625,293.0799865722656,279.0,292.7699890136719,272.8055725097656,616100,0.0,0.0
2020-01-31 00:00:00-05:00,292.04998779296875,295.07000732421875,285.1199951171875,285.79998779296875,266.3109130859375,784300,0.0,0.0
2020-02-03 00:00:00-05:00,287.2200012207031,294.5400085449219,287.20001220703125,292.6499938964844,272.6937561035156,509100,0.0,0.0
2020-02-04 00:00:00-05:00,297.3900146484375,303.1199951171875,296.3999938964844,301.1499938964844,280.6140441894531,479400,0.0,0.0
2020-02-05 00:00:00-05:00,304.45001220703125,304.45001220703125,292.0400085449219,295.17999267578125,275.0513916015625,393500,0.0,0.0
2020-02-06 00:00:00-05:00,296.04998779296875,298.2699890136719,293.7099914550781,296.8999938964844,276.65399169921875,489900,0.0,0.0
2020-02-07 00:00:00-05:00,296.0,299.5799865722656,293.8599853515625,297.8299865722656,277.5205078125,335100,0.0,0.0
2020-02-10 00:00:00-05:00,296.79998779296875,302.3800048828125,296.79998779296875,301.4700012207031,280.9123229980469,348900,0.0,0.0
2020-02-11 00:00:00-05:00,303.2200012207031,304.57000732421875,301.04998779296875,303.57000732421875,282.86920166015625,331100,0.0,0.0
2020-02-12 00:00:00-05:00,307.8800048828125,311.0299987792969,304.20001220703125,308.17999267578125,287.1647033691406,384200,0.0,0.0
2020-02-13 00:00:00-05:00,307.1700134277344,314.2099914550781,306.8900146484375,313.3999938964844,292.0287780761719,377600,0.0,0.0
2020-02-14 00:00:00-05:00,313.5899963378906,322.8699951171875,313.5899963378906,322.55999755859375,300.564208984375,568900,0.0,0.0
2020-02-18 00:00:00-05:00,321.2099914550781,327.8999938964844,320.7900085449219,327.0899963378906,304.7853088378906,539100,0.0,0.0
2020-02-19 00:00:00-05:00,328.55999755859375,335.42999267578125,328.0,332.1099853515625,309.46295166015625,514700,0.0,0.0
2020-02-20 00:00:00-05:00,330.32000732421875,332.6700134277344,319.3999938964844,321.7099914550781,300.38720703125,850300,0.68,0.0
2020-02-21 00:00:00-05:00,317.3800048828125,317.55999755859375,303.5199890136719,309.0799865722656,288.59429931640625,1101800,0.0,0.0
2020-02-24 00:00:00-05:00,293.989990234375,305.8399963378906,292.5799865722656,303.5299987792969,283.4121398925781,1127300,0.0,0.0
2020-02-25 00:00:00-05:00,305.92999267578125,308.8500061035156,297.07000732421875,300.30999755859375,280.40557861328125,851000,0.0,0.0
2020-02-26 00:00:00-05:00,295.510009765625,310.5,295.510009765625,305.6099853515625,285.3543395996094,789700,0.0,0.0
2020-02-27 00:00:00-05:00,297.3599853515625,307.42999267578125,295.6099853515625,297.3599853515625,277.651123046875,968400,0.0,0.0
2020-02-28 00:00:00-05:00,286.29998779296875,300.7099914550781,283.0,295.44000244140625,275.85833740234375,1394200,0.0,0.0
2020-03-02 00:00:00-05:00,299.44000244140625,316.04998779296875,297.260009765625,315.5299987792969,294.6168212890625,1152400,0.0,0.0
2020-03-03 00:00:00-05:00,316.2699890136719,321.55999755859375,304.010009765625,308.6499938964844,288.19281005859375,855100,0.0,0.0
2020-03-04 00:00:00-05:00,315.1099853515625,320.5299987792969,312.0,318.4700012207031,297.3619079589844,836500,0.0,0.0
2020-03-05 00:00:00-05:00,314.19000244140625,315.0799865722656,297.6700134277344,300.8900146484375,280.9471435546875,772900,0.0,0.0
2020-03-06 00:00:00-05:00,291.0400085449219,291.1300048828125,276.75,285.8399963378906,266.8946533203125,1049700,0.0,0.0
2020-03-09 00:00:00-04:00,267.17999267578125,274.2900085449219,257.6600036621094,257.8500061035156,240.7598419189453,1232600,0.0,0.0
2020-03-10 00:00:00-04:00,266.5199890136719,274.5299987792969,258.57000732421875,274.510009765625,256.31561279296875,1593500,0.0,0.0
2020-03-11 00:00:00-04:00,265.8999938964844,271.4100036621094,257.1499938964844,262.5799865722656,245.17633056640625,1233500,0.0,0.0
2020-03-12 00:00:00-04:00,244.1699981689453,261.2699890136719,232.00999450683594,256.69000244140625,239.67669677734375,1793400,0.0,0.0
2020-03-13 00:00:00-04:00,266.5799865722656,285.7900085449219,260.6000061035156,283.3999938964844,264.6163330078125,1536000,0.0,0.0
2020-03-16 00:00:00-04:00,251.0,266.8500061035156,245.2899932861328,246.39999389648438,230.06871032714844,1661700,0.0,0.0
2020-03-17 00:00:00-04:00,252.39999389648438,272.760009765625,249.6999969482422,257.6000061035156,240.52638244628906,1291000,0.0,0.0
2020-03-18 00:00:00-04:00,241.38999938964844,248.61000061035156,218.64999389648438,224.64999389648438,209.76028442382812,1384800,0.0,0.0
2020-03-19 00:00:00-04:00,225.52999877929688,248.60000610351562,220.0500030517578,237.35000610351562,221.61854553222656,1195800,0.0,0.0
2020-03-20 00:00:00-04:00,240.30999755859375,253.02999877929688,239.0,243.07000732421875,226.9593963623047,1663900,0.0,0.0
2020-03-23 00:00:00-04:00,235.77999877929688,243.3800048828125,221.82000732421875,231.5500030517578,216.20298767089844,1412100,0.0,0.0
2020-03-24 00:00:00-04:00,240.17999267578125,277.7300109863281,240.17999267578125,273.30999755859375,255.1951446533203,991800,0.0,0.0
2020-03-25 00:00:00-04:00,271.0799865722656,276.5299987792969,257.07000732421875,263.7699890136719,246.2874755859375,1139000,0.0,0.0
2020-03-26 00:00:00-04:00,266.75,295.8399963378906,266.1099853515625,291.8599853515625,272.515625,1049400,0.0,0.0
2020-03-27 00:00:00-04:00,284.1099853515625,288.4200134277344,274.0799865722656,275.739990234375,257.464111328125,978000,0.0,0.0
2020-03-30 00:00:00-04:00,278.0299987792969,294.7099914550781,275.3599853515625,293.7200012207031,274.2523498535156,580600,0.0,0.0
2020-03-31 00:00:00-04:00,295.9700012207031,301.8999938964844,287.42999267578125,288.9599914550781,269.807861328125,956400,0.0,0.0
2020-04-01 00:00:00-04:00,275.5899963378906,279.6099853515625,265.8999938964844,271.2799987792969,253.29974365234375,997100,0.0,0.0
2020-04-02 00:00:00-04:00,268.7799987792969,287.1300048828125,265.2900085449219,286.989990234375,267.9683837890625,717900,0.0,0.0
2020-04-03 00:00:00-04:00,283.04998779296875,286.6000061035156,270.0199890136719,270.6099853515625,252.67405700683594,841400,0.0,0.0
2020-04-06 00:00:00-04:00,285.5400085449219,303.75,280.07000732421875,302.489990234375,282.4411315917969,617800,0.0,0.0
2020-04-07 00:00:00-04:00,312.1199951171875,314.5,286.0799865722656,286.0799865722656,267.1187438964844,752400,0.0,0.0
2020-04-08 00:00:00-04:00,289.9800109863281,298.8299865722656,286.04998779296875,297.17999267578125,277.4830017089844,624200,0.0,0.0
2020-04-09 00:00:00-04:00,298.92999267578125,313.260009765625,298.79998779296875,310.69000244140625,290.0976867675781,941600,0.0,0.0
2020-04-13 00:00:00-04:00,308.7699890136719,311.0,304.0199890136719,309.5199890136719,289.0050964355469,575300,0.0,0.0
2020-04-14 00:00:00-04:00,317.7200012207031,323.44000244140625,312.6700134277344,313.4100036621094,292.6374206542969,701000,0.0,0.0
2020-04-15 00:00:00-04:00,307.4200134277344,312.6400146484375,300.32000732421875,309.6199951171875,289.09857177734375,743700,0.0,0.0
2020-04-16 00:00:00-04:00,311.57000732421875,315.4100036621094,306.19000244140625,309.3999938964844,288.89312744140625,660700,0.0,0.0
2020-04-17 00:00:00-04:00,317.0,322.6700134277344,314.010009765625,317.17999267578125,296.15740966796875,768900,0.0,0.0
2020-04-20 00:00:00-04:00,315.57000732421875,325.7900085449219,310.0199890136719,321.95001220703125,300.6112976074219,621300,0.0,0.0
2020-04-21 00:00:00-04:00,315.6499938964844,318.8599853515625,308.4700012207031,311.32000732421875,290.6858825683594,467900,0.0,0.0
2020-04-22 00:00:00-04:00,316.7099914550781,323.8399963378906,314.5400085449219,320.6199951171875,299.3695068359375,640100,0.0,0.0
2020-04-23 00:00:00-04:00,320.07000732421875,324.3299865722656,315.6600036621094,317.44000244140625,296.4002685546875,354200,0.0,0.0
2020-04-24 00:00:00-04:00,318.7300109863281,326.05999755859375,312.4800109863281,324.8900146484375,303.3565368652344,535900,0.0,0.0
2020-04-27 00:00:00-04:00,329.7900085449219,334.4100036621094,327.3599853515625,331.6099853515625,309.63104248046875,500800,0.0,0.0
2020-04-28 00:00:00-04:00,339.0,344.0,311.1400146484375,319.1600036621094,298.0061950683594,916900,0.0,0.0
2020-04-29 00:00:00-04:00,326.79998779296875,337.17999267578125,321.9700012207031,334.70001220703125,312.51617431640625,575700,0.0,0.0
2020-04-30 00:00:00-04:00,330.5299987792969,333.04998779296875,323.1499938964844,327.0,305.32666015625,771600,0.0,0.0
2020-05-01 00:00:00-04:00,320.9800109863281,324.94000244140625,316.29998779296875,319.94000244140625,298.73455810546875,337400,0.0,0.0
2020-05-04 00:00:00-04:00,317.6499938964844,322.6300048828125,314.260009765625,321.4599914550781,300.15380859375,335100,0.0,0.0
2020-05-05 00:00:00-04:00,326.010009765625,340.2200012207031,324.0799865722656,337.3399963378906,314.9812927246094,563100,0.0,0.0
2020-05-06 00:00:00-04:00,338.0,341.4800109863281,328.2900085449219,330.25,308.3612060546875,338900,0.0,0.0
2020-05-07 00:00:00-04:00,336.3399963378906,342.5799865722656,334.1000061035156,334.1000061035156,311.9560241699219,545400,0.0,0.0
2020-05-08 00:00:00-04:00,338.3699951171875,340.5199890136719,332.0,333.5799865722656,311.4703369140625,414200,0.0,0.0
2020-05-11 00:00:00-04:00,330.3999938964844,349.0400085449219,329.4599914550781,347.25,324.234375,590000,0.0,0.0
2020-05-12 00:00:00-04:00,350.2699890136719,356.6600036621094,345.260009765625,347.1199951171875,324.11297607421875,579900,0.0,0.0
2020-05-13 00:00:00-04:00,345.2099914550781,347.1000061035156,331.19000244140625,335.6199951171875,313.3752136230469,585500,0.0,0.0
2020-05-14 00:00:00-04:00,331.989990234375,342.3599853515625,331.67999267578125,342.04998779296875,320.02740478515625,379700,0.68,0.0
2020-05-15 00:00:00-04:00,340.3500061035156,350.0299987792969,339.0799865722656,341.2200012207031,319.25091552734375,467100,0.0,0.0
2020-05-18 00:00:00-04:00,348.5899963378906,353.20001220703125,346.7099914550781,346.75,324.42486572265625,444100,0.0,0.0
2020-05-19 00:00:00-04:00,345.989990234375,351.79998779296875,337.4700012207031,337.5299987792969,315.7984924316406,518300,0.0,0.0
2020-05-20 00:00:00-04:00,341.7799987792969,346.54998779296875,340.04998779296875,341.510009765625,319.52227783203125,469400,0.0,0.0
2020-05-21 00:00:00-04:00,341.75,344.3699951171875,331.82000732421875,333.3500061035156,311.8876647949219,426200,0.0,0.0
2020-05-22 00:00:00-04:00,334.239990234375,339.0899963378906,331.0199890136719,337.9700012207031,316.2101745605469,356500,0.0,0.0
2020-05-26 00:00:00-04:00,345.0,346.17999267578125,325.04998779296875,326.1700134277344,305.1699523925781,626200,0.0,0.0
2020-05-27 00:00:00-04:00,328.5299987792969,330.010009765625,311.0799865722656,315.1700134277344,294.8782043457031,937500,0.0,0.0
2020-05-28 00:00:00-04:00,317.1099853515625,328.5,313.6199951171875,322.67999267578125,301.90460205078125,928900,0.0,0.0
2020-05-29 00:00:00-04:00,324.9700012207031,331.510009765625,322.8399963378906,328.8500061035156,307.6773986816406,800500,0.0,0.0
2020-06-01 00:00:00-04:00,330.32000732421875,337.8500061035156,326.45001220703125,335.3699951171875,313.77752685546875,468600,0.0,0.0
2020-06-02 00:00:00-04:00,336.239990234375,336.2799987792969,323.4800109863281,324.9200134277344,304.00042724609375,693300,0.0,0.0
2020-06-03 00:00:00-04:00,323.9200134277344,326.4599914550781,313.8800048828125,318.5799865722656,298.068603515625,853500,0.0,0.0
2020-06-04 00:00:00-04:00,314.80999755859375,321.30999755859375,307.3999938964844,311.5799865722656,291.5192565917969,726800,0.0,0.0
2020-06-05 00:00:00-04:00,311.8900146484375,333.1099853515625,301.010009765625,330.8800048828125,309.5765686035156,1190000,0.0,0.0
2020-06-08 00:00:00-04:00,325.70001220703125,331.70001220703125,320.760009765625,331.0899963378906,309.77313232421875,741900,0.0,0.0
2020-06-09 00:00:00-04:00,329.3599853515625,334.8999938964844,326.8900146484375,327.1600036621094,306.0960998535156,464800,0.0,0.0
2020-06-10 00:00:00-04:00,327.95001220703125,335.3999938964844,326.3800048828125,331.2699890136719,309.9415283203125,438500,0.0,0.0
2020-06-11 00:00:00-04:00,326.3699951171875,326.3699951171875,299.0899963378906,299.94000244140625,280.62860107421875,723600,0.0,0.0
2020-06-12 00:00:00-04:00,310.1000061035156,322.2200012207031,310.1000061035156,320.95001220703125,300.2859802246094,868000,0.0,0.0
2020-06-15 00:00:00-04:00,315.1400146484375,323.3599853515625,312.239990234375,322.1199951171875,301.3807067871094,434500,0.0,0.0
2020-06-16 00:00:00-04:00,330.5,331.0,315.3800048828125,322.8999938964844,302.1104736328125,422500,0.0,0.0
2020-06-17 00:00:00-04:00,325.0199890136719,327.5400085449219,322.57000732421875,325.8999938964844,304.9172668457031,385500,0.0,0.0
2020-06-18 00:00:00-04:00,324.9800109863281,330.4800109863281,324.07000732421875,330.07000732421875,308.8188171386719,430800,0.0,0.0
2020-06-19 00:00:00-04:00,335.989990234375,336.7699890136719,329.5899963378906,333.4599914550781,311.9905700683594,906000,0.0,0.0
2020-06-22 00:00:00-04:00,332.510009765625,339.1700134277344,330.3299865722656,337.54998779296875,315.817138671875,404000,0.0,0.0
2020-06-23 00:00:00-04:00,341.79998779296875,341.79998779296875,334.30999755859375,334.82000732421875,313.2629699707031,367900,0.0,0.0
2020-06-24 00:00:00-04:00,332.7799987792969,337.9700012207031,324.75,328.3599853515625,307.2189025878906,503000,0.0,0.0
2020-06-25 00:00:00-04:00,328.95001220703125,343.04998779296875,326.8699951171875,342.1700134277344,320.1397705078125,501400,0.0,0.0
2020-06-26 00:00:00-04:00,340.2200012207031,341.2799987792969,330.1099853515625,332.20001220703125,310.8116149902344,865400,0.0,0.0
2020-06-29 00:00:00-04:00,334.1000061035156,334.1000061035156,323.5,325.75,304.77685546875,360100,0.0,0.0
2020-06-30 00:00:00-04:00,327.0199890136719,334.989990234375,326.19000244140625,333.82000732421875,312.3274841308594,638900,0.0,0.0
2020-07-01 00:00:00-04:00,335.1700134277344,343.79998779296875,329.8299865722656,340.92999267578125,318.9795837402344,408200,0.0,0.0
2020-07-02 00:00:00-04:00,344.6099853515625,345.7300109863281,340.8299865722656,342.1300048828125,320.102294921875,360400,0.0,0.0
2020-07-06 00:00:00-04:00,347.0,352.8599853515625,345.1700134277344,351.2099914550781,328.5977478027344,502200,0.0,0.0
2020-07-07 00:00:00-04:00,349.1199951171875,359.70001220703125,347.0,352.6099853515625,329.90753173828125,592700,0.0,0.0
2020-07-08 00:00:00-04:00,357.8299865722656,370.8699951171875,357.8299865722656,370.7099914550781,346.8422546386719,787200,0.0,0.0
2020-07-09 00:00:00-04:00,372.5899963378906,379.9700012207031,369.3900146484375,375.1400146484375,350.9870300292969,793400,0.0,0.0
2020-07-10 00:00:00-04:00,375.42999267578125,377.5199890136719,367.07000732421875,370.95001220703125,347.0667419433594,343900,0.0,0.0
2020-07-13 00:00:00-04:00,374.6300048828125,380.6199951171875,362.4599914550781,363.8699951171875,340.4426574707031,441300,0.0,0.0
2020-07-14 00:00:00-04:00,362.0299987792969,369.69000244140625,357.1400146484375,369.0799865722656,345.31719970703125,356300,0.0,0.0
2020-07-15 00:00:00-04:00,373.0799865722656,377.8399963378906,369.3599853515625,376.25,352.0255126953125,357600,0.0,0.0
2020-07-16 00:00:00-04:00,372.95001220703125,373.92999267578125,364.9800109863281,370.1600036621094,346.3276062011719,320400,0.0,0.0
2020-07-17 00:00:00-04:00,371.739990234375,383.2200012207031,370.75,379.6199951171875,355.1785583496094,448700,0.0,0.0
2020-07-20 00:00:00-04:00,380.3399963378906,389.75,380.3399963378906,389.0199890136719,363.97332763671875,449100,0.0,0.0
2020-07-21 00:00:00-04:00,391.0400085449219,391.69000244140625,383.7699890136719,389.04998779296875,364.00146484375,376200,0.0,0.0
2020-07-22 00:00:00-04:00,386.9700012207031,394.1000061035156,386.8299865722656,390.1199951171875,365.00250244140625,291000,0.0,0.0
2020-07-23 00:00:00-04:00,394.1400146484375,398.489990234375,382.489990234375,384.9800109863281,360.19354248046875,370900,0.0,0.0
2020-07-24 00:00:00-04:00,384.0,387.0799865722656,378.6000061035156,385.6499938964844,360.8203125,273400,0.0,0.0
2020-07-27 00:00:00-04:00,385.5799865722656,396.30999755859375,385.5199890136719,394.0,368.6327819824219,305000,0.0,0.0
2020-07-28 00:00:00-04:00,394.760009765625,397.510009765625,372.5400085449219,376.25,352.0255126953125,651200,0.0,0.0
2020-07-29 00:00:00-04:00,375.75,387.5799865722656,375.75,383.0199890136719,358.3597106933594,526300,0.0,0.0
2020-07-30 00:00:00-04:00,376.45001220703125,381.7200012207031,371.2699890136719,374.5400085449219,350.42559814453125,760100,0.0,0.0
2020-07-31 00:00:00-04:00,377.6099853515625,379.95001220703125,368.8500061035156,375.9800109863281,351.7729797363281,764000,0.0,0.0
2020-08-03 00:00:00-04:00,380.4700012207031,382.82000732421875,371.6300048828125,371.9100036621094,347.9649963378906,398800,0.0,0.0
2020-08-04 00:00:00-04:00,371.9599914550781,372.70001220703125,358.8699951171875,364.3500061035156,340.8916931152344,655200,0.0,0.0
2020-08-05 00:00:00-04:00,364.25,365.6000061035156,360.2799987792969,364.5799865722656,341.1069030761719,447600,0.0,0.0
2020-08-06 00:00:00-04:00,365.1499938964844,374.4800109863281,363.7699890136719,372.7200012207031,348.7228698730469,652500,0.0,0.0
2020-08-07 00:00:00-04:00,371.1700134277344,375.010009765625,357.8900146484375,362.3699951171875,339.03924560546875,503700,0.0,0.0
2020-08-10 00:00:00-04:00,361.239990234375,361.80999755859375,353.010009765625,354.30999755859375,331.4981994628906,361400,0.0,0.0
2020-08-11 00:00:00-04:00,352.1300048828125,357.8999938964844,345.6000061035156,350.5299987792969,327.9615478515625,689000,0.0,0.0
2020-08-12 00:00:00-04:00,355.2200012207031,362.3599853515625,353.010009765625,354.7699890136719,331.928466796875,486400,0.0,0.0
2020-08-13 00:00:00-04:00,355.0,363.4700012207031,355.0,359.8699951171875,337.4421081542969,359700,0.78,0.0
2020-08-14 00:00:00-04:00,360.6300048828125,361.8500061035156,354.7200012207031,356.4100036621094,334.19775390625,319300,0.0,0.0
2020-08-17 00:00:00-04:00,357.4700012207031,365.0299987792969,356.7699890136719,361.6600036621094,339.12054443359375,536900,0.0,0.0
2020-08-18 00:00:00-04:00,362.2799987792969,368.239990234375,360.29998779296875,366.20001220703125,343.3775939941406,281100,0.0,0.0
2020-08-19 00:00:00-04:00,366.25,373.42999267578125,366.25,371.3999938964844,348.2535400390625,558100,0.0,0.0
2020-08-20 00:00:00-04:00,368.70001220703125,373.1700134277344,365.80999755859375,368.739990234375,345.75927734375,374500,0.0,0.0
2020-08-21 00:00:00-04:00,369.1199951171875,369.5,361.42999267578125,363.69000244140625,341.0240173339844,413800,0.0,0.0
2020-08-24 00:00:00-04:00,368.0,369.7799987792969,360.9100036621094,363.989990234375,341.3052673339844,316500,0.0,0.0
2020-08-25 00:00:00-04:00,364.05999755859375,366.92999267578125,362.32000732421875,365.5299987792969,342.74932861328125,289900,0.0,0.0
2020-08-26 00:00:00-04:00,364.739990234375,374.0,361.95001220703125,371.6000061035156,348.4410400390625,247400,0.0,0.0
2020-08-27 00:00:00-04:00,372.4700012207031,374.6700134277344,367.5199890136719,369.8900146484375,346.8375244140625,259700,0.0,0.0
2020-08-28 00:00:00-04:00,372.7699890136719,374.45001220703125,369.6000061035156,373.67999267578125,350.3913879394531,225500,0.0,0.0
2020-08-31 00:00:00-04:00,375.8800048828125,377.4200134277344,371.4700012207031,373.2699890136719,350.0069885253906,381700,0.0,0.0
2020-09-01 00:00:00-04:00,374.5,378.8900146484375,372.6700134277344,377.55999755859375,354.029541015625,298200,0.0,0.0
2020-09-02 00:00:00-04:00,379.5899963378906,382.010009765625,376.54998779296875,378.5899963378906,354.995361328125,576700,0.0,0.0
2020-09-03 00:00:00-04:00,375.55999755859375,375.80999755859375,351.6099853515625,360.4599914550781,337.99530029296875,573300,0.0,0.0
2020-09-04 00:00:00-04:00,360.010009765625,362.0,338.2900085449219,348.17999267578125,326.4805908203125,544700,0.0,0.0
2020-09-08 00:00:00-04:00,338.7900085449219,346.2200012207031,336.94000244140625,339.6400146484375,318.47283935546875,437300,0.0,0.0
2020-09-09 00:00:00-04:00,346.19000244140625,352.1499938964844,342.7799987792969,348.69000244140625,326.9587707519531,431200,0.0,0.0
2020-09-10 00:00:00-04:00,349.9800109863281,353.1099853515625,342.1300048828125,342.5299987792969,321.1827087402344,360900,0.0,0.0
2020-09-11 00:00:00-04:00,345.79998779296875,348.0199890136719,337.3500061035156,339.25,318.1070861816406,529200,0.0,0.0
2020-09-14 00:00:00-04:00,344.1099853515625,347.1199951171875,339.3900146484375,342.3699951171875,321.0325927734375,713200,0.0,0.0
2020-09-15 00:00:00-04:00,346.8399963378906,348.7699890136719,344.5799865722656,346.0,324.4364318847656,485900,0.0,0.0
2020-09-16 00:00:00-04:00,349.0,350.8299865722656,344.2099914550781,344.4700012207031,323.0018615722656,533200,0.0,0.0
2020-09-17 00:00:00-04:00,338.7799987792969,345.2300109863281,338.04998779296875,340.3599853515625,319.14794921875,572900,0.0,0.0
2020-09-18 00:00:00-04:00,340.6600036621094,348.1099853515625,340.6600036621094,344.9599914550781,323.4613037109375,1030600,0.0,0.0
2020-09-21 00:00:00-04:00,340.82000732421875,351.9599914550781,339.6000061035156,351.7300109863281,329.80938720703125,614800,0.0,0.0
2020-09-22 00:00:00-04:00,353.0799865722656,353.0799865722656,343.55999755859375,351.239990234375,329.3498840332031,543000,0.0,0.0
2020-09-23 00:00:00-04:00,350.45001220703125,353.04998779296875,345.260009765625,345.4599914550781,323.9300842285156,358700,0.0,0.0
2020-09-24 00:00:00-04:00,345.9200134277344,350.29998779296875,342.739990234375,346.1199951171875,324.5489501953125,399200,0.0,0.0
2020-09-25 00:00:00-04:00,342.5,354.8500061035156,341.2900085449219,352.9599914550781,330.9627380371094,429800,0.0,0.0
2020-09-28 00:00:00-04:00,356.239990234375,360.19000244140625,349.6600036621094,354.4700012207031,332.3785095214844,367800,0.0,0.0
2020-09-29 00:00:00-04:00,354.8800048828125,359.4700012207031,354.0199890136719,356.0299987792969,333.8414306640625,345400,0.0,0.0
2020-09-30 00:00:00-04:00,355.5899963378906,362.45001220703125,353.9700012207031,356.7799987792969,334.5445861816406,386300,0.0,0.0
2020-10-01 00:00:00-04:00,361.239990234375,369.0,357.7099914550781,359.5400085449219,337.1326904296875,323300,0.0,0.0
2020-10-02 00:00:00-04:00,355.67999267578125,358.6199951171875,347.4100036621094,348.1600036621094,326.4618835449219,277600,0.0,0.0
2020-10-05 00:00:00-04:00,350.8599853515625,353.1000061035156,348.0199890136719,351.30999755859375,329.41552734375,374900,0.0,0.0
2020-10-06 00:00:00-04:00,355.489990234375,355.489990234375,345.2300109863281,347.9200134277344,326.23681640625,416100,0.0,0.0
2020-10-07 00:00:00-04:00,348.1600036621094,351.510009765625,342.5199890136719,342.80999755859375,321.4453430175781,642400,0.0,0.0
2020-10-08 00:00:00-04:00,343.9700012207031,349.05999755859375,342.6099853515625,346.3999938964844,324.8114929199219,475600,0.0,0.0
2020-10-09 00:00:00-04:00,349.2699890136719,354.8999938964844,347.2300109863281,352.3299865722656,330.37200927734375,298200,0.0,0.0
2020-10-12 00:00:00-04:00,354.760009765625,355.8599853515625,350.2300109863281,352.6400146484375,330.6627197265625,254200,0.0,0.0
2020-10-13 00:00:00-04:00,353.2900085449219,361.17999267578125,352.55999755859375,359.9700012207031,337.5357971191406,400300,0.0,0.0
2020-10-14 00:00:00-04:00,360.8999938964844,364.7099914550781,357.1600036621094,359.0400085449219,336.6637878417969,345000,0.0,0.0
2020-10-15 00:00:00-04:00,355.3399963378906,363.1000061035156,353.3999938964844,361.6199951171875,339.0830078125,241600,0.0,0.0
2020-10-16 00:00:00-04:00,363.6099853515625,369.25,363.3599853515625,365.6099853515625,342.8242492675781,240500,0.0,0.0
2020-10-19 00:00:00-04:00,367.2099914550781,370.5899963378906,362.20001220703125,362.6700134277344,340.06756591796875,296500,0.0,0.0
2020-10-20 00:00:00-04:00,361.739990234375,363.07000732421875,358.0400085449219,358.57000732421875,336.22308349609375,437500,0.0,0.0
2020-10-21 00:00:00-04:00,360.45001220703125,363.6199951171875,349.6499938964844,350.010009765625,328.1966247558594,412300,0.0,0.0
2020-10-22 00:00:00-04:00,350.3800048828125,353.1499938964844,346.54998779296875,347.6300048828125,325.9649353027344,451500,0.0,0.0
2020-10-23 00:00:00-04:00,348.0199890136719,352.0,347.2300109863281,350.54998779296875,328.70294189453125,452700,0.0,0.0
2020-10-26 00:00:00-04:00,345.989990234375,350.5400085449219,345.3800048828125,349.55999755859375,327.77459716796875,455000,0.0,0.0
2020-10-27 00:00:00-04:00,349.6000061035156,360.8399963378906,348.510009765625,356.8999938964844,334.65716552734375,708500,0.0,0.0
2020-10-28 00:00:00-04:00,349.989990234375,350.1000061035156,338.9100036621094,340.67999267578125,319.4481201171875,621500,0.0,0.0
2020-10-29 00:00:00-04:00,341.92999267578125,348.4800109863281,336.0299987792969,345.489990234375,323.9582214355469,438800,0.0,0.0
2020-10-30 00:00:00-04:00,344.1499938964844,351.6199951171875,344.1499938964844,349.8399963378906,328.03717041015625,587300,0.0,0.0
2020-11-02 00:00:00-05:00,355.07000732421875,365.79998779296875,351.5400085449219,356.8500061035156,334.6102294921875,437800,0.0,0.0
2020-11-03 00:00:00-05:00,360.5400085449219,372.8999938964844,359.0,369.4700012207031,346.4438171386719,578300,0.0,0.0
2020-11-04 00:00:00-05:00,371.1000061035156,399.4100036621094,371.1000061035156,398.2200012207031,373.4020080566406,908000,0.0,0.0
2020-11-05 00:00:00-05:00,399.95001220703125,418.7200012207031,399.67999267578125,417.7300109863281,391.6961669921875,906200,0.0,0.0
2020-11-06 00:00:00-05:00,418.1000061035156,427.0199890136719,407.010009765625,421.1499938964844,394.90289306640625,637300,0.0,0.0
2020-11-09 00:00:00-05:00,434.1300048828125,437.3500061035156,390.4599914550781,390.4599914550781,366.1256103515625,1245800,0.0,0.0
2020-11-10 00:00:00-05:00,388.6099853515625,391.57000732421875,373.4800109863281,379.82000732421875,356.1487731933594,748000,0.0,0.0
2020-11-11 00:00:00-05:00,381.7200012207031,402.4200134277344,381.7099914550781,397.0199890136719,372.2767639160156,572100,0.0,0.0
2020-11-12 00:00:00-05:00,396.8699951171875,397.94000244140625,387.6499938964844,389.4800109863281,365.9256286621094,448200,0.78,0.0
2020-11-13 00:00:00-05:00,390.55999755859375,392.17999267578125,386.4200134277344,388.4200134277344,364.92974853515625,421100,0.0,0.0
2020-11-16 00:00:00-05:00,389.5299987792969,398.30999755859375,383.9599914550781,397.6000061035156,373.5545654296875,466400,0.0,0.0
2020-11-17 00:00:00-05:00,395.0,404.69000244140625,393.5299987792969,403.6400146484375,379.22930908203125,476300,0.0,0.0
2020-11-18 00:00:00-05:00,403.989990234375,407.2300109863281,399.75,399.95001220703125,375.7624816894531,403000,0.0,0.0
2020-11-19 00:00:00-05:00,399.989990234375,401.3299865722656,395.9100036621094,400.7900085449219,376.55169677734375,295300,0.0,0.0
2020-11-20 00:00:00-05:00,401.42999267578125,409.6199951171875,399.9100036621094,400.29998779296875,376.09130859375,253600,0.0,0.0
2020-11-23 00:00:00-05:00,401.82000732421875,408.7200012207031,398.7300109863281,401.9700012207031,377.6602478027344,227300,0.0,0.0
2020-11-24 00:00:00-05:00,402.0,402.8800048828125,395.69000244140625,399.6400146484375,375.4712219238281,443700,0.0,0.0
2020-11-25 00:00:00-05:00,400.8900146484375,404.0400085449219,396.29998779296875,403.95001220703125,379.52056884765625,307900,0.0,0.0
2020-11-27 00:00:00-05:00,406.1300048828125,408.57000732421875,400.8399963378906,402.25,377.92333984375,227700,0.0,0.0
2020-11-30 00:00:00-05:00,400.4800109863281,411.20001220703125,400.4800109863281,409.4200134277344,384.6596984863281,672600,0.0,0.0
2020-12-01 00:00:00-05:00,414.3500061035156,417.04998779296875,408.8900146484375,414.5,389.4324951171875,472200,0.0,0.0
2020-12-02 00:00:00-05:00,414.0799865722656,418.3699951171875,412.489990234375,416.1600036621094,390.9920654296875,309200,0.0,0.0
2020-12-03 00:00:00-05:00,416.20001220703125,422.25,415.3599853515625,419.29998779296875,393.94219970703125,282400,0.0,0.0
2020-12-04 00:00:00-05:00,419.29998779296875,428.489990234375,419.29998779296875,421.7099914550781,396.20648193359375,660500,0.0,0.0
2020-12-07 00:00:00-05:00,423.42999267578125,427.8999938964844,420.0,422.82000732421875,397.249267578125,440500,0.0,0.0
2020-12-08 00:00:00-05:00,423.54998779296875,429.7699890136719,421.8699951171875,426.3999938964844,400.61273193359375,341500,0.0,0.0
2020-12-09 00:00:00-05:00,424.92999267578125,426.5899963378906,411.70001220703125,414.6199951171875,389.54522705078125,428900,0.0,0.0
2020-12-10 00:00:00-05:00,414.260009765625,423.07000732421875,411.42999267578125,422.6000061035156,397.0426330566406,342300,0.0,0.0
2020-12-11 00:00:00-05:00,420.92999267578125,422.2799987792969,415.70001220703125,419.4700012207031,394.1019592285156,227900,0.0,0.0
2020-12-14 00:00:00-05:00,419.92999267578125,430.7900085449219,419.92999267578125,423.8999938964844,398.26397705078125,335000,0.0,0.0
2020-12-15 00:00:00-05:00,428.19000244140625,431.9599914550781,423.8999938964844,424.0,398.35797119140625,365900,0.0,0.0
2020-12-16 00:00:00-05:00,426.5299987792969,430.1499938964844,422.510009765625,429.8399963378906,403.8447570800781,351600,0.0,0.0
2020-12-17 00:00:00-05:00,432.8999938964844,438.57000732421875,430.30999755859375,436.7799987792969,410.3650207519531,418700,0.0,0.0
2020-12-18 00:00:00-05:00,437.1499938964844,444.0299987792969,435.2200012207031,443.05999755859375,416.2652587890625,771800,0.0,0.0
2020-12-21 00:00:00-05:00,438.6199951171875,442.3800048828125,427.3399963378906,435.0400085449219,408.7303466796875,328700,0.0,0.0
2020-12-22 00:00:00-05:00,435.5,438.4200134277344,431.45001220703125,437.5799865722656,411.1166687011719,216400,0.0,0.0
2020-12-23 00:00:00-05:00,435.0,438.0899963378906,428.6300048828125,428.6300048828125,402.7080078125,227100,0.0,0.0
2020-12-24 00:00:00-05:00,429.05999755859375,434.5,429.05999755859375,432.4599914550781,406.3063659667969,77600,0.0,0.0
2020-12-28 00:00:00-05:00,437.7099914550781,442.3900146484375,430.4599914550781,436.3699951171875,409.9798583984375,301100,0.0,0.0
2020-12-29 00:00:00-05:00,440.7699890136719,440.7699890136719,433.57000732421875,434.57000732421875,408.2887878417969,171200,0.0,0.0
2020-12-30 00:00:00-05:00,437.1700134277344,438.79998779296875,434.0400085449219,436.989990234375,410.5623779296875,172600,0.0,0.0
2020-12-31 00:00:00-05:00,437.45001220703125,446.8999938964844,436.3599853515625,446.5299987792969,419.52545166015625,255600,0.0,0.0
2021-01-04 00:00:00-05:00,450.760009765625,455.0299987792969,433.4100036621094,437.6400146484375,411.1731262207031,408600,0.0,0.0
2021-01-05 00:00:00-05:00,436.8399963378906,440.0899963378906,426.45001220703125,431.3699951171875,405.2822265625,319400,0.0,0.0
2021-01-06 00:00:00-05:00,430.5899963378906,439.2099914550781,423.8800048828125,435.1700134277344,408.8525085449219,430000,0.0,0.0
2021-01-07 00:00:00-05:00,437.8800048828125,447.0,436.260009765625,443.6400146484375,416.81024169921875,391200,0.0,0.0
2021-01-08 00:00:00-05:00,443.6499938964844,454.05999755859375,443.6400146484375,452.67999267578125,425.3034362792969,305200,0.0,0.0
2021-01-11 00:00:00-05:00,451.19000244140625,455.1700134277344,445.8800048828125,451.7900085449219,424.4673156738281,277900,0.0,0.0
2021-01-12 00:00:00-05:00,450.4800109863281,455.80999755859375,449.1300048828125,453.19000244140625,425.78265380859375,391600,0.0,0.0
2021-01-13 00:00:00-05:00,453.32000732421875,454.0,435.5899963378906,438.3999938964844,411.8870849609375,414000,0.0,0.0
2021-01-14 00:00:00-05:00,439.3900146484375,441.95001220703125,408.80999755859375,409.5199890136719,384.75372314453125,813200,0.0,0.0
2021-01-15 00:00:00-05:00,408.9200134277344,417.1300048828125,404.0400085449219,415.29998779296875,390.18414306640625,816300,0.0,0.0
2021-01-19 00:00:00-05:00,415.95001220703125,416.489990234375,406.4200134277344,411.4800109863281,386.5951843261719,851200,0.0,0.0
2021-01-20 00:00:00-05:00,412.8299865722656,423.3699951171875,408.82000732421875,418.5199890136719,393.2093505859375,491200,0.0,0.0
2021-01-21 00:00:00-05:00,419.0,421.989990234375,414.19000244140625,414.3500061035156,389.29150390625,412300,0.0,0.0
2021-01-22 00:00:00-05:00,414.489990234375,416.5799865722656,409.8299865722656,411.8800048828125,386.970947265625,406500,0.0,0.0
2021-01-25 00:00:00-05:00,411.8999938964844,414.9800109863281,400.1600036621094,403.489990234375,379.08831787109375,671000,0.0,0.0
2021-01-26 00:00:00-05:00,406.3999938964844,407.760009765625,398.010009765625,404.6099853515625,380.14056396484375,985100,0.0,0.0
2021-01-27 00:00:00-05:00,400.1600036621094,403.6700134277344,390.70001220703125,393.3399963378906,369.5522155761719,690600,0.0,0.0
2021-01-28 00:00:00-05:00,383.5299987792969,400.8699951171875,380.0,395.2300109863281,371.327880859375,1136900,0.0,0.0
2021-01-29 00:00:00-05:00,392.7799987792969,397.8999938964844,380.239990234375,395.29998779296875,371.39361572265625,901300,0.0,0.0
2021-02-01 00:00:00-05:00,405.67999267578125,417.92999267578125,400.4100036621094,416.25,391.07666015625,716200,0.0,0.0
2021-02-02 00:00:00-05:00,420.0299987792969,432.30999755859375,418.5,425.1300048828125,399.41973876953125,744900,0.0,0.0
2021-02-03 00:00:00-05:00,423.3800048828125,426.760009765625,415.5799865722656,416.8699951171875,391.6591491699219,624100,0.0,0.0
2021-02-04 00:00:00-05:00,418.1199951171875,432.79998779296875,418.1199951171875,430.19000244140625,404.1735534667969,457300,0.0,0.0
2021-02-05 00:00:00-05:00,430.1499938964844,433.32000732421875,427.739990234375,429.80999755859375,403.81658935546875,440100,0.0,0.0
2021-02-08 00:00:00-05:00,431.489990234375,434.739990234375,419.9599914550781,422.7300109863281,397.1647644042969,336200,0.0,0.0
2021-02-09 00:00:00-05:00,423.3500061035156,429.260009765625,414.5899963378906,417.9700012207031,392.69256591796875,416500,0.0,0.0
2021-02-10 00:00:00-05:00,422.1000061035156,422.1000061035156,409.8399963378906,419.6600036621094,394.2803955078125,473000,0.0,0.0
2021-02-11 00:00:00-05:00,422.0199890136719,427.7200012207031,416.54998779296875,426.8599853515625,401.0449523925781,421800,0.0,0.0
2021-02-12 00:00:00-05:00,424.0400085449219,435.20001220703125,424.0400085449219,434.7699890136719,408.4766540527344,296800,0.0,0.0
2021-02-16 00:00:00-05:00,439.19000244140625,445.6000061035156,436.4599914550781,440.9200134277344,414.2547607421875,607200,0.0,0.0
2021-02-17 00:00:00-05:00,436.4800109863281,442.7099914550781,435.0899963378906,439.32000732421875,412.75146484375,397800,0.0,0.0
2021-02-18 00:00:00-05:00,436.4700012207031,444.4100036621094,436.3900146484375,437.54998779296875,411.8196105957031,392300,0.78,0.0
2021-02-19 00:00:00-05:00,439.42999267578125,442.8599853515625,431.9800109863281,432.9700012207031,407.509033203125,516000,0.0,0.0
2021-02-22 00:00:00-05:00,427.6000061035156,429.7300109863281,412.1000061035156,413.6000061035156,389.2781066894531,466400,0.0,0.0
2021-02-23 00:00:00-05:00,411.8699951171875,416.5199890136719,404.6700134277344,415.1499938964844,390.7369079589844,366100,0.0,0.0
2021-02-24 00:00:00-05:00,411.8699951171875,417.54998779296875,405.45001220703125,417.2300109863281,392.694580078125,480600,0.0,0.0
2021-02-25 00:00:00-05:00,417.79998779296875,420.489990234375,400.5,406.29998779296875,382.40728759765625,906400,0.0,0.0
2021-02-26 00:00:00-05:00,410.8299865722656,420.5799865722656,409.44000244140625,414.5199890136719,390.14398193359375,662200,0.0,0.0
2021-03-01 00:00:00-05:00,418.0899963378906,422.3800048828125,413.0299987792969,420.0299987792969,395.3299255371094,342900,0.0,0.0
2021-03-02 00:00:00-05:00,420.0,429.55999755859375,410.3800048828125,418.80999755859375,394.1816711425781,726200,0.0,0.0
2021-03-03 00:00:00-05:00,416.4100036621094,422.5899963378906,409.42999267578125,409.7200012207031,385.62615966796875,811200,0.0,0.0
2021-03-04 00:00:00-05:00,407.3999938964844,414.8699951171875,402.1499938964844,409.0,384.94854736328125,789900,0.0,0.0
2021-03-05 00:00:00-05:00,411.8599853515625,416.5400085449219,400.010009765625,414.7200012207031,390.33221435546875,633900,0.0,0.0
2021-03-08 00:00:00-05:00,413.989990234375,414.29998779296875,402.20001220703125,402.6300048828125,378.9530944824219,614000,0.0,0.0
2021-03-09 00:00:00-05:00,407.010009765625,416.79998779296875,405.05999755859375,414.5199890136719,390.14398193359375,507500,0.0,0.0
2021-03-10 00:00:00-05:00,418.7300109863281,421.6099853515625,409.510009765625,409.82000732421875,385.7203369140625,300700,0.0,0.0
2021-03-11 00:00:00-05:00,411.3399963378906,413.67999267578125,404.0,410.05999755859375,385.9461975097656,472200,0.0,0.0
2021-03-12 00:00:00-05:00,409.5400085449219,416.6199951171875,404.0,416.5299987792969,392.0357360839844,565200,0.0,0.0
2021-03-15 00:00:00-04:00,414.3699951171875,420.2300109863281,408.80999755859375,419.54998779296875,394.8782043457031,325900,0.0,0.0
2021-03-16 00:00:00-04:00,421.0400085449219,426.6000061035156,413.04998779296875,416.5799865722656,392.0827331542969,383000,0.0,0.0
2021-03-17 00:00:00-04:00,414.8800048828125,416.4100036621094,407.1700134277344,413.1700134277344,388.8733215332031,351400,0.0,0.0
2021-03-18 00:00:00-04:00,409.5400085449219,411.04998779296875,403.6000061035156,405.6199951171875,381.7672424316406,366100,0.0,0.0
2021-03-19 00:00:00-04:00,406.8399963378906,415.1600036621094,406.7300109863281,410.3599853515625,386.2286071777344,713100,0.0,0.0
2021-03-22 00:00:00-04:00,409.29998779296875,419.7099914550781,409.29998779296875,419.3599853515625,394.6993408203125,476000,0.0,0.0
2021-03-23 00:00:00-04:00,417.3699951171875,424.1400146484375,413.5400085449219,420.760009765625,396.01702880859375,363900,0.0,0.0
2021-03-24 00:00:00-04:00,420.9599914550781,425.7200012207031,417.5899963378906,424.0299987792969,399.0947570800781,383600,0.0,0.0
2021-03-25 00:00:00-04:00,422.9800109863281,423.8900146484375,408.5899963378906,412.04998779296875,387.8192138671875,387300,0.0,0.0
2021-03-26 00:00:00-04:00,412.5,425.3599853515625,411.92999267578125,424.8699951171875,399.8853454589844,404700,0.0,0.0
2021-03-29 00:00:00-04:00,423.3500061035156,428.5799865722656,418.2900085449219,426.3699951171875,401.2970886230469,320000,0.0,0.0
2021-03-30 00:00:00-04:00,422.2099914550781,423.239990234375,414.2300109863281,417.510009765625,392.9580993652344,293600,0.0,0.0
2021-03-31 00:00:00-04:00,418.8699951171875,425.3500061035156,416.6400146484375,419.2799987792969,394.62408447265625,395300,0.0,0.0
2021-04-01 00:00:00-04:00,423.6199951171875,439.4599914550781,421.739990234375,428.54998779296875,403.3489685058594,410900,0.0,0.0
2021-04-05 00:00:00-04:00,431.3900146484375,443.1000061035156,428.9700012207031,440.6099853515625,414.6996765136719,516400,0.0,0.0
2021-04-06 00:00:00-04:00,441.07000732421875,442.489990234375,435.3699951171875,440.1000061035156,414.2197265625,232200,0.0,0.0
2021-04-07 00:00:00-04:00,437.5,441.30999755859375,433.25,437.45001220703125,411.7254943847656,190100,0.0,0.0
2021-04-08 00:00:00-04:00,442.8399963378906,450.989990234375,439.989990234375,445.2900085449219,419.10443115234375,308600,0.0,0.0
2021-04-09 00:00:00-04:00,444.3900146484375,448.5899963378906,440.3399963378906,448.5,422.125732421875,234800,0.0,0.0
2021-04-12 00:00:00-04:00,445.79998779296875,454.79998779296875,442.4800109863281,453.1400146484375,426.492919921875,317900,0.0,0.0
2021-04-13 00:00:00-04:00,453.1700134277344,461.989990234375,450.7200012207031,460.0,432.94952392578125,319400,0.0,0.0
2021-04-14 00:00:00-04:00,461.04998779296875,467.67999267578125,457.07000732421875,457.4100036621094,430.5118103027344,407300,0.0,0.0
2021-04-15 00:00:00-04:00,460.0,470.6700134277344,460.0,469.6499938964844,442.0320129394531,328300,0.0,0.0
2021-04-16 00:00:00-04:00,472.94000244140625,474.4599914550781,465.6700134277344,473.5199890136719,445.6743469238281,312800,0.0,0.0
2021-04-19 00:00:00-04:00,469.30999755859375,473.82000732421875,464.5799865722656,468.2699890136719,440.7331848144531,266000,0.0,0.0
2021-04-20 00:00:00-04:00,466.3999938964844,470.8399963378906,462.80999755859375,468.0299987792969,440.50726318359375,222200,0.0,0.0
2021-04-21 00:00:00-04:00,471.2099914550781,475.1099853515625,467.8299865722656,470.6199951171875,442.9449768066406,233800,0.0,0.0
2021-04-22 00:00:00-04:00,469.2200012207031,474.70001220703125,466.30999755859375,471.75,444.0085144042969,325000,0.0,0.0
2021-04-23 00:00:00-04:00,472.6700134277344,488.3599853515625,472.04998779296875,486.5,457.8912048339844,434900,0.0,0.0
2021-04-26 00:00:00-04:00,485.7900085449219,490.19000244140625,483.42999267578125,487.0,458.36175537109375,474800,0.0,0.0
2021-04-27 00:00:00-04:00,487.45001220703125,489.9700012207031,476.9599914550781,487.6099853515625,458.93585205078125,409600,0.0,0.0
2021-04-28 00:00:00-04:00,489.0,489.0,479.80999755859375,484.0299987792969,455.56640625,288400,0.0,0.0
2021-04-29 00:00:00-04:00,487.1199951171875,495.1600036621094,483.6199951171875,494.8299865722656,465.7313232421875,287300,0.0,0.0
2021-04-30 00:00:00-04:00,488.07000732421875,493.7300109863281,482.239990234375,485.7699890136719,457.2041015625,379400,0.0,0.0
2021-05-03 00:00:00-04:00,486.9800109863281,489.6400146484375,481.32000732421875,486.20001220703125,457.6087951660156,235800,0.0,0.0
2021-05-04 00:00:00-04:00,482.2900085449219,487.0299987792969,475.6499938964844,482.5,454.1263427734375,338200,0.0,0.0
2021-05-05 00:00:00-04:00,485.6300048828125,485.6300048828125,472.0899963378906,478.17999267578125,450.0604248046875,270100,0.0,0.0
2021-05-06 00:00:00-04:00,479.1400146484375,479.1400146484375,469.5,475.9100036621094,447.9239501953125,253900,0.0,0.0
2021-05-07 00:00:00-04:00,478.0,484.3500061035156,475.0,482.30999755859375,453.9476318359375,204800,0.0,0.0
2021-05-10 00:00:00-04:00,482.1099853515625,486.1400146484375,476.5299987792969,476.8900146484375,448.84625244140625,244800,0.0,0.0
2021-05-11 00:00:00-04:00,471.2300109863281,475.17999267578125,462.5799865722656,472.6700134277344,444.8743896484375,346400,0.0,0.0
2021-05-12 00:00:00-04:00,466.3999938964844,470.6300048828125,459.0199890136719,460.17999267578125,433.118896484375,420200,0.0,0.0
2021-05-13 00:00:00-04:00,461.57000732421875,468.4100036621094,460.6499938964844,461.0899963378906,434.7122497558594,296700,0.78,0.0
2021-05-14 00:00:00-04:00,464.7900085449219,466.5899963378906,460.5400085449219,463.4599914550781,436.9466857910156,353500,0.0,0.0
2021-05-17 00:00:00-04:00,463.4599914550781,463.4599914550781,454.6600036621094,455.7799987792969,429.7060241699219,422900,0.0,0.0
2021-05-18 00:00:00-04:00,455.2699890136719,457.7900085449219,450.57000732421875,454.0899963378906,428.1127014160156,319900,0.0,0.0
2021-05-19 00:00:00-04:00,446.7200012207031,448.8900146484375,443.0,447.5899963378906,421.9845275878906,382100,0.0,0.0
2021-05-20 00:00:00-04:00,450.1700134277344,460.9200134277344,448.760009765625,457.2300109863281,431.0731201171875,347200,0.0,0.0
2021-05-21 00:00:00-04:00,457.8299865722656,461.19000244140625,456.1499938964844,456.8800048828125,430.7430419921875,227800,0.0,0.0
2021-05-24 00:00:00-04:00,459.7200012207031,468.1700134277344,459.3800048828125,462.8500061035156,436.3715515136719,233800,0.0,0.0
2021-05-25 00:00:00-04:00,464.7300109863281,470.2200012207031,463.2900085449219,464.6099853515625,438.03082275390625,288600,0.0,0.0
2021-05-26 00:00:00-04:00,470.5400085449219,471.2699890136719,464.1199951171875,465.1000061035156,438.4928283691406,290100,0.0,0.0
2021-05-27 00:00:00-04:00,463.70001220703125,468.20001220703125,461.0299987792969,464.3699951171875,437.80450439453125,504500,0.0,0.0
2021-05-28 00:00:00-04:00,467.8599853515625,472.6199951171875,463.4700012207031,468.1300048828125,441.3494873046875,223300,0.0,0.0
2021-06-01 00:00:00-04:00,471.1300048828125,472.6300048828125,461.1300048828125,461.9700012207031,435.5418701171875,320000,0.0,0.0
2021-06-02 00:00:00-04:00,462.010009765625,471.45001220703125,462.010009765625,468.8699951171875,442.047119140625,303300,0.0,0.0
2021-06-03 00:00:00-04:00,467.0,467.0299987792969,458.489990234375,461.9800109863281,435.55133056640625,318100,0.0,0.0
2021-06-04 00:00:00-04:00,465.07000732421875,467.2300109863281,460.0400085449219,466.3599853515625,439.68072509765625,213100,0.0,0.0
2021-06-07 00:00:00-04:00,467.1099853515625,468.4100036621094,463.25,464.3699951171875,437.80450439453125,349600,0.0,0.0
2021-06-08 00:00:00-04:00,464.6099853515625,466.6000061035156,460.8599853515625,463.3699951171875,436.86187744140625,248700,0.0,0.0
2021-06-09 00:00:00-04:00,465.0899963378906,468.20001220703125,460.739990234375,465.8299865722656,439.1810302734375,253600,0.0,0.0
2021-06-10 00:00:00-04:00,466.6499938964844,479.3500061035156,464.8800048828125,476.4599914550781,449.20294189453125,413300,0.0,0.0
2021-06-11 00:00:00-04:00,477.8999938964844,482.95001220703125,476.6099853515625,479.510009765625,452.0784606933594,237700,0.0,0.0
2021-06-14 00:00:00-04:00,480.3299865722656,490.95001220703125,478.7300109863281,490.760009765625,462.68487548828125,291700,0.0,0.0
2021-06-15 00:00:00-04:00,491.9800109863281,500.5400085449219,488.69000244140625,495.0,466.68231201171875,442800,0.0,0.0
2021-06-16 00:00:00-04:00,498.739990234375,506.05999755859375,492.8699951171875,495.8999938964844,467.53076171875,534500,0.0,0.0
2021-06-17 00:00:00-04:00,494.8399963378906,506.2699890136719,494.8399963378906,505.5400085449219,476.619384765625,375800,0.0,0.0
2021-06-18 00:00:00-04:00,503.6400146484375,506.3999938964844,498.0400085449219,502.8999938964844,474.1303405761719,628800,0.0,0.0
2021-06-21 00:00:00-04:00,505.0,516.7100219726562,496.75,515.5900268554688,486.0944519042969,366700,0.0,0.0
2021-06-22 00:00:00-04:00,514.5399780273438,524.1300048828125,513.3099975585938,522.1900024414062,492.31689453125,542600,0.0,0.0
2021-06-23 00:00:00-04:00,521.6699829101562,525.780029296875,521.030029296875,523.8599853515625,493.8912353515625,380300,0.0,0.0
2021-06-24 00:00:00-04:00,527.8099975585938,533.6300048828125,524.3200073242188,533.0800170898438,502.58380126953125,595900,0.0,0.0
2021-06-25 00:00:00-04:00,532.3800048828125,535.3200073242188,521.7999877929688,531.75,501.32989501953125,1028400,0.0,0.0
2021-06-28 00:00:00-04:00,534.97998046875,535.8200073242188,527.8099975585938,534.469970703125,503.8943176269531,383100,0.0,0.0
2021-06-29 00:00:00-04:00,533.52001953125,543.2899780273438,531.9400024414062,542.1699829101562,511.1539001464844,339800,0.0,0.0
2021-06-30 00:00:00-04:00,540.1400146484375,542.02001953125,532.5399780273438,533.0800170898438,502.58380126953125,426700,0.0,0.0
2021-07-01 00:00:00-04:00,532.489990234375,535.8599853515625,531.6300048828125,534.030029296875,503.47955322265625,329700,0.0,0.0
2021-07-02 00:00:00-04:00,536.72998046875,542.0900268554688,534.6799926757812,541.9099731445312,510.9085693359375,254600,0.0,0.0
2021-07-06 00:00:00-04:00,543.2999877929688,551.6300048828125,541.3900146484375,550.02001953125,518.5548095703125,351500,0.0,0.0
2021-07-07 00:00:00-04:00,552.6799926757812,557.1599731445312,550.02001953125,555.77001953125,523.9757080078125,246600,0.0,0.0
2021-07-08 00:00:00-04:00,551.6599731445312,554.8499755859375,545.989990234375,553.5399780273438,521.8733520507812,324100,0.0,0.0
2021-07-09 00:00:00-04:00,555.97998046875,560.3900146484375,552.8499755859375,560.22998046875,528.1807250976562,308600,0.0,0.0
2021-07-12 00:00:00-04:00,561.0,563.4600219726562,556.52001953125,559.9500122070312,527.916748046875,221400,0.0,0.0
2021-07-13 00:00:00-04:00,559.6400146484375,567.010009765625,554.989990234375,557.5700073242188,525.6727905273438,233900,0.0,0.0
2021-07-14 00:00:00-04:00,558.0900268554688,559.7899780273438,551.9000244140625,555.1900024414062,523.4290771484375,194200,0.0,0.0
2021-07-15 00:00:00-04:00,554.1699829101562,564.0,553.6900024414062,559.8499755859375,527.8224487304688,239600,0.0,0.0
2021-07-16 00:00:00-04:00,560.4000244140625,571.9500122070312,559.530029296875,564.8300170898438,532.5175170898438,298700,0.0,0.0
2021-07-19 00:00:00-04:00,560.2000122070312,564.7000122070312,551.239990234375,556.8400268554688,524.9845581054688,322000,0.0,0.0
2021-07-20 00:00:00-04:00,559.6099853515625,567.25,556.8099975585938,563.5700073242188,531.3296508789062,232800,0.0,0.0
2021-07-21 00:00:00-04:00,564.0499877929688,570.1799926757812,562.4000244140625,564.8599853515625,532.5458984375,207100,0.0,0.0
2021-07-22 00:00:00-04:00,566.9600219726562,573.8699951171875,565.7100219726562,572.1500244140625,539.4188842773438,173900,0.0,0.0
2021-07-23 00:00:00-04:00,573.4299926757812,580.0900268554688,572.1699829101562,578.9500122070312,545.8297119140625,165100,0.0,0.0
2021-07-26 00:00:00-04:00,574.2100219726562,580.72998046875,566.27001953125,575.9000244140625,542.954345703125,323200,0.0,0.0
2021-07-27 00:00:00-04:00,587.0,596.469970703125,576.280029296875,584.2100219726562,550.7888793945312,327100,0.0,0.0
2021-07-28 00:00:00-04:00,588.9099731445312,593.8599853515625,586.27001953125,591.8400268554688,557.982421875,261000,0.0,0.0
2021-07-29 00:00:00-04:00,592.0,597.530029296875,589.260009765625,594.760009765625,560.7352905273438,260700,0.0,0.0
2021-07-30 00:00:00-04:00,592.3699951171875,601.6900024414062,591.8400268554688,595.9600219726562,561.86669921875,279100,0.0,0.0
2021-08-02 00:00:00-04:00,600.1199951171875,614.6799926757812,600.1199951171875,610.9199829101562,575.9707641601562,313000,0.0,0.0
2021-08-03 00:00:00-04:00,610.5999755859375,621.3200073242188,601.4299926757812,619.0700073242188,583.6547241210938,321500,0.0,0.0
2021-08-04 00:00:00-04:00,620.77001953125,627.5700073242188,620.77001953125,624.219970703125,588.5098266601562,300900,0.0,0.0
2021-08-05 00:00:00-04:00,627.3300170898438,635.5800170898438,617.5,627.3800048828125,591.4891967773438,271200,0.0,0.0
2021-08-06 00:00:00-04:00,629.0599975585938,633.4299926757812,615.9500122070312,628.9000244140625,592.9223022460938,248900,0.0,0.0
2021-08-09 00:00:00-04:00,629.1900024414062,633.3400268554688,622.4099731445312,627.6799926757812,591.7720336914062,325300,0.0,0.0
2021-08-10 00:00:00-04:00,628.0,635.1099853515625,624.3200073242188,625.0800170898438,589.3208618164062,329800,0.0,0.0
2021-08-11 00:00:00-04:00,628.2000122070312,631.8599853515625,621.6199951171875,624.9400024414062,589.1889038085938,260500,0.0,0.0
2021-08-12 00:00:00-04:00,621.2999877929688,626.4099731445312,618.25,625.1599731445312,590.3787841796875,243700,1.04,0.0
2021-08-13 00:00:00-04:00,625.1699829101562,630.97998046875,619.8099975585938,630.02001953125,594.9684448242188,257800,0.0,0.0
2021-08-16 00:00:00-04:00,628.2899780273438,631.9600219726562,620.260009765625,630.2100219726562,595.1476440429688,386700,0.0,0.0
2021-08-17 00:00:00-04:00,626.989990234375,629.8099975585938,620.4500122070312,629.47998046875,594.4583129882812,225800,0.0,0.0
2021-08-18 00:00:00-04:00,629.5,630.3800048828125,609.3900146484375,610.2100219726562,576.260498046875,313500,0.0,0.0
2021-08-19 00:00:00-04:00,602.6500244140625,613.9099731445312,594.2899780273438,610.0,576.0623168945312,474500,0.0,0.0
2021-08-20 00:00:00-04:00,612.2899780273438,619.0700073242188,608.0,618.8599853515625,584.42919921875,243400,0.0,0.0
2021-08-23 00:00:00-04:00,618.9099731445312,627.3800048828125,618.9099731445312,621.1900024414062,586.6295166015625,165500,0.0,0.0
2021-08-24 00:00:00-04:00,623.1099853515625,625.489990234375,618.1799926757812,618.3699951171875,583.9664306640625,242900,0.0,0.0
2021-08-25 00:00:00-04:00,620.1199951171875,630.1599731445312,619.6500244140625,627.9099731445312,592.9757080078125,251800,0.0,0.0
2021-08-26 00:00:00-04:00,630.0499877929688,630.0499877929688,622.27001953125,623.9099731445312,589.1981811523438,153400,0.0,0.0
2021-08-27 00:00:00-04:00,625.9500122070312,632.5399780273438,624.780029296875,629.5900268554688,594.5623168945312,163500,0.0,0.0
2021-08-30 00:00:00-04:00,631.0,643.52001953125,631.0,638.4299926757812,602.9104614257812,285400,0.0,0.0
2021-08-31 00:00:00-04:00,638.52001953125,641.2100219726562,633.280029296875,634.5800170898438,599.2745361328125,275000,0.0,0.0
2021-09-01 00:00:00-04:00,637.2100219726562,651.3400268554688,633.4600219726562,649.2100219726562,613.0908203125,237200,0.0,0.0
2021-09-02 00:00:00-04:00,651.2000122070312,659.0900268554688,645.6900024414062,649.4199829101562,613.2890014648438,304400,0.0,0.0
2021-09-03 00:00:00-04:00,646.3900146484375,654.22998046875,646.3900146484375,650.75,614.544921875,238600,0.0,0.0
2021-09-07 00:00:00-04:00,650.5399780273438,659.0599975585938,642.0399780273438,655.8200073242188,619.3328857421875,296300,0.0,0.0
2021-09-08 00:00:00-04:00,655.0,667.0700073242188,651.0700073242188,659.1799926757812,622.5059814453125,237600,0.0,0.0
2021-09-09 00:00:00-04:00,661.0599975585938,663.5599975585938,651.9099731445312,652.8599853515625,616.5374755859375,211200,0.0,0.0
2021-09-10 00:00:00-04:00,655.780029296875,658.6199951171875,650.5599975585938,650.8699951171875,614.6583862304688,212100,0.0,0.0
2021-09-13 00:00:00-04:00,656.1799926757812,656.260009765625,635.260009765625,643.25,607.462158203125,320800,0.0,0.0
2021-09-14 00:00:00-04:00,647.1799926757812,656.3400268554688,643.5999755859375,653.27001953125,616.9248046875,277900,0.0,0.0
2021-09-15 00:00:00-04:00,653.0499877929688,656.219970703125,646.739990234375,647.3599853515625,611.3436889648438,305000,0.0,0.0
2021-09-16 00:00:00-04:00,649.3300170898438,653.1500244140625,644.4299926757812,652.1500244140625,615.8671264648438,506400,0.0,0.0
2021-09-17 00:00:00-04:00,645.4000244140625,651.4000244140625,638.5900268554688,641.6599731445312,605.9605102539062,562100,0.0,0.0
2021-09-20 00:00:00-04:00,631.0499877929688,638.1599731445312,624.9299926757812,634.5900268554688,599.2842407226562,446800,0.0,0.0
2021-09-21 00:00:00-04:00,640.5999755859375,645.510009765625,637.0499877929688,640.7000122070312,605.05419921875,249100,0.0,0.0
2021-09-22 00:00:00-04:00,646.530029296875,647.9600219726562,636.9199829101562,645.1500244140625,609.2564697265625,224900,0.0,0.0
2021-09-23 00:00:00-04:00,650.3900146484375,654.5399780273438,647.6799926757812,653.5800170898438,617.2175903320312,266400,0.0,0.0
2021-09-24 00:00:00-04:00,650.75,661.739990234375,646.7999877929688,661.3699951171875,624.5741577148438,215000,0.0,0.0
2021-09-27 00:00:00-04:00,655.8400268554688,656.5700073242188,629.4199829101562,638.6799926757812,603.146484375,288000,0.0,0.0
2021-09-28 00:00:00-04:00,627.1199951171875,629.1799926757812,596.4099731445312,597.7999877929688,564.5408325195312,717500,0.0,0.0
2021-09-29 00:00:00-04:00,604.7100219726562,613.469970703125,600.1900024414062,610.7000122070312,576.72314453125,359100,0.0,0.0
2021-09-30 00:00:00-04:00,615.5999755859375,623.0700073242188,605.0399780273438,608.3400268554688,574.4945068359375,321100,0.0,0.0
2021-10-01 00:00:00-04:00,611.3499755859375,614.8699951171875,595.0,610.7000122070312,576.72314453125,298600,0.0,0.0
2021-10-04 00:00:00-04:00,607.6199951171875,609.760009765625,580.1900024414062,587.2999877929688,554.6251220703125,481900,0.0,0.0
2021-10-05 00:00:00-04:00,591.4400024414062,604.8200073242188,591.1900024414062,602.1199951171875,568.6204833984375,301500,0.0,0.0
2021-10-06 00:00:00-04:00,596.0499877929688,601.9000244140625,588.030029296875,599.9400024414062,566.5618286132812,252200,0.0,0.0
2021-10-07 00:00:00-04:00,605.280029296875,614.260009765625,604.1199951171875,608.5,574.6455688476562,287600,0.0,0.0
2021-10-08 00:00:00-04:00,609.4099731445312,610.989990234375,598.27001953125,600.1199951171875,566.7318115234375,184400,0.0,0.0
2021-10-11 00:00:00-04:00,596.0700073242188,612.9099731445312,593.719970703125,597.2100219726562,563.9837036132812,221000,0.0,0.0
2021-10-12 00:00:00-04:00,602.6199951171875,602.6199951171875,592.239990234375,595.25,562.1328125,164900,0.0,0.0
2021-10-13 00:00:00-04:00,601.3900146484375,603.4600219726562,593.3200073242188,598.2999877929688,565.012939453125,218800,0.0,0.0
2021-10-14 00:00:00-04:00,606.489990234375,614.010009765625,605.25,612.6500244140625,578.5648193359375,217000,0.0,0.0
2021-10-15 00:00:00-04:00,620.1699829101562,620.1699829101562,614.0499877929688,616.0800170898438,581.8038940429688,215200,0.0,0.0
2021-10-18 00:00:00-04:00,616.1199951171875,621.2999877929688,613.0,619.8200073242188,585.3358154296875,181000,0.0,0.0
2021-10-19 00:00:00-04:00,624.5,634.6099853515625,622.3400268554688,630.9600219726562,595.8560180664062,237700,0.0,0.0
2021-10-20 00:00:00-04:00,633.280029296875,636.489990234375,618.8300170898438,623.3599853515625,588.678955078125,291300,0.0,0.0
2021-10-21 00:00:00-04:00,623.3200073242188,637.4400024414062,621.7000122070312,636.4299926757812,601.0216064453125,256300,0.0,0.0
2021-10-22 00:00:00-04:00,638.739990234375,649.1900024414062,638.739990234375,649.0900268554688,612.9774780273438,270000,0.0,0.0
2021-10-25 00:00:00-04:00,649.6199951171875,662.6699829101562,640.77001953125,652.030029296875,615.7538452148438,386700,0.0,0.0
2021-10-26 00:00:00-04:00,652.1699829101562,660.219970703125,641.8699951171875,643.1199951171875,607.3395385742188,310000,0.0,0.0
2021-10-27 00:00:00-04:00,646.510009765625,659.2100219726562,636.469970703125,637.0,601.5599975585938,357700,0.0,0.0
2021-10-28 00:00:00-04:00,637.1900024414062,656.010009765625,637.1900024414062,655.3300170898438,618.8701171875,291700,0.0,0.0
2021-10-29 00:00:00-04:00,649.9299926757812,666.1500244140625,649.8300170898438,664.8800048828125,627.888916015625,253600,0.0,0.0
2021-11-01 00:00:00-04:00,668.9400024414062,669.719970703125,643.0,657.1099853515625,620.5509643554688,229700,0.0,0.0
2021-11-02 00:00:00-04:00,657.0,661.719970703125,653.0900268554688,654.3300170898438,617.9258422851562,343000,0.0,0.0
2021-11-03 00:00:00-04:00,654.0,658.0700073242188,638.780029296875,645.6599731445312,609.738037109375,265800,0.0,0.0
2021-11-04 00:00:00-04:00,646.5,667.239990234375,645.9500122070312,661.6699829101562,624.8573608398438,217000,0.0,0.0
2021-11-05 00:00:00-04:00,665.739990234375,666.0,652.9400024414062,653.3400268554688,616.9910278320312,271200,0.0,0.0
2021-11-08 00:00:00-05:00,655.4299926757812,655.7000122070312,645.280029296875,653.8099975585938,617.4346923828125,245400,0.0,0.0
2021-11-09 00:00:00-05:00,654.0,660.0,648.8800048828125,652.8200073242188,616.4999389648438,289000,0.0,0.0
2021-11-10 00:00:00-05:00,648.7999877929688,651.5800170898438,635.989990234375,642.0,607.2492065429688,267300,1.04,0.0
2021-11-11 00:00:00-05:00,646.6900024414062,647.760009765625,639.219970703125,641.2899780273438,606.57763671875,141600,0.0,0.0
2021-11-12 00:00:00-05:00,644.0,652.75,635.5,652.5700073242188,617.2471313476562,321300,0.0,0.0
2021-11-15 00:00:00-05:00,654.4500122070312,664.6799926757812,650.760009765625,660.9500122070312,625.1735229492188,165900,0.0,0.0
2021-11-16 00:00:00-05:00,660.4299926757812,679.8499755859375,660.4299926757812,675.1500244140625,638.6048583984375,294100,0.0,0.0
2021-11-17 00:00:00-05:00,675.6599731445312,678.0,662.1400146484375,666.4199829101562,630.347412109375,252900,0.0,0.0
2021-11-18 00:00:00-05:00,669.0999755859375,670.2100219726562,661.469970703125,665.4299926757812,629.4110107421875,170700,0.0,0.0
2021-11-19 00:00:00-05:00,665.0,667.760009765625,655.1599731445312,656.8800048828125,621.3237915039062,277000,0.0,0.0
2021-11-22 00:00:00-05:00,657.0,657.9600219726562,636.7999877929688,636.9000244140625,602.4253540039062,379400,0.0,0.0
2021-11-23 00:00:00-05:00,635.6500244140625,638.9299926757812,622.0399780273438,632.3400268554688,598.1121826171875,343400,0.0,0.0
2021-11-24 00:00:00-05:00,627.8300170898438,647.5,625.260009765625,642.6400146484375,607.8546752929688,412600,0.0,0.0
2021-11-26 00:00:00-05:00,631.3400268554688,639.989990234375,618.9099731445312,621.0399780273438,587.4236450195312,228200,0.0,0.0
2021-11-29 00:00:00-05:00,634.969970703125,649.4500122070312,631.239990234375,645.489990234375,610.55029296875,376900,0.0,0.0
2021-11-30 00:00:00-05:00,639.1599731445312,649.8900146484375,628.3099975585938,629.4500122070312,595.3786010742188,539900,0.0,0.0
2021-12-01 00:00:00-05:00,638.6400146484375,642.2000122070312,615.77001953125,616.3499755859375,582.9876098632812,317200,0.0,0.0
2021-12-02 00:00:00-05:00,616.5499877929688,636.9600219726562,616.5499877929688,629.5800170898438,595.50146484375,446800,0.0,0.0
2021-12-03 00:00:00-05:00,632.6400146484375,633.510009765625,592.6300048828125,603.4500122070312,570.785888671875,423000,0.0,0.0
2021-12-06 00:00:00-05:00,605.0900268554688,611.9000244140625,593.010009765625,608.1500244140625,575.2314453125,373300,0.0,0.0
2021-12-07 00:00:00-05:00,622.1699829101562,637.25,620.760009765625,637.0700073242188,602.5859985351562,302400,0.0,0.0
2021-12-08 00:00:00-05:00,635.8800048828125,646.989990234375,631.8300170898438,646.0900268554688,611.1177978515625,258600,0.0,0.0
2021-12-09 00:00:00-05:00,643.8300170898438,643.8300170898438,619.260009765625,619.9400024414062,586.3832397460938,347100,0.0,0.0
2021-12-10 00:00:00-05:00,626.469970703125,630.3499755859375,620.5399780273438,628.1400146484375,594.1395263671875,192600,0.0,0.0
2021-12-13 00:00:00-05:00,626.719970703125,634.0,619.8200073242188,621.760009765625,588.104736328125,490500,0.0,0.0
2021-12-14 00:00:00-05:00,613.5599975585938,615.8499755859375,586.75,591.0700073242188,559.075927734375,520600,0.0,0.0
2021-12-15 00:00:00-05:00,594.0800170898438,602.8900146484375,589.22998046875,602.4199829101562,569.8117065429688,443400,0.0,0.0
2021-12-16 00:00:00-05:00,607.7999877929688,614.969970703125,592.010009765625,595.1199951171875,562.9068603515625,405800,0.0,0.0
2021-12-17 00:00:00-05:00,592.47998046875,596.8499755859375,581.4500122070312,590.219970703125,558.2719116210938,585800,0.0,0.0
2021-12-20 00:00:00-05:00,579.5900268554688,582.2999877929688,573.1799926757812,579.2999877929688,547.943115234375,462000,0.0,0.0
2021-12-21 00:00:00-05:00,585.6599731445312,595.6599731445312,578.780029296875,594.6599731445312,562.4714965820312,272900,0.0,0.0
2021-12-22 00:00:00-05:00,595.3599853515625,605.469970703125,591.8200073242188,604.1799926757812,571.4763793945312,265600,0.0,0.0
2021-12-23 00:00:00-05:00,609.1900024414062,616.6099853515625,607.9400024414062,611.27001953125,578.1824340820312,183700,0.0,0.0
2021-12-27 00:00:00-05:00,615.239990234375,619.9600219726562,610.9500122070312,618.77001953125,585.276611328125,176200,0.0,0.0
2021-12-28 00:00:00-05:00,620.5999755859375,623.1599731445312,614.6400146484375,614.97998046875,581.691650390625,132000,0.0,0.0
2021-12-29 00:00:00-05:00,616.219970703125,619.0599975585938,611.0800170898438,614.7899780273438,581.5120239257812,155900,0.0,0.0
2021-12-30 00:00:00-05:00,616.75,618.5800170898438,612.25,612.5399780273438,579.3836669921875,166700,0.0,0.0
2021-12-31 00:00:00-05:00,611.4299926757812,616.27001953125,610.510009765625,612.6900024414062,579.5257568359375,149900,0.0,0.0
2022-01-03 00:00:00-05:00,614.3300170898438,617.1300048828125,589.0,595.5800170898438,563.3418579101562,297500,0.0,0.0
2022-01-04 00:00:00-05:00,605.1699829101562,606.3200073242188,584.030029296875,591.1300048828125,559.1328125,381800,0.0,0.0
2022-01-05 00:00:00-05:00,590.1799926757812,591.8300170898438,565.2100219726562,566.1199951171875,535.4764404296875,548400,0.0,0.0
2022-01-06 00:00:00-05:00,562.5999755859375,566.0,550.219970703125,562.97998046875,532.5065307617188,705600,0.0,0.0
2022-01-07 00:00:00-05:00,562.97998046875,566.1699829101562,551.6799926757812,552.0,522.1209106445312,551600,0.0,0.0
2022-01-10 00:00:00-05:00,542.47998046875,545.0800170898438,528.3699951171875,541.8599853515625,512.5297241210938,1081200,0.0,0.0
2022-01-11 00:00:00-05:00,544.25,555.469970703125,539.3400268554688,553.3200073242188,523.3692626953125,676700,0.0,0.0
2022-01-12 00:00:00-05:00,560.6799926757812,568.0,555.0,559.0800170898438,528.8175659179688,532800,0.0,0.0
2022-01-13 00:00:00-05:00,559.0399780273438,564.0399780273438,530.5599975585938,533.4099731445312,504.53704833984375,596600,0.0,0.0
2022-01-14 00:00:00-05:00,530.25,530.280029296875,517.2899780273438,526.739990234375,498.2281188964844,564300,0.0,0.0
2022-01-18 00:00:00-05:00,513.6799926757812,522.8800048828125,508.5199890136719,516.6900024414062,488.7221374511719,648900,0.0,0.0
2022-01-19 00:00:00-05:00,522.4199829101562,532.0499877929688,512.8300170898438,513.4000244140625,485.6102294921875,524600,0.0,0.0
2022-01-20 00:00:00-05:00,520.030029296875,532.6900024414062,514.75,515.8499755859375,487.9276428222656,573100,0.0,0.0
2022-01-21 00:00:00-05:00,513.72998046875,515.97998046875,499.5799865722656,500.82000732421875,473.711181640625,648300,0.0,0.0
2022-01-24 00:00:00-05:00,490.20001220703125,508.3399963378906,475.0,507.07000732421875,479.6228332519531,911400,0.0,0.0
2022-01-25 00:00:00-05:00,495.2699890136719,503.1700134277344,489.6400146484375,492.9200134277344,466.2387390136719,703600,0.0,0.0
2022-01-26 00:00:00-05:00,503.5,512.3800048828125,485.6300048828125,492.1300048828125,465.4914855957031,863700,0.0,0.0
2022-01-27 00:00:00-05:00,491.2799987792969,516.9000244140625,488.6700134277344,491.7900085449219,465.169921875,1078100,0.0,0.0
2022-01-28 00:00:00-05:00,483.489990234375,509.5400085449219,477.45001220703125,508.1300048828125,480.62542724609375,550700,0.0,0.0
2022-01-31 00:00:00-05:00,511.1099853515625,537.2000122070312,511.0899963378906,536.1199951171875,507.1003723144531,815400,0.0,0.0
2022-02-01 00:00:00-05:00,538.5,546.22998046875,527.0999755859375,545.4000244140625,515.8779907226562,890400,0.0,0.0
2022-02-02 00:00:00-05:00,561.22998046875,561.22998046875,539.4199829101562,549.8300170898438,520.068359375,634600,0.0,0.0
2022-02-03 00:00:00-05:00,540.0,546.2000122070312,534.1599731445312,540.3099975585938,511.06365966796875,660700,0.0,0.0
2022-02-04 00:00:00-05:00,537.469970703125,563.22998046875,532.5399780273438,554.7100219726562,524.684326171875,680900,0.0,0.0
2022-02-07 00:00:00-05:00,551.75,561.0,545.72998046875,550.4500122070312,520.65478515625,614400,0.0,0.0
2022-02-08 00:00:00-05:00,528.9400024414062,547.010009765625,524.9500122070312,546.1400146484375,516.5780029296875,669900,0.0,0.0
2022-02-09 00:00:00-05:00,537.9500122070312,564.27001953125,536.0,561.469970703125,531.0781860351562,490800,0.0,0.0
2022-02-10 00:00:00-05:00,549.5800170898438,558.5,540.8800048828125,545.1099853515625,515.6036376953125,552500,0.0,0.0
2022-02-11 00:00:00-05:00,545.9600219726562,550.22998046875,530.0,534.260009765625,505.3409729003906,470500,0.0,0.0
2022-02-14 00:00:00-05:00,533.1099853515625,536.4199829101562,521.9199829101562,532.969970703125,504.12078857421875,481800,0.0,0.0
2022-02-15 00:00:00-05:00,545.1400146484375,550.9400024414062,539.260009765625,546.3800048828125,516.804931640625,382300,0.0,0.0
2022-02-16 00:00:00-05:00,543.5,547.1400146484375,534.3300170898438,543.5999755859375,514.1754150390625,268400,0.0,0.0
2022-02-17 00:00:00-05:00,536.1799926757812,538.8400268554688,528.4299926757812,531.47998046875,503.6752014160156,440200,1.04,0.0
2022-02-18 00:00:00-05:00,533.27001953125,538.3900146484375,523.5399780273438,527.0,499.42950439453125,312900,0.0,0.0
2022-02-22 00:00:00-05:00,521.469970703125,533.1300048828125,516.0,521.3099975585938,494.0372314453125,597100,0.0,0.0
2022-02-23 00:00:00-05:00,526.0900268554688,530.8800048828125,507.7200012207031,509.3999938964844,482.7503356933594,672100,0.0,0.0
2022-02-24 00:00:00-05:00,491.95001220703125,509.9800109863281,490.19000244140625,508.4700012207031,481.868896484375,1485900,0.0,0.0
2022-02-25 00:00:00-05:00,510.9599914550781,517.4600219726562,500.8299865722656,513.2100219726562,486.3609619140625,911600,0.0,0.0
2022-02-28 00:00:00-05:00,504.8699951171875,509.20001220703125,496.6400146484375,501.69000244140625,475.4436950683594,897500,0.0,0.0
2022-03-01 00:00:00-05:00,502.2699890136719,514.0,497.17999267578125,500.3800048828125,474.2022705078125,835600,0.0,0.0
2022-03-02 00:00:00-05:00,506.6199951171875,514.7899780273438,503.9800109863281,511.0899963378906,484.3519287109375,656000,0.0,0.0
2022-03-03 00:00:00-05:00,516.25,519.02001953125,504.989990234375,507.1099853515625,480.580078125,358200,0.0,0.0
2022-03-04 00:00:00-05:00,505.20001220703125,505.20001220703125,491.19000244140625,497.7799987792969,471.73822021484375,582700,0.0,0.0
2022-03-07 00:00:00-05:00,497.20001220703125,497.55999755859375,466.9100036621094,467.3999938964844,442.9475402832031,716100,0.0,0.0
2022-03-08 00:00:00-05:00,468.010009765625,473.6400146484375,450.8500061035156,466.0,441.6208190917969,798500,0.0,0.0
2022-03-09 00:00:00-05:00,479.80999755859375,495.25,475.1600036621094,488.1300048828125,462.59307861328125,595600,0.0,0.0
2022-03-10 00:00:00-05:00,477.19000244140625,481.1600036621094,458.45001220703125,465.260009765625,440.91949462890625,769500,0.0,0.0
2022-03-11 00:00:00-05:00,469.1199951171875,473.3500061035156,454.4800109863281,456.6300048828125,432.74102783203125,662600,0.0,0.0
2022-03-14 00:00:00-04:00,460.0,461.9200134277344,452.55999755859375,457.3299865722656,433.40435791015625,567000,0.0,0.0
2022-03-15 00:00:00-04:00,464.80999755859375,474.2799987792969,460.0,470.94000244140625,446.3023681640625,471900,0.0,0.0
2022-03-16 00:00:00-04:00,479.67999267578125,493.6000061035156,476.6300048828125,492.9599914550781,467.1703186035156,549200,0.0,0.0
2022-03-17 00:00:00-04:00,487.010009765625,498.45001220703125,485.80999755859375,498.44000244140625,472.3636474609375,415900,0.0,0.0
2022-03-18 00:00:00-04:00,500.4800109863281,522.739990234375,498.82000732421875,520.3400268554688,493.1179504394531,858100,0.0,0.0
2022-03-21 00:00:00-04:00,513.8900146484375,519.989990234375,502.0299987792969,507.0,480.475830078125,421900,0.0,0.0
2022-03-22 00:00:00-04:00,512.2899780273438,514.9199829101562,503.82000732421875,509.760009765625,483.0914001464844,488100,0.0,0.0
2022-03-23 00:00:00-04:00,504.0,505.3800048828125,490.760009765625,491.25,465.5498046875,574800,0.0,0.0
2022-03-24 00:00:00-04:00,493.70001220703125,499.0,490.70001220703125,495.7300109863281,469.7954406738281,477600,0.0,0.0
2022-03-25 00:00:00-04:00,498.7699890136719,498.9800109863281,486.55999755859375,490.30999755859375,464.6589660644531,360200,0.0,0.0
2022-03-28 00:00:00-04:00,493.3999938964844,507.82000732421875,492.2300109863281,507.80999755859375,481.243408203125,952900,0.0,0.0
2022-03-29 00:00:00-04:00,517.27001953125,526.2899780273438,510.79998779296875,516.77001953125,489.7347412109375,720300,0.0,0.0
2022-03-30 00:00:00-04:00,510.94000244140625,514.0599975585938,506.3299865722656,510.2799987792969,483.584228515625,558300,0.0,0.0
2022-03-31 00:00:00-04:00,513.3499755859375,517.7000122070312,502.8800048828125,502.8800048828125,476.57135009765625,917000,0.0,0.0
2022-04-01 00:00:00-04:00,505.0,516.27001953125,500.6700134277344,516.0,489.0050048828125,725900,0.0,0.0
2022-04-04 00:00:00-04:00,518.2000122070312,527.739990234375,515.6900024414062,519.510009765625,492.3314208984375,611400,0.0,0.0
2022-04-05 00:00:00-04:00,516.780029296875,517.2100219726562,510.5,513.22998046875,486.3798828125,550700,0.0,0.0
2022-04-06 00:00:00-04:00,506.989990234375,509.69000244140625,500.5400085449219,506.6499938964844,480.1441345214844,617600,0.0,0.0
2022-04-07 00:00:00-04:00,504.3699951171875,512.9099731445312,503.3299865722656,510.0,483.3188781738281,772500,0.0,0.0
2022-04-08 00:00:00-04:00,510.8500061035156,511.8599853515625,505.30999755859375,506.489990234375,479.9924621582031,588100,0.0,0.0
2022-04-11 00:00:00-04:00,502.0,502.0,485.8699951171875,486.0899963378906,460.6597595214844,579400,0.0,0.0
2022-04-12 00:00:00-04:00,488.6700134277344,496.94000244140625,478.4700012207031,480.30999755859375,455.18212890625,508300,0.0,0.0
2022-04-13 00:00:00-04:00,477.0,494.6700134277344,477.0,493.2699890136719,467.4641418457031,476800,0.0,0.0
2022-04-14 00:00:00-04:00,494.4700012207031,496.6600036621094,482.30999755859375,482.70001220703125,457.4471740722656,440000,0.0,0.0
2022-04-18 00:00:00-04:00,481.4100036621094,484.2099914550781,475.0,478.010009765625,453.00250244140625,299600,0.0,0.0
2022-04-19 00:00:00-04:00,478.19000244140625,491.70001220703125,475.05999755859375,490.5199890136719,464.8580017089844,468000,0.0,0.0
2022-04-20 00:00:00-04:00,495.04998779296875,498.3900146484375,487.30999755859375,493.5400085449219,467.7200012207031,384100,0.0,0.0
2022-04-21 00:00:00-04:00,499.3999938964844,499.989990234375,473.5400085449219,474.7799987792969,449.9414978027344,421600,0.0,0.0
2022-04-22 00:00:00-04:00,466.2699890136719,472.4100036621094,455.6700134277344,456.0400085449219,432.181884765625,483200,0.0,0.0
2022-04-25 00:00:00-04:00,451.8399963378906,463.92999267578125,450.4100036621094,462.29998779296875,438.1143798828125,724700,0.0,0.0
2022-04-26 00:00:00-04:00,450.0,462.0,429.2099914550781,429.80999755859375,407.3241271972656,802900,0.0,0.0
2022-04-27 00:00:00-04:00,429.6099853515625,435.6199951171875,415.3299865722656,417.7799987792969,395.9234619140625,787200,0.0,0.0
2022-04-28 00:00:00-04:00,426.55999755859375,438.8800048828125,422.5,433.3800048828125,410.7073669433594,616300,0.0,0.0
2022-04-29 00:00:00-04:00,428.760009765625,432.489990234375,420.55999755859375,421.25,399.2119445800781,631900,0.0,0.0
2022-05-02 00:00:00-04:00,418.8399963378906,426.1600036621094,410.9200134277344,423.75,401.5811462402344,744800,0.0,0.0
2022-05-03 00:00:00-04:00,425.0,433.989990234375,424.05999755859375,431.9100036621094,409.3142395019531,674500,0.0,0.0
2022-05-04 00:00:00-04:00,431.8500061035156,434.3699951171875,413.0299987792969,432.739990234375,410.100830078125,622900,0.0,0.0
2022-05-05 00:00:00-04:00,427.92999267578125,428.5400085449219,405.2300109863281,416.04998779296875,394.2839050292969,774400,0.0,0.0
2022-05-06 00:00:00-04:00,410.6600036621094,412.45001220703125,395.010009765625,405.6099853515625,384.3901672363281,855900,0.0,0.0
2022-05-09 00:00:00-04:00,395.489990234375,400.1400146484375,376.4100036621094,379.0799865722656,359.2480773925781,1276100,0.0,0.0
2022-05-10 00:00:00-04:00,388.9800109863281,395.3299865722656,380.3399963378906,388.8900146484375,368.5449523925781,824500,0.0,0.0
2022-05-11 00:00:00-04:00,387.0899963378906,400.5899963378906,384.7200012207031,387.3999938964844,367.1328125,785400,0.0,0.0
2022-05-12 00:00:00-04:00,379.8299865722656,394.32000732421875,379.5299987792969,387.9800109863281,368.6722106933594,655400,1.04,0.0
2022-05-13 00:00:00-04:00,395.6199951171875,410.8900146484375,394.70001220703125,408.1400146484375,387.8289794921875,675900,0.0,0.0
2022-05-16 00:00:00-04:00,401.9100036621094,403.7699890136719,395.95001220703125,400.0,380.0940856933594,696900,0.0,0.0
2022-05-17 00:00:00-04:00,413.95001220703125,413.95001220703125,397.4100036621094,407.75,387.4583740234375,679600,0.0,0.0
2022-05-18 00:00:00-04:00,400.2699890136719,405.8500061035156,398.1600036621094,399.5,379.6189880371094,894700,0.0,0.0
2022-05-19 00:00:00-04:00,395.5899963378906,413.4200134277344,395.0,410.0199890136719,389.6153869628906,823300,0.0,0.0
2022-05-20 00:00:00-04:00,414.67999267578125,417.6199951171875,407.4800109863281,417.0400085449219,396.2860412597656,670400,0.0,0.0
2022-05-23 00:00:00-04:00,419.6499938964844,420.1600036621094,410.7099914550781,417.67999267578125,396.89422607421875,387800,0.0,0.0
2022-05-24 00:00:00-04:00,412.6099853515625,416.69000244140625,403.1199951171875,414.6099853515625,393.97698974609375,395000,0.0,0.0
2022-05-25 00:00:00-04:00,412.55999755859375,419.54998779296875,410.0199890136719,416.79998779296875,396.05792236328125,472300,0.0,0.0
2022-05-26 00:00:00-04:00,420.2200012207031,434.57000732421875,419.260009765625,432.7799987792969,411.2427978515625,411100,0.0,0.0
2022-05-27 00:00:00-04:00,438.8999938964844,448.3399963378906,438.8999938964844,448.1700134277344,425.8668518066406,540500,0.0,0.0
2022-05-31 00:00:00-04:00,442.92999267578125,448.7200012207031,438.5199890136719,442.3500061035156,420.3365173339844,828800,0.0,0.0
2022-06-01 00:00:00-04:00,425.1000061035156,449.7799987792969,425.1000061035156,431.45001220703125,409.97900390625,600500,0.0,0.0
2022-06-02 00:00:00-04:00,433.8999938964844,451.9200134277344,431.010009765625,451.6199951171875,429.14520263671875,417300,0.0,0.0
2022-06-03 00:00:00-04:00,443.8699951171875,444.75,435.69000244140625,438.45001220703125,416.630615234375,298400,0.0,0.0
2022-06-06 00:00:00-04:00,443.2799987792969,446.1600036621094,435.6099853515625,438.6600036621094,416.8301696777344,355400,0.0,0.0
2022-06-07 00:00:00-04:00,433.6600036621094,446.79998779296875,433.6600036621094,446.2900085449219,424.0804443359375,233900,0.0,0.0
2022-06-08 00:00:00-04:00,441.739990234375,447.5,434.8399963378906,435.5299987792969,413.85589599609375,273200,0.0,0.0
2022-06-09 00:00:00-04:00,433.6499938964844,437.17999267578125,426.6400146484375,427.0799865722656,405.826416015625,239500,0.0,0.0
2022-06-10 00:00:00-04:00,418.8299865722656,418.8299865722656,407.82000732421875,410.04998779296875,389.6438903808594,477900,0.0,0.0
2022-06-13 00:00:00-04:00,396.739990234375,398.3500061035156,388.6300048828125,393.0,373.4423522949219,955800,0.0,0.0
2022-06-14 00:00:00-04:00,393.05999755859375,397.9599914550781,389.1199951171875,391.0,371.5419616699219,525100,0.0,0.0
2022-06-15 00:00:00-04:00,397.010009765625,404.4599914550781,387.8500061035156,397.3900146484375,377.6139221191406,436300,0.0,0.0
2022-06-16 00:00:00-04:00,384.9599914550781,388.0899963378906,379.6300048828125,385.760009765625,366.5627136230469,679400,0.0,0.0
2022-06-17 00:00:00-04:00,384.239990234375,396.32000732421875,383.3900146484375,386.7099914550781,367.46539306640625,742600,0.0,0.0
2022-06-21 00:00:00-04:00,394.8399963378906,402.1300048828125,393.9599914550781,400.25,380.3316345214844,590100,0.0,0.0
2022-06-22 00:00:00-04:00,395.3299865722656,407.6199951171875,395.3299865722656,400.8699951171875,380.9207458496094,564900,0.0,0.0
2022-06-23 00:00:00-04:00,405.75,417.6199951171875,404.1300048828125,416.7099914550781,395.9725036621094,341700,0.0,0.0
2022-06-24 00:00:00-04:00,420.3299865722656,432.9200134277344,417.8299865722656,432.05999755859375,410.5585632324219,630800,0.0,0.0
2022-06-27 00:00:00-04:00,435.489990234375,436.760009765625,428.6600036621094,429.7799987792969,408.39202880859375,371400,0.0,0.0
2022-06-28 00:00:00-04:00,429.0299987792969,436.80999755859375,412.44000244140625,413.1199951171875,392.5611572265625,321600,0.0,0.0
2022-06-29 00:00:00-04:00,413.260009765625,417.1700134277344,404.44000244140625,415.260009765625,394.5946044921875,373400,0.0,0.0
2022-06-30 00:00:00-04:00,410.5,417.6300048828125,399.4100036621094,412.1499938964844,391.6394348144531,427900,0.0,0.0
2022-07-01 00:00:00-04:00,411.0,417.739990234375,407.7099914550781,417.7200012207031,396.9322204589844,348500,0.0,0.0
2022-07-05 00:00:00-04:00,413.05999755859375,422.8699951171875,407.0299987792969,422.010009765625,401.0086975097656,349700,0.0,0.0
2022-07-06 00:00:00-04:00,424.9700012207031,429.92999267578125,421.29998779296875,426.239990234375,405.02825927734375,418300,0.0,0.0
2022-07-07 00:00:00-04:00,425.0400085449219,435.7799987792969,425.0400085449219,435.489990234375,413.8178405761719,402400,0.0,0.0
2022-07-08 00:00:00-04:00,432.760009765625,439.70001220703125,429.5400085449219,433.95001220703125,412.3545227050781,310400,0.0,0.0
2022-07-11 00:00:00-04:00,430.0799865722656,434.989990234375,426.0299987792969,431.8500061035156,410.3589782714844,277400,0.0,0.0
2022-07-12 00:00:00-04:00,431.5199890136719,438.1600036621094,418.239990234375,420.32000732421875,399.4029235839844,326200,0.0,0.0
2022-07-13 00:00:00-04:00,412.1199951171875,420.32000732421875,408.6499938964844,413.7200012207031,393.13128662109375,491400,0.0,0.0
2022-07-14 00:00:00-04:00,407.5,412.739990234375,403.79998779296875,410.1099853515625,389.7009582519531,644600,0.0,0.0
2022-07-15 00:00:00-04:00,417.0299987792969,422.55999755859375,415.17999267578125,418.8699951171875,398.02496337890625,584900,0.0,0.0
2022-07-18 00:00:00-04:00,424.2300109863281,427.9200134277344,409.7099914550781,412.010009765625,391.50634765625,359700,0.0,0.0
2022-07-19 00:00:00-04:00,418.45001220703125,427.6600036621094,418.0799865722656,426.1000061035156,404.8951721191406,982700,0.0,0.0
2022-07-20 00:00:00-04:00,428.55999755859375,436.010009765625,425.6600036621094,434.32000732421875,412.70611572265625,710100,0.0,0.0
2022-07-21 00:00:00-04:00,435.20001220703125,448.6499938964844,433.7099914550781,447.4700012207031,425.2016296386719,438600,0.0,0.0
2022-07-22 00:00:00-04:00,450.0,451.07000732421875,436.8399963378906,439.8999938964844,418.0084533691406,399600,0.0,0.0
2022-07-25 00:00:00-04:00,440.8399963378906,440.8399963378906,432.54998779296875,438.4700012207031,416.64959716796875,430700,0.0,0.0
2022-07-26 00:00:00-04:00,434.3299865722656,445.9700012207031,432.30999755859375,442.8900146484375,420.84967041015625,657400,0.0,0.0
2022-07-27 00:00:00-04:00,448.6499938964844,456.54998779296875,447.32000732421875,452.9700012207031,430.4279479980469,505700,0.0,0.0
2022-07-28 00:00:00-04:00,456.1099853515625,477.3699951171875,453.2099914550781,474.2900085449219,450.6870422363281,499700,0.0,0.0
2022-07-29 00:00:00-04:00,475.0400085449219,483.2900085449219,474.0299987792969,481.3399963378906,457.3861083984375,657200,0.0,0.0
2022-08-01 00:00:00-04:00,476.9700012207031,484.260009765625,474.7799987792969,476.8599853515625,453.129150390625,516000,0.0,0.0
2022-08-02 00:00:00-04:00,472.510009765625,485.19000244140625,471.8599853515625,477.69000244140625,453.9178161621094,307100,0.0,0.0
2022-08-03 00:00:00-04:00,481.760009765625,497.1199951171875,478.0799865722656,496.3299865722656,471.6301574707031,545500,0.0,0.0
2022-08-04 00:00:00-04:00,495.6700134277344,497.9100036621094,488.510009765625,496.760009765625,472.0387878417969,446400,0.0,0.0
2022-08-05 00:00:00-04:00,489.6099853515625,496.5899963378906,488.20001220703125,496.17999267578125,471.48760986328125,262300,0.0,0.0
2022-08-08 00:00:00-04:00,503.8599853515625,506.42999267578125,497.69000244140625,500.82000732421875,475.89678955078125,293400,0.0,0.0
2022-08-09 00:00:00-04:00,498.4599914550781,500.1199951171875,492.510009765625,494.92999267578125,470.2999267578125,228800,0.0,0.0
2022-08-10 00:00:00-04:00,510.5,513.97998046875,503.8900146484375,512.1199951171875,486.63433837890625,277200,0.0,0.0
2022-08-11 00:00:00-04:00,516.9299926757812,516.9299926757812,500.3800048828125,501.1199951171875,477.34698486328125,235700,1.25,0.0
2022-08-12 00:00:00-04:00,505.45001220703125,507.2900085449219,499.1000061035156,506.7099914550781,482.6716613769531,330900,0.0,0.0
2022-08-15 00:00:00-04:00,505.0,510.260009765625,502.44000244140625,508.6300048828125,484.5006408691406,369000,0.0,0.0
2022-08-16 00:00:00-04:00,502.0899963378906,506.2099914550781,495.8699951171875,503.6199951171875,479.7283020019531,229900,0.0,0.0
2022-08-17 00:00:00-04:00,497.79998779296875,504.9100036621094,493.3599853515625,502.489990234375,478.6519775390625,295300,0.0,0.0
2022-08-18 00:00:00-04:00,501.989990234375,502.4700012207031,498.57000732421875,499.9800109863281,476.26104736328125,161000,0.0,0.0
2022-08-19 00:00:00-04:00,495.0,495.489990234375,477.7900085449219,478.489990234375,455.7905578613281,338800,0.0,0.0
2022-08-22 00:00:00-04:00,470.3399963378906,475.0,466.82000732421875,472.8800048828125,450.4466247558594,363500,0.0,0.0
2022-08-23 00:00:00-04:00,471.1700134277344,474.7099914550781,465.2900085449219,467.5,445.3217468261719,196800,0.0,0.0
2022-08-24 00:00:00-04:00,468.8699951171875,472.55999755859375,466.6400146484375,467.8900146484375,445.69342041015625,215400,0.0,0.0
2022-08-25 00:00:00-04:00,470.0,476.1000061035156,463.8800048828125,475.7799987792969,453.2090148925781,174400,0.0,0.0
2022-08-26 00:00:00-04:00,477.1400146484375,477.1400146484375,455.20001220703125,456.4200134277344,434.76751708984375,347100,0.0,0.0
2022-08-29 00:00:00-04:00,451.7699890136719,457.8999938964844,451.7699890136719,456.0,434.367431640625,309900,0.0,0.0
2022-08-30 00:00:00-04:00,458.1199951171875,459.94000244140625,449.1300048828125,453.0400085449219,431.5478210449219,241900,0.0,0.0
2022-08-31 00:00:00-04:00,457.54998779296875,459.17999267578125,449.04998779296875,449.239990234375,427.92816162109375,338600,0.0,0.0
2022-09-01 00:00:00-04:00,445.989990234375,457.6400146484375,440.70001220703125,456.9100036621094,435.2343444824219,516700,0.0,0.0
2022-09-02 00:00:00-04:00,462.2200012207031,463.989990234375,450.3500061035156,451.95001220703125,430.5095520019531,501900,0.0,0.0
2022-09-06 00:00:00-04:00,452.67999267578125,460.32000732421875,450.2900085449219,457.67999267578125,435.9677429199219,399300,0.0,0.0
2022-09-07 00:00:00-04:00,457.92999267578125,474.5899963378906,456.8800048828125,474.29998779296875,451.7992248535156,341900,0.0,0.0
2022-09-08 00:00:00-04:00,471.82000732421875,484.0400085449219,470.3299865722656,482.8999938964844,459.9913024902344,331200,0.0,0.0
2022-09-09 00:00:00-04:00,486.0,494.2900085449219,484.8399963378906,491.260009765625,467.9546813964844,428800,0.0,0.0
2022-09-12 00:00:00-04:00,491.8399963378906,498.8699951171875,491.8399963378906,496.57000732421875,473.01275634765625,415300,0.0,0.0
2022-09-13 00:00:00-04:00,479.94000244140625,482.8800048828125,470.67999267578125,471.7699890136719,449.38934326171875,432400,0.0,0.0
2022-09-14 00:00:00-04:00,475.1199951171875,475.92999267578125,461.739990234375,469.1099853515625,446.8554382324219,331600,0.0,0.0
2022-09-15 00:00:00-04:00,464.3500061035156,468.1600036621094,453.42999267578125,456.19000244140625,434.54840087890625,339700,0.0,0.0
2022-09-16 00:00:00-04:00,452.0799865722656,457.1199951171875,446.3299865722656,456.67999267578125,435.01513671875,641800,0.0,0.0
2022-09-19 00:00:00-04:00,451.82000732421875,452.05999755859375,442.44000244140625,451.3800048828125,429.9665832519531,422100,0.0,0.0
2022-09-20 00:00:00-04:00,447.2699890136719,453.489990234375,443.2099914550781,447.7699890136719,426.5278015136719,321500,0.0,0.0
2022-09-21 00:00:00-04:00,450.0199890136719,454.1700134277344,439.57000732421875,439.57000732421875,418.7169189453125,297300,0.0,0.0
2022-09-22 00:00:00-04:00,437.1499938964844,437.4100036621094,421.42999267578125,427.0899963378906,406.8289489746094,557500,0.0,0.0
2022-09-23 00:00:00-04:00,422.45001220703125,425.9200134277344,415.1099853515625,422.3299865722656,402.2947692871094,505100,0.0,0.0
2022-09-26 00:00:00-04:00,423.2900085449219,430.0799865722656,418.0899963378906,420.760009765625,400.7991943359375,540600,0.0,0.0
2022-09-27 00:00:00-04:00,428.8599853515625,433.7900085449219,413.3399963378906,416.8999938964844,397.122314453125,446500,0.0,0.0
2022-09-28 00:00:00-04:00,421.5,432.7200012207031,417.6199951171875,429.1400146484375,408.7816467285156,467800,0.0,0.0
2022-09-29 00:00:00-04:00,423.1300048828125,425.8999938964844,420.30999755859375,423.2200012207031,403.14251708984375,377600,0.0,0.0
2022-09-30 00:00:00-04:00,422.1199951171875,431.1300048828125,421.0899963378906,421.7900085449219,401.7803039550781,501800,0.0,0.0
2022-10-03 00:00:00-04:00,424.8699951171875,432.9800109863281,420.7799987792969,431.5799865722656,411.10595703125,307000,0.0,0.0
2022-10-04 00:00:00-04:00,440.6000061035156,451.010009765625,438.94000244140625,450.8599853515625,429.4713134765625,375400,0.0,0.0
2022-10-05 00:00:00-04:00,444.1300048828125,451.3399963378906,441.3399963378906,447.4800109863281,426.2515563964844,319900,0.0,0.0
2022-10-06 00:00:00-04:00,444.0400085449219,447.989990234375,436.6000061035156,436.6499938964844,415.9353332519531,341500,0.0,0.0
2022-10-07 00:00:00-04:00,431.1499938964844,433.8900146484375,416.1700134277344,419.8399963378906,399.92279052734375,398300,0.0,0.0
2022-10-10 00:00:00-04:00,417.32000732421875,419.20001220703125,403.3500061035156,406.9200134277344,387.6158447265625,470400,0.0,0.0
2022-10-11 00:00:00-04:00,404.6700134277344,409.3699951171875,393.7799987792969,399.3500061035156,380.4049072265625,501900,0.0,0.0
2022-10-12 00:00:00-04:00,400.1000061035156,404.6400146484375,395.010009765625,401.6499938964844,382.5958251953125,516000,0.0,0.0
2022-10-13 00:00:00-04:00,390.8800048828125,408.4200134277344,385.0,406.0799865722656,386.81561279296875,557800,0.0,0.0
2022-10-14 00:00:00-04:00,411.8699951171875,412.7799987792969,387.2300109863281,388.7200012207031,370.2791748046875,408700,0.0,0.0
2022-10-17 00:00:00-04:00,398.739990234375,406.17999267578125,398.739990234375,402.9599914550781,383.8436279296875,438000,0.0,0.0
2022-10-18 00:00:00-04:00,417.510009765625,417.75,405.2699890136719,408.55999755859375,389.1779479980469,300100,0.0,0.0
2022-10-19 00:00:00-04:00,401.7900085449219,404.0899963378906,395.2799987792969,398.7900085449219,379.87152099609375,261000,0.0,0.0
2022-10-20 00:00:00-04:00,397.7099914550781,399.4700012207031,390.3800048828125,393.6600036621094,374.98480224609375,542000,0.0,0.0
2022-10-21 00:00:00-04:00,394.69000244140625,402.2699890136719,388.1199951171875,401.4800109863281,382.433837890625,774000,0.0,0.0
2022-10-24 00:00:00-04:00,405.67999267578125,412.67999267578125,397.2799987792969,412.1499938964844,392.5976867675781,643300,0.0,0.0
2022-10-25 00:00:00-04:00,416.32000732421875,448.75,416.32000732421875,448.4200134277344,427.1470642089844,735600,0.0,0.0
2022-10-26 00:00:00-04:00,446.0,461.20001220703125,444.8500061035156,451.6000061035156,430.17620849609375,602100,0.0,0.0
2022-10-27 00:00:00-04:00,455.760009765625,464.2300109863281,452.6099853515625,455.2200012207031,433.62445068359375,438200,0.0,0.0
2022-10-28 00:00:00-04:00,455.55999755859375,476.0400085449219,454.8999938964844,474.2699890136719,451.7706298828125,443900,0.0,0.0
2022-10-31 00:00:00-04:00,472.0799865722656,478.4800109863281,468.54998779296875,468.8599853515625,446.6173400878906,708200,0.0,0.0
2022-11-01 00:00:00-04:00,478.489990234375,484.1199951171875,466.3800048828125,470.0799865722656,447.7794189453125,379100,0.0,0.0
2022-11-02 00:00:00-04:00,469.260009765625,474.54998779296875,452.8800048828125,453.739990234375,432.214599609375,417900,0.0,0.0
2022-11-03 00:00:00-04:00,446.9800109863281,458.75,444.8699951171875,451.1499938964844,429.7474670410156,367300,0.0,0.0
2022-11-04 00:00:00-04:00,458.80999755859375,466.5799865722656,451.80999755859375,460.9100036621094,439.0444641113281,429500,0.0,0.0
2022-11-07 00:00:00-05:00,462.45001220703125,465.0,455.57000732421875,462.19000244140625,440.2637634277344,317900,0.0,0.0
2022-11-08 00:00:00-05:00,464.989990234375,472.7699890136719,459.82000732421875,467.8999938964844,445.702880859375,365700,0.0,0.0
2022-11-09 00:00:00-05:00,463.3900146484375,469.8999938964844,460.29998779296875,465.1300048828125,444.2511901855469,301100,1.25,0.0
2022-11-10 00:00:00-05:00,489.8900146484375,512.3699951171875,489.6099853515625,509.70001220703125,486.82049560546875,578800,0.0,0.0
2022-11-11 00:00:00-05:00,513.9099731445312,522.239990234375,509.010009765625,512.3699951171875,489.37060546875,509800,0.0,0.0
2022-11-14 00:00:00-05:00,507.9599914550781,511.04998779296875,491.45001220703125,492.239990234375,470.1442565917969,630600,0.0,0.0
2022-11-15 00:00:00-05:00,507.4599914550781,509.8999938964844,499.5400085449219,503.0199890136719,480.4403381347656,409300,0.0,0.0
2022-11-16 00:00:00-05:00,500.6300048828125,508.6199951171875,495.6499938964844,507.2099914550781,484.44219970703125,322700,0.0,0.0
2022-11-17 00:00:00-05:00,498.54998779296875,502.04998779296875,487.3699951171875,491.0899963378906,469.0457763671875,210100,0.0,0.0
2022-11-18 00:00:00-05:00,503.489990234375,503.489990234375,480.7699890136719,490.30999755859375,468.3008728027344,612600,0.0,0.0
2022-11-21 00:00:00-05:00,488.4599914550781,494.25,484.17999267578125,493.3699951171875,471.2234802246094,275600,0.0,0.0
2022-11-22 00:00:00-05:00,494.7699890136719,503.6499938964844,492.3800048828125,502.6700134277344,480.1060485839844,236100,0.0,0.0
2022-11-23 00:00:00-05:00,503.2099914550781,514.3599853515625,500.1600036621094,508.75,485.9131774902344,269100,0.0,0.0
2022-11-25 00:00:00-05:00,509.739990234375,513.4600219726562,506.0400085449219,512.260009765625,489.2655334472656,94700,0.0,0.0
2022-11-28 00:00:00-05:00,507.29998779296875,512.739990234375,493.6099853515625,495.9599914550781,473.69720458984375,330600,0.0,0.0
2022-11-29 00:00:00-05:00,494.75,499.17999267578125,484.7900085449219,486.32000732421875,464.48992919921875,392100,0.0,0.0
2022-11-30 00:00:00-05:00,486.32000732421875,508.1700134277344,483.0799865722656,507.8299865722656,485.0343933105469,481600,0.0,0.0
2022-12-01 00:00:00-05:00,513.5,523.3599853515625,509.30999755859375,521.3900146484375,497.9856872558594,406700,0.0,0.0
2022-12-02 00:00:00-05:00,511.0299987792969,521.1199951171875,506.2300109863281,518.8300170898438,495.54071044921875,440000,0.0,0.0
2022-12-05 00:00:00-05:00,512.1099853515625,512.1099853515625,500.739990234375,504.489990234375,481.84429931640625,431000,0.0,0.0
2022-12-06 00:00:00-05:00,505.2300109863281,505.8599853515625,495.6600036621094,499.8999938964844,477.4603576660156,377700,0.0,0.0
2022-12-07 00:00:00-05:00,500.0,503.2900085449219,496.489990234375,500.3999938964844,477.9378967285156,428800,0.0,0.0
2022-12-08 00:00:00-05:00,501.19000244140625,505.8699951171875,498.4700012207031,499.9800109863281,477.5367736816406,211000,0.0,0.0
2022-12-09 00:00:00-05:00,497.3599853515625,499.5899963378906,488.6600036621094,492.54998779296875,470.4402770996094,332100,0.0,0.0
2022-12-12 00:00:00-05:00,490.760009765625,497.2900085449219,490.6700134277344,497.2699890136719,474.9484558105469,285000,0.0,0.0
2022-12-13 00:00:00-05:00,524.719970703125,527.280029296875,504.989990234375,512.02001953125,489.0363464355469,499000,0.0,0.0
2022-12-14 00:00:00-05:00,507.5799865722656,517.1500244140625,493.05999755859375,498.4800109863281,476.1040954589844,544700,0.0,0.0
2022-12-15 00:00:00-05:00,489.6499938964844,493.0400085449219,474.9800109863281,476.67999267578125,455.2826232910156,859900,0.0,0.0
2022-12-16 00:00:00-05:00,472.2699890136719,475.1099853515625,467.1400146484375,471.5899963378906,450.42120361328125,1062200,0.0,0.0
2022-12-19 00:00:00-05:00,471.9100036621094,473.5799865722656,460.7799987792969,461.94000244140625,441.20428466796875,564600,0.0,0.0
2022-12-20 00:00:00-05:00,460.3599853515625,463.739990234375,450.0,458.0,437.441162109375,686800,0.0,0.0
2022-12-21 00:00:00-05:00,462.6700134277344,472.3599853515625,459.7799987792969,472.3599853515625,451.1565856933594,440800,0.0,0.0
2022-12-22 00:00:00-05:00,466.45001220703125,468.1600036621094,454.6000061035156,462.32000732421875,441.5672912597656,361700,0.0,0.0
2022-12-23 00:00:00-05:00,461.6099853515625,467.6000061035156,459.80999755859375,463.82000732421875,442.9999694824219,347200,0.0,0.0
2022-12-27 00:00:00-05:00,462.82000732421875,468.54998779296875,455.2099914550781,460.42999267578125,439.7621154785156,399700,0.0,0.0
2022-12-28 00:00:00-05:00,460.5899963378906,464.5,453.94000244140625,454.44000244140625,434.0409240722656,211000,0.0,0.0
2022-12-29 00:00:00-05:00,460.1300048828125,473.4200134277344,458.5,471.9200134277344,450.736328125,272500,0.0,0.0
2022-12-30 00:00:00-05:00,466.3399963378906,469.42999267578125,459.489990234375,465.1700134277344,444.289306640625,354400,0.0,0.0
2023-01-03 00:00:00-05:00,469.57000732421875,476.989990234375,456.3500061035156,461.1600036621094,440.4593200683594,345000,0.0,0.0
2023-01-04 00:00:00-05:00,466.0199890136719,475.1499938964844,462.3800048828125,474.1199951171875,452.83758544921875,427200,0.0,0.0
2023-01-05 00:00:00-05:00,467.9800109863281,471.8500061035156,459.0799865722656,459.1199951171875,438.5109558105469,325000,0.0,0.0
2023-01-06 00:00:00-05:00,465.45001220703125,473.1600036621094,455.4800109863281,469.010009765625,447.9569396972656,366200,0.0,0.0
2023-01-09 00:00:00-05:00,475.8299865722656,491.8299865722656,472.7200012207031,480.5400085449219,458.9693603515625,312100,0.0,0.0
2023-01-10 00:00:00-05:00,479.8299865722656,489.9700012207031,477.010009765625,488.0799865722656,466.1708984375,270800,0.0,0.0
2023-01-11 00:00:00-05:00,494.260009765625,504.4100036621094,491.3500061035156,504.1199951171875,481.4909362792969,364200,0.0,0.0
2023-01-12 00:00:00-05:00,505.1199951171875,506.79998779296875,494.8399963378906,504.04998779296875,481.424072265625,303000,0.0,0.0
2023-01-13 00:00:00-05:00,496.5400085449219,506.5799865722656,496.5400085449219,505.239990234375,482.5606384277344,320600,0.0,0.0
2023-01-17 00:00:00-05:00,505.5400085449219,512.0800170898438,499.32000732421875,510.2799987792969,487.37432861328125,332300,0.0,0.0
2023-01-18 00:00:00-05:00,513.8099975585938,525.8400268554688,505.2300109863281,506.3399963378906,483.61126708984375,407800,0.0,0.0
2023-01-19 00:00:00-05:00,500.29998779296875,503.1199951171875,492.55999755859375,495.7900085449219,473.534912109375,343900,0.0,0.0
2023-01-20 00:00:00-05:00,498.3500061035156,512.719970703125,495.8900146484375,511.760009765625,488.7879638671875,345700,0.0,0.0
2023-01-23 00:00:00-05:00,510.7699890136719,521.3400268554688,509.1600036621094,514.97998046875,491.8633728027344,321100,0.0,0.0
2023-01-24 00:00:00-05:00,512.3099975585938,523.010009765625,510.7699890136719,519.8400268554688,496.50531005859375,319100,0.0,0.0
2023-01-25 00:00:00-05:00,508.4200134277344,514.0700073242188,497.2699890136719,508.6400146484375,485.80810546875,372700,0.0,0.0
2023-01-26 00:00:00-05:00,512.0,519.0999755859375,506.739990234375,515.2100219726562,492.08319091796875,622200,0.0,0.0
2023-01-27 00:00:00-05:00,511.20001220703125,524.4199829101562,506.29998779296875,519.9199829101562,496.5817565917969,481200,0.0,0.0
2023-01-30 00:00:00-05:00,512.9400024414062,516.8200073242188,504.4599914550781,506.55999755859375,483.82135009765625,628300,0.0,0.0
2023-01-31 00:00:00-05:00,514.6500244140625,531.9600219726562,499.0400085449219,531.5599975585938,507.6991271972656,754000,0.0,0.0
2023-02-01 00:00:00-05:00,542.5800170898438,560.3800048828125,529.260009765625,554.52001953125,529.6286010742188,913700,0.0,0.0
2023-02-02 00:00:00-05:00,563.8499755859375,572.5,558.8900146484375,568.4400024414062,542.923828125,903400,0.0,0.0
2023-02-03 00:00:00-05:00,558.1900024414062,569.4500122070312,556.0499877929688,567.4299926757812,541.9590454101562,494200,0.0,0.0
2023-02-06 00:00:00-05:00,559.2000122070312,565.0,551.6099853515625,553.4000244140625,528.5587768554688,610100,0.0,0.0
2023-02-07 00:00:00-05:00,551.9400024414062,562.8300170898438,545.9600219726562,560.4000244140625,535.2446899414062,280000,0.0,0.0
2023-02-08 00:00:00-05:00,555.0399780273438,560.3099975585938,553.72998046875,556.9000244140625,531.9017944335938,213100,0.0,0.0
2023-02-09 00:00:00-05:00,561.0700073242188,566.27001953125,553.5499877929688,555.5900268554688,530.6505126953125,727200,0.0,0.0
2023-02-10 00:00:00-05:00,548.8200073242188,550.5399780273438,540.8300170898438,549.3300170898438,524.6715698242188,413900,0.0,0.0
2023-02-13 00:00:00-05:00,552.969970703125,562.8699951171875,547.739990234375,562.0999755859375,536.8682250976562,403400,0.0,0.0
2023-02-14 00:00:00-05:00,561.4299926757812,570.4299926757812,557.0599975585938,561.8200073242188,536.60107421875,260200,0.0,0.0
2023-02-15 00:00:00-05:00,555.8599853515625,567.0700073242188,553.6300048828125,567.0599975585938,541.6056518554688,349500,0.0,0.0
2023-02-16 00:00:00-05:00,553.4400024414062,560.77001953125,551.760009765625,552.989990234375,529.4557495117188,265700,1.38,0.0
2023-02-17 00:00:00-05:00,547.6900024414062,550.1099853515625,538.489990234375,544.8300170898438,521.6430053710938,438800,0.0,0.0
2023-02-21 00:00:00-05:00,535.7000122070312,537.9099731445312,523.0900268554688,524.8200073242188,502.4845886230469,572500,0.0,0.0
2023-02-22 00:00:00-05:00,527.489990234375,527.7899780273438,520.1199951171875,524.0499877929688,501.7474060058594,386000,0.0,0.0
2023-02-23 00:00:00-05:00,529.0599975585938,530.469970703125,519.6699829101562,527.780029296875,505.31866455078125,195400,0.0,0.0
2023-02-24 00:00:00-05:00,520.1400146484375,522.1199951171875,512.02001953125,518.1599731445312,496.1080322265625,298300,0.0,0.0
2023-02-27 00:00:00-05:00,526.0,530.6900024414062,523.7100219726562,525.7899780273438,503.41326904296875,364700,0.0,0.0
2023-02-28 00:00:00-05:00,525.9000244140625,531.9000244140625,521.1400146484375,522.1500244140625,499.92816162109375,335800,0.0,0.0
2023-03-01 00:00:00-05:00,519.219970703125,522.489990234375,514.3699951171875,515.4500122070312,493.5132751464844,375500,0.0,0.0
2023-03-02 00:00:00-05:00,510.6499938964844,517.2899780273438,508.4700012207031,517.2899780273438,495.2750549316406,387100,0.0,0.0
2023-03-03 00:00:00-05:00,521.6099853515625,537.280029296875,520.530029296875,536.6699829101562,513.830322265625,382700,0.0,0.0
2023-03-06 00:00:00-05:00,537.9500122070312,545.5,537.8599853515625,542.9099731445312,519.8046875,568000,0.0,0.0
2023-03-07 00:00:00-05:00,542.9199829101562,547.9199829101562,531.47998046875,533.97998046875,511.254638671875,406600,0.0,0.0
2023-03-08 00:00:00-05:00,532.1199951171875,537.8200073242188,527.47998046875,535.8499755859375,513.0451049804688,254700,0.0,0.0
2023-03-09 00:00:00-05:00,537.0800170898438,545.25,532.3800048828125,535.0399780273438,512.2696533203125,499200,0.0,0.0
2023-03-10 00:00:00-05:00,535.0,536.8499755859375,519.1099853515625,522.27001953125,500.043212890625,595400,0.0,0.0
2023-03-13 00:00:00-04:00,517.7999877929688,534.1400146484375,513.8400268554688,528.280029296875,505.79736328125,786300,0.0,0.0
2023-03-14 00:00:00-04:00,540.6500244140625,558.280029296875,540.3800048828125,548.25,524.9174194335938,639000,0.0,0.0
2023-03-15 00:00:00-04:00,534.9500122070312,538.3499755859375,520.5499877929688,536.77001953125,513.9259643554688,506400,0.0,0.0
2023-03-16 00:00:00-04:00,533.969970703125,560.25,533.969970703125,546.5700073242188,523.3089599609375,456700,0.0,0.0
2023-03-17 00:00:00-04:00,547.0800170898438,548.5700073242188,532.510009765625,537.0900268554688,514.232421875,999600,0.0,0.0
2023-03-20 00:00:00-04:00,540.489990234375,545.1099853515625,534.02001953125,544.3300170898438,521.1642456054688,353300,0.0,0.0
2023-03-21 00:00:00-04:00,550.2899780273438,556.3599853515625,549.4299926757812,554.3300170898438,530.7387084960938,470800,0.0,0.0
2023-03-22 00:00:00-04:00,552.6799926757812,563.8099975585938,546.6500244140625,547.1799926757812,523.8929443359375,414400,0.0,0.0
2023-03-23 00:00:00-04:00,546.3099975585938,555.7100219726562,541.6099853515625,546.9600219726562,523.6824340820312,457500,0.0,0.0
2023-03-24 00:00:00-04:00,541.75,545.0,536.27001953125,543.0999755859375,519.9866333007812,323300,0.0,0.0
2023-03-27 00:00:00-04:00,548.4000244140625,548.4000244140625,538.9000244140625,540.3499755859375,517.353515625,413200,0.0,0.0
2023-03-28 00:00:00-04:00,540.27001953125,543.1500244140625,534.719970703125,542.9000244140625,519.795166015625,222200,0.0,0.0
2023-03-29 00:00:00-04:00,549.5499877929688,552.0499877929688,543.4600219726562,550.9299926757812,527.4833374023438,276400,0.0,0.0
2023-03-30 00:00:00-04:00,556.5399780273438,556.5399780273438,545.4199829101562,548.719970703125,525.367431640625,328100,0.0,0.0
2023-03-31 00:00:00-04:00,553.5,559.7899780273438,550.1300048828125,559.6900024414062,535.8705444335938,347100,0.0,0.0
2023-04-03 00:00:00-04:00,553.5499877929688,558.5399780273438,550.010009765625,557.3699951171875,533.6493530273438,330100,0.0,0.0
2023-04-04 00:00:00-04:00,560.219970703125,563.0599975585938,549.47998046875,550.3800048828125,526.9568481445312,457000,0.0,0.0
2023-04-05 00:00:00-04:00,546.4600219726562,550.989990234375,536.27001953125,538.3699951171875,515.4580078125,318600,0.0,0.0
2023-04-06 00:00:00-04:00,534.2100219726562,537.3900146484375,532.3599853515625,533.6500244140625,510.9387512207031,333500,0.0,0.0
2023-04-10 00:00:00-04:00,528.3200073242188,529.0499877929688,512.5800170898438,528.4400024414062,505.9505310058594,444000,0.0,0.0
2023-04-11 00:00:00-04:00,530.3400268554688,535.3699951171875,525.5999755859375,529.6699829101562,507.12811279296875,391600,0.0,0.0
2023-04-12 00:00:00-04:00,535.780029296875,539.02001953125,529.739990234375,530.8300170898438,508.23876953125,375800,0.0,0.0
2023-04-13 00:00:00-04:00,534.1599731445312,543.1500244140625,530.1300048828125,542.6099853515625,519.5174560546875,301500,0.0,0.0
2023-04-14 00:00:00-04:00,541.1199951171875,553.0399780273438,538.3099975585938,540.030029296875,517.0473022460938,538400,0.0,0.0
2023-04-17 00:00:00-04:00,537.1900024414062,544.969970703125,534.3699951171875,537.5700073242188,514.6920166015625,477000,0.0,0.0
2023-04-18 00:00:00-04:00,542.1300048828125,548.4000244140625,537.6099853515625,544.4600219726562,521.2887573242188,406600,0.0,0.0
2023-04-19 00:00:00-04:00,542.47998046875,547.2000122070312,539.5499877929688,545.47998046875,522.265380859375,230100,0.0,0.0
2023-04-20 00:00:00-04:00,540.3699951171875,550.6500244140625,539.0,546.5800170898438,523.318603515625,208200,0.0,0.0
2023-04-21 00:00:00-04:00,547.5399780273438,548.1300048828125,543.0700073242188,544.5999755859375,521.4228515625,373600,0.0,0.0
2023-04-24 00:00:00-04:00,545.7100219726562,548.3900146484375,541.22998046875,544.6099853515625,521.4322509765625,389000,0.0,0.0
2023-04-25 00:00:00-04:00,535.7899780273438,539.030029296875,471.0,471.1499938964844,451.09869384765625,1532500,0.0,0.0
2023-04-26 00:00:00-04:00,463.29998779296875,467.6199951171875,455.0,458.2200012207031,438.7189636230469,1601000,0.0,0.0
2023-04-27 00:00:00-04:00,466.489990234375,469.1700134277344,459.1199951171875,464.2900085449219,444.5306701660156,1210600,0.0,0.0
2023-04-28 00:00:00-04:00,462.6300048828125,486.1000061035156,462.6300048828125,482.45001220703125,461.91778564453125,1107600,0.0,0.0
2023-05-01 00:00:00-04:00,482.8299865722656,489.30999755859375,480.1400146484375,483.0299987792969,462.47308349609375,648400,0.0,0.0
2023-05-02 00:00:00-04:00,479.5,480.239990234375,466.1000061035156,468.489990234375,448.5518798828125,659200,0.0,0.0
2023-05-03 00:00:00-04:00,468.3399963378906,476.5899963378906,465.17999267578125,465.7699890136719,445.94769287109375,492700,0.0,0.0
2023-05-04 00:00:00-04:00,464.19000244140625,467.9200134277344,461.1600036621094,461.54998779296875,441.9073486328125,453100,0.0,0.0
2023-05-05 00:00:00-04:00,467.6499938964844,474.32000732421875,464.8399963378906,473.6499938964844,453.49224853515625,423700,0.0,0.0
2023-05-08 00:00:00-04:00,474.82000732421875,479.0,471.55999755859375,472.8800048828125,452.755126953125,461100,0.0,0.0
2023-05-09 00:00:00-04:00,468.7900085449219,476.2799987792969,468.7900085449219,472.8699951171875,452.7455139160156,353800,0.0,0.0
2023-05-10 00:00:00-04:00,479.0,482.94000244140625,470.8299865722656,476.07000732421875,455.809326171875,559600,0.0,0.0
2023-05-11 00:00:00-04:00,473.3500061035156,475.69000244140625,467.1600036621094,470.3999938964844,451.68994140625,338700,1.38,0.0
2023-05-12 00:00:00-04:00,472.239990234375,474.95001220703125,463.6300048828125,469.6300048828125,450.9505920410156,443400,0.0,0.0
2023-05-15 00:00:00-04:00,468.6300048828125,469.8399963378906,462.2799987792969,463.55999755859375,445.1219787597656,442500,0.0,0.0
2023-05-16 00:00:00-04:00,460.54998779296875,462.0299987792969,455.1499938964844,456.9800109863281,438.8037109375,470300,0.0,0.0
2023-05-17 00:00:00-04:00,461.6499938964844,463.30999755859375,457.7900085449219,461.2699890136719,442.9230651855469,389500,0.0,0.0
2023-05-18 00:00:00-04:00,461.70001220703125,474.3599853515625,457.6600036621094,472.25,453.4664001464844,466400,0.0,0.0
2023-05-19 00:00:00-04:00,473.6700134277344,475.2900085449219,467.8699951171875,469.8399963378906,451.1522216796875,345500,0.0,0.0
2023-05-22 00:00:00-04:00,469.29998779296875,475.4800109863281,469.2799987792969,472.4200134277344,453.62957763671875,274000,0.0,0.0
2023-05-23 00:00:00-04:00,467.7200012207031,471.80999755859375,457.1300048828125,460.1000061035156,441.7996520996094,613900,0.0,0.0
2023-05-24 00:00:00-04:00,455.8699951171875,460.8999938964844,451.54998779296875,457.19000244140625,439.00537109375,536400,0.0,0.0
2023-05-25 00:00:00-04:00,460.7799987792969,469.3800048828125,460.0,466.510009765625,447.9546813964844,491900,0.0,0.0
2023-05-26 00:00:00-04:00,470.44000244140625,478.57000732421875,468.510009765625,475.8299865722656,456.9039611816406,393200,0.0,0.0
2023-05-30 00:00:00-04:00,480.7200012207031,486.5,469.6000061035156,471.4100036621094,452.6597595214844,418200,0.0,0.0
2023-05-31 00:00:00-04:00,468.9700012207031,471.69000244140625,465.6000061035156,470.5299987792969,451.8147888183594,723400,0.0,0.0
2023-06-01 00:00:00-04:00,471.1700134277344,472.0,458.17999267578125,466.9700012207031,448.3963623046875,414700,0.0,0.0
2023-06-02 00:00:00-04:00,472.5299987792969,479.6400146484375,471.29998779296875,478.760009765625,459.7174377441406,423600,0.0,0.0
2023-06-05 00:00:00-04:00,477.8399963378906,483.55999755859375,477.54998779296875,480.80999755859375,461.6859130859375,358600,0.0,0.0
2023-06-06 00:00:00-04:00,478.1700134277344,481.1600036621094,473.3599853515625,477.239990234375,458.25787353515625,401700,0.0,0.0
2023-06-07 00:00:00-04:00,479.44000244140625,483.8299865722656,471.3699951171875,472.489990234375,453.69683837890625,465300,0.0,0.0
2023-06-08 00:00:00-04:00,474.3399963378906,481.7200012207031,471.9200134277344,480.8699951171875,461.74346923828125,319500,0.0,0.0
2023-06-09 00:00:00-04:00,482.260009765625,482.260009765625,473.20001220703125,473.8500061035156,455.0027770996094,393600,0.0,0.0
2023-06-12 00:00:00-04:00,477.4599914550781,477.4599914550781,470.7300109863281,474.17999267578125,455.3196105957031,1044700,0.0,0.0
2023-06-13 00:00:00-04:00,477.19000244140625,482.4700012207031,471.6600036621094,479.989990234375,460.89849853515625,1373800,0.0,0.0
2023-06-14 00:00:00-04:00,480.489990234375,488.8999938964844,473.260009765625,486.20001220703125,466.861572265625,733900,0.0,0.0
2023-06-15 00:00:00-04:00,481.54998779296875,489.70001220703125,478.79998779296875,487.54998779296875,468.1578063964844,457600,0.0,0.0
2023-06-16 00:00:00-04:00,491.6499938964844,492.45001220703125,477.3999938964844,477.7300109863281,458.7283935546875,628400,0.0,0.0
2023-06-20 00:00:00-04:00,476.1099853515625,478.19000244140625,468.45001220703125,473.7799987792969,454.9354553222656,559100,0.0,0.0
2023-06-21 00:00:00-04:00,467.760009765625,478.2699890136719,465.20001220703125,474.6499938964844,455.7709045410156,439000,0.0,0.0
2023-06-22 00:00:00-04:00,471.80999755859375,471.80999755859375,463.7200012207031,467.20001220703125,448.6172790527344,349000,0.0,0.0
2023-06-23 00:00:00-04:00,462.6499938964844,471.9800109863281,460.010009765625,465.1499938964844,446.6487731933594,737200,0.0,0.0
2023-06-26 00:00:00-04:00,463.8299865722656,466.42999267578125,461.5400085449219,463.25,444.82427978515625,405200,0.0,0.0
2023-06-27 00:00:00-04:00,466.2099914550781,469.7200012207031,464.20001220703125,465.0799865722656,446.5815124511719,456300,0.0,0.0
2023-06-28 00:00:00-04:00,466.30999755859375,466.30999755859375,456.94000244140625,463.32000732421875,444.89154052734375,657700,0.0,0.0
2023-06-29 00:00:00-04:00,464.57000732421875,470.70001220703125,460.4200134277344,462.07000732421875,443.6912841796875,718900,0.0,0.0
2023-06-30 00:00:00-04:00,466.3399963378906,473.7699890136719,462.42999267578125,469.2900085449219,450.6241455078125,722100,0.0,0.0
2023-07-03 00:00:00-04:00,468.489990234375,472.92999267578125,464.5,472.82000732421875,454.0137634277344,255100,0.0,0.0
2023-07-05 00:00:00-04:00,467.82000732421875,474.5299987792969,465.989990234375,473.32000732421875,454.4938049316406,500200,0.0,0.0
2023-07-06 00:00:00-04:00,466.010009765625,470.20001220703125,463.760009765625,469.4599914550781,450.78729248046875,624900,0.0,0.0
2023-07-07 00:00:00-04:00,467.2200012207031,475.1700134277344,466.9100036621094,471.75,452.98626708984375,426500,0.0,0.0
2023-07-10 00:00:00-04:00,471.3900146484375,481.0,468.5400085449219,480.6300048828125,461.5130615234375,794300,0.0,0.0
2023-07-11 00:00:00-04:00,480.17999267578125,489.0,478.2900085449219,486.6499938964844,467.2935791015625,486100,0.0,0.0
2023-07-12 00:00:00-04:00,494.75,499.3399963378906,493.239990234375,497.75,477.9521179199219,501700,0.0,0.0
2023-07-13 00:00:00-04:00,499.8999938964844,503.8900146484375,497.4100036621094,497.7799987792969,477.9809265136719,463400,0.0,0.0
2023-07-14 00:00:00-04:00,499.5,500.92999267578125,495.2099914550781,497.17999267578125,477.4047546386719,437800,0.0,0.0
2023-07-17 00:00:00-04:00,492.7099914550781,499.44000244140625,490.7099914550781,499.25,479.3924865722656,532400,0.0,0.0
2023-07-18 00:00:00-04:00,500.0,503.25,493.760009765625,502.8299865722656,482.83001708984375,443100,0.0,0.0
2023-07-19 00:00:00-04:00,501.2900085449219,510.4200134277344,501.2900085449219,507.94000244140625,487.7368469238281,636900,0.0,0.0
2023-07-20 00:00:00-04:00,504.8900146484375,512.4299926757812,504.0299987792969,509.6600036621094,489.38836669921875,490500,0.0,0.0
2023-07-21 00:00:00-04:00,511.489990234375,514.6699829101562,505.0199890136719,511.4200134277344,491.0784606933594,550500,0.0,0.0
2023-07-24 00:00:00-04:00,511.2200012207031,514.0,500.7300109863281,502.75,482.75323486328125,709100,0.0,0.0
2023-07-25 00:00:00-04:00,508.6700134277344,548.9199829101562,507.55999755859375,548.2000122070312,526.3955078125,1144800,0.0,0.0
2023-07-26 00:00:00-04:00,550.0,564.3499755859375,547.1900024414062,557.25,535.0855102539062,776100,0.0,0.0
2023-07-27 00:00:00-04:00,555.219970703125,561.4400024414062,551.9199829101562,553.5999755859375,531.5806274414062,687800,0.0,0.0
2023-07-28 00:00:00-04:00,560.469970703125,563.5,549.5800170898438,550.280029296875,528.3927612304688,411400,0.0,0.0
2023-07-31 00:00:00-04:00,548.9000244140625,552.4500122070312,543.3699951171875,548.0800170898438,526.2802124023438,404900,0.0,0.0
2023-08-01 00:00:00-04:00,546.3200073242188,549.010009765625,542.1400146484375,545.9400024414062,524.2252197265625,450800,0.0,0.0
2023-08-02 00:00:00-04:00,540.6199951171875,545.510009765625,532.8499755859375,545.25,523.562744140625,613600,0.0,0.0
2023-08-03 00:00:00-04:00,542.6799926757812,548.1199951171875,539.52001953125,543.780029296875,522.1513671875,441100,0.0,0.0
2023-08-04 00:00:00-04:00,545.3800048828125,551.6199951171875,541.3499755859375,542.260009765625,520.6917114257812,385600,0.0,0.0
2023-08-07 00:00:00-04:00,545.6500244140625,552.6599731445312,544.219970703125,551.5,529.5643310546875,344500,0.0,0.0
2023-08-08 00:00:00-04:00,547.75,549.0499877929688,537.2899780273438,548.0700073242188,526.2706298828125,369400,0.0,0.0
2023-08-09 00:00:00-04:00,547.5,553.489990234375,545.9600219726562,546.2000122070312,524.4750366210938,276900,0.0,0.0
2023-08-10 00:00:00-04:00,548.5900268554688,553.280029296875,542.8200073242188,546.8599853515625,526.4388427734375,294600,1.38,0.0
2023-08-11 00:00:00-04:00,543.8400268554688,549.47998046875,541.4299926757812,548.989990234375,528.4891967773438,242600,0.0,0.0
2023-08-14 00:00:00-04:00,550.1199951171875,550.9000244140625,546.1599731445312,547.280029296875,526.8431396484375,217800,0.0,0.0
2023-08-15 00:00:00-04:00,542.8499755859375,542.8499755859375,533.010009765625,533.8200073242188,513.8858642578125,294600,0.0,0.0
2023-08-16 00:00:00-04:00,532.7899780273438,534.6400146484375,529.5999755859375,529.6300048828125,509.8522644042969,201300,0.0,0.0
2023-08-17 00:00:00-04:00,529.739990234375,529.739990234375,520.5999755859375,520.75,501.3038024902344,435500,0.0,0.0
2023-08-18 00:00:00-04:00,515.47998046875,524.25,512.22998046875,520.1699829101562,500.7454833984375,297300,0.0,0.0
2023-08-21 00:00:00-04:00,518.4500122070312,526.739990234375,516.47998046875,524.739990234375,505.1448669433594,353900,0.0,0.0
2023-08-22 00:00:00-04:00,527.4099731445312,531.8499755859375,524.739990234375,527.9099731445312,508.1964416503906,275800,0.0,0.0
2023-08-23 00:00:00-04:00,530.489990234375,536.02001953125,527.8499755859375,535.8499755859375,515.8399047851562,264700,0.0,0.0
2023-08-24 00:00:00-04:00,536.5800170898438,538.5599975585938,530.6599731445312,532.4600219726562,512.5765991210938,243500,0.0,0.0
2023-08-25 00:00:00-04:00,535.1699829101562,537.6900024414062,528.1500244140625,531.1500244140625,511.31549072265625,189000,0.0,0.0
2023-08-28 00:00:00-04:00,532.75,534.719970703125,529.3900146484375,532.1500244140625,512.2781982421875,190700,0.0,0.0
2023-08-29 00:00:00-04:00,531.9199829101562,538.7899780273438,529.469970703125,538.6099853515625,518.4968872070312,264800,0.0,0.0
2023-08-30 00:00:00-04:00,537.8099975585938,547.1300048828125,537.8099975585938,544.1300048828125,523.8107299804688,224900,0.0,0.0
2023-08-31 00:00:00-04:00,545.1799926757812,545.5999755859375,540.9000244140625,543.6199951171875,523.3198852539062,350100,0.0,0.0
2023-09-01 00:00:00-04:00,547.8800048828125,547.8800048828125,538.6900024414062,541.3900146484375,521.173095703125,214000,0.0,0.0
2023-09-05 00:00:00-04:00,538.1900024414062,543.1900024414062,532.3200073242188,541.1599731445312,520.9515991210938,443700,0.0,0.0
2023-09-06 00:00:00-04:00,541.6599731445312,548.5,540.4299926757812,541.8400268554688,521.6063232421875,396400,0.0,0.0
2023-09-07 00:00:00-04:00,538.1900024414062,547.4099731445312,529.0399780273438,546.489990234375,526.0826416015625,318200,0.0,0.0
2023-09-08 00:00:00-04:00,548.4600219726562,548.5599975585938,531.8599853515625,533.7899780273438,513.8568115234375,263900,0.0,0.0
2023-09-11 00:00:00-04:00,536.02001953125,538.0900268554688,531.5,536.1599731445312,516.1383666992188,208900,0.0,0.0
2023-09-12 00:00:00-04:00,529.1699829101562,532.6099853515625,522.4500122070312,525.969970703125,506.3288269042969,409400,0.0,0.0
2023-09-13 00:00:00-04:00,527.22998046875,536.75,523.6799926757812,535.25,515.262451171875,339200,0.0,0.0
2023-09-14 00:00:00-04:00,535.8900146484375,539.3599853515625,528.1799926757812,538.6900024414062,518.5739135742188,376000,0.0,0.0
2023-09-15 00:00:00-04:00,530.5399780273438,540.1400146484375,529.3499755859375,530.0800170898438,510.28546142578125,810800,0.0,0.0
2023-09-18 00:00:00-04:00,528.25,537.219970703125,525.260009765625,533.0900268554688,513.1830444335938,284900,0.0,0.0
2023-09-19 00:00:00-04:00,533.239990234375,538.6300048828125,529.6500244140625,538.0499877929688,517.9578857421875,254700,0.0,0.0
2023-09-20 00:00:00-04:00,540.5499877929688,543.7999877929688,534.02001953125,535.0399780273438,515.0603637695312,299800,0.0,0.0
2023-09-21 00:00:00-04:00,527.3400268554688,530.5499877929688,514.280029296875,515.4199829101562,496.17291259765625,481300,0.0,0.0
2023-09-22 00:00:00-04:00,515.5599975585938,517.989990234375,510.7200012207031,513.1599731445312,493.9972839355469,290600,0.0,0.0
2023-09-25 00:00:00-04:00,509.8699951171875,517.3599853515625,507.04998779296875,516.9000244140625,497.59759521484375,299100,0.0,0.0
2023-09-26 00:00:00-04:00,511.6000061035156,526.0599975585938,511.6000061035156,516.260009765625,496.98150634765625,530600,0.0,0.0
2023-09-27 00:00:00-04:00,519.4600219726562,522.22998046875,503.29998779296875,511.94000244140625,492.8228759765625,339500,0.0,0.0
2023-09-28 00:00:00-04:00,513.989990234375,523.0399780273438,513.010009765625,521.5,502.0257873535156,339900,0.0,0.0
2023-09-29 00:00:00-04:00,526.8599853515625,529.6900024414062,512.27001953125,513.0800170898438,493.9202880859375,287800,0.0,0.0
2023-10-02 00:00:00-04:00,511.510009765625,513.6099853515625,499.6700134277344,506.989990234375,488.05767822265625,306400,0.0,0.0
2023-10-03 00:00:00-04:00,504.54998779296875,509.57000732421875,491.67999267578125,495.4599914550781,476.9582214355469,341600,0.0,0.0
2023-10-04 00:00:00-04:00,497.57000732421875,502.5,495.5400085449219,501.5899963378906,482.8592834472656,353000,0.0,0.0
2023-10-05 00:00:00-04:00,501.04998779296875,502.9100036621094,495.2799987792969,498.1300048828125,479.5285339355469,367400,0.0,0.0
2023-10-06 00:00:00-04:00,493.3800048828125,515.8300170898438,490.4700012207031,513.3400268554688,494.1705322265625,416600,0.0,0.0
2023-10-09 00:00:00-04:00,511.79998779296875,518.2899780273438,509.2699890136719,515.3699951171875,496.1246337890625,243000,0.0,0.0
2023-10-10 00:00:00-04:00,515.030029296875,523.780029296875,510.80999755859375,520.780029296875,501.33282470703125,244300,0.0,0.0
2023-10-11 00:00:00-04:00,525.5800170898438,527.6500244140625,518.780029296875,523.1699829101562,503.633544921875,253800,0.0,0.0
2023-10-12 00:00:00-04:00,525.6599731445312,529.3400268554688,517.25,520.0900268554688,500.6685485839844,311200,0.0,0.0
2023-10-13 00:00:00-04:00,521.5999755859375,521.5999755859375,506.4700012207031,510.55999755859375,491.494384765625,331600,0.0,0.0
2023-10-16 00:00:00-04:00,515.780029296875,520.989990234375,513.4099731445312,515.4600219726562,496.21142578125,191600,0.0,0.0
2023-10-17 00:00:00-04:00,510.82000732421875,520.3800048828125,510.82000732421875,515.7999877929688,496.5386962890625,207100,0.0,0.0
2023-10-18 00:00:00-04:00,510.989990234375,512.97998046875,504.70001220703125,505.989990234375,487.0949401855469,418800,0.0,0.0
2023-10-19 00:00:00-04:00,507.2300109863281,508.6400146484375,496.1199951171875,497.2699890136719,478.70062255859375,282600,0.0,0.0
2023-10-20 00:00:00-04:00,495.9599914550781,498.54998779296875,485.92999267578125,489.739990234375,471.4518127441406,340900,0.0,0.0
2023-10-23 00:00:00-04:00,487.17999267578125,495.0,482.489990234375,487.5899963378906,469.38214111328125,323200,0.0,0.0
2023-10-24 00:00:00-04:00,489.3500061035156,495.3699951171875,483.3999938964844,488.04998779296875,469.824951171875,286600,0.0,0.0
2023-10-25 00:00:00-04:00,481.4800109863281,490.0299987792969,476.70001220703125,479.6300048828125,461.7193603515625,292800,0.0,0.0
2023-10-26 00:00:00-04:00,478.3500061035156,487.510009765625,477.80999755859375,481.54998779296875,463.567626953125,370900,0.0,0.0
2023-10-27 00:00:00-04:00,481.95001220703125,485.55999755859375,474.57000732421875,476.19000244140625,458.4078369140625,398200,0.0,0.0
2023-10-30 00:00:00-04:00,479.7799987792969,483.7900085449219,474.4100036621094,481.989990234375,463.9912414550781,424000,0.0,0.0
2023-10-31 00:00:00-04:00,473.0,476.5299987792969,466.2300109863281,471.54998779296875,453.94110107421875,541600,0.0,0.0
2023-11-01 00:00:00-04:00,468.3500061035156,480.6199951171875,458.989990234375,471.8500061035156,454.2298889160156,687400,0.0,0.0
2023-11-02 00:00:00-04:00,480.19000244140625,487.0299987792969,475.8999938964844,487.0199890136719,468.83343505859375,493700,0.0,0.0
2023-11-03 00:00:00-04:00,484.9200134277344,498.79998779296875,484.9200134277344,497.760009765625,479.17236328125,355800,0.0,0.0
2023-11-06 00:00:00-05:00,498.42999267578125,500.1400146484375,493.1199951171875,496.55999755859375,478.01715087890625,330600,0.0,0.0
2023-11-07 00:00:00-05:00,499.80999755859375,503.6600036621094,495.94000244140625,497.29998779296875,478.7295837402344,457900,0.0,0.0
2023-11-08 00:00:00-05:00,496.94000244140625,507.3299865722656,496.94000244140625,504.9800109863281,487.4754638671875,251200,1.38,0.0
2023-11-09 00:00:00-05:00,507.20001220703125,512.8099975585938,504.2799987792969,506.2200012207031,488.67254638671875,257600,0.0,0.0
2023-11-10 00:00:00-05:00,509.1400146484375,514.4099731445312,500.3900146484375,514.260009765625,496.4338684082031,347000,0.0,0.0
2023-11-13 00:00:00-05:00,510.0,512.780029296875,501.29998779296875,503.7900085449219,486.3267517089844,399200,0.0,0.0
2023-11-14 00:00:00-05:00,512.4500122070312,522.9099731445312,512.4199829101562,518.0499877929688,500.0924377441406,397100,0.0,0.0
2023-11-15 00:00:00-05:00,520.0999755859375,524.4600219726562,518.6900024414062,521.75,503.6642150878906,284700,0.0,0.0
2023-11-16 00:00:00-05:00,523.27001953125,529.7100219726562,521.010009765625,524.27001953125,506.096923828125,251000,0.0,0.0
2023-11-17 00:00:00-05:00,528.9600219726562,528.9600219726562,518.6300048828125,521.4199829101562,503.34564208984375,354000,0.0,0.0
2023-11-20 00:00:00-05:00,521.8599853515625,524.0399780273438,518.9500122070312,522.2100219726562,504.1081848144531,220400,0.0,0.0
2023-11-21 00:00:00-05:00,522.0,524.989990234375,518.6500244140625,524.8900146484375,506.69537353515625,161500,0.0,0.0
2023-11-22 00:00:00-05:00,529.1799926757812,533.3499755859375,523.7899780273438,523.969970703125,505.8072509765625,180300,0.0,0.0
2023-11-24 00:00:00-05:00,522.8699951171875,528.4299926757812,522.1099853515625,528.3499755859375,510.03533935546875,103800,0.0,0.0
2023-11-27 00:00:00-05:00,524.469970703125,528.030029296875,522.739990234375,525.3499755859375,507.1393737792969,193900,0.0,0.0
2023-11-28 00:00:00-05:00,522.3900146484375,528.1500244140625,522.219970703125,523.8400268554688,505.6817626953125,189400,0.0,0.0
2023-11-29 00:00:00-05:00,528.1500244140625,532.0800170898438,525.3599853515625,526.5700073242188,508.31707763671875,211300,0.0,0.0
2023-11-30 00:00:00-05:00,526.4199829101562,528.2899780273438,516.5800170898438,520.8499755859375,502.79541015625,364400,0.0,0.0
2023-12-01 00:00:00-05:00,519.1300048828125,528.2899780273438,516.489990234375,527.7000122070312,509.407958984375,402400,0.0,0.0
2023-12-04 00:00:00-05:00,524.75,532.5,522.02001953125,525.489990234375,507.2745361328125,259100,0.0,0.0
2023-12-05 00:00:00-05:00,523.1099853515625,524.5700073242188,517.0999755859375,523.4299926757812,505.2859802246094,195700,0.0,0.0
2023-12-06 00:00:00-05:00,526.9199829101562,527.97998046875,515.0,515.1099853515625,497.2543640136719,359400,0.0,0.0
2023-12-07 00:00:00-05:00,516.989990234375,518.4600219726562,507.3800048828125,508.44000244140625,490.8155822753906,343400,0.0,0.0
2023-12-08 00:00:00-05:00,507.0400085449219,509.07000732421875,500.010009765625,506.67999267578125,489.1165771484375,348300,0.0,0.0
2023-12-11 00:00:00-05:00,507.7099914550781,518.4299926757812,507.7099914550781,516.6099853515625,498.7023010253906,324400,0.0,0.0
2023-12-12 00:00:00-05:00,518.9600219726562,526.25,513.0399780273438,526.02001953125,507.78619384765625,319400,0.0,0.0
2023-12-13 00:00:00-05:00,534.7100219726562,546.969970703125,529.0999755859375,546.3699951171875,527.4307861328125,696200,0.0,0.0
2023-12-14 00:00:00-05:00,551.25,559.8599853515625,538.5499877929688,542.1099853515625,523.3184204101562,510500,0.0,0.0
2023-12-15 00:00:00-05:00,541.510009765625,541.510009765625,528.489990234375,531.5800170898438,513.1533813476562,643800,0.0,0.0
2023-12-18 00:00:00-05:00,531.8200073242188,536.4199829101562,525.260009765625,532.8599853515625,514.3890991210938,564200,0.0,0.0
2023-12-19 00:00:00-05:00,535.0,544.239990234375,534.7999877929688,542.530029296875,523.7239379882812,351000,0.0,0.0
2023-12-20 00:00:00-05:00,541.719970703125,555.780029296875,540.1400146484375,540.1799926757812,521.455322265625,337500,0.0,0.0
2023-12-21 00:00:00-05:00,544.4299926757812,553.4299926757812,541.3200073242188,553.02001953125,533.8502197265625,317200,0.0,0.0
2023-12-22 00:00:00-05:00,554.75,562.7000122070312,554.75,562.280029296875,542.7893676757812,384900,0.0,0.0
2023-12-26 00:00:00-05:00,562.280029296875,563.3499755859375,558.4400024414062,561.27001953125,541.8141479492188,145500,0.0,0.0
2023-12-27 00:00:00-05:00,561.5700073242188,566.9299926757812,561.5700073242188,565.6199951171875,546.0135498046875,195000,0.0,0.0
2023-12-28 00:00:00-05:00,566.9299926757812,573.1799926757812,566.9099731445312,570.5999755859375,550.82080078125,245300,0.0,0.0
2023-12-29 00:00:00-05:00,569.4400024414062,573.3200073242188,563.8599853515625,565.6500244140625,546.0424194335938,271500,0.0,0.0
2024-01-02 00:00:00-05:00,560.0399780273438,561.52001953125,551.0900268554688,555.7999877929688,536.5338745117188,364600,0.0,0.0
2024-01-03 00:00:00-05:00,552.9099731445312,552.9099731445312,544.8400268554688,549.8699951171875,530.8095092773438,418600,0.0,0.0
2024-01-04 00:00:00-05:00,547.3400268554688,562.3200073242188,547.3400268554688,559.719970703125,540.3179321289062,368600,0.0,0.0
2024-01-05 00:00:00-05:00,556.2000122070312,560.2100219726562,536.3599853515625,538.0499877929688,519.399169921875,447100,0.0,0.0
2024-01-08 00:00:00-05:00,541.9199829101562,543.260009765625,536.0700073242188,543.1500244140625,524.3223876953125,347400,0.0,0.0
2024-01-09 00:00:00-05:00,537.8300170898438,546.7000122070312,537.8200073242188,539.75,521.040283203125,358200,0.0,0.0
2024-01-10 00:00:00-05:00,541.6300048828125,546.8300170898438,538.0,546.6599731445312,527.710693359375,243400,0.0,0.0
2024-01-11 00:00:00-05:00,549.780029296875,554.780029296875,546.0999755859375,550.280029296875,531.2052612304688,867600,0.0,0.0
2024-01-12 00:00:00-05:00,555.2999877929688,556.0,542.3099975585938,545.4600219726562,526.5523681640625,308600,0.0,0.0
2024-01-16 00:00:00-05:00,541.0700073242188,543.52001953125,536.0800170898438,542.469970703125,523.6659545898438,604400,0.0,0.0
2024-01-17 00:00:00-05:00,532.0,539.2999877929688,525.4600219726562,538.1599731445312,519.5054321289062,538900,0.0,0.0
2024-01-18 00:00:00-05:00,551.3499755859375,554.27001953125,539.3599853515625,546.4600219726562,527.5177612304688,615100,0.0,0.0
2024-01-19 00:00:00-05:00,551.4000244140625,556.280029296875,545.0399780273438,553.9299926757812,534.7286376953125,380000,0.0,0.0
2024-01-22 00:00:00-05:00,556.8300170898438,569.5999755859375,556.1699829101562,566.219970703125,546.5926513671875,456000,0.0,0.0
2024-01-23 00:00:00-05:00,566.6300048828125,571.1900024414062,562.8800048828125,563.7999877929688,544.2565307617188,362000,0.0,0.0
2024-01-24 00:00:00-05:00,567.7899780273438,567.7899780273438,558.0900268554688,558.4600219726562,539.1016235351562,291500,0.0,0.0
2024-01-25 00:00:00-05:00,558.6799926757812,559.5900268554688,549.3499755859375,554.77001953125,535.53955078125,508900,0.0,0.0
2024-01-26 00:00:00-05:00,557.0900268554688,559.3300170898438,544.3599853515625,549.2899780273438,530.24951171875,561600,0.0,0.0
2024-01-29 00:00:00-05:00,542.3800048828125,551.47998046875,542.3800048828125,550.9500122070312,531.85205078125,683700,0.0,0.0
2024-01-30 00:00:00-05:00,580.1400146484375,617.3900146484375,580.1400146484375,602.239990234375,581.364013671875,1307300,0.0,0.0
2024-01-31 00:00:00-05:00,600.0,612.530029296875,596.6300048828125,598.6199951171875,577.8695068359375,817800,0.0,0.0
2024-02-01 00:00:00-05:00,598.9400024414062,604.2999877929688,584.4099731445312,604.2999877929688,583.3526611328125,785900,0.0,0.0
2024-02-02 00:00:00-05:00,603.3599853515625,604.5800170898438,590.6699829101562,593.0599975585938,572.5023803710938,576900,0.0,0.0
2024-02-05 00:00:00-05:00,590.8499755859375,592.3900146484375,582.4299926757812,583.3900146484375,563.1675415039062,715400,0.0,0.0
2024-02-06 00:00:00-05:00,586.9299926757812,586.9299926757812,579.3400268554688,582.0,561.82568359375,469100,0.0,0.0
2024-02-07 00:00:00-05:00,585.0800170898438,591.489990234375,578.3499755859375,590.6300048828125,570.156494140625,475400,0.0,0.0
2024-02-08 00:00:00-05:00,586.4299926757812,588.47998046875,581.25,585.5,565.204345703125,515300,0.0,0.0
2024-02-09 00:00:00-05:00,585.3900146484375,594.239990234375,584.5,592.4199829101562,571.8843994140625,336200,0.0,0.0
2024-02-12 00:00:00-05:00,592.9299926757812,596.7999877929688,589.4199829101562,590.1900024414062,569.7318725585938,485100,0.0,0.0
2024-02-13 00:00:00-05:00,580.0,582.280029296875,570.7999877929688,575.6099853515625,555.6571655273438,403400,0.0,0.0
2024-02-14 00:00:00-05:00,580.6599731445312,580.6599731445312,568.5999755859375,572.7999877929688,552.9447021484375,443400,0.0,0.0
2024-02-15 00:00:00-05:00,573.6400146484375,578.010009765625,571.3200073242188,575.719970703125,557.320068359375,386300,1.6,0.0
2024-02-16 00:00:00-05:00,573.25,578.3800048828125,568.0700073242188,568.75,550.5728759765625,327700,0.0,0.0
2024-02-20 00:00:00-05:00,559.3800048828125,560.260009765625,551.1799926757812,556.5599975585938,538.7724609375,903800,0.0,0.0
2024-02-21 00:00:00-05:00,554.5,559.739990234375,549.5700073242188,555.6500244140625,537.8916625976562,501100,0.0,0.0
2024-02-22 00:00:00-05:00,563.7899780273438,569.510009765625,560.1199951171875,565.469970703125,547.3977661132812,482200,0.0,0.0
2024-02-23 00:00:00-05:00,568.489990234375,571.1799926757812,566.0700073242188,568.969970703125,550.7857055664062,410400,0.0,0.0
2024-02-26 00:00:00-05:00,569.25,574.1400146484375,567.6199951171875,567.9299926757812,549.779052734375,398400,0.0,0.0
2024-02-27 00:00:00-05:00,567.780029296875,567.780029296875,557.6199951171875,557.8400268554688,540.0115356445312,413500,0.0,0.0
2024-02-28 00:00:00-05:00,554.8599853515625,568.2000122070312,554.3099975585938,567.9099731445312,549.7597045898438,429700,0.0,0.0
2024-02-29 00:00:00-05:00,569.7899780273438,570.3400268554688,560.8400268554688,560.969970703125,543.0415649414062,432200,0.0,0.0
2024-03-01 00:00:00-05:00,558.52001953125,567.4400024414062,554.77001953125,565.47998046875,547.4073486328125,260600,0.0,0.0
2024-03-04 00:00:00-05:00,565.280029296875,565.8400268554688,557.7999877929688,558.3699951171875,540.524658203125,365200,0.0,0.0
2024-03-05 00:00:00-05:00,556.0,557.1500244140625,548.52001953125,550.3499755859375,532.760986328125,257500,0.0,0.0
2024-03-06 00:00:00-05:00,551.0,554.219970703125,547.2000122070312,549.530029296875,531.9671630859375,487800,0.0,0.0
2024-03-07 00:00:00-05:00,559.2000122070312,559.2000122070312,550.0,550.1699829101562,532.5867919921875,382500,0.0,0.0
2024-03-08 00:00:00-05:00,550.0,555.1799926757812,549.1500244140625,551.5,533.8743286132812,279900,0.0,0.0
2024-03-11 00:00:00-04:00,550.52001953125,564.7899780273438,548.3900146484375,564.2999877929688,546.2650756835938,413200,0.0,0.0
2024-03-12 00:00:00-04:00,567.5999755859375,578.6500244140625,561.3900146484375,565.7999877929688,547.7172241210938,366400,0.0,0.0
2024-03-13 00:00:00-04:00,566.97998046875,566.97998046875,556.72998046875,557.52001953125,539.7018432617188,341000,0.0,0.0
2024-03-14 00:00:00-04:00,559.0,559.22998046875,546.8499755859375,553.0700073242188,535.39404296875,295700,0.0,0.0
2024-03-15 00:00:00-04:00,549.5599975585938,552.1199951171875,544.0800170898438,544.739990234375,527.3302001953125,520700,0.0,0.0
2024-03-18 00:00:00-04:00,547.25,555.1900024414062,545.5399780273438,550.3900146484375,532.7996215820312,358400,0.0,0.0
2024-03-19 00:00:00-04:00,551.0,564.7999877929688,548.8200073242188,564.3300170898438,546.2941284179688,341400,0.0,0.0
2024-03-20 00:00:00-04:00,565.0499877929688,565.4299926757812,555.8200073242188,559.1400146484375,541.2700805664062,529300,0.0,0.0
2024-03-21 00:00:00-04:00,560.4199829101562,568.4600219726562,560.02001953125,563.780029296875,545.7617797851562,493400,0.0,0.0
2024-03-22 00:00:00-04:00,563.0,563.0,550.7899780273438,553.1099853515625,535.4328002929688,364300,0.0,0.0
2024-03-25 00:00:00-04:00,550.75,552.2100219726562,547.530029296875,551.3400268554688,533.7193603515625,297400,0.0,0.0
2024-03-26 00:00:00-04:00,551.9299926757812,556.0,551.0599975585938,551.6799926757812,534.0484008789062,377700,0.0,0.0
2024-03-27 00:00:00-04:00,556.6199951171875,558.22998046875,550.4199829101562,557.0,539.198486328125,313000,0.0,0.0
2024-03-28 00:00:00-04:00,558.4600219726562,563.22998046875,557.52001953125,560.4500122070312,542.5382080078125,338900,0.0,0.0
2024-04-01 00:00:00-04:00,562.3599853515625,563.6199951171875,552.25,554.8300170898438,537.0977172851562,280800,0.0,0.0
2024-04-02 00:00:00-04:00,551.6900024414062,554.72998046875,537.8300170898438,542.2899780273438,524.9585571289062,356400,0.0,0.0
2024-04-03 00:00:00-04:00,541.9400024414062,544.5599975585938,539.510009765625,540.0,522.7418212890625,313800,0.0,0.0
2024-04-04 00:00:00-04:00,543.3699951171875,547.9500122070312,531.9199829101562,533.5800170898438,516.52685546875,465300,0.0,0.0
2024-04-05 00:00:00-04:00,536.239990234375,543.5599975585938,535.3499755859375,542.3900146484375,525.0554809570312,421800,0.0,0.0
2024-04-08 00:00:00-04:00,544.4000244140625,549.989990234375,541.4000244140625,549.0599975585938,531.51220703125,302100,0.0,0.0
2024-04-09 00:00:00-04:00,554.7000122070312,555.0,549.8200073242188,554.719970703125,536.9913330078125,273600,0.0,0.0
2024-04-10 00:00:00-04:00,541.5499877929688,549.0999755859375,532.5999755859375,533.0499877929688,516.0138549804688,317400,0.0,0.0
2024-04-11 00:00:00-04:00,532.6599731445312,539.2899780273438,526.5800170898438,534.489990234375,517.4078979492188,336700,0.0,0.0
2024-04-12 00:00:00-04:00,528.510009765625,532.9000244140625,520.780029296875,526.6199951171875,509.7894592285156,434800,0.0,0.0
2024-04-15 00:00:00-04:00,533.3599853515625,534.0999755859375,510.760009765625,513.0599975585938,496.6626892089844,524900,0.0,0.0
2024-04-16 00:00:00-04:00,513.2000122070312,514.3499755859375,508.6700134277344,513.4299926757812,497.02093505859375,470900,0.0,0.0
2024-04-17 00:00:00-04:00,517.5700073242188,518.4199829101562,511.4700012207031,511.8299865722656,495.4720458984375,447700,0.0,0.0
2024-04-18 00:00:00-04:00,512.3200073242188,518.1699829101562,499.7699890136719,505.760009765625,489.5960693359375,1421600,0.0,0.0
2024-04-19 00:00:00-04:00,508.0299987792969,510.2200012207031,503.989990234375,510.07000732421875,493.76824951171875,519900,0.0,0.0
2024-04-22 00:00:00-04:00,514.280029296875,522.1300048828125,510.3900146484375,515.1699829101562,498.7052917480469,915200,0.0,0.0
2024-04-23 00:00:00-04:00,479.0,483.0799865722656,439.95001220703125,446.0,431.7459716796875,3661100,0.0,0.0
2024-04-24 00:00:00-04:00,452.5,471.0299987792969,449.0,464.6499938964844,449.7998962402344,2230400,0.0,0.0
2024-04-25 00:00:00-04:00,466.8800048828125,474.32000732421875,458.9200134277344,464.489990234375,449.6450500488281,1469600,0.0,0.0
2024-04-26 00:00:00-04:00,465.2300109863281,479.3299865722656,463.1600036621094,477.7799987792969,462.51025390625,1040900,0.0,0.0
2024-04-29 00:00:00-04:00,480.4800109863281,483.0,472.5400085449219,476.9800109863281,461.7358703613281,982500,0.0,0.0
2024-04-30 00:00:00-04:00,475.6700134277344,482.1499938964844,464.82000732421875,465.7900085449219,450.9034729003906,932600,0.0,0.0
2024-05-01 00:00:00-04:00,465.5400085449219,480.4800109863281,463.3500061035156,470.0299987792969,455.0079650878906,920100,0.0,0.0
2024-05-02 00:00:00-04:00,471.2900085449219,471.9800109863281,458.69000244140625,467.70001220703125,452.7524719238281,767800,0.0,0.0
2024-05-03 00:00:00-04:00,473.260009765625,474.8999938964844,466.3599853515625,467.0400085449219,452.1135559082031,826500,0.0,0.0
2024-05-06 00:00:00-04:00,471.95001220703125,480.260009765625,470.010009765625,475.489990234375,460.2934265136719,1084800,0.0,0.0
2024-05-07 00:00:00-04:00,479.2300109863281,479.2300109863281,471.3399963378906,471.3999938964844,456.33416748046875,852700,0.0,0.0
2024-05-08 00:00:00-04:00,470.2799987792969,474.8699951171875,468.42999267578125,470.75,455.7049255371094,811400,0.0,0.0
2024-05-09 00:00:00-04:00,472.8500061035156,484.5,472.3800048828125,482.5,467.07940673828125,760100,0.0,0.0
2024-05-10 00:00:00-04:00,483.79998779296875,487.8800048828125,482.2799987792969,485.1600036621094,469.6544494628906,544700,0.0,0.0
2024-05-13 00:00:00-04:00,488.239990234375,493.1400146484375,484.0,485.57000732421875,470.05133056640625,448400,0.0,0.0
2024-05-14 00:00:00-04:00,490.0,494.3500061035156,482.69000244140625,488.1099853515625,472.5101013183594,738900,0.0,0.0
2024-05-15 00:00:00-04:00,490.0,493.8500061035156,487.0,490.05999755859375,474.39776611328125,773500,0.0,0.0
2024-05-16 00:00:00-04:00,488.5299987792969,503.5199890136719,488.07000732421875,497.510009765625,483.187255859375,931500,1.6,0.0
2024-05-17 00:00:00-04:00,500.8800048828125,505.6600036621094,495.20001220703125,505.3299865722656,490.78216552734375,878500,0.0,0.0
2024-05-20 00:00:00-04:00,502.5400085449219,512.6199951171875,502.5400085449219,512.260009765625,497.51263427734375,569800,0.0,0.0
2024-05-21 00:00:00-04:00,511.2900085449219,515.469970703125,502.54998779296875,505.5299987792969,490.9764099121094,798400,0.0,0.0
2024-05-22 00:00:00-04:00,507.6300048828125,507.6300048828125,499.07000732421875,503.8299865722656,489.3253173828125,655300,0.0,0.0
2024-05-23 00:00:00-04:00,505.55999755859375,507.79998779296875,489.82000732421875,490.3999938964844,476.28192138671875,1178500,0.0,0.0
2024-05-24 00:00:00-04:00,492.8500061035156,495.6000061035156,487.9700012207031,493.0,478.8070983886719,482900,0.0,0.0
2024-05-28 00:00:00-04:00,493.0,496.260009765625,488.6199951171875,495.70001220703125,481.4293518066406,715000,0.0,0.0
2024-05-29 00:00:00-04:00,491.0799865722656,493.3500061035156,487.0,489.739990234375,475.6409606933594,663500,0.0,0.0
2024-05-30 00:00:00-04:00,489.0,491.3500061035156,483.4599914550781,489.5199890136719,475.4272766113281,508900,0.0,0.0
2024-05-31 00:00:00-04:00,487.8900146484375,495.6199951171875,485.3599853515625,495.17999267578125,480.9243469238281,701600,0.0,0.0
2024-06-03 00:00:00-04:00,494.2200012207031,495.8699951171875,483.9800109863281,490.5,476.37908935546875,789900,0.0,0.0
2024-06-04 00:00:00-04:00,491.1000061035156,495.32000732421875,488.9100036621094,493.19000244140625,478.9916687011719,438000,0.0,0.0
2024-06-05 00:00:00-04:00,494.2799987792969,501.5,486.8699951171875,498.30999755859375,483.9642333984375,481400,0.0,0.0
2024-06-06 00:00:00-04:00,498.0799865722656,502.8699951171875,491.760009765625,493.0899963378906,478.89447021484375,722100,0.0,0.0
2024-06-07 00:00:00-04:00,491.8999938964844,496.1600036621094,490.0,491.69000244140625,477.5348205566406,394200,0.0,0.0
2024-06-10 00:00:00-04:00,488.0899963378906,489.42999267578125,482.9100036621094,484.010009765625,470.075927734375,473000,0.0,0.0
2024-06-11 00:00:00-04:00,482.7900085449219,486.69000244140625,480.55999755859375,484.4800109863281,470.5323791503906,574200,0.0,0.0
2024-06-12 00:00:00-04:00,490.30999755859375,493.1700134277344,486.8599853515625,487.94000244140625,473.892822265625,494600,0.0,0.0
2024-06-13 00:00:00-04:00,486.2200012207031,488.0799865722656,482.4200134277344,484.2799987792969,470.33819580078125,483000,0.0,0.0
2024-06-14 00:00:00-04:00,478.989990234375,482.94000244140625,476.5400085449219,480.5299987792969,466.6960754394531,534000,0.0,0.0
2024-06-17 00:00:00-04:00,479.1600036621094,487.6099853515625,477.30999755859375,484.7799987792969,470.82379150390625,492000,0.0,0.0
2024-06-18 00:00:00-04:00,484.44000244140625,487.07000732421875,475.32000732421875,476.5199890136719,462.8016052246094,732700,0.0,0.0
2024-06-20 00:00:00-04:00,478.8800048828125,484.989990234375,478.1199951171875,482.7900085449219,468.89105224609375,669900,0.0,0.0
2024-06-21 00:00:00-04:00,481.3800048828125,486.6000061035156,480.3599853515625,486.32000732421875,472.3194580078125,702200,0.0,0.0
2024-06-24 00:00:00-04:00,486.1499938964844,492.75,483.6600036621094,489.1600036621094,475.0776672363281,383100,0.0,0.0
2024-06-25 00:00:00-04:00,489.9599914550781,490.17999267578125,484.7900085449219,488.7900085449219,474.71832275390625,387700,0.0,0.0
2024-06-26 00:00:00-04:00,484.739990234375,488.3500061035156,482.05999755859375,486.9100036621094,472.8924560546875,294900,0.0,0.0
2024-06-27 00:00:00-04:00,486.8299865722656,491.9599914550781,485.6400146484375,486.80999755859375,472.7953186035156,362200,0.0,0.0
2024-06-28 00:00:00-04:00,487.70001220703125,491.1300048828125,479.3699951171875,481.75,467.8809509277344,829900,0.0,0.0
2024-07-01 00:00:00-04:00,481.7799987792969,484.6600036621094,478.3299865722656,479.30999755859375,465.51123046875,477500,0.0,0.0
2024-07-02 00:00:00-04:00,479.5899963378906,491.42999267578125,478.8299865722656,491.4200134277344,477.2726135253906,428700,0.0,0.0
2024-07-03 00:00:00-04:00,494.1600036621094,499.67999267578125,491.010009765625,491.010009765625,476.8744201660156,351700,0.0,0.0
2024-07-05 00:00:00-04:00,491.19000244140625,495.260009765625,488.44000244140625,495.239990234375,480.9825744628906,384900,0.0,0.0
2024-07-08 00:00:00-04:00,495.1300048828125,498.2300109863281,491.19000244140625,492.260009765625,478.0884094238281,363000,0.0,0.0
2024-07-09 00:00:00-04:00,491.9100036621094,495.6000061035156,488.7200012207031,489.07000732421875,474.9902648925781,465500,0.0,0.0
2024-07-10 00:00:00-04:00,489.75,491.7900085449219,487.42999267578125,489.0,474.9222106933594,596600,0.0,0.0
2024-07-11 00:00:00-04:00,488.9800109863281,497.7200012207031,487.6400146484375,493.6499938964844,479.4383544921875,707900,0.0,0.0
2024-07-12 00:00:00-04:00,495.8500061035156,505.4100036621094,494.0,502.0,487.54803466796875,664400,0.0,0.0
2024-07-15 00:00:00-04:00,500.3599853515625,503.3599853515625,498.760009765625,501.5,487.0624084472656,524400,0.0,0.0
2024-07-16 00:00:00-04:00,504.1600036621094,510.3299865722656,503.4200134277344,508.0,493.3752746582031,544200,0.0,0.0
2024-07-17 00:00:00-04:00,506.739990234375,510.07000732421875,503.4599914550781,504.0,489.4904479980469,403200,0.0,0.0
2024-07-18 00:00:00-04:00,500.9200134277344,504.489990234375,496.4200134277344,498.54998779296875,484.1972961425781,410800,0.0,0.0
2024-07-19 00:00:00-04:00,499.0,499.82000732421875,493.5799865722656,495.8900146484375,481.6138916015625,612300,0.0,0.0
2024-07-22 00:00:00-04:00,499.94000244140625,506.8399963378906,495.7799987792969,506.0199890136719,491.4522705078125,1172200,0.0,0.0
2024-07-23 00:00:00-04:00,549.989990234375,571.02001953125,537.5900268554688,546.010009765625,530.2909545898438,1362700,0.0,0.0
2024-07-24 00:00:00-04:00,544.8699951171875,544.8699951171875,532.4600219726562,534.2000122070312,518.821044921875,692500,0.0,0.0
2024-07-25 00:00:00-04:00,535.2899780273438,545.5399780273438,529.6099853515625,538.2100219726562,522.715576171875,586400,0.0,0.0
2024-07-26 00:00:00-04:00,539.0,545.3699951171875,532.239990234375,540.5499877929688,524.9882202148438,439600,0.0,0.0
2024-07-29 00:00:00-04:00,540.5800170898438,542.77001953125,536.1699829101562,542.6300048828125,527.00830078125,352000,0.0,0.0
2024-07-30 00:00:00-04:00,545.2000122070312,547.6699829101562,540.0,546.260009765625,530.533935546875,383800,0.0,0.0
2024-07-31 00:00:00-04:00,548.4299926757812,549.719970703125,538.5499877929688,540.760009765625,525.1921997070312,407900,0.0,0.0
2024-08-01 00:00:00-04:00,542.1199951171875,555.3300170898438,542.1199951171875,547.9000244140625,532.126708984375,599400,0.0,0.0
2024-08-02 00:00:00-04:00,543.2000122070312,545.8400268554688,530.4199829101562,539.8499755859375,524.3082885742188,634800,0.0,0.0
2024-08-05 00:00:00-04:00,530.0,531.469970703125,517.280029296875,517.4299926757812,502.5337829589844,581900,0.0,0.0
2024-08-06 00:00:00-04:00,520.2000122070312,532.2100219726562,520.2000122070312,526.1099853515625,510.9639587402344,465400,0.0,0.0
2024-08-07 00:00:00-04:00,530.5700073242188,537.97998046875,523.5700073242188,524.3900146484375,509.29351806640625,336500,0.0,0.0
2024-08-08 00:00:00-04:00,527.2000122070312,534.4299926757812,524.4099731445312,530.739990234375,515.460693359375,288100,0.0,0.0
2024-08-09 00:00:00-04:00,531.4199829101562,537.1799926757812,530.8800048828125,533.8300170898438,518.4617309570312,250100,0.0,0.0
2024-08-12 00:00:00-04:00,532.6900024414062,535.8400268554688,529.969970703125,532.4099731445312,517.0824584960938,536200,0.0,0.0
2024-08-13 00:00:00-04:00,534.760009765625,548.3800048828125,534.6599731445312,546.4500122070312,530.7183837890625,385000,0.0,0.0
2024-08-14 00:00:00-04:00,546.2899780273438,558.8599853515625,545.3800048828125,554.3300170898438,538.3714599609375,867800,0.0,0.0
2024-08-15 00:00:00-04:00,555.3499755859375,566.2899780273438,553.780029296875,563.1400146484375,546.9278564453125,841200,0.0,0.0
2024-08-16 00:00:00-04:00,560.8499755859375,565.02001953125,556.5399780273438,561.6599731445312,547.0447387695312,365200,1.6,0.0
2024-08-19 00:00:00-04:00,562.4000244140625,565.0599975585938,557.8599853515625,560.530029296875,545.944091796875,390400,0.0,0.0
2024-08-20 00:00:00-04:00,561.9600219726562,571.5999755859375,557.7000122070312,563.0,548.349853515625,359100,0.0,0.0
2024-08-21 00:00:00-04:00,561.8900146484375,563.5399780273438,556.5999755859375,561.6400146484375,547.0253295898438,477100,0.0,0.0
2024-08-22 00:00:00-04:00,562.3900146484375,566.77001953125,562.3900146484375,564.72998046875,550.0348510742188,373000,0.0,0.0
2024-08-23 00:00:00-04:00,567.219970703125,573.2899780273438,566.0900268554688,571.1900024414062,556.3267822265625,380700,0.0,0.0
2024-08-26 00:00:00-04:00,574.2899780273438,579.2899780273438,572.239990234375,575.6300048828125,560.6512451171875,382400,0.0,0.0
2024-08-27 00:00:00-04:00,575.4299926757812,585.75,572.4299926757812,584.9099731445312,569.6897583007812,477500,0.0,0.0
2024-08-28 00:00:00-04:00,583.239990234375,585.9299926757812,573.9600219726562,580.1500244140625,565.0535888671875,510900,0.0,0.0
2024-08-29 00:00:00-04:00,581.0900268554688,588.6699829101562,578.1199951171875,582.0900268554688,566.9431762695312,391400,0.0,0.0
2024-08-30 00:00:00-04:00,582.719970703125,585.1599731445312,573.219970703125,580.5900268554688,565.4822387695312,325400,0.0,0.0
2024-09-03 00:00:00-04:00,581.530029296875,583.4000244140625,570.260009765625,573.469970703125,558.5474243164062,343400,0.0,0.0
2024-09-04 00:00:00-04:00,573.5,578.1300048828125,568.3900146484375,572.9400024414062,558.03125,304400,0.0,0.0
2024-09-05 00:00:00-04:00,574.4400024414062,574.4400024414062,561.8800048828125,570.6599731445312,555.8104858398438,362400,0.0,0.0
2024-09-06 00:00:00-04:00,567.219970703125,572.4199829101562,557.7999877929688,559.8499755859375,545.28173828125,429700,0.0,0.0
2024-09-09 00:00:00-04:00,565.2899780273438,567.5399780273438,557.1300048828125,558.3400268554688,543.8110961914062,524700,0.0,0.0
2024-09-10 00:00:00-04:00,560.1500244140625,565.27001953125,555.280029296875,562.3499755859375,547.7167358398438,405000,0.0,0.0
2024-09-11 00:00:00-04:00,560.8300170898438,563.8699951171875,549.0399780273438,562.0,547.3757934570312,423200,0.0,0.0
2024-09-12 00:00:00-04:00,560.02001953125,562.0800170898438,554.9500122070312,559.75,545.1844482421875,386300,0.0,0.0
2024-09-13 00:00:00-04:00,562.2899780273438,565.8400268554688,560.0,561.9299926757812,547.3076782226562,390500,0.0,0.0
2024-09-16 00:00:00-04:00,565.8400268554688,570.7000122070312,564.7899780273438,566.6599731445312,551.9146728515625,407900,0.0,0.0
2024-09-17 00:00:00-04:00,567.5900268554688,569.3499755859375,555.75,556.3800048828125,541.902099609375,495000,0.0,0.0
2024-09-18 00:00:00-04:00,553.9500122070312,558.97998046875,550.969970703125,551.5700073242188,537.2173461914062,466900,0.0,0.0
2024-09-19 00:00:00-04:00,559.7899780273438,560.6699829101562,551.75,555.3099975585938,540.8599243164062,449500,0.0,0.0
2024-09-20 00:00:00-04:00,550.719970703125,551.530029296875,546.6500244140625,551.4099731445312,537.0614624023438,811600,0.0,0.0
2024-09-23 00:00:00-04:00,552.4600219726562,560.9600219726562,551.5,560.1599731445312,545.583740234375,295600,0.0,0.0
2024-09-24 00:00:00-04:00,561.4500122070312,561.9099731445312,553.489990234375,560.75,546.158447265625,423800,0.0,0.0
2024-09-25 00:00:00-04:00,562.6500244140625,563.8599853515625,559.6500244140625,562.3699951171875,547.7362670898438,383200,0.0,0.0
2024-09-26 00:00:00-04:00,565.97998046875,570.6400146484375,565.5,567.27001953125,552.5088500976562,404200,0.0,0.0
2024-09-27 00:00:00-04:00,569.6300048828125,577.8900146484375,569.6300048828125,576.1500244140625,561.1577758789062,560500,0.0,0.0
2024-09-30 00:00:00-04:00,576.0599975585938,583.9500122070312,573.2100219726562,582.9299926757812,567.7612915039062,339600,0.0,0.0
2024-10-01 00:00:00-04:00,583.5,583.5,568.97998046875,575.75,560.7681274414062,365700,0.0,0.0
2024-10-02 00:00:00-04:00,579.72998046875,590.77001953125,579.3499755859375,590.3699951171875,575.0076904296875,401500,0.0,0.0
2024-10-03 00:00:00-04:00,586.9500122070312,590.4000244140625,583.5800170898438,588.3099975585938,573.0012817382812,542600,0.0,0.0
2024-10-04 00:00:00-04:00,592.0,596.719970703125,583.8400268554688,589.719970703125,574.37451171875,436100,0.0,0.0
2024-10-07 00:00:00-04:00,586.7000122070312,588.489990234375,582.8599853515625,584.489990234375,569.28076171875,355300,0.0,0.0
2024-10-08 00:00:00-04:00,590.4299926757812,599.25,585.2100219726562,596.8300170898438,581.2996826171875,411500,0.0,0.0
2024-10-09 00:00:00-04:00,601.5800170898438,611.1900024414062,597.5599975585938,604.4299926757812,588.7017822265625,404700,0.0,0.0
2024-10-10 00:00:00-04:00,604.760009765625,606.25,598.5900268554688,599.4299926757812,583.8319091796875,246300,0.0,0.0
2024-10-11 00:00:00-04:00,600.1099853515625,605.9000244140625,600.030029296875,605.5900268554688,589.8316040039062,256500,0.0,0.0
2024-10-14 00:00:00-04:00,606.010009765625,609.9500122070312,604.6400146484375,607.3599853515625,591.5556030273438,278700,0.0,0.0
2024-10-15 00:00:00-04:00,614.0,617.1799926757812,610.9299926757812,613.2999877929688,597.3410034179688,333500,0.0,0.0
2024-10-16 00:00:00-04:00,611.47998046875,614.9600219726562,602.9500122070312,607.510009765625,591.70166015625,274200,0.0,0.0
2024-10-17 00:00:00-04:00,611.280029296875,613.989990234375,605.780029296875,605.8099975585938,590.0459594726562,232300,0.0,0.0
2024-10-18 00:00:00-04:00,606.4400024414062,610.8099975585938,603.6900024414062,608.02001953125,592.1984252929688,267800,0.0,0.0
2024-10-21 00:00:00-04:00,602.75,607.7100219726562,598.8099975585938,603.8099975585938,588.0979614257812,344000,0.0,0.0
2024-10-22 00:00:00-04:00,600.0,605.27001953125,597.72998046875,604.0800170898438,588.3609619140625,253700,0.0,0.0
2024-10-23 00:00:00-04:00,603.0,605.0,592.6400146484375,596.3800048828125,580.861328125,281200,0.0,0.0
2024-10-24 00:00:00-04:00,593.77001953125,596.030029296875,585.5399780273438,590.25,574.8908081054688,365400,0.0,0.0
2024-10-25 00:00:00-04:00,594.030029296875,595.8599853515625,585.3300170898438,588.719970703125,573.400634765625,391600,0.0,0.0
2024-10-28 00:00:00-04:00,593.0700073242188,596.5800170898438,590.4000244140625,595.27001953125,579.7802124023438,490700,0.0,0.0
2024-10-29 00:00:00-04:00,609.4000244140625,631.7000122070312,573.3699951171875,578.9299926757812,563.8652954101562,1462500,0.0,0.0
2024-10-30 00:00:00-04:00,582.010009765625,588.469970703125,565.8200073242188,569.0900268554688,554.2814331054688,747100,0.0,0.0
2024-10-31 00:00:00-04:00,570.2999877929688,577.4500122070312,569.0,571.2000122070312,556.33642578125,545300,0.0,0.0
2024-11-01 00:00:00-04:00,570.6500244140625,578.9299926757812,570.1900024414062,577.9500122070312,562.9109497070312,369300,0.0,0.0
2024-11-04 00:00:00-05:00,577.5,590.4600219726562,575.3099975585938,589.3400268554688,574.0045166015625,387000,0.0,0.0
2024-11-05 00:00:00-05:00,590.4199829101562,596.6099853515625,585.0999755859375,588.3200073242188,573.0110473632812,537800,0.0,0.0
2024-11-06 00:00:00-05:00,593.0700073242188,595.0,559.6300048828125,574.8200073242188,559.8622436523438,1254600,0.0,0.0
2024-11-07 00:00:00-05:00,579.239990234375,579.6300048828125,572.02001953125,575.6599731445312,560.6805419921875,658200,0.0,0.0
2024-11-08 00:00:00-05:00,577.469970703125,596.7100219726562,575.6300048828125,594.0,578.5432739257812,781500,0.0,0.0
2024-11-11 00:00:00-05:00,594.5900268554688,602.9000244140625,594.3200073242188,597.25,581.7086181640625,441600,0.0,0.0
2024-11-12 00:00:00-05:00,595.9099731445312,606.010009765625,594.1500244140625,602.6400146484375,586.9583740234375,404400,0.0,0.0
2024-11-13 00:00:00-05:00,605.0700073242188,621.4600219726562,604.4199829101562,610.530029296875,594.6431274414062,583500,0.0,0.0
2024-11-14 00:00:00-05:00,608.4099731445312,616.969970703125,605.0399780273438,606.1400146484375,590.3673095703125,354400,0.0,0.0
2024-11-15 00:00:00-05:00,599.4400024414062,603.72998046875,593.3499755859375,593.8599853515625,579.937744140625,525000,1.6,0.0
2024-11-18 00:00:00-05:00,592.3599853515625,595.219970703125,590.1400146484375,593.1199951171875,579.2149658203125,653300,0.0,0.0
2024-11-19 00:00:00-05:00,591.5599975585938,602.0399780273438,590.0,597.1300048828125,583.1310424804688,457200,0.0,0.0
2024-11-20 00:00:00-05:00,600.9299926757812,603.3200073242188,576.8800048828125,582.0,568.3557739257812,888900,0.0,0.0
2024-11-21 00:00:00-05:00,587.989990234375,587.989990234375,580.02001953125,581.3400268554688,567.7112426757812,685600,0.0,0.0
2024-11-22 00:00:00-05:00,579.22998046875,590.6099853515625,578.8800048828125,589.5700073242188,575.7483520507812,437000,0.0,0.0
2024-11-25 00:00:00-05:00,592.75,596.5499877929688,589.5900268554688,592.72998046875,578.8341064453125,575600,0.0,0.0
2024-11-26 00:00:00-05:00,593.6900024414062,603.0700073242188,592.4600219726562,601.9600219726562,587.847900390625,362300,0.0,0.0
2024-11-27 00:00:00-05:00,604.2000122070312,607.4099731445312,601.1799926757812,604.9600219726562,590.777587890625,345500,0.0,0.0
2024-11-29 00:00:00-05:00,605.1699829101562,611.0800170898438,605.1699829101562,609.6300048828125,595.3380126953125,204400,0.0,0.0
2024-12-02 00:00:00-05:00,608.010009765625,610.0599975585938,601.760009765625,608.969970703125,594.6934204101562,347300,0.0,0.0
2024-12-03 00:00:00-05:00,608.5800170898438,613.6400146484375,607.1699829101562,608.0999755859375,593.8439331054688,307900,0.0,0.0
2024-12-04 00:00:00-05:00,605.8200073242188,617.47998046875,605.8200073242188,615.9299926757812,601.4902954101562,371900,0.0,0.0
2024-12-05 00:00:00-05:00,610.260009765625,616.3900146484375,608.719970703125,609.9099731445312,595.6113891601562,402000,0.0,0.0
2024-12-06 00:00:00-05:00,609.1699829101562,619.75,609.1699829101562,617.1799926757812,602.7109985351562,484400,0.0,0.0
2024-12-09 00:00:00-05:00,618.5399780273438,620.97998046875,612.22998046875,618.5,604.0000610351562,323900,0.0,0.0
2024-12-10 00:00:00-05:00,617.9000244140625,635.739990234375,617.3300170898438,629.010009765625,614.263671875,483900,0.0,0.0
2024-12-11 00:00:00-05:00,631.510009765625,638.760009765625,629.030029296875,629.6099853515625,614.8494873046875,455000,0.0,0.0
2024-12-12 00:00:00-05:00,638.9400024414062,642.4500122070312,634.0599975585938,635.989990234375,621.0800170898438,430300,0.0,0.0
2024-12-13 00:00:00-05:00,635.0,636.219970703125,620.3200073242188,625.0999755859375,610.4453735351562,380500,0.0,0.0
2024-12-16 00:00:00-05:00,625.0399780273438,627.2899780273438,617.030029296875,618.3800048828125,603.8828125,506500,0.0,0.0
2024-12-17 00:00:00-05:00,617.6699829101562,619.4400024414062,610.3900146484375,611.5,597.1641235351562,555000,0.0,0.0
2024-12-18 00:00:00-05:00,619.0599975585938,620.2999877929688,597.2999877929688,597.9000244140625,583.8829956054688,715200,0.0,0.0
2024-12-19 00:00:00-05:00,596.1900024414062,606.2000122070312,593.260009765625,600.5800170898438,586.5001220703125,508400,0.0,0.0
2024-12-20 00:00:00-05:00,597.47998046875,606.739990234375,596.1599731445312,604.7999877929688,590.6212158203125,828400,0.0,0.0
2024-12-23 00:00:00-05:00,601.6699829101562,607.0999755859375,598.9600219726562,605.4199829101562,591.2266845703125,302900,0.0,0.0
2024-12-24 00:00:00-05:00,607.3099975585938,607.9099731445312,602.989990234375,607.9099731445312,593.6582641601562,157400,0.0,0.0
2024-12-26 00:00:00-05:00,604.8599853515625,613.5599975585938,604.8599853515625,610.969970703125,596.646484375,221100,0.0,0.0
2024-12-27 00:00:00-05:00,607.0,611.9299926757812,603.3300170898438,609.5900268554688,595.2990112304688,245400,0.0,0.0
2024-12-30 00:00:00-05:00,602.0700073242188,602.260009765625,595.0700073242188,599.6500244140625,585.5919799804688,358300,0.0,0.0
2024-12-31 00:00:00-05:00,601.22998046875,606.22998046875,598.1300048828125,600.010009765625,585.9434814453125,223800,0.0,0.0
2025-01-02 00:00:00-05:00,601.5,603.760009765625,595.0900268554688,597.1300048828125,583.1310424804688,390300,0.0,0.0
2025-01-03 00:00:00-05:00,597.8800048828125,602.9400024414062,595.9400024414062,601.47998046875,587.3790283203125,243800,0.0,0.0
2025-01-06 00:00:00-05:00,601.47998046875,604.9299926757812,596.5399780273438,596.6599731445312,582.6719970703125,359400,0.0,0.0
2025-01-07 00:00:00-05:00,594.510009765625,597.7000122070312,588.0499877929688,591.3300170898438,577.467041015625,445400,0.0,0.0
2025-01-08 00:00:00-05:00,588.0499877929688,602.2999877929688,586.1099853515625,602.22998046875,588.1114501953125,417300,0.0,0.0
2025-01-10 00:00:00-05:00,589.530029296875,595.0,573.7000122070312,575.72998046875,562.2327270507812,448000,0.0,0.0
2025-01-13 00:00:00-05:00,574.0,581.6699829101562,570.25,580.52001953125,566.9105224609375,410400,0.0,0.0
2025-01-14 00:00:00-05:00,582.6699829101562,587.469970703125,579.4600219726562,585.7999877929688,572.0665893554688,446900,0.0,0.0
2025-01-15 00:00:00-05:00,596.6699829101562,602.7100219726562,593.3200073242188,601.0,586.9103393554688,504100,0.0,0.0
2025-01-16 00:00:00-05:00,603.4400024414062,610.8900146484375,598.739990234375,609.969970703125,595.6699829101562,425400,0.0,0.0
2025-01-17 00:00:00-05:00,612.760009765625,617.1900024414062,609.02001953125,612.02001953125,597.6719360351562,311700,0.0,0.0
2025-01-21 00:00:00-05:00,604.9600219726562,618.6099853515625,604.9600219726562,617.3800048828125,602.9061889648438,676000,0.0,0.0
2025-01-22 00:00:00-05:00,615.9400024414062,618.760009765625,611.2899780273438,613.0,598.6290283203125,406700,0.0,0.0
2025-01-23 00:00:00-05:00,615.3699951171875,616.0,609.77001953125,615.9600219726562,601.5196533203125,574300,0.0,0.0
2025-01-24 00:00:00-05:00,613.3800048828125,622.969970703125,612.2000122070312,620.719970703125,606.1680297851562,369300,0.0,0.0
2025-01-27 00:00:00-05:00,615.969970703125,625.4400024414062,613.0700073242188,623.72998046875,609.107421875,400400,0.0,0.0
2025-01-28 00:00:00-05:00,622.5399780273438,634.989990234375,619.3300170898438,628.3400268554688,613.609375,514500,0.0,0.0
2025-01-29 00:00:00-05:00,595.9500122070312,618.1900024414062,572.27001953125,593.0499877929688,579.1466674804688,1061400,0.0,0.0
2025-01-30 00:00:00-05:00,593.5,603.75,585.0599975585938,590.72998046875,576.881103515625,503100,0.0,0.0
2025-01-31 00:00:00-05:00,590.8499755859375,597.0900268554688,586.0399780273438,596.77001953125,582.779541015625,735900,0.0,0.0
2025-02-03 00:00:00-05:00,587.1900024414062,592.9500122070312,581.3800048828125,582.4299926757812,568.7756958007812,604500,0.0,0.0
2025-02-04 00:00:00-05:00,580.2000122070312,589.469970703125,578.7999877929688,584.469970703125,570.7678833007812,855700,0.0,0.0
2025-02-05 00:00:00-05:00,586.1699829101562,588.1799926757812,575.2100219726562,582.1199951171875,568.472900390625,825600,0.0,0.0
2025-02-06 00:00:00-05:00,587.0800170898438,587.75,579.47998046875,587.47998046875,573.707275390625,570200,0.0,0.0
2025-02-07 00:00:00-05:00,587.4199829101562,588.0599975585938,577.52001953125,579.3900146484375,565.806884765625,549500,0.0,0.0
2025-02-10 00:00:00-05:00,582.0499877929688,583.8300170898438,575.5900268554688,583.47998046875,569.801025390625,547400,0.0,0.0
2025-02-11 00:00:00-05:00,574.489990234375,582.219970703125,569.1500244140625,577.3099975585938,563.7756958007812,728900,0.0,0.0
2025-02-12 00:00:00-05:00,572.239990234375,573.4299926757812,567.0499877929688,572.530029296875,559.1077270507812,634500,0.0,0.0
2025-02-13 00:00:00-05:00,575.1300048828125,576.27001953125,568.2999877929688,572.2999877929688,558.8831787109375,784500,0.0,0.0
2025-02-14 00:00:00-05:00,573.8599853515625,578.8699951171875,571.4400024414062,572.6300048828125,560.9697265625,453900,1.8,0.0
2025-02-18 00:00:00-05:00,572.6599731445312,575.6900024414062,561.7100219726562,572.6900024414062,561.0285034179688,748200,0.0,0.0
2025-02-19 00:00:00-05:00,571.0900268554688,576.3300170898438,567.4000244140625,574.72998046875,563.0269165039062,609000,0.0,0.0
2025-02-20 00:00:00-05:00,574.0999755859375,575.5,568.02001953125,574.3499755859375,562.6547241210938,737000,0.0,0.0
2025-02-21 00:00:00-05:00,573.1900024414062,579.52001953125,571.3400268554688,578.3400268554688,566.5634765625,565200,0.0,0.0
2025-02-24 00:00:00-05:00,578.3099975585938,582.9400024414062,568.8800048828125,573.5499877929688,561.8709716796875,627000,0.0,0.0
2025-02-25 00:00:00-05:00,580.530029296875,586.5399780273438,578.6400146484375,584.5399780273438,572.6373291015625,723400,0.0,0.0
2025-02-26 00:00:00-05:00,583.4099731445312,587.0,577.8800048828125,579.4400024414062,567.6410522460938,397200,0.0,0.0
2025-02-27 00:00:00-05:00,579.5999755859375,589.0,579.5999755859375,581.27001953125,569.4338989257812,456200,0.0,0.0
2025-02-28 00:00:00-05:00,585.2899780273438,590.510009765625,580.6500244140625,590.510009765625,578.4857177734375,570700,0.0,0.0
2025-03-03 00:00:00-05:00,590.510009765625,598.7100219726562,585.9500122070312,588.760009765625,576.7713012695312,507500,0.0,0.0
2025-03-04 00:00:00-05:00,586.5900268554688,586.5900268554688,560.6599731445312,567.6199951171875,556.061767578125,674800,0.0,0.0
2025-03-05 00:00:00-05:00,567.8499755859375,574.5599975585938,561.5900268554688,572.989990234375,561.3224487304688,614800,0.0,0.0
2025-03-06 00:00:00-05:00,566.0700073242188,573.5900268554688,561.72998046875,566.280029296875,554.7490844726562,649000,0.0,0.0
2025-03-07 00:00:00-05:00,565.3200073242188,566.9199829101562,553.3499755859375,561.8900146484375,550.448486328125,710400,0.0,0.0
2025-03-10 00:00:00-04:00,555.0,556.5,539.510009765625,545.3400268554688,534.2355346679688,819700,0.0,0.0
2025-03-11 00:00:00-04:00,543.2000122070312,549.22998046875,535.9199829101562,541.719970703125,530.6890258789062,846600,0.0,0.0
2025-03-12 00:00:00-04:00,545.2100219726562,549.1699829101562,538.5,545.0700073242188,533.9710083007812,662900,0.0,0.0
2025-03-13 00:00:00-04:00,544.02001953125,547.3200073242188,537.1300048828125,541.4600219726562,530.4345703125,650800,0.0,0.0
2025-03-14 00:00:00-04:00,547.1199951171875,556.6900024414062,544.4199829101562,554.7100219726562,543.4146118164062,405800,0.0,0.0
2025-03-17 00:00:00-04:00,552.7000122070312,569.0900268554688,552.0999755859375,565.969970703125,554.4453735351562,343100,0.0,0.0
2025-03-18 00:00:00-04:00,566.469970703125,571.510009765625,564.8400268554688,568.7000122070312,557.1198120117188,555200,0.0,0.0
2025-03-19 00:00:00-04:00,567.8499755859375,573.6799926757812,562.0800170898438,570.4099731445312,558.7949829101562,522000,0.0,0.0
2025-03-20 00:00:00-04:00,565.3300170898438,571.9400024414062,562.52001953125,565.989990234375,554.4649047851562,580600,0.0,0.0
2025-03-21 00:00:00-04:00,561.969970703125,563.72998046875,554.75,562.5599975585938,551.1048583984375,822800,0.0,0.0
2025-03-24 00:00:00-04:00,569.8599853515625,574.0399780273438,565.2000122070312,566.7899780273438,555.2486572265625,476900,0.0,0.0
2025-03-25 00:00:00-04:00,569.0599975585938,576.5399780273438,564.2000122070312,574.6099853515625,562.9094848632812,409800,0.0,0.0
2025-03-26 00:00:00-04:00,574.72998046875,578.9299926757812,565.5499877929688,569.469970703125,557.8741455078125,455100,0.0,0.0
2025-03-27 00:00:00-04:00,570.239990234375,571.0,563.8800048828125,565.77001953125,554.2494506835938,453900,0.0,0.0
2025-03-28 00:00:00-04:00,566.0599975585938,569.5700073242188,555.0700073242188,558.469970703125,547.09814453125,390000,0.0,0.0
2025-03-31 00:00:00-04:00,554.0900268554688,567.280029296875,550.0499877929688,565.5,553.9849243164062,569400,0.0,0.0
2025-04-01 00:00:00-04:00,564.1799926757812,570.4000244140625,560.7100219726562,567.2999877929688,555.748291015625,550100,0.0,0.0
2025-04-02 00:00:00-04:00,561.969970703125,576.719970703125,561.2899780273438,575.9600219726562,564.2320556640625,481900,0.0,0.0
2025-04-03 00:00:00-04:00,561.5800170898438,564.2100219726562,543.6699829101562,544.1799926757812,533.0990600585938,631700,0.0,0.0
2025-04-04 00:00:00-04:00,533.0900268554688,533.260009765625,507.1400146484375,507.44000244140625,497.10723876953125,1194700,0.0,0.0
2025-04-07 00:00:00-04:00,497.2799987792969,521.3499755859375,486.739990234375,506.55999755859375,496.2451477050781,1092200,0.0,0.0
2025-04-08 00:00:00-04:00,523.4000244140625,531.6599731445312,496.8500061035156,506.9700012207031,496.64678955078125,852900,0.0,0.0
2025-04-09 00:00:00-04:00,500.0,550.9199829101562,495.2799987792969,549.3300170898438,538.1442260742188,935700,0.0,0.0
2025-04-10 00:00:00-04:00,537.489990234375,538.3099975585938,509.8299865722656,527.77001953125,517.0232543945312,525800,0.0,0.0
2025-04-11 00:00:00-04:00,524.02001953125,546.0399780273438,521.6599731445312,541.7000122070312,530.6695556640625,464600,0.0,0.0
2025-04-14 00:00:00-04:00,551.3499755859375,557.8900146484375,547.739990234375,551.25,540.0252075195312,484200,0.0,0.0
2025-04-15 00:00:00-04:00,553.9099731445312,562.02001953125,552.3099975585938,556.5700073242188,545.2367553710938,362000,0.0,0.0
2025-04-16 00:00:00-04:00,551.27001953125,556.1599731445312,538.75,542.5599975585938,531.5120849609375,418500,0.0,0.0
2025-04-17 00:00:00-04:00,547.530029296875,555.0399780273438,543.0,546.8900146484375,535.75390625,508600,0.0,0.0
2025-04-21 00:00:00-04:00,539.27001953125,542.6799926757812,525.77001953125,533.47998046875,522.6170043945312,917300,0.0,0.0
2025-04-22 00:00:00-04:00,521.6500244140625,540.6099853515625,516.2899780273438,538.47998046875,527.51513671875,818200,0.0,0.0
2025-04-23 00:00:00-04:00,548.2100219726562,559.989990234375,531.7899780273438,533.4099731445312,522.5484008789062,940900,0.0,0.0
2025-04-24 00:00:00-04:00,535.9099731445312,538.4299926757812,529.0,530.5999755859375,519.7955932617188,689700,0.0,0.0
2025-04-25 00:00:00-04:00,532.969970703125,537.75,528.6699829101562,535.3599853515625,524.458740234375,504500,0.0,0.0
2025-04-28 00:00:00-04:00,534.6799926757812,539.2000122070312,529.4299926757812,534.9500122070312,524.0570678710938,433200,0.0,0.0
2025-04-29 00:00:00-04:00,536.530029296875,542.9000244140625,531.4099731445312,540.4600219726562,529.4548950195312,350500,0.0,0.0
2025-04-30 00:00:00-04:00,536.989990234375,546.530029296875,531.27001953125,545.1099853515625,534.0101928710938,600800,0.0,0.0
2025-05-01 00:00:00-04:00,543.0,552.2899780273438,539.6699829101562,546.0700073242188,534.9505615234375,430400,0.0,0.0
2025-05-02 00:00:00-04:00,554.5,558.719970703125,550.6500244140625,555.8200073242188,544.5021362304688,389900,0.0,0.0
2025-05-05 00:00:00-04:00,552.3699951171875,557.8599853515625,549.489990234375,550.4099731445312,539.2022705078125,328400,0.0,0.0
2025-05-06 00:00:00-04:00,545.5700073242188,550.9099731445312,542.3900146484375,545.1699829101562,534.0689697265625,438300,0.0,0.0
2025-05-07 00:00:00-04:00,545.5900268554688,554.3099975585938,545.5900268554688,552.6699829101562,541.4161987304688,339800,0.0,0.0
2025-05-08 00:00:00-04:00,554.2899780273438,563.1699829101562,552.9199829101562,557.97998046875,546.6181030273438,526100,0.0,0.0
2025-05-09 00:00:00-04:00,559.260009765625,561.1300048828125,554.719970703125,556.5599975585938,545.22705078125,379900,0.0,0.0
2025-05-12 00:00:00-04:00,569.6199951171875,569.969970703125,558.4099731445312,568.969970703125,557.3843383789062,431600,0.0,0.0
2025-05-13 00:00:00-04:00,569.1300048828125,574.5399780273438,562.2899780273438,563.8699951171875,552.3881225585938,512800,0.0,0.0
2025-05-14 00:00:00-04:00,564.6699829101562,567.739990234375,561.5700073242188,566.5800170898438,555.0430297851562,445200,0.0,0.0
2025-05-15 00:00:00-04:00,565.6799926757812,576.77001953125,565.6799926757812,575.4099731445312,563.6931762695312,608300,0.0,0.0
2025-05-16 00:00:00-04:00,574.7100219726562,578.4299926757812,567.8200073242188,572.219970703125,562.3271484375,786900,1.8,0.0
2025-05-19 00:00:00-04:00,568.0599975585938,575.0499877929688,567.7899780273438,572.6500244140625,562.749755859375,284000,0.0,0.0
2025-05-20 00:00:00-04:00,569.2899780273438,574.1799926757812,567.2899780273438,571.2100219726562,561.334716796875,508000,0.0,0.0
2025-05-21 00:00:00-04:00,567.9099731445312,570.6799926757812,559.4600219726562,560.0999755859375,550.416748046875,509400,0.0,0.0
2025-05-22 00:00:00-04:00,559.52001953125,566.7999877929688,556.4400024414062,563.8800048828125,554.1314086914062,435600,0.0,0.0
2025-05-23 00:00:00-04:00,558.1199951171875,562.2000122070312,556.6599731445312,558.6699829101562,549.0113525390625,226500,0.0,0.0
2025-05-27 00:00:00-04:00,563.760009765625,568.0499877929688,560.2000122070312,566.5900268554688,556.7946166992188,433500,0.0,0.0
2025-05-28 00:00:00-04:00,566.0999755859375,569.5399780273438,562.5,562.6799926757812,552.9521484375,359100,0.0,0.0
2025-05-29 00:00:00-04:00,565.0,567.22998046875,560.739990234375,566.0,556.2147216796875,531900,0.0,0.0
2025-05-30 00:00:00-04:00,566.0,566.0,556.8900146484375,564.02001953125,554.2689819335938,631900,0.0,0.0
2025-06-02 00:00:00-04:00,557.6500244140625,564.3599853515625,544.5499877929688,564.2000122070312,554.4458618164062,299100,0.0,0.0
2025-06-03 00:00:00-04:00,562.5999755859375,567.3699951171875,554.3800048828125,566.4099731445312,556.6175537109375,338400,0.0,0.0
2025-06-04 00:00:00-04:00,568.1900024414062,569.72998046875,565.3499755859375,566.9099731445312,557.1090087890625,264600,0.0,0.0
2025-06-05 00:00:00-04:00,568.9299926757812,568.9299926757812,561.1500244140625,564.0700073242188,554.3181762695312,348300,0.0,0.0
2025-06-06 00:00:00-04:00,566.4000244140625,569.75,564.5599975585938,568.6400146484375,558.8091430664062,251300,0.0,0.0
2025-06-09 00:00:00-04:00,567.780029296875,569.219970703125,557.2999877929688,558.0,548.35302734375,526500,0.0,0.0
2025-06-10 00:00:00-04:00,558.9600219726562,563.260009765625,556.0900268554688,557.8400268554688,548.1958618164062,500400,0.0,0.0
2025-06-11 00:00:00-04:00,557.6199951171875,560.5900268554688,553.030029296875,554.4199829101562,544.8348999023438,566700,0.0,0.0
2025-06-12 00:00:00-04:00,552.25,555.25,547.8499755859375,555.1900024414062,545.591552734375,411000,0.0,0.0
2025-06-13 00:00:00-04:00,549.6400146484375,550.989990234375,540.3400268554688,542.72998046875,533.3470458984375,465500,0.0,0.0
2025-06-16 00:00:00-04:00,546.27001953125,551.77001953125,545.8200073242188,547.3699951171875,537.9068603515625,375400,0.0,0.0
2025-06-17 00:00:00-04:00,543.5,549.2999877929688,543.5,548.5499877929688,539.0664672851562,414800,0.0,0.0
2025-06-18 00:00:00-04:00,547.280029296875,550.6799926757812,540.8599853515625,543.719970703125,534.3198852539062,551600,0.0,0.0
2025-06-20 00:00:00-04:00,546.0,547.52001953125,541.469970703125,544.780029296875,535.3616333007812,666100,0.0,0.0
2025-06-23 00:00:00-04:00,543.6599731445312,555.5599975585938,539.6500244140625,555.1199951171875,545.5228271484375,867300,0.0,0.0
2025-06-24 00:00:00-04:00,561.3599853515625,577.5800170898438,560.3599853515625,575.6900024414062,565.7371826171875,672300,0.0,0.0
2025-06-25 00:00:00-04:00,574.1400146484375,574.469970703125,560.3499755859375,569.989990234375,560.1357421875,562200,0.0,0.0
2025-06-26 00:00:00-04:00,570.75,571.5700073242188,564.3300170898438,565.6900024414062,555.9100952148438,584400,0.0,0.0
2025-06-27 00:00:00-04:00,569.5700073242188,577.5,568.1400146484375,576.4099731445312,566.4447631835938,879900,0.0,0.0
2025-06-30 00:00:00-04:00,575.8200073242188,579.0700073242188,569.4299926757812,576.739990234375,566.76904296875,584600,0.0,0.0
2025-07-01 00:00:00-04:00,574.4000244140625,583.6300048828125,570.0,581.3400268554688,571.28955078125,456800,0.0,0.0
2025-07-02 00:00:00-04:00,577.3599853515625,586.3499755859375,577.3599853515625,582.8499755859375,572.7734375,466700,0.0,0.0
2025-07-03 00:00:00-04:00,586.5,589.5499877929688,580.0,587.739990234375,577.5789184570312,268200,0.0,0.0
2025-07-07 00:00:00-04:00,587.7899780273438,590.47998046875,583.1799926757812,588.0,577.8344116210938,373800,0.0,0.0
2025-07-08 00:00:00-04:00,591.3599853515625,593.27001953125,577.0999755859375,580.969970703125,570.9259033203125,541000,0.0,0.0
2025-07-09 00:00:00-04:00,582.8499755859375,586.3499755859375,579.4500122070312,581.8099975585938,571.7514038085938,349900,0.0,0.0
2025-07-10 00:00:00-04:00,580.9199829101562,586.8800048828125,579.8300170898438,580.6599731445312,570.6212768554688,332300,0.0,0.0
2025-07-11 00:00:00-04:00,576.5599975585938,578.7899780273438,563.3099975585938,565.5599975585938,555.7823486328125,635300,0.0,0.0
2025-07-14 00:00:00-04:00,565.6099853515625,576.5499877929688,562.9299926757812,570.6599731445312,560.794189453125,520000,0.0,0.0
2025-07-15 00:00:00-04:00,571.510009765625,576.0599975585938,563.1099853515625,563.1300048828125,553.3944091796875,403300,0.0,0.0
2025-07-16 00:00:00-04:00,564.7999877929688,573.3900146484375,558.6400146484375,572.1300048828125,562.2387084960938,840900,0.0,0.0
2025-07-17 00:00:00-04:00,575.0,581.8200073242188,569.4099731445312,580.1799926757812,570.1495971679688,647000,0.0,0.0
2025-07-18 00:00:00-04:00,580.6300048828125,584.5599975585938,576.77001953125,577.9400024414062,567.9483032226562,584900,0.0,0.0
2025-07-21 00:00:00-04:00,582.5800170898438,582.9500122070312,574.5700073242188,577.969970703125,567.9778442382812,1065600,0.0,0.0
2025-07-22 00:00:00-04:00,565.010009765625,571.530029296875,525.3400268554688,526.47998046875,517.3779296875,2464300,0.0,0.0
2025-07-23 00:00:00-04:00,534.77001953125,538.989990234375,525.0,530.8599853515625,521.6822509765625,1930900,0.0,0.0
2025-07-24 00:00:00-04:00,532.3099975585938,547.8699951171875,531.7899780273438,543.3099975585938,533.9170532226562,1252000,0.0,0.0
2025-07-25 00:00:00-04:00,546.489990234375,551.4199829101562,544.5,546.2899780273438,536.8455200195312,998800,0.0,0.0
2025-07-28 00:00:00-04:00,542.4600219726562,556.9099731445312,541.1199951171875,552.7899780273438,543.233154296875,1668300,0.0,0.0
2025-07-29 00:00:00-04:00,557.6099853515625,561.0,552.8800048828125,557.2100219726562,547.5767211914062,1162100,0.0,0.0
2025-07-30 00:00:00-04:00,555.0700073242188,563.7899780273438,554.6300048828125,559.1500244140625,549.4832763671875,994500,0.0,0.0
2025-07-31 00:00:00-04:00,556.47998046875,569.989990234375,556.47998046875,561.3599853515625,551.6549682617188,1103000,0.0,0.0
2025-08-01 00:00:00-04:00,559.1400146484375,563.6099853515625,552.3900146484375,557.4000244140625,547.763427734375,1053000,0.0,0.0
2025-08-04 00:00:00-04:00,560.510009765625,573.2899780273438,560.510009765625,572.0399780273438,562.150390625,863400,0.0,0.0
2025-08-05 00:00:00-04:00,572.1500244140625,575.9600219726562,557.6199951171875,557.72998046875,548.0877075195312,1089700,0.0,0.0
2025-08-06 00:00:00-04:00,559.22998046875,562.6599731445312,542.260009765625,548.2999877929688,538.8206787109375,1064900,0.0,0.0
2025-08-07 00:00:00-04:00,553.0900268554688,555.0,541.5,545.489990234375,536.0592651367188,499700,0.0,0.0
2025-08-08 00:00:00-04:00,546.8099975585938,550.0,545.0,546.6799926757812,537.228759765625,608700,0.0,0.0
2025-08-11 00:00:00-04:00,547.1599731445312,555.7100219726562,547.1599731445312,549.3900146484375,539.8919677734375,588000,0.0,0.0
2025-08-12 00:00:00-04:00,550.010009765625,554.0800170898438,547.52001953125,550.1599731445312,540.6485595703125,589400,0.0,0.0
2025-08-13 00:00:00-04:00,554.0,567.8900146484375,552.489990234375,567.4299926757812,557.6200561523438,542900,0.0,0.0
2025-08-14 00:00:00-04:00,564.2100219726562,566.5999755859375,560.2999877929688,565.719970703125,555.9395141601562,362900,0.0,0.0
2025-08-15 00:00:00-04:00,564.260009765625,566.8499755859375,555.9600219726562,557.02001953125,549.1372680664062,372300,1.8,0.0
2025-08-18 00:00:00-04:00,556.02001953125,561.72998046875,555.02001953125,555.6699829101562,547.806396484375,709700,0.0,0.0
2025-08-19 00:00:00-04:00,556.0,570.010009765625,555.3300170898438,568.1599731445312,560.1195678710938,685200,0.0,0.0
2025-08-20 00:00:00-04:00,567.6300048828125,574.4099731445312,562.5999755859375,574.25,566.1233520507812,577300,0.0,0.0
2025-08-21 00:00:00-04:00,570.6099853515625,572.1199951171875,565.989990234375,567.27001953125,559.2421875,535600,0.0,0.0
2025-08-22 00:00:00-04:00,571.1199951171875,580.22998046875,566.6900024414062,574.8300170898438,566.6952514648438,380100,0.0,0.0
2025-08-25 00:00:00-04:00,573.4600219726562,577.4500122070312,569.9299926757812,573.719970703125,565.6008911132812,532500,0.0,0.0
2025-08-26 00:00:00-04:00,572.8800048828125,572.9099731445312,562.9299926757812,571.4299926757812,563.3433227539062,425100,0.0,0.0
2025-08-27 00:00:00-04:00,571.489990234375,575.27001953125,569.7100219726562,570.1500244140625,562.0814819335938,332900,0.0,0.0
2025-08-28 00:00:00-04:00,571.0499877929688,572.1300048828125,568.3900146484375,568.5499877929688,560.5040283203125,521500,0.0,0.0
2025-08-29 00:00:00-04:00,568.7999877929688,571.6400146484375,565.530029296875,567.719970703125,559.685791015625,499000,0.0,0.0
2025-09-02 00:00:00-04:00,560.6599731445312,565.7899780273438,548.0,553.9099731445312,546.0712280273438,845300,0.0,0.0
2025-09-03 00:00:00-04:00,552.5999755859375,558.4400024414062,549.0900268554688,551.6099853515625,543.8038330078125,898700,0.0,0.0
2025-09-04 00:00:00-04:00,554.0999755859375,557.5999755859375,551.0,557.1900024414062,549.3048706054688,590600,0.0,0.0
2025-09-05 00:00:00-04:00,558.3599853515625,561.5900268554688,554.0,555.1500244140625,547.293701171875,626800,0.0,0.0
2025-09-08 00:00:00-04:00,557.72998046875,576.1599731445312,554.9099731445312,574.5800170898438,566.44873046875,922800,0.0,0.0
2025-09-09 00:00:00-04:00,571.989990234375,574.5,567.9000244140625,569.1599731445312,561.1054077148438,671200,0.0,0.0
2025-09-10 00:00:00-04:00,571.77001953125,571.77001953125,558.97998046875,563.1799926757812,555.2100219726562,648700,0.0,0.0
2025-09-11 00:00:00-04:00,565.7100219726562,585.8400268554688,564.7999877929688,585.47998046875,577.1944580078125,477000,0.0,0.0
2025-09-12 00:00:00-04:00,584.0700073242188,585.4500122070312,576.3400268554688,583.25,574.9960327148438,722100,0.0,0.0
2025-09-15 00:00:00-04:00,584.1500244140625,584.3400268554688,574.9500122070312,576.6099853515625,568.4500122070312,1255800,0.0,0.0
2025-09-16 00:00:00-04:00,576.1500244140625,580.0399780273438,562.9000244140625,567.02001953125,558.9957885742188,566600,0.0,0.0
2025-09-17 00:00:00-04:00,568.8099975585938,585.4000244140625,568.8099975585938,578.6400146484375,570.4512939453125,875400,0.0,0.0
2025-09-18 00:00:00-04:00,579.3099975585938,579.989990234375,548.0900268554688,555.97998046875,548.1119384765625,1599000,0.0,0.0
2025-09-19 00:00:00-04:00,557.9600219726562,562.7899780273438,555.0,559.75,551.82861328125,1237100,0.0,0.0
2025-09-22 00:00:00-04:00,559.0,571.72998046875,557.0,568.0599975585938,560.02099609375,838700,0.0,0.0
2025-09-23 00:00:00-04:00,566.0,570.969970703125,565.6199951171875,568.9400024414062,560.8884887695312,650800,0.0,0.0
2025-09-24 00:00:00-04:00,566.0,567.9299926757812,558.3200073242188,566.4199829101562,558.4042358398438,710900,0.0,0.0
2025-09-25 00:00:00-04:00,564.0,566.6400146484375,559.0499877929688,564.6599731445312,556.6690673828125,484800,0.0,0.0
2025-09-26 00:00:00-04:00,565.8200073242188,572.7899780273438,564.1300048828125,565.4199829101562,557.4183959960938,579900,0.0,0.0
2025-09-29 00:00:00-04:00,566.8499755859375,571.3699951171875,563.8400268554688,568.9000244140625,560.8491821289062,507800,0.0,0.0
2025-09-30 00:00:00-04:00,566.6400146484375,571.8699951171875,562.8599853515625,567.4099731445312,559.3801879882812,460700,0.0,0.0
2025-10-01 00:00:00-04:00,567.010009765625,568.3400268554688,550.1599731445312,552.5900268554688,544.7699584960938,522800,0.0,0.0
2025-10-02 00:00:00-04:00,550.8699951171875,562.6400146484375,545.010009765625,560.77001953125,552.834228515625,660000,0.0,0.0
2025-10-03 00:00:00-04:00,560.5,563.4500122070312,555.0,560.1199951171875,552.1934204101562,386900,0.0,0.0
2025-10-06 00:00:00-04:00,564.0599975585938,568.2000122070312,557.72998046875,564.8099975585938,556.8170166015625,396800,0.0,0.0
2025-10-07 00:00:00-04:00,562.989990234375,572.4000244140625,558.0499877929688,569.1099853515625,561.05615234375,324100,0.0,0.0
2025-10-08 00:00:00-04:00,567.6500244140625,573.6300048828125,563.9199829101562,566.9400024414062,558.9169311523438,330800,0.0,0.0
2025-10-09 00:00:00-04:00,563.3200073242188,566.760009765625,557.3900146484375,558.2999877929688,550.3991088867188,474400,0.0,0.0
2025-10-10 00:00:00-04:00,562.0,562.8099975585938,546.530029296875,546.9500122070312,539.209716796875,488100,0.0,0.0
2025-10-13 00:00:00-04:00,548.0499877929688,552.4500122070312,545.0,548.3499755859375,540.5899047851562,450200,0.0,0.0
2025-10-14 00:00:00-04:00,547.8499755859375,556.9199829101562,547.0,553.5800170898438,545.7459106445312,367100,0.0,0.0
2025-10-15 00:00:00-04:00,551.72998046875,554.530029296875,543.489990234375,549.4000244140625,541.6251220703125,511100,0.0,0.0
2025-10-16 00:00:00-04:00,550.1799926757812,550.1799926757812,531.780029296875,533.3400268554688,525.7923583984375,773000,0.0,0.0
2025-10-17 00:00:00-04:00,535.0,536.6799926757812,526.0700073242188,534.3499755859375,526.7879638671875,861700,0.0,0.0
2025-10-20 00:00:00-04:00,528.6799926757812,538.6099853515625,525.3099975585938,536.7000122070312,529.1048583984375,603300,0.0,0.0
2025-10-21 00:00:00-04:00,531.780029296875,545.3200073242188,531.780029296875,540.3599853515625,532.7130126953125,686200,0.0,0.0
2025-10-22 00:00:00-04:00,539.8300170898438,545.739990234375,535.989990234375,537.6099853515625,530.001953125,514600,0.0,0.0
2025-10-23 00:00:00-04:00,536.5599975585938,539.1900024414062,533.0800170898438,538.75,531.125732421875,440300,0.0,0.0
2025-10-24 00:00:00-04:00,543.5999755859375,547.8800048828125,538.7899780273438,542.2899780273438,534.6156616210938,394400,0.0,0.0
2025-10-27 00:00:00-04:00,545.5499877929688,548.8499755859375,542.7899780273438,546.8599853515625,539.1210327148438,688300,0.0,0.0
2025-10-28 00:00:00-04:00,553.9199829101562,594.3800048828125,550.9299926757812,593.760009765625,585.3573608398438,1465900,0.0,0.0
2025-10-29 00:00:00-04:00,588.1599731445312,588.2100219726562,560.219970703125,567.5399780273438,559.5083618164062,1140300,0.0,0.0
2025-10-30 00:00:00-04:00,568.5700073242188,589.2000122070312,568.1699829101562,583.1400146484375,574.8876953125,697800,0.0,0.0
2025-10-31 00:00:00-04:00,579.1599731445312,591.469970703125,576.5800170898438,588.5499877929688,580.2210083007812,871400,0.0,0.0
2025-11-03 00:00:00-05:00,586.7100219726562,588.4500122070312,577.7999877929688,581.0999755859375,572.8764038085938,544100,0.0,0.0
2025-11-04 00:00:00-05:00,583.3499755859375,583.6799926757812,570.219970703125,574.9000244140625,566.7642211914062,890800,0.0,0.0
2025-11-05 00:00:00-05:00,572.760009765625,579.7999877929688,570.719970703125,571.9299926757812,563.836181640625,652000,0.0,0.0
2025-11-06 00:00:00-05:00,569.3400268554688,581.97998046875,567.1199951171875,580.3900146484375,572.1765747070312,708900,0.0,0.0
2025-11-07 00:00:00-05:00,578.030029296875,583.6699829101562,576.8499755859375,582.8499755859375,574.6017456054688,552600,0.0,0.0
2025-11-10 00:00:00-05:00,581.8599853515625,582.1500244140625,572.5399780273438,576.9500122070312,568.7852172851562,683900,0.0,0.0
2025-11-11 00:00:00-05:00,579.0800170898438,587.3599853515625,576.4000244140625,584.3900146484375,576.1199340820312,366300,0.0,0.0
2025-11-12 00:00:00-05:00,585.7899780273438,591.0,580.030029296875,580.780029296875,572.56103515625,620700,0.0,0.0
2025-11-13 00:00:00-05:00,575.97998046875,578.0900268554688,569.6199951171875,573.3400268554688,565.226318359375,530800,0.0,0.0
2025-11-14 00:00:00-05:00,572.010009765625,573.5999755859375,564.52001953125,565.1500244140625,558.9068603515625,423500,1.8,0.0
2025-11-17 00:00:00-05:00,562.1500244140625,570.47998046875,556.0599975585938,557.9299926757812,551.7666015625,674200,0.0,0.0
2025-11-18 00:00:00-05:00,554.8499755859375,562.280029296875,550.010009765625,556.8300170898438,550.6788330078125,655700,0.0,0.0
2025-11-19 00:00:00-05:00,554.8499755859375,563.4299926757812,554.72998046875,559.5900268554688,553.4083251953125,484000,0.0,0.0
2025-11-20 00:00:00-05:00,564.9600219726562,568.6300048828125,558.7000122070312,560.0800170898438,553.8928833007812,572300,0.0,0.0
2025-11-21 00:00:00-05:00,561.3900146484375,570.9099731445312,559.6300048828125,561.989990234375,555.7817993164062,578000,0.0,0.0
2025-11-24 00:00:00-05:00,561.22998046875,567.4099731445312,556.25,556.5999755859375,550.4512329101562,822100,0.0,0.0
2025-11-25 00:00:00-05:00,556.77001953125,565.22998046875,556.0599975585938,562.9199829101562,556.7014770507812,617900,0.0,0.0
2025-11-26 00:00:00-05:00,560.6799926757812,566.989990234375,556.5999755859375,562.739990234375,556.5234985351562,575100,0.0,0.0
2025-11-28 00:00:00-05:00,564.1900024414062,567.2100219726562,560.6400146484375,563.719970703125,557.49267578125,249700,0.0,0.0
2025-12-01 00:00:00-05:00,559.8099975585938,565.7899780273438,558.1599731445312,559.6599731445312,553.4775390625,650000,0.0,0.0
2025-12-02 00:00:00-05:00,558.97998046875,561.5,546.7100219726562,547.2899780273438,541.244140625,749900,0.0,0.0
2025-12-03 00:00:00-05:00,546.1099853515625,553.4400024414062,545.0,545.5599975585938,539.5332641601562,994700,0.0,0.0
2025-12-04 00:00:00-05:00,545.1199951171875,550.0,538.260009765625,540.8499755859375,534.8753051757812,816200,0.0,0.0
2025-12-05 00:00:00-05:00,540.0,544.1400146484375,531.489990234375,538.260009765625,532.31396484375,797600,0.0,0.0
2025-12-08 00:00:00-05:00,535.6900024414062,540.5499877929688,534.5599975585938,536.9000244140625,530.968994140625,899900,0.0,0.0
2025-12-09 00:00:00-05:00,539.6199951171875,544.8699951171875,536.2899780273438,537.219970703125,531.285400390625,598800,0.0,0.0
2025-12-10 00:00:00-05:00,536.260009765625,541.72998046875,530.4099731445312,538.1900024414062,532.2446899414062,1128800,0.0,0.0
2025-12-11 00:00:00-05:00,539.0999755859375,550.6199951171875,539.0999755859375,549.6099853515625,543.53857421875,685300,0.0,0.0
2025-12-12 00:00:00-05:00,552.260009765625,555.9500122070312,546.0900268554688,551.0900268554688,545.002197265625,629600,0.0,0.0
2025-12-15 00:00:00-05:00,551.5,556.6500244140625,549.0900268554688,553.510009765625,547.3955078125,709100,0.0,0.0
2025-12-16 00:00:00-05:00,553.6500244140625,556.52001953125,549.1599731445312,551.22998046875,545.140625,601000,0.0,0.0
2025-12-17 00:00:00-05:00,551.1599731445312,568.280029296875,550.530029296875,560.969970703125,554.7730102539062,705300,0.0,0.0
2025-12-18 00:00:00-05:00,563.1900024414062,570.5999755859375,560.8699951171875,562.4000244140625,556.1873168945312,800500,0.0,0.0
2025-12-19 00:00:00-05:00,559.27001953125,571.9199829101562,559.27001953125,568.280029296875,562.0023193359375,1726500,0.0,0.0
2025-12-22 00:00:00-05:00,567.0999755859375,580.7000122070312,567.0999755859375,576.6400146484375,570.2699584960938,520600,0.0,0.0
2025-12-23 00:00:00-05:00,577.3699951171875,581.7899780273438,573.3200073242188,581.2999877929688,574.87841796875,428000,0.0,0.0
2025-12-24 00:00:00-05:00,581.1300048828125,585.0,579.1500244140625,581.75,575.323486328125,143500,0.0,0.0
2025-12-26 00:00:00-05:00,582.8800048828125,585.989990234375,580.6799926757812,584.989990234375,578.5277709960938,245500,0.0,0.0
2025-12-29 00:00:00-05:00,587.030029296875,587.8800048828125,582.0599975585938,585.760009765625,579.2891845703125,320700,0.0,0.0
2025-12-30 00:00:00-05:00,583.0999755859375,586.219970703125,579.3099975585938,582.25,575.8179931640625,373800,0.0,0.0
2025-12-31 00:00:00-05:00,581.25,582.9099731445312,573.3800048828125,573.72998046875,567.39208984375,324000,0.0,0.0
2026-01-02 00:00:00-05:00,571.5700073242188,574.780029296875,562.2899780273438,565.25,559.0057373046875,409000,0.0,0.0
2026-01-05 00:00:00-05:00,558.260009765625,584.2000122070312,557.0,577.5999755859375,571.2192993164062,628300,0.0,0.0
2026-01-06 00:00:00-05:00,575.27001953125,588.4099731445312,571.989990234375,586.9600219726562,580.4760131835938,331500,0.0,0.0
2026-01-07 00:00:00-05:00,587.1400146484375,593.6400146484375,578.1500244140625,578.6900024414062,572.29736328125,425400,0.0,0.0
2026-01-08 00:00:00-05:00,578.0700073242188,588.5499877929688,576.6699829101562,581.3300170898438,574.9081420898438,400800,0.0,0.0
2026-01-09 00:00:00-05:00,581.4000244140625,585.27001953125,578.25,581.1599731445312,574.739990234375,228700,0.0,0.0
2026-01-12 00:00:00-05:00,578.260009765625,587.3200073242188,577.510009765625,586.469970703125,579.9913330078125,233600,0.0,0.0
2026-01-13 00:00:00-05:00,585.2999877929688,589.9299926757812,575.22998046875,587.4400024414062,580.95068359375,415300,0.0,0.0
2026-01-14 00:00:00-05:00,586.7999877929688,595.97998046875,583.02001953125,594.7899780273438,588.219482421875,365100,0.0,0.0
2026-01-15 00:00:00-05:00,597.489990234375,599.1799926757812,591.3499755859375,597.3099975585938,590.7116088867188,365800,0.0,0.0
2026-01-16 00:00:00-05:00,596.5999755859375,605.6199951171875,594.1300048828125,602.5800170898438,595.9234008789062,509500,0.0,0.0
2026-01-20 00:00:00-05:00,594.4400024414062,597.0,579.9500122070312,584.219970703125,577.7662353515625,626600,0.0,0.0
2026-01-21 00:00:00-05:00,587.3599853515625,595.6500244140625,585.77001953125,588.969970703125,582.4636840820312,405400,0.0,0.0
2026-01-22 00:00:00-05:00,592.510009765625,597.6099853515625,586.5800170898438,591.25,584.7185668945312,375100,0.0,0.0
2026-01-23 00:00:00-05:00,589.010009765625,591.4500122070312,584.25,589.760009765625,583.2449951171875,373100,0.0,0.0
2026-01-26 00:00:00-05:00,590.3699951171875,598.239990234375,589.3900146484375,594.1599731445312,587.5963745117188,282000,0.0,0.0
2026-01-27 00:00:00-05:00,592.530029296875,595.4400024414062,577.739990234375,581.75,575.323486328125,550700,0.0,0.0
2026-01-28 00:00:00-05:00,578.4500122070312,621.3800048828125,575.7899780273438,614.8699951171875,608.07763671875,995500,0.0,0.0
2026-01-29 00:00:00-05:00,616.260009765625,618.0,601.3200073242188,608.239990234375,601.5208740234375,799800,0.0,0.0
2026-01-30 00:00:00-05:00,605.5399780273438,612.969970703125,602.9500122070312,609.219970703125,602.489990234375,569400,0.0,0.0
2026-02-02 00:00:00-05:00,608.4500122070312,626.280029296875,601.1900024414062,624.75,617.8485107421875,767500,0.0,0.0
2026-02-03 00:00:00-05:00,611.0999755859375,614.3300170898438,574.1900024414062,581.47998046875,575.0565185546875,1110100,0.0,0.0
2026-02-04 00:00:00-05:00,575.1400146484375,575.75,558.6199951171875,571.02001953125,564.7120361328125,1116700,0.0,0.0
2026-02-05 00:00:00-05:00,584.0499877929688,592.0399780273438,551.5800170898438,565.9000244140625,559.6486206054688,1106100,0.0,0.0
2026-02-06 00:00:00-05:00,569.1699829101562,575.1900024414062,550.0,557.780029296875,551.6183471679688,959300,0.0,0.0
2026-02-09 00:00:00-05:00,557.0,568.47998046875,550.3400268554688,559.3900146484375,553.2105712890625,937600,0.0,0.0
2026-02-10 00:00:00-05:00,546.010009765625,558.6900024414062,513.030029296875,515.6599731445312,509.96356201171875,1259200,0.0,0.0
2026-02-11 00:00:00-05:00,517.7999877929688,520.3300170898438,502.30999755859375,511.8399963378906,506.185791015625,1228900,0.0,0.0
2026-02-12 00:00:00-05:00,513.1400146484375,527.25,501.0799865722656,522.219970703125,516.4511108398438,1191700,0.0,0.0
2026-02-13 00:00:00-05:00,524.3200073242188,534.0399780273438,520.1900024414062,526.0599975585938,522.299072265625,984300,2.05,0.0
2026-02-17 00:00:00-05:00,529.1300048828125,535.3499755859375,512.75,521.3300170898438,517.6028442382812,791700,0.0,0.0
2026-02-18 00:00:00-05:00,534.1699829101562,545.8900146484375,530.3499755859375,545.25,541.351806640625,798500,0.0,0.0
2026-02-19 00:00:00-05:00,541.969970703125,550.0,536.3499755859375,541.1199951171875,537.2513427734375,582600,0.0,0.0
2026-02-20 00:00:00-05:00,539.6300048828125,547.97998046875,535.0,544.1099853515625,540.219970703125,603200,0.0,0.0
2026-02-23 00:00:00-05:00,544.4500122070312,548.7999877929688,537.1400146484375,538.3900146484375,534.5408935546875,533700,0.0,0.0
2026-02-24 00:00:00-05:00,534.6599731445312,552.0,530.280029296875,548.7100219726562,544.787109375,967800,0.0,0.0
2026-02-25 00:00:00-05:00,554.2000122070312,558.8400268554688,547.6699829101562,556.8699951171875,552.8887939453125,525600,0.0,0.0
2026-02-26 00:00:00-05:00,560.3699951171875,573.239990234375,558.239990234375,572.8699951171875,568.7743530273438,602600,0.0,0.0
2026-02-27 00:00:00-05:00,564.3499755859375,574.5700073242188,563.6799926757812,571.8300170898438,567.7418212890625,883300,0.0,0.0
2026-03-02 00:00:00-05:00,563.0499877929688,575.52001953125,558.4600219726562,573.8800048828125,569.777099609375,435100,0.0,0.0
2026-03-03 00:00:00-05:00,562.9099731445312,571.77001953125,557.2100219726562,565.5900268554688,561.5464477539062,582000,0.0,0.0
2026-03-04 00:00:00-05:00,566.47998046875,576.0399780273438,559.8800048828125,572.3699951171875,568.2779541015625,547400,0.0,0.0
2026-03-05 00:00:00-05:00,568.6599731445312,579.0700073242188,560.9600219726562,566.2100219726562,562.1619873046875,880300,0.0,0.0
2026-03-06 00:00:00-05:00,565.4099731445312,569.3300170898438,551.2999877929688,569.239990234375,565.1702880859375,660700,0.0,0.0
2026-03-09 00:00:00-04:00,563.6400146484375,567.4600219726562,550.1699829101562,564.4099731445312,560.3748168945312,541000,0.0,0.0
2026-03-10 00:00:00-04:00,559.9199829101562,561.47998046875,549.239990234375,550.1099853515625,546.1770629882812,595700,0.0,0.0
2026-03-11 00:00:00-04:00,551.97998046875,556.6400146484375,533.5999755859375,547.0599975585938,543.1488647460938,560900,0.0,0.0
2026-03-12 00:00:00-04:00,542.02001953125,551.9500122070312,535.3599853515625,536.3499755859375,532.5154418945312,763300,0.0,0.0
2026-03-13 00:00:00-04:00,540.27001953125,553.1099853515625,538.9299926757812,547.9000244140625,543.98291015625,689800,0.0,0.0
2026-03-16 00:00:00-04:00,550.1300048828125,554.239990234375,546.6799926757812,550.0,546.06787109375,450500,0.0,0.0
2026-03-17 00:00:00-04:00,560.0,565.8599853515625,557.25,560.4099731445312,556.4034423828125,402800,0.0,0.0
2026-03-18 00:00:00-04:00,554.219970703125,561.1199951171875,553.3900146484375,556.739990234375,552.7596435546875,474100,0.0,0.0
2026-03-19 00:00:00-04:00,553.5,559.0700073242188,545.6599731445312,556.27001953125,552.2930908203125,519800,0.0,0.0
2026-03-20 00:00:00-04:00,554.1699829101562,556.510009765625,549.030029296875,552.6300048828125,548.6790771484375,1121000,0.0,0.0
2026-03-23 00:00:00-04:00,554.6099853515625,565.0,550.4000244140625,551.5999755859375,547.6563720703125,442200,0.0,0.0
2026-03-24 00:00:00-04:00,546.6199951171875,549.47998046875,535.7000122070312,537.6500244140625,533.8062133789062,457400,0.0,0.0
2026-03-25 00:00:00-04:00,541.3099975585938,542.2100219726562,525.0,530.989990234375,527.1937866210938,405200,0.0,0.0
2026-03-26 00:00:00-04:00,528.1599731445312,538.9600219726562,528.0,534.6799926757812,530.8573608398438,335400,0.0,0.0
2026-03-27 00:00:00-04:00,531.3699951171875,535.0,520.0,523.4000244140625,519.6580810546875,441800,0.0,0.0
2026-03-30 00:00:00-04:00,526.4400024414062,535.510009765625,524.0,531.8800048828125,528.0774536132812,365000,0.0,0.0
2026-03-31 00:00:00-04:00,541.469970703125,544.8699951171875,530.0,539.010009765625,535.1564331054688,443900,0.0,0.0
2026-04-01 00:00:00-04:00,531.1699829101562,540.0999755859375,525.5800170898438,536.9000244140625,533.0615844726562,397500,0.0,0.0
2026-04-02 00:00:00-04:00,533.8900146484375,546.6699829101562,531.4500122070312,544.780029296875,540.88525390625,351100,0.0,0.0
2026-04-06 00:00:00-04:00,545.6599731445312,549.8699951171875,544.510009765625,546.7100219726562,542.8013916015625,367200,0.0,0.0
2026-04-07 00:00:00-04:00,549.0499877929688,552.9600219726562,546.1400146484375,547.280029296875,543.3673706054688,524400,0.0,0.0
2026-04-08 00:00:00-04:00,555.8300170898438,567.489990234375,554.010009765625,556.9299926757812,552.9483032226562,499000,0.0,0.0
2026-04-09 00:00:00-04:00,552.5399780273438,557.0900268554688,541.6300048828125,545.8800048828125,541.977294921875,513300,0.0,0.0
2026-04-10 00:00:00-04:00,541.5599975585938,545.75,532.52001953125,536.47998046875,532.6444702148438,534200,0.0,0.0
2026-04-13 00:00:00-04:00,536.0999755859375,552.9199829101562,535.6699829101562,552.75,548.7982177734375,414700,0.0,0.0
2026-04-14 00:00:00-04:00,553.2999877929688,556.7999877929688,545.22998046875,545.6900024414062,541.7886352539062,566100,0.0,0.0
2026-04-15 00:00:00-04:00,548.3499755859375,562.1099853515625,547.0999755859375,560.0599975585938,556.055908203125,424800,0.0,0.0
2026-04-16 00:00:00-04:00,564.9199829101562,567.7899780273438,561.8099975585938,564.9000244140625,560.8613891601562,439000,0.0,0.0
2026-04-17 00:00:00-04:00,569.02001953125,572.9000244140625,562.8900146484375,568.5499877929688,564.4852294921875,804500,0.0,0.0
2026-04-20 00:00:00-04:00,568.5499877929688,570.4299926757812,556.3599853515625,566.9500122070312,562.8966674804688,584100,0.0,0.0
2026-04-21 00:00:00-04:00,572.8699951171875,604.0800170898438,570.75,597.3900146484375,593.1190795898438,1418300,0.0,0.0
2026-04-22 00:00:00-04:00,608.0,621.2899780273438,605.0,608.0399780273438,603.6929321289062,899100,0.0,0.0
2026-04-23 00:00:00-04:00,609.3300170898438,611.0499877929688,581.6900024414062,598.010009765625,593.7346801757812,778600,0.0,0.0
2026-04-24 00:00:00-04:00,595.0,598.3599853515625,589.6699829101562,592.6900024414062,588.45263671875,389300,0.0,0.0
2026-04-27 00:00:00-04:00,590.4600219726562,599.7100219726562,589.0999755859375,591.02001953125,586.7946166992188,549100,0.0,0.0
2026-04-28 00:00:00-04:00,599.8800048828125,602.8800048828125,593.4000244140625,594.780029296875,590.5277709960938,629800,0.0,0.0
2026-04-29 00:00:00-04:00,593.9299926757812,599.989990234375,587.0,598.1300048828125,593.8538208007812,614200,0.0,0.0
2026-04-30 00:00:00-04:00,591.52001953125,593.489990234375,584.9299926757812,591.4099731445312,587.1817626953125,598300,0.0,0.0
2026-05-01 00:00:00-04:00,596.7100219726562,602.0499877929688,588.3599853515625,588.8499755859375,584.6400756835938,266900,0.0,0.0
2026-05-04 00:00:00-04:00,591.5499877929688,595.7999877929688,580.7899780273438,582.27001953125,578.107177734375,337800,0.0,0.0
2026-05-05 00:00:00-04:00,582.219970703125,583.5599975585938,569.1599731445312,580.8800048828125,576.7271118164062,831800,0.0,0.0
2026-05-06 00:00:00-04:00,578.260009765625,584.5399780273438,573.6199951171875,582.1400146484375,577.9780883789062,834200,0.0,0.0
2026-05-07 00:00:00-04:00,581.9299926757812,592.719970703125,580.6599731445312,588.3699951171875,584.1635131835938,670700,0.0,0.0
2026-05-08 00:00:00-04:00,589.1300048828125,590.510009765625,577.4500122070312,585.4199829101562,581.234619140625,625200,0.0,0.0
2026-05-11 00:00:00-04:00,582.739990234375,588.02001953125,578.1699829101562,584.6300048828125,580.4503173828125,664600,0.0,0.0
2026-05-12 00:00:00-04:00,587.3099975585938,589.8800048828125,576.1099853515625,581.0900268554688,576.9356079101562,850700,0.0,0.0
2026-05-13 00:00:00-04:00,576.0,581.3499755859375,554.510009765625,570.9099731445312,566.828369140625,690400,0.0,0.0
2026-05-14 00:00:00-04:00,571.0,573.47998046875,565.6599731445312,569.6900024414062,565.6170654296875,627200,0.0,0.0
2026-05-15 00:00:00-04:00,570.489990234375,577.0999755859375,558.469970703125,561.719970703125,559.7181396484375,566800,2.05,0.0
2026-05-18 00:00:00-04:00,561.9500122070312,585.1300048828125,561.9500122070312,584.1300048828125,582.04833984375,558100,0.0,0.0
2026-05-19 00:00:00-04:00,591.989990234375,596.5,577.5499877929688,577.6900024414062,575.6312866210938,865500,0.0,0.0
2026-05-20 00:00:00-04:00,576.0,587.1099853515625,569.1799926757812,581.969970703125,579.89599609375,540500,0.0,0.0
2026-05-21 00:00:00-04:00,577.8800048828125,585.6400146484375,572.8599853515625,582.3400268554688,580.2647705078125,446400,0.0,0.0
2026-05-22 00:00:00-04:00,583.6799926757812,591.4400024414062,580.0,588.5499877929688,586.4525756835938,412300,0.0,0.0
2026-05-26 00:00:00-04:00,586.2999877929688,592.7100219726562,579.260009765625,588.52001953125,586.4227294921875,566700,0.0,0.0
2026-05-27 00:00:00-04:00,598.0,607.260009765625,594.1900024414062,603.469970703125,601.3193969726562,786400,0.0,0.0
2026-05-28 00:00:00-04:00,604.1099853515625,627.010009765625,602.0,626.52001953125,624.2872924804688,1200500,0.0,0.0
2026-05-29 00:00:00-04:00,627.0800170898438,640.27001953125,623.0,631.3800048828125,629.1299438476562,1096900,0.0,0.0
2026-06-01 00:00:00-04:00,633.6900024414062,644.6799926757812,631.3900146484375,643.8300170898438,641.5355834960938,766100,0.0,0.0
2026-06-02 00:00:00-04:00,638.1099853515625,641.0,622.0399780273438,630.27001953125,628.02392578125,974400,0.0,0.0
2026-06-03 00:00:00-04:00,625.6199951171875,625.8599853515625,613.0599975585938,613.5800170898438,611.3933715820312,831600,0.0,0.0
2026-06-04 00:00:00-04:00,623.3400268554688,627.4400024414062,616.6500244140625,618.8699951171875,616.66455078125,445700,0.0,0.0
2026-06-05 00:00:00-04:00,621.4099731445312,624.8900146484375,612.4400024414062,615.4600219726562,613.2667236328125,457900,0.0,0.0
2026-06-08 00:00:00-04:00,612.5599975585938,612.5599975585938,600.5,602.9400024414062,600.7913208007812,553700,0.0,0.0
2026-06-09 00:00:00-04:00,602.1599731445312,610.0999755859375,594.0,607.5399780273438,605.3748779296875,388200,0.0,0.0
2026-06-10 00:00:00-04:00,604.5599975585938,609.5900268554688,593.9400024414062,608.52001953125,606.3514404296875,331500,0.0,0.0
2026-06-11 00:00:00-04:00,607.0900268554688,609.2999877929688,593.4199829101562,594.3099975585938,592.1920776367188,408200,0.0,0.0
2026-06-12 00:00:00-04:00,599.0,600.8099975585938,588.3099975585938,599.1199951171875,596.9849243164062,390200,0.0,0.0
2026-06-15 00:00:00-04:00,600.2000122070312,615.4500122070312,598.760009765625,611.1699829101562,608.991943359375,539500,0.0,0.0
2026-06-16 00:00:00-04:00,618.8400268554688,618.8400268554688,603.3800048828125,608.1599731445312,605.99267578125,490600,0.0,0.0
2026-06-17 00:00:00-04:00,604.6900024414062,610.489990234375,590.8900146484375,596.8900146484375,594.7628784179688,585100,0.0,0.0
2026-06-18 00:00:00-04:00,600.2999877929688,600.2999877929688,580.0,581.1900024414062,579.1188354492188,1002700,0.0,0.0
2026-06-22 00:00:00-04:00,579.0499877929688,582.989990234375,567.5499877929688,580.8499755859375,578.780029296875,697800,0.0,0.0
2026-06-23 00:00:00-04:00,586.7000122070312,590.1300048828125,578.0399780273438,581.510009765625,579.4376831054688,711400,0.0,0.0
2026-06-24 00:00:00-04:00,585.0499877929688,587.8699951171875,577.1199951171875,577.2899780273438,575.232666015625,688500,0.0,0.0
2026-06-25 00:00:00-04:00,575.8699951171875,579.4600219726562,542.3300170898438,544.5599975585938,542.6193237304688,926900,0.0,0.0
2026-06-26 00:00:00-04:00,548.7999877929688,566.1599731445312,545.6799926757812,554.8499755859375,552.8726806640625,2592800,0.0,0.0
2026-06-29 00:00:00-04:00,561.9000244140625,568.9299926757812,552.989990234375,558.0,556.011474609375,901800,0.0,0.0
2026-06-30 00:00:00-04:00,553.0999755859375,562.6099853515625,545.52001953125,560.0399780273438,558.044189453125,666400,0.0,0.0
2026-07-01 00:00:00-04:00,564.030029296875,589.77001953125,564.030029296875,582.030029296875,579.9558715820312,888100,0.0,0.0
2026-07-02 00:00:00-04:00,592.0999755859375,603.8400268554688,586.0399780273438,603.1099853515625,600.960693359375,522400,0.0,0.0
2026-07-06 00:00:00-04:00,602.3099975585938,614.4500122070312,589.2999877929688,614.0399780273438,611.8517456054688,422700,0.0,0.0
2026-07-07 00:00:00-04:00,616.9000244140625,619.969970703125,606.989990234375,608.0900268554688,605.9229736328125,677800,0.0,0.0
2026-07-08 00:00:00-04:00,604.2100219726562,610.0,594.6400146484375,604.22998046875,602.07666015625,493800,0.0,0.0
2026-07-09 00:00:00-04:00,602.4400024414062,610.0,592.9500122070312,603.3499755859375,601.1998291015625,471000,0.0,0.0
2026-07-10 00:00:00-04:00,613.530029296875,615.8300170898438,601.2000122070312,604.7100219726562,602.5549926757812,267700,0.0,0.0
2026-07-13 00:00:00-04:00,612.0399780273438,620.6799926757812,605.5999755859375,620.22998046875,618.0196533203125,448700,0.0,0.0
2026-07-14 00:00:00-04:00,610.0,613.8099975585938,602.1599731445312,611.4299926757812,609.2510375976562,483800,0.0,0.0
2026-07-15 00:00:00-04:00,618.9400024414062,631.3300170898438,610.1699829101562,621.77001953125,619.55419921875,476200,0.0,0.0
2026-07-16 00:00:00-04:00,625.0599975585938,637.25,623.4400024414062,637.239990234375,634.9690551757812,511500,0.0,0.0
2026-07-17 00:00:00-04:00,637.0800170898438,644.77001953125,622.22998046875,628.6599731445312,626.4196166992188,680900,0.0,0.0
2026-07-20 00:00:00-04:00,627.6300048828125,631.7000122070312,621.0700073242188,625.1099853515625,622.8822631835938,750600,0.0,0.0
2026-07-21 00:00:00-04:00,561.0,578.780029296875,548.010009765625,561.739990234375,559.7380981445312,2010200,0.0,0.0
2026-07-22 00:00:00-04:00,555.010009765625,572.0,555.010009765625,570.9500122070312,568.9153442382812,1176000,0.0,0.0
2026-07-23 00:00:00-04:00,563.1699829101562,567.77001953125,548.9199829101562,552.510009765625,550.541015625,1372000,0.0,0.0
2026-07-24 00:00:00-04:00,559.510009765625,561.1900024414062,549.5900268554688,550.7899780273438,548.8271484375,1139200,0.0,0.0
2026-07-27 00:00:00-04:00,560.530029296875,573.8599853515625,557.5,571.030029296875,568.9950561523438,720600,0.0,0.0
2026-07-28 00:00:00-04:00,575.280029296875,585.5499877929688,568.4199829101562,579.3900146484375,577.3252563476562,760300,0.0,0.0
2026-07-29 00:00:00-04:00,580.9299926757812,589.989990234375,578.02001953125,582.9199829101562,580.8426513671875,547400,0.0,0.0
2026-07-30 00:00:00-04:00,575.6199951171875,585.4099731445312,566.989990234375,575.739990234375,573.688232421875,707700,0.0,0.0
2026-07-31 00:00:00-04:00,570.77001953125,580.489990234375,566.7899780273438,572.239990234375,570.20068359375,616800,0.0,0.0
2026-08-03 00:00:00-04:00,577.9600219726562,582.2000122070312,569.5900268554688,574.4299926757812,572.3828735351562,418600,0.0,0.0
2026-08-04 00:00:00-04:00,573.6599731445312,582.9099731445312,570.030029296875,571.469970703125,569.4334106445312,827900,0.0,0.0
2026-08-05 00:00:00-04:00,578.530029296875,581.7899780273438,568.1900024414062,571.8699951171875,569.83203125,598500,0.0,0.0
2026-08-06 00:00:00-04:00,570.0,574.27001953125,563.9600219726562,567.22998046875,565.2085571289062,667700,0.0,0.0
2026-08-07 00:00:00-04:00,567.27001953125,571.4299926757812,560.8499755859375,563.1699829101562,561.1630249023438,617300,0.0,0.0
2026-08-10 00:00:00-04:00,558.6900024414062,570.239990234375,558.5599975585938,563.0800170898438,561.0733642578125,892200,0.0,0.0
2026-08-11 00:00:00-04:00,561.969970703125,565.3300170898438,558.8099975585938,561.7100219726562,559.708251953125,708600,0.0,0.0
2026-08-12 00:00:00-04:00,556.8099975585938,565.2999877929688,556.0,563.010009765625,561.0036010742188,879700,0.0,0.0
2026-08-13 00:00:00-04:00,562.0499877929688,579.3599853515625,555.1099853515625,575.239990234375,573.1900024414062,689700,0.0,0.0
2026-08-14 00:00:00-04:00,572.5,572.760009765625,567.0599975585938,569.1300048828125,569.1300048828125,534000,2.05,0.0
