Date,Open,High,Low,Close,Adj Close,Volume,Dividends,Stock Splits
2015-01-02 00:00:00-05:00,55.75,55.77000045776367,54.459999084472656,54.790000915527344,43.3588981628418,4328900,0.0,0.0
2015-01-05 00:00:00-05:00,54.5099983215332,54.68000030517578,54.0,54.2599983215332,42.93946075439453,4762800,0.0,0.0
2015-01-06 00:00:00-05:00,54.25,54.31999969482422,52.939998626708984,53.189998626708984,42.09270095825195,5231000,0.0,0.0
2015-01-07 00:00:00-05:00,53.599998474121094,53.84000015258789,52.9900016784668,53.11000061035156,42.02939224243164,5394700,0.0,0.0
2015-01-08 00:00:00-05:00,53.72999954223633,54.06999969482422,53.439998626708984,53.7400016784668,42.52796173095703,5910400,0.0,0.0
2015-01-09 00:00:00-05:00,54.0,55.130001068115234,53.81999969482422,54.560001373291016,43.176876068115234,8410500,0.0,0.0
2015-01-12 00:00:00-05:00,55.040000915527344,55.29999923706055,54.369998931884766,54.849998474121094,43.406368255615234,5486300,0.0,0.0
2015-01-13 00:00:00-05:00,55.41999816894531,56.290000915527344,55.08000183105469,55.599998474121094,43.999881744384766,7808600,0.0,0.0
2015-01-14 00:00:00-05:00,54.849998474121094,54.939998626708984,53.52000045776367,54.470001220703125,43.10565185546875,7631000,0.0,0.0
2015-01-15 00:00:00-05:00,54.68000030517578,54.93000030517578,53.4900016784668,53.54999923706055,42.37759780883789,4580500,0.0,0.0
2015-01-16 00:00:00-05:00,53.810001373291016,55.68000030517578,53.529998779296875,55.560001373291016,43.96824264526367,10710300,0.0,0.0
2015-01-20 00:00:00-05:00,55.47999954223633,55.599998474121094,54.75,55.470001220703125,43.89702224731445,8010300,0.0,0.0
2015-01-21 00:00:00-05:00,55.13999938964844,56.220001220703125,55.0099983215332,56.189998626708984,44.4667854309082,6127400,0.0,0.0
2015-01-22 00:00:00-05:00,56.349998474121094,56.86000061035156,55.7400016784668,56.72999954223633,44.89414596557617,7611400,0.0,0.0
2015-01-23 00:00:00-05:00,56.79999923706055,56.79999923706055,55.68000030517578,55.880001068115234,44.221473693847656,4805100,0.0,0.0
2015-01-26 00:00:00-05:00,55.70000076293945,57.099998474121094,55.22999954223633,57.060001373291016,45.15528106689453,5830800,0.0,0.0
2015-01-27 00:00:00-05:00,56.209999084472656,57.31999969482422,55.97999954223633,57.08000183105469,45.171119689941406,5595200,0.0,0.0
2015-01-28 00:00:00-05:00,57.290000915527344,57.45000076293945,56.13999938964844,56.290000915527344,44.54594421386719,5747400,0.0,0.0
2015-01-29 00:00:00-05:00,56.290000915527344,56.97999954223633,55.16999816894531,55.720001220703125,44.09486389160156,8253800,0.0,0.0
2015-01-30 00:00:00-05:00,55.20000076293945,55.66999816894531,54.650001525878906,54.810001373291016,43.37471008300781,5435800,0.0,0.0
2015-02-02 00:00:00-05:00,54.849998474121094,55.45000076293945,54.38999938964844,55.369998931884766,43.817874908447266,4967900,0.0,0.0
2015-02-03 00:00:00-05:00,55.849998474121094,56.939998626708984,55.79999923706055,56.91999816894531,45.04449462890625,4108900,0.0,0.0
2015-02-04 00:00:00-05:00,57.0,57.47999954223633,56.029998779296875,56.7400016784668,44.90205383300781,5416800,0.0,0.0
2015-02-05 00:00:00-05:00,57.060001373291016,57.279998779296875,55.45000076293945,56.0,44.31642532348633,7003100,0.0,0.0
2015-02-06 00:00:00-05:00,56.279998779296875,57.5,56.099998474121094,56.7400016784668,44.90205383300781,8184600,0.0,0.0
2015-02-09 00:00:00-05:00,56.709999084472656,57.47999954223633,56.560001373291016,56.7599983215332,44.91786193847656,5431100,0.0,0.0
2015-02-10 00:00:00-05:00,57.040000915527344,57.310001373291016,56.400001525878906,57.0,45.10780334472656,6300200,0.0,0.0
2015-02-11 00:00:00-05:00,57.20000076293945,57.290000915527344,56.56999969482422,56.75,44.90996551513672,5504600,0.0,0.0
2015-02-12 00:00:00-05:00,56.90999984741211,57.79999923706055,56.45000076293945,57.77000045776367,45.71714401245117,6909200,0.0,0.0
2015-02-13 00:00:00-05:00,60.099998474121094,60.790000915527344,59.040000915527344,59.83000183105469,47.34736251831055,16696400,0.0,0.0
2015-02-17 00:00:00-05:00,59.349998474121094,60.20000076293945,59.119998931884766,60.20000076293945,47.640193939208984,6887300,0.0,0.0
2015-02-18 00:00:00-05:00,59.970001220703125,60.25,59.63999938964844,59.810001373291016,47.33155059814453,4773800,0.0,0.0
2015-02-19 00:00:00-05:00,59.790000915527344,60.0,59.400001525878906,59.540000915527344,47.11787033081055,5433000,0.0,0.0
2015-02-20 00:00:00-05:00,59.439998626708984,59.709999084472656,59.09000015258789,59.5,47.086212158203125,5350800,0.0,0.0
2015-02-23 00:00:00-05:00,59.58000183105469,59.75,59.09000015258789,59.66999816894531,47.22075653076172,4284200,0.0,0.0
2015-02-24 00:00:00-05:00,59.72999954223633,59.97999954223633,59.34000015258789,59.400001525878906,47.007083892822266,3599300,0.0,0.0
2015-02-25 00:00:00-05:00,59.470001220703125,59.91999816894531,59.369998931884766,59.779998779296875,47.30779266357422,5842900,0.0,0.0
2015-02-26 00:00:00-05:00,59.61000061035156,60.0,58.83000183105469,59.13999938964844,46.80132293701172,4135500,0.0,0.0
2015-02-27 00:00:00-05:00,59.2599983215332,59.47999954223633,58.869998931884766,59.099998474121094,46.76966857910156,6354800,0.0,0.0
2015-03-02 00:00:00-05:00,59.25,61.86000061035156,59.119998931884766,61.75,48.866783142089844,10733800,0.0,0.0
2015-03-03 00:00:00-05:00,61.5,63.27000045776367,61.33000183105469,62.79999923706055,49.697715759277344,10016000,0.0,0.0
2015-03-04 00:00:00-05:00,62.5099983215332,62.779998779296875,61.599998474121094,62.459999084472656,49.42865753173828,5399300,0.0,0.0
2015-03-05 00:00:00-05:00,62.470001220703125,62.4900016784668,61.290000915527344,61.54999923706055,48.70851135253906,6736600,0.0,0.0
2015-03-06 00:00:00-05:00,61.380001068115234,61.95000076293945,60.58000183105469,60.59000015258789,47.94880294799805,5583800,0.0,0.0
2015-03-09 00:00:00-04:00,60.58000183105469,61.02000045776367,59.529998779296875,60.5099983215332,48.00434112548828,6373400,0.15,0.0
2015-03-10 00:00:00-04:00,60.220001220703125,60.220001220703125,59.220001220703125,59.43000030517578,47.14754867553711,4620000,0.0,0.0
2015-03-11 00:00:00-04:00,59.619998931884766,59.95000076293945,59.34000015258789,59.59000015258789,47.274471282958984,3967200,0.0,0.0
2015-03-12 00:00:00-04:00,59.84000015258789,61.900001525878906,59.83000183105469,61.650001525878906,48.908721923828125,6178300,0.0,0.0
2015-03-13 00:00:00-04:00,61.459999084472656,61.56999969482422,60.56999969482422,60.93000030517578,48.337554931640625,4290400,0.0,0.0
2015-03-16 00:00:00-04:00,61.20000076293945,62.20000076293945,60.869998931884766,62.08000183105469,49.24985885620117,3985000,0.0,0.0
2015-03-17 00:00:00-04:00,61.5099983215332,62.02000045776367,61.150001525878906,61.77000045776367,49.003936767578125,4219100,0.0,0.0
2015-03-18 00:00:00-04:00,61.619998931884766,63.41999816894531,61.369998931884766,63.11000061035156,50.0670051574707,5385900,0.0,0.0
2015-03-19 00:00:00-04:00,62.83000183105469,63.2599983215332,62.34000015258789,62.630001068115234,49.68619155883789,4105400,0.0,0.0
2015-03-20 00:00:00-04:00,63.220001220703125,63.709999084472656,62.93000030517578,63.349998474121094,50.257389068603516,9595800,0.0,0.0
2015-03-23 00:00:00-04:00,63.31999969482422,63.650001525878906,62.56999969482422,62.68000030517578,49.725868225097656,4033800,0.0,0.0
2015-03-24 00:00:00-04:00,62.54999923706055,63.25,62.369998931884766,62.380001068115234,49.487857818603516,3789100,0.0,0.0
2015-03-25 00:00:00-04:00,62.310001373291016,62.459999084472656,61.099998474121094,61.5099983215332,48.797664642333984,4488700,0.0,0.0
2015-03-26 00:00:00-04:00,61.25,61.630001068115234,60.7599983215332,61.0,48.3930778503418,4606100,0.0,0.0
2015-03-27 00:00:00-04:00,61.5,62.029998779296875,61.11000061035156,61.209999084472656,48.55966567993164,7933300,0.0,0.0
2015-03-30 00:00:00-04:00,61.43000030517578,62.06999969482422,61.40999984741211,61.869998931884766,49.0832633972168,3950200,0.0,0.0
2015-03-31 00:00:00-04:00,61.619998931884766,61.810001373291016,60.47999954223633,60.630001068115234,48.09953308105469,6534800,0.0,0.0
2015-04-01 00:00:00-04:00,60.43000030517578,60.72999954223633,59.09000015258789,59.619998931884766,47.298282623291016,7795800,0.0,0.0
2015-04-02 00:00:00-04:00,59.52000045776367,61.4900016784668,59.11000061035156,61.15999984741211,48.5200080871582,9528400,0.0,0.0
2015-04-06 00:00:00-04:00,60.630001068115234,61.720001220703125,60.41999816894531,60.88999938964844,48.30580139160156,4440100,0.0,0.0
2015-04-07 00:00:00-04:00,60.70000076293945,61.52000045776367,60.70000076293945,60.880001068115234,48.29786682128906,2702900,0.0,0.0
2015-04-08 00:00:00-04:00,61.029998779296875,61.66999816894531,60.79999923706055,61.27000045776367,48.60726547241211,3739600,0.0,0.0
2015-04-09 00:00:00-04:00,61.27000045776367,61.61000061035156,60.61000061035156,61.20000076293945,48.551734924316406,2954200,0.0,0.0
2015-04-10 00:00:00-04:00,61.470001220703125,61.779998779296875,61.13999938964844,61.599998474121094,48.869075775146484,2789500,0.0,0.0
2015-04-13 00:00:00-04:00,61.689998626708984,61.91999816894531,61.279998779296875,61.31999969482422,48.64693832397461,2607200,0.0,0.0
2015-04-14 00:00:00-04:00,61.29999923706055,61.619998931884766,61.0,61.5,48.789737701416016,2345500,0.0,0.0
2015-04-15 00:00:00-04:00,61.529998779296875,62.0,61.459999084472656,61.65999984741211,48.91666793823242,2747100,0.0,0.0
2015-04-16 00:00:00-04:00,61.560001373291016,62.09000015258789,61.36000061035156,61.779998779296875,49.011863708496094,3493100,0.0,0.0
2015-04-17 00:00:00-04:00,61.33000183105469,61.34000015258789,60.189998626708984,60.68000030517578,48.139198303222656,3899500,0.0,0.0
2015-04-20 00:00:00-04:00,61.11000061035156,61.380001068115234,60.939998626708984,61.20000076293945,48.551734924316406,1915800,0.0,0.0
2015-04-21 00:00:00-04:00,61.380001068115234,61.81999969482422,61.16999816894531,61.47999954223633,48.77386474609375,2025500,0.0,0.0
2015-04-22 00:00:00-04:00,61.5,61.720001220703125,60.939998626708984,61.56999969482422,48.845252990722656,1594200,0.0,0.0
2015-04-23 00:00:00-04:00,61.59000015258789,62.08000183105469,61.31999969482422,61.630001068115234,48.89287185668945,2640000,0.0,0.0
2015-04-24 00:00:00-04:00,62.0099983215332,62.779998779296875,61.720001220703125,62.720001220703125,49.757598876953125,3816800,0.0,0.0
2015-04-27 00:00:00-04:00,62.779998779296875,63.310001373291016,61.650001525878906,61.70000076293945,48.94839096069336,3589900,0.0,0.0
2015-04-28 00:00:00-04:00,61.5099983215332,61.84000015258789,60.869998931884766,61.599998474121094,48.869075775146484,2932700,0.0,0.0
2015-04-29 00:00:00-04:00,61.54999923706055,63.0099983215332,61.459999084472656,62.77000045776367,49.797264099121094,4079600,0.0,0.0
2015-04-30 00:00:00-04:00,62.5,63.040000915527344,61.790000915527344,62.130001068115234,49.28953552246094,3382300,0.0,0.0
2015-05-01 00:00:00-04:00,62.40999984741211,62.9900016784668,62.0,62.630001068115234,49.68619155883789,2614400,0.0,0.0
2015-05-04 00:00:00-04:00,62.95000076293945,63.20000076293945,62.5,62.619998931884766,49.67824935913086,2656400,0.0,0.0
2015-05-05 00:00:00-04:00,62.66999816894531,62.810001373291016,61.63999938964844,61.77000045776367,49.003936767578125,3475200,0.0,0.0
2015-05-06 00:00:00-04:00,61.779998779296875,61.869998931884766,60.779998779296875,61.119998931884766,48.488258361816406,3345300,0.0,0.0
2015-05-07 00:00:00-04:00,61.209999084472656,61.599998474121094,60.88999938964844,61.220001220703125,48.567604064941406,5040800,0.0,0.0
2015-05-08 00:00:00-04:00,63.81999969482422,63.95000076293945,59.68000030517578,60.81999969482422,48.2502555847168,9050700,0.0,0.0
2015-05-11 00:00:00-04:00,60.900001525878906,61.150001525878906,59.439998626708984,59.66999816894531,47.33794021606445,5981200,0.0,0.0
2015-05-12 00:00:00-04:00,59.439998626708984,60.20000076293945,58.7599983215332,59.720001220703125,47.37761688232422,4536000,0.0,0.0
2015-05-13 00:00:00-04:00,59.77000045776367,60.13999938964844,59.34000015258789,59.720001220703125,47.37761688232422,3520400,0.0,0.0
2015-05-14 00:00:00-04:00,60.11000061035156,60.2599983215332,59.52000045776367,59.63999938964844,47.31414794921875,2447700,0.0,0.0
2015-05-15 00:00:00-04:00,59.619998931884766,60.0,59.38999938964844,59.95000076293945,47.560081481933594,2853700,0.0,0.0
2015-05-18 00:00:00-04:00,59.97999954223633,60.95000076293945,59.91999816894531,60.779998779296875,48.21853256225586,2635900,0.0,0.0
2015-05-19 00:00:00-04:00,60.84000015258789,61.09000015258789,60.5,60.70000076293945,48.15507507324219,2531000,0.0,0.0
2015-05-20 00:00:00-04:00,60.88999938964844,61.43000030517578,60.52000045776367,61.08000183105469,48.45653533935547,2193000,0.0,0.0
2015-05-21 00:00:00-04:00,60.90999984741211,62.04999923706055,60.869998931884766,61.810001373291016,49.035675048828125,2272400,0.0,0.0
2015-05-22 00:00:00-04:00,61.900001525878906,61.959999084472656,61.43000030517578,61.59000015258789,48.86113739013672,1631600,0.0,0.0
2015-05-26 00:00:00-04:00,61.52000045776367,61.91999816894531,60.5,60.68000030517578,48.139198303222656,3269000,0.0,0.0
2015-05-27 00:00:00-04:00,60.7599983215332,62.91999816894531,60.41999816894531,62.650001525878906,49.70206832885742,5527000,0.0,0.0
2015-05-28 00:00:00-04:00,62.36000061035156,62.970001220703125,61.77000045776367,62.029998779296875,49.21018981933594,3659700,0.0,0.0
2015-05-29 00:00:00-04:00,61.880001068115234,62.08000183105469,61.599998474121094,61.720001220703125,48.964271545410156,3386100,0.0,0.0
2015-06-01 00:00:00-04:00,61.959999084472656,62.38999938964844,61.439998626708984,61.5,48.789737701416016,3417700,0.0,0.0
2015-06-02 00:00:00-04:00,61.5,62.099998474121094,61.16999816894531,61.650001525878906,48.908721923828125,2872300,0.0,0.0
2015-06-03 00:00:00-04:00,62.029998779296875,62.5099983215332,61.619998931884766,62.220001220703125,49.360923767089844,4915500,0.0,0.0
2015-06-04 00:00:00-04:00,61.880001068115234,62.459999084472656,61.54999923706055,61.7400016784668,48.980133056640625,3387100,0.0,0.0
2015-06-05 00:00:00-04:00,61.5,61.93000030517578,61.13999938964844,61.33000183105469,48.65486526489258,2918200,0.0,0.0
2015-06-08 00:00:00-04:00,60.900001525878906,60.970001220703125,60.2599983215332,60.279998779296875,47.93912124633789,2916100,0.15,0.0
2015-06-09 00:00:00-04:00,60.220001220703125,60.34000015258789,59.130001068115234,59.849998474121094,47.59716796875,2964800,0.0,0.0
2015-06-10 00:00:00-04:00,60.0099983215332,60.619998931884766,59.34000015258789,59.4900016784668,47.31085968017578,5299100,0.0,0.0
2015-06-11 00:00:00-04:00,59.5,59.869998931884766,58.279998779296875,58.77000045776367,46.738258361816406,5637000,0.0,0.0
2015-06-12 00:00:00-04:00,58.650001525878906,58.880001068115234,58.2599983215332,58.4900016784668,46.51558303833008,3563700,0.0,0.0
2015-06-15 00:00:00-04:00,58.150001525878906,58.45000076293945,57.90999984741211,58.13999938964844,46.23721694946289,3556600,0.0,0.0
2015-06-16 00:00:00-04:00,58.130001068115234,58.22999954223633,57.59000015258789,57.689998626708984,45.87936019897461,3490400,0.0,0.0
2015-06-17 00:00:00-04:00,57.709999084472656,58.400001525878906,57.459999084472656,58.0,46.12590789794922,4115900,0.0,0.0
2015-06-18 00:00:00-04:00,58.08000183105469,58.75,58.08000183105469,58.5099983215332,46.53148651123047,3087400,0.0,0.0
2015-06-19 00:00:00-04:00,58.33000183105469,58.70000076293945,58.0,58.060001373291016,46.17361831665039,4050800,0.0,0.0
2015-06-22 00:00:00-04:00,58.27000045776367,58.54999923706055,58.130001068115234,58.34000015258789,46.39628982543945,2237400,0.0,0.0
2015-06-23 00:00:00-04:00,58.59000015258789,58.61000061035156,57.869998931884766,58.09000015258789,46.19747543334961,2756700,0.0,0.0
2015-06-24 00:00:00-04:00,57.970001220703125,58.02000045776367,56.7599983215332,56.77000045776367,45.147705078125,4560900,0.0,0.0
2015-06-25 00:00:00-04:00,56.880001068115234,57.54999923706055,56.70000076293945,57.130001068115234,45.43398666381836,5513700,0.0,0.0
2015-06-26 00:00:00-04:00,57.40999984741211,57.66999816894531,56.810001373291016,57.0,45.330623626708984,4212100,0.0,0.0
2015-06-29 00:00:00-04:00,56.59000015258789,56.84000015258789,55.209999084472656,55.33000183105469,44.002506256103516,4763400,0.0,0.0
2015-06-30 00:00:00-04:00,57.7400016784668,57.7400016784668,55.279998779296875,55.5,44.13772201538086,4208500,0.0,0.0
2015-07-01 00:00:00-04:00,55.88999938964844,56.119998931884766,55.439998626708984,55.93000030517578,44.47969436645508,3570200,0.0,0.0
2015-07-02 00:00:00-04:00,56.09000015258789,56.38999938964844,55.33000183105469,55.52000045776367,44.15361785888672,2634600,0.0,0.0
2015-07-06 00:00:00-04:00,54.900001525878906,55.15999984741211,54.61000061035156,54.88999938964844,43.652584075927734,4243900,0.0,0.0
2015-07-07 00:00:00-04:00,54.869998931884766,55.630001068115234,54.18000030517578,55.58000183105469,44.20132064819336,5679400,0.0,0.0
2015-07-08 00:00:00-04:00,55.02000045776367,55.25,54.08000183105469,54.279998779296875,43.1674690246582,5715600,0.0,0.0
2015-07-09 00:00:00-04:00,54.7400016784668,54.939998626708984,54.02000045776367,54.25,43.14360809326172,6978100,0.0,0.0
2015-07-10 00:00:00-04:00,54.869998931884766,55.189998626708984,54.459999084472656,54.849998474121094,43.62078857421875,4127800,0.0,0.0
2015-07-13 00:00:00-04:00,55.45000076293945,55.75,55.29999923706055,55.540000915527344,44.169517517089844,4667500,0.0,0.0
2015-07-14 00:00:00-04:00,55.439998626708984,55.88999938964844,55.18000030517578,55.400001525878906,44.05817413330078,3202900,0.0,0.0
2015-07-15 00:00:00-04:00,55.38999938964844,55.79999923706055,55.060001373291016,55.369998931884766,44.03432083129883,3127000,0.0,0.0
2015-07-16 00:00:00-04:00,55.83000183105469,55.90999984741211,55.349998474121094,55.45000076293945,44.097957611083984,2801900,0.0,0.0
2015-07-17 00:00:00-04:00,55.290000915527344,55.43000030517578,54.09000015258789,54.70000076293945,43.50149917602539,5474800,0.0,0.0
2015-07-20 00:00:00-04:00,54.36000061035156,54.380001068115234,53.45000076293945,54.09000015258789,43.01637268066406,7256600,0.0,0.0
2015-07-21 00:00:00-04:00,53.9900016784668,54.40999984741211,53.61000061035156,54.099998474121094,43.02432632446289,4162800,0.0,0.0
2015-07-22 00:00:00-04:00,53.959999084472656,54.369998931884766,53.529998779296875,54.130001068115234,43.048179626464844,2897300,0.0,0.0
2015-07-23 00:00:00-04:00,54.220001220703125,54.310001373291016,53.54999923706055,53.75,42.7459831237793,2644800,0.0,0.0
2015-07-24 00:00:00-04:00,53.939998626708984,54.0099983215332,52.91999816894531,53.040000915527344,42.181339263916016,3856600,0.0,0.0
2015-07-27 00:00:00-04:00,52.720001220703125,53.27000045776367,52.2400016784668,52.66999816894531,41.88709259033203,3172700,0.0,0.0
2015-07-28 00:00:00-04:00,52.970001220703125,53.2400016784668,52.61000061035156,52.75,41.95069885253906,3908500,0.0,0.0
2015-07-29 00:00:00-04:00,52.790000915527344,52.97999954223633,52.36000061035156,52.61000061035156,41.839378356933594,4585600,0.0,0.0
2015-07-30 00:00:00-04:00,52.459999084472656,53.369998931884766,52.33000183105469,53.20000076293945,42.30857467651367,3375800,0.0,0.0
2015-07-31 00:00:00-04:00,53.52000045776367,54.02000045776367,53.25,53.470001220703125,42.523292541503906,3994800,0.0,0.0
2015-08-03 00:00:00-04:00,53.560001373291016,53.61000061035156,52.790000915527344,53.029998779296875,42.17338180541992,3180100,0.0,0.0
2015-08-04 00:00:00-04:00,53.16999816894531,53.56999969482422,52.56999969482422,52.86000061035156,42.038185119628906,3991200,0.0,0.0
2015-08-05 00:00:00-04:00,52.0099983215332,52.88999938964844,50.02000045776367,50.41999816894531,40.097713470458984,12661600,0.0,0.0
2015-08-06 00:00:00-04:00,50.0,52.369998931884766,47.83000183105469,52.2400016784668,41.545127868652344,20152100,0.0,0.0
2015-08-07 00:00:00-04:00,52.279998779296875,52.4900016784668,49.41999816894531,50.34000015258789,40.034095764160156,9149400,0.0,0.0
2015-08-10 00:00:00-04:00,50.5099983215332,51.61000061035156,50.470001220703125,51.18000030517578,40.70213317871094,4451800,0.0,0.0
2015-08-11 00:00:00-04:00,50.779998779296875,51.290000915527344,50.0,50.290000915527344,39.99433135986328,3741200,0.0,0.0
2015-08-12 00:00:00-04:00,50.06999969482422,50.33000183105469,49.650001525878906,50.16999816894531,39.898902893066406,3193000,0.0,0.0
2015-08-13 00:00:00-04:00,50.06999969482422,50.5,49.65999984741211,50.04999923706055,39.80348587036133,4970900,0.0,0.0
2015-08-14 00:00:00-04:00,49.939998626708984,50.0,49.029998779296875,49.220001220703125,39.14338684082031,4332800,0.0,0.0
2015-08-17 00:00:00-04:00,49.20000076293945,50.040000915527344,48.939998626708984,50.029998779296875,39.78756332397461,2918900,0.0,0.0
2015-08-18 00:00:00-04:00,49.529998779296875,49.7400016784668,48.970001220703125,49.349998474121094,39.24677276611328,3928800,0.0,0.0
2015-08-19 00:00:00-04:00,48.939998626708984,49.09000015258789,48.369998931884766,48.52000045776367,38.586692810058594,3476100,0.0,0.0
2015-08-20 00:00:00-04:00,47.97999954223633,47.97999954223633,46.0,46.029998779296875,36.606468200683594,9558300,0.0,0.0
2015-08-21 00:00:00-04:00,45.54999923706055,46.11000061035156,45.09000015258789,45.09000015258789,35.858890533447266,7892000,0.0,0.0
2015-08-24 00:00:00-04:00,42.349998474121094,45.599998474121094,40.75,43.95000076293945,34.95229721069336,8225300,0.0,0.0
2015-08-25 00:00:00-04:00,45.2599983215332,45.36000061035156,43.27000045776367,43.27000045776367,34.41150665283203,10690200,0.0,0.0
2015-08-26 00:00:00-04:00,44.38999938964844,44.45000076293945,43.40999984741211,44.349998474121094,35.27041244506836,8199500,0.0,0.0
2015-08-27 00:00:00-04:00,44.83000183105469,45.689998626708984,44.41999816894531,45.2599983215332,35.99410629272461,5580200,0.0,0.0
2015-08-28 00:00:00-04:00,45.20000076293945,45.93000030517578,45.16999816894531,45.790000915527344,36.41559982299805,5010500,0.0,0.0
2015-08-31 00:00:00-04:00,45.41999816894531,45.4900016784668,44.779998779296875,45.2400016784668,35.978187561035156,5119000,0.0,0.0
2015-09-01 00:00:00-04:00,44.2599983215332,44.869998931884766,43.5,43.790000915527344,34.82504653930664,5504900,0.0,0.0
2015-09-02 00:00:00-04:00,44.380001068115234,44.58000183105469,43.459999084472656,44.290000915527344,35.22269058227539,5180300,0.0,0.0
2015-09-03 00:00:00-04:00,44.47999954223633,44.619998931884766,43.619998931884766,43.810001373291016,34.840965270996094,4237200,0.0,0.0
2015-09-04 00:00:00-04:00,43.31999969482422,43.58000183105469,42.52000045776367,42.91999816894531,34.13315963745117,5029000,0.0,0.0
2015-09-08 00:00:00-04:00,43.630001068115234,43.91999816894531,43.06999969482422,43.66999816894531,34.85142135620117,5121500,0.15,0.0
2015-09-09 00:00:00-04:00,44.349998474121094,44.400001525878906,43.290000915527344,43.5099983215332,34.723716735839844,6196600,0.0,0.0
2015-09-10 00:00:00-04:00,44.27000045776367,44.279998779296875,42.70000076293945,43.939998626708984,35.0668830871582,8040100,0.0,0.0
2015-09-11 00:00:00-04:00,44.15999984741211,44.529998779296875,43.43000030517578,43.93000030517578,35.058921813964844,5837400,0.0,0.0
2015-09-14 00:00:00-04:00,43.91999816894531,44.0,42.9900016784668,43.279998779296875,34.5401725769043,4259400,0.0,0.0
2015-09-15 00:00:00-04:00,43.5,43.84000015258789,43.13999938964844,43.7599983215332,34.92323684692383,5084500,0.0,0.0
2015-09-16 00:00:00-04:00,43.63999938964844,44.11000061035156,43.43000030517578,43.58000183105469,34.77960205078125,4813200,0.0,0.0
2015-09-17 00:00:00-04:00,43.86000061035156,44.099998474121094,43.279998779296875,43.41999816894531,34.65189743041992,4437800,0.0,0.0
2015-09-18 00:00:00-04:00,42.66999816894531,43.439998626708984,42.630001068115234,42.709999084472656,34.08526611328125,9288500,0.0,0.0
2015-09-21 00:00:00-04:00,42.93000030517578,43.18000030517578,42.470001220703125,42.880001068115234,34.220951080322266,3576600,0.0,0.0
2015-09-22 00:00:00-04:00,42.36000061035156,43.04999923706055,42.220001220703125,42.58000183105469,33.981536865234375,4843600,0.0,0.0
2015-09-23 00:00:00-04:00,42.63999938964844,42.72999954223633,41.529998779296875,41.66999816894531,33.25529098510742,3909100,0.0,0.0
2015-09-24 00:00:00-04:00,41.369998931884766,41.369998931884766,40.15999984741211,40.88999938964844,32.6328010559082,6926200,0.0,0.0
2015-09-25 00:00:00-04:00,41.18000030517578,41.29999923706055,40.439998626708984,40.77000045776367,32.53702926635742,6323600,0.0,0.0
2015-09-28 00:00:00-04:00,40.540000915527344,40.790000915527344,38.58000183105469,38.66999816894531,30.86111068725586,8789900,0.0,0.0
2015-09-29 00:00:00-04:00,38.65999984741211,39.61000061035156,38.5099983215332,38.970001220703125,31.100521087646484,8279700,0.0,0.0
2015-09-30 00:00:00-04:00,39.36000061035156,40.04999923706055,39.20000076293945,39.900001525878906,31.842716217041016,8439000,0.0,0.0
2015-10-01 00:00:00-04:00,39.900001525878906,40.18000030517578,39.34000015258789,39.470001220703125,31.499568939208984,7932700,0.0,0.0
2015-10-02 00:00:00-04:00,38.90999984741211,40.470001220703125,38.7599983215332,40.29999923706055,32.16194534301758,12399400,0.0,0.0
2015-10-05 00:00:00-04:00,40.5,41.84000015258789,40.5,41.63999938964844,33.23134994506836,7506700,0.0,0.0
2015-10-06 00:00:00-04:00,41.54999923706055,42.0099983215332,41.290000915527344,41.34000015258789,32.9919319152832,5090200,0.0,0.0
2015-10-07 00:00:00-04:00,41.810001373291016,42.45000076293945,41.369998931884766,42.40999984741211,33.845855712890625,7958100,0.0,0.0
2015-10-08 00:00:00-04:00,42.439998626708984,44.11000061035156,42.29999923706055,43.86000061035156,35.00304412841797,8537500,0.0,0.0
2015-10-09 00:00:00-04:00,43.72999954223633,44.130001068115234,42.959999084472656,43.130001068115234,34.42047119140625,6337900,0.0,0.0
2015-10-12 00:00:00-04:00,43.08000183105469,43.27000045776367,42.400001525878906,42.619998931884766,34.01345443725586,3177200,0.0,0.0
2015-10-13 00:00:00-04:00,42.439998626708984,42.95000076293945,41.970001220703125,42.34000015258789,33.78999710083008,3407300,0.0,0.0
2015-10-14 00:00:00-04:00,42.439998626708984,42.849998474121094,42.18000030517578,42.43000030517578,33.861820220947266,3073200,0.0,0.0
2015-10-15 00:00:00-04:00,42.58000183105469,43.16999816894531,42.189998626708984,43.15999984741211,34.44441604614258,3544600,0.0,0.0
2015-10-16 00:00:00-04:00,43.2400016784668,43.31999969482422,42.72999954223633,43.18000030517578,34.46037292480469,3753800,0.0,0.0
2015-10-19 00:00:00-04:00,42.939998626708984,43.09000015258789,42.70000076293945,42.91999816894531,34.25286865234375,4077800,0.0,0.0
2015-10-20 00:00:00-04:00,42.86000061035156,44.38999938964844,42.79999923706055,43.95000076293945,35.07487869262695,6700400,0.0,0.0
2015-10-21 00:00:00-04:00,44.16999816894531,44.380001068115234,43.18000030517578,43.18000030517578,34.46037292480469,5819700,0.0,0.0
2015-10-22 00:00:00-04:00,43.33000183105469,43.95000076293945,42.7599983215332,43.209999084472656,34.48430633544922,16162100,0.0,0.0
2015-10-23 00:00:00-04:00,43.470001220703125,44.56999969482422,43.43000030517578,44.4900016784668,35.50581359863281,9426200,0.0,0.0
2015-10-26 00:00:00-04:00,44.36000061035156,44.54999923706055,44.06999969482422,44.36000061035156,35.40208053588867,4125300,0.0,0.0
2015-10-27 00:00:00-04:00,44.650001525878906,45.220001220703125,44.15999984741211,44.5,35.51381301879883,5990300,0.0,0.0
2015-10-28 00:00:00-04:00,44.470001220703125,45.54999923706055,44.310001373291016,45.4900016784668,36.303897857666016,6912400,0.0,0.0
2015-10-29 00:00:00-04:00,45.349998474121094,47.20000076293945,45.099998474121094,46.619998931884766,37.20570755004883,10102500,0.0,0.0
2015-10-30 00:00:00-04:00,46.720001220703125,46.84000015258789,45.540000915527344,46.52000045776367,37.125892639160156,6026100,0.0,0.0
2015-11-02 00:00:00-05:00,46.63999938964844,48.16999816894531,46.59000015258789,47.869998931884766,38.203285217285156,8798600,0.0,0.0
2015-11-03 00:00:00-05:00,47.90999984741211,49.08000183105469,47.630001068115234,48.2400016784668,38.49856185913086,7681200,0.0,0.0
2015-11-04 00:00:00-05:00,49.880001068115234,51.0,47.43000030517578,47.95000076293945,38.26712417602539,22368600,0.0,0.0
2015-11-05 00:00:00-05:00,48.09000015258789,48.470001220703125,46.59000015258789,47.77000045776367,38.123477935791016,8536400,0.0,0.0
2015-11-06 00:00:00-05:00,47.61000061035156,48.75,46.970001220703125,48.63999938964844,38.817779541015625,6796100,0.0,0.0
2015-11-09 00:00:00-05:00,48.290000915527344,48.83000183105469,47.880001068115234,48.540000915527344,38.73799514770508,4588700,0.0,0.0
2015-11-10 00:00:00-05:00,48.25,49.81999969482422,48.25,49.75,39.70363235473633,7263100,0.0,0.0
2015-11-11 00:00:00-05:00,49.79999923706055,50.540000915527344,49.5099983215332,50.310001373291016,40.15056610107422,7736200,0.0,0.0
2015-11-12 00:00:00-05:00,49.970001220703125,50.619998931884766,49.66999816894531,50.36000061035156,40.19047164916992,5798800,0.0,0.0
2015-11-13 00:00:00-05:00,50.11000061035156,50.599998474121094,49.7400016784668,49.880001068115234,39.807395935058594,4225100,0.0,0.0
2015-11-16 00:00:00-05:00,49.70000076293945,51.029998779296875,49.599998474121094,50.939998626708984,40.65333557128906,4750600,0.0,0.0
2015-11-17 00:00:00-05:00,51.029998779296875,51.5099983215332,50.43000030517578,50.779998779296875,40.52564239501953,3628100,0.0,0.0
2015-11-18 00:00:00-05:00,50.84000015258789,51.43000030517578,50.779998779296875,51.310001373291016,40.948631286621094,4684500,0.0,0.0
2015-11-19 00:00:00-05:00,51.43000030517578,51.79999923706055,51.029998779296875,51.75,41.29977035522461,4641100,0.0,0.0
2015-11-20 00:00:00-05:00,51.97999954223633,52.18000030517578,51.310001373291016,51.689998626708984,41.25189971923828,4299600,0.0,0.0
2015-11-23 00:00:00-05:00,51.650001525878906,51.84000015258789,50.939998626708984,50.97999954223633,40.68526077270508,4717800,0.0,0.0
2015-11-24 00:00:00-05:00,50.65999984741211,50.86000061035156,50.310001373291016,50.540000915527344,40.33411407470703,5066900,0.0,0.0
2015-11-25 00:00:00-05:00,50.529998779296875,51.09000015258789,50.400001525878906,50.97999954223633,40.68526077270508,3954500,0.0,0.0
2015-11-27 00:00:00-05:00,50.709999084472656,50.91999816894531,50.15999984741211,50.75,40.501712799072266,3470500,0.0,0.0
2015-11-30 00:00:00-05:00,50.91999816894531,51.0,50.349998474121094,50.47999954223633,40.286231994628906,4352500,0.0,0.0
2015-12-01 00:00:00-05:00,50.7599983215332,51.2599983215332,50.560001373291016,51.099998474121094,40.781028747558594,5217000,0.0,0.0
2015-12-02 00:00:00-05:00,50.9900016784668,51.09000015258789,49.54999923706055,50.04999923706055,39.943058013916016,6009800,0.0,0.0
2015-12-03 00:00:00-05:00,50.06999969482422,50.459999084472656,48.83000183105469,49.33000183105469,39.36845397949219,6249900,0.0,0.0
2015-12-04 00:00:00-05:00,49.540000915527344,50.2400016784668,49.029998779296875,50.0099983215332,39.9111442565918,4005300,0.0,0.0
2015-12-07 00:00:00-05:00,49.77000045776367,50.56999969482422,49.369998931884766,50.45000076293945,40.26228713989258,4531100,0.0,0.0
2015-12-08 00:00:00-05:00,50.02000045776367,50.33000183105469,49.5,49.84000015258789,39.77546691894531,4178900,0.0,0.0
2015-12-09 00:00:00-05:00,49.5,49.52000045776367,47.900001525878906,48.36000061035156,38.71083450317383,5156500,0.15,0.0
2015-12-10 00:00:00-05:00,48.45000076293945,49.04999923706055,48.22999954223633,48.529998779296875,38.84691619873047,3484900,0.0,0.0
2015-12-11 00:00:00-05:00,47.88999938964844,48.04999923706055,46.7400016784668,46.84000015258789,37.49412155151367,6294200,0.0,0.0
2015-12-14 00:00:00-05:00,46.88999938964844,47.25,45.709999084472656,46.34000015258789,37.09388732910156,5453800,0.0,0.0
2015-12-15 00:00:00-05:00,46.75,47.27000045776367,46.599998474121094,46.83000183105469,37.48612594604492,3449700,0.0,0.0
2015-12-16 00:00:00-05:00,47.290000915527344,47.790000915527344,46.380001068115234,47.5,38.022430419921875,4698600,0.0,0.0
2015-12-17 00:00:00-05:00,47.56999969482422,47.720001220703125,46.439998626708984,46.52000045776367,37.23796463012695,3019500,0.0,0.0
2015-12-18 00:00:00-05:00,46.27000045776367,46.4900016784668,45.59000015258789,45.65999984741211,36.54956817626953,6537500,0.0,0.0
2015-12-21 00:00:00-05:00,45.900001525878906,46.18000030517578,45.369998931884766,45.790000915527344,36.653621673583984,2828900,0.0,0.0
2015-12-22 00:00:00-05:00,45.900001525878906,46.93000030517578,45.810001373291016,46.61000061035156,37.310020446777344,4706700,0.0,0.0
2015-12-23 00:00:00-05:00,46.77000045776367,47.380001068115234,46.599998474121094,47.22999954223633,37.806312561035156,4171600,0.0,0.0
2015-12-24 00:00:00-05:00,47.119998931884766,48.02000045776367,47.11000061035156,47.439998626708984,37.97441101074219,2025700,0.0,0.0
2015-12-28 00:00:00-05:00,47.20000076293945,47.52000045776367,46.61000061035156,46.83000183105469,37.48612594604492,2995600,0.0,0.0
2015-12-29 00:00:00-05:00,47.119998931884766,47.40999984741211,46.7400016784668,47.290000915527344,37.854331970214844,2523400,0.0,0.0
2015-12-30 00:00:00-05:00,47.15999984741211,47.459999084472656,46.720001220703125,46.7599983215332,37.43008041381836,1990200,0.0,0.0
2015-12-31 00:00:00-05:00,46.4900016784668,47.52000045776367,46.34000015258789,47.130001068115234,37.726261138916016,3163600,0.0,0.0
2016-01-04 00:00:00-05:00,46.33000183105469,46.88999938964844,46.130001068115234,46.650001525878906,37.34202575683594,5456300,0.0,0.0
2016-01-05 00:00:00-05:00,46.599998474121094,46.7599983215332,45.95000076293945,46.119998931884766,36.91777801513672,4098300,0.0,0.0
2016-01-06 00:00:00-05:00,45.54999923706055,46.869998931884766,45.5,46.130001068115234,36.92578125,4444300,0.0,0.0
2016-01-07 00:00:00-05:00,45.34000015258789,46.38999938964844,44.75,45.34000015258789,36.29341125488281,6308500,0.0,0.0
2016-01-08 00:00:00-05:00,45.52000045776367,47.130001068115234,45.52000045776367,46.459999084472656,37.18994140625,6530900,0.0,0.0
2016-01-11 00:00:00-05:00,46.689998626708984,47.06999969482422,45.66999816894531,46.779998779296875,37.44609451293945,6583700,0.0,0.0
2016-01-12 00:00:00-05:00,47.040000915527344,47.560001373291016,46.41999816894531,47.02000045776367,37.638214111328125,3884900,0.0,0.0
2016-01-13 00:00:00-05:00,47.060001373291016,47.22999954223633,44.90999984741211,44.939998626708984,35.973228454589844,5601500,0.0,0.0
2016-01-14 00:00:00-05:00,45.040000915527344,47.33000183105469,44.86000061035156,46.72999954223633,37.40606689453125,6171000,0.0,0.0
2016-01-15 00:00:00-05:00,45.560001373291016,46.349998474121094,45.08000183105469,45.880001068115234,36.72566223144531,4856600,0.0,0.0
2016-01-19 00:00:00-05:00,46.29999923706055,46.7400016784668,44.91999816894531,45.38999938964844,36.333438873291016,4918600,0.0,0.0
2016-01-20 00:00:00-05:00,44.63999938964844,44.70000076293945,42.18000030517578,44.02000045776367,35.23678970336914,7172400,0.0,0.0
2016-01-21 00:00:00-05:00,44.02000045776367,46.459999084472656,43.86000061035156,45.77000045776367,36.63762664794922,7068900,0.0,0.0
2016-01-22 00:00:00-05:00,46.5,47.29999923706055,46.060001373291016,46.939998626708984,37.574161529541016,4554400,0.0,0.0
2016-01-25 00:00:00-05:00,46.650001525878906,46.939998626708984,45.84000015258789,46.290000915527344,37.053855895996094,4575700,0.0,0.0
2016-01-26 00:00:00-05:00,46.70000076293945,47.709999084472656,46.43000030517578,47.5099983215332,38.03043746948242,3746000,0.0,0.0
2016-01-27 00:00:00-05:00,47.349998474121094,48.40999984741211,47.0,47.34000015258789,37.89434814453125,3955200,0.0,0.0
2016-01-28 00:00:00-05:00,47.7599983215332,47.939998626708984,45.77000045776367,46.290000915527344,37.053855895996094,4273900,0.0,0.0
2016-01-29 00:00:00-05:00,46.619998931884766,47.79999923706055,46.47999954223633,47.5,38.022430419921875,3705900,0.0,0.0
2016-02-01 00:00:00-05:00,47.15999984741211,48.22999954223633,46.779998779296875,47.90999984741211,38.35062026977539,2778600,0.0,0.0
2016-02-02 00:00:00-05:00,47.36000061035156,47.650001525878906,46.529998779296875,46.630001068115234,37.326019287109375,2999400,0.0,0.0
2016-02-03 00:00:00-05:00,47.040000915527344,48.459999084472656,46.65999984741211,48.2599983215332,38.63078689575195,5454000,0.0,0.0
2016-02-04 00:00:00-05:00,49.79999923706055,50.31999969482422,47.849998474121094,48.40999984741211,38.7508659362793,8107700,0.0,0.0
2016-02-05 00:00:00-05:00,48.220001220703125,48.540000915527344,46.04999923706055,46.25,37.021827697753906,6104800,0.0,0.0
2016-02-08 00:00:00-05:00,45.650001525878906,45.779998779296875,43.349998474121094,44.36000061035156,35.508949279785156,7405900,0.0,0.0
2016-02-09 00:00:00-05:00,43.29999923706055,44.189998626708984,42.59000015258789,42.650001525878906,34.14013671875,7335800,0.0,0.0
2016-02-10 00:00:00-05:00,41.470001220703125,43.619998931884766,41.36000061035156,42.880001068115234,34.32425308227539,7266900,0.0,0.0
2016-02-11 00:00:00-05:00,42.119998931884766,43.93000030517578,41.900001525878906,43.56999969482422,34.87657928466797,7652900,0.0,0.0
2016-02-12 00:00:00-05:00,43.61000061035156,44.040000915527344,42.52000045776367,43.18000030517578,34.56439208984375,6762700,0.0,0.0
2016-02-16 00:00:00-05:00,43.779998779296875,45.619998931884766,43.540000915527344,44.91999816894531,35.95720291137695,6002000,0.0,0.0
2016-02-17 00:00:00-05:00,45.279998779296875,46.7599983215332,45.25,46.560001373291016,37.269989013671875,5567500,0.0,0.0
2016-02-18 00:00:00-05:00,46.4900016784668,46.63999938964844,45.40999984741211,45.790000915527344,36.653621673583984,4419300,0.0,0.0
2016-02-19 00:00:00-05:00,45.47999954223633,45.869998931884766,44.900001525878906,45.09000015258789,36.09328842163086,5359700,0.0,0.0
2016-02-22 00:00:00-05:00,45.470001220703125,46.97999954223633,45.40999984741211,46.869998931884766,37.51813888549805,5144600,0.0,0.0
2016-02-23 00:00:00-05:00,46.77000045776367,47.54999923706055,46.369998931884766,46.959999084472656,37.59017562866211,4322300,0.0,0.0
2016-02-24 00:00:00-05:00,46.2599983215332,47.70000076293945,45.779998779296875,47.47999954223633,38.00642395019531,4243800,0.0,0.0
2016-02-25 00:00:00-05:00,47.95000076293945,48.2400016784668,47.150001525878906,47.63999938964844,38.134490966796875,3584300,0.0,0.0
2016-02-26 00:00:00-05:00,48.029998779296875,48.810001373291016,47.75,48.29999923706055,38.66281509399414,3897900,0.0,0.0
2016-02-29 00:00:00-05:00,48.29999923706055,48.81999969482422,47.880001068115234,48.380001068115234,38.72684097290039,7813500,0.0,0.0
2016-03-01 00:00:00-05:00,48.66999816894531,50.279998779296875,48.54999923706055,50.25,40.22373580932617,6543700,0.0,0.0
2016-03-02 00:00:00-05:00,49.900001525878906,50.40999984741211,49.41999816894531,50.150001525878906,40.1436882019043,3757500,0.0,0.0
2016-03-03 00:00:00-05:00,50.25,51.650001525878906,50.189998626708984,51.47999954223633,41.20831298828125,5959000,0.0,0.0
2016-03-04 00:00:00-05:00,51.43000030517578,51.72999954223633,51.0099983215332,51.400001525878906,41.14427947998047,4298500,0.0,0.0
2016-03-07 00:00:00-05:00,51.0,52.02000045776367,50.88999938964844,52.0,41.624568939208984,4103600,0.0,0.0
2016-03-08 00:00:00-05:00,51.560001373291016,52.02000045776367,50.970001220703125,51.18000030517578,40.96816635131836,4530300,0.0,0.0
2016-03-09 00:00:00-05:00,52.72999954223633,53.099998474121094,51.59000015258789,52.099998474121094,41.82719802856445,7024900,0.15,0.0
2016-03-10 00:00:00-05:00,52.25,52.29999923706055,50.9900016784668,51.779998779296875,41.570289611816406,3730400,0.0,0.0
2016-03-11 00:00:00-05:00,52.11000061035156,53.15999984741211,52.08000183105469,53.119998931884766,42.646080017089844,4393900,0.0,0.0
2016-03-14 00:00:00-04:00,52.689998626708984,53.86000061035156,52.68000030517578,53.29999923706055,42.790584564208984,5128600,0.0,0.0
2016-03-15 00:00:00-04:00,52.72999954223633,53.189998626708984,51.83000183105469,52.59000015258789,42.2205810546875,6543800,0.0,0.0
2016-03-16 00:00:00-04:00,52.90999984741211,54.97999954223633,52.90999984741211,54.439998626708984,43.70579528808594,8553300,0.0,0.0
2016-03-17 00:00:00-04:00,54.38999938964844,54.75,54.0099983215332,54.25,43.55326461791992,4781600,0.0,0.0
2016-03-18 00:00:00-04:00,54.4900016784668,54.779998779296875,54.04999923706055,54.709999084472656,43.92256164550781,5924500,0.0,0.0
2016-03-21 00:00:00-04:00,54.619998931884766,54.77000045776367,53.43000030517578,54.02000045776367,43.368614196777344,4512800,0.0,0.0
2016-03-22 00:00:00-04:00,53.7599983215332,54.290000915527344,53.29999923706055,53.86000061035156,43.24016571044922,2903500,0.0,0.0
2016-03-23 00:00:00-04:00,53.849998474121094,53.939998626708984,53.279998779296875,53.5,42.95115661621094,2674100,0.0,0.0
2016-03-24 00:00:00-04:00,53.0,54.18000030517578,52.75,54.060001373291016,43.400726318359375,3003700,0.0,0.0
2016-03-28 00:00:00-04:00,54.25,55.0,54.0,54.61000061035156,43.84228515625,2986700,0.0,0.0
2016-03-29 00:00:00-04:00,54.220001220703125,55.029998779296875,54.02000045776367,54.900001525878906,44.07509994506836,3216100,0.0,0.0
2016-03-30 00:00:00-04:00,55.130001068115234,55.15999984741211,54.060001373291016,54.61000061035156,43.84228515625,4020100,0.0,0.0
2016-03-31 00:00:00-04:00,54.689998626708984,55.380001068115234,54.689998626708984,55.09000015258789,44.227638244628906,4502500,0.0,0.0
2016-04-01 00:00:00-04:00,54.599998474121094,55.400001525878906,54.290000915527344,55.16999816894531,44.2918586730957,4106800,0.0,0.0
2016-04-04 00:00:00-04:00,55.29999923706055,55.650001525878906,54.720001220703125,54.81999969482422,44.010887145996094,2968600,0.0,0.0
2016-04-05 00:00:00-04:00,54.2400016784668,54.56999969482422,53.720001220703125,54.2599983215332,43.56128692626953,3719600,0.0,0.0
2016-04-06 00:00:00-04:00,54.290000915527344,54.959999084472656,54.16999816894531,54.849998474121094,44.03496551513672,2577400,0.0,0.0
2016-04-07 00:00:00-04:00,54.400001525878906,54.849998474121094,53.380001068115234,53.58000183105469,43.01537322998047,4045400,0.0,0.0
2016-04-08 00:00:00-04:00,54.22999954223633,54.75,53.779998779296875,54.119998931884766,43.44889831542969,3605600,0.0,0.0
2016-04-11 00:00:00-04:00,54.27000045776367,54.58000183105469,53.41999816894531,53.52000045776367,42.96720504760742,2640200,0.0,0.0
2016-04-12 00:00:00-04:00,53.5099983215332,53.900001525878906,53.279998779296875,53.58000183105469,43.01537322998047,2762800,0.0,0.0
2016-04-13 00:00:00-04:00,54.029998779296875,54.54999923706055,53.779998779296875,54.290000915527344,43.58538055419922,4719900,0.0,0.0
2016-04-14 00:00:00-04:00,54.209999084472656,54.4900016784668,53.650001525878906,53.65999984741211,43.079593658447266,2896500,0.0,0.0
2016-04-15 00:00:00-04:00,53.599998474121094,54.15999984741211,53.33000183105469,53.88999938964844,43.26425552368164,2517100,0.0,0.0
2016-04-18 00:00:00-04:00,53.90999984741211,54.45000076293945,53.75,54.130001068115234,43.456932067871094,2744900,0.0,0.0
2016-04-19 00:00:00-04:00,54.25,55.77000045776367,54.11000061035156,54.959999084472656,44.12327194213867,4234600,0.0,0.0
2016-04-20 00:00:00-04:00,55.02000045776367,55.22999954223633,54.25,55.04999923706055,44.19552993774414,3390200,0.0,0.0
2016-04-21 00:00:00-04:00,55.189998626708984,56.540000915527344,54.90999984741211,55.81999969482422,44.81370544433594,3153600,0.0,0.0
2016-04-22 00:00:00-04:00,55.84000015258789,57.06999969482422,55.84000015258789,56.4900016784668,45.35159683227539,4541200,0.0,0.0
2016-04-25 00:00:00-04:00,56.18000030517578,56.540000915527344,55.75,56.290000915527344,45.1910285949707,2175600,0.0,0.0
2016-04-26 00:00:00-04:00,56.47999954223633,57.13999938964844,56.09000015258789,56.439998626708984,45.31144714355469,2890100,0.0,0.0
2016-04-27 00:00:00-04:00,56.5,56.75,55.56999969482422,56.38999938964844,45.271324157714844,2905500,0.0,0.0
2016-04-28 00:00:00-04:00,55.95000076293945,56.709999084472656,55.54999923706055,56.06999969482422,45.01441192626953,3118900,0.0,0.0
2016-04-29 00:00:00-04:00,56.02000045776367,56.02000045776367,55.290000915527344,55.90999984741211,44.88595962524414,3590200,0.0,0.0
2016-05-02 00:00:00-04:00,56.02000045776367,56.650001525878906,55.599998474121094,56.470001220703125,45.33552932739258,2633500,0.0,0.0
2016-05-03 00:00:00-04:00,55.97999954223633,56.290000915527344,55.349998474121094,55.65999984741211,44.68525314331055,5736600,0.0,0.0
2016-05-04 00:00:00-04:00,57.0099983215332,57.59000015258789,55.75,56.529998779296875,45.38370132446289,12178700,0.0,0.0
2016-05-05 00:00:00-04:00,56.83000183105469,57.88999938964844,56.619998931884766,57.470001220703125,46.138370513916016,7706700,0.0,0.0
2016-05-06 00:00:00-04:00,57.209999084472656,57.72999954223633,57.0099983215332,57.68000030517578,46.30695724487305,4812800,0.0,0.0
2016-05-09 00:00:00-04:00,57.72999954223633,57.86000061035156,55.88999938964844,56.0,44.95821762084961,5230700,0.0,0.0
2016-05-10 00:00:00-04:00,56.16999816894531,57.02000045776367,55.88999938964844,56.959999084472656,45.728919982910156,4210400,0.0,0.0
2016-05-11 00:00:00-04:00,56.209999084472656,56.41999816894531,55.38999938964844,55.79999923706055,44.797645568847656,4891800,0.0,0.0
2016-05-12 00:00:00-04:00,56.25,56.33000183105469,54.0,54.279998779296875,43.57735824584961,6142100,0.0,0.0
2016-05-13 00:00:00-04:00,54.220001220703125,54.599998474121094,53.470001220703125,53.5,42.95115661621094,3857400,0.0,0.0
2016-05-16 00:00:00-04:00,53.54999923706055,54.04999923706055,53.119998931884766,53.650001525878906,43.071563720703125,3093700,0.0,0.0
2016-05-17 00:00:00-04:00,53.630001068115234,54.43000030517578,53.2400016784668,53.459999084472656,42.919044494628906,4637900,0.0,0.0
2016-05-18 00:00:00-04:00,53.22999954223633,53.310001373291016,51.91999816894531,52.279998779296875,41.97169494628906,5420500,0.0,0.0
2016-05-19 00:00:00-04:00,52.13999938964844,52.2400016784668,51.31999969482422,52.099998474121094,41.82719802856445,4529500,0.0,0.0
2016-05-20 00:00:00-04:00,52.349998474121094,53.34000015258789,52.34000015258789,52.7400016784668,42.34101486206055,3329400,0.0,0.0
2016-05-23 00:00:00-04:00,52.560001373291016,53.29999923706055,52.40999984741211,52.439998626708984,42.10014343261719,2194800,0.0,0.0
2016-05-24 00:00:00-04:00,52.81999969482422,53.63999938964844,52.599998474121094,53.369998931884766,42.846778869628906,3520700,0.0,0.0
2016-05-25 00:00:00-04:00,53.470001220703125,54.47999954223633,53.45000076293945,53.93000030517578,43.29636001586914,3670900,0.0,0.0
2016-05-26 00:00:00-04:00,53.869998931884766,54.77000045776367,53.5099983215332,54.349998474121094,43.6335563659668,3213700,0.0,0.0
2016-05-27 00:00:00-04:00,54.31999969482422,55.11000061035156,54.099998474121094,54.869998931884766,44.05101013183594,2711000,0.0,0.0
2016-05-31 00:00:00-04:00,55.0,55.290000915527344,54.720001220703125,55.20000076293945,44.315956115722656,3682100,0.0,0.0
2016-06-01 00:00:00-04:00,55.20000076293945,55.20000076293945,54.560001373291016,55.16999816894531,44.2918586730957,3676300,0.0,0.0
2016-06-02 00:00:00-04:00,55.0099983215332,55.54999923706055,54.849998474121094,55.400001525878906,44.47650909423828,2867000,0.0,0.0
2016-06-03 00:00:00-04:00,54.970001220703125,55.0,53.720001220703125,54.38999938964844,43.6656608581543,4480900,0.0,0.0
2016-06-06 00:00:00-04:00,54.529998779296875,54.689998626708984,53.77000045776367,54.029998779296875,43.37665557861328,4848100,0.0,0.0
2016-06-07 00:00:00-04:00,54.09000015258789,54.189998626708984,53.459999084472656,53.5099983215332,42.95919418334961,5634400,0.0,0.0
2016-06-08 00:00:00-04:00,53.43000030517578,53.88999938964844,53.189998626708984,53.529998779296875,43.096046447753906,3613100,0.15,0.0
2016-06-09 00:00:00-04:00,53.27000045776367,53.349998474121094,52.560001373291016,53.0,42.669342041015625,4158800,0.0,0.0
2016-06-10 00:00:00-04:00,52.5099983215332,52.83000183105469,51.9900016784668,52.72999954223633,42.45197296142578,3342600,0.0,0.0
2016-06-13 00:00:00-04:00,52.619998931884766,53.13999938964844,52.09000015258789,52.11000061035156,41.95281982421875,3561100,0.0,0.0
2016-06-14 00:00:00-04:00,52.150001525878906,52.95000076293945,52.06999969482422,52.81999969482422,42.52442169189453,2866400,0.0,0.0
2016-06-15 00:00:00-04:00,52.849998474121094,53.66999816894531,52.83000183105469,53.20000076293945,42.83036804199219,2578600,0.0,0.0
2016-06-16 00:00:00-04:00,52.900001525878906,54.66999816894531,52.36000061035156,54.47999954223633,43.860870361328125,4980000,0.0,0.0
2016-06-17 00:00:00-04:00,54.290000915527344,54.4900016784668,53.54999923706055,53.72999954223633,43.25706100463867,5029800,0.0,0.0
2016-06-20 00:00:00-04:00,54.439998626708984,54.939998626708984,53.9900016784668,54.02000045776367,43.49053192138672,4229000,0.0,0.0
2016-06-21 00:00:00-04:00,54.029998779296875,54.09000015258789,52.81999969482422,53.439998626708984,43.02357864379883,3064300,0.0,0.0
2016-06-22 00:00:00-04:00,53.66999816894531,54.150001525878906,53.29999923706055,53.650001525878906,43.19264602661133,2772200,0.0,0.0
2016-06-23 00:00:00-04:00,54.119998931884766,54.20000076293945,53.20000076293945,53.689998626708984,43.224857330322266,2794200,0.0,0.0
2016-06-24 00:00:00-04:00,51.540000915527344,52.63999938964844,51.31999969482422,51.650001525878906,41.58248519897461,6412000,0.0,0.0
2016-06-27 00:00:00-04:00,50.9900016784668,51.439998626708984,50.529998779296875,50.88999938964844,40.97062301635742,4134900,0.0,0.0
2016-06-28 00:00:00-04:00,51.36000061035156,52.20000076293945,51.2400016784668,52.06999969482422,41.920623779296875,4298900,0.0,0.0
2016-06-29 00:00:00-04:00,52.5,53.04999923706055,52.27000045776367,52.7599983215332,42.47612762451172,2404100,0.0,0.0
2016-06-30 00:00:00-04:00,53.279998779296875,54.439998626708984,52.970001220703125,54.439998626708984,43.82865905761719,4332100,0.0,0.0
2016-07-01 00:00:00-04:00,54.439998626708984,55.70000076293945,54.349998474121094,54.86000061035156,44.16679763793945,3519500,0.0,0.0
2016-07-05 00:00:00-04:00,54.58000183105469,54.790000915527344,54.130001068115234,54.66999816894531,44.013832092285156,2483300,0.0,0.0
2016-07-06 00:00:00-04:00,54.459999084472656,55.15999984741211,54.13999938964844,55.09000015258789,44.351959228515625,3220200,0.0,0.0
2016-07-07 00:00:00-04:00,55.27000045776367,56.11000061035156,55.13999938964844,56.11000061035156,45.17315673828125,3400800,0.0,0.0
2016-07-08 00:00:00-04:00,56.54999923706055,57.11000061035156,56.25,57.08000183105469,45.9540901184082,3434500,0.0,0.0
2016-07-11 00:00:00-04:00,57.25,57.790000915527344,57.02000045776367,57.529998779296875,46.316375732421875,3101800,0.0,0.0
2016-07-12 00:00:00-04:00,57.720001220703125,58.150001525878906,57.66999816894531,57.939998626708984,46.64645767211914,2454300,0.0,0.0
2016-07-13 00:00:00-04:00,58.0099983215332,58.16999816894531,57.290000915527344,57.5099983215332,46.30025100708008,2778000,0.0,0.0
2016-07-14 00:00:00-04:00,58.04999923706055,58.220001220703125,57.650001525878906,57.939998626708984,46.64645767211914,2665400,0.0,0.0
2016-07-15 00:00:00-04:00,56.90999984741211,57.150001525878906,55.689998626708984,55.849998474121094,44.96382522583008,6783000,0.0,0.0
2016-07-18 00:00:00-04:00,55.900001525878906,55.959999084472656,54.66999816894531,54.689998626708984,44.02994155883789,6549600,0.0,0.0
2016-07-19 00:00:00-04:00,54.599998474121094,55.220001220703125,54.099998474121094,54.97999954223633,44.26340866088867,4140400,0.0,0.0
2016-07-20 00:00:00-04:00,55.209999084472656,55.209999084472656,54.27000045776367,54.529998779296875,43.90111541748047,2980000,0.0,0.0
2016-07-21 00:00:00-04:00,54.630001068115234,55.0099983215332,53.779998779296875,53.95000076293945,43.434181213378906,4795500,0.0,0.0
2016-07-22 00:00:00-04:00,54.20000076293945,55.18000030517578,54.0099983215332,55.150001525878906,44.40027618408203,4887700,0.0,0.0
2016-07-25 00:00:00-04:00,54.90999984741211,55.29999923706055,54.38999938964844,54.41999816894531,43.812557220458984,3309000,0.0,0.0
2016-07-26 00:00:00-04:00,54.40999984741211,54.810001373291016,53.959999084472656,54.439998626708984,43.82865905761719,3375300,0.0,0.0
2016-07-27 00:00:00-04:00,54.61000061035156,54.93000030517578,54.060001373291016,54.099998474121094,43.5549430847168,3674300,0.0,0.0
2016-07-28 00:00:00-04:00,53.900001525878906,54.79999923706055,53.630001068115234,54.209999084472656,43.643497467041016,6528900,0.0,0.0
2016-07-29 00:00:00-04:00,53.09000015258789,53.29999923706055,51.959999084472656,52.220001220703125,42.041378021240234,8271100,0.0,0.0
2016-08-01 00:00:00-04:00,52.25,52.720001220703125,52.0,52.099998474121094,41.94477081298828,4117500,0.0,0.0
2016-08-02 00:00:00-04:00,51.9900016784668,52.349998474121094,51.68000030517578,51.90999984741211,41.79180908203125,4397300,0.0,0.0
2016-08-03 00:00:00-04:00,51.90999984741211,52.66999816894531,51.77000045776367,52.09000015258789,41.93673324584961,3633700,0.0,0.0
2016-08-04 00:00:00-04:00,52.0,52.58000183105469,51.63999938964844,51.83000183105469,41.7274055480957,3226600,0.0,0.0
2016-08-05 00:00:00-04:00,52.0099983215332,52.2400016784668,51.72999954223633,52.16999816894531,42.00113296508789,2536700,0.0,0.0
2016-08-08 00:00:00-04:00,52.310001373291016,52.33000183105469,51.790000915527344,52.0099983215332,41.872310638427734,3679700,0.0,0.0
2016-08-09 00:00:00-04:00,51.900001525878906,52.16999816894531,51.65999984741211,51.849998474121094,41.743492126464844,2903800,0.0,0.0
2016-08-10 00:00:00-04:00,51.9900016784668,52.40999984741211,51.77000045776367,52.04999923706055,41.90452194213867,2269800,0.0,0.0
2016-08-11 00:00:00-04:00,52.20000076293945,53.040000915527344,52.20000076293945,52.91999816894531,42.60494613647461,2993700,0.0,0.0
2016-08-12 00:00:00-04:00,52.650001525878906,52.880001068115234,52.13999938964844,52.349998474121094,42.14604568481445,2509000,0.0,0.0
2016-08-15 00:00:00-04:00,52.45000076293945,52.599998474121094,52.279998779296875,52.279998779296875,42.08968734741211,2177100,0.0,0.0
2016-08-16 00:00:00-04:00,52.189998626708984,52.33000183105469,51.59000015258789,51.59000015258789,41.534183502197266,4211200,0.0,0.0
2016-08-17 00:00:00-04:00,51.619998931884766,51.880001068115234,51.439998626708984,51.75,41.66299057006836,4225200,0.0,0.0
2016-08-18 00:00:00-04:00,51.7400016784668,52.06999969482422,51.47999954223633,51.529998779296875,41.485877990722656,2395600,0.0,0.0
2016-08-19 00:00:00-04:00,51.380001068115234,51.880001068115234,51.119998931884766,51.849998474121094,41.743492126464844,3344000,0.0,0.0
2016-08-22 00:00:00-04:00,51.77000045776367,52.83000183105469,51.54999923706055,52.68000030517578,42.41172409057617,4234000,0.0,0.0
2016-08-23 00:00:00-04:00,52.880001068115234,53.0,52.540000915527344,52.79999923706055,42.50832748413086,4050600,0.0,0.0
2016-08-24 00:00:00-04:00,52.68000030517578,52.959999084472656,52.20000076293945,52.380001068115234,42.170188903808594,2631700,0.0,0.0
2016-08-25 00:00:00-04:00,52.25,52.36000061035156,51.65999984741211,51.689998626708984,41.61467742919922,3134600,0.0,0.0
2016-08-26 00:00:00-04:00,51.72999954223633,52.09000015258789,51.15999984741211,51.439998626708984,41.413421630859375,3205600,0.0,0.0
2016-08-29 00:00:00-04:00,51.459999084472656,51.7400016784668,51.2599983215332,51.459999084472656,41.42952346801758,2300900,0.0,0.0
2016-08-30 00:00:00-04:00,51.41999816894531,51.52000045776367,51.06999969482422,51.27000045776367,41.27655029296875,2659000,0.0,0.0
2016-08-31 00:00:00-04:00,51.029998779296875,51.47999954223633,50.959999084472656,51.029998779296875,41.08332824707031,2298600,0.0,0.0
2016-09-01 00:00:00-04:00,51.150001525878906,52.06999969482422,51.04999923706055,52.040000915527344,41.8964729309082,4210800,0.0,0.0
2016-09-02 00:00:00-04:00,52.290000915527344,52.779998779296875,52.119998931884766,52.220001220703125,42.041378021240234,1844300,0.0,0.0
2016-09-06 00:00:00-04:00,52.22999954223633,52.31999969482422,51.18000030517578,51.75,41.66299057006836,4087800,0.0,0.0
2016-09-07 00:00:00-04:00,51.47999954223633,53.0,51.31999969482422,52.619998931884766,42.51128387451172,5012300,0.18,0.0
2016-09-08 00:00:00-04:00,52.47999954223633,53.40999984741211,52.369998931884766,53.36000061035156,43.1091194152832,4518500,0.0,0.0
2016-09-09 00:00:00-04:00,52.900001525878906,52.91999816894531,51.90999984741211,51.90999984741211,41.93768310546875,5288500,0.0,0.0
2016-09-12 00:00:00-04:00,51.630001068115234,53.130001068115234,51.599998474121094,52.7599983215332,42.62438201904297,4733400,0.0,0.0
2016-09-13 00:00:00-04:00,52.459999084472656,52.459999084472656,51.56999969482422,51.84000015258789,41.881126403808594,4605800,0.0,0.0
2016-09-14 00:00:00-04:00,51.83000183105469,52.540000915527344,51.72999954223633,52.13999938964844,42.12350082397461,2171800,0.0,0.0
2016-09-15 00:00:00-04:00,52.06999969482422,52.52000045776367,51.77000045776367,52.2400016784668,42.20429229736328,2826600,0.0,0.0
2016-09-16 00:00:00-04:00,51.97999954223633,52.349998474121094,51.130001068115234,51.790000915527344,41.840728759765625,6386700,0.0,0.0
2016-09-19 00:00:00-04:00,51.7400016784668,51.95000076293945,50.959999084472656,51.08000183105469,41.26712417602539,3319300,0.0,0.0
2016-09-20 00:00:00-04:00,51.900001525878906,51.900001525878906,49.15999984741211,49.970001220703125,40.37036895751953,8364400,0.0,0.0
2016-09-21 00:00:00-04:00,49.86000061035156,50.29999923706055,48.880001068115234,50.08000183105469,40.4592399597168,7149900,0.0,0.0
2016-09-22 00:00:00-04:00,49.95000076293945,50.369998931884766,49.86000061035156,50.06999969482422,40.451168060302734,3814200,0.0,0.0
2016-09-23 00:00:00-04:00,49.72999954223633,51.08000183105469,49.72999954223633,50.90999984741211,41.129791259765625,4052200,0.0,0.0
2016-09-26 00:00:00-04:00,51.599998474121094,51.61000061035156,50.7599983215332,51.130001068115234,41.30752944946289,4567800,0.0,0.0
2016-09-27 00:00:00-04:00,51.06999969482422,52.09000015258789,50.84000015258789,52.04999923706055,42.05078887939453,4383800,0.0,0.0
2016-09-28 00:00:00-04:00,52.09000015258789,54.41999816894531,51.540000915527344,54.150001525878906,43.74735641479492,11189700,0.0,0.0
2016-09-29 00:00:00-04:00,54.02000045776367,55.91999816894531,53.56999969482422,54.56999969482422,44.086673736572266,12488800,0.0,0.0
2016-09-30 00:00:00-04:00,54.81999969482422,54.959999084472656,54.11000061035156,54.7400016784668,44.22401428222656,8244000,0.0,0.0
2016-10-03 00:00:00-04:00,54.38999938964844,55.029998779296875,54.349998474121094,54.93000030517578,44.37751388549805,3130000,0.0,0.0
2016-10-04 00:00:00-04:00,55.5,56.400001525878906,55.290000915527344,55.54999923706055,44.8784065246582,5893300,0.0,0.0
2016-10-05 00:00:00-04:00,56.060001373291016,56.849998474121094,55.61000061035156,56.40999984741211,45.57319259643555,5608800,0.0,0.0
2016-10-06 00:00:00-04:00,56.2400016784668,56.61000061035156,55.66999816894531,56.209999084472656,45.4116096496582,3971500,0.0,0.0
2016-10-07 00:00:00-04:00,56.56999969482422,56.790000915527344,54.90999984741211,55.220001220703125,44.611812591552734,4099200,0.0,0.0
2016-10-10 00:00:00-04:00,55.40999984741211,56.11000061035156,55.38999938964844,55.72999954223633,45.023826599121094,2728000,0.0,0.0
2016-10-11 00:00:00-04:00,55.650001525878906,55.81999969482422,54.959999084472656,55.45000076293945,44.79761505126953,4396700,0.0,0.0
2016-10-12 00:00:00-04:00,55.5,55.560001373291016,54.900001525878906,55.150001525878906,44.55525588989258,3792900,0.0,0.0
2016-10-13 00:00:00-04:00,54.709999084472656,55.41999816894531,54.369998931884766,55.2400016784668,44.62795639038086,2529600,0.0,0.0
2016-10-14 00:00:00-04:00,55.630001068115234,56.0,55.029998779296875,55.11000061035156,44.52294158935547,2916600,0.0,0.0
2016-10-17 00:00:00-04:00,55.04999923706055,55.61000061035156,54.93000030517578,55.38999938964844,44.7491455078125,3586000,0.0,0.0
2016-10-18 00:00:00-04:00,56.130001068115234,56.290000915527344,55.060001373291016,55.099998474121094,44.514854431152344,3747600,0.0,0.0
2016-10-19 00:00:00-04:00,55.33000183105469,57.43000030517578,55.040000915527344,55.529998779296875,44.86226272583008,4288500,0.0,0.0
2016-10-20 00:00:00-04:00,55.400001525878906,57.0,55.27000045776367,56.4900016784668,45.63782501220703,6348700,0.0,0.0
2016-10-21 00:00:00-04:00,56.36000061035156,58.349998474121094,56.36000061035156,57.65999984741211,46.583065032958984,10802100,0.0,0.0
2016-10-24 00:00:00-04:00,58.0,58.189998626708984,56.31999969482422,56.349998474121094,45.52471923828125,5624100,0.0,0.0
2016-10-25 00:00:00-04:00,56.380001068115234,56.7599983215332,55.90999984741211,55.9900016784668,45.233890533447266,4292300,0.0,0.0
2016-10-26 00:00:00-04:00,55.88999938964844,57.029998779296875,55.650001525878906,56.779998779296875,45.87211990356445,4272600,0.0,0.0
2016-10-27 00:00:00-04:00,57.130001068115234,57.290000915527344,55.959999084472656,56.40999984741211,45.57319259643555,5563300,0.0,0.0
2016-10-28 00:00:00-04:00,56.349998474121094,57.22999954223633,56.349998474121094,56.540000915527344,45.678226470947266,3067700,0.0,0.0
2016-10-31 00:00:00-04:00,56.68000030517578,57.119998931884766,56.47999954223633,56.619998931884766,45.74285125732422,2901000,0.0,0.0
2016-11-01 00:00:00-04:00,56.4900016784668,56.619998931884766,55.29999923706055,55.83000183105469,45.104610443115234,4337600,0.0,0.0
2016-11-02 00:00:00-04:00,55.91999816894531,56.060001373291016,55.029998779296875,55.150001525878906,44.55525588989258,4722100,0.0,0.0
2016-11-03 00:00:00-04:00,55.38999938964844,56.369998931884766,55.25,55.5,44.8380241394043,5024800,0.0,0.0
2016-11-04 00:00:00-04:00,57.439998626708984,57.599998474121094,56.43000030517578,57.0099983215332,46.05792999267578,7193400,0.0,0.0
2016-11-07 00:00:00-05:00,57.709999084472656,59.720001220703125,57.34000015258789,57.619998931884766,46.55073547363281,5486000,0.0,0.0
2016-11-08 00:00:00-05:00,57.5,58.43000030517578,57.41999816894531,57.72999954223633,46.639617919921875,4962500,0.0,0.0
2016-11-09 00:00:00-05:00,56.400001525878906,57.7400016784668,56.25,57.41999816894531,46.38916778564453,5032400,0.0,0.0
2016-11-10 00:00:00-05:00,57.43000030517578,57.95000076293945,57.060001373291016,57.150001525878906,46.171043395996094,4305600,0.0,0.0
2016-11-11 00:00:00-05:00,56.95000076293945,58.040000915527344,56.95000076293945,57.7400016784668,46.64768600463867,7195900,0.0,0.0
2016-11-14 00:00:00-05:00,57.88999938964844,59.08000183105469,57.65999984741211,58.86000061035156,47.552520751953125,5251100,0.0,0.0
2016-11-15 00:00:00-05:00,58.849998474121094,59.470001220703125,58.540000915527344,59.209999084472656,47.83528518676758,5003700,0.0,0.0
2016-11-16 00:00:00-05:00,59.0,59.58000183105469,58.849998474121094,59.380001068115234,47.97264099121094,3754200,0.0,0.0
2016-11-17 00:00:00-05:00,59.33000183105469,60.13999938964844,59.20000076293945,60.06999969482422,48.53008270263672,3630900,0.0,0.0
2016-11-18 00:00:00-05:00,59.95000076293945,60.52000045776367,59.91999816894531,60.0,48.47352981567383,5428300,0.0,0.0
2016-11-21 00:00:00-05:00,60.08000183105469,60.70000076293945,59.970001220703125,60.290000915527344,48.70780944824219,5571500,0.0,0.0
2016-11-22 00:00:00-05:00,60.31999969482422,61.34000015258789,60.13999938964844,60.93000030517578,49.22488021850586,5325100,0.0,0.0
2016-11-23 00:00:00-05:00,60.290000915527344,60.41999816894531,59.75,60.0099983215332,48.481605529785156,3703600,0.0,0.0
2016-11-25 00:00:00-05:00,59.900001525878906,60.93000030517578,59.849998474121094,60.91999816894531,49.21678924560547,1191400,0.0,0.0
2016-11-28 00:00:00-05:00,60.709999084472656,61.11000061035156,60.439998626708984,60.4900016784668,48.86939239501953,2527000,0.0,0.0
2016-11-29 00:00:00-05:00,60.47999954223633,61.2599983215332,60.33000183105469,61.0,49.281429290771484,3811400,0.0,0.0
2016-11-30 00:00:00-05:00,60.970001220703125,61.33000183105469,60.439998626708984,60.720001220703125,49.05520248413086,3763900,0.0,0.0
2016-12-01 00:00:00-05:00,60.7400016784668,61.20000076293945,60.27000045776367,60.56999969482422,48.93402099609375,3900700,0.0,0.0
2016-12-02 00:00:00-05:00,60.56999969482422,60.880001068115234,59.869998931884766,60.18000030517578,48.618953704833984,4842600,0.0,0.0
2016-12-05 00:00:00-05:00,60.40999984741211,61.310001373291016,60.09000015258789,60.9900016784668,49.273338317871094,3621900,0.0,0.0
2016-12-06 00:00:00-05:00,61.0,61.349998474121094,60.959999084472656,61.150001525878906,49.40260314941406,4390200,0.0,0.0
2016-12-07 00:00:00-05:00,60.93000030517578,63.650001525878906,60.65999984741211,63.439998626708984,51.40399932861328,4828500,0.18,0.0
2016-12-08 00:00:00-05:00,63.650001525878906,63.900001525878906,63.20000076293945,63.58000183105469,51.517425537109375,4220800,0.0,0.0
2016-12-09 00:00:00-05:00,63.529998779296875,64.04000091552734,62.150001525878906,62.560001373291016,50.690940856933594,5665900,0.0,0.0
2016-12-12 00:00:00-05:00,62.040000915527344,64.2300033569336,59.31999969482422,62.18000030517578,50.383033752441406,18385400,0.0,0.0
2016-12-13 00:00:00-05:00,62.45000076293945,63.439998626708984,62.220001220703125,63.060001373291016,51.0960807800293,4681900,0.0,0.0
2016-12-14 00:00:00-05:00,63.150001525878906,64.55000305175781,63.150001525878906,63.63999938964844,51.566036224365234,5244400,0.0,0.0
2016-12-15 00:00:00-05:00,63.720001220703125,64.5999984741211,63.400001525878906,64.02999877929688,51.882049560546875,3899900,0.0,0.0
2016-12-16 00:00:00-05:00,64.25,65.08999633789062,64.08000183105469,64.54000091552734,52.2952995300293,7637600,0.0,0.0
2016-12-19 00:00:00-05:00,64.8499984741211,64.87999725341797,64.04000091552734,64.33999633789062,52.13323211669922,3443500,0.0,0.0
2016-12-20 00:00:00-05:00,64.55999755859375,64.97000122070312,64.37999725341797,64.62000274658203,52.3601188659668,4011800,0.0,0.0
2016-12-21 00:00:00-05:00,64.55000305175781,64.94999694824219,64.4000015258789,64.62999725341797,52.36820602416992,1672500,0.0,0.0
2016-12-22 00:00:00-05:00,64.4800033569336,65.0,64.33000183105469,64.5,52.26288604736328,2437500,0.0,0.0
2016-12-23 00:00:00-05:00,64.55000305175781,64.80000305175781,64.47000122070312,64.66999816894531,52.400630950927734,1550200,0.0,0.0
2016-12-27 00:00:00-05:00,64.70999908447266,64.95999908447266,64.56999969482422,64.8499984741211,52.54647445678711,1457700,0.0,0.0
2016-12-28 00:00:00-05:00,64.80999755859375,64.95999908447266,64.44999694824219,64.5,52.26288604736328,2027000,0.0,0.0
2016-12-29 00:00:00-05:00,64.58999633789062,64.9800033569336,64.4800033569336,64.5,52.26288604736328,1583700,0.0,0.0
2016-12-30 00:00:00-05:00,64.55000305175781,64.70999908447266,63.2400016784668,63.619998931884766,51.54983901977539,3811600,0.0,0.0
2017-01-03 00:00:00-05:00,65.41000366210938,65.69999694824219,63.810001373291016,64.38999938964844,52.17374038696289,3553800,0.0,0.0
2017-01-04 00:00:00-05:00,64.66000366210938,66.87999725341797,64.5,65.73999786376953,53.26763153076172,5365500,0.0,0.0
2017-01-05 00:00:00-05:00,65.66999816894531,65.83999633789062,65.01000213623047,65.4800033569336,53.05696105957031,4186500,0.0,0.0
2017-01-06 00:00:00-05:00,65.5,65.5,64.1500015258789,64.29000091552734,52.09272003173828,5275500,0.0,0.0
2017-01-09 00:00:00-05:00,64.12999725341797,64.30000305175781,63.34000015258789,63.47999954223633,51.436397552490234,3595700,0.0,0.0
2017-01-10 00:00:00-05:00,63.4900016784668,63.65999984741211,62.33000183105469,62.689998626708984,50.796287536621094,6017300,0.0,0.0
2017-01-11 00:00:00-05:00,62.81999969482422,63.08000183105469,62.15999984741211,62.97999954223633,51.0312614440918,4293900,0.0,0.0
2017-01-12 00:00:00-05:00,62.63999938964844,62.810001373291016,61.95000076293945,62.36000061035156,50.52888870239258,4385800,0.0,0.0
2017-01-13 00:00:00-05:00,62.209999084472656,62.81999969482422,62.13999938964844,62.31999969482422,50.49647521972656,2641200,0.0,0.0
2017-01-17 00:00:00-05:00,62.22999954223633,62.52000045776367,61.9900016784668,62.2599983215332,50.4478645324707,3905000,0.0,0.0
2017-01-18 00:00:00-05:00,62.5,63.529998779296875,62.20000076293945,63.4900016784668,51.44449996948242,3815900,0.0,0.0
2017-01-19 00:00:00-05:00,63.369998931884766,63.459999084472656,62.45000076293945,62.630001068115234,50.7476692199707,2727600,0.0,0.0
2017-01-20 00:00:00-05:00,63.36000061035156,63.58000183105469,62.56999969482422,63.4900016784668,51.44449996948242,3989300,0.0,0.0
2017-01-23 00:00:00-05:00,63.310001373291016,63.5099983215332,62.90999984741211,63.2599983215332,51.258140563964844,3401300,0.0,0.0
2017-01-24 00:00:00-05:00,63.36000061035156,63.36000061035156,62.849998474121094,62.97999954223633,51.0312614440918,3951500,0.0,0.0
2017-01-25 00:00:00-05:00,63.400001525878906,63.88999938964844,62.689998626708984,63.0,51.04745864868164,4805300,0.0,0.0
2017-01-26 00:00:00-05:00,63.040000915527344,64.37000274658203,62.66999816894531,64.16000366210938,51.98739242553711,4382200,0.0,0.0
2017-01-27 00:00:00-05:00,64.2699966430664,64.94000244140625,63.86000061035156,64.73999786376953,52.45734405517578,1982400,0.0,0.0
2017-01-30 00:00:00-05:00,64.70999908447266,64.7300033569336,63.790000915527344,64.4000015258789,52.181861877441406,2217400,0.0,0.0
2017-01-31 00:00:00-05:00,64.01000213623047,64.80999755859375,63.939998626708984,64.48999786376953,52.25477600097656,3523900,0.0,0.0
2017-02-01 00:00:00-05:00,64.81999969482422,65.19999694824219,64.31999969482422,64.5999984741211,52.343902587890625,2123200,0.0,0.0
2017-02-02 00:00:00-05:00,64.48999786376953,65.3499984741211,64.04000091552734,64.13999938964844,51.97118377685547,2919900,0.0,0.0
2017-02-03 00:00:00-05:00,64.29000091552734,64.69999694824219,63.84000015258789,64.1500015258789,51.97927474975586,2236500,0.0,0.0
2017-02-06 00:00:00-05:00,64.33000183105469,65.12999725341797,64.1500015258789,64.66999816894531,52.400630950927734,3849900,0.0,0.0
2017-02-07 00:00:00-05:00,64.81999969482422,64.93000030517578,64.16999816894531,64.47000122070312,52.238582611083984,2256500,0.0,0.0
2017-02-08 00:00:00-05:00,64.47000122070312,64.47000122070312,63.2400016784668,63.5099983215332,51.460697174072266,3600500,0.0,0.0
2017-02-09 00:00:00-05:00,63.650001525878906,64.55999755859375,63.560001373291016,64.37999725341797,52.165645599365234,2414900,0.0,0.0
2017-02-10 00:00:00-05:00,64.55999755859375,64.81999969482422,64.19999694824219,64.4000015258789,52.181861877441406,3838100,0.0,0.0
2017-02-13 00:00:00-05:00,64.63999938964844,65.41999816894531,64.5,65.30000305175781,52.911109924316406,3109100,0.0,0.0
2017-02-14 00:00:00-05:00,64.97000122070312,65.55000305175781,64.47000122070312,65.33000183105469,52.935428619384766,3044200,0.0,0.0
2017-02-15 00:00:00-05:00,65.37999725341797,65.73999786376953,65.16000366210938,65.23999786376953,52.862483978271484,3541300,0.0,0.0
2017-02-16 00:00:00-05:00,65.19000244140625,65.58999633789062,64.08000183105469,65.41999816894531,53.008338928222656,5978400,0.0,0.0
2017-02-17 00:00:00-05:00,65.13999938964844,66.13999938964844,64.9800033569336,65.69000244140625,53.22711944580078,6926100,0.0,0.0
2017-02-21 00:00:00-05:00,65.61000061035156,67.80999755859375,65.58999633789062,67.45999908447266,54.66130447387695,5234900,0.0,0.0
2017-02-22 00:00:00-05:00,67.62000274658203,68.13999938964844,67.08999633789062,67.12000274658203,54.385807037353516,2751800,0.0,0.0
2017-02-23 00:00:00-05:00,67.51000213623047,67.5999984741211,66.16999816894531,66.30999755859375,53.72947692871094,3856000,0.0,0.0
2017-02-24 00:00:00-05:00,65.9000015258789,66.97000122070312,65.81999969482422,66.97000122070312,54.26426696777344,2099900,0.0,0.0
2017-02-27 00:00:00-05:00,66.9000015258789,67.19000244140625,66.18000030517578,66.2300033569336,53.66468048095703,3057800,0.0,0.0
2017-02-28 00:00:00-05:00,66.05000305175781,66.19999694824219,65.73999786376953,65.91999816894531,53.413455963134766,4249900,0.0,0.0
2017-03-01 00:00:00-05:00,66.5,67.9800033569336,66.38999938964844,67.26000213623047,54.49925231933594,4397600,0.0,0.0
2017-03-02 00:00:00-05:00,67.37000274658203,67.73999786376953,66.76000213623047,67.1500015258789,54.41010284423828,2828900,0.0,0.0
2017-03-03 00:00:00-05:00,66.9800033569336,68.48999786376953,66.87000274658203,68.23999786376953,55.2933349609375,6603000,0.0,0.0
2017-03-06 00:00:00-05:00,67.9800033569336,68.58999633789062,67.36000061035156,67.98999786376953,55.09074401855469,5327300,0.0,0.0
2017-03-07 00:00:00-05:00,67.7699966430664,68.23999786376953,67.47000122070312,67.94000244140625,55.05024337768555,2439500,0.0,0.0
2017-03-08 00:00:00-05:00,67.87000274658203,68.36000061035156,67.58999633789062,68.01000213623047,55.25334548950195,2018800,0.18,0.0
2017-03-09 00:00:00-05:00,67.55999755859375,68.08999633789062,67.18000030517578,67.69999694824219,55.00149917602539,2476800,0.0,0.0
2017-03-10 00:00:00-05:00,68.05999755859375,68.22000122070312,67.12000274658203,67.41000366210938,54.76588821411133,2732900,0.0,0.0
2017-03-13 00:00:00-04:00,67.54000091552734,68.05999755859375,67.33000183105469,67.91000366210938,55.1721076965332,1936100,0.0,0.0
2017-03-14 00:00:00-04:00,67.68000030517578,68.36000061035156,67.6500015258789,68.01000213623047,55.25334548950195,2194200,0.0,0.0
2017-03-15 00:00:00-04:00,68.1500015258789,68.48999786376953,67.45999908447266,68.18000030517578,55.391456604003906,2271700,0.0,0.0
2017-03-16 00:00:00-04:00,68.16000366210938,68.5,67.1500015258789,67.30000305175781,54.67652130126953,2790800,0.0,0.0
2017-03-17 00:00:00-04:00,67.41999816894531,67.56999969482422,66.81999969482422,66.94999694824219,54.39216995239258,4081800,0.0,0.0
2017-03-20 00:00:00-04:00,67.0199966430664,67.25,66.55000305175781,66.91000366210938,54.359683990478516,2737600,0.0,0.0
2017-03-21 00:00:00-04:00,67.16999816894531,67.4000015258789,65.86000061035156,65.97000122070312,53.59598922729492,2693600,0.0,0.0
2017-03-22 00:00:00-04:00,66.0999984741211,66.52999877929688,65.66000366210938,66.12000274658203,53.71786117553711,2351500,0.0,0.0
2017-03-23 00:00:00-04:00,66.31999969482422,67.33000183105469,66.16999816894531,66.7300033569336,54.21343994140625,2534400,0.0,0.0
2017-03-24 00:00:00-04:00,66.81999969482422,67.23999786376953,66.61000061035156,66.9000015258789,54.35154342651367,2088100,0.0,0.0
2017-03-27 00:00:00-04:00,66.4000015258789,67.73999786376953,66.08999633789062,67.48999786376953,54.83087921142578,2807000,0.0,0.0
2017-03-28 00:00:00-04:00,67.31999969482422,67.98999786376953,66.79000091552734,67.7699966430664,55.05835723876953,2425000,0.0,0.0
2017-03-29 00:00:00-04:00,67.58999633789062,68.29000091552734,67.19999694824219,68.25,55.448333740234375,2075500,0.0,0.0
2017-03-30 00:00:00-04:00,68.08999633789062,69.5999984741211,68.0199966430664,69.33999633789062,56.333866119384766,2753600,0.0,0.0
2017-03-31 00:00:00-04:00,69.16000366210938,69.45999908447266,68.69000244140625,69.36000061035156,56.35012435913086,2828700,0.0,0.0
2017-04-03 00:00:00-04:00,69.37000274658203,69.80999755859375,68.61000061035156,68.86000061035156,55.94390106201172,2267600,0.0,0.0
2017-04-04 00:00:00-04:00,68.68000030517578,69.26000213623047,68.47000122070312,69.19999694824219,56.220123291015625,1952900,0.0,0.0
2017-04-05 00:00:00-04:00,69.27999877929688,70.0999984741211,69.05999755859375,69.51000213623047,56.471981048583984,2876700,0.0,0.0
2017-04-06 00:00:00-04:00,69.44000244140625,69.44000244140625,68.58000183105469,68.87999725341797,55.96015167236328,2407500,0.0,0.0
2017-04-07 00:00:00-04:00,68.87000274658203,69.08000183105469,68.27999877929688,68.66999816894531,55.789546966552734,2046800,0.0,0.0
2017-04-10 00:00:00-04:00,68.62000274658203,68.9800033569336,68.16000366210938,68.22000122070312,55.423946380615234,1648000,0.0,0.0
2017-04-11 00:00:00-04:00,68.1500015258789,68.31999969482422,67.61000061035156,68.02999877929688,55.269596099853516,1835300,0.0,0.0
2017-04-12 00:00:00-04:00,67.80000305175781,67.9000015258789,67.05999755859375,67.16000366210938,54.56278610229492,2290600,0.0,0.0
2017-04-13 00:00:00-04:00,67.2300033569336,67.36000061035156,66.44999694824219,66.45999908447266,53.99406433105469,2419700,0.0,0.0
2017-04-17 00:00:00-04:00,66.75,67.19000244140625,66.58999633789062,67.18000030517578,54.57903289794922,1728400,0.0,0.0
2017-04-18 00:00:00-04:00,66.98999786376953,68.58999633789062,66.72000122070312,68.38999938964844,55.562049865722656,3540900,0.0,0.0
2017-04-19 00:00:00-04:00,68.62999725341797,69.30999755859375,68.37999725341797,68.56999969482422,55.708316802978516,2728200,0.0,0.0
2017-04-20 00:00:00-04:00,68.73999786376953,68.93000030517578,68.08000183105469,68.66999816894531,55.789546966552734,2045400,0.0,0.0
2017-04-21 00:00:00-04:00,68.62000274658203,68.77999877929688,66.37000274658203,66.83999633789062,54.30280303955078,5890900,0.0,0.0
2017-04-24 00:00:00-04:00,67.19999694824219,67.52999877929688,65.41999816894531,65.94999694824219,53.57972717285156,4313600,0.0,0.0
2017-04-25 00:00:00-04:00,65.72000122070312,66.75,65.68000030517578,66.41000366210938,53.95345687866211,3066000,0.0,0.0
2017-04-26 00:00:00-04:00,66.4000015258789,67.19999694824219,66.36000061035156,66.91000366210938,54.359683990478516,2114600,0.0,0.0
2017-04-27 00:00:00-04:00,67.22000122070312,67.3499984741211,66.08000183105469,66.33999633789062,53.896583557128906,2236200,0.0,0.0
2017-04-28 00:00:00-04:00,66.55000305175781,66.73999786376953,66.0,66.55999755859375,54.0753173828125,2376100,0.0,0.0
2017-05-01 00:00:00-04:00,66.88999938964844,66.97000122070312,65.97000122070312,66.6500015258789,54.14842987060547,2158100,0.0,0.0
2017-05-02 00:00:00-04:00,66.68000030517578,67.0,65.41999816894531,65.66000366210938,53.34414291381836,3277000,0.0,0.0
2017-05-03 00:00:00-04:00,65.41000366210938,65.87999725341797,62.25,63.459999084472656,51.556785583496094,6579500,0.0,0.0
2017-05-04 00:00:00-04:00,63.09000015258789,64.23999786376953,61.08000183105469,63.849998474121094,51.873626708984375,9512300,0.0,0.0
2017-05-05 00:00:00-04:00,65.30000305175781,66.0,64.30999755859375,65.19999694824219,52.97040939331055,4726300,0.0,0.0
2017-05-08 00:00:00-04:00,65.31999969482422,65.69999694824219,63.09000015258789,63.369998931884766,51.483665466308594,4997700,0.0,0.0
2017-05-09 00:00:00-04:00,63.400001525878906,63.849998474121094,62.099998474121094,63.560001373291016,51.638038635253906,3169600,0.0,0.0
2017-05-10 00:00:00-04:00,63.09000015258789,63.09000015258789,61.939998626708984,62.529998779296875,50.80122375488281,4436400,0.0,0.0
2017-05-11 00:00:00-04:00,62.470001220703125,63.02000045776367,62.0,62.75,50.979957580566406,2636900,0.0,0.0
2017-05-12 00:00:00-04:00,62.630001068115234,62.93000030517578,62.0099983215332,62.20000076293945,50.53313064575195,1877200,0.0,0.0
2017-05-15 00:00:00-04:00,62.209999084472656,62.68000030517578,61.81999969482422,62.08000183105469,50.435630798339844,2132500,0.0,0.0
2017-05-16 00:00:00-04:00,62.310001373291016,62.41999816894531,60.810001373291016,61.20000076293945,49.7206916809082,3622400,0.0,0.0
2017-05-17 00:00:00-04:00,61.20000076293945,61.220001220703125,60.290000915527344,60.380001068115234,49.05450439453125,3608000,0.0,0.0
2017-05-18 00:00:00-04:00,60.529998779296875,61.13999938964844,60.25,60.380001068115234,49.05450439453125,4385300,0.0,0.0
2017-05-19 00:00:00-04:00,60.529998779296875,61.869998931884766,60.099998474121094,61.65999984741211,50.09440612792969,4054400,0.0,0.0
2017-05-22 00:00:00-04:00,61.689998626708984,62.130001068115234,61.40999984741211,62.04999923706055,50.4112434387207,2633400,0.0,0.0
2017-05-23 00:00:00-04:00,61.970001220703125,62.040000915527344,61.349998474121094,61.470001220703125,49.9400520324707,1581400,0.0,0.0
2017-05-24 00:00:00-04:00,61.63999938964844,61.95000076293945,61.29999923706055,61.61000061035156,50.05378723144531,1645300,0.0,0.0
2017-05-25 00:00:00-04:00,61.849998474121094,62.5,61.4900016784668,61.599998474121094,50.04567337036133,2479900,0.0,0.0
2017-05-26 00:00:00-04:00,61.599998474121094,61.68000030517578,61.20000076293945,61.56999969482422,50.02129364013672,2002100,0.0,0.0
2017-05-30 00:00:00-04:00,61.599998474121094,61.77000045776367,61.34000015258789,61.52000045776367,49.98066711425781,1672600,0.0,0.0
2017-05-31 00:00:00-04:00,61.599998474121094,61.83000183105469,60.900001525878906,61.11000061035156,49.647579193115234,3762300,0.0,0.0
2017-06-01 00:00:00-04:00,61.15999984741211,62.04999923706055,60.81999969482422,61.72999954223633,50.151275634765625,3283900,0.0,0.0
2017-06-02 00:00:00-04:00,61.75,62.150001525878906,61.20000076293945,61.29999923706055,49.80194091796875,3125200,0.0,0.0
2017-06-05 00:00:00-04:00,61.04999923706055,61.09000015258789,59.720001220703125,60.34000015258789,49.02201461791992,4019200,0.0,0.0
2017-06-06 00:00:00-04:00,60.08000183105469,61.52000045776367,59.779998779296875,60.869998931884766,49.45258712768555,3670400,0.0,0.0
2017-06-07 00:00:00-04:00,60.91999816894531,61.439998626708984,60.720001220703125,61.16999816894531,49.84370803833008,2031600,0.18,0.0
2017-06-08 00:00:00-04:00,61.16999816894531,61.16999816894531,60.0099983215332,60.349998474121094,49.175533294677734,2128200,0.0,0.0
2017-06-09 00:00:00-04:00,60.290000915527344,60.83000183105469,59.720001220703125,60.709999084472656,49.46888732910156,2543100,0.0,0.0
2017-06-12 00:00:00-04:00,60.81999969482422,63.369998931884766,60.81999969482422,62.650001525878906,51.0496826171875,4753200,0.0,0.0
2017-06-13 00:00:00-04:00,62.459999084472656,62.72999954223633,61.810001373291016,61.849998474121094,50.397804260253906,2515900,0.0,0.0
2017-06-14 00:00:00-04:00,61.790000915527344,61.959999084472656,60.5099983215332,60.7400016784668,49.49333190917969,2695100,0.0,0.0
2017-06-15 00:00:00-04:00,60.720001220703125,61.61000061035156,60.47999954223633,61.5099983215332,50.120758056640625,2378800,0.0,0.0
2017-06-16 00:00:00-04:00,61.599998474121094,62.25,60.939998626708984,62.22999954223633,50.70744323730469,3595400,0.0,0.0
2017-06-19 00:00:00-04:00,62.16999816894531,62.599998474121094,61.939998626708984,62.2400016784668,50.71559524536133,2030400,0.0,0.0
2017-06-20 00:00:00-04:00,62.029998779296875,62.290000915527344,60.5099983215332,60.65999984741211,49.42814254760742,2577300,0.0,0.0
2017-06-21 00:00:00-04:00,60.65999984741211,63.150001525878906,60.29999923706055,62.529998779296875,50.95188903808594,5826900,0.0,0.0
2017-06-22 00:00:00-04:00,62.27000045776367,63.40999984741211,62.08000183105469,62.54999923706055,50.968196868896484,3926000,0.0,0.0
2017-06-23 00:00:00-04:00,62.38999938964844,63.83000183105469,62.11000061035156,63.61000061035156,51.83192825317383,4268000,0.0,0.0
2017-06-26 00:00:00-04:00,63.77000045776367,64.72000122070312,63.72999954223633,64.36000061035156,52.44304656982422,3226200,0.0,0.0
2017-06-27 00:00:00-04:00,64.27999877929688,64.98999786376953,64.0,64.0199966430664,52.16600036621094,2348700,0.0,0.0
2017-06-28 00:00:00-04:00,64.41000366210938,65.2300033569336,64.20999908447266,65.1500015258789,53.0867805480957,2497200,0.0,0.0
2017-06-29 00:00:00-04:00,65.02999877929688,65.22000122070312,63.22999954223633,63.54999923706055,51.783023834228516,2615200,0.0,0.0
2017-06-30 00:00:00-04:00,63.88999938964844,64.18000030517578,63.34000015258789,63.779998779296875,51.97043991088867,2391200,0.0,0.0
2017-07-03 00:00:00-04:00,64.16999816894531,64.87000274658203,63.91999816894531,64.16000366210938,52.28009033203125,988500,0.0,0.0
2017-07-05 00:00:00-04:00,64.08000183105469,64.31999969482422,63.25,63.27000045776367,51.554874420166016,1589200,0.0,0.0
2017-07-06 00:00:00-04:00,63.20000076293945,63.209999084472656,62.02000045776367,62.06999969482422,50.577064514160156,1805200,0.0,0.0
2017-07-07 00:00:00-04:00,62.2400016784668,63.13999938964844,61.95000076293945,62.810001373291016,51.180049896240234,1836300,0.0,0.0
2017-07-10 00:00:00-04:00,62.779998779296875,63.81999969482422,62.779998779296875,63.70000076293945,51.9052619934082,1658800,0.0,0.0
2017-07-11 00:00:00-04:00,63.61000061035156,64.06999969482422,63.150001525878906,63.77000045776367,51.96229934692383,1903500,0.0,0.0
2017-07-12 00:00:00-04:00,63.9900016784668,64.38999938964844,63.220001220703125,63.369998931884766,51.63636016845703,1360500,0.0,0.0
2017-07-13 00:00:00-04:00,63.45000076293945,63.880001068115234,62.79999923706055,63.09000015258789,51.40821075439453,1672700,0.0,0.0
2017-07-14 00:00:00-04:00,63.18000030517578,64.33000183105469,62.97999954223633,63.95000076293945,52.10897445678711,1426700,0.0,0.0
2017-07-17 00:00:00-04:00,63.939998626708984,64.62000274658203,63.54999923706055,64.5999984741211,52.63861083984375,1371100,0.0,0.0
2017-07-18 00:00:00-04:00,64.62000274658203,64.62000274658203,63.650001525878906,64.19999694824219,52.31267547607422,1445200,0.0,0.0
2017-07-19 00:00:00-04:00,65.16999816894531,66.52999877929688,64.31999969482422,64.9800033569336,52.94825744628906,2876600,0.0,0.0
2017-07-20 00:00:00-04:00,65.0,66.33999633789062,64.7699966430664,65.86000061035156,53.66530990600586,2851900,0.0,0.0
2017-07-21 00:00:00-04:00,65.72000122070312,65.91999816894531,65.0999984741211,65.83000183105469,53.640865325927734,1808100,0.0,0.0
2017-07-24 00:00:00-04:00,65.88999938964844,66.5,65.56999969482422,66.26000213623047,53.99125289916992,1628400,0.0,0.0
2017-07-25 00:00:00-04:00,66.36000061035156,66.37999725341797,65.55999755859375,66.08000183105469,53.844581604003906,1671700,0.0,0.0
2017-07-26 00:00:00-04:00,66.33000183105469,67.29000091552734,66.25,66.62000274658203,54.28459930419922,2016200,0.0,0.0
2017-07-27 00:00:00-04:00,67.04000091552734,68.75,67.04000091552734,67.55999755859375,55.05054473876953,3487300,0.0,0.0
2017-07-28 00:00:00-04:00,67.37999725341797,67.62999725341797,67.0,67.43000030517578,54.944618225097656,1523800,0.0,0.0
2017-07-31 00:00:00-04:00,67.47000122070312,67.62000274658203,65.75,65.83000183105469,53.640865325927734,2921200,0.0,0.0
2017-08-01 00:00:00-04:00,66.06999969482422,66.62999725341797,65.94999694824219,66.08000183105469,53.844581604003906,2535000,0.0,0.0
2017-08-02 00:00:00-04:00,65.58000183105469,65.73999786376953,63.75,64.80999755859375,52.80972671508789,3634200,0.0,0.0
2017-08-03 00:00:00-04:00,64.86000061035156,65.33999633789062,64.29000091552734,64.83000183105469,52.8260383605957,1948200,0.0,0.0
2017-08-04 00:00:00-04:00,64.37999725341797,64.62999725341797,63.38999938964844,63.619998931884766,51.84006881713867,2440900,0.0,0.0
2017-08-07 00:00:00-04:00,63.4900016784668,64.62999725341797,63.04999923706055,64.5199966430664,52.57342529296875,4139900,0.0,0.0
2017-08-08 00:00:00-04:00,65.76000213623047,66.66000366210938,64.55999755859375,65.69999694824219,53.53493118286133,4540700,0.0,0.0
2017-08-09 00:00:00-04:00,65.12000274658203,65.56999969482422,62.70000076293945,65.3499984741211,53.24973678588867,5345800,0.0,0.0
2017-08-10 00:00:00-04:00,65.19999694824219,66.5,65.19999694824219,66.19000244140625,53.93419647216797,3893800,0.0,0.0
2017-08-11 00:00:00-04:00,66.16999816894531,67.16999816894531,66.06999969482422,66.70999908447266,54.35792922973633,2770900,0.0,0.0
2017-08-14 00:00:00-04:00,67.16999816894531,67.56999969482422,66.27999877929688,66.27999877929688,54.00754165649414,2256300,0.0,0.0
2017-08-15 00:00:00-04:00,66.41999816894531,66.91000366210938,65.86000061035156,66.69999694824219,54.34977340698242,2092900,0.0,0.0
2017-08-16 00:00:00-04:00,66.8499984741211,66.94000244140625,66.16000366210938,66.5199966430664,54.203094482421875,1808600,0.0,0.0
2017-08-17 00:00:00-04:00,66.44999694824219,67.11000061035156,65.58000183105469,65.69000244140625,53.526790618896484,2756400,0.0,0.0
2017-08-18 00:00:00-04:00,65.7699966430664,65.83999633789062,64.77999877929688,64.80000305175781,52.801578521728516,1922100,0.0,0.0
2017-08-21 00:00:00-04:00,64.91999816894531,65.23999786376953,64.69000244140625,65.01000213623047,52.97270584106445,1357400,0.0,0.0
2017-08-22 00:00:00-04:00,65.11000061035156,65.94000244140625,64.87000274658203,65.6500015258789,53.494197845458984,1237300,0.0,0.0
2017-08-23 00:00:00-04:00,65.2699966430664,65.5,64.3499984741211,64.72000122070312,52.73639678955078,1972600,0.0,0.0
2017-08-24 00:00:00-04:00,64.9000015258789,65.0999984741211,63.97999954223633,63.97999954223633,52.1334228515625,2233300,0.0,0.0
2017-08-25 00:00:00-04:00,64.0999984741211,64.68000030517578,63.75,63.88999938964844,52.0600700378418,1792200,0.0,0.0
2017-08-28 00:00:00-04:00,64.12999725341797,64.62999725341797,63.540000915527344,63.75,51.94599533081055,1301400,0.0,0.0
2017-08-29 00:00:00-04:00,63.349998474121094,63.75,63.040000915527344,63.27000045776367,51.554874420166016,2210800,0.0,0.0
2017-08-30 00:00:00-04:00,63.2599983215332,64.55000305175781,63.040000915527344,64.51000213623047,52.565284729003906,2319800,0.0,0.0
2017-08-31 00:00:00-04:00,64.56999969482422,64.98999786376953,64.01000213623047,64.05999755859375,52.1985969543457,1508700,0.0,0.0
2017-09-01 00:00:00-04:00,64.2300033569336,64.69000244140625,64.0199966430664,64.33999633789062,52.42674255371094,977400,0.0,0.0
2017-09-05 00:00:00-04:00,64.0999984741211,64.51000213623047,63.310001373291016,63.63999938964844,51.856361389160156,1735200,0.0,0.0
2017-09-06 00:00:00-04:00,63.81999969482422,63.81999969482422,61.84000015258789,61.97999954223633,50.503726959228516,3733200,0.0,0.0
2017-09-07 00:00:00-04:00,61.970001220703125,61.9900016784668,59.25,60.5,49.441349029541016,6183500,0.18,0.0
2017-09-08 00:00:00-04:00,60.2400016784668,60.38999938964844,58.68000030517578,59.41999816894531,48.558773040771484,5201400,0.0,0.0
2017-09-11 00:00:00-04:00,59.790000915527344,59.91999816894531,57.91999816894531,58.0,47.39832305908203,5047200,0.0,0.0
2017-09-12 00:00:00-04:00,58.060001373291016,59.45000076293945,57.630001068115234,58.81999969482422,48.06844711303711,3633800,0.0,0.0
2017-09-13 00:00:00-04:00,59.0,60.599998474121094,59.0,60.5099983215332,49.449527740478516,3588600,0.0,0.0
2017-09-14 00:00:00-04:00,60.08000183105469,60.15999984741211,57.59000015258789,58.150001525878906,47.520904541015625,5421800,0.0,0.0
2017-09-15 00:00:00-04:00,57.88999938964844,58.83000183105469,57.88999938964844,58.22999954223633,47.58628463745117,4953000,0.0,0.0
2017-09-18 00:00:00-04:00,58.34000015258789,58.810001373291016,57.45000076293945,57.720001220703125,47.16950225830078,2822900,0.0,0.0
2017-09-19 00:00:00-04:00,57.83000183105469,58.9900016784668,57.439998626708984,58.849998474121094,48.092952728271484,4056800,0.0,0.0
2017-09-20 00:00:00-04:00,58.90999984741211,59.38999938964844,58.66999816894531,59.04999923706055,48.256404876708984,1793700,0.0,0.0
2017-09-21 00:00:00-04:00,59.0,59.150001525878906,58.54999923706055,58.790000915527344,48.04393005371094,1581800,0.0,0.0
2017-09-22 00:00:00-04:00,58.72999954223633,59.2599983215332,58.279998779296875,59.22999954223633,48.40348815917969,1988800,0.0,0.0
2017-09-25 00:00:00-04:00,59.400001525878906,60.7400016784668,59.2599983215332,60.099998474121094,49.11448287963867,4654900,0.0,0.0
2017-09-26 00:00:00-04:00,60.0,60.209999084472656,57.9900016784668,58.0,47.39832305908203,3754800,0.0,0.0
2017-09-27 00:00:00-04:00,58.04999923706055,58.65999984741211,57.470001220703125,58.209999084472656,47.569942474365234,4550400,0.0,0.0
2017-09-28 00:00:00-04:00,57.970001220703125,58.20000076293945,56.91999816894531,56.91999816894531,46.5157470703125,3646600,0.0,0.0
2017-09-29 00:00:00-04:00,57.060001373291016,58.099998474121094,56.90999984741211,58.0,47.39832305908203,5982400,0.0,0.0
2017-10-02 00:00:00-04:00,58.369998931884766,58.709999084472656,57.599998474121094,58.54999923706055,47.847801208496094,3511800,0.0,0.0
2017-10-03 00:00:00-04:00,58.439998626708984,59.040000915527344,58.150001525878906,58.88999938964844,48.12565231323242,3557900,0.0,0.0
2017-10-04 00:00:00-04:00,58.810001373291016,60.13999938964844,58.65999984741211,59.970001220703125,49.008243560791016,4218000,0.0,0.0
2017-10-05 00:00:00-04:00,59.90999984741211,60.279998779296875,58.5099983215332,58.900001525878906,48.133827209472656,3967300,0.0,0.0
2017-10-06 00:00:00-04:00,58.779998779296875,58.880001068115234,57.93000030517578,58.29999923706055,47.64348220825195,2351600,0.0,0.0
2017-10-09 00:00:00-04:00,58.349998474121094,58.4900016784668,57.84000015258789,57.91999816894531,47.332950592041016,1262500,0.0,0.0
2017-10-10 00:00:00-04:00,58.31999969482422,58.5099983215332,57.119998931884766,57.38999938964844,46.89983367919922,2848200,0.0,0.0
2017-10-11 00:00:00-04:00,57.33000183105469,57.38999938964844,56.36000061035156,57.099998474121094,46.6628303527832,4973400,0.0,0.0
2017-10-12 00:00:00-04:00,56.599998474121094,57.27000045776367,56.369998931884766,56.5099983215332,46.18068313598633,3856900,0.0,0.0
2017-10-13 00:00:00-04:00,56.439998626708984,57.31999969482422,56.220001220703125,57.0,46.58111572265625,2700000,0.0,0.0
2017-10-16 00:00:00-04:00,56.9900016784668,57.599998474121094,56.58000183105469,56.900001525878906,46.499393463134766,2987600,0.0,0.0
2017-10-17 00:00:00-04:00,56.7400016784668,56.939998626708984,56.349998474121094,56.65999984741211,46.30325698852539,2288600,0.0,0.0
2017-10-18 00:00:00-04:00,56.709999084472656,57.84000015258789,56.5099983215332,56.959999084472656,46.54842758178711,3243000,0.0,0.0
2017-10-19 00:00:00-04:00,56.849998474121094,57.88999938964844,56.70000076293945,57.83000183105469,47.259395599365234,1966800,0.0,0.0
2017-10-20 00:00:00-04:00,58.349998474121094,59.27000045776367,58.209999084472656,58.91999816894531,48.15016174316406,7969000,0.0,0.0
2017-10-23 00:00:00-04:00,58.81999969482422,58.81999969482422,57.84000015258789,57.95000076293945,47.357460021972656,3632400,0.0,0.0
2017-10-24 00:00:00-04:00,57.650001525878906,58.11000061035156,56.900001525878906,56.939998626708984,46.532066345214844,4457100,0.0,0.0
2017-10-25 00:00:00-04:00,56.95000076293945,57.459999084472656,56.54999923706055,57.22999954223633,46.769073486328125,2564000,0.0,0.0
2017-10-26 00:00:00-04:00,57.09000015258789,58.0099983215332,56.7599983215332,57.040000915527344,46.61380386352539,6161200,0.0,0.0
2017-10-27 00:00:00-04:00,57.06999969482422,57.18000030517578,55.5099983215332,56.75,46.37681579589844,4937000,0.0,0.0
2017-10-30 00:00:00-04:00,56.5099983215332,57.2400016784668,56.119998931884766,56.119998931884766,45.86197280883789,4882200,0.0,0.0
2017-10-31 00:00:00-04:00,56.189998626708984,56.45000076293945,55.79999923706055,56.119998931884766,45.86197280883789,5025200,0.0,0.0
2017-11-01 00:00:00-04:00,56.209999084472656,56.709999084472656,55.7400016784668,56.189998626708984,45.91917037963867,7009100,0.0,0.0
2017-11-02 00:00:00-04:00,56.06999969482422,56.06999969482422,54.0,54.459999084472656,44.505393981933594,12759700,0.0,0.0
2017-11-03 00:00:00-04:00,53.959999084472656,56.20000076293945,52.75,55.400001525878906,45.27357482910156,15150100,0.0,0.0
2017-11-06 00:00:00-05:00,55.20000076293945,57.25,54.619998931884766,56.959999084472656,46.54842758178711,10498200,0.0,0.0
2017-11-07 00:00:00-05:00,57.16999816894531,59.25,57.130001068115234,57.61000061035156,47.07961654663086,15637200,0.0,0.0
2017-11-08 00:00:00-05:00,57.369998931884766,57.84000015258789,56.599998474121094,57.25,46.785423278808594,12565600,0.0,0.0
2017-11-09 00:00:00-05:00,56.79999923706055,58.70000076293945,56.66999816894531,58.08000183105469,47.46369934082031,12348700,0.0,0.0
2017-11-10 00:00:00-05:00,58.5099983215332,58.900001525878906,56.47999954223633,56.7400016784668,46.36863708496094,17567300,0.0,0.0
2017-11-13 00:00:00-05:00,56.58000183105469,56.7400016784668,55.31999969482422,55.91999816894531,45.69852066040039,21413800,0.0,0.0
2017-11-14 00:00:00-05:00,55.91999816894531,56.75,54.70000076293945,56.40999984741211,46.09895324707031,23062500,0.0,0.0
2017-11-15 00:00:00-05:00,56.33000183105469,56.75,55.630001068115234,56.040000915527344,45.796592712402344,29475700,0.0,0.0
2017-11-16 00:00:00-05:00,55.66999816894531,57.599998474121094,55.650001525878906,56.400001525878906,46.09077835083008,29783800,0.0,0.0
2017-11-17 00:00:00-05:00,56.29999923706055,57.25,55.15999984741211,56.7400016784668,46.36863708496094,29535500,0.0,0.0
2017-11-20 00:00:00-05:00,56.63999938964844,57.290000915527344,55.86000061035156,55.93000030517578,45.706695556640625,10854900,0.0,0.0
2017-11-21 00:00:00-05:00,55.88999938964844,56.869998931884766,55.779998779296875,56.7400016784668,46.36863708496094,14975100,0.0,0.0
2017-11-22 00:00:00-05:00,56.63999938964844,57.220001220703125,55.86000061035156,56.2400016784668,45.960044860839844,6799800,0.0,0.0
2017-11-24 00:00:00-05:00,56.5,56.959999084472656,56.209999084472656,56.540000915527344,46.2052001953125,3207800,0.0,0.0
2017-11-27 00:00:00-05:00,56.72999954223633,56.75,55.4900016784668,55.959999084472656,45.73121643066406,6221700,0.0,0.0
2017-11-28 00:00:00-05:00,55.869998931884766,55.869998931884766,54.40999984741211,54.7599983215332,44.75056076049805,7858600,0.0,0.0
2017-11-29 00:00:00-05:00,54.790000915527344,56.75,54.560001373291016,56.540000915527344,46.2052001953125,7724100,0.0,0.0
2017-11-30 00:00:00-05:00,56.529998779296875,56.84000015258789,55.61000061035156,56.060001373291016,45.81294250488281,6163500,0.0,0.0
2017-12-01 00:00:00-05:00,55.88999938964844,57.290000915527344,55.5099983215332,57.11000061035156,46.6710090637207,5410500,0.0,0.0
2017-12-04 00:00:00-05:00,57.56999969482422,60.13999938964844,57.5099983215332,60.099998474121094,49.11448287963867,6750900,0.0,0.0
2017-12-05 00:00:00-05:00,60.15999984741211,60.290000915527344,58.08000183105469,58.099998474121094,47.48004913330078,4501100,0.0,0.0
2017-12-06 00:00:00-05:00,58.349998474121094,58.619998931884766,57.310001373291016,57.43000030517578,46.9325065612793,2798000,0.0,0.0
2017-12-07 00:00:00-05:00,57.290000915527344,58.099998474121094,57.040000915527344,57.20000076293945,46.74456024169922,2964500,0.0,0.0
2017-12-08 00:00:00-05:00,57.150001525878906,57.70000076293945,56.58000183105469,57.470001220703125,47.11346435546875,2519800,0.18,0.0
2017-12-11 00:00:00-05:00,57.869998931884766,57.900001525878906,56.90999984741211,57.68000030517578,47.28561019897461,4317100,0.0,0.0
2017-12-12 00:00:00-05:00,57.84000015258789,58.13999938964844,57.18000030517578,57.970001220703125,47.52336883544922,3253400,0.0,0.0
2017-12-13 00:00:00-05:00,57.88999938964844,58.150001525878906,57.130001068115234,57.16999816894531,46.86751937866211,3145200,0.0,0.0
2017-12-14 00:00:00-05:00,58.0,58.56999969482422,57.5099983215332,58.130001068115234,47.65453338623047,4458600,0.0,0.0
2017-12-15 00:00:00-05:00,58.47999954223633,59.119998931884766,58.20000076293945,58.900001525878906,48.2857780456543,4760000,0.0,0.0
2017-12-18 00:00:00-05:00,59.09000015258789,59.56999969482422,58.58000183105469,59.0,48.36775207519531,3653000,0.0,0.0
2017-12-19 00:00:00-05:00,59.04999923706055,60.0099983215332,59.0,59.459999084472656,48.74484634399414,3018800,0.0,0.0
2017-12-20 00:00:00-05:00,59.849998474121094,60.470001220703125,58.84000015258789,60.08000183105469,49.25312805175781,5498500,0.0,0.0
2017-12-21 00:00:00-05:00,60.04999923706055,60.77000045776367,59.77000045776367,60.529998779296875,49.62202072143555,5008500,0.0,0.0
2017-12-22 00:00:00-05:00,60.36000061035156,60.65999984741211,59.959999084472656,60.16999816894531,49.3268928527832,2404500,0.0,0.0
2017-12-26 00:00:00-05:00,59.869998931884766,60.41999816894531,59.869998931884766,60.189998626708984,49.34331130981445,1647800,0.0,0.0
2017-12-27 00:00:00-05:00,60.349998474121094,60.380001068115234,58.970001220703125,59.290000915527344,48.6054801940918,3696300,0.0,0.0
2017-12-28 00:00:00-05:00,59.310001373291016,59.59000015258789,58.939998626708984,59.2599983215332,48.58088684082031,2136800,0.0,0.0
2017-12-29 00:00:00-05:00,59.290000915527344,59.439998626708984,58.869998931884766,59.0,48.36775207519531,2335000,0.0,0.0
2018-01-02 00:00:00-05:00,58.189998626708984,59.54999923706055,58.189998626708984,59.16999816894531,48.507110595703125,3177600,0.0,0.0
2018-01-03 00:00:00-05:00,59.20000076293945,59.40999984741211,58.7599983215332,59.20000076293945,48.531707763671875,2966100,0.0,0.0
2018-01-04 00:00:00-05:00,59.43000030517578,59.5,57.41999816894531,58.0,47.54794692993164,6646500,0.0,0.0
2018-01-05 00:00:00-05:00,58.2599983215332,58.290000915527344,57.38999938964844,57.58000183105469,47.203636169433594,3169300,0.0,0.0
2018-01-08 00:00:00-05:00,57.58000183105469,57.63999938964844,56.43000030517578,56.7599983215332,46.531402587890625,3633100,0.0,0.0
2018-01-09 00:00:00-05:00,56.63999938964844,56.86000061035156,55.869998931884766,55.9900016784668,45.90017318725586,5276600,0.0,0.0
2018-01-10 00:00:00-05:00,56.2400016784668,57.25,55.68000030517578,56.65999984741211,46.449424743652344,3773400,0.0,0.0
2018-01-11 00:00:00-05:00,56.849998474121094,57.88999938964844,56.83000183105469,57.779998779296875,47.36759567260742,3483100,0.0,0.0
2018-01-12 00:00:00-05:00,57.779998779296875,59.45000076293945,57.2599983215332,58.83000183105469,48.22837448120117,6280300,0.0,0.0
2018-01-16 00:00:00-05:00,59.189998626708984,60.20000076293945,58.45000076293945,59.43000030517578,48.72025680541992,5830900,0.0,0.0
2018-01-17 00:00:00-05:00,59.529998779296875,61.0,58.029998779296875,58.900001525878906,48.2857780456543,5879400,0.0,0.0
2018-01-18 00:00:00-05:00,59.279998779296875,61.59000015258789,59.02000045776367,60.0,49.18752670288086,7368900,0.0,0.0
2018-01-19 00:00:00-05:00,59.9900016784668,60.189998626708984,57.66999816894531,57.75,47.3430061340332,6221100,0.0,0.0
2018-01-22 00:00:00-05:00,57.18000030517578,58.2599983215332,56.560001373291016,58.25,47.752899169921875,6673900,0.0,0.0
2018-01-23 00:00:00-05:00,58.04999923706055,58.529998779296875,57.15999984741211,57.52000045776367,47.154457092285156,4838900,0.0,0.0
2018-01-24 00:00:00-05:00,57.7599983215332,59.279998779296875,57.61000061035156,59.22999954223633,48.55628967285156,3909400,0.0,0.0
2018-01-25 00:00:00-05:00,59.290000915527344,60.099998474121094,58.470001220703125,59.27000045776367,48.5890998840332,4618600,0.0,0.0
2018-01-26 00:00:00-05:00,59.59000015258789,60.06999969482422,59.40999984741211,60.0,49.18752670288086,2829300,0.0,0.0
2018-01-29 00:00:00-05:00,59.310001373291016,59.529998779296875,58.59000015258789,58.72999954223633,48.14639663696289,4499700,0.0,0.0
2018-01-30 00:00:00-05:00,58.540000915527344,59.290000915527344,58.36000061035156,58.400001525878906,47.875877380371094,2663100,0.0,0.0
2018-01-31 00:00:00-05:00,58.5,59.130001068115234,57.150001525878906,57.61000061035156,47.228240966796875,4435100,0.0,0.0
2018-02-01 00:00:00-05:00,57.65999984741211,59.59000015258789,57.65999984741211,58.93000030517578,48.310359954833984,3933300,0.0,0.0
2018-02-02 00:00:00-05:00,59.08000183105469,59.09000015258789,55.290000915527344,55.400001525878906,45.4164924621582,7625900,0.0,0.0
2018-02-05 00:00:00-05:00,55.25,56.18000030517578,53.9900016784668,54.08000183105469,44.334354400634766,4686600,0.0,0.0
2018-02-06 00:00:00-05:00,53.099998474121094,54.81999969482422,52.880001068115234,53.810001373291016,44.113014221191406,4368500,0.0,0.0
2018-02-07 00:00:00-05:00,53.90999984741211,54.900001525878906,53.29999923706055,53.439998626708984,43.80970001220703,4062200,0.0,0.0
2018-02-08 00:00:00-05:00,53.54999923706055,53.970001220703125,51.7400016784668,51.79999923706055,42.465240478515625,4790100,0.0,0.0
2018-02-09 00:00:00-05:00,52.08000183105469,53.2400016784668,50.630001068115234,52.7599983215332,43.25223159790039,4509500,0.0,0.0
2018-02-12 00:00:00-05:00,53.189998626708984,53.59000015258789,52.720001220703125,53.15999984741211,43.58016586303711,4591400,0.0,0.0
2018-02-13 00:00:00-05:00,53.029998779296875,54.70000076293945,52.97999954223633,54.66999816894531,44.81804656982422,4698700,0.0,0.0
2018-02-14 00:00:00-05:00,54.27000045776367,56.099998474121094,54.060001373291016,55.849998474121094,45.785396575927734,4108200,0.0,0.0
2018-02-15 00:00:00-05:00,56.06999969482422,57.06999969482422,55.439998626708984,56.7400016784668,46.51500701904297,5333700,0.0,0.0
2018-02-16 00:00:00-05:00,57.0,57.47999954223633,55.02000045776367,55.38999938964844,45.408294677734375,5503900,0.0,0.0
2018-02-20 00:00:00-05:00,55.209999084472656,56.7599983215332,55.099998474121094,56.25,46.113311767578125,3267500,0.0,0.0
2018-02-21 00:00:00-05:00,55.849998474121094,56.2400016784668,55.31999969482422,55.380001068115234,45.40010070800781,2638100,0.0,0.0
2018-02-22 00:00:00-05:00,55.7400016784668,56.060001373291016,54.189998626708984,54.31999969482422,44.53111267089844,2833200,0.0,0.0
2018-02-23 00:00:00-05:00,54.689998626708984,55.20000076293945,54.2400016784668,55.119998931884766,45.18695068359375,2855600,0.0,0.0
2018-02-26 00:00:00-05:00,55.25,55.81999969482422,54.72999954223633,55.68000030517578,45.64603042602539,1982100,0.0,0.0
2018-02-27 00:00:00-05:00,55.599998474121094,56.08000183105469,54.130001068115234,54.150001525878906,44.391754150390625,2437000,0.0,0.0
2018-02-28 00:00:00-05:00,54.189998626708984,54.439998626708984,52.95000076293945,52.970001220703125,43.424407958984375,3082300,0.0,0.0
2018-03-01 00:00:00-05:00,53.04999923706055,53.15999984741211,51.650001525878906,52.11000061035156,42.719383239746094,2594600,0.0,0.0
2018-03-02 00:00:00-05:00,51.900001525878906,53.439998626708984,51.77000045776367,53.31999969482422,43.71133804321289,3411000,0.0,0.0
2018-03-05 00:00:00-05:00,53.099998474121094,53.79999923706055,53.0,53.40999984741211,43.78511047363281,2390300,0.0,0.0
2018-03-06 00:00:00-05:00,53.459999084472656,53.75,52.06999969482422,53.22999954223633,43.63754653930664,3460600,0.0,0.0
2018-03-07 00:00:00-05:00,52.88999938964844,53.06999969482422,51.79999923706055,52.11000061035156,42.719383239746094,3806000,0.0,0.0
2018-03-08 00:00:00-05:00,52.0,52.75,52.0,52.65999984741211,43.31989669799805,2106100,0.18,0.0
2018-03-09 00:00:00-05:00,52.88999938964844,53.20000076293945,50.540000915527344,52.18000030517578,42.92504119873047,8606600,0.0,0.0
2018-03-12 00:00:00-04:00,52.279998779296875,52.84000015258789,52.099998474121094,52.290000915527344,43.01552200317383,8704400,0.0,0.0
2018-03-13 00:00:00-04:00,52.45000076293945,52.70000076293945,51.72999954223633,51.900001525878906,42.694698333740234,5230500,0.0,0.0
2018-03-14 00:00:00-04:00,51.779998779296875,52.119998931884766,51.08000183105469,51.27000045776367,42.176448822021484,3215900,0.0,0.0
2018-03-15 00:00:00-04:00,51.45000076293945,51.779998779296875,50.630001068115234,51.040000915527344,41.987220764160156,2536900,0.0,0.0
2018-03-16 00:00:00-04:00,51.13999938964844,51.70000076293945,50.93000030517578,50.95000076293945,41.91319274902344,5182600,0.0,0.0
2018-03-19 00:00:00-04:00,50.959999084472656,51.2599983215332,50.13999938964844,50.810001373291016,41.79802322387695,4029900,0.0,0.0
2018-03-20 00:00:00-04:00,50.90999984741211,51.0,50.08000183105469,50.2599983215332,41.3455810546875,2609300,0.0,0.0
2018-03-21 00:00:00-04:00,50.25,51.220001220703125,50.11000061035156,50.869998931884766,41.847373962402344,2815200,0.0,0.0
2018-03-22 00:00:00-04:00,50.4900016784668,50.939998626708984,50.22999954223633,50.2599983215332,41.3455810546875,2488200,0.0,0.0
2018-03-23 00:00:00-04:00,50.38999938964844,50.95000076293945,49.2400016784668,49.27000045776367,40.53117370605469,2825800,0.0,0.0
2018-03-26 00:00:00-04:00,49.86000061035156,51.7599983215332,49.61000061035156,51.689998626708984,42.521942138671875,4735100,0.0,0.0
2018-03-27 00:00:00-04:00,52.02000045776367,52.79999923706055,51.630001068115234,52.349998474121094,43.064884185791016,4267400,0.0,0.0
2018-03-28 00:00:00-04:00,52.43000030517578,53.43000030517578,51.650001525878906,51.880001068115234,42.67824935913086,3730200,0.0,0.0
2018-03-29 00:00:00-04:00,51.900001525878906,52.08000183105469,50.650001525878906,51.38999938964844,42.275146484375,4046100,0.0,0.0
2018-04-02 00:00:00-04:00,51.400001525878906,51.5099983215332,50.33000183105469,50.709999084472656,41.71575927734375,3175200,0.0,0.0
2018-04-03 00:00:00-04:00,51.689998626708984,53.0099983215332,51.09000015258789,52.86000061035156,43.48442459106445,5425400,0.0,0.0
2018-04-04 00:00:00-04:00,51.91999816894531,53.88999938964844,51.59000015258789,53.790000915527344,44.249473571777344,6509000,0.0,0.0
2018-04-05 00:00:00-04:00,53.70000076293945,53.869998931884766,52.529998779296875,52.880001068115234,43.500877380371094,6397700,0.0,0.0
2018-04-06 00:00:00-04:00,52.63999938964844,53.310001373291016,52.150001525878906,52.84000015258789,43.467979431152344,3243100,0.0,0.0
2018-04-09 00:00:00-04:00,52.97999954223633,53.27000045776367,52.599998474121094,52.849998474121094,43.4761962890625,2654300,0.0,0.0
2018-04-10 00:00:00-04:00,53.09000015258789,53.209999084472656,52.08000183105469,52.119998931884766,42.87567901611328,3985500,0.0,0.0
2018-04-11 00:00:00-04:00,51.7400016784668,52.34000015258789,50.16999816894531,51.0099983215332,41.96255111694336,6767600,0.0,0.0
2018-04-12 00:00:00-04:00,51.150001525878906,51.25,49.650001525878906,50.060001373291016,41.1810417175293,6522500,0.0,0.0
2018-04-13 00:00:00-04:00,50.18000030517578,51.349998474121094,49.77000045776367,50.06999969482422,41.18927764892578,2951200,0.0,0.0
2018-04-16 00:00:00-04:00,50.33000183105469,51.15999984741211,49.880001068115234,50.900001525878906,41.87206268310547,3181000,0.0,0.0
2018-04-17 00:00:00-04:00,51.06999969482422,51.599998474121094,50.540000915527344,51.13999938964844,42.06949234008789,2222100,0.0,0.0
2018-04-18 00:00:00-04:00,51.310001373291016,51.849998474121094,51.150001525878906,51.16999816894531,42.09415817260742,1281300,0.0,0.0
2018-04-19 00:00:00-04:00,51.2599983215332,51.9900016784668,50.93000030517578,50.95000076293945,41.91319274902344,2446800,0.0,0.0
2018-04-20 00:00:00-04:00,51.0,51.02000045776367,49.040000915527344,49.33000183105469,40.58053207397461,4512600,0.0,0.0
2018-04-23 00:00:00-04:00,49.36000061035156,50.029998779296875,49.220001220703125,49.709999084472656,40.893131256103516,2307700,0.0,0.0
2018-04-24 00:00:00-04:00,49.95000076293945,50.59000015258789,49.58000183105469,49.95000076293945,41.09056091308594,2477700,0.0,0.0
2018-04-25 00:00:00-04:00,49.939998626708984,50.81999969482422,49.689998626708984,50.41999816894531,41.47719955444336,2375900,0.0,0.0
2018-04-26 00:00:00-04:00,50.369998931884766,50.59000015258789,49.869998931884766,50.029998779296875,41.1563720703125,1746600,0.0,0.0
2018-04-27 00:00:00-04:00,50.189998626708984,50.279998779296875,49.470001220703125,49.970001220703125,41.107017517089844,4060600,0.0,0.0
2018-04-30 00:00:00-04:00,50.18000030517578,50.18000030517578,49.150001525878906,49.20000076293945,40.47358322143555,2281500,0.0,0.0
2018-05-01 00:00:00-04:00,49.13999938964844,49.63999938964844,48.529998779296875,49.61000061035156,40.81086730957031,2262100,0.0,0.0
2018-05-02 00:00:00-04:00,49.52000045776367,50.060001373291016,48.86000061035156,48.9900016784668,40.30083465576172,2429600,0.0,0.0
2018-05-03 00:00:00-04:00,48.93000030517578,49.119998931884766,47.540000915527344,48.7400016784668,40.095184326171875,3956000,0.0,0.0
2018-05-04 00:00:00-04:00,50.0,53.279998779296875,49.380001068115234,53.16999816894531,43.73944854736328,8772500,0.0,0.0
2018-05-07 00:00:00-04:00,52.970001220703125,53.02000045776367,51.540000915527344,52.41999816894531,43.122459411621094,4782000,0.0,0.0
2018-05-08 00:00:00-04:00,52.41999816894531,52.72999954223633,50.880001068115234,51.27000045776367,42.176448822021484,2854300,0.0,0.0
2018-05-09 00:00:00-04:00,51.290000915527344,51.91999816894531,50.9900016784668,51.439998626708984,42.3162841796875,1655800,0.0,0.0
2018-05-10 00:00:00-04:00,51.68000030517578,52.38999938964844,51.349998474121094,52.31999969482422,43.04020690917969,1764900,0.0,0.0
2018-05-11 00:00:00-04:00,52.34000015258789,52.59000015258789,51.939998626708984,52.52000045776367,43.204734802246094,2489500,0.0,0.0
2018-05-14 00:00:00-04:00,53.099998474121094,55.470001220703125,52.56999969482422,53.650001525878906,44.13431167602539,9292700,0.0,0.0
2018-05-15 00:00:00-04:00,54.369998931884766,55.5,53.970001220703125,54.41999816894531,44.76773452758789,6122300,0.0,0.0
2018-05-16 00:00:00-04:00,54.52000045776367,54.630001068115234,53.40999984741211,53.83000183105469,44.28237533569336,4001100,0.0,0.0
2018-05-17 00:00:00-04:00,53.099998474121094,53.900001525878906,49.95000076293945,51.61000061035156,42.45613098144531,11988700,0.0,0.0
2018-05-18 00:00:00-04:00,51.619998931884766,52.650001525878906,51.349998474121094,51.75,42.57130813598633,5355000,0.0,0.0
2018-05-21 00:00:00-04:00,52.36000061035156,52.58000183105469,51.83000183105469,52.0,42.776954650878906,3564000,0.0,0.0
2018-05-22 00:00:00-04:00,52.029998779296875,52.279998779296875,51.4900016784668,51.52000045776367,42.382083892822266,1980400,0.0,0.0
2018-05-23 00:00:00-04:00,51.189998626708984,51.43000030517578,50.369998931884766,50.5099983215332,41.55122756958008,3718300,0.0,0.0
2018-05-24 00:00:00-04:00,50.720001220703125,50.88999938964844,50.25,50.599998474121094,41.62526321411133,2515400,0.0,0.0
2018-05-25 00:00:00-04:00,50.630001068115234,51.439998626708984,50.619998931884766,50.970001220703125,41.92965316772461,1987300,0.0,0.0
2018-05-29 00:00:00-04:00,50.68000030517578,50.970001220703125,50.060001373291016,50.27000045776367,41.35380554199219,3026600,0.0,0.0
2018-05-30 00:00:00-04:00,50.65999984741211,51.5099983215332,50.29999923706055,51.22999954223633,42.14352798461914,3598500,0.0,0.0
2018-05-31 00:00:00-04:00,51.0,51.099998474121094,49.86000061035156,50.369998931884766,41.43606185913086,5211500,0.0,0.0
2018-06-01 00:00:00-04:00,50.5,50.560001373291016,49.869998931884766,49.97999954223633,41.11522674560547,2107900,0.0,0.0
2018-06-04 00:00:00-04:00,50.099998474121094,50.18000030517578,49.95000076293945,50.11000061035156,41.22218704223633,2444400,0.0,0.0
2018-06-05 00:00:00-04:00,50.29999923706055,50.43000030517578,49.880001068115234,50.22999954223633,41.32089614868164,2243600,0.0,0.0
2018-06-06 00:00:00-04:00,50.38999938964844,50.79999923706055,49.790000915527344,50.63999938964844,41.658180236816406,4369200,0.0,0.0
2018-06-07 00:00:00-04:00,50.75,51.599998474121094,50.54999923706055,51.0099983215332,42.112247467041016,4457600,0.18,0.0
2018-06-08 00:00:00-04:00,51.0,51.43000030517578,50.939998626708984,51.130001068115234,42.211307525634766,1985100,0.0,0.0
2018-06-11 00:00:00-04:00,51.06999969482422,52.349998474121094,51.04999923706055,51.9900016784668,42.921295166015625,4556600,0.0,0.0
2018-06-12 00:00:00-04:00,52.220001220703125,52.459999084472656,51.95000076293945,52.380001068115234,43.24327087402344,1987300,0.0,0.0
2018-06-13 00:00:00-04:00,54.099998474121094,55.02000045776367,53.54999923706055,54.2599983215332,44.79534912109375,6966000,0.0,0.0
2018-06-14 00:00:00-04:00,54.59000015258789,55.34000015258789,54.58000183105469,55.119998931884766,45.50532531738281,2948800,0.0,0.0
2018-06-15 00:00:00-04:00,55.15999984741211,56.349998474121094,55.15999984741211,56.11000061035156,46.32264709472656,4680700,0.0,0.0
2018-06-18 00:00:00-04:00,56.0,56.95000076293945,55.939998626708984,56.310001373291016,46.487754821777344,4023700,0.0,0.0
2018-06-19 00:00:00-04:00,55.709999084472656,56.7400016784668,55.54999923706055,56.459999084472656,46.611595153808594,3480400,0.0,0.0
2018-06-20 00:00:00-04:00,57.0,58.5,57.0,58.20000076293945,48.048072814941406,4075200,0.0,0.0
2018-06-21 00:00:00-04:00,57.869998931884766,58.16999816894531,56.2400016784668,56.400001525878906,46.562049865722656,3639100,0.0,0.0
2018-06-22 00:00:00-04:00,56.779998779296875,56.9900016784668,56.369998931884766,56.70000076293945,46.80972671508789,5465000,0.0,0.0
2018-06-25 00:00:00-04:00,56.630001068115234,56.970001220703125,55.619998931884766,56.2400016784668,46.42995834350586,3253700,0.0,0.0
2018-06-26 00:00:00-04:00,56.11000061035156,56.27000045776367,55.38999938964844,55.86000061035156,46.11625289916992,2412900,0.0,0.0
2018-06-27 00:00:00-04:00,56.13999938964844,56.59000015258789,55.63999938964844,55.709999084472656,45.992408752441406,2490400,0.0,0.0
2018-06-28 00:00:00-04:00,56.0,56.2599983215332,55.11000061035156,56.130001068115234,46.339149475097656,2239000,0.0,0.0
2018-06-29 00:00:00-04:00,56.119998931884766,56.75,55.79999923706055,56.220001220703125,46.4134521484375,2435400,0.0,0.0
2018-07-02 00:00:00-04:00,55.970001220703125,56.290000915527344,55.5,55.97999954223633,46.2153205871582,1766700,0.0,0.0
2018-07-03 00:00:00-04:00,56.08000183105469,56.349998474121094,55.5099983215332,55.63999938964844,45.93462371826172,888100,0.0,0.0
2018-07-05 00:00:00-04:00,55.97999954223633,56.959999084472656,55.86000061035156,56.900001525878906,46.97483444213867,2020000,0.0,0.0
2018-07-06 00:00:00-04:00,57.060001373291016,58.25,57.0,58.150001525878906,48.006797790527344,2642000,0.0,0.0
2018-07-09 00:00:00-04:00,58.20000076293945,58.40999984741211,57.34000015258789,58.369998931884766,48.18842315673828,2437100,0.0,0.0
2018-07-10 00:00:00-04:00,58.58000183105469,58.939998626708984,57.900001525878906,58.7400016784668,48.49388885498047,2454300,0.0,0.0
2018-07-11 00:00:00-04:00,58.38999938964844,59.59000015258789,57.9900016784668,59.29999923706055,48.956207275390625,4434200,0.0,0.0
2018-07-12 00:00:00-04:00,59.45000076293945,59.52000045776367,59.0099983215332,59.119998931884766,48.80760192871094,1718500,0.0,0.0
2018-07-13 00:00:00-04:00,58.900001525878906,59.060001373291016,58.59000015258789,59.0099983215332,48.71678161621094,1143900,0.0,0.0
2018-07-16 00:00:00-04:00,59.0099983215332,59.06999969482422,58.41999816894531,58.83000183105469,48.56818771362305,2507100,0.0,0.0
2018-07-17 00:00:00-04:00,58.400001525878906,58.810001373291016,57.630001068115234,58.02000045776367,47.899478912353516,1850900,0.0,0.0
2018-07-18 00:00:00-04:00,58.02000045776367,58.560001373291016,57.880001068115234,58.220001220703125,48.0645866394043,2103000,0.0,0.0
2018-07-19 00:00:00-04:00,58.209999084472656,58.369998931884766,57.41999816894531,57.439998626708984,47.4206428527832,1645700,0.0,0.0
2018-07-20 00:00:00-04:00,57.34000015258789,57.369998931884766,56.459999084472656,57.22999954223633,47.24728775024414,2313400,0.0,0.0
2018-07-23 00:00:00-04:00,57.25,57.349998474121094,56.79999923706055,56.869998931884766,46.9500732421875,1256900,0.0,0.0
2018-07-24 00:00:00-04:00,57.349998474121094,57.439998626708984,56.290000915527344,56.65999984741211,46.776702880859375,2123300,0.0,0.0
2018-07-25 00:00:00-04:00,56.79999923706055,57.33000183105469,56.5099983215332,57.310001373291016,47.313323974609375,2324500,0.0,0.0
2018-07-26 00:00:00-04:00,57.54999923706055,58.52000045776367,57.529998779296875,57.529998779296875,47.49494552612305,1492700,0.0,0.0
2018-07-27 00:00:00-04:00,57.79999923706055,57.869998931884766,53.209999084472656,54.0099983215332,44.588951110839844,15397800,0.0,0.0
2018-07-30 00:00:00-04:00,53.290000915527344,53.45000076293945,50.90999984741211,51.279998779296875,42.33515167236328,15733900,0.0,0.0
2018-07-31 00:00:00-04:00,51.400001525878906,52.970001220703125,51.0099983215332,52.66999816894531,43.48268127441406,10900200,0.0,0.0
2018-08-01 00:00:00-04:00,52.68000030517578,53.0,52.0099983215332,52.54999923706055,43.38361740112305,4070600,0.0,0.0
2018-08-02 00:00:00-04:00,52.45000076293945,52.959999084472656,51.619998931884766,52.720001220703125,43.52396011352539,5450500,0.0,0.0
2018-08-03 00:00:00-04:00,52.20000076293945,53.189998626708984,51.209999084472656,53.15999984741211,43.88720703125,8242700,0.0,0.0
2018-08-06 00:00:00-04:00,52.90999984741211,52.9900016784668,52.29999923706055,52.849998474121094,43.631290435791016,3676000,0.0,0.0
2018-08-07 00:00:00-04:00,52.95000076293945,53.79999923706055,52.70000076293945,53.220001220703125,43.936744689941406,3220700,0.0,0.0
2018-08-08 00:00:00-04:00,53.150001525878906,53.5,53.0099983215332,53.15999984741211,43.88720703125,1969800,0.0,0.0
2018-08-09 00:00:00-04:00,53.29999923706055,54.790000915527344,53.130001068115234,53.56999969482422,44.22569274902344,4561500,0.0,0.0
2018-08-10 00:00:00-04:00,53.209999084472656,53.31999969482422,52.41999816894531,52.52000045776367,43.35885238647461,2406400,0.0,0.0
2018-08-13 00:00:00-04:00,52.58000183105469,52.88999938964844,52.08000183105469,52.209999084472656,43.10293197631836,1734900,0.0,0.0
2018-08-14 00:00:00-04:00,52.4900016784668,52.779998779296875,52.279998779296875,52.56999969482422,43.40011978149414,1103900,0.0,0.0
2018-08-15 00:00:00-04:00,52.2400016784668,52.88999938964844,51.869998931884766,52.79999923706055,43.59000015258789,2286100,0.0,0.0
2018-08-16 00:00:00-04:00,53.0,53.439998626708984,52.790000915527344,52.97999954223633,43.73860168457031,1432000,0.0,0.0
2018-08-17 00:00:00-04:00,52.970001220703125,53.560001373291016,52.900001525878906,53.220001220703125,43.936744689941406,1525900,0.0,0.0
2018-08-20 00:00:00-04:00,53.45000076293945,53.709999084472656,53.20000076293945,53.560001373291016,44.217445373535156,1074700,0.0,0.0
2018-08-21 00:00:00-04:00,53.70000076293945,54.290000915527344,53.529998779296875,53.970001220703125,44.55592346191406,2038200,0.0,0.0
2018-08-22 00:00:00-04:00,54.0,54.0,53.29999923706055,53.380001068115234,44.0688362121582,1389300,0.0,0.0
2018-08-23 00:00:00-04:00,53.279998779296875,53.439998626708984,52.689998626708984,52.880001068115234,43.656063079833984,1729000,0.0,0.0
2018-08-24 00:00:00-04:00,52.939998626708984,53.439998626708984,52.900001525878906,53.099998474121094,43.837677001953125,1149500,0.0,0.0
2018-08-27 00:00:00-04:00,53.33000183105469,53.7599983215332,53.2599983215332,53.65999984741211,44.29999923706055,2139000,0.0,0.0
2018-08-28 00:00:00-04:00,53.63999938964844,53.869998931884766,53.2599983215332,53.38999938964844,44.077091217041016,1247800,0.0,0.0
2018-08-29 00:00:00-04:00,53.540000915527344,54.119998931884766,53.119998931884766,53.88999938964844,44.48988342285156,1665400,0.0,0.0
2018-08-30 00:00:00-04:00,53.70000076293945,53.779998779296875,52.709999084472656,53.0099983215332,43.76337432861328,1839800,0.0,0.0
2018-08-31 00:00:00-04:00,52.849998474121094,53.25,52.7599983215332,53.02000045776367,43.77164077758789,1708100,0.0,0.0
2018-09-04 00:00:00-04:00,52.84000015258789,52.88999938964844,52.2400016784668,52.59000015258789,43.41664123535156,1984300,0.0,0.0
2018-09-05 00:00:00-04:00,53.290000915527344,53.709999084472656,52.58000183105469,52.95000076293945,43.713844299316406,3906100,0.0,0.0
2018-09-06 00:00:00-04:00,51.5,55.65999984741211,51.5,54.619998931884766,45.09254837036133,9002800,0.0,0.0
2018-09-07 00:00:00-04:00,54.849998474121094,57.150001525878906,54.5099983215332,56.060001373291016,46.43438720703125,6751700,0.18,0.0
2018-09-10 00:00:00-04:00,56.22999954223633,56.25,53.869998931884766,55.20000076293945,45.7220458984375,11239800,0.0,0.0
2018-09-11 00:00:00-04:00,54.68000030517578,55.84000015258789,54.68000030517578,55.400001525878906,45.88770294189453,4247400,0.0,0.0
2018-09-12 00:00:00-04:00,55.2599983215332,55.66999816894531,54.79999923706055,55.13999938964844,45.67236328125,4065200,0.0,0.0
2018-09-13 00:00:00-04:00,55.400001525878906,56.720001220703125,55.349998474121094,56.209999084472656,46.55862045288086,3297300,0.0,0.0
2018-09-14 00:00:00-04:00,56.209999084472656,56.529998779296875,55.40999984741211,55.849998474121094,46.26044464111328,3179600,0.0,0.0
2018-09-17 00:00:00-04:00,55.900001525878906,56.59000015258789,55.38999938964844,56.279998779296875,46.61660385131836,3617100,0.0,0.0
2018-09-18 00:00:00-04:00,56.189998626708984,56.33000183105469,55.38999938964844,55.66999816894531,46.111358642578125,2459500,0.0,0.0
2018-09-19 00:00:00-04:00,55.77000045776367,56.380001068115234,55.470001220703125,55.970001220703125,46.359840393066406,5072100,0.0,0.0
2018-09-20 00:00:00-04:00,56.0099983215332,56.869998931884766,55.939998626708984,56.70000076293945,46.96449661254883,2436200,0.0,0.0
2018-09-21 00:00:00-04:00,56.4900016784668,56.939998626708984,56.290000915527344,56.7400016784668,46.99763488769531,6121100,0.0,0.0
2018-09-24 00:00:00-04:00,56.7400016784668,57.040000915527344,56.130001068115234,56.58000183105469,46.86509704589844,3679300,0.0,0.0
2018-09-25 00:00:00-04:00,56.70000076293945,56.79999923706055,56.369998931884766,56.54999923706055,46.84024429321289,3346500,0.0,0.0
2018-09-26 00:00:00-04:00,56.77000045776367,57.189998626708984,56.22999954223633,56.5,46.798828125,4972100,0.0,0.0
2018-09-27 00:00:00-04:00,56.439998626708984,56.7400016784668,55.900001525878906,56.54999923706055,46.84024429321289,2364500,0.0,0.0
2018-09-28 00:00:00-04:00,56.40999984741211,57.58000183105469,56.11000061035156,57.45000076293945,47.58572769165039,2744500,0.0,0.0
2018-10-01 00:00:00-04:00,57.5099983215332,57.529998779296875,55.470001220703125,55.7599983215332,46.18589782714844,3608800,0.0,0.0
2018-10-02 00:00:00-04:00,55.810001373291016,56.61000061035156,55.75,56.5099983215332,46.80711364746094,3806500,0.0,0.0
2018-10-03 00:00:00-04:00,56.63999938964844,56.63999938964844,55.650001525878906,55.90999984741211,46.31014633178711,4171400,0.0,0.0
2018-10-04 00:00:00-04:00,55.77000045776367,56.34000015258789,55.540000915527344,56.02000045776367,46.401248931884766,3498500,0.0,0.0
2018-10-05 00:00:00-04:00,56.279998779296875,56.54999923706055,55.189998626708984,55.31999969482422,45.821449279785156,2042600,0.0,0.0
2018-10-08 00:00:00-04:00,55.08000183105469,57.4900016784668,54.66999816894531,57.04999923706055,47.2544059753418,6315900,0.0,0.0
2018-10-09 00:00:00-04:00,57.0,58.529998779296875,56.66999816894531,57.380001068115234,47.52774429321289,4638100,0.0,0.0
2018-10-10 00:00:00-04:00,57.439998626708984,57.439998626708984,55.439998626708984,55.529998779296875,45.995384216308594,3121600,0.0,0.0
2018-10-11 00:00:00-04:00,55.54999923706055,55.65999984741211,53.689998626708984,53.81999969482422,44.579010009765625,3846200,0.0,0.0
2018-10-12 00:00:00-04:00,54.380001068115234,54.779998779296875,53.66999816894531,54.31999969482422,44.993141174316406,2642000,0.0,0.0
2018-10-15 00:00:00-04:00,53.939998626708984,54.93000030517578,53.939998626708984,54.36000061035156,45.02627944946289,1717700,0.0,0.0
2018-10-16 00:00:00-04:00,54.619998931884766,55.290000915527344,54.16999816894531,55.04999923706055,45.59779739379883,5031600,0.0,0.0
2018-10-17 00:00:00-04:00,55.119998931884766,56.15999984741211,54.970001220703125,55.86000061035156,46.26873016357422,2680800,0.0,0.0
2018-10-18 00:00:00-04:00,55.869998931884766,56.939998626708984,55.86000061035156,56.16999816894531,46.52549743652344,2763300,0.0,0.0
2018-10-19 00:00:00-04:00,56.45000076293945,57.40999984741211,56.20000076293945,57.20000076293945,47.37864685058594,2503700,0.0,0.0
2018-10-22 00:00:00-04:00,57.040000915527344,57.380001068115234,56.09000015258789,56.79999923706055,47.047325134277344,2145000,0.0,0.0
2018-10-23 00:00:00-04:00,56.02000045776367,56.56999969482422,55.380001068115234,56.2599983215332,46.60004806518555,1708500,0.0,0.0
2018-10-24 00:00:00-04:00,56.119998931884766,56.369998931884766,53.15999984741211,53.279998779296875,44.131710052490234,6433500,0.0,0.0
2018-10-25 00:00:00-04:00,53.86000061035156,55.06999969482422,53.279998779296875,54.68000030517578,45.29133224487305,3905200,0.0,0.0
2018-10-26 00:00:00-04:00,53.90999984741211,54.75,53.310001373291016,53.83000183105469,44.5872802734375,3053700,0.0,0.0
2018-10-29 00:00:00-04:00,54.369998931884766,55.25,53.34000015258789,54.130001068115234,44.83577346801758,2760900,0.0,0.0
2018-10-30 00:00:00-04:00,54.349998474121094,56.27000045776367,54.060001373291016,56.2400016784668,46.583473205566406,2670900,0.0,0.0
2018-10-31 00:00:00-04:00,56.65999984741211,57.939998626708984,56.400001525878906,57.349998474121094,47.50288391113281,2610500,0.0,0.0
2018-11-01 00:00:00-04:00,57.52000045776367,59.15999984741211,57.41999816894531,58.4900016784668,48.44715118408203,4528600,0.0,0.0
2018-11-02 00:00:00-04:00,57.36000061035156,59.560001373291016,55.75,56.16999816894531,46.52549743652344,4739600,0.0,0.0
2018-11-05 00:00:00-05:00,56.4900016784668,57.709999084472656,56.15999984741211,57.29999923706055,47.46147537231445,2643600,0.0,0.0
2018-11-06 00:00:00-05:00,57.18000030517578,58.02000045776367,56.70000076293945,57.790000915527344,47.86733627319336,1604400,0.0,0.0
2018-11-07 00:00:00-05:00,58.08000183105469,58.08000183105469,56.5,57.810001373291016,47.883907318115234,1947300,0.0,0.0
2018-11-08 00:00:00-05:00,57.810001373291016,58.47999954223633,57.459999084472656,57.91999816894531,47.97502517700195,1570200,0.0,0.0
2018-11-09 00:00:00-05:00,57.95000076293945,58.380001068115234,57.13999938964844,57.54999923706055,47.668548583984375,1836200,0.0,0.0
2018-11-12 00:00:00-05:00,57.619998931884766,57.95000076293945,57.11000061035156,57.130001068115234,47.32066345214844,1798700,0.0,0.0
2018-11-13 00:00:00-05:00,57.06999969482422,57.77000045776367,56.86000061035156,56.970001220703125,47.18813705444336,1211300,0.0,0.0
2018-11-14 00:00:00-05:00,57.31999969482422,57.619998931884766,56.61000061035156,56.959999084472656,47.17984390258789,1723800,0.0,0.0
2018-11-15 00:00:00-05:00,56.63999938964844,57.310001373291016,55.689998626708984,57.29999923706055,47.46147537231445,1230700,0.0,0.0
2018-11-16 00:00:00-05:00,57.119998931884766,57.79999923706055,56.52000045776367,57.4900016784668,47.61886215209961,1411100,0.0,0.0
2018-11-19 00:00:00-05:00,57.31999969482422,57.56999969482422,54.869998931884766,54.970001220703125,45.53153610229492,5419400,0.0,0.0
2018-11-20 00:00:00-05:00,54.09000015258789,54.459999084472656,52.15999984741211,52.880001068115234,43.80040740966797,4395200,0.0,0.0
2018-11-21 00:00:00-05:00,53.38999938964844,54.22999954223633,53.20000076293945,53.72999954223633,44.504451751708984,3039700,0.0,0.0
2018-11-23 00:00:00-05:00,53.45000076293945,54.45000076293945,53.31999969482422,53.91999816894531,44.66183090209961,943400,0.0,0.0
2018-11-26 00:00:00-05:00,54.459999084472656,54.47999954223633,53.52000045776367,53.720001220703125,44.49616241455078,1551100,0.0,0.0
2018-11-27 00:00:00-05:00,53.65999984741211,54.130001068115234,53.540000915527344,54.119998931884766,44.82748794555664,2332800,0.0,0.0
2018-11-28 00:00:00-05:00,54.5,55.369998931884766,54.349998474121094,55.13999938964844,45.67236328125,1964300,0.0,0.0
2018-11-29 00:00:00-05:00,54.650001525878906,55.75,54.5,55.349998474121094,45.846290588378906,1926500,0.0,0.0
2018-11-30 00:00:00-05:00,55.4900016784668,55.4900016784668,53.810001373291016,54.18000030517578,44.87718200683594,3397100,0.0,0.0
2018-12-03 00:00:00-05:00,54.47999954223633,54.84000015258789,52.52000045776367,53.5099983215332,44.32223129272461,3357900,0.0,0.0
2018-12-04 00:00:00-05:00,53.61000061035156,53.90999984741211,51.2599983215332,51.349998474121094,42.533103942871094,3842300,0.0,0.0
2018-12-06 00:00:00-05:00,51.02000045776367,51.349998474121094,50.27000045776367,51.310001373291016,42.499969482421875,3657800,0.0,0.0
2018-12-07 00:00:00-05:00,51.04999923706055,51.56999969482422,50.54999923706055,51.099998474121094,42.326026916503906,2836100,0.0,0.0
2018-12-10 00:00:00-05:00,50.91999816894531,51.11000061035156,49.369998931884766,49.7599983215332,41.361812591552734,3784700,0.18,0.0
2018-12-11 00:00:00-05:00,50.0099983215332,50.68000030517578,48.22999954223633,48.2400016784668,40.09833908081055,3967700,0.0,0.0
2018-12-12 00:00:00-05:00,48.540000915527344,49.400001525878906,48.540000915527344,48.65999984741211,40.447452545166016,5318000,0.0,0.0
2018-12-13 00:00:00-05:00,49.04999923706055,49.369998931884766,47.470001220703125,47.90999984741211,39.82403564453125,4603600,0.0,0.0
2018-12-14 00:00:00-05:00,47.68000030517578,48.47999954223633,47.45000076293945,48.04999923706055,39.94039535522461,3553900,0.0,0.0
2018-12-17 00:00:00-05:00,47.91999816894531,47.9900016784668,46.56999969482422,46.81999969482422,38.91799545288086,4309100,0.0,0.0
2018-12-18 00:00:00-05:00,47.400001525878906,47.5,45.83000183105469,46.20000076293945,38.40263748168945,5371800,0.0,0.0
2018-12-19 00:00:00-05:00,46.189998626708984,47.0,45.15999984741211,45.369998931884766,37.71272277832031,4693900,0.0,0.0
2018-12-20 00:00:00-05:00,45.04999923706055,45.33000183105469,43.43000030517578,44.13999938964844,36.690311431884766,3356500,0.0,0.0
2018-12-21 00:00:00-05:00,44.4900016784668,45.40999984741211,43.099998474121094,43.36000061035156,36.04195785522461,5068200,0.0,0.0
2018-12-24 00:00:00-05:00,42.63999938964844,43.41999816894531,42.0,42.02000045776367,34.92811584472656,1921300,0.0,0.0
2018-12-26 00:00:00-05:00,42.2400016784668,43.369998931884766,41.380001068115234,43.369998931884766,36.05027770996094,4512900,0.0,0.0
2018-12-27 00:00:00-05:00,42.77000045776367,43.369998931884766,41.58000183105469,43.369998931884766,36.05027770996094,4001900,0.0,0.0
2018-12-28 00:00:00-05:00,43.61000061035156,44.099998474121094,43.060001373291016,43.40999984741211,36.083534240722656,3553600,0.0,0.0
2018-12-31 00:00:00-05:00,43.75,43.84000015258789,42.810001373291016,43.720001220703125,36.341209411621094,3278900,0.0,0.0
2019-01-02 00:00:00-05:00,43.619998931884766,45.75,43.34000015258789,45.65999984741211,37.953773498535156,4704600,0.0,0.0
2019-01-03 00:00:00-05:00,45.33000183105469,46.689998626708984,45.130001068115234,46.130001068115234,38.344451904296875,5106600,0.0,0.0
2019-01-04 00:00:00-05:00,46.599998474121094,47.349998474121094,46.16999816894531,47.16999816894531,39.20893478393555,3917700,0.0,0.0
2019-01-07 00:00:00-05:00,47.130001068115234,48.279998779296875,46.869998931884766,47.66999816894531,39.624534606933594,3413800,0.0,0.0
2019-01-08 00:00:00-05:00,48.0099983215332,48.66999816894531,47.25,48.369998931884766,40.206398010253906,3219900,0.0,0.0
2019-01-09 00:00:00-05:00,48.470001220703125,48.4900016784668,47.70000076293945,47.79999923706055,39.73259735107422,3239600,0.0,0.0
2019-01-10 00:00:00-05:00,47.630001068115234,48.099998474121094,47.20000076293945,47.849998474121094,39.77415466308594,3106100,0.0,0.0
2019-01-11 00:00:00-05:00,47.84000015258789,48.31999969482422,47.56999969482422,47.970001220703125,39.8739128112793,2636100,0.0,0.0
2019-01-14 00:00:00-05:00,47.709999084472656,48.369998931884766,47.439998626708984,47.93000030517578,39.84066390991211,1998300,0.0,0.0
2019-01-15 00:00:00-05:00,47.880001068115234,48.279998779296875,47.63999938964844,47.79999923706055,39.73259735107422,2360900,0.0,0.0
2019-01-16 00:00:00-05:00,47.869998931884766,48.22999954223633,47.56999969482422,47.810001373291016,39.74091720581055,4400600,0.0,0.0
2019-01-17 00:00:00-05:00,48.720001220703125,49.130001068115234,48.20000076293945,48.77000045776367,40.53889083862305,6261500,0.0,0.0
2019-01-18 00:00:00-05:00,49.029998779296875,49.72999954223633,48.86000061035156,49.2400016784668,40.92958068847656,3277300,0.0,0.0
2019-01-22 00:00:00-05:00,49.099998474121094,49.220001220703125,48.2400016784668,48.459999084472656,40.28120422363281,3263500,0.0,0.0
2019-01-23 00:00:00-05:00,48.7599983215332,49.43000030517578,48.13999938964844,48.45000076293945,40.27289581298828,2437300,0.0,0.0
2019-01-24 00:00:00-05:00,48.459999084472656,49.09000015258789,48.279998779296875,48.97999954223633,40.71344757080078,2220100,0.0,0.0
2019-01-25 00:00:00-05:00,49.29999923706055,49.5,48.88999938964844,49.16999816894531,40.871376037597656,1735300,0.0,0.0
2019-01-28 00:00:00-05:00,48.95000076293945,50.34000015258789,48.720001220703125,50.04999923706055,41.60286331176758,3265700,0.0,0.0
2019-01-29 00:00:00-05:00,49.88999938964844,50.61000061035156,49.560001373291016,50.36000061035156,41.86052703857422,2226500,0.0,0.0
2019-01-30 00:00:00-05:00,50.29999923706055,50.63999938964844,48.630001068115234,49.5,41.145687103271484,2261200,0.0,0.0
2019-01-31 00:00:00-05:00,49.31999969482422,49.970001220703125,49.25,49.459999084472656,41.11243438720703,2831000,0.0,0.0
2019-02-01 00:00:00-05:00,49.689998626708984,49.779998779296875,49.0099983215332,49.66999816894531,41.28700256347656,1902300,0.0,0.0
2019-02-04 00:00:00-05:00,49.56999969482422,49.790000915527344,49.2599983215332,49.5099983215332,41.15399169921875,1594300,0.0,0.0
2019-02-05 00:00:00-05:00,49.540000915527344,49.9900016784668,49.36000061035156,49.810001373291016,41.403385162353516,2385100,0.0,0.0
2019-02-06 00:00:00-05:00,49.939998626708984,50.189998626708984,49.59000015258789,49.779998779296875,41.3784294128418,1771200,0.0,0.0
2019-02-07 00:00:00-05:00,49.52000045776367,49.58000183105469,48.529998779296875,49.150001525878906,40.854766845703125,1483100,0.0,0.0
2019-02-08 00:00:00-05:00,48.970001220703125,49.560001373291016,48.63999938964844,49.560001373291016,41.19556427001953,1781700,0.0,0.0
2019-02-11 00:00:00-05:00,49.18000030517578,49.61000061035156,47.95000076293945,48.09000015258789,39.97365188598633,2586100,0.0,0.0
2019-02-12 00:00:00-05:00,48.310001373291016,48.7599983215332,48.130001068115234,48.380001068115234,40.21471405029297,3191800,0.0,0.0
2019-02-13 00:00:00-05:00,48.63999938964844,48.790000915527344,48.189998626708984,48.43000030517578,40.25627517700195,3068400,0.0,0.0
2019-02-14 00:00:00-05:00,48.33000183105469,49.630001068115234,48.150001525878906,49.099998474121094,40.813201904296875,4485600,0.0,0.0
2019-02-15 00:00:00-05:00,48.599998474121094,51.06999969482422,48.459999084472656,50.63999938964844,42.09327697753906,6830900,0.0,0.0
2019-02-19 00:00:00-05:00,50.599998474121094,50.81999969482422,50.290000915527344,50.56999969482422,42.03509521484375,4189700,0.0,0.0
2019-02-20 00:00:00-05:00,50.5099983215332,51.630001068115234,50.45000076293945,51.20000076293945,42.55876922607422,4281100,0.0,0.0
2019-02-21 00:00:00-05:00,51.20000076293945,51.209999084472656,50.540000915527344,50.91999816894531,42.32603073120117,1901500,0.0,0.0
2019-02-22 00:00:00-05:00,50.9900016784668,51.70000076293945,50.599998474121094,51.689998626708984,42.966068267822266,3410500,0.0,0.0
2019-02-25 00:00:00-05:00,51.939998626708984,51.939998626708984,50.540000915527344,50.58000183105469,42.04341506958008,2584600,0.0,0.0
2019-02-26 00:00:00-05:00,50.5,50.650001525878906,49.970001220703125,50.470001220703125,41.95198059082031,2121200,0.0,0.0
2019-02-27 00:00:00-05:00,50.189998626708984,50.279998779296875,49.45000076293945,49.619998931884766,41.24543762207031,2439100,0.0,0.0
2019-02-28 00:00:00-05:00,49.75,50.40999984741211,49.18000030517578,50.209999084472656,41.73585510253906,2865900,0.0,0.0
2019-03-01 00:00:00-05:00,50.599998474121094,50.93000030517578,50.380001068115234,50.790000915527344,42.21797561645508,2426100,0.0,0.0
2019-03-04 00:00:00-05:00,51.08000183105469,51.18000030517578,49.689998626708984,50.11000061035156,41.652732849121094,2029400,0.0,0.0
2019-03-05 00:00:00-05:00,49.939998626708984,50.22999954223633,49.75,50.20000076293945,41.727542877197266,2081800,0.0,0.0
2019-03-06 00:00:00-05:00,50.279998779296875,50.41999816894531,49.689998626708984,50.02000045776367,41.57791519165039,2225900,0.0,0.0
2019-03-07 00:00:00-05:00,50.029998779296875,50.029998779296875,48.77000045776367,49.13999938964844,40.846458435058594,2499700,0.0,0.0
2019-03-08 00:00:00-05:00,48.59000015258789,49.029998779296875,48.349998474121094,49.0099983215332,40.88816452026367,1856400,0.18,0.0
2019-03-11 00:00:00-04:00,49.130001068115234,49.13999938964844,48.58000183105469,49.08000183105469,40.946556091308594,3112900,0.0,0.0
2019-03-12 00:00:00-04:00,49.33000183105469,49.630001068115234,49.18000030517578,49.439998626708984,41.24689483642578,1964900,0.0,0.0
2019-03-13 00:00:00-04:00,49.459999084472656,49.88999938964844,48.290000915527344,48.70000076293945,40.629539489746094,3821300,0.0,0.0
2019-03-14 00:00:00-04:00,49.02000045776367,49.11000061035156,47.970001220703125,48.2400016784668,40.245758056640625,5885800,0.0,0.0
2019-03-15 00:00:00-04:00,48.11000061035156,48.290000915527344,47.65999984741211,47.70000076293945,39.795249938964844,6755200,0.0,0.0
2019-03-18 00:00:00-04:00,47.75,47.84000015258789,47.22999954223633,47.63999938964844,39.74519348144531,3620600,0.0,0.0
2019-03-19 00:00:00-04:00,47.650001525878906,48.08000183105469,47.13999938964844,47.220001220703125,39.39480209350586,1990000,0.0,0.0
2019-03-20 00:00:00-04:00,47.0,47.20000076293945,45.959999084472656,46.15999984741211,38.51045608520508,5196600,0.0,0.0
2019-03-21 00:00:00-04:00,45.970001220703125,46.470001220703125,45.75,46.099998474121094,38.46039962768555,4693600,0.0,0.0
2019-03-22 00:00:00-04:00,45.88999938964844,46.11000061035156,45.040000915527344,45.060001373291016,37.592750549316406,2970100,0.0,0.0
2019-03-25 00:00:00-04:00,45.4900016784668,46.27000045776367,45.20000076293945,45.529998779296875,37.98485565185547,3423800,0.0,0.0
2019-03-26 00:00:00-04:00,45.810001373291016,48.13999938964844,45.810001373291016,47.31999969482422,39.47822952270508,6169100,0.0,0.0
2019-03-27 00:00:00-04:00,47.810001373291016,47.90999984741211,47.09000015258789,47.58000183105469,39.69514465332031,3158700,0.0,0.0
2019-03-28 00:00:00-04:00,47.5,47.900001525878906,47.290000915527344,47.290000915527344,39.45319366455078,2733900,0.0,0.0
2019-03-29 00:00:00-04:00,47.529998779296875,47.91999816894531,47.13999938964844,47.529998779296875,39.65342712402344,3071000,0.0,0.0
2019-04-01 00:00:00-04:00,48.0,48.65999984741211,47.900001525878906,48.209999084472656,40.220733642578125,2290100,0.0,0.0
2019-04-02 00:00:00-04:00,48.310001373291016,48.38999938964844,47.7400016784668,47.939998626708984,39.9954719543457,1284700,0.0,0.0
2019-04-03 00:00:00-04:00,48.20000076293945,49.20000076293945,47.959999084472656,48.810001373291016,40.7213020324707,2864300,0.0,0.0
2019-04-04 00:00:00-04:00,48.939998626708984,49.97999954223633,48.72999954223633,49.65999984741211,41.43043899536133,2302900,0.0,0.0
2019-04-05 00:00:00-04:00,49.86000061035156,50.400001525878906,49.790000915527344,50.369998931884766,42.02278518676758,2286300,0.0,0.0
2019-04-08 00:00:00-04:00,50.15999984741211,51.52000045776367,50.15999984741211,51.38999938964844,42.87375259399414,3892400,0.0,0.0
2019-04-09 00:00:00-04:00,51.150001525878906,51.310001373291016,50.77000045776367,51.11000061035156,42.64015579223633,2063100,0.0,0.0
2019-04-10 00:00:00-04:00,51.060001373291016,51.689998626708984,50.91999816894531,51.630001068115234,43.073974609375,2421200,0.0,0.0
2019-04-11 00:00:00-04:00,51.7400016784668,52.130001068115234,51.459999084472656,51.560001373291016,43.01558303833008,2633300,0.0,0.0
2019-04-12 00:00:00-04:00,51.81999969482422,52.220001220703125,50.90999984741211,51.58000183105469,43.03226089477539,2476400,0.0,0.0
2019-04-15 00:00:00-04:00,51.7400016784668,51.939998626708984,51.09000015258789,51.7599983215332,43.182437896728516,1785000,0.0,0.0
2019-04-16 00:00:00-04:00,52.099998474121094,52.34000015258789,51.689998626708984,52.2400016784668,43.58290100097656,2080000,0.0,0.0
2019-04-17 00:00:00-04:00,52.400001525878906,52.88999938964844,52.290000915527344,52.529998779296875,43.8248291015625,2403900,0.0,0.0
2019-04-18 00:00:00-04:00,52.560001373291016,52.810001373291016,52.16999816894531,52.38999938964844,43.708038330078125,2172600,0.0,0.0
2019-04-22 00:00:00-04:00,52.33000183105469,52.33000183105469,50.880001068115234,51.11000061035156,42.64015579223633,2252700,0.0,0.0
2019-04-23 00:00:00-04:00,51.06999969482422,51.5,50.81999969482422,51.34000015258789,42.832035064697266,2917600,0.0,0.0
2019-04-24 00:00:00-04:00,51.29999923706055,52.02000045776367,51.0,51.349998474121094,42.84038162231445,2204000,0.0,0.0
2019-04-25 00:00:00-04:00,51.22999954223633,51.22999954223633,50.619998931884766,50.65999984741211,42.26472091674805,1573900,0.0,0.0
2019-04-26 00:00:00-04:00,50.90999984741211,51.38999938964844,50.68000030517578,51.20000076293945,42.71523666381836,2313500,0.0,0.0
2019-04-29 00:00:00-04:00,51.279998779296875,51.90999984741211,51.25,51.75,43.174095153808594,1294000,0.0,0.0
2019-04-30 00:00:00-04:00,51.70000076293945,51.849998474121094,50.7400016784668,51.27000045776367,42.77363967895508,2598400,0.0,0.0
2019-05-01 00:00:00-04:00,51.22999954223633,51.7599983215332,51.08000183105469,51.130001068115234,42.656837463378906,1299500,0.0,0.0
2019-05-02 00:00:00-04:00,51.0099983215332,51.27000045776367,49.93000030517578,50.41999816894531,42.064483642578125,2330100,0.0,0.0
2019-05-03 00:00:00-04:00,50.470001220703125,50.810001373291016,48.91999816894531,49.72999954223633,41.48883056640625,3983300,0.0,0.0
2019-05-06 00:00:00-04:00,49.040000915527344,49.88999938964844,48.70000076293945,49.65999984741211,41.43043899536133,1612000,0.0,0.0
2019-05-07 00:00:00-04:00,49.279998779296875,49.4900016784668,48.119998931884766,48.4900016784668,40.454345703125,2944600,0.0,0.0
2019-05-08 00:00:00-04:00,48.369998931884766,48.849998474121094,48.060001373291016,48.540000915527344,40.496055603027344,2461300,0.0,0.0
2019-05-09 00:00:00-04:00,48.290000915527344,48.90999984741211,48.0099983215332,48.779998779296875,40.69628143310547,2322300,0.0,0.0
2019-05-10 00:00:00-04:00,48.52000045776367,49.459999084472656,48.09000015258789,49.290000915527344,41.12175369262695,2255000,0.0,0.0
2019-05-13 00:00:00-04:00,48.58000183105469,48.77000045776367,47.040000915527344,47.25,39.41981887817383,3266100,0.0,0.0
2019-05-14 00:00:00-04:00,47.349998474121094,48.11000061035156,47.209999084472656,47.689998626708984,39.78691482543945,2009400,0.0,0.0
2019-05-15 00:00:00-04:00,47.459999084472656,48.0,47.060001373291016,47.84000015258789,39.912044525146484,2031700,0.0,0.0
2019-05-16 00:00:00-04:00,48.20000076293945,48.790000915527344,47.869998931884766,48.36000061035156,40.34587478637695,1448100,0.0,0.0
2019-05-17 00:00:00-04:00,47.93000030517578,48.68000030517578,47.70000076293945,48.380001068115234,40.36256408691406,1414100,0.0,0.0
2019-05-20 00:00:00-04:00,48.25,48.38999938964844,47.93000030517578,48.310001373291016,40.30416488647461,1202000,0.0,0.0
2019-05-21 00:00:00-04:00,48.439998626708984,49.029998779296875,48.349998474121094,48.91999816894531,40.81307601928711,2572400,0.0,0.0
2019-05-22 00:00:00-04:00,48.70000076293945,48.880001068115234,48.25,48.31999969482422,40.312503814697266,1850000,0.0,0.0
2019-05-23 00:00:00-04:00,47.810001373291016,48.11000061035156,47.38999938964844,47.90999984741211,39.9704475402832,2353300,0.0,0.0
2019-05-24 00:00:00-04:00,47.9900016784668,48.08000183105469,47.45000076293945,47.47999954223633,39.61170196533203,2193900,0.0,0.0
2019-05-28 00:00:00-04:00,47.709999084472656,48.18000030517578,47.540000915527344,47.619998931884766,39.72850036621094,1721100,0.0,0.0
2019-05-29 00:00:00-04:00,47.310001373291016,47.5,46.43000030517578,46.720001220703125,38.97764587402344,1983800,0.0,0.0
2019-05-30 00:00:00-04:00,46.9900016784668,48.970001220703125,46.9900016784668,48.20000076293945,40.2123908996582,3816700,0.0,0.0
2019-05-31 00:00:00-04:00,47.939998626708984,48.599998474121094,47.720001220703125,48.279998779296875,40.27912902832031,3012700,0.0,0.0
2019-06-03 00:00:00-04:00,48.099998474121094,48.63999938964844,47.90999984741211,48.2400016784668,40.245758056640625,1872000,0.0,0.0
2019-06-04 00:00:00-04:00,48.65999984741211,49.099998474121094,48.43000030517578,48.810001373291016,40.7213020324707,1654000,0.0,0.0
2019-06-05 00:00:00-04:00,49.150001525878906,49.29999923706055,48.11000061035156,48.310001373291016,40.30416488647461,2146000,0.0,0.0
2019-06-06 00:00:00-04:00,48.54999923706055,48.689998626708984,48.18000030517578,48.439998626708984,40.41263198852539,1507600,0.0,0.0
2019-06-07 00:00:00-04:00,48.47999954223633,48.880001068115234,48.209999084472656,48.41999816894531,40.54659652709961,1496900,0.18,0.0
2019-06-10 00:00:00-04:00,48.47999954223633,48.75,47.77000045776367,47.970001220703125,40.16977310180664,2448400,0.0,0.0
2019-06-11 00:00:00-04:00,48.06999969482422,48.400001525878906,47.79999923706055,48.08000183105469,40.26189422607422,1863800,0.0,0.0
2019-06-12 00:00:00-04:00,48.209999084472656,48.529998779296875,48.09000015258789,48.33000183105469,40.471229553222656,1115600,0.0,0.0
2019-06-13 00:00:00-04:00,48.33000183105469,49.4900016784668,48.09000015258789,49.33000183105469,41.308624267578125,1768700,0.0,0.0
2019-06-14 00:00:00-04:00,49.369998931884766,49.369998931884766,48.650001525878906,48.9900016784668,41.0239143371582,1302100,0.0,0.0
2019-06-17 00:00:00-04:00,49.06999969482422,49.529998779296875,48.279998779296875,49.150001525878906,41.157894134521484,1647700,0.0,0.0
2019-06-18 00:00:00-04:00,49.38999938964844,49.90999984741211,49.060001373291016,49.209999084472656,41.20813751220703,2369400,0.0,0.0
2019-06-19 00:00:00-04:00,49.459999084472656,50.09000015258789,48.91999816894531,49.7400016784668,41.65196228027344,2640800,0.0,0.0
2019-06-20 00:00:00-04:00,50.20000076293945,50.93000030517578,49.90999984741211,50.77000045776367,42.51446533203125,2561200,0.0,0.0
2019-06-21 00:00:00-04:00,50.84000015258789,50.97999954223633,50.15999984741211,50.470001220703125,42.26325607299805,3652800,0.0,0.0
2019-06-24 00:00:00-04:00,50.36000061035156,50.529998779296875,49.4900016784668,50.290000915527344,42.112525939941406,1506100,0.0,0.0
2019-06-25 00:00:00-04:00,50.150001525878906,50.27000045776367,49.2599983215332,49.41999816894531,41.38399124145508,1595900,0.0,0.0
2019-06-26 00:00:00-04:00,49.4900016784668,49.54999923706055,48.58000183105469,48.599998474121094,40.697330474853516,2038100,0.0,0.0
2019-06-27 00:00:00-04:00,48.56999969482422,48.900001525878906,48.290000915527344,48.81999969482422,40.881568908691406,2252200,0.0,0.0
2019-06-28 00:00:00-04:00,48.810001373291016,49.900001525878906,48.72999954223633,49.900001525878906,41.78594207763672,3531600,0.0,0.0
2019-07-01 00:00:00-04:00,50.31999969482422,50.81999969482422,49.95000076293945,50.54999923706055,42.33024597167969,2989100,0.0,0.0
2019-07-02 00:00:00-04:00,50.61000061035156,51.20000076293945,50.369998931884766,50.97999954223633,42.69032669067383,1885900,0.0,0.0
2019-07-03 00:00:00-04:00,51.130001068115234,52.060001373291016,51.029998779296875,51.84000015258789,43.41048812866211,1750300,0.0,0.0
2019-07-05 00:00:00-04:00,51.540000915527344,52.31999969482422,51.4900016784668,52.0099983215332,43.55283737182617,1408300,0.0,0.0
2019-07-08 00:00:00-04:00,51.79999923706055,52.439998626708984,51.75,52.400001525878906,43.87942886352539,2390300,0.0,0.0
2019-07-09 00:00:00-04:00,52.11000061035156,52.4900016784668,51.9900016784668,52.310001373291016,43.80406188964844,1630200,0.0,0.0
2019-07-10 00:00:00-04:00,52.459999084472656,52.68000030517578,52.040000915527344,52.56999969482422,44.02178192138672,1925400,0.0,0.0
2019-07-11 00:00:00-04:00,52.61000061035156,53.099998474121094,52.34000015258789,53.08000183105469,44.4488525390625,1639700,0.0,0.0
2019-07-12 00:00:00-04:00,53.16999816894531,53.470001220703125,53.040000915527344,53.18000030517578,44.532596588134766,3177700,0.0,0.0
2019-07-15 00:00:00-04:00,53.13999938964844,53.47999954223633,52.900001525878906,53.369998931884766,44.691707611083984,1376100,0.0,0.0
2019-07-16 00:00:00-04:00,53.36000061035156,53.709999084472656,52.63999938964844,53.5099983215332,44.808929443359375,2608100,0.0,0.0
2019-07-17 00:00:00-04:00,53.4900016784668,53.5,52.369998931884766,52.41999816894531,43.89617156982422,2076500,0.0,0.0
2019-07-18 00:00:00-04:00,52.04999923706055,52.220001220703125,51.33000183105469,51.33000183105469,42.98341751098633,2562800,0.0,0.0
2019-07-19 00:00:00-04:00,51.349998474121094,51.7400016784668,50.66999816894531,50.70000076293945,42.45585632324219,2651000,0.0,0.0
2019-07-22 00:00:00-04:00,50.54999923706055,51.02000045776367,49.599998474121094,50.0099983215332,41.878055572509766,2215000,0.0,0.0
2019-07-23 00:00:00-04:00,50.13999938964844,50.22999954223633,49.36000061035156,50.08000183105469,41.93667984008789,2160100,0.0,0.0
2019-07-24 00:00:00-04:00,50.0099983215332,51.380001068115234,49.970001220703125,51.04999923706055,42.74894714355469,2038700,0.0,0.0
2019-07-25 00:00:00-04:00,51.130001068115234,51.459999084472656,50.90999984741211,51.380001068115234,43.02528381347656,1786200,0.0,0.0
2019-07-26 00:00:00-04:00,51.529998779296875,51.959999084472656,51.380001068115234,51.849998474121094,43.41886520385742,1502500,0.0,0.0
2019-07-29 00:00:00-04:00,51.900001525878906,52.189998626708984,51.79999923706055,52.150001525878906,43.67007827758789,1536400,0.0,0.0
2019-07-30 00:00:00-04:00,51.9900016784668,52.56999969482422,51.720001220703125,52.540000915527344,43.99665069580078,1657500,0.0,0.0
2019-07-31 00:00:00-04:00,52.52000045776367,52.619998931884766,51.220001220703125,51.5099983215332,43.13414001464844,1555300,0.0,0.0
2019-08-01 00:00:00-04:00,51.400001525878906,51.81999969482422,50.439998626708984,50.619998931884766,42.38887023925781,1739900,0.0,0.0
2019-08-02 00:00:00-04:00,50.439998626708984,50.83000183105469,49.59000015258789,50.400001525878906,42.204647064208984,2741500,0.0,0.0
2019-08-05 00:00:00-04:00,49.4900016784668,49.869998931884766,48.779998779296875,49.060001373291016,41.08253479003906,2318800,0.0,0.0
2019-08-06 00:00:00-04:00,49.4900016784668,49.70000076293945,49.0,49.560001373291016,41.50123596191406,1851500,0.0,0.0
2019-08-07 00:00:00-04:00,48.93000030517578,49.34000015258789,48.279998779296875,49.18000030517578,41.18301773071289,12381600,0.0,0.0
2019-08-08 00:00:00-04:00,49.970001220703125,51.060001373291016,49.970001220703125,50.81999969482422,42.55634689331055,3012000,0.0,0.0
2019-08-09 00:00:00-04:00,49.5099983215332,49.93000030517578,48.04999923706055,48.90999984741211,40.95692443847656,5009300,0.0,0.0
2019-08-12 00:00:00-04:00,50.0,50.11000061035156,47.86000061035156,48.040000915527344,40.22838592529297,2687800,0.0,0.0
2019-08-13 00:00:00-04:00,48.130001068115234,49.68000030517578,48.119998931884766,48.70000076293945,40.781070709228516,7023600,0.0,0.0
2019-08-14 00:00:00-04:00,47.540000915527344,47.66999816894531,44.59000015258789,44.650001525878906,37.38962936401367,9513800,0.0,0.0
2019-08-15 00:00:00-04:00,44.7400016784668,44.900001525878906,42.959999084472656,43.349998474121094,36.30101013183594,6028200,0.0,0.0
2019-08-16 00:00:00-04:00,43.650001525878906,44.0,43.459999084472656,43.79999923706055,36.67784118652344,4109100,0.0,0.0
2019-08-19 00:00:00-04:00,44.349998474121094,44.86000061035156,44.040000915527344,44.220001220703125,37.0295524597168,5252600,0.0,0.0
2019-08-20 00:00:00-04:00,44.0,44.36000061035156,43.540000915527344,44.13999938964844,36.96255874633789,3436300,0.0,0.0
2019-08-21 00:00:00-04:00,44.31999969482422,44.36000061035156,43.400001525878906,44.08000183105469,36.912315368652344,3338700,0.0,0.0
2019-08-22 00:00:00-04:00,44.25,44.310001373291016,43.41999816894531,43.470001220703125,36.40150833129883,3171900,0.0,0.0
2019-08-23 00:00:00-04:00,43.20000076293945,43.369998931884766,41.220001220703125,41.40999984741211,34.676475524902344,6834200,0.0,0.0
2019-08-26 00:00:00-04:00,42.11000061035156,42.34000015258789,41.47999954223633,41.7599983215332,34.96955490112305,3141700,0.0,0.0
2019-08-27 00:00:00-04:00,41.790000915527344,41.970001220703125,40.91999816894531,41.040000915527344,34.366634368896484,3614700,0.0,0.0
2019-08-28 00:00:00-04:00,40.869998931884766,41.91999816894531,40.779998779296875,41.7400016784668,34.952816009521484,4461800,0.0,0.0
2019-08-29 00:00:00-04:00,42.11000061035156,42.810001373291016,41.79999923706055,42.36000061035156,35.47199630737305,5408300,0.0,0.0
2019-08-30 00:00:00-04:00,42.5,42.540000915527344,41.79999923706055,42.060001373291016,35.22077941894531,5099000,0.0,0.0
2019-09-03 00:00:00-04:00,41.369998931884766,41.540000915527344,40.650001525878906,41.290000915527344,34.57598876953125,4633400,0.0,0.0
2019-09-04 00:00:00-04:00,41.779998779296875,41.93000030517578,41.0099983215332,41.66999816894531,34.894195556640625,5387100,0.0,0.0
2019-09-05 00:00:00-04:00,41.97999954223633,43.09000015258789,41.5,43.0,36.0079231262207,5686500,0.0,0.0
2019-09-06 00:00:00-04:00,42.93000030517578,43.709999084472656,42.93000030517578,43.630001068115234,36.535484313964844,5853700,0.0,0.0
2019-09-09 00:00:00-04:00,43.5099983215332,44.150001525878906,43.15999984741211,44.11000061035156,37.090450286865234,6928100,0.18,0.0
2019-09-10 00:00:00-04:00,43.959999084472656,44.939998626708984,43.959999084472656,44.459999084472656,37.3847541809082,5604800,0.0,0.0
2019-09-11 00:00:00-04:00,44.40999984741211,44.66999816894531,43.380001068115234,43.810001373291016,36.838199615478516,5968100,0.0,0.0
2019-09-12 00:00:00-04:00,43.75,44.209999084472656,42.95000076293945,43.81999969482422,36.84660339355469,5926500,0.0,0.0
2019-09-13 00:00:00-04:00,44.15999984741211,44.560001373291016,43.56999969482422,43.81999969482422,36.84660339355469,4590200,0.0,0.0
2019-09-16 00:00:00-04:00,43.5099983215332,44.08000183105469,43.29999923706055,44.04999923706055,37.040008544921875,4705300,0.0,0.0
2019-09-17 00:00:00-04:00,43.959999084472656,44.06999969482422,42.9900016784668,43.29999923706055,36.40934371948242,5588500,0.0,0.0
2019-09-18 00:00:00-04:00,43.27000045776367,43.56999969482422,42.86000061035156,43.380001068115234,36.47663116455078,4605700,0.0,0.0
2019-09-19 00:00:00-04:00,43.5,43.810001373291016,42.209999084472656,42.38999938964844,35.6441650390625,5325900,0.0,0.0
2019-09-20 00:00:00-04:00,42.52000045776367,42.689998626708984,41.83000183105469,41.880001068115234,35.21532440185547,8169300,0.0,0.0
2019-09-23 00:00:00-04:00,41.810001373291016,42.27000045776367,41.5,41.970001220703125,35.291015625,6142400,0.0,0.0
2019-09-24 00:00:00-04:00,41.7599983215332,42.06999969482422,40.689998626708984,41.310001373291016,34.73604202270508,7617200,0.0,0.0
2019-09-25 00:00:00-04:00,41.2599983215332,41.560001373291016,40.810001373291016,41.2400016784668,34.677181243896484,3803500,0.0,0.0
2019-09-26 00:00:00-04:00,41.279998779296875,41.34000015258789,40.290000915527344,40.29999923706055,33.88676452636719,3457000,0.0,0.0
2019-09-27 00:00:00-04:00,40.36000061035156,40.79999923706055,40.08000183105469,40.31999969482422,33.90357971191406,2873200,0.0,0.0
2019-09-30 00:00:00-04:00,40.45000076293945,40.72999954223633,40.2400016784668,40.369998931884766,33.94563293457031,2987300,0.0,0.0
2019-10-01 00:00:00-04:00,40.619998931884766,41.08000183105469,39.880001068115234,40.16999816894531,33.77744674682617,2611100,0.0,0.0
2019-10-02 00:00:00-04:00,39.83000183105469,39.90999984741211,38.52000045776367,38.52000045776367,32.39003372192383,4562100,0.0,0.0
2019-10-03 00:00:00-04:00,38.400001525878906,38.720001220703125,37.880001068115234,38.45000076293945,32.3311767578125,3626900,0.0,0.0
2019-10-04 00:00:00-04:00,38.61000061035156,39.36000061035156,38.33000183105469,39.040000915527344,32.8272819519043,5835100,0.0,0.0
2019-10-07 00:00:00-04:00,38.90999984741211,39.22999954223633,38.470001220703125,38.7599983215332,32.591835021972656,4222300,0.0,0.0
2019-10-08 00:00:00-04:00,38.400001525878906,38.45000076293945,37.099998474121094,37.16999816894531,31.254865646362305,6439700,0.0,0.0
2019-10-09 00:00:00-04:00,37.619998931884766,37.86000061035156,37.279998779296875,37.61000061035156,31.624845504760742,2971300,0.0,0.0
2019-10-10 00:00:00-04:00,37.63999938964844,38.15999984741211,37.47999954223633,37.65999984741211,31.66689109802246,3229100,0.0,0.0
2019-10-11 00:00:00-04:00,38.11000061035156,39.02000045776367,38.11000061035156,38.43000030517578,32.31435012817383,3254200,0.0,0.0
2019-10-14 00:00:00-04:00,38.310001373291016,38.34000015258789,37.52000045776367,37.939998626708984,31.902332305908203,3666300,0.0,0.0
2019-10-15 00:00:00-04:00,38.0099983215332,38.400001525878906,37.619998931884766,38.06999969482422,32.011653900146484,4039300,0.0,0.0
2019-10-16 00:00:00-04:00,38.13999938964844,38.61000061035156,37.97999954223633,38.099998474121094,32.036869049072266,3401400,0.0,0.0
2019-10-17 00:00:00-04:00,38.099998474121094,38.290000915527344,36.25,37.779998779296875,31.767789840698242,10451500,0.0,0.0
2019-10-18 00:00:00-04:00,37.52000045776367,37.97999954223633,36.7400016784668,36.75,30.901710510253906,5967900,0.0,0.0
2019-10-21 00:00:00-04:00,36.90999984741211,37.09000015258789,36.25,36.349998474121094,30.565364837646484,5785900,0.0,0.0
2019-10-22 00:00:00-04:00,36.310001373291016,36.529998779296875,35.7599983215332,36.34000015258789,30.556949615478516,6113100,0.0,0.0
2019-10-23 00:00:00-04:00,36.43000030517578,36.61000061035156,35.869998931884766,36.4900016784668,30.683082580566406,5003000,0.0,0.0
2019-10-24 00:00:00-04:00,36.560001373291016,36.58000183105469,35.08000183105469,35.75,30.060836791992188,8302300,0.0,0.0
2019-10-25 00:00:00-04:00,35.66999816894531,36.79999923706055,35.650001525878906,36.040000915527344,30.3046932220459,4334000,0.0,0.0
2019-10-28 00:00:00-04:00,36.27000045776367,36.56999969482422,35.849998474121094,35.849998474121094,30.14492416381836,3426500,0.0,0.0
2019-10-29 00:00:00-04:00,35.810001373291016,36.400001525878906,35.68000030517578,36.189998626708984,30.43082046508789,4057600,0.0,0.0
2019-10-30 00:00:00-04:00,36.099998474121094,36.099998474121094,35.04999923706055,35.58000183105469,29.917892456054688,5621800,0.0,0.0
2019-10-31 00:00:00-04:00,35.459999084472656,36.04999923706055,35.02000045776367,36.040000915527344,30.3046932220459,7308700,0.0,0.0
2019-11-01 00:00:00-04:00,36.279998779296875,36.880001068115234,36.06999969482422,36.7400016784668,30.893299102783203,3681900,0.0,0.0
2019-11-04 00:00:00-05:00,36.95000076293945,37.2400016784668,36.7400016784668,37.13999938964844,31.229637145996094,4234900,0.0,0.0
2019-11-05 00:00:00-05:00,37.38999938964844,37.83000183105469,37.22999954223633,37.4900016784668,31.523935317993164,3994400,0.0,0.0
2019-11-06 00:00:00-05:00,37.38999938964844,37.529998779296875,36.7599983215332,36.81999969482422,30.960556030273438,3332500,0.0,0.0
2019-11-07 00:00:00-05:00,37.349998474121094,38.29999923706055,37.220001220703125,37.79999923706055,31.78459930419922,4794800,0.0,0.0
2019-11-08 00:00:00-05:00,37.869998931884766,38.130001068115234,37.20000076293945,38.11000061035156,32.04527282714844,3722900,0.0,0.0
2019-11-11 00:00:00-05:00,38.209999084472656,39.220001220703125,37.7599983215332,39.18000030517578,32.94499969482422,8863500,0.0,0.0
2019-11-12 00:00:00-05:00,38.52000045776367,38.709999084472656,37.290000915527344,37.7599983215332,31.750980377197266,10050900,0.0,0.0
2019-11-13 00:00:00-05:00,37.5,37.619998931884766,36.66999816894531,36.849998474121094,30.985788345336914,5112800,0.0,0.0
2019-11-14 00:00:00-05:00,37.20000076293945,38.16999816894531,36.970001220703125,37.630001068115234,31.641666412353516,5789100,0.0,0.0
2019-11-15 00:00:00-05:00,37.91999816894531,38.88999938964844,37.75,38.56999969482422,32.43207550048828,7693100,0.0,0.0
2019-11-18 00:00:00-05:00,38.400001525878906,39.349998474121094,37.880001068115234,39.34000015258789,33.079532623291016,7007800,0.0,0.0
2019-11-19 00:00:00-05:00,39.40999984741211,39.68000030517578,38.84000015258789,39.380001068115234,33.11317443847656,6753000,0.0,0.0
2019-11-20 00:00:00-05:00,39.22999954223633,39.47999954223633,38.529998779296875,39.0099983215332,32.80205535888672,5065300,0.0,0.0
2019-11-21 00:00:00-05:00,39.0,39.5,38.52000045776367,38.97999954223633,32.776824951171875,5115400,0.0,0.0
2019-11-22 00:00:00-05:00,38.97999954223633,39.560001373291016,38.77000045776367,39.52000045776367,33.230892181396484,4414300,0.0,0.0
2019-11-25 00:00:00-05:00,39.56999969482422,40.2400016784668,39.09000015258789,40.09000015258789,33.71018981933594,6902700,0.0,0.0
2019-11-26 00:00:00-05:00,40.119998931884766,40.56999969482422,39.63999938964844,40.5099983215332,34.06334686279297,8037400,0.0,0.0
2019-11-27 00:00:00-05:00,40.59000015258789,40.75,40.31999969482422,40.400001525878906,33.97085952758789,5298100,0.0,0.0
2019-11-29 00:00:00-05:00,40.22999954223633,40.7400016784668,40.16999816894531,40.380001068115234,33.95404815673828,1876400,0.0,0.0
2019-12-02 00:00:00-05:00,40.5,40.58000183105469,39.720001220703125,39.86000061035156,33.516780853271484,6128600,0.0,0.0
2019-12-03 00:00:00-05:00,39.310001373291016,39.5,38.869998931884766,39.34000015258789,33.079532623291016,8706000,0.0,0.0
2019-12-04 00:00:00-05:00,39.34000015258789,41.779998779296875,39.220001220703125,40.77000045776367,34.28197479248047,25531000,0.0,0.0
2019-12-05 00:00:00-05:00,41.0,41.2400016784668,40.15999984741211,40.86000061035156,34.35765075683594,5486100,0.0,0.0
2019-12-06 00:00:00-05:00,41.27000045776367,41.31999969482422,39.349998474121094,39.720001220703125,33.39907455444336,10050000,0.0,0.0
2019-12-09 00:00:00-05:00,40.2400016784668,40.310001373291016,38.599998474121094,38.63999938964844,32.49093246459961,10083200,0.0,0.0
2019-12-10 00:00:00-05:00,38.56999969482422,40.11000061035156,37.560001373291016,37.619998931884766,31.633249282836914,8591900,0.0,0.0
2019-12-11 00:00:00-05:00,37.650001525878906,38.279998779296875,37.0,37.290000915527344,31.355772018432617,6673400,0.0,0.0
2019-12-12 00:00:00-05:00,37.2599983215332,38.2400016784668,36.90999984741211,37.779998779296875,31.767789840698242,7019500,0.0,0.0
2019-12-13 00:00:00-05:00,38.189998626708984,38.7400016784668,37.75,38.63999938964844,32.49093246459961,5853100,0.0,0.0
2019-12-16 00:00:00-05:00,39.06999969482422,40.0099983215332,38.84000015258789,39.75,33.42428970336914,8031300,0.0,0.0
2019-12-17 00:00:00-05:00,40.0,40.779998779296875,39.540000915527344,40.279998779296875,33.86994934082031,7746400,0.0,0.0
2019-12-18 00:00:00-05:00,40.7599983215332,41.59000015258789,40.70000076293945,41.150001525878906,34.60149383544922,9269700,0.0,0.0
2019-12-19 00:00:00-05:00,41.689998626708984,42.5,41.61000061035156,41.95000076293945,35.27418899536133,9771700,0.0,0.0
2019-12-20 00:00:00-05:00,43.040000915527344,43.040000915527344,41.81999969482422,42.38999938964844,35.6441650390625,11248200,0.0,0.0
2019-12-23 00:00:00-05:00,42.7400016784668,42.959999084472656,42.02000045776367,42.189998626708984,35.475990295410156,7123000,0.0,0.0
2019-12-24 00:00:00-05:00,42.18000030517578,42.709999084472656,41.75,42.02000045776367,35.33304977416992,2824200,0.0,0.0
2019-12-26 00:00:00-05:00,42.209999084472656,42.68000030517578,41.959999084472656,42.65999984741211,35.87120819091797,3522000,0.0,0.0
2019-12-27 00:00:00-05:00,42.54999923706055,42.81999969482422,41.619998931884766,41.7599983215332,35.31309509277344,4175900,0.24,0.0
2019-12-30 00:00:00-05:00,41.779998779296875,42.0099983215332,41.38999938964844,41.47999954223633,35.076324462890625,4462000,0.0,0.0
2019-12-31 00:00:00-05:00,41.470001220703125,42.09000015258789,41.220001220703125,41.970001220703125,35.49068069458008,3993000,0.0,0.0
2020-01-02 00:00:00-05:00,42.209999084472656,42.349998474121094,41.7599983215332,42.09000015258789,35.59214782714844,5738100,0.0,0.0
2020-01-03 00:00:00-05:00,41.72999954223633,41.7599983215332,41.06999969482422,41.45000076293945,35.05095291137695,4640100,0.0,0.0
2020-01-06 00:00:00-05:00,41.4900016784668,42.06999969482422,41.41999816894531,42.060001373291016,35.56678771972656,5700000,0.0,0.0
2020-01-07 00:00:00-05:00,41.880001068115234,42.18000030517578,41.56999969482422,42.130001068115234,35.625980377197266,5104000,0.0,0.0
2020-01-08 00:00:00-05:00,42.20000076293945,42.369998931884766,41.43000030517578,41.869998931884766,35.40611267089844,8139300,0.0,0.0
2020-01-09 00:00:00-05:00,42.22999954223633,42.2400016784668,40.56999969482422,40.810001373291016,34.5097541809082,7749200,0.0,0.0
2020-01-10 00:00:00-05:00,40.900001525878906,41.0,40.130001068115234,40.310001373291016,34.08694076538086,4688100,0.0,0.0
2020-01-13 00:00:00-05:00,40.400001525878906,41.04999923706055,40.060001373291016,40.79999923706055,34.50129699707031,5809600,0.0,0.0
2020-01-14 00:00:00-05:00,40.599998474121094,40.83000183105469,40.2400016784668,40.33000183105469,34.103858947753906,5479300,0.0,0.0
2020-01-15 00:00:00-05:00,40.220001220703125,40.43000030517578,39.58000183105469,39.689998626708984,33.56266784667969,6239500,0.0,0.0
2020-01-16 00:00:00-05:00,39.880001068115234,40.11000061035156,39.45000076293945,40.040000915527344,33.85862731933594,6918500,0.0,0.0
2020-01-17 00:00:00-05:00,40.0099983215332,40.11000061035156,39.31999969482422,39.4900016784668,33.39353561401367,6566500,0.0,0.0
2020-01-21 00:00:00-05:00,39.5,39.619998931884766,38.65999984741211,38.72999954223633,32.7508659362793,9534200,0.0,0.0
2020-01-22 00:00:00-05:00,39.0,39.060001373291016,38.31999969482422,38.45000076293945,32.51409149169922,4931000,0.0,0.0
2020-01-23 00:00:00-05:00,38.20000076293945,38.27000045776367,36.959999084472656,36.9900016784668,31.279495239257812,9293600,0.0,0.0
2020-01-24 00:00:00-05:00,37.0,37.06999969482422,35.400001525878906,35.790000915527344,30.26474380493164,10789700,0.0,0.0
2020-01-27 00:00:00-05:00,35.369998931884766,35.630001068115234,34.790000915527344,35.130001068115234,29.70663833618164,7931100,0.0,0.0
2020-01-28 00:00:00-05:00,35.400001525878906,35.7599983215332,35.15999984741211,35.36000061035156,29.901132583618164,6365300,0.0,0.0
2020-01-29 00:00:00-05:00,35.25,35.61000061035156,34.61000061035156,34.689998626708984,29.334556579589844,6885500,0.0,0.0
2020-01-30 00:00:00-05:00,34.290000915527344,34.560001373291016,33.4900016784668,34.189998626708984,28.911745071411133,12968200,0.0,0.0
2020-01-31 00:00:00-05:00,34.15999984741211,34.689998626708984,33.58000183105469,34.130001068115234,28.86101531982422,8386800,0.0,0.0
2020-02-03 00:00:00-05:00,33.72999954223633,33.869998931884766,32.599998474121094,33.08000183105469,27.97311019897461,11674300,0.0,0.0
2020-02-04 00:00:00-05:00,33.5,33.849998474121094,33.040000915527344,33.56999969482422,28.387474060058594,8788700,0.0,0.0
2020-02-05 00:00:00-05:00,33.86000061035156,34.68000030517578,33.810001373291016,34.34000015258789,29.038599014282227,7413600,0.0,0.0
2020-02-06 00:00:00-05:00,34.63999938964844,34.72999954223633,34.220001220703125,34.599998474121094,29.258453369140625,6101800,0.0,0.0
2020-02-07 00:00:00-05:00,35.150001525878906,35.2599983215332,34.400001525878906,34.709999084472656,29.351469039916992,6558200,0.0,0.0
2020-02-10 00:00:00-05:00,34.5,34.619998931884766,33.959999084472656,34.209999084472656,28.928665161132812,7112300,0.0,0.0
2020-02-11 00:00:00-05:00,34.5,35.06999969482422,33.970001220703125,34.970001220703125,29.571338653564453,6381600,0.0,0.0
2020-02-12 00:00:00-05:00,35.15999984741211,35.58000183105469,34.900001525878906,35.290000915527344,29.84193992614746,5321600,0.0,0.0
2020-02-13 00:00:00-05:00,35.0099983215332,35.4900016784668,34.81999969482422,34.97999954223633,29.579792022705078,3742500,0.0,0.0
2020-02-14 00:00:00-05:00,35.220001220703125,35.279998779296875,34.369998931884766,34.97999954223633,29.579792022705078,4349000,0.0,0.0
2020-02-18 00:00:00-05:00,35.02000045776367,35.70000076293945,34.970001220703125,35.099998474121094,29.681270599365234,6057700,0.0,0.0
2020-02-19 00:00:00-05:00,35.209999084472656,35.970001220703125,35.029998779296875,35.66999816894531,30.16326332092285,10675500,0.0,0.0
2020-02-20 00:00:00-05:00,32.2400016784668,32.29999923706055,29.079999923706055,29.290000915527344,24.768217086791992,44416400,0.0,0.0
2020-02-21 00:00:00-05:00,28.93000030517578,29.350000381469727,28.170000076293945,28.260000228881836,23.89722442626953,17502200,0.0,0.0
2020-02-24 00:00:00-05:00,27.5,27.510000228881836,26.350000381469727,26.93000030517578,22.772544860839844,17546900,0.0,0.0
2020-02-25 00:00:00-05:00,27.1200008392334,27.3799991607666,25.149999618530273,25.360000610351562,21.444923400878906,25053800,0.0,0.0
2020-02-26 00:00:00-05:00,25.670000076293945,26.100000381469727,24.40999984741211,24.440000534057617,20.66695213317871,18715900,0.0,0.0
2020-02-27 00:00:00-05:00,23.959999084472656,25.110000610351562,23.06999969482422,23.889999389648438,20.201860427856445,21560500,0.0,0.0
2020-02-28 00:00:00-05:00,23.729999542236328,25.31999969482422,23.389999389648438,24.610000610351562,20.810710906982422,22712100,0.0,0.0
2020-03-02 00:00:00-05:00,24.75,24.799999237060547,23.270000457763672,24.309999465942383,20.557024002075195,18892200,0.0,0.0
2020-03-03 00:00:00-05:00,24.219999313354492,24.540000915527344,22.709999084472656,23.079999923706055,19.516910552978516,20205100,0.0,0.0
2020-03-04 00:00:00-05:00,23.43000030517578,23.489999771118164,22.5,23.100000381469727,19.533824920654297,17083100,0.0,0.0
2020-03-05 00:00:00-05:00,22.850000381469727,22.860000610351562,21.25,21.479999542236328,18.163915634155273,20784500,0.0,0.0
2020-03-06 00:00:00-05:00,20.989999771118164,22.09000015258789,20.6200008392334,21.56999969482422,18.240028381347656,14435200,0.0,0.0
2020-03-09 00:00:00-04:00,20.0,20.200000762939453,19.1200008392334,19.170000076293945,16.21053695678711,14525100,0.0,0.0
2020-03-10 00:00:00-04:00,20.049999237060547,20.56999969482422,19.149999618530273,20.530000686645508,17.360580444335938,14906800,0.0,0.0
2020-03-11 00:00:00-04:00,19.809999465942383,20.290000915527344,19.280000686645508,19.799999237060547,16.743276596069336,15620200,0.0,0.0
2020-03-12 00:00:00-04:00,18.18000030517578,18.299999237060547,16.110000610351562,16.139999389648438,13.648306846618652,21431500,0.0,0.0
2020-03-13 00:00:00-04:00,17.34000015258789,17.93000030517578,15.59000015258789,16.399999618530273,14.077500343322754,17399900,0.24,0.0
2020-03-16 00:00:00-04:00,15.5,15.729999542236328,13.600000381469727,13.609999656677246,11.682610511779785,18695600,0.0,0.0
2020-03-17 00:00:00-04:00,14.449999809265137,14.449999809265137,12.210000038146973,12.739999771118164,10.935813903808594,21756300,0.0,0.0
2020-03-18 00:00:00-04:00,12.050000190734863,12.260000228881836,10.100000381469727,12.210000038146973,10.48086929321289,19626400,0.0,0.0
2020-03-19 00:00:00-04:00,12.149999618530273,13.220000267028809,11.300000190734863,12.619999885559082,10.832809448242188,14490700,0.0,0.0
2020-03-20 00:00:00-04:00,12.850000381469727,13.3100004196167,11.770000457763672,11.970000267028809,10.274859428405762,18495100,0.0,0.0
2020-03-23 00:00:00-04:00,11.899999618530273,11.989999771118164,10.8100004196167,11.279999732971191,9.682573318481445,21613200,0.0,0.0
2020-03-24 00:00:00-04:00,12.0,14.829999923706055,11.850000381469727,14.75,12.661166191101074,24294700,0.0,0.0
2020-03-25 00:00:00-04:00,15.170000076293945,16.190000534057617,14.180000305175781,14.739999771118164,12.652583122253418,19993600,0.0,0.0
2020-03-26 00:00:00-04:00,14.850000381469727,14.850000381469727,13.270000457763672,13.989999771118164,12.008793830871582,23227100,0.0,0.0
2020-03-27 00:00:00-04:00,13.579999923706055,13.579999923706055,12.270000457763672,12.789999961853027,10.978731155395508,15405700,0.0,0.0
2020-03-30 00:00:00-04:00,12.970000267028809,14.210000038146973,12.270000457763672,14.09000015258789,12.094633102416992,15460100,0.0,0.0
2020-03-31 00:00:00-04:00,14.069999694824219,14.890000343322754,13.859999656677246,14.010000228881836,12.02596378326416,16262900,0.0,0.0
2020-04-01 00:00:00-04:00,13.40999984741211,13.5600004196167,12.6899995803833,12.779999732971191,10.970148086547852,14039600,0.0,0.0
2020-04-02 00:00:00-04:00,12.75,13.9399995803833,12.520000457763672,12.760000228881836,10.952981948852539,13340000,0.0,0.0
2020-04-03 00:00:00-04:00,12.6899995803833,13.119999885559082,11.920000076293945,12.430000305175781,10.66971492767334,12254700,0.0,0.0
2020-04-06 00:00:00-04:00,13.119999885559082,14.170000076293945,12.9399995803833,13.9399995803833,11.965876579284668,17272700,0.0,0.0
2020-04-07 00:00:00-04:00,14.739999771118164,16.670000076293945,14.619999885559082,14.6899995803833,12.609663963317871,20200900,0.0,0.0
2020-04-08 00:00:00-04:00,15.130000114440918,16.15999984741211,14.819999694824219,15.800000190734863,13.562470436096191,16587800,0.0,0.0
2020-04-09 00:00:00-04:00,16.719999313354492,17.139999389648438,16.09000015258789,16.559999465942383,14.21484375,15991700,0.0,0.0
2020-04-13 00:00:00-04:00,16.75,16.860000610351562,15.640000343322754,16.059999465942383,13.785649299621582,11912800,0.0,0.0
2020-04-14 00:00:00-04:00,16.40999984741211,16.6299991607666,15.369999885559082,16.270000457763672,13.965907096862793,14021400,0.0,0.0
2020-04-15 00:00:00-04:00,15.569999694824219,15.75,15.0,15.199999809265137,13.047438621520996,11604500,0.0,0.0
2020-04-16 00:00:00-04:00,15.149999618530273,15.15999984741211,14.390000343322754,14.630000114440918,12.558159828186035,11751000,0.0,0.0
2020-04-17 00:00:00-04:00,15.34000015258789,15.84000015258789,15.199999809265137,15.800000190734863,13.562470436096191,9142500,0.0,0.0
2020-04-20 00:00:00-04:00,15.109999656677246,16.010000228881836,14.850000381469727,15.520000457763672,13.322124481201172,7836200,0.0,0.0
2020-04-21 00:00:00-04:00,15.15999984741211,15.5,14.859999656677246,15.149999618530273,13.00451946258545,7964100,0.0,0.0
2020-04-22 00:00:00-04:00,15.529999732971191,15.6899995803833,14.890000343322754,14.930000305175781,12.81567668914795,8503900,0.0,0.0
2020-04-23 00:00:00-04:00,14.949999809265137,15.890000343322754,14.65999984741211,15.520000457763672,13.322124481201172,10601200,0.0,0.0
2020-04-24 00:00:00-04:00,15.5600004196167,15.880000114440918,15.170000076293945,15.630000114440918,13.416545867919922,11014200,0.0,0.0
2020-04-27 00:00:00-04:00,15.720000267028809,17.09000015258789,15.720000267028809,16.979999542236328,14.575361251831055,9611400,0.0,0.0
2020-04-28 00:00:00-04:00,17.549999237060547,18.049999237060547,16.989999771118164,17.450000762939453,14.978799819946289,10883200,0.0,0.0
2020-04-29 00:00:00-04:00,18.049999237060547,19.5,18.010000228881836,18.989999771118164,16.300710678100586,15216500,0.0,0.0
2020-04-30 00:00:00-04:00,18.200000762939453,18.459999084472656,17.09000015258789,17.260000228881836,14.81571102142334,15791500,0.0,0.0
2020-05-01 00:00:00-04:00,16.790000915527344,16.809999465942383,15.899999618530273,16.459999084472656,14.129003524780273,11225600,0.0,0.0
2020-05-04 00:00:00-04:00,16.229999542236328,16.6299991607666,15.6899995803833,16.100000381469727,13.819982528686523,12886600,0.0,0.0
2020-05-05 00:00:00-04:00,16.280000686645508,16.350000381469727,15.199999809265137,15.260000228881836,13.098943710327148,10932900,0.0,0.0
2020-05-06 00:00:00-04:00,15.40999984741211,15.680000305175781,14.789999961853027,14.880000114440918,12.77275562286377,12620600,0.0,0.0
2020-05-07 00:00:00-04:00,16.790000915527344,17.520000457763672,16.219999313354492,16.420000076293945,14.094664573669434,29842000,0.0,0.0
2020-05-08 00:00:00-04:00,16.81999969482422,18.219999313354492,16.600000381469727,18.079999923706055,15.519585609436035,17206000,0.0,0.0
2020-05-11 00:00:00-04:00,18.440000534057617,18.479999542236328,17.3700008392334,18.040000915527344,15.48525333404541,13543700,0.0,0.0
2020-05-12 00:00:00-04:00,18.149999618530273,18.59000015258789,17.729999542236328,18.25,15.665510177612305,12306900,0.0,0.0
2020-05-13 00:00:00-04:00,18.06999969482422,18.100000381469727,16.31999969482422,16.850000381469727,14.463772773742676,18874700,0.0,0.0
2020-05-14 00:00:00-04:00,16.40999984741211,17.200000762939453,16.049999237060547,17.15999984741211,14.729870796203613,10219600,0.0,0.0
2020-05-15 00:00:00-04:00,16.729999542236328,17.34000015258789,16.579999923706055,17.299999237060547,14.850046157836914,11608400,0.0,0.0
2020-05-18 00:00:00-04:00,18.360000610351562,19.299999237060547,18.209999084472656,19.049999237060547,16.35222053527832,17608500,0.0,0.0
2020-05-19 00:00:00-04:00,19.170000076293945,20.280000686645508,18.65999984741211,19.639999389648438,16.858667373657227,15382600,0.0,0.0
2020-05-20 00:00:00-04:00,20.3700008392334,20.68000030517578,19.479999542236328,19.6299991607666,16.850080490112305,15998400,0.0,0.0
2020-05-21 00:00:00-04:00,19.5,20.190000534057617,19.399999618530273,19.84000015258789,17.03034210205078,13246700,0.0,0.0
2020-05-22 00:00:00-04:00,19.90999984741211,20.059999465942383,19.100000381469727,19.59000015258789,16.815744400024414,10553700,0.0,0.0
2020-05-26 00:00:00-04:00,20.350000381469727,20.559999465942383,19.799999237060547,20.3700008392334,17.485286712646484,16650200,0.0,0.0
2020-05-27 00:00:00-04:00,21.149999618530273,22.3799991607666,20.940000534057617,22.010000228881836,18.893033981323242,16083200,0.0,0.0
2020-05-28 00:00:00-04:00,21.959999084472656,22.09000015258789,21.1200008392334,21.200000762939453,18.19774627685547,11246700,0.0,0.0
2020-05-29 00:00:00-04:00,20.739999771118164,21.049999237060547,20.31999969482422,20.739999771118164,17.802885055541992,15549300,0.0,0.0
2020-06-01 00:00:00-04:00,20.649999618530273,21.81999969482422,20.56999969482422,21.530000686645508,18.48101234436035,7165100,0.0,0.0
2020-06-02 00:00:00-04:00,21.739999771118164,21.8799991607666,21.360000610351562,21.84000015258789,18.747108459472656,9835800,0.0,0.0
2020-06-03 00:00:00-04:00,22.270000457763672,23.059999465942383,22.139999389648438,22.719999313354492,19.502487182617188,8816900,0.0,0.0
2020-06-04 00:00:00-04:00,22.670000076293945,24.3700008392334,22.450000762939453,24.1200008392334,20.7042293548584,12649300,0.0,0.0
2020-06-05 00:00:00-04:00,25.729999542236328,26.530000686645508,24.75,24.81999969482422,21.30509376525879,17165200,0.0,0.0
2020-06-08 00:00:00-04:00,26.0,28.59000015258789,25.559999465942383,28.510000228881836,24.472530364990234,23066100,0.0,0.0
2020-06-09 00:00:00-04:00,27.5,27.610000610351562,25.969999313354492,26.020000457763672,22.33515739440918,18642700,0.0,0.0
2020-06-10 00:00:00-04:00,26.020000457763672,26.059999465942383,23.829999923706055,24.0,20.601221084594727,20386200,0.0,0.0
2020-06-11 00:00:00-04:00,22.0,23.6299991607666,21.799999237060547,23.59000015258789,20.249279022216797,19971100,0.0,0.0
2020-06-12 00:00:00-04:00,24.469999313354492,24.799999237060547,22.170000076293945,22.899999618530273,19.859039306640625,22131300,0.24,0.0
2020-06-15 00:00:00-04:00,21.899999618530273,25.389999389648438,21.700000762939453,24.889999389648438,21.58478355407715,20166000,0.0,0.0
2020-06-16 00:00:00-04:00,26.25,26.579999923706055,23.34000015258789,24.190000534057617,20.97773551940918,17451300,0.0,0.0
2020-06-17 00:00:00-04:00,23.969999313354492,24.399999618530273,23.200000762939453,23.299999237060547,20.205917358398438,17232700,0.0,0.0
2020-06-18 00:00:00-04:00,23.0,24.559999465942383,22.899999618530273,24.5,21.24656867980957,12249200,0.0,0.0
2020-06-19 00:00:00-04:00,24.90999984741211,25.190000534057617,23.549999237060547,23.690000534057617,20.544130325317383,35548800,0.0,0.0
2020-06-22 00:00:00-04:00,23.610000610351562,23.899999618530273,23.059999465942383,23.489999771118164,20.370689392089844,13738900,0.0,0.0
2020-06-23 00:00:00-04:00,23.829999923706055,24.149999618530273,23.520000457763672,23.709999084472656,20.561479568481445,10519600,0.0,0.0
2020-06-24 00:00:00-04:00,23.15999984741211,23.739999771118164,22.110000610351562,23.579999923706055,20.44873809814453,16923900,0.0,0.0
2020-06-25 00:00:00-04:00,22.969999313354492,23.170000076293945,22.260000228881836,22.969999313354492,19.919742584228516,14766600,0.0,0.0
2020-06-26 00:00:00-04:00,22.770000457763672,23.09000015258789,22.020000457763672,22.31999969482422,19.356056213378906,17517300,0.0,0.0
2020-06-29 00:00:00-04:00,22.389999389648438,23.389999389648438,21.8799991607666,23.049999237060547,19.989116668701172,10918600,0.0,0.0
2020-06-30 00:00:00-04:00,23.239999771118164,23.450000762939453,22.530000686645508,23.31999969482422,20.223264694213867,9886200,0.0,0.0
2020-07-01 00:00:00-04:00,23.329999923706055,24.1200008392334,23.09000015258789,23.600000381469727,20.466089248657227,8771700,0.0,0.0
2020-07-02 00:00:00-04:00,24.0,24.18000030517578,23.110000610351562,23.25,20.16256332397461,9947300,0.0,0.0
2020-07-06 00:00:00-04:00,23.790000915527344,23.940000534057617,23.280000686645508,23.690000534057617,20.544130325317383,9234300,0.0,0.0
2020-07-07 00:00:00-04:00,23.5,23.510000228881836,22.68000030517578,22.950000762939453,19.90240478515625,8823200,0.0,0.0
2020-07-08 00:00:00-04:00,22.790000915527344,22.989999771118164,22.209999084472656,22.920000076293945,19.876384735107422,9759000,0.0,0.0
2020-07-09 00:00:00-04:00,22.899999618530273,22.90999984741211,21.670000076293945,22.100000381469727,19.16526985168457,13176200,0.0,0.0
2020-07-10 00:00:00-04:00,22.020000457763672,22.950000762939453,21.829999923706055,22.93000030517578,19.885055541992188,6351900,0.0,0.0
2020-07-13 00:00:00-04:00,23.31999969482422,24.09000015258789,22.540000915527344,23.709999084472656,20.561479568481445,14111300,0.0,0.0
2020-07-14 00:00:00-04:00,23.510000228881836,24.329999923706055,23.15999984741211,24.25,21.029769897460938,8983700,0.0,0.0
2020-07-15 00:00:00-04:00,24.719999313354492,25.34000015258789,24.329999923706055,24.950000762939453,21.636816024780273,11980100,0.0,0.0
2020-07-16 00:00:00-04:00,24.579999923706055,25.600000381469727,24.389999389648438,25.5,22.11377716064453,8514300,0.0,0.0
2020-07-17 00:00:00-04:00,25.459999084472656,25.600000381469727,24.729999542236328,25.190000534057617,21.84494400024414,16381900,0.0,0.0
2020-07-20 00:00:00-04:00,25.280000686645508,25.290000915527344,24.239999771118164,24.469999313354492,21.22055435180664,8481800,0.0,0.0
2020-07-21 00:00:00-04:00,24.489999771118164,25.079999923706055,24.40999984741211,24.520000457763672,21.2639102935791,7930000,0.0,0.0
2020-07-22 00:00:00-04:00,24.329999923706055,24.959999084472656,24.1200008392334,24.860000610351562,21.558765411376953,6607900,0.0,0.0
2020-07-23 00:00:00-04:00,24.81999969482422,25.270000457763672,24.639999389648438,25.1299991607666,21.792909622192383,8436100,0.0,0.0
2020-07-24 00:00:00-04:00,24.979999542236328,25.479999542236328,24.440000534057617,24.75,21.4633731842041,8646500,0.0,0.0
2020-07-27 00:00:00-04:00,24.670000076293945,24.8799991607666,24.110000610351562,24.829999923706055,21.532752990722656,6861000,0.0,0.0
2020-07-28 00:00:00-04:00,24.469999313354492,24.959999084472656,24.34000015258789,24.520000457763672,21.2639102935791,4636000,0.0,0.0
2020-07-29 00:00:00-04:00,24.649999618530273,25.459999084472656,24.270000457763672,25.290000915527344,21.931663513183594,6711300,0.0,0.0
2020-07-30 00:00:00-04:00,24.639999389648438,26.049999237060547,24.440000534057617,25.809999465942383,22.382614135742188,7469000,0.0,0.0
2020-07-31 00:00:00-04:00,25.68000030517578,26.18000030517578,25.34000015258789,26.06999969482422,22.60808753967285,8446700,0.0,0.0
2020-08-03 00:00:00-04:00,26.06999969482422,26.1299991607666,25.34000015258789,25.709999084472656,22.29588508605957,7970200,0.0,0.0
2020-08-04 00:00:00-04:00,25.84000015258789,26.690000534057617,25.610000610351562,26.549999237060547,23.024343490600586,8889400,0.0,0.0
2020-08-05 00:00:00-04:00,26.75,26.770000457763672,25.959999084472656,26.0,22.547380447387695,9744800,0.0,0.0
2020-08-06 00:00:00-04:00,26.600000381469727,27.56999969482422,25.90999984741211,26.889999389648438,23.319190979003906,17381600,0.0,0.0
2020-08-07 00:00:00-04:00,26.600000381469727,26.8799991607666,25.65999984741211,26.209999084472656,22.729496002197266,11786400,0.0,0.0
2020-08-10 00:00:00-04:00,26.149999618530273,26.780000686645508,25.8700008392334,26.309999465942383,22.816211700439453,12312700,0.0,0.0
2020-08-11 00:00:00-04:00,26.770000457763672,27.799999237060547,26.15999984741211,26.510000228881836,22.989654541015625,12788300,0.0,0.0
2020-08-12 00:00:00-04:00,27.209999084472656,27.309999465942383,25.899999618530273,26.239999771118164,22.755510330200195,11405800,0.0,0.0
2020-08-13 00:00:00-04:00,25.920000076293945,26.969999313354492,25.610000610351562,26.690000534057617,23.145755767822266,8121500,0.0,0.0
2020-08-14 00:00:00-04:00,26.670000076293945,28.239999771118164,26.549999237060547,27.459999084472656,23.813501358032227,16534200,0.0,0.0
2020-08-17 00:00:00-04:00,27.5,27.6299991607666,26.6299991607666,27.229999542236328,23.614044189453125,10933900,0.0,0.0
2020-08-18 00:00:00-04:00,27.209999084472656,28.100000381469727,26.5,26.969999313354492,23.388568878173828,6345000,0.0,0.0
2020-08-19 00:00:00-04:00,27.1299991607666,27.40999984741211,26.709999084472656,27.31999969482422,23.69209098815918,7598900,0.0,0.0
2020-08-20 00:00:00-04:00,27.0,27.0,26.34000015258789,26.690000534057617,23.145755767822266,10627200,0.0,0.0
2020-08-21 00:00:00-04:00,26.700000762939453,26.889999389648438,26.290000915527344,26.510000228881836,22.989654541015625,4982200,0.0,0.0
2020-08-24 00:00:00-04:00,26.549999237060547,27.670000076293945,26.450000762939453,27.639999389648438,23.969600677490234,6777600,0.0,0.0
2020-08-25 00:00:00-04:00,27.780000686645508,28.0,27.18000030517578,27.56999969482422,23.908891677856445,5039500,0.0,0.0
2020-08-26 00:00:00-04:00,27.489999771118164,27.989999771118164,27.170000076293945,27.889999389648438,24.186403274536133,7095000,0.0,0.0
2020-08-27 00:00:00-04:00,28.239999771118164,28.809999465942383,27.760000228881836,28.270000457763672,24.515939712524414,10530100,0.0,0.0
2020-08-28 00:00:00-04:00,28.489999771118164,28.489999771118164,27.920000076293945,27.989999771118164,24.27312469482422,6122600,0.0,0.0
2020-08-31 00:00:00-04:00,27.81999969482422,28.25,27.68000030517578,27.850000381469727,24.15171241760254,6894500,0.0,0.0
2020-09-01 00:00:00-04:00,27.639999389648438,27.899999618530273,27.190000534057617,27.700000762939453,24.021631240844727,5177400,0.0,0.0
2020-09-02 00:00:00-04:00,27.6299991607666,28.420000076293945,27.399999618530273,28.309999465942383,24.55062484741211,6820100,0.0,0.0
2020-09-03 00:00:00-04:00,28.389999389648438,29.020000457763672,27.8799991607666,28.25,24.498598098754883,8722900,0.0,0.0
2020-09-04 00:00:00-04:00,28.450000762939453,28.860000610351562,27.979999542236328,28.75,24.93220329284668,9383200,0.0,0.0
2020-09-08 00:00:00-04:00,28.469999313354492,29.100000381469727,28.229999542236328,28.709999084472656,24.897510528564453,14509200,0.0,0.0
2020-09-09 00:00:00-04:00,28.809999465942383,29.040000915527344,28.190000534057617,28.709999084472656,24.897510528564453,7759900,0.0,0.0
2020-09-10 00:00:00-04:00,28.81999969482422,29.600000381469727,28.739999771118164,29.299999237060547,25.40916633605957,9877300,0.0,0.0
2020-09-11 00:00:00-04:00,29.360000610351562,29.809999465942383,29.040000915527344,29.280000686645508,25.391817092895508,12297200,0.0,0.0
2020-09-14 00:00:00-04:00,29.3700008392334,30.040000915527344,29.200000762939453,29.729999542236328,25.995140075683594,10250000,0.24,0.0
2020-09-15 00:00:00-04:00,30.079999923706055,30.84000015258789,29.8700008392334,30.1299991607666,26.34488296508789,11208100,0.0,0.0
2020-09-16 00:00:00-04:00,30.3799991607666,31.399999618530273,29.93000030517578,30.68000030517578,26.825788497924805,9539800,0.0,0.0
2020-09-17 00:00:00-04:00,30.260000228881836,30.809999465942383,29.899999618530273,30.260000228881836,26.45854949951172,11887700,0.0,0.0
2020-09-18 00:00:00-04:00,30.110000610351562,30.479999542236328,29.899999618530273,30.15999984741211,26.37111473083496,13423200,0.0,0.0
2020-09-21 00:00:00-04:00,29.510000228881836,29.719999313354492,28.770000457763672,28.989999771118164,25.348102569580078,13916800,0.0,0.0
2020-09-22 00:00:00-04:00,29.229999542236328,29.829999923706055,28.969999313354492,29.40999984741211,25.715333938598633,8809900,0.0,0.0
2020-09-23 00:00:00-04:00,29.719999313354492,30.010000228881836,28.639999389648438,28.81999969482422,25.199453353881836,9744900,0.0,0.0
2020-09-24 00:00:00-04:00,28.56999969482422,29.5,28.110000610351562,29.149999618530273,25.487998962402344,13542900,0.0,0.0
2020-09-25 00:00:00-04:00,28.860000610351562,29.59000015258789,28.84000015258789,29.530000686645508,25.820262908935547,9418000,0.0,0.0
2020-09-28 00:00:00-04:00,29.989999771118164,30.190000534057617,29.56999969482422,29.84000015258789,26.09131622314453,9323400,0.0,0.0
2020-09-29 00:00:00-04:00,29.649999618530273,29.90999984741211,28.899999618530273,28.959999084472656,25.321866989135742,11466500,0.0,0.0
2020-09-30 00:00:00-04:00,29.149999618530273,29.510000228881836,27.8799991607666,28.010000228881836,24.491214752197266,9358800,0.0,0.0
2020-10-01 00:00:00-04:00,28.15999984741211,28.15999984741211,27.030000686645508,27.68000030517578,24.202672958374023,13944100,0.0,0.0
2020-10-02 00:00:00-04:00,27.149999618530273,28.3700008392334,26.989999771118164,27.969999313354492,24.45624351501465,9109000,0.0,0.0
2020-10-05 00:00:00-04:00,28.100000381469727,28.6299991607666,28.059999465942383,28.389999389648438,24.823474884033203,5874900,0.0,0.0
2020-10-06 00:00:00-04:00,28.75,29.489999771118164,28.43000030517578,28.450000762939453,24.875938415527344,8724400,0.0,0.0
2020-10-07 00:00:00-04:00,28.950000762939453,29.110000610351562,28.639999389648438,28.850000381469727,25.225688934326172,4870500,0.0,0.0
2020-10-08 00:00:00-04:00,29.049999237060547,29.68000030517578,28.739999771118164,29.610000610351562,25.890220642089844,9561800,0.0,0.0
2020-10-09 00:00:00-04:00,29.889999389648438,30.079999923706055,28.899999618530273,28.920000076293945,25.28689193725586,5729600,0.0,0.0
2020-10-12 00:00:00-04:00,28.829999923706055,28.969999313354492,28.270000457763672,28.329999923706055,24.77101707458496,6608200,0.0,0.0
2020-10-13 00:00:00-04:00,27.729999542236328,28.18000030517578,27.09000015258789,27.450000762939453,24.001567840576172,13413100,0.0,0.0
2020-10-14 00:00:00-04:00,27.5,27.790000915527344,27.200000762939453,27.34000015258789,23.90538787841797,7125100,0.0,0.0
2020-10-15 00:00:00-04:00,27.469999313354492,27.8700008392334,27.219999313354492,27.829999923706055,24.333826065063477,6884900,0.0,0.0
2020-10-16 00:00:00-04:00,27.969999313354492,28.020000457763672,27.43000030517578,27.940000534057617,24.430011749267578,7503700,0.0,0.0
2020-10-19 00:00:00-04:00,28.149999618530273,28.170000076293945,27.010000228881836,27.1299991607666,23.72176742553711,15514800,0.0,0.0
2020-10-20 00:00:00-04:00,27.420000076293945,27.770000457763672,27.110000610351562,27.459999084472656,24.010313034057617,9204100,0.0,0.0
2020-10-21 00:00:00-04:00,27.459999084472656,28.56999969482422,27.100000381469727,28.469999313354492,24.893423080444336,9283100,0.0,0.0
2020-10-22 00:00:00-04:00,28.700000762939453,29.5,28.600000381469727,29.100000381469727,25.444284439086914,9179000,0.0,0.0
2020-10-23 00:00:00-04:00,29.299999237060547,29.5,28.700000762939453,29.280000686645508,25.601673126220703,5877800,0.0,0.0
2020-10-26 00:00:00-04:00,28.639999389648438,28.940000534057617,28.290000915527344,28.75,25.138248443603516,7403400,0.0,0.0
2020-10-27 00:00:00-04:00,28.559999465942383,28.639999389648438,28.059999465942383,28.209999084472656,24.66608238220215,8316700,0.0,0.0
2020-10-28 00:00:00-04:00,27.5,28.170000076293945,27.399999618530273,27.799999237060547,24.307600021362305,12407000,0.0,0.0
2020-10-29 00:00:00-04:00,27.65999984741211,28.299999237060547,27.520000457763672,28.1299991607666,24.59613609313965,7449700,0.0,0.0
2020-10-30 00:00:00-04:00,27.799999237060547,28.59000015258789,27.65999984741211,28.56999969482422,24.98086166381836,12162900,0.0,0.0
2020-11-02 00:00:00-05:00,28.799999237060547,29.65999984741211,28.360000610351562,29.600000381469727,25.881467819213867,11088900,0.0,0.0
2020-11-03 00:00:00-05:00,30.0,30.479999542236328,29.690000534057617,30.1299991607666,26.34488296508789,12412800,0.0,0.0
2020-11-04 00:00:00-05:00,29.959999084472656,30.280000686645508,29.309999465942383,29.770000457763672,26.030115127563477,8869700,0.0,0.0
2020-11-05 00:00:00-05:00,30.010000228881836,31.350000381469727,30.010000228881836,31.290000915527344,27.359161376953125,11691700,0.0,0.0
2020-11-06 00:00:00-05:00,30.75,30.979999542236328,28.850000381469727,29.299999237060547,25.61915397644043,26843600,0.0,0.0
2020-11-09 00:00:00-05:00,30.850000381469727,31.149999618530273,28.780000686645508,29.049999237060547,25.40056800842285,17020200,0.0,0.0
2020-11-10 00:00:00-05:00,29.15999984741211,30.079999923706055,28.860000610351562,30.06999969482422,26.292423248291016,8927500,0.0,0.0
2020-11-11 00:00:00-05:00,29.760000228881836,30.350000381469727,29.59000015258789,30.200000762939453,26.40609359741211,9281700,0.0,0.0
2020-11-12 00:00:00-05:00,30.0,30.0,29.1200008392334,29.25,25.575439453125,8077300,0.0,0.0
2020-11-13 00:00:00-05:00,29.399999618530273,30.479999542236328,29.3799991607666,30.200000762939453,26.40609359741211,7894200,0.0,0.0
2020-11-16 00:00:00-05:00,30.770000457763672,32.529998779296875,30.6200008392334,31.899999618530273,27.892526626586914,21017100,0.0,0.0
2020-11-17 00:00:00-05:00,31.600000381469727,32.88999938964844,30.989999771118164,32.290000915527344,28.233535766601562,9860900,0.0,0.0
2020-11-18 00:00:00-05:00,32.5,33.2400016784668,32.09000015258789,32.70000076293945,28.59203338623047,8265200,0.0,0.0
2020-11-19 00:00:00-05:00,32.400001525878906,33.58000183105469,32.2400016784668,33.43000030517578,29.230314254760742,9218600,0.0,0.0
2020-11-20 00:00:00-05:00,33.40999984741211,34.099998474121094,33.130001068115234,33.9900016784668,29.719968795776367,16974700,0.0,0.0
2020-11-23 00:00:00-05:00,34.25,35.47999954223633,34.20000076293945,34.619998931884766,30.27082633972168,14833400,0.0,0.0
2020-11-24 00:00:00-05:00,34.54999923706055,34.91999816894531,34.13999938964844,34.5099983215332,30.174638748168945,12525600,0.0,0.0
2020-11-25 00:00:00-05:00,34.47999954223633,34.88999938964844,33.5,34.81999969482422,30.445693969726562,12095000,0.0,0.0
2020-11-27 00:00:00-05:00,34.790000915527344,35.279998779296875,34.70000076293945,35.06999969482422,30.664295196533203,3903900,0.0,0.0
2020-11-30 00:00:00-05:00,34.84000015258789,35.40999984741211,34.81999969482422,35.279998779296875,30.847919464111328,18543000,0.0,0.0
2020-12-01 00:00:00-05:00,35.5,37.2400016784668,35.369998931884766,36.36000061035156,31.7922306060791,18436500,0.0,0.0
2020-12-02 00:00:00-05:00,36.189998626708984,36.560001373291016,35.59000015258789,36.369998931884766,31.800979614257812,9386500,0.0,0.0
2020-12-03 00:00:00-05:00,36.59000015258789,37.02000045776367,36.25,36.59000015258789,31.993337631225586,10173300,0.0,0.0
2020-12-04 00:00:00-05:00,36.65999984741211,37.0,36.2400016784668,36.95000076293945,32.3081169128418,8736500,0.0,0.0
2020-12-07 00:00:00-05:00,36.63999938964844,36.869998931884766,36.08000183105469,36.81999969482422,32.194435119628906,7706900,0.0,0.0
2020-12-08 00:00:00-05:00,36.79999923706055,37.31999969482422,36.459999084472656,36.650001525878906,32.045806884765625,10698000,0.0,0.0
2020-12-09 00:00:00-05:00,36.47999954223633,36.66999816894531,36.060001373291016,36.439998626708984,31.862186431884766,11809600,0.0,0.0
2020-12-10 00:00:00-05:00,35.93000030517578,36.599998474121094,35.56999969482422,35.869998931884766,31.363788604736328,12962500,0.0,0.0
2020-12-11 00:00:00-05:00,35.459999084472656,35.81999969482422,34.90999984741211,35.599998474121094,31.12770652770996,9883600,0.0,0.0
2020-12-14 00:00:00-05:00,35.849998474121094,35.90999984741211,34.369998931884766,34.66999816894531,30.520292282104492,20752300,0.24,0.0
2020-12-15 00:00:00-05:00,34.93000030517578,35.41999816894531,34.45000076293945,35.13999938964844,30.934045791625977,8888500,0.0,0.0
2020-12-16 00:00:00-05:00,35.16999816894531,36.41999816894531,34.90999984741211,35.88999938964844,31.594280242919922,20991800,0.0,0.0
2020-12-17 00:00:00-05:00,36.029998779296875,36.279998779296875,35.38999938964844,36.20000076293945,31.86717987060547,10649700,0.0,0.0
2020-12-18 00:00:00-05:00,35.47999954223633,35.79999923706055,34.869998931884766,35.2599983215332,31.03968620300293,12922200,0.0,0.0
2020-12-21 00:00:00-05:00,34.58000183105469,34.88999938964844,34.130001068115234,34.849998474121094,30.678756713867188,14495800,0.0,0.0
2020-12-22 00:00:00-05:00,34.880001068115234,35.04999923706055,34.119998931884766,34.88999938964844,30.713970184326172,8805700,0.0,0.0
2020-12-23 00:00:00-05:00,34.91999816894531,36.439998626708984,34.90999984741211,35.95000076293945,31.647092819213867,12458700,0.0,0.0
2020-12-24 00:00:00-05:00,35.7400016784668,36.029998779296875,35.45000076293945,35.9900016784668,31.682321548461914,4720500,0.0,0.0
2020-12-28 00:00:00-05:00,36.09000015258789,37.029998779296875,36.029998779296875,36.72999954223633,32.333740234375,6108200,0.0,0.0
2020-12-29 00:00:00-05:00,36.810001373291016,36.9900016784668,36.400001525878906,36.720001220703125,32.32493209838867,8183000,0.0,0.0
2020-12-30 00:00:00-05:00,36.88999938964844,37.45000076293945,36.65999984741211,36.900001525878906,32.4833984375,5264900,0.0,0.0
2020-12-31 00:00:00-05:00,36.75,37.459999084472656,36.54999923706055,37.2599983215332,32.8003044128418,7669800,0.0,0.0
2021-01-04 00:00:00-05:00,37.29999923706055,37.7599983215332,36.310001373291016,36.599998474121094,32.219295501708984,12491900,0.0,0.0
2021-01-05 00:00:00-05:00,36.63999938964844,37.040000915527344,36.209999084472656,36.9900016784668,32.562618255615234,13060300,0.0,0.0
2021-01-06 00:00:00-05:00,37.849998474121094,40.7400016784668,37.560001373291016,40.20000076293945,35.388404846191406,20360700,0.0,0.0
2021-01-07 00:00:00-05:00,39.9900016784668,40.380001068115234,39.349998474121094,40.119998931884766,35.31797790527344,13123600,0.0,0.0
2021-01-08 00:00:00-05:00,40.0099983215332,40.209999084472656,39.529998779296875,40.060001373291016,35.26516342163086,11159500,0.0,0.0
2021-01-11 00:00:00-05:00,39.599998474121094,41.16999816894531,39.439998626708984,41.060001373291016,36.14547348022461,7253200,0.0,0.0
2021-01-12 00:00:00-05:00,41.36000061035156,42.59000015258789,41.209999084472656,41.779998779296875,36.77928924560547,12478200,0.0,0.0
2021-01-13 00:00:00-05:00,41.58000183105469,43.43000030517578,41.40999984741211,43.119998931884766,37.95891189575195,14475000,0.0,0.0
2021-01-14 00:00:00-05:00,43.119998931884766,46.86000061035156,42.90999984741211,46.0,40.49419403076172,29667700,0.0,0.0
2021-01-15 00:00:00-05:00,45.59000015258789,46.31999969482422,44.849998474121094,45.29999923706055,39.87798309326172,11513500,0.0,0.0
2021-01-19 00:00:00-05:00,44.119998931884766,44.5,43.34000015258789,43.75,38.51350021362305,21067200,0.0,0.0
2021-01-20 00:00:00-05:00,43.72999954223633,44.2400016784668,42.88999938964844,43.36000061035156,38.17018508911133,13048800,0.0,0.0
2021-01-21 00:00:00-05:00,44.0,45.7400016784668,43.619998931884766,45.11000061035156,39.71072769165039,24194100,0.0,0.0
2021-01-22 00:00:00-05:00,44.52000045776367,45.81999969482422,43.630001068115234,45.58000183105469,40.124473571777344,14450400,0.0,0.0
2021-01-25 00:00:00-05:00,45.41999816894531,51.290000915527344,45.33000183105469,47.709999084472656,41.9995231628418,24130800,0.0,0.0
2021-01-26 00:00:00-05:00,48.2400016784668,52.29999923706055,48.09000015258789,51.91999816894531,45.70561981201172,18865900,0.0,0.0
2021-01-27 00:00:00-05:00,52.27000045776367,60.72999954223633,52.099998474121094,56.0,49.29727554321289,45158900,0.0,0.0
2021-01-28 00:00:00-05:00,55.06999969482422,56.16999816894531,48.220001220703125,50.61000061035156,44.55241775512695,29765700,0.0,0.0
2021-01-29 00:00:00-05:00,50.9900016784668,53.279998779296875,48.38999938964844,48.5,42.69496536254883,23340800,0.0,0.0
2021-02-01 00:00:00-05:00,48.540000915527344,52.540000915527344,48.459999084472656,52.33000183105469,46.066551208496094,18855000,0.0,0.0
2021-02-02 00:00:00-05:00,51.099998474121094,52.06999969482422,49.77000045776367,50.2599983215332,44.24430465698242,17683400,0.0,0.0
2021-02-03 00:00:00-05:00,50.099998474121094,52.369998931884766,49.0099983215332,52.060001373291016,45.82887268066406,13200000,0.0,0.0
2021-02-04 00:00:00-05:00,50.34000015258789,52.119998931884766,49.5,52.060001373291016,45.82887268066406,18711000,0.0,0.0
2021-02-05 00:00:00-05:00,51.849998474121094,54.880001068115234,50.93000030517578,54.040000915527344,47.57188034057617,15575300,0.0,0.0
2021-02-08 00:00:00-05:00,53.15999984741211,55.34000015258789,52.58000183105469,54.5,47.9768180847168,16656200,0.0,0.0
2021-02-09 00:00:00-05:00,54.150001525878906,55.41999816894531,52.540000915527344,55.029998779296875,48.44338607788086,7948500,0.0,0.0
2021-02-10 00:00:00-05:00,54.88999938964844,57.20000076293945,54.4900016784668,56.56999969482422,49.7990608215332,13028200,0.0,0.0
2021-02-11 00:00:00-05:00,56.7400016784668,57.7599983215332,56.349998474121094,57.20000076293945,50.35365676879883,8545700,0.0,0.0
2021-02-12 00:00:00-05:00,57.47999954223633,58.95000076293945,56.779998779296875,58.310001373291016,51.3307991027832,11056500,0.0,0.0
2021-02-16 00:00:00-05:00,58.220001220703125,59.65999984741211,57.36000061035156,59.13999938964844,52.06144714355469,14584500,0.0,0.0
2021-02-17 00:00:00-05:00,58.97999954223633,61.40999984741211,58.459999084472656,61.0,53.69882583618164,10102800,0.0,0.0
2021-02-18 00:00:00-05:00,62.0,63.060001373291016,61.43000030517578,62.150001525878906,54.71117401123047,14245100,0.0,0.0
2021-02-19 00:00:00-05:00,62.18000030517578,63.72999954223633,62.18000030517578,62.689998626708984,55.18653869628906,14426600,0.0,0.0
2021-02-22 00:00:00-05:00,63.709999084472656,67.19999694824219,63.400001525878906,66.13999938964844,58.223602294921875,21760600,0.0,0.0
2021-02-23 00:00:00-05:00,66.54000091552734,67.12000274658203,63.34000015258789,64.37000274658203,56.66548156738281,18354800,0.0,0.0
2021-02-24 00:00:00-05:00,63.68000030517578,66.19000244140625,63.56999969482422,65.5999984741211,57.74824523925781,17322500,0.0,0.0
2021-02-25 00:00:00-05:00,66.4000015258789,67.8499984741211,61.79999923706055,62.5,55.019290924072266,25151200,0.0,0.0
2021-02-26 00:00:00-05:00,62.0,64.87999725341797,61.0,64.48999786376953,56.77110290527344,16360300,0.0,0.0
2021-03-01 00:00:00-05:00,64.80000305175781,67.9800033569336,64.5999984741211,67.12999725341797,59.09511184692383,13425700,0.0,0.0
2021-03-02 00:00:00-05:00,67.30999755859375,69.37000274658203,66.79000091552734,68.72000122070312,60.494815826416016,14417500,0.0,0.0
2021-03-03 00:00:00-05:00,69.12999725341797,72.44999694824219,69.01000213623047,70.91000366210938,62.42267608642578,17460100,0.0,0.0
2021-03-04 00:00:00-05:00,70.54000091552734,72.58999633789062,70.01000213623047,71.87999725341797,63.276588439941406,21489300,0.0,0.0
2021-03-05 00:00:00-05:00,71.0999984741211,74.76000213623047,69.7699966430664,74.23999786376953,65.35411071777344,14159000,0.0,0.0
2021-03-08 00:00:00-05:00,74.87999725341797,84.94000244140625,74.11000061035156,83.66000366210938,73.64662170410156,21341100,0.0,0.0
2021-03-09 00:00:00-05:00,84.4000015258789,84.5999984741211,77.0999984741211,79.66000366210938,70.1253890991211,23611600,0.0,0.0
2021-03-10 00:00:00-05:00,79.97000122070312,83.47000122070312,78.80999755859375,82.88999938964844,72.96876525878906,22506900,0.0,0.0
2021-03-11 00:00:00-05:00,82.91000366210938,87.37999725341797,82.7699966430664,86.27999877929688,75.9530258178711,22371000,0.0,0.0
2021-03-12 00:00:00-05:00,86.06999969482422,95.2699966430664,85.87999725341797,94.94000244140625,83.80962371826172,38020400,0.24,0.0
2021-03-15 00:00:00-04:00,94.70999908447266,101.97000122070312,93.7699966430664,96.33000183105469,85.03667449951172,32035400,0.0,0.0
2021-03-16 00:00:00-04:00,97.26000213623047,99.16000366210938,94.20999908447266,96.23999786376953,84.95722961425781,29110100,0.0,0.0
2021-03-17 00:00:00-04:00,94.45999908447266,95.27999877929688,86.16999816894531,92.33999633789062,81.51444244384766,34687600,0.0,0.0
2021-03-18 00:00:00-04:00,90.87999725341797,98.12999725341797,90.1500015258789,96.76000213623047,85.416259765625,31797800,0.0,0.0
2021-03-19 00:00:00-04:00,95.75,98.5999984741211,95.41000366210938,97.3499984741211,85.93708801269531,33518700,0.0,0.0
2021-03-22 00:00:00-04:00,99.1500015258789,100.41999816894531,96.20999908447266,100.33999633789062,88.57654571533203,20400200,0.0,0.0
2021-03-23 00:00:00-04:00,92.5999984741211,96.33999633789062,90.30000305175781,91.25,80.55223846435547,37782300,0.0,0.0
2021-03-24 00:00:00-04:00,84.4000015258789,85.0,70.0,70.0999984741211,61.88176727294922,89815300,0.0,0.0
2021-03-25 00:00:00-04:00,66.69999694824219,70.19000244140625,64.5199966430664,66.3499984741211,58.5713996887207,44269500,0.0,0.0
2021-03-26 00:00:00-04:00,65.75,66.2699966430664,39.810001373291016,48.22999954223633,42.575714111328125,216631000,0.0,0.0
2021-03-29 00:00:00-04:00,46.9900016784668,48.0,43.0,45.0099983215332,39.73321533203125,213578900,0.0,0.0
2021-03-30 00:00:00-04:00,46.720001220703125,48.38999938964844,45.15999984741211,46.61000061035156,41.145633697509766,150842500,0.0,0.0
2021-03-31 00:00:00-04:00,46.93000030517578,46.97999954223633,43.77000045776367,45.099998474121094,39.812660217285156,92028600,0.0,0.0
2021-04-01 00:00:00-04:00,45.59000015258789,46.2400016784668,43.93000030517578,44.63999938964844,39.40658187866211,59501200,0.0,0.0
2021-04-05 00:00:00-04:00,44.54999923706055,44.75,42.29999923706055,42.900001525878906,37.87058639526367,68076000,0.0,0.0
2021-04-06 00:00:00-04:00,42.0,45.36000061035156,41.95000076293945,44.349998474121094,39.150577545166016,125164900,0.0,0.0
2021-04-07 00:00:00-04:00,45.93000030517578,46.20000076293945,43.689998626708984,43.88999938964844,38.74451446533203,84665200,0.0,0.0
2021-04-08 00:00:00-04:00,43.86000061035156,44.36000061035156,42.119998931884766,42.290000915527344,37.332096099853516,58371800,0.0,0.0
2021-04-09 00:00:00-04:00,42.34000015258789,43.099998474121094,41.15999984741211,41.880001068115234,36.97016143798828,49660000,0.0,0.0
2021-04-12 00:00:00-04:00,42.119998931884766,42.68000030517578,39.65999984741211,39.77000045776367,35.1075325012207,59418100,0.0,0.0
2021-04-13 00:00:00-04:00,40.34000015258789,41.459999084472656,39.79999923706055,40.4900016784668,35.743125915527344,33145100,0.0,0.0
2021-04-14 00:00:00-04:00,40.90999984741211,41.97999954223633,40.18000030517578,40.220001220703125,35.5047721862793,35659100,0.0,0.0
2021-04-15 00:00:00-04:00,40.619998931884766,40.66999816894531,38.959999084472656,39.25,34.64849090576172,34635500,0.0,0.0
2021-04-16 00:00:00-04:00,39.29999923706055,39.95000076293945,38.79999923706055,39.349998474121094,34.73676300048828,40042700,0.0,0.0
2021-04-19 00:00:00-04:00,39.5,39.939998626708984,37.90999984741211,38.400001525878906,33.89814758300781,44779700,0.0,0.0
2021-04-20 00:00:00-04:00,38.63999938964844,39.2400016784668,37.33000183105469,37.91999816894531,33.47441482543945,41652900,0.0,0.0
2021-04-21 00:00:00-04:00,37.650001525878906,40.90999984741211,37.540000915527344,40.849998474121094,36.060916900634766,52142800,0.0,0.0
2021-04-22 00:00:00-04:00,42.25,42.56999969482422,40.43000030517578,40.72999954223633,35.95497512817383,60658800,0.0,0.0
2021-04-23 00:00:00-04:00,40.869998931884766,41.9900016784668,40.68000030517578,41.709999084472656,36.82009506225586,40878500,0.0,0.0
2021-04-26 00:00:00-04:00,42.439998626708984,42.52000045776367,41.0099983215332,41.81999969482422,36.917198181152344,30501300,0.0,0.0
2021-04-27 00:00:00-04:00,41.9900016784668,43.34000015258789,41.81999969482422,42.810001373291016,37.7911376953125,33759800,0.0,0.0
2021-04-28 00:00:00-04:00,42.86000061035156,42.959999084472656,41.380001068115234,41.43000030517578,36.57291793823242,27913200,0.0,0.0
2021-04-29 00:00:00-04:00,41.720001220703125,42.38999938964844,40.68000030517578,41.5,36.63471603393555,22505200,0.0,0.0
2021-04-30 00:00:00-04:00,41.349998474121094,41.790000915527344,40.709999084472656,41.02000045776367,36.21097946166992,20587400,0.0,0.0
2021-05-03 00:00:00-04:00,40.959999084472656,41.09000015258789,39.38999938964844,39.65999984741211,35.01042938232422,34064100,0.0,0.0
2021-05-04 00:00:00-04:00,39.36000061035156,39.97999954223633,38.58000183105469,39.970001220703125,35.28408432006836,20480800,0.0,0.0
2021-05-05 00:00:00-04:00,40.0099983215332,40.369998931884766,39.0,39.099998474121094,34.516075134277344,24750100,0.0,0.0
2021-05-06 00:00:00-04:00,40.22999954223633,40.47999954223633,37.56999969482422,38.150001525878906,33.677452087402344,44431900,0.0,0.0
2021-05-07 00:00:00-04:00,38.5,39.7400016784668,38.04999923706055,39.38999938964844,34.7720832824707,25483700,0.0,0.0
2021-05-10 00:00:00-04:00,39.4900016784668,40.09000015258789,38.86000061035156,39.27000045776367,34.66614532470703,18927400,0.0,0.0
2021-05-11 00:00:00-04:00,38.20000076293945,39.52000045776367,37.95000076293945,39.47999954223633,34.851524353027344,19701400,0.0,0.0
2021-05-12 00:00:00-04:00,39.56999969482422,40.66999816894531,39.0,39.060001373291016,34.48076629638672,21179800,0.0,0.0
2021-05-13 00:00:00-04:00,39.310001373291016,40.27000045776367,38.099998474121094,38.5099983215332,33.9952507019043,20742900,0.0,0.0
2021-05-14 00:00:00-04:00,38.939998626708984,39.34000015258789,38.20000076293945,38.90999984741211,34.34834671020508,17029200,0.0,0.0
2021-05-17 00:00:00-04:00,40.279998779296875,40.720001220703125,38.220001220703125,38.40999984741211,33.90696716308594,33202600,0.0,0.0
2021-05-18 00:00:00-04:00,38.83000183105469,40.720001220703125,38.77000045776367,40.15999984741211,35.45180130004883,29181900,0.0,0.0
2021-05-19 00:00:00-04:00,39.43000030517578,39.93000030517578,38.91999816894531,39.689998626708984,35.03690719604492,19409600,0.0,0.0
2021-05-20 00:00:00-04:00,41.650001525878906,41.88999938964844,40.4900016784668,41.52000045776367,36.65236282348633,36244500,0.0,0.0
2021-05-21 00:00:00-04:00,41.7599983215332,42.5,41.2400016784668,42.150001525878906,37.20851516723633,27099400,0.0,0.0
2021-05-24 00:00:00-04:00,42.25,42.31999969482422,41.08000183105469,41.540000915527344,36.67002487182617,19473100,0.0,0.0
2021-05-25 00:00:00-04:00,41.95000076293945,42.220001220703125,40.65999984741211,40.900001525878906,36.10506057739258,15314900,0.0,0.0
2021-05-26 00:00:00-04:00,41.22999954223633,42.65999984741211,41.02000045776367,42.459999084472656,37.48216247558594,18656600,0.0,0.0
2021-05-27 00:00:00-04:00,42.79999923706055,43.54999923706055,42.20000076293945,43.150001525878906,38.09128189086914,22191800,0.0,0.0
2021-05-28 00:00:00-04:00,43.2400016784668,43.2599983215332,42.2599983215332,42.41999816894531,37.44684982299805,14547300,0.0,0.0
2021-06-01 00:00:00-04:00,42.849998474121094,43.2400016784668,42.43000030517578,42.599998474121094,37.60574722290039,11165200,0.0,0.0
2021-06-02 00:00:00-04:00,43.0,43.34000015258789,41.939998626708984,42.58000183105469,37.588096618652344,20988600,0.0,0.0
2021-06-03 00:00:00-04:00,42.220001220703125,42.41999816894531,41.15999984741211,41.58000183105469,36.7053337097168,18451200,0.0,0.0
2021-06-04 00:00:00-04:00,41.689998626708984,42.06999969482422,41.31999969482422,41.70000076293945,36.8112678527832,11105600,0.0,0.0
2021-06-07 00:00:00-04:00,41.970001220703125,42.099998474121094,41.380001068115234,41.7400016784668,36.84657669067383,9004600,0.0,0.0
2021-06-08 00:00:00-04:00,41.689998626708984,42.16999816894531,41.11000061035156,41.68000030517578,36.79360580444336,12402900,0.0,0.0
2021-06-09 00:00:00-04:00,41.59000015258789,42.9900016784668,41.369998931884766,42.25,37.29678726196289,15497300,0.0,0.0
2021-06-10 00:00:00-04:00,42.52000045776367,42.689998626708984,41.220001220703125,41.5099983215332,36.6435432434082,12086700,0.0,0.0
2021-06-11 00:00:00-04:00,41.7400016784668,42.40999984741211,41.290000915527344,42.349998474121094,37.38505554199219,11266100,0.0,0.0
2021-06-14 00:00:00-04:00,42.13999938964844,43.08000183105469,41.959999084472656,42.630001068115234,37.84672164916992,13862700,0.24,0.0
2021-06-15 00:00:00-04:00,42.5099983215332,43.0,41.310001373291016,41.66999816894531,36.994422912597656,19307900,0.0,0.0
2021-06-16 00:00:00-04:00,41.68000030517578,42.18000030517578,41.310001373291016,41.810001373291016,37.11872482299805,12538600,0.0,0.0
2021-06-17 00:00:00-04:00,41.619998931884766,42.029998779296875,39.86000061035156,40.189998626708984,35.68050003051758,21893700,0.0,0.0
2021-06-18 00:00:00-04:00,39.95000076293945,40.2599983215332,39.439998626708984,40.029998779296875,35.5384407043457,24690600,0.0,0.0
2021-06-21 00:00:00-04:00,40.29999923706055,41.0,39.560001373291016,40.959999084472656,36.36409378051758,14021300,0.0,0.0
2021-06-22 00:00:00-04:00,40.86000061035156,41.06999969482422,40.34000015258789,40.75,36.17765808105469,8517300,0.0,0.0
2021-06-23 00:00:00-04:00,40.77000045776367,42.970001220703125,40.63999938964844,41.84000015258789,37.14535903930664,29032600,0.0,0.0
2021-06-24 00:00:00-04:00,41.720001220703125,43.22999954223633,41.68000030517578,42.869998931884766,38.05978775024414,17000900,0.0,0.0
2021-06-25 00:00:00-04:00,42.91999816894531,43.97999954223633,42.560001373291016,43.81999969482422,38.90319061279297,15530300,0.0,0.0
2021-06-28 00:00:00-04:00,44.380001068115234,47.459999084472656,44.310001373291016,46.0,40.83858871459961,43425000,0.0,0.0
2021-06-29 00:00:00-04:00,46.0,46.29999923706055,44.59000015258789,44.630001068115234,39.62230682373047,18654100,0.0,0.0
2021-06-30 00:00:00-04:00,44.5,45.34000015258789,43.91999816894531,45.20000076293945,40.12834167480469,12847500,0.0,0.0
2021-07-01 00:00:00-04:00,45.34000015258789,45.869998931884766,44.58000183105469,44.95000076293945,39.90639877319336,13624100,0.0,0.0
2021-07-02 00:00:00-04:00,44.95000076293945,45.130001068115234,43.810001373291016,44.15999984741211,39.205039978027344,10022300,0.0,0.0
2021-07-06 00:00:00-04:00,44.0,44.029998779296875,42.11000061035156,42.869998931884766,38.05978775024414,14026900,0.0,0.0
2021-07-07 00:00:00-04:00,43.13999938964844,43.18000030517578,42.060001373291016,42.79999923706055,37.99763870239258,9848700,0.0,0.0
2021-07-08 00:00:00-04:00,41.939998626708984,42.08000183105469,40.689998626708984,41.459999084472656,36.80799102783203,15650400,0.0,0.0
2021-07-09 00:00:00-04:00,41.75,42.849998474121094,41.560001373291016,42.77000045776367,37.971004486083984,10049600,0.0,0.0
2021-07-12 00:00:00-04:00,42.5,44.22999954223633,41.84000015258789,43.439998626708984,38.56583023071289,17104900,0.0,0.0
2021-07-13 00:00:00-04:00,43.099998474121094,43.560001373291016,42.529998779296875,42.58000183105469,37.802330017089844,9441000,0.0,0.0
2021-07-14 00:00:00-04:00,42.9900016784668,43.040000915527344,41.689998626708984,41.88999938964844,37.18974685668945,11243000,0.0,0.0
2021-07-15 00:00:00-04:00,41.790000915527344,42.45000076293945,40.93000030517578,41.290000915527344,36.657066345214844,9672000,0.0,0.0
2021-07-16 00:00:00-04:00,41.380001068115234,41.52000045776367,40.06999969482422,40.290000915527344,35.769283294677734,10837100,0.0,0.0
2021-07-19 00:00:00-04:00,39.779998779296875,40.13999938964844,39.16999816894531,39.869998931884766,35.39639663696289,12677300,0.0,0.0
2021-07-20 00:00:00-04:00,40.209999084472656,41.400001525878906,39.439998626708984,40.38999938964844,35.85805892944336,12779000,0.0,0.0
2021-07-21 00:00:00-04:00,40.599998474121094,41.7400016784668,40.5,41.29999923706055,36.66594314575195,8950800,0.0,0.0
2021-07-22 00:00:00-04:00,41.349998474121094,41.36000061035156,40.27000045776367,40.869998931884766,36.28419494628906,6260300,0.0,0.0
2021-07-23 00:00:00-04:00,40.97999954223633,41.130001068115234,40.40999984741211,40.9900016784668,36.3907356262207,6552900,0.0,0.0
2021-07-26 00:00:00-04:00,41.029998779296875,42.220001220703125,40.91999816894531,42.15999984741211,37.42945098876953,12283700,0.0,0.0
2021-07-27 00:00:00-04:00,41.779998779296875,42.040000915527344,40.90999984741211,41.34000015258789,36.70145034790039,7622600,0.0,0.0
2021-07-28 00:00:00-04:00,41.400001525878906,42.16999816894531,40.720001220703125,41.650001525878906,36.97667694091797,9449600,0.0,0.0
2021-07-29 00:00:00-04:00,41.7599983215332,42.45000076293945,41.5,41.689998626708984,37.012176513671875,6833200,0.0,0.0
2021-07-30 00:00:00-04:00,41.470001220703125,41.88999938964844,40.7599983215332,40.93000030517578,36.337459564208984,8020600,0.0,0.0
2021-08-02 00:00:00-04:00,41.15999984741211,41.66999816894531,40.720001220703125,40.84000015258789,36.257564544677734,8873800,0.0,0.0
2021-08-03 00:00:00-04:00,40.88999938964844,40.9900016784668,38.040000915527344,38.470001220703125,34.15349578857422,34007800,0.0,0.0
2021-08-04 00:00:00-04:00,38.29999923706055,39.290000915527344,38.22999954223633,38.790000915527344,34.43758010864258,17040600,0.0,0.0
2021-08-05 00:00:00-04:00,38.75,41.68000030517578,38.630001068115234,41.54999923706055,36.887901306152344,19426900,0.0,0.0
2021-08-06 00:00:00-04:00,41.77000045776367,42.11000061035156,41.369998931884766,41.5,36.843509674072266,10609500,0.0,0.0
2021-08-09 00:00:00-04:00,41.31999969482422,41.349998474121094,40.18000030517578,40.290000915527344,35.769283294677734,12343600,0.0,0.0
2021-08-10 00:00:00-04:00,40.41999816894531,40.84000015258789,39.849998474121094,40.75,36.17765808105469,11877200,0.0,0.0
2021-08-11 00:00:00-04:00,40.81999969482422,41.040000915527344,40.18000030517578,40.81999969482422,36.239803314208984,8285900,0.0,0.0
2021-08-12 00:00:00-04:00,40.72999954223633,40.93000030517578,39.7599983215332,39.959999084472656,35.47629928588867,8250300,0.0,0.0
2021-08-13 00:00:00-04:00,40.290000915527344,40.4900016784668,39.11000061035156,39.15999984741211,34.76605987548828,8991800,0.0,0.0
2021-08-16 00:00:00-04:00,38.939998626708984,39.06999969482422,38.150001525878906,38.52000045776367,34.1978759765625,9775300,0.0,0.0
2021-08-17 00:00:00-04:00,38.209999084472656,39.08000183105469,37.77000045776367,39.029998779296875,34.65065383911133,12938800,0.0,0.0
2021-08-18 00:00:00-04:00,40.0,41.630001068115234,39.439998626708984,40.470001220703125,35.929073333740234,20720100,0.0,0.0
2021-08-19 00:00:00-04:00,40.29999923706055,40.43000030517578,39.5099983215332,39.63999938964844,35.192203521728516,12395500,0.0,0.0
2021-08-20 00:00:00-04:00,39.5099983215332,40.02000045776367,39.220001220703125,39.709999084472656,35.25434494018555,10167300,0.0,0.0
2021-08-23 00:00:00-04:00,39.959999084472656,40.560001373291016,39.599998474121094,40.33000183105469,35.80478286743164,8201500,0.0,0.0
2021-08-24 00:00:00-04:00,40.5,40.9900016784668,40.31999969482422,40.70000076293945,36.13326644897461,8818500,0.0,0.0
2021-08-25 00:00:00-04:00,40.86000061035156,41.34000015258789,40.40999984741211,40.970001220703125,36.37297821044922,9384000,0.0,0.0
2021-08-26 00:00:00-04:00,40.95000076293945,41.209999084472656,39.90999984741211,39.959999084472656,35.47629928588867,8032500,0.0,0.0
2021-08-27 00:00:00-04:00,39.95000076293945,40.91999816894531,39.72999954223633,40.88999938964844,36.30195236206055,7827600,0.0,0.0
2021-08-30 00:00:00-04:00,40.88999938964844,40.91999816894531,39.34000015258789,40.22999954223633,35.715999603271484,8721000,0.0,0.0
2021-08-31 00:00:00-04:00,40.18000030517578,41.689998626708984,40.119998931884766,41.45000076293945,36.799110412597656,12153600,0.0,0.0
2021-09-01 00:00:00-04:00,41.619998931884766,41.84000015258789,41.209999084472656,41.40999984741211,36.76361083984375,7088000,0.0,0.0
2021-09-02 00:00:00-04:00,41.880001068115234,42.150001525878906,41.25,41.540000915527344,36.87901306152344,9273300,0.0,0.0
2021-09-03 00:00:00-04:00,41.54999923706055,41.54999923706055,40.95000076293945,41.279998779296875,36.648189544677734,7396500,0.0,0.0
2021-09-07 00:00:00-04:00,41.22999954223633,42.16999816894531,41.06999969482422,41.619998931884766,36.95003890991211,9260800,0.0,0.0
2021-09-08 00:00:00-04:00,41.5,41.970001220703125,40.81999969482422,40.90999984741211,36.319705963134766,9544800,0.0,0.0
2021-09-09 00:00:00-04:00,40.88999938964844,41.13999938964844,40.189998626708984,40.34000015258789,35.813663482666016,8952900,0.0,0.0
2021-09-10 00:00:00-04:00,40.529998779296875,40.720001220703125,39.599998474121094,39.650001525878906,35.201080322265625,10474100,0.0,0.0
2021-09-13 00:00:00-04:00,39.959999084472656,40.5099983215332,39.630001068115234,40.369998931884766,35.84029769897461,8894700,0.0,0.0
2021-09-14 00:00:00-04:00,40.220001220703125,40.25,38.7400016784668,38.91999816894531,34.75963592529297,16633100,0.24,0.0
2021-09-15 00:00:00-04:00,38.959999084472656,40.38999938964844,38.56999969482422,40.369998931884766,36.05464172363281,9786400,0.0,0.0
2021-09-16 00:00:00-04:00,40.20000076293945,40.599998474121094,39.95000076293945,40.43000030517578,36.10822677612305,7633000,0.0,0.0
2021-09-17 00:00:00-04:00,40.349998474121094,40.7400016784668,39.88999938964844,39.9900016784668,35.715267181396484,9895300,0.0,0.0
2021-09-20 00:00:00-04:00,39.040000915527344,39.27000045776367,38.119998931884766,38.86000061035156,34.70606231689453,13967100,0.0,0.0
2021-09-21 00:00:00-04:00,39.150001525878906,39.4900016784668,38.529998779296875,38.65999984741211,34.52743148803711,6875400,0.0,0.0
2021-09-22 00:00:00-04:00,39.08000183105469,40.13999938964844,39.029998779296875,39.20000076293945,35.00971221923828,9331300,0.0,0.0
2021-09-23 00:00:00-04:00,39.45000076293945,40.43000030517578,39.290000915527344,40.060001373291016,35.77777862548828,8066800,0.0,0.0
2021-09-24 00:00:00-04:00,39.93000030517578,40.29999923706055,39.599998474121094,39.9900016784668,35.715267181396484,5406400,0.0,0.0
2021-09-27 00:00:00-04:00,39.939998626708984,41.130001068115234,39.880001068115234,40.439998626708984,36.11715316772461,7119000,0.0,0.0
2021-09-28 00:00:00-04:00,40.459999084472656,41.18000030517578,40.0099983215332,40.22999954223633,35.92961120605469,9474000,0.0,0.0
2021-09-29 00:00:00-04:00,40.380001068115234,40.52000045776367,39.83000183105469,40.119998931884766,35.83137130737305,7628300,0.0,0.0
2021-09-30 00:00:00-04:00,40.290000915527344,40.36000061035156,39.34000015258789,39.5099983215332,35.28656768798828,9657300,0.0,0.0
2021-10-01 00:00:00-04:00,39.880001068115234,40.220001220703125,39.119998931884766,39.900001525878906,35.6348876953125,6887500,0.0,0.0
2021-10-04 00:00:00-04:00,39.849998474121094,39.880001068115234,38.9900016784668,39.11000061035156,34.929325103759766,7925800,0.0,0.0
2021-10-05 00:00:00-04:00,39.130001068115234,39.869998931884766,38.95000076293945,39.56999969482422,35.34015655517578,7714200,0.0,0.0
2021-10-06 00:00:00-04:00,39.310001373291016,39.31999969482422,38.599998474121094,39.16999816894531,34.982913970947266,9146900,0.0,0.0
2021-10-07 00:00:00-04:00,39.400001525878906,40.5,39.31999969482422,39.84000015258789,35.58129119873047,9246900,0.0,0.0
2021-10-08 00:00:00-04:00,40.060001373291016,41.08000183105469,39.77000045776367,39.810001373291016,35.55450439453125,6541900,0.0,0.0
2021-10-11 00:00:00-04:00,39.849998474121094,40.060001373291016,39.31999969482422,39.369998931884766,35.16153335571289,6762700,0.0,0.0
2021-10-12 00:00:00-04:00,39.45000076293945,39.84000015258789,39.029998779296875,39.150001525878906,34.965049743652344,6081800,0.0,0.0
2021-10-13 00:00:00-04:00,39.15999984741211,39.58000183105469,38.9900016784668,39.369998931884766,35.16153335571289,7715400,0.0,0.0
2021-10-14 00:00:00-04:00,39.91999816894531,39.91999816894531,39.33000183105469,39.470001220703125,35.2508544921875,6305600,0.0,0.0
2021-10-15 00:00:00-04:00,39.619998931884766,39.77000045776367,38.880001068115234,38.91999816894531,34.75963592529297,12981100,0.0,0.0
2021-10-18 00:00:00-04:00,38.77000045776367,39.22999954223633,38.36000061035156,38.529998779296875,34.41133499145508,12958100,0.0,0.0
2021-10-19 00:00:00-04:00,38.66999816894531,39.119998931884766,38.66999816894531,39.06999969482422,34.89360427856445,6645500,0.0,0.0
2021-10-20 00:00:00-04:00,38.90999984741211,39.540000915527344,38.810001373291016,38.869998931884766,34.7149772644043,6878300,0.0,0.0
2021-10-21 00:00:00-04:00,38.84000015258789,39.27000045776367,37.09000015258789,37.779998779296875,33.74150085449219,15778100,0.0,0.0
2021-10-22 00:00:00-04:00,37.7599983215332,37.86000061035156,36.93000030517578,37.5099983215332,33.5003662109375,13533900,0.0,0.0
2021-10-25 00:00:00-04:00,37.61000061035156,37.7400016784668,37.18000030517578,37.61000061035156,33.58967590332031,7760800,0.0,0.0
2021-10-26 00:00:00-04:00,37.77000045776367,37.86000061035156,37.0099983215332,37.08000183105469,33.1163330078125,7146300,0.0,0.0
2021-10-27 00:00:00-04:00,37.0099983215332,37.029998779296875,35.72999954223633,35.83000183105469,31.999950408935547,17112300,0.0,0.0
2021-10-28 00:00:00-04:00,35.83000183105469,37.27000045776367,35.59000015258789,37.02000045776367,33.06273651123047,9769000,0.0,0.0
2021-10-29 00:00:00-04:00,36.849998474121094,37.029998779296875,36.060001373291016,36.220001220703125,32.34825897216797,8460000,0.0,0.0
2021-11-01 00:00:00-04:00,36.5,37.52000045776367,36.369998931884766,37.25,33.268157958984375,9750900,0.0,0.0
2021-11-02 00:00:00-04:00,37.099998474121094,37.380001068115234,36.7400016784668,37.369998931884766,33.375328063964844,7792800,0.0,0.0
2021-11-03 00:00:00-04:00,37.22999954223633,37.70000076293945,37.0099983215332,37.54999923706055,33.53608322143555,7745700,0.0,0.0
2021-11-04 00:00:00-04:00,37.689998626708984,38.0,35.7400016784668,35.900001525878906,32.06246566772461,21669100,0.0,0.0
2021-11-05 00:00:00-04:00,35.880001068115234,36.869998931884766,35.15999984741211,36.34000015258789,32.45542907714844,11927300,0.0,0.0
2021-11-08 00:00:00-05:00,36.34000015258789,36.45000076293945,35.459999084472656,35.84000015258789,32.008880615234375,12223600,0.0,0.0
2021-11-09 00:00:00-05:00,35.88999938964844,35.970001220703125,35.13999938964844,35.5,31.70522689819336,8759300,0.0,0.0
2021-11-10 00:00:00-05:00,35.459999084472656,36.400001525878906,35.31999969482422,35.38999938964844,31.606985092163086,9085500,0.0,0.0
2021-11-11 00:00:00-05:00,35.33000183105469,35.810001373291016,34.689998626708984,35.599998474121094,31.794532775878906,10585300,0.0,0.0
2021-11-12 00:00:00-05:00,35.65999984741211,35.880001068115234,35.0099983215332,35.20000076293945,31.437292098999023,11691800,0.0,0.0
2021-11-15 00:00:00-05:00,35.52000045776367,36.61000061035156,35.470001220703125,35.779998779296875,31.955278396606445,10887400,0.0,0.0
2021-11-16 00:00:00-05:00,35.81999969482422,35.880001068115234,35.13999938964844,35.150001525878906,31.39263916015625,10061900,0.0,0.0
2021-11-17 00:00:00-05:00,35.119998931884766,35.29999923706055,34.720001220703125,35.08000183105469,31.33011817932129,9241200,0.0,0.0
2021-11-18 00:00:00-05:00,35.27000045776367,35.45000076293945,34.029998779296875,34.22999954223633,30.57097816467285,13599300,0.0,0.0
2021-11-19 00:00:00-05:00,33.9900016784668,34.34000015258789,33.33000183105469,33.65999984741211,30.061908721923828,12878500,0.0,0.0
2021-11-22 00:00:00-05:00,33.720001220703125,33.959999084472656,32.939998626708984,33.540000915527344,29.954734802246094,12943800,0.0,0.0
2021-11-23 00:00:00-05:00,33.470001220703125,33.63999938964844,32.720001220703125,32.95000076293945,29.427804946899414,15514800,0.0,0.0
2021-11-24 00:00:00-05:00,32.790000915527344,33.439998626708984,32.58000183105469,33.2400016784668,29.686809539794922,12147400,0.0,0.0
2021-11-26 00:00:00-05:00,32.5,32.970001220703125,32.279998779296875,32.61000061035156,29.1241512298584,8737400,0.0,0.0
2021-11-29 00:00:00-05:00,32.689998626708984,32.790000915527344,31.549999237060547,32.279998779296875,28.829421997070312,15881300,0.0,0.0
2021-11-30 00:00:00-05:00,32.13999938964844,32.13999938964844,30.469999313354492,30.950000762939453,27.641597747802734,21862400,0.0,0.0
2021-12-01 00:00:00-05:00,31.0,31.8700008392334,29.700000762939453,29.700000762939453,26.52521514892578,17249900,0.0,0.0
2021-12-02 00:00:00-05:00,29.75,30.059999465942383,28.899999618530273,29.559999465942383,26.400177001953125,31862500,0.0,0.0
2021-12-03 00:00:00-05:00,30.200000762939453,31.15999984741211,29.899999618530273,31.06999969482422,27.748769760131836,24840000,0.0,0.0
2021-12-06 00:00:00-05:00,31.110000610351562,31.940000534057617,30.59000015258789,31.1200008392334,27.79342269897461,14798200,0.0,0.0
2021-12-07 00:00:00-05:00,31.43000030517578,32.540000915527344,31.09000015258789,31.3799991607666,28.02562713623047,16599200,0.0,0.0
2021-12-08 00:00:00-05:00,31.389999389648438,32.099998474121094,31.219999313354492,31.84000015258789,28.43645668029785,10991900,0.0,0.0
2021-12-09 00:00:00-05:00,31.489999771118164,31.940000534057617,30.899999618530273,31.06999969482422,27.748769760131836,10748400,0.0,0.0
2021-12-10 00:00:00-05:00,31.25,31.420000076293945,30.790000915527344,31.219999313354492,27.88273048400879,18471600,0.0,0.0
2021-12-13 00:00:00-05:00,31.100000381469727,31.139999389648438,30.059999465942383,30.329999923706055,27.087873458862305,8300100,0.0,0.0
2021-12-14 00:00:00-05:00,29.8799991607666,30.190000534057617,29.530000686645508,29.600000381469727,26.64675521850586,12239300,0.24,0.0
2021-12-15 00:00:00-05:00,29.43000030517578,29.690000534057617,28.65999984741211,29.559999465942383,26.610748291015625,13234200,0.0,0.0
2021-12-16 00:00:00-05:00,29.739999771118164,30.31999969482422,29.649999618530273,29.739999771118164,26.77278709411621,11798400,0.0,0.0
2021-12-17 00:00:00-05:00,29.75,29.940000534057617,28.520000457763672,29.520000457763672,26.574739456176758,18207700,0.0,0.0
2021-12-20 00:00:00-05:00,29.020000457763672,29.139999389648438,28.290000915527344,28.68000030517578,25.81854820251465,15714400,0.0,0.0
2021-12-21 00:00:00-05:00,28.969999313354492,29.950000762939453,28.709999084472656,29.350000381469727,26.421701431274414,11746900,0.0,0.0
2021-12-22 00:00:00-05:00,29.299999237060547,29.440000534057617,28.649999618530273,29.18000030517578,26.26866340637207,14243900,0.0,0.0
2021-12-23 00:00:00-05:00,29.309999465942383,30.690000534057617,29.15999984741211,30.579999923706055,27.52897834777832,14137400,0.0,0.0
2021-12-27 00:00:00-05:00,30.530000686645508,30.579999923706055,29.899999618530273,30.1200008392334,27.114879608154297,12801800,0.0,0.0
2021-12-28 00:00:00-05:00,30.030000686645508,30.670000076293945,29.979999542236328,30.1200008392334,27.114879608154297,11393400,0.0,0.0
2021-12-29 00:00:00-05:00,30.1200008392334,30.459999084472656,29.59000015258789,29.989999771118164,26.997848510742188,13096800,0.0,0.0
2021-12-30 00:00:00-05:00,29.920000076293945,31.520000457763672,29.84000015258789,31.1200008392334,28.015104293823242,12386300,0.0,0.0
2021-12-31 00:00:00-05:00,31.149999618530273,31.25,30.1200008392334,30.18000030517578,27.16888999938965,14554500,0.0,0.0
2022-01-03 00:00:00-05:00,30.6200008392334,32.790000915527344,30.579999923706055,32.2400016784668,29.023361206054688,19555600,0.0,0.0
2022-01-04 00:00:00-05:00,32.630001068115234,33.4900016784668,32.33000183105469,33.04999923706055,29.752548217773438,20568400,0.0,0.0
2022-01-05 00:00:00-05:00,33.45000076293945,34.09000015258789,32.560001373291016,32.720001220703125,29.455469131469727,18118900,0.0,0.0
2022-01-06 00:00:00-05:00,33.20000076293945,33.34000015258789,32.15999984741211,32.720001220703125,29.455469131469727,11555100,0.0,0.0
2022-01-07 00:00:00-05:00,33.349998474121094,35.720001220703125,33.08000183105469,35.38999938964844,31.859085083007812,27736100,0.0,0.0
2022-01-10 00:00:00-05:00,36.54999923706055,36.68000030517578,34.33000183105469,34.90999984741211,31.42696762084961,21648300,0.0,0.0
2022-01-11 00:00:00-05:00,34.90999984741211,35.33000183105469,34.47999954223633,34.959999084472656,31.471973419189453,9730600,0.0,0.0
2022-01-12 00:00:00-05:00,35.189998626708984,35.58000183105469,34.7400016784668,34.970001220703125,31.480985641479492,8473900,0.0,0.0
2022-01-13 00:00:00-05:00,35.91999816894531,36.849998474121094,35.31999969482422,36.189998626708984,32.579261779785156,15606600,0.0,0.0
2022-01-14 00:00:00-05:00,35.900001525878906,36.880001068115234,35.40999984741211,36.81999969482422,33.14640426635742,10259000,0.0,0.0
2022-01-18 00:00:00-05:00,36.4900016784668,37.400001525878906,34.79999923706055,35.209999084472656,31.697032928466797,20056700,0.0,0.0
2022-01-19 00:00:00-05:00,35.599998474121094,36.61000061035156,34.7599983215332,35.06999969482422,31.571002960205078,18207400,0.0,0.0
2022-01-20 00:00:00-05:00,35.0099983215332,35.560001373291016,33.66999816894531,33.72999954223633,30.364700317382812,15664500,0.0,0.0
2022-01-21 00:00:00-05:00,32.70000076293945,32.81999969482422,31.1299991607666,31.25,28.132131576538086,21435800,0.0,0.0
2022-01-24 00:00:00-05:00,30.469999313354492,32.58000183105469,29.829999923706055,32.54999923706055,29.302427291870117,18787300,0.0,0.0
2022-01-25 00:00:00-05:00,32.209999084472656,33.150001525878906,31.190000534057617,32.86000061035156,29.581497192382812,11808800,0.0,0.0
2022-01-26 00:00:00-05:00,33.150001525878906,33.310001373291016,31.200000762939453,31.670000076293945,28.51022720336914,15505200,0.0,0.0
2022-01-27 00:00:00-05:00,32.11000061035156,32.41999816894531,31.239999771118164,31.40999984741211,28.27617073059082,14309800,0.0,0.0
2022-01-28 00:00:00-05:00,31.420000076293945,33.060001373291016,31.010000228881836,32.970001220703125,29.68052864074707,14852900,0.0,0.0
2022-01-31 00:00:00-05:00,32.689998626708984,33.849998474121094,32.189998626708984,33.45000076293945,30.11263084411621,10162300,0.0,0.0
2022-02-01 00:00:00-05:00,33.099998474121094,34.2400016784668,32.779998779296875,33.70000076293945,30.337692260742188,8991500,0.0,0.0
2022-02-02 00:00:00-05:00,33.529998779296875,33.54999923706055,32.66999816894531,32.77000045776367,29.500484466552734,10144600,0.0,0.0
2022-02-03 00:00:00-05:00,32.5,34.08000183105469,32.349998474121094,33.099998474121094,29.79755210876465,9594900,0.0,0.0
2022-02-04 00:00:00-05:00,33.130001068115234,33.790000915527344,32.66999816894531,33.40999984741211,30.076629638671875,8516300,0.0,0.0
2022-02-07 00:00:00-05:00,33.529998779296875,34.380001068115234,33.5,34.0,30.60776138305664,8546300,0.0,0.0
2022-02-08 00:00:00-05:00,34.02000045776367,34.79999923706055,33.650001525878906,34.529998779296875,31.084877014160156,9715300,0.0,0.0
2022-02-09 00:00:00-05:00,34.79999923706055,35.869998931884766,34.439998626708984,35.779998779296875,32.21016311645508,10466300,0.0,0.0
2022-02-10 00:00:00-05:00,35.5099983215332,36.689998626708984,35.279998779296875,35.880001068115234,32.300193786621094,11436200,0.0,0.0
2022-02-11 00:00:00-05:00,35.810001373291016,36.83000183105469,35.599998474121094,36.0,32.40821838378906,10450100,0.0,0.0
2022-02-14 00:00:00-05:00,35.900001525878906,36.38999938964844,34.88999938964844,35.029998779296875,31.534996032714844,10548200,0.0,0.0
2022-02-15 00:00:00-05:00,35.0,36.029998779296875,34.75,35.9900016784668,32.39921188354492,13294700,0.0,0.0
2022-02-16 00:00:00-05:00,30.239999771118164,30.329999923706055,27.84000015258789,29.579999923706055,26.628753662109375,87606200,0.0,0.0
2022-02-17 00:00:00-05:00,29.510000228881836,30.450000762939453,29.100000381469727,29.350000381469727,26.421701431274414,12100500,0.0,0.0
2022-02-18 00:00:00-05:00,29.0,29.639999389648438,27.6200008392334,28.3799991607666,25.548479080200195,17020000,0.0,0.0
2022-02-22 00:00:00-05:00,28.1200008392334,29.139999389648438,27.75,27.850000381469727,25.07135581970215,13261100,0.0,0.0
2022-02-23 00:00:00-05:00,28.06999969482422,28.93000030517578,27.799999237060547,28.399999618530273,25.566482543945312,14566900,0.0,0.0
2022-02-24 00:00:00-05:00,27.350000381469727,29.06999969482422,27.25,29.049999237060547,26.15163230895996,13670600,0.0,0.0
2022-02-25 00:00:00-05:00,29.100000381469727,29.68000030517578,28.3799991607666,29.559999465942383,26.610748291015625,9130000,0.0,0.0
2022-02-28 00:00:00-05:00,28.81999969482422,30.899999618530273,28.81999969482422,30.610000610351562,27.55599021911621,23784100,0.0,0.0
2022-03-01 00:00:00-05:00,30.600000381469727,33.040000915527344,30.420000076293945,32.2599983215332,29.041362762451172,21537700,0.0,0.0
2022-03-02 00:00:00-05:00,32.540000915527344,35.7400016784668,32.5,35.2400016784668,31.72404670715332,30575500,0.0,0.0
2022-03-03 00:00:00-05:00,34.75,35.529998779296875,34.45000076293945,35.439998626708984,31.904081344604492,15983400,0.0,0.0
2022-03-04 00:00:00-05:00,34.939998626708984,35.59000015258789,33.66999816894531,34.06999969482422,30.670778274536133,17458900,0.0,0.0
2022-03-07 00:00:00-05:00,33.72999954223633,34.16999816894531,33.16999816894531,33.52000045776367,30.175647735595703,14670000,0.0,0.0
2022-03-08 00:00:00-05:00,33.4900016784668,35.40999984741211,33.400001525878906,33.75,30.38270378112793,12438500,0.0,0.0
2022-03-09 00:00:00-05:00,34.91999816894531,35.130001068115234,33.58000183105469,33.7400016784668,30.37370491027832,8303800,0.0,0.0
2022-03-10 00:00:00-05:00,33.45000076293945,33.939998626708984,32.54999923706055,33.22999954223633,29.914592742919922,10428900,0.0,0.0
2022-03-11 00:00:00-05:00,33.56999969482422,33.66999816894531,32.4900016784668,32.619998931884766,29.365442276000977,6783900,0.0,0.0
2022-03-14 00:00:00-04:00,33.02000045776367,36.470001220703125,32.849998474121094,35.77000045776367,32.43983459472656,25229200,0.24,0.0
2022-03-15 00:00:00-04:00,35.5,36.15999984741211,34.459999084472656,35.209999084472656,31.931976318359375,13143100,0.0,0.0
2022-03-16 00:00:00-04:00,35.290000915527344,36.290000915527344,35.25,36.25,32.875160217285156,10120500,0.0,0.0
2022-03-17 00:00:00-04:00,35.86000061035156,36.939998626708984,35.68000030517578,36.869998931884766,33.43742370605469,9887800,0.0,0.0
2022-03-18 00:00:00-04:00,36.91999816894531,37.2599983215332,35.9900016784668,37.09000015258789,33.63695526123047,26711400,0.0,0.0
2022-03-21 00:00:00-04:00,37.06999969482422,37.7400016784668,35.84000015258789,36.400001525878906,33.01118850708008,9914000,0.0,0.0
2022-03-22 00:00:00-04:00,36.599998474121094,38.4900016784668,36.40999984741211,37.43000030517578,33.94529342651367,15019400,0.0,0.0
2022-03-23 00:00:00-04:00,37.22999954223633,38.459999084472656,37.15999984741211,37.619998931884766,34.117610931396484,8950100,0.0,0.0
2022-03-24 00:00:00-04:00,37.720001220703125,37.970001220703125,37.34000015258789,37.88999938964844,34.362464904785156,5347500,0.0,0.0
2022-03-25 00:00:00-04:00,37.7599983215332,38.70000076293945,37.66999816894531,38.47999954223633,34.89754104614258,7591800,0.0,0.0
2022-03-28 00:00:00-04:00,38.41999816894531,39.209999084472656,36.9900016784668,37.599998474121094,34.09946823120117,9030100,0.0,0.0
2022-03-29 00:00:00-04:00,37.93000030517578,38.2599983215332,37.58000183105469,38.18000030517578,34.62547302246094,6210200,0.0,0.0
2022-03-30 00:00:00-04:00,37.88999938964844,38.54999923706055,37.84000015258789,38.099998474121094,34.55291748046875,4589500,0.0,0.0
2022-03-31 00:00:00-04:00,37.77000045776367,38.189998626708984,37.560001373291016,37.810001373291016,34.289913177490234,7264200,0.0,0.0
2022-04-01 00:00:00-04:00,37.91999816894531,38.15999984741211,36.810001373291016,37.400001525878906,33.918094635009766,7748400,0.0,0.0
2022-04-04 00:00:00-04:00,37.38999938964844,37.81999969482422,36.279998779296875,37.720001220703125,34.20830154418945,8486100,0.0,0.0
2022-04-05 00:00:00-04:00,37.65999984741211,38.040000915527344,36.709999084472656,36.84000015258789,33.41022491455078,6770000,0.0,0.0
2022-04-06 00:00:00-04:00,36.369998931884766,36.66999816894531,35.38999938964844,35.849998474121094,32.512393951416016,10361600,0.0,0.0
2022-04-07 00:00:00-04:00,35.650001525878906,35.86000061035156,34.380001068115234,35.310001373291016,32.02265930175781,10673500,0.0,0.0
2022-04-08 00:00:00-04:00,35.09000015258789,36.04999923706055,35.0099983215332,35.939998626708984,32.5940055847168,8966300,0.0,0.0
2022-04-11 00:00:00-04:00,35.790000915527344,37.0,35.779998779296875,35.90999984741211,32.566802978515625,5494300,0.0,0.0
2022-04-12 00:00:00-04:00,36.11000061035156,36.869998931884766,35.88999938964844,36.060001373291016,32.70284652709961,5670600,0.0,0.0
2022-04-13 00:00:00-04:00,35.95000076293945,36.43000030517578,35.79999923706055,36.2400016784668,32.8660774230957,4497900,0.0,0.0
2022-04-14 00:00:00-04:00,36.349998474121094,36.97999954223633,36.02000045776367,36.40999984741211,33.020259857177734,3950800,0.0,0.0
2022-04-18 00:00:00-04:00,36.36000061035156,36.529998779296875,35.66999816894531,35.970001220703125,32.6212158203125,4182200,0.0,0.0
2022-04-19 00:00:00-04:00,35.900001525878906,36.5099983215332,35.77000045776367,36.279998779296875,32.902366638183594,5788100,0.0,0.0
2022-04-20 00:00:00-04:00,34.459999084472656,34.560001373291016,31.829999923706055,33.15999984741211,30.072832107543945,20866000,0.0,0.0
2022-04-21 00:00:00-04:00,33.61000061035156,33.900001525878906,31.889999389648438,32.310001373291016,29.301963806152344,8322900,0.0,0.0
2022-04-22 00:00:00-04:00,32.150001525878906,32.459999084472656,30.719999313354492,31.040000915527344,28.150205612182617,9089800,0.0,0.0
2022-04-25 00:00:00-04:00,30.540000915527344,31.43000030517578,30.350000381469727,31.200000762939453,28.29530143737793,7009500,0.0,0.0
2022-04-26 00:00:00-04:00,30.719999313354492,31.079999923706055,29.350000381469727,29.3700008392334,26.635677337646484,8956400,0.0,0.0
2022-04-27 00:00:00-04:00,29.270000457763672,29.639999389648438,28.579999923706055,28.93000030517578,26.23664093017578,7891100,0.0,0.0
2022-04-28 00:00:00-04:00,29.18000030517578,29.280000686645508,28.079999923706055,29.049999237060547,26.34546661376953,6742100,0.0,0.0
2022-04-29 00:00:00-04:00,28.989999771118164,29.790000915527344,28.959999084472656,29.1200008392334,26.40894889831543,7523000,0.0,0.0
2022-05-02 00:00:00-04:00,29.139999389648438,30.729999542236328,29.09000015258789,30.270000457763672,27.45188331604004,12111200,0.0,0.0
2022-05-03 00:00:00-04:00,28.510000228881836,30.049999237060547,27.579999923706055,29.8799991607666,27.098188400268555,18703000,0.0,0.0
2022-05-04 00:00:00-04:00,29.770000457763672,30.31999969482422,28.700000762939453,30.18000030517578,27.370264053344727,13527200,0.0,0.0
2022-05-05 00:00:00-04:00,29.850000381469727,30.670000076293945,29.280000686645508,29.719999313354492,26.953088760375977,10597700,0.0,0.0
2022-05-06 00:00:00-04:00,29.5,29.5,27.59000015258789,27.90999984741211,25.31159782409668,11249300,0.0,0.0
2022-05-09 00:00:00-04:00,27.239999771118164,27.739999771118164,26.739999771118164,27.440000534057617,24.885360717773438,9804200,0.0,0.0
2022-05-10 00:00:00-04:00,27.700000762939453,28.139999389648438,27.1200008392334,27.420000076293945,24.867216110229492,8890300,0.0,0.0
2022-05-11 00:00:00-04:00,27.350000381469727,27.860000610351562,26.6299991607666,26.690000534057617,24.205183029174805,7066800,0.0,0.0
2022-05-12 00:00:00-04:00,26.530000686645508,27.81999969482422,26.110000610351562,27.1200008392334,24.595151901245117,11178700,0.0,0.0
2022-05-13 00:00:00-04:00,27.639999389648438,28.420000076293945,27.399999618530273,28.350000381469727,25.71063804626465,7768500,0.0,0.0
2022-05-16 00:00:00-04:00,28.469999313354492,28.729999542236328,27.760000228881836,28.020000457763672,25.411361694335938,7932500,0.0,0.0
2022-05-17 00:00:00-04:00,30.84000015258789,32.61000061035156,30.459999084472656,32.31999969482422,29.311038970947266,27198900,0.0,0.0
2022-05-18 00:00:00-04:00,31.8700008392334,33.38999938964844,31.489999771118164,31.549999237060547,28.612722396850586,13586400,0.0,0.0
2022-05-19 00:00:00-04:00,31.420000076293945,32.849998474121094,31.389999389648438,32.220001220703125,29.22034454345703,10148600,0.0,0.0
2022-05-20 00:00:00-04:00,32.4900016784668,32.79999923706055,31.3700008392334,32.63999938964844,29.601242065429688,9845700,0.0,0.0
2022-05-23 00:00:00-04:00,32.86000061035156,33.59000015258789,32.220001220703125,33.09000015258789,30.00934600830078,8864300,0.0,0.0
2022-05-24 00:00:00-04:00,32.22999954223633,32.470001220703125,31.059999465942383,31.799999237060547,28.839445114135742,7081200,0.0,0.0
2022-05-25 00:00:00-04:00,31.950000762939453,32.709999084472656,31.809999465942383,32.349998474121094,29.338241577148438,10647900,0.0,0.0
2022-05-26 00:00:00-04:00,32.43000030517578,33.029998779296875,32.22999954223633,32.400001525878906,29.383583068847656,6418200,0.0,0.0
2022-05-27 00:00:00-04:00,32.70000076293945,33.959999084472656,32.459999084472656,33.90999984741211,30.753002166748047,9179100,0.0,0.0
2022-05-31 00:00:00-04:00,34.060001373291016,34.5,33.38999938964844,34.33000183105469,31.13390350341797,13664700,0.0,0.0
2022-06-01 00:00:00-04:00,34.470001220703125,34.5,31.709999084472656,32.349998474121094,29.338241577148438,12810000,0.0,0.0
2022-06-02 00:00:00-04:00,31.450000762939453,31.520000457763672,30.389999389648438,31.43000030517578,28.503896713256836,19731900,0.0,0.0
2022-06-03 00:00:00-04:00,31.209999084472656,31.559999465942383,30.489999771118164,30.799999237060547,27.932540893554688,8669800,0.0,0.0
2022-06-06 00:00:00-04:00,30.81999969482422,31.06999969482422,30.34000015258789,30.420000076293945,27.587919235229492,6316500,0.0,0.0
2022-06-07 00:00:00-04:00,30.34000015258789,30.6299991607666,29.899999618530273,30.559999465942383,27.714885711669922,5179000,0.0,0.0
2022-06-08 00:00:00-04:00,30.399999618530273,31.06999969482422,30.299999237060547,30.739999771118164,27.878129959106445,4649600,0.0,0.0
2022-06-09 00:00:00-04:00,30.600000381469727,30.649999618530273,29.110000610351562,29.149999618530273,26.436155319213867,6872100,0.0,0.0
2022-06-10 00:00:00-04:00,28.719999313354492,28.979999542236328,28.010000228881836,28.09000015258789,25.474843978881836,10028800,0.0,0.0
2022-06-13 00:00:00-04:00,27.5,27.5,25.520000457763672,25.809999465942383,23.407108306884766,19415400,0.0,0.0
2022-06-14 00:00:00-04:00,25.84000015258789,26.079999923706055,25.170000076293945,25.40999984741211,23.260643005371094,13727100,0.24,0.0
2022-06-15 00:00:00-04:00,25.65999984741211,26.1299991607666,25.229999542236328,25.649999618530273,23.480342864990234,9804300,0.0,0.0
2022-06-16 00:00:00-04:00,25.200000762939453,25.43000030517578,23.690000534057617,24.25,22.198762893676758,14417200,0.0,0.0
2022-06-17 00:00:00-04:00,24.25,25.0,24.040000915527344,24.559999465942383,22.482540130615234,14331300,0.0,0.0
2022-06-21 00:00:00-04:00,25.290000915527344,25.389999389648438,24.459999084472656,24.600000381469727,22.51915740966797,10581800,0.0,0.0
2022-06-22 00:00:00-04:00,24.280000686645508,24.739999771118164,24.15999984741211,24.440000534057617,22.372695922851562,6624400,0.0,0.0
2022-06-23 00:00:00-04:00,24.440000534057617,24.56999969482422,24.030000686645508,24.520000457763672,22.44593048095703,5325000,0.0,0.0
2022-06-24 00:00:00-04:00,24.649999618530273,25.8799991607666,24.610000610351562,25.760000228881836,23.581037521362305,7962300,0.0,0.0
2022-06-27 00:00:00-04:00,25.959999084472656,26.190000534057617,25.5,25.979999542236328,23.782428741455078,5007100,0.0,0.0
2022-06-28 00:00:00-04:00,26.030000686645508,26.600000381469727,25.520000457763672,25.559999465942383,23.3979549407959,4538200,0.0,0.0
2022-06-29 00:00:00-04:00,25.579999923706055,25.6299991607666,24.6200008392334,25.079999923706055,22.95855712890625,5194600,0.0,0.0
2022-06-30 00:00:00-04:00,24.700000762939453,25.149999618530273,24.290000915527344,24.68000030517578,22.592390060424805,6891400,0.0,0.0
2022-07-01 00:00:00-04:00,24.780000686645508,25.350000381469727,24.59000015258789,25.209999084472656,23.077558517456055,6442000,0.0,0.0
2022-07-05 00:00:00-04:00,24.420000076293945,25.200000762939453,23.84000015258789,25.190000534057617,23.059253692626953,7952600,0.0,0.0
2022-07-06 00:00:00-04:00,25.139999389648438,25.40999984741211,24.56999969482422,25.059999465942383,22.940248489379883,5869700,0.0,0.0
2022-07-07 00:00:00-04:00,25.31999969482422,26.049999237060547,25.31999969482422,25.899999618530273,23.709196090698242,5666700,0.0,0.0
2022-07-08 00:00:00-04:00,25.81999969482422,26.0,25.309999465942383,25.559999465942383,23.3979549407959,10021500,0.0,0.0
2022-07-11 00:00:00-04:00,25.079999923706055,25.309999465942383,24.110000610351562,24.170000076293945,22.125532150268555,10025000,0.0,0.0
2022-07-12 00:00:00-04:00,24.010000228881836,25.399999618530273,24.010000228881836,25.09000015258789,22.967710494995117,7581900,0.0,0.0
2022-07-13 00:00:00-04:00,24.690000534057617,25.15999984741211,24.260000228881836,25.020000457763672,22.90363311767578,4768700,0.0,0.0
2022-07-14 00:00:00-04:00,24.56999969482422,24.56999969482422,23.8700008392334,24.1200008392334,22.079763412475586,6283700,0.0,0.0
2022-07-15 00:00:00-04:00,24.510000228881836,25.020000457763672,24.290000915527344,25.0,22.88532257080078,6640700,0.0,0.0
2022-07-18 00:00:00-04:00,24.68000030517578,25.18000030517578,23.68000030517578,24.520000457763672,22.44593048095703,11639300,0.0,0.0
2022-07-19 00:00:00-04:00,24.989999771118164,25.530000686645508,24.530000686645508,25.049999237060547,22.931093215942383,9739400,0.0,0.0
2022-07-20 00:00:00-04:00,25.329999923706055,26.139999389648438,25.229999542236328,26.010000228881836,23.809892654418945,10033600,0.0,0.0
2022-07-21 00:00:00-04:00,25.700000762939453,26.059999465942383,25.43000030517578,26.020000457763672,23.819047927856445,6386200,0.0,0.0
2022-07-22 00:00:00-04:00,25.469999313354492,25.90999984741211,24.90999984741211,25.270000457763672,23.132488250732422,7962500,0.0,0.0
2022-07-25 00:00:00-04:00,25.459999084472656,25.829999923706055,25.200000762939453,25.34000015258789,23.196563720703125,6291800,0.0,0.0
2022-07-26 00:00:00-04:00,24.200000762939453,24.600000381469727,23.860000610351562,24.139999389648438,22.09807014465332,9745800,0.0,0.0
2022-07-27 00:00:00-04:00,24.309999465942383,24.68000030517578,24.110000610351562,24.530000686645508,22.455081939697266,6505000,0.0,0.0
2022-07-28 00:00:00-04:00,24.260000228881836,24.5,23.59000015258789,24.350000381469727,22.290307998657227,9365100,0.0,0.0
2022-07-29 00:00:00-04:00,24.110000610351562,24.110000610351562,23.360000610351562,23.649999618530273,21.649513244628906,15451700,0.0,0.0
2022-08-01 00:00:00-04:00,23.59000015258789,24.209999084472656,23.149999618530273,24.149999618530273,22.107219696044922,6976600,0.0,0.0
2022-08-02 00:00:00-04:00,23.959999084472656,25.139999389648438,23.8700008392334,24.469999313354492,22.40015411376953,6494400,0.0,0.0
2022-08-03 00:00:00-04:00,24.690000534057617,25.40999984741211,24.479999542236328,25.040000915527344,22.92194366455078,10863100,0.0,0.0
2022-08-04 00:00:00-04:00,23.899999618530273,25.889999389648438,23.610000610351562,25.309999465942383,23.16910171508789,14790000,0.0,0.0
2022-08-05 00:00:00-04:00,24.110000610351562,24.350000381469727,23.549999237060547,24.260000228881836,22.207918167114258,14571200,0.0,0.0
2022-08-08 00:00:00-04:00,24.489999771118164,25.8799991607666,24.489999771118164,25.209999084472656,23.077558517456055,11387500,0.0,0.0
2022-08-09 00:00:00-04:00,25.239999771118164,25.739999771118164,24.510000228881836,24.690000534057617,22.601547241210938,11436500,0.0,0.0
2022-08-10 00:00:00-04:00,25.309999465942383,25.59000015258789,24.979999542236328,25.09000015258789,22.967710494995117,6785100,0.0,0.0
2022-08-11 00:00:00-04:00,25.450000762939453,26.709999084472656,25.40999984741211,25.799999237060547,23.617652893066406,9007100,0.0,0.0
2022-08-12 00:00:00-04:00,26.170000076293945,26.25,25.5,26.190000534057617,23.974666595458984,5761400,0.0,0.0
2022-08-15 00:00:00-04:00,25.969999313354492,27.3799991607666,25.850000381469727,26.559999465942383,24.31336784362793,12383700,0.0,0.0
2022-08-16 00:00:00-04:00,26.670000076293945,27.489999771118164,26.3700008392334,27.200000762939453,24.899232864379883,11285700,0.0,0.0
2022-08-17 00:00:00-04:00,26.899999618530273,27.0,26.239999771118164,26.299999237060547,24.075361251831055,7213200,0.0,0.0
2022-08-18 00:00:00-04:00,26.459999084472656,26.559999465942383,25.6299991607666,25.969999313354492,23.773271560668945,7053100,0.0,0.0
2022-08-19 00:00:00-04:00,25.670000076293945,26.190000534057617,25.489999771118164,25.899999618530273,23.709196090698242,8227400,0.0,0.0
2022-08-22 00:00:00-04:00,25.530000686645508,25.549999237060547,24.520000457763672,24.559999465942383,22.482540130615234,13121400,0.0,0.0
2022-08-23 00:00:00-04:00,24.6299991607666,24.889999389648438,24.40999984741211,24.5,22.4276180267334,8362700,0.0,0.0
2022-08-24 00:00:00-04:00,24.5,25.280000686645508,24.40999984741211,25.010000228881836,22.894481658935547,6255900,0.0,0.0
2022-08-25 00:00:00-04:00,25.06999969482422,25.950000762939453,25.059999465942383,25.940000534057617,23.74581527709961,5789400,0.0,0.0
2022-08-26 00:00:00-04:00,25.8799991607666,26.139999389648438,24.899999618530273,24.899999618530273,22.793781280517578,12397100,0.0,0.0
2022-08-29 00:00:00-04:00,24.709999084472656,24.950000762939453,24.31999969482422,24.34000015258789,22.281152725219727,6339300,0.0,0.0
2022-08-30 00:00:00-04:00,24.530000686645508,24.6299991607666,23.15999984741211,24.059999465942383,22.02483367919922,12212100,0.0,0.0
2022-08-31 00:00:00-04:00,24.139999389648438,24.25,23.3700008392334,23.389999389648438,21.411510467529297,9959800,0.0,0.0
2022-09-01 00:00:00-04:00,23.299999237060547,23.489999771118164,22.93000030517578,23.459999084472656,21.4755859375,9014800,0.0,0.0
2022-09-02 00:00:00-04:00,23.739999771118164,23.790000915527344,22.940000534057617,23.1200008392334,21.164348602294922,10100400,0.0,0.0
2022-09-06 00:00:00-04:00,23.139999389648438,23.200000762939453,22.18000030517578,22.899999618530273,20.96295738220215,16381600,0.0,0.0
2022-09-07 00:00:00-04:00,22.65999984741211,23.190000534057617,22.610000610351562,22.959999084472656,21.017881393432617,9966400,0.0,0.0
2022-09-08 00:00:00-04:00,22.700000762939453,22.899999618530273,22.34000015258789,22.709999084472656,20.789024353027344,10065200,0.0,0.0
2022-09-09 00:00:00-04:00,22.940000534057617,23.68000030517578,22.780000686645508,23.65999984741211,21.65867042541504,9158000,0.0,0.0
2022-09-12 00:00:00-04:00,23.93000030517578,24.329999923706055,23.8799991607666,24.260000228881836,22.207918167114258,7972300,0.0,0.0
2022-09-13 00:00:00-04:00,23.389999389648438,23.56999969482422,22.450000762939453,22.530000686645508,20.624258041381836,13391200,0.0,0.0
2022-09-14 00:00:00-04:00,22.360000610351562,22.3700008392334,21.31999969482422,21.920000076293945,20.281904220581055,14941100,0.24,0.0
2022-09-15 00:00:00-04:00,21.850000381469727,23.399999618530273,21.850000381469727,23.049999237060547,21.32745933532715,14745200,0.0,0.0
2022-09-16 00:00:00-04:00,22.940000534057617,23.270000457763672,22.420000076293945,22.729999542236328,21.0313720703125,31555800,0.0,0.0
2022-09-19 00:00:00-04:00,22.75,23.139999389648438,22.540000915527344,23.100000381469727,21.373722076416016,6730000,0.0,0.0
2022-09-20 00:00:00-04:00,22.860000610351562,23.010000228881836,22.440000534057617,22.610000610351562,20.92034149169922,7830800,0.0,0.0
2022-09-21 00:00:00-04:00,22.65999984741211,22.700000762939453,21.389999389648438,21.399999618530273,19.80076026916504,8761200,0.0,0.0
2022-09-22 00:00:00-04:00,21.510000228881836,21.690000534057617,20.850000381469727,20.8700008392334,19.310375213623047,9425900,0.0,0.0
2022-09-23 00:00:00-04:00,20.260000228881836,20.5,19.8700008392334,20.170000076293945,18.66268539428711,14644900,0.0,0.0
2022-09-26 00:00:00-04:00,20.040000915527344,20.450000762939453,19.639999389648438,19.65999984741211,18.190793991088867,12885000,0.0,0.0
2022-09-27 00:00:00-04:00,20.020000457763672,20.360000610351562,19.270000457763672,19.399999618530273,17.95022964477539,9752500,0.0,0.0
2022-09-28 00:00:00-04:00,19.360000610351562,19.969999313354492,19.260000228881836,19.829999923706055,18.34808921813965,7789800,0.0,0.0
2022-09-29 00:00:00-04:00,19.56999969482422,19.690000534057617,18.799999237060547,18.950000762939453,17.53385353088379,12029000,0.0,0.0
2022-09-30 00:00:00-04:00,18.959999084472656,19.739999771118164,18.950000762939453,19.040000915527344,17.617128372192383,9136300,0.0,0.0
2022-10-03 00:00:00-04:00,19.3700008392334,19.770000457763672,18.920000076293945,19.6200008392334,18.153785705566406,8446900,0.0,0.0
2022-10-04 00:00:00-04:00,19.639999389648438,20.079999923706055,19.40999984741211,20.06999969482422,18.57015609741211,10613700,0.0,0.0
2022-10-05 00:00:00-04:00,19.670000076293945,19.709999084472656,18.90999984741211,19.56999969482422,18.107521057128906,11594800,0.0,0.0
2022-10-06 00:00:00-04:00,19.549999237060547,19.700000762939453,18.899999618530273,19.1299991607666,17.700403213500977,10672300,0.0,0.0
2022-10-07 00:00:00-04:00,18.899999618530273,19.1299991607666,18.489999771118164,18.649999618530273,17.25627326965332,9161200,0.0,0.0
2022-10-10 00:00:00-04:00,18.75,18.920000076293945,18.399999618530273,18.559999465942383,17.172996520996094,6246900,0.0,0.0
2022-10-11 00:00:00-04:00,18.399999618530273,18.690000534057617,18.0,18.239999771118164,16.87691307067871,8786400,0.0,0.0
2022-10-12 00:00:00-04:00,18.1200008392334,18.65999984741211,17.93000030517578,18.540000915527344,17.15449333190918,6771200,0.0,0.0
2022-10-13 00:00:00-04:00,18.299999237060547,19.260000228881836,17.979999542236328,19.149999618530273,17.718908309936523,9972800,0.0,0.0
2022-10-14 00:00:00-04:00,19.3799991607666,19.440000534057617,18.729999542236328,18.770000457763672,17.367305755615234,5577000,0.0,0.0
2022-10-17 00:00:00-04:00,19.15999984741211,19.6299991607666,18.950000762939453,19.290000915527344,17.848445892333984,9154000,0.0,0.0
2022-10-18 00:00:00-04:00,19.739999771118164,19.850000381469727,19.40999984741211,19.59000015258789,18.12602996826172,7659400,0.0,0.0
2022-10-19 00:00:00-04:00,19.8700008392334,20.09000015258789,19.010000228881836,19.079999923706055,17.65414047241211,7266600,0.0,0.0
2022-10-20 00:00:00-04:00,19.030000686645508,19.579999923706055,18.979999542236328,19.110000610351562,17.681900024414062,5938700,0.0,0.0
2022-10-21 00:00:00-04:00,19.079999923706055,19.3799991607666,18.799999237060547,19.219999313354492,17.783679962158203,9725000,0.0,0.0
2022-10-24 00:00:00-04:00,19.200000762939453,19.360000610351562,18.799999237060547,19.09000015258789,17.663393020629883,6977900,0.0,0.0
2022-10-25 00:00:00-04:00,19.1299991607666,19.729999542236328,19.1299991607666,19.670000076293945,18.200050354003906,6681400,0.0,0.0
2022-10-26 00:00:00-04:00,19.610000610351562,20.079999923706055,19.299999237060547,19.34000015258789,17.894712448120117,8154700,0.0,0.0
2022-10-27 00:00:00-04:00,19.280000686645508,19.389999389648438,18.360000610351562,18.399999618530273,17.024953842163086,12711200,0.0,0.0
2022-10-28 00:00:00-04:00,18.520000457763672,19.049999237060547,18.389999389648438,19.020000457763672,17.59862518310547,8907300,0.0,0.0
2022-10-31 00:00:00-04:00,18.440000534057617,18.700000762939453,17.90999984741211,18.31999969482422,16.950937271118164,16357100,0.0,0.0
2022-11-01 00:00:00-04:00,18.690000534057617,19.600000381469727,18.690000534057617,19.170000076293945,17.737415313720703,14504100,0.0,0.0
2022-11-02 00:00:00-04:00,16.979999542236328,17.889999389648438,16.760000228881836,16.790000915527344,15.53527545928955,34636100,0.0,0.0
2022-11-03 00:00:00-04:00,16.799999237060547,16.81999969482422,15.720000267028809,16.209999084472656,14.998615264892578,20763900,0.0,0.0
2022-11-04 00:00:00-04:00,16.479999542236328,16.540000915527344,15.289999961853027,15.569999694824219,14.40644359588623,16457700,0.0,0.0
2022-11-07 00:00:00-05:00,15.770000457763672,16.399999618530273,15.539999961853027,16.3700008392334,15.146660804748535,14246800,0.0,0.0
2022-11-08 00:00:00-05:00,16.399999618530273,17.299999237060547,16.299999237060547,16.579999923706055,15.340967178344727,14945000,0.0,0.0
2022-11-09 00:00:00-05:00,16.18000030517578,16.290000915527344,15.510000228881836,15.529999732971191,14.369434356689453,14495900,0.0,0.0
2022-11-10 00:00:00-05:00,16.280000686645508,17.15999984741211,16.0,16.56999969482422,15.33171272277832,18009100,0.0,0.0
2022-11-11 00:00:00-05:00,16.649999618530273,19.299999237060547,16.450000762939453,18.809999465942383,17.404315948486328,29935200,0.0,0.0
2022-11-14 00:00:00-05:00,18.56999969482422,19.110000610351562,18.450000762939453,18.489999771118164,17.108234405517578,14656800,0.0,0.0
2022-11-15 00:00:00-05:00,19.809999465942383,20.5,19.170000076293945,19.440000534057617,17.98723793029785,30421400,0.0,0.0
2022-11-16 00:00:00-05:00,19.290000915527344,19.290000915527344,17.850000381469727,18.139999389648438,16.784387588500977,19353300,0.0,0.0
2022-11-17 00:00:00-05:00,17.799999237060547,18.450000762939453,17.260000228881836,18.40999984741211,17.034212112426758,12968200,0.0,0.0
2022-11-18 00:00:00-05:00,18.770000457763672,19.010000228881836,18.469999313354492,18.65999984741211,17.265525817871094,10379800,0.0,0.0
2022-11-21 00:00:00-05:00,18.65999984741211,18.850000381469727,18.229999542236328,18.520000457763672,17.135986328125,8575300,0.0,0.0
2022-11-22 00:00:00-05:00,18.579999923706055,19.190000534057617,18.420000076293945,19.139999389648438,17.709651947021484,11642100,0.0,0.0
2022-11-23 00:00:00-05:00,19.110000610351562,19.809999465942383,19.110000610351562,19.65999984741211,18.190793991088867,8468600,0.0,0.0
2022-11-25 00:00:00-05:00,19.600000381469727,20.049999237060547,19.540000915527344,19.90999984741211,18.422115325927734,4850300,0.0,0.0
2022-11-28 00:00:00-05:00,19.68000030517578,19.829999923706055,19.100000381469727,19.239999771118164,17.802183151245117,7794400,0.0,0.0
2022-11-29 00:00:00-05:00,19.3799991607666,19.8700008392334,19.280000686645508,19.75,18.27406883239746,8143900,0.0,0.0
2022-11-30 00:00:00-05:00,19.75,20.1200008392334,19.18000030517578,20.079999923706055,18.57940673828125,11839600,0.0,0.0
2022-12-01 00:00:00-05:00,20.010000228881836,20.450000762939453,19.649999618530273,20.170000076293945,18.66268539428711,10115200,0.0,0.0
2022-12-02 00:00:00-05:00,19.969999313354492,20.489999771118164,19.719999313354492,20.3799991607666,18.856992721557617,7513400,0.0,0.0
2022-12-05 00:00:00-05:00,20.350000381469727,20.3700008392334,19.329999923706055,19.510000228881836,18.0520076751709,11282500,0.0,0.0
2022-12-06 00:00:00-05:00,19.459999084472656,19.760000228881836,17.600000381469727,18.149999618530273,16.793638229370117,21050800,0.0,0.0
2022-12-07 00:00:00-05:00,18.0,18.329999923706055,17.489999771118164,18.010000228881836,16.664104461669922,10483800,0.0,0.0
2022-12-08 00:00:00-05:00,18.079999923706055,18.350000381469727,17.799999237060547,18.100000381469727,16.747377395629883,11494600,0.0,0.0
2022-12-09 00:00:00-05:00,18.18000030517578,19.309999465942383,18.020000457763672,19.020000457763672,17.59862518310547,13049400,0.0,0.0
2022-12-12 00:00:00-05:00,18.889999389648438,20.040000915527344,18.700000762939453,19.670000076293945,18.200050354003906,14828800,0.0,0.0
2022-12-13 00:00:00-05:00,20.360000610351562,20.920000076293945,19.389999389648438,19.670000076293945,18.200050354003906,16741500,0.0,0.0
2022-12-14 00:00:00-05:00,19.229999542236328,19.899999618530273,19.09000015258789,19.360000610351562,18.13448143005371,8312800,0.24,0.0
2022-12-15 00:00:00-05:00,18.989999771118164,19.110000610351562,17.6299991607666,17.65999984741211,16.542095184326172,17240400,0.0,0.0
2022-12-16 00:00:00-05:00,17.639999389648438,17.739999771118164,16.989999771118164,17.309999465942383,16.214248657226562,23845900,0.0,0.0
2022-12-19 00:00:00-05:00,17.25,17.309999465942383,16.75,16.920000076293945,15.848934173583984,11286600,0.0,0.0
2022-12-20 00:00:00-05:00,16.84000015258789,17.1299991607666,16.479999542236328,16.8799991607666,15.811467170715332,15489700,0.0,0.0
2022-12-21 00:00:00-05:00,17.059999465942383,17.34000015258789,16.809999465942383,16.8799991607666,15.811467170715332,9827000,0.0,0.0
2022-12-22 00:00:00-05:00,16.68000030517578,16.979999542236328,16.290000915527344,16.940000534057617,15.867667198181152,8433800,0.0,0.0
2022-12-23 00:00:00-05:00,16.610000610351562,16.979999542236328,16.43000030517578,16.65999984741211,15.605393409729004,9685800,0.0,0.0
2022-12-27 00:00:00-05:00,16.459999084472656,16.719999313354492,16.06999969482422,16.520000457763672,15.474258422851562,8231100,0.0,0.0
2022-12-28 00:00:00-05:00,16.360000610351562,16.6200008392334,16.079999923706055,16.110000610351562,15.090210914611816,8819200,0.0,0.0
2022-12-29 00:00:00-05:00,16.350000381469727,16.959999084472656,16.280000686645508,16.770000457763672,15.7084321975708,10443200,0.0,0.0
2022-12-30 00:00:00-05:00,16.510000228881836,16.90999984741211,16.420000076293945,16.8799991607666,15.811467170715332,9652200,0.0,0.0
2023-01-03 00:00:00-05:00,17.389999389648438,17.700000762939453,16.8700008392334,17.06999969482422,15.98944091796875,12693300,0.0,0.0
2023-01-04 00:00:00-05:00,17.399999618530273,18.549999237060547,17.139999389648438,18.5,17.32891845703125,13236100,0.0,0.0
2023-01-05 00:00:00-05:00,18.299999237060547,18.770000457763672,17.920000076293945,18.65999984741211,17.478790283203125,8568600,0.0,0.0
2023-01-06 00:00:00-05:00,18.799999237060547,19.079999923706055,18.280000686645508,19.030000686645508,17.82537078857422,8439300,0.0,0.0
2023-01-09 00:00:00-05:00,19.170000076293945,19.649999618530273,18.90999984741211,19.549999237060547,18.312450408935547,10371600,0.0,0.0
2023-01-10 00:00:00-05:00,19.420000076293945,19.959999084472656,19.309999465942383,19.889999389648438,18.630931854248047,9916200,0.0,0.0
2023-01-11 00:00:00-05:00,20.040000915527344,20.110000610351562,19.479999542236328,20.0,18.733970642089844,11009200,0.0,0.0
2023-01-12 00:00:00-05:00,20.200000762939453,20.489999771118164,19.829999923706055,20.229999542236328,18.949411392211914,8381300,0.0,0.0
2023-01-13 00:00:00-05:00,19.979999542236328,20.079999923706055,19.709999084472656,20.059999465942383,18.790170669555664,7647300,0.0,0.0
2023-01-17 00:00:00-05:00,20.049999237060547,20.860000610351562,19.8700008392334,20.639999389648438,19.33345603942871,10509800,0.0,0.0
2023-01-18 00:00:00-05:00,20.700000762939453,20.969999313354492,20.010000228881836,20.020000457763672,18.752702713012695,9207700,0.0,0.0
2023-01-19 00:00:00-05:00,19.610000610351562,19.700000762939453,19.170000076293945,19.56999969482422,18.331186294555664,9280000,0.0,0.0
2023-01-20 00:00:00-05:00,19.65999984741211,20.3799991607666,19.360000610351562,20.299999237060547,19.01497459411621,8541200,0.0,0.0
2023-01-23 00:00:00-05:00,20.3700008392334,21.280000686645508,20.350000381469727,21.15999984741211,19.820537567138672,9105200,0.0,0.0
2023-01-24 00:00:00-05:00,21.059999465942383,21.260000228881836,20.81999969482422,20.829999923706055,19.511425018310547,5835200,0.0,0.0
2023-01-25 00:00:00-05:00,20.540000915527344,22.040000915527344,20.399999618530273,21.93000030517578,20.541791915893555,12569900,0.0,0.0
2023-01-26 00:00:00-05:00,22.1299991607666,22.719999313354492,21.889999389648438,22.40999984741211,20.991411209106445,17152600,0.0,0.0
2023-01-27 00:00:00-05:00,22.350000381469727,23.290000915527344,22.200000762939453,23.06999969482422,21.609630584716797,12597300,0.0,0.0
2023-01-30 00:00:00-05:00,22.799999237060547,23.15999984741211,22.600000381469727,22.610000610351562,21.178749084472656,9024100,0.0,0.0
2023-01-31 00:00:00-05:00,22.18000030517578,23.200000762939453,21.780000686645508,23.15999984741211,21.693933486938477,27171400,0.0,0.0
2023-02-01 00:00:00-05:00,23.100000381469727,24.639999389648438,22.950000762939453,24.399999618530273,22.85544204711914,16302100,0.0,0.0
2023-02-02 00:00:00-05:00,24.899999618530273,25.93000030517578,24.81999969482422,25.25,23.65163230895996,20276500,0.0,0.0
2023-02-03 00:00:00-05:00,24.59000015258789,25.170000076293945,24.40999984741211,24.600000381469727,23.04277801513672,7279400,0.0,0.0
2023-02-06 00:00:00-05:00,24.329999923706055,24.440000534057617,23.8700008392334,24.059999465942383,22.53696060180664,8478100,0.0,0.0
2023-02-07 00:00:00-05:00,23.899999618530273,23.989999771118164,22.84000015258789,23.350000381469727,21.871902465820312,9283200,0.0,0.0
2023-02-08 00:00:00-05:00,23.329999923706055,23.389999389648438,22.3799991607666,22.420000076293945,21.000774383544922,9786300,0.0,0.0
2023-02-09 00:00:00-05:00,22.84000015258789,22.920000076293945,21.65999984741211,21.790000915527344,20.410659790039062,10279700,0.0,0.0
2023-02-10 00:00:00-05:00,21.5,21.969999313354492,21.40999984741211,21.59000015258789,20.223318099975586,7748100,0.0,0.0
2023-02-13 00:00:00-05:00,21.559999465942383,22.31999969482422,21.190000534057617,22.309999465942383,20.897737503051758,8906700,0.0,0.0
2023-02-14 00:00:00-05:00,22.200000762939453,22.5,21.719999313354492,22.450000762939453,21.02887535095215,7773500,0.0,0.0
2023-02-15 00:00:00-05:00,22.950000762939453,24.65999984741211,22.65999984741211,24.540000915527344,22.9865779876709,23919000,0.0,0.0
2023-02-16 00:00:00-05:00,22.5,24.40999984741211,22.31999969482422,23.5,22.01241111755371,26736800,0.0,0.0
2023-02-17 00:00:00-05:00,23.530000686645508,24.09000015258789,23.350000381469727,23.690000534057617,22.190383911132812,18133900,0.0,0.0
2023-02-21 00:00:00-05:00,23.1299991607666,23.479999542236328,22.809999465942383,22.93000030517578,21.47849464416504,12343200,0.0,0.0
2023-02-22 00:00:00-05:00,22.899999618530273,23.56999969482422,22.8799991607666,23.299999237060547,21.825071334838867,8819900,0.0,0.0
2023-02-23 00:00:00-05:00,23.3700008392334,23.700000762939453,22.81999969482422,23.440000534057617,21.956212997436523,10965500,0.0,0.0
2023-02-24 00:00:00-05:00,22.649999618530273,22.84000015258789,21.799999237060547,22.299999237060547,20.88837242126465,13419000,0.0,0.0
2023-02-27 00:00:00-05:00,22.440000534057617,22.700000762939453,21.940000534057617,22.09000015258789,20.691665649414062,11372000,0.0,0.0
2023-02-28 00:00:00-05:00,22.190000534057617,22.190000534057617,21.209999084472656,21.420000076293945,20.06407356262207,13354200,0.0,0.0
2023-03-01 00:00:00-05:00,21.40999984741211,21.809999465942383,21.049999237060547,21.719999313354492,20.3450870513916,9925000,0.0,0.0
2023-03-02 00:00:00-05:00,21.530000686645508,22.3700008392334,21.479999542236328,22.350000381469727,20.93520736694336,8009100,0.0,0.0
2023-03-03 00:00:00-05:00,22.469999313354492,22.670000076293945,22.34000015258789,22.59000015258789,21.16001319885254,7552400,0.0,0.0
2023-03-06 00:00:00-05:00,22.850000381469727,22.940000534057617,22.020000457763672,22.040000915527344,20.64483070373535,9241900,0.0,0.0
2023-03-07 00:00:00-05:00,22.170000076293945,22.299999237060547,21.389999389648438,21.479999542236328,20.120285034179688,7756800,0.0,0.0
2023-03-08 00:00:00-05:00,21.559999465942383,21.920000076293945,21.25,21.8700008392334,20.485593795776367,7210700,0.0,0.0
2023-03-09 00:00:00-05:00,21.81999969482422,21.959999084472656,20.790000915527344,20.860000610351562,19.53952407836914,9073800,0.0,0.0
2023-03-10 00:00:00-05:00,20.670000076293945,20.739999771118164,19.649999618530273,19.889999389648438,18.630931854248047,11895200,0.0,0.0
2023-03-13 00:00:00-04:00,19.540000915527344,20.030000686645508,19.170000076293945,19.399999618530273,18.171951293945312,15789700,0.0,0.0
2023-03-14 00:00:00-04:00,19.950000762939453,20.270000457763672,19.350000381469727,19.649999618530273,18.4061222076416,10390100,0.0,0.0
2023-03-15 00:00:00-04:00,19.200000762939453,19.829999923706055,18.889999389648438,19.799999237060547,18.5466251373291,11795700,0.0,0.0
2023-03-16 00:00:00-04:00,19.600000381469727,20.09000015258789,19.389999389648438,19.969999313354492,18.70586395263672,10474100,0.0,0.0
2023-03-17 00:00:00-04:00,19.6200008392334,19.860000610351562,19.459999084472656,19.700000762939453,18.67742347717285,28213400,0.24,0.0
2023-03-20 00:00:00-04:00,19.719999313354492,20.170000076293945,19.649999618530273,20.0,18.96185302734375,7202400,0.0,0.0
2023-03-21 00:00:00-04:00,20.459999084472656,21.309999465942383,20.3700008392334,21.25,20.1469669342041,11417300,0.0,0.0
2023-03-22 00:00:00-04:00,21.229999542236328,21.56999969482422,20.68000030517578,20.690000534057617,19.61603355407715,8618700,0.0,0.0
2023-03-23 00:00:00-04:00,21.030000686645508,21.440000534057617,20.489999771118164,20.739999771118164,19.663440704345703,7610500,0.0,0.0
2023-03-24 00:00:00-04:00,20.469999313354492,20.540000915527344,19.75,20.229999542236328,19.179916381835938,10231600,0.0,0.0
2023-03-27 00:00:00-04:00,20.530000686645508,20.979999542236328,20.3799991607666,20.760000228881836,19.682403564453125,5256700,0.0,0.0
2023-03-28 00:00:00-04:00,22.3700008392334,22.739999771118164,21.290000915527344,21.40999984741211,20.298662185668945,16222600,0.0,0.0
2023-03-29 00:00:00-04:00,21.770000457763672,21.809999465942383,21.09000015258789,21.510000228881836,20.393468856811523,8438700,0.0,0.0
2023-03-30 00:00:00-04:00,21.700000762939453,21.829999923706055,21.540000915527344,21.709999084472656,20.583086013793945,5987300,0.0,0.0
2023-03-31 00:00:00-04:00,21.84000015258789,22.350000381469727,21.75,22.309999465942383,21.15194320678711,9649700,0.0,0.0
2023-04-03 00:00:00-04:00,22.3700008392334,22.440000534057617,21.59000015258789,21.790000915527344,20.658937454223633,11501100,0.0,0.0
2023-04-04 00:00:00-04:00,21.84000015258789,21.959999084472656,21.40999984741211,21.610000610351562,20.4882755279541,9940300,0.0,0.0
2023-04-05 00:00:00-04:00,21.31999969482422,21.399999618530273,20.899999618530273,21.0,19.909940719604492,10836400,0.0,0.0
2023-04-06 00:00:00-04:00,20.959999084472656,21.770000457763672,20.719999313354492,21.65999984741211,20.535686492919922,8478000,0.0,0.0
2023-04-10 00:00:00-04:00,21.5,22.389999389648438,21.399999618530273,22.299999237060547,21.14246368408203,7208000,0.0,0.0
2023-04-11 00:00:00-04:00,22.450000762939453,23.469999313354492,22.40999984741211,22.8799991607666,21.69235610961914,13385900,0.0,0.0
2023-04-12 00:00:00-04:00,23.209999084472656,23.31999969482422,22.09000015258789,22.1299991607666,20.981285095214844,10768900,0.0,0.0
2023-04-13 00:00:00-04:00,22.079999923706055,22.440000534057617,21.959999084472656,22.139999389648438,20.990766525268555,9708500,0.0,0.0
2023-04-14 00:00:00-04:00,22.110000610351562,22.219999313354492,21.25,21.579999923706055,20.4598388671875,8089200,0.0,0.0
2023-04-17 00:00:00-04:00,21.700000762939453,22.190000534057617,21.579999923706055,22.079999923706055,20.93388557434082,6431900,0.0,0.0
2023-04-18 00:00:00-04:00,22.110000610351562,22.219999313354492,21.649999618530273,21.81999969482422,20.687379837036133,5583100,0.0,0.0
2023-04-19 00:00:00-04:00,21.549999237060547,22.780000686645508,21.360000610351562,22.559999465942383,21.388967514038086,10613400,0.0,0.0
2023-04-20 00:00:00-04:00,22.1299991607666,22.469999313354492,22.0,22.149999618530273,21.000247955322266,8104200,0.0,0.0
2023-04-21 00:00:00-04:00,22.149999618530273,22.56999969482422,21.8700008392334,22.530000686645508,21.36052703857422,7918700,0.0,0.0
2023-04-24 00:00:00-04:00,22.56999969482422,22.81999969482422,22.18000030517578,22.579999923706055,21.407930374145508,8892800,0.0,0.0
2023-04-25 00:00:00-04:00,22.329999923706055,22.450000762939453,21.8700008392334,21.969999313354492,20.829593658447266,9405900,0.0,0.0
2023-04-26 00:00:00-04:00,22.09000015258789,22.270000457763672,21.6200008392334,21.649999618530273,20.526203155517578,5664000,0.0,0.0
2023-04-27 00:00:00-04:00,21.989999771118164,23.190000534057617,21.84000015258789,23.079999923706055,21.881973266601562,11427300,0.0,0.0
2023-04-28 00:00:00-04:00,22.989999771118164,23.600000381469727,22.639999389648438,23.329999923706055,22.118995666503906,9519100,0.0,0.0
2023-05-01 00:00:00-04:00,23.350000381469727,24.0,23.25,23.440000534057617,22.223291397094727,9924400,0.0,0.0
2023-05-02 00:00:00-04:00,23.170000076293945,23.25,22.700000762939453,22.989999771118164,21.79664421081543,11174600,0.0,0.0
2023-05-03 00:00:00-04:00,22.969999313354492,23.459999084472656,22.780000686645508,22.889999389648438,21.701839447021484,11986000,0.0,0.0
2023-05-04 00:00:00-04:00,18.90999984741211,19.040000915527344,16.389999389648438,16.399999618530273,15.548715591430664,72171000,0.0,0.0
2023-05-05 00:00:00-04:00,16.979999542236328,17.350000381469727,15.779999732971191,16.860000610351562,15.984837532043457,52342100,0.0,0.0
2023-05-08 00:00:00-04:00,16.969999313354492,17.100000381469727,16.290000915527344,16.989999771118164,16.108095169067383,18853400,0.0,0.0
2023-05-09 00:00:00-04:00,16.799999237060547,17.100000381469727,16.489999771118164,16.530000686645508,15.67197322845459,14977700,0.0,0.0
2023-05-10 00:00:00-04:00,16.600000381469727,16.639999389648438,15.5600004196167,15.850000381469727,15.027265548706055,18320700,0.0,0.0
2023-05-11 00:00:00-04:00,15.600000381469727,15.670000076293945,15.15999984741211,15.369999885559082,14.57218074798584,19051700,0.0,0.0
2023-05-12 00:00:00-04:00,15.350000381469727,15.5,14.920000076293945,15.020000457763672,14.240349769592285,14403600,0.0,0.0
2023-05-15 00:00:00-04:00,15.199999809265137,15.8100004196167,15.0,15.8100004196167,14.98934268951416,14599700,0.0,0.0
2023-05-16 00:00:00-04:00,15.720000267028809,15.720000267028809,14.930000305175781,14.949999809265137,14.173982620239258,16927600,0.0,0.0
2023-05-17 00:00:00-04:00,15.0600004196167,15.6899995803833,14.880000114440918,15.569999694824219,14.761800765991211,15776200,0.0,0.0
2023-05-18 00:00:00-04:00,15.65999984741211,16.1200008392334,15.449999809265137,15.710000038146973,14.894533157348633,17445700,0.0,0.0
2023-05-19 00:00:00-04:00,15.6899995803833,15.729999542236328,15.130000114440918,15.170000076293945,14.382562637329102,11065700,0.0,0.0
2023-05-22 00:00:00-04:00,15.1899995803833,15.220000267028809,14.760000228881836,14.989999771118164,14.211907386779785,18178400,0.0,0.0
2023-05-23 00:00:00-04:00,15.039999961853027,15.539999961853027,14.890000343322754,14.920000076293945,14.145543098449707,19687400,0.0,0.0
2023-05-24 00:00:00-04:00,14.6899995803833,14.8100004196167,14.34000015258789,14.640000343322754,13.880075454711914,24032100,0.0,0.0
2023-05-25 00:00:00-04:00,14.460000038146973,14.539999961853027,13.800000190734863,14.079999923706055,13.349142074584961,28822700,0.0,0.0
2023-05-26 00:00:00-04:00,15.130000114440918,15.180000305175781,14.600000381469727,14.90999984741211,14.13605785369873,26299800,0.0,0.0
2023-05-30 00:00:00-04:00,15.15999984741211,15.920000076293945,15.079999923706055,15.859999656677246,15.036748886108398,26061500,0.0,0.0
2023-05-31 00:00:00-04:00,15.770000457763672,15.770000457763672,15.199999809265137,15.210000038146973,14.420488357543945,46194200,0.0,0.0
2023-06-01 00:00:00-04:00,15.350000381469727,15.680000305175781,14.930000305175781,15.390000343322754,14.591143608093262,11966100,0.0,0.0
2023-06-02 00:00:00-04:00,15.649999618530273,15.899999618530273,15.380000114440918,15.399999618530273,14.60062313079834,12417900,0.0,0.0
2023-06-05 00:00:00-04:00,15.289999961853027,15.539999961853027,15.0,15.130000114440918,14.344640731811523,12354500,0.0,0.0
2023-06-06 00:00:00-04:00,15.039999961853027,16.06999969482422,15.0,15.789999961853027,14.970381736755371,12253400,0.0,0.0
2023-06-07 00:00:00-04:00,15.829999923706055,17.190000534057617,15.760000228881836,16.399999618530273,15.548715591430664,28373600,0.0,0.0
2023-06-08 00:00:00-04:00,16.399999618530273,16.81999969482422,16.0,16.579999923706055,15.719375610351562,14195600,0.0,0.0
2023-06-09 00:00:00-04:00,16.520000457763672,16.610000610351562,15.920000076293945,16.100000381469727,15.264288902282715,13686200,0.0,0.0
2023-06-12 00:00:00-04:00,16.280000686645508,16.899999618530273,16.200000762939453,16.510000228881836,15.653007507324219,11436300,0.0,0.0
2023-06-13 00:00:00-04:00,16.610000610351562,16.889999389648438,16.559999465942383,16.6200008392334,15.757296562194824,9224900,0.0,0.0
2023-06-14 00:00:00-04:00,16.639999389648438,17.139999389648438,16.389999389648438,16.600000381469727,15.78582763671875,10376300,0.05,0.0
2023-06-15 00:00:00-04:00,16.440000534057617,16.81999969482422,16.200000762939453,16.530000686645508,15.71926212310791,10109400,0.0,0.0
2023-06-16 00:00:00-04:00,16.639999389648438,16.639999389648438,16.139999389648438,16.280000686645508,15.481521606445312,13016000,0.0,0.0
2023-06-20 00:00:00-04:00,16.110000610351562,16.200000762939453,15.649999618530273,15.670000076293945,14.901439666748047,11601200,0.0,0.0
2023-06-21 00:00:00-04:00,15.550000190734863,16.350000381469727,15.5,15.739999771118164,14.968006134033203,20746300,0.0,0.0
2023-06-22 00:00:00-04:00,15.729999542236328,15.75,15.359999656677246,15.550000190734863,14.787324905395508,10108700,0.0,0.0
2023-06-23 00:00:00-04:00,15.350000381469727,15.670000076293945,15.329999923706055,15.359999656677246,14.606642723083496,8522300,0.0,0.0
2023-06-26 00:00:00-04:00,15.40999984741211,15.729999542236328,15.289999961853027,15.569999694824219,14.806344032287598,9242600,0.0,0.0
2023-06-27 00:00:00-04:00,15.569999694824219,16.049999237060547,15.329999923706055,15.880000114440918,15.101140022277832,11224900,0.0,0.0
2023-06-28 00:00:00-04:00,15.699999809265137,15.75,15.510000228881836,15.739999771118164,14.968006134033203,7278900,0.0,0.0
2023-06-29 00:00:00-04:00,15.670000076293945,16.190000534057617,15.619999885559082,15.989999771118164,15.205743789672852,9163000,0.0,0.0
2023-06-30 00:00:00-04:00,16.110000610351562,16.190000534057617,15.890000343322754,15.90999984741211,15.129669189453125,8376700,0.0,0.0
2023-07-03 00:00:00-04:00,15.90999984741211,16.34000015258789,15.890000343322754,16.31999969482422,15.519558906555176,5382900,0.0,0.0
2023-07-05 00:00:00-04:00,16.0,16.3700008392334,15.640000343322754,16.149999618530273,15.357894897460938,9928100,0.0,0.0
2023-07-06 00:00:00-04:00,15.859999656677246,16.510000228881836,15.8100004196167,16.469999313354492,15.662202835083008,9911500,0.0,0.0
2023-07-07 00:00:00-04:00,16.020000457763672,16.700000762939453,15.800000190734863,16.290000915527344,15.4910306930542,12992100,0.0,0.0
2023-07-10 00:00:00-04:00,16.25,16.649999618530273,16.139999389648438,16.239999771118164,15.443479537963867,11417800,0.0,0.0
2023-07-11 00:00:00-04:00,16.31999969482422,17.020000457763672,16.280000686645508,16.829999923706055,16.004545211791992,9404800,0.0,0.0
2023-07-12 00:00:00-04:00,17.079999923706055,17.190000534057617,16.510000228881836,16.540000915527344,15.728771209716797,13612500,0.0,0.0
2023-07-13 00:00:00-04:00,16.6200008392334,16.950000762939453,16.360000610351562,16.81999969482422,15.995035171508789,11985900,0.0,0.0
2023-07-14 00:00:00-04:00,16.719999313354492,16.770000457763672,15.859999656677246,15.960000038146973,15.177215576171875,16266200,0.0,0.0
2023-07-17 00:00:00-04:00,15.699999809265137,15.720000267028809,15.1899995803833,15.359999656677246,14.606642723083496,18671400,0.0,0.0
2023-07-18 00:00:00-04:00,15.329999923706055,15.949999809265137,15.210000038146973,15.520000457763672,14.758798599243164,12672900,0.0,0.0
2023-07-19 00:00:00-04:00,15.5600004196167,16.5,15.5600004196167,16.040000915527344,15.25329303741455,12852000,0.0,0.0
2023-07-20 00:00:00-04:00,15.84000015258789,16.110000610351562,15.6899995803833,15.899999618530273,15.120159149169922,7502300,0.0,0.0
2023-07-21 00:00:00-04:00,15.9399995803833,16.0,15.399999618530273,15.520000457763672,14.758798599243164,12118100,0.0,0.0
2023-07-24 00:00:00-04:00,15.569999694824219,15.75,15.369999885559082,15.479999542236328,14.720758438110352,8893300,0.0,0.0
2023-07-25 00:00:00-04:00,15.5,15.579999923706055,15.100000381469727,15.100000381469727,14.359396934509277,9463900,0.0,0.0
2023-07-26 00:00:00-04:00,15.149999618530273,15.489999771118164,15.140000343322754,15.489999771118164,14.730268478393555,7211300,0.0,0.0
2023-07-27 00:00:00-04:00,15.649999618530273,15.680000305175781,14.979999542236328,15.039999961853027,14.302339553833008,10479500,0.0,0.0
2023-07-28 00:00:00-04:00,15.350000381469727,15.479999542236328,15.210000038146973,15.329999923706055,14.57811450958252,7631700,0.0,0.0
2023-07-31 00:00:00-04:00,15.479999542236328,16.239999771118164,15.420000076293945,16.030000686645508,15.243783950805664,12208100,0.0,0.0
2023-08-01 00:00:00-04:00,16.049999237060547,16.149999618530273,15.800000190734863,16.059999465942383,15.27231216430664,8947300,0.0,0.0
2023-08-02 00:00:00-04:00,15.850000381469727,16.040000915527344,15.529999732971191,15.550000190734863,14.787324905395508,9222900,0.0,0.0
2023-08-03 00:00:00-04:00,15.430000305175781,15.449999809265137,14.850000381469727,15.09000015258789,14.34988784790039,12955400,0.0,0.0
2023-08-04 00:00:00-04:00,15.199999809265137,15.899999618530273,15.170000076293945,15.630000114440918,14.863401412963867,11777400,0.0,0.0
2023-08-07 00:00:00-04:00,15.720000267028809,16.25,15.699999809265137,16.09000015258789,15.300840377807617,20930100,0.0,0.0
2023-08-08 00:00:00-04:00,16.360000610351562,16.520000457763672,15.369999885559082,16.350000381469727,15.548088073730469,22037000,0.0,0.0
2023-08-09 00:00:00-04:00,16.299999237060547,16.450000762939453,15.59000015258789,15.619999885559082,14.85389232635498,10864200,0.0,0.0
2023-08-10 00:00:00-04:00,15.699999809265137,15.979999542236328,15.40999984741211,15.470000267028809,14.711248397827148,10570500,0.0,0.0
2023-08-11 00:00:00-04:00,15.329999923706055,15.430000305175781,15.130000114440918,15.270000457763672,14.521059036254883,9845400,0.0,0.0
2023-08-14 00:00:00-04:00,15.039999961853027,15.180000305175781,14.609999656677246,14.930000305175781,14.197736740112305,14998800,0.0,0.0
2023-08-15 00:00:00-04:00,14.760000228881836,15.479999542236328,14.619999885559082,15.369999885559082,14.6161527633667,10156700,0.0,0.0
2023-08-16 00:00:00-04:00,15.279999732971191,15.390000343322754,14.90999984741211,14.989999771118164,14.254792213439941,7086300,0.0,0.0
2023-08-17 00:00:00-04:00,14.819999694824219,15.020000457763672,14.529999732971191,14.550000190734863,13.836372375488281,13194400,0.0,0.0
2023-08-18 00:00:00-04:00,14.479999542236328,14.829999923706055,14.430000305175781,14.8100004196167,14.083619117736816,8817700,0.0,0.0
2023-08-21 00:00:00-04:00,14.779999732971191,14.8100004196167,14.5,14.640000343322754,13.921957015991211,7215600,0.0,0.0
2023-08-22 00:00:00-04:00,14.640000343322754,14.760000228881836,14.489999771118164,14.539999961853027,13.826862335205078,6447100,0.0,0.0
2023-08-23 00:00:00-04:00,14.510000228881836,15.020000457763672,14.40999984741211,15.0,14.264302253723145,7547600,0.0,0.0
2023-08-24 00:00:00-04:00,14.890000343322754,15.050000190734863,14.630000114440918,14.729999542236328,14.007543563842773,5919700,0.0,0.0
2023-08-25 00:00:00-04:00,14.739999771118164,14.899999618530273,14.420000076293945,14.4399995803833,13.731767654418945,7713500,0.0,0.0
2023-08-28 00:00:00-04:00,14.5600004196167,14.819999694824219,14.510000228881836,14.739999771118164,14.017053604125977,7048800,0.0,0.0
2023-08-29 00:00:00-04:00,14.8100004196167,14.979999542236328,14.670000076293945,14.960000038146973,14.226262092590332,6560900,0.0,0.0
2023-08-30 00:00:00-04:00,15.079999923706055,15.289999961853027,14.84000015258789,15.100000381469727,14.359396934509277,6440300,0.0,0.0
2023-08-31 00:00:00-04:00,15.130000114440918,15.329999923706055,15.050000190734863,15.09000015258789,14.34988784790039,6727400,0.0,0.0
2023-09-01 00:00:00-04:00,14.699999809265137,14.729999542236328,13.619999885559082,13.649999618530273,12.980515480041504,32745300,0.0,0.0
2023-09-05 00:00:00-04:00,13.600000381469727,14.050000190734863,13.479999542236328,13.649999618530273,12.980515480041504,12582600,0.0,0.0
2023-09-06 00:00:00-04:00,13.529999732971191,13.579999923706055,13.300000190734863,13.399999618530273,12.742775917053223,15497300,0.0,0.0
2023-09-07 00:00:00-04:00,13.260000228881836,13.289999961853027,12.84000015258789,13.020000457763672,12.381412506103516,20686600,0.0,0.0
2023-09-08 00:00:00-04:00,13.020000457763672,13.720000267028809,13.020000457763672,13.65999984741211,12.990021705627441,13775600,0.0,0.0
2023-09-11 00:00:00-04:00,13.75,14.460000038146973,13.430000305175781,13.550000190734863,12.885418891906738,19227900,0.0,0.0
2023-09-12 00:00:00-04:00,13.619999885559082,13.800000190734863,13.359999656677246,13.510000228881836,12.847380638122559,10494400,0.0,0.0
2023-09-13 00:00:00-04:00,13.640000343322754,13.75,13.229999542236328,13.369999885559082,12.71424674987793,10485800,0.0,0.0
2023-09-14 00:00:00-04:00,13.5600004196167,13.890000343322754,13.529999732971191,13.789999961853027,13.162873268127441,9988800,0.05,0.0
2023-09-15 00:00:00-04:00,13.789999961853027,14.569999694824219,13.729999542236328,14.0600004196167,13.42059326171875,18420100,0.0,0.0
2023-09-18 00:00:00-04:00,13.989999771118164,14.029999732971191,13.470000267028809,13.600000381469727,12.981514930725098,9015800,0.0,0.0
2023-09-19 00:00:00-04:00,13.5600004196167,13.720000267028809,13.510000228881836,13.600000381469727,12.981514930725098,6225600,0.0,0.0
2023-09-20 00:00:00-04:00,13.699999809265137,13.710000038146973,13.220000267028809,13.239999771118164,12.637885093688965,7217200,0.0,0.0
2023-09-21 00:00:00-04:00,13.329999923706055,13.65999984741211,13.279999732971191,13.300000190734863,12.695155143737793,9280500,0.0,0.0
2023-09-22 00:00:00-04:00,13.390000343322754,13.619999885559082,12.5600004196167,12.640000343322754,12.065171241760254,20955900,0.0,0.0
2023-09-25 00:00:00-04:00,12.729999542236328,12.729999542236328,12.210000038146973,12.65999984741211,12.084261894226074,16022300,0.0,0.0
2023-09-26 00:00:00-04:00,12.470000267028809,12.770000457763672,12.430000305175781,12.460000038146973,11.893357276916504,9873900,0.0,0.0
2023-09-27 00:00:00-04:00,12.529999732971191,12.90999984741211,12.479999542236328,12.779999732971191,12.198803901672363,9315700,0.0,0.0
2023-09-28 00:00:00-04:00,12.75,12.949999809265137,12.65999984741211,12.819999694824219,12.23698616027832,6734000,0.0,0.0
2023-09-29 00:00:00-04:00,12.880000114440918,13.119999885559082,12.770000457763672,12.899999618530273,12.313345909118652,8590300,0.0,0.0
2023-10-02 00:00:00-04:00,12.789999961853027,12.890000343322754,12.430000305175781,12.59000015258789,12.01744556427002,7348000,0.0,0.0
2023-10-03 00:00:00-04:00,12.4399995803833,12.649999618530273,11.979999542236328,11.989999771118164,11.444732666015625,17170700,0.0,0.0
2023-10-04 00:00:00-04:00,12.100000381469727,12.109999656677246,11.6899995803833,11.829999923706055,11.292006492614746,12779100,0.0,0.0
2023-10-05 00:00:00-04:00,11.770000457763672,11.890000343322754,11.479999542236328,11.670000076293945,11.1392822265625,12905300,0.0,0.0
2023-10-06 00:00:00-04:00,11.5600004196167,11.989999771118164,11.390000343322754,11.819999694824219,11.282461166381836,11786000,0.0,0.0
2023-10-09 00:00:00-04:00,11.649999618530273,11.979999542236328,11.390000343322754,11.960000038146973,11.416095733642578,9989000,0.0,0.0
2023-10-10 00:00:00-04:00,11.90999984741211,12.489999771118164,11.90999984741211,12.430000305175781,11.864720344543457,8911300,0.0,0.0
2023-10-11 00:00:00-04:00,12.449999809265137,12.619999885559082,12.050000190734863,12.140000343322754,11.587909698486328,7185300,0.0,0.0
2023-10-12 00:00:00-04:00,12.100000381469727,12.130000114440918,11.600000381469727,11.729999542236328,11.196554183959961,8953900,0.0,0.0
2023-10-13 00:00:00-04:00,11.729999542236328,12.010000228881836,11.710000038146973,11.899999618530273,11.35882568359375,8957500,0.0,0.0
2023-10-16 00:00:00-04:00,11.960000038146973,12.329999923706055,11.789999961853027,12.260000228881836,11.702452659606934,9516500,0.0,0.0
2023-10-17 00:00:00-04:00,12.130000114440918,12.609999656677246,12.130000114440918,12.460000038146973,11.893357276916504,7986600,0.0,0.0
2023-10-18 00:00:00-04:00,12.34000015258789,12.399999618530273,12.15999984741211,12.1899995803833,11.635636329650879,6197000,0.0,0.0
2023-10-19 00:00:00-04:00,12.279999732971191,12.300000190734863,11.760000228881836,11.779999732971191,11.244279861450195,11896000,0.0,0.0
2023-10-20 00:00:00-04:00,11.699999809265137,11.90999984741211,11.479999542236328,11.5,10.977015495300293,9714800,0.0,0.0
2023-10-23 00:00:00-04:00,11.390000343322754,11.5,11.069999694824219,11.1899995803833,10.681112289428711,13490700,0.0,0.0
2023-10-24 00:00:00-04:00,11.270000457763672,11.529999732971191,11.100000381469727,11.149999618530273,10.64293098449707,13659000,0.0,0.0
2023-10-25 00:00:00-04:00,11.09000015258789,11.270000457763672,10.890000343322754,10.9399995803833,10.442481994628906,12903900,0.0,0.0
2023-10-26 00:00:00-04:00,10.949999809265137,11.0600004196167,10.630000114440918,10.899999618530273,10.404302597045898,12000800,0.0,0.0
2023-10-27 00:00:00-04:00,10.899999618530273,11.0,10.640000343322754,10.699999809265137,10.213395118713379,11126900,0.0,0.0
2023-10-30 00:00:00-04:00,10.760000228881836,11.109999656677246,10.739999771118164,11.0,10.49975299835205,13337400,0.0,0.0
2023-10-31 00:00:00-04:00,11.0600004196167,11.130000114440918,10.819999694824219,10.880000114440918,10.385210990905762,15194100,0.0,0.0
2023-11-01 00:00:00-04:00,10.720000267028809,10.8100004196167,10.510000228881836,10.800000190734863,10.30884838104248,16678200,0.0,0.0
2023-11-02 00:00:00-04:00,11.069999694824219,11.9399995803833,11.039999961853027,11.920000076293945,11.377915382385254,23944800,0.0,0.0
2023-11-03 00:00:00-04:00,12.949999809265137,13.8100004196167,12.850000381469727,13.760000228881836,13.134238243103027,31936400,0.0,0.0
2023-11-06 00:00:00-05:00,13.09000015258789,13.420000076293945,12.4399995803833,12.6899995803833,12.112896919250488,22297000,0.0,0.0
2023-11-07 00:00:00-05:00,12.619999885559082,12.949999809265137,12.5,12.84000015258789,12.25607681274414,12593400,0.0,0.0
2023-11-08 00:00:00-05:00,12.229999542236328,12.289999961853027,11.5600004196167,11.819999694824219,11.282461166381836,24142800,0.0,0.0
2023-11-09 00:00:00-05:00,12.170000076293945,12.369999885559082,11.8100004196167,12.130000114440918,11.578364372253418,18170000,0.0,0.0
2023-11-10 00:00:00-05:00,12.180000305175781,12.229999542236328,11.880000114440918,12.100000381469727,11.549727439880371,9588600,0.0,0.0
2023-11-13 00:00:00-05:00,12.039999961853027,12.25,11.90999984741211,12.0,11.454277038574219,8205800,0.0,0.0
2023-11-14 00:00:00-05:00,12.550000190734863,13.229999542236328,12.460000038146973,12.520000457763672,11.950629234313965,16142300,0.0,0.0
2023-11-15 00:00:00-05:00,12.550000190734863,13.239999771118164,12.550000190734863,13.170000076293945,12.571067810058594,11573500,0.0,0.0
2023-11-16 00:00:00-05:00,13.149999618530273,13.300000190734863,12.4399995803833,12.760000228881836,12.179715156555176,12066000,0.0,0.0
2023-11-17 00:00:00-05:00,12.899999618530273,13.289999961853027,12.800000190734863,13.1899995803833,12.590157508850098,9407700,0.0,0.0
2023-11-20 00:00:00-05:00,13.430000305175781,14.260000228881836,13.239999771118164,13.930000305175781,13.296506881713867,21637600,0.0,0.0
2023-11-21 00:00:00-05:00,13.75,14.119999885559082,13.630000114440918,14.0600004196167,13.42059326171875,16462800,0.0,0.0
2023-11-22 00:00:00-05:00,14.199999809265137,14.239999771118164,14.050000190734863,14.15999984741211,13.516046524047852,15799100,0.0,0.0
2023-11-24 00:00:00-05:00,14.199999809265137,14.300000190734863,14.109999656677246,14.210000038146973,13.563772201538086,3299700,0.0,0.0
2023-11-27 00:00:00-05:00,14.039999961853027,14.210000038146973,13.859999656677246,14.149999618530273,13.506500244140625,7085400,0.0,0.0
2023-11-28 00:00:00-05:00,14.149999618530273,14.210000038146973,13.800000190734863,13.90999984741211,13.27741527557373,11999500,0.0,0.0
2023-11-29 00:00:00-05:00,14.069999694824219,14.449999809265137,13.989999771118164,14.40999984741211,13.754678726196289,10677500,0.0,0.0
2023-11-30 00:00:00-05:00,14.449999809265137,14.489999771118164,14.229999542236328,14.369999885559082,13.716495513916016,13241500,0.0,0.0
2023-12-01 00:00:00-05:00,14.800000190734863,15.8100004196167,14.420000076293945,15.779999732971191,15.062374114990234,30992200,0.0,0.0
2023-12-04 00:00:00-05:00,15.739999771118164,16.010000228881836,15.489999771118164,15.949999809265137,15.22464370727539,13153200,0.0,0.0
2023-12-05 00:00:00-05:00,15.8100004196167,15.869999885559082,15.359999656677246,15.510000228881836,14.804652214050293,12367500,0.0,0.0
2023-12-06 00:00:00-05:00,15.5600004196167,15.760000228881836,15.1899995803833,15.220000267028809,14.527840614318848,9695600,0.0,0.0
2023-12-07 00:00:00-05:00,15.25,15.34000015258789,14.960000038146973,15.029999732971191,14.346481323242188,9889100,0.0,0.0
2023-12-08 00:00:00-05:00,15.75,17.260000228881836,15.720000267028809,16.850000381469727,16.08371353149414,49773400,0.0,0.0
2023-12-11 00:00:00-05:00,17.389999389648438,17.5,16.1200008392334,16.239999771118164,15.501450538635254,26904100,0.0,0.0
2023-12-12 00:00:00-05:00,16.219999313354492,16.280000686645508,15.229999542236328,15.270000457763672,14.575567245483398,19420900,0.0,0.0
2023-12-13 00:00:00-05:00,15.0600004196167,15.880000114440918,14.670000076293945,15.729999542236328,15.014647483825684,26230000,0.0,0.0
2023-12-14 00:00:00-05:00,16.15999984741211,16.829999923706055,16.15999984741211,16.709999084472656,16.000940322875977,20096000,0.05,0.0
2023-12-15 00:00:00-05:00,16.59000015258789,16.6299991607666,15.979999542236328,16.270000457763672,15.579611778259277,24281300,0.0,0.0
2023-12-18 00:00:00-05:00,16.06999969482422,16.299999237060547,15.449999809265137,15.510000228881836,14.851861000061035,14119800,0.0,0.0
2023-12-19 00:00:00-05:00,15.550000190734863,15.930000305175781,15.399999618530273,15.819999694824219,15.148706436157227,14748900,0.0,0.0
2023-12-20 00:00:00-05:00,16.010000228881836,16.280000686645508,15.170000076293945,15.5,14.842286109924316,36752800,0.0,0.0
2023-12-21 00:00:00-05:00,15.210000038146973,15.5,14.789999961853027,15.069999694824219,14.430532455444336,30003100,0.0,0.0
2023-12-22 00:00:00-05:00,15.109999656677246,15.300000190734863,14.949999809265137,15.0,14.363504409790039,17819000,0.0,0.0
2023-12-26 00:00:00-05:00,15.0,15.149999618530273,14.890000343322754,15.020000457763672,14.38265323638916,12556500,0.0,0.0
2023-12-27 00:00:00-05:00,14.979999542236328,15.0,14.720000267028809,14.989999771118164,14.353927612304688,9116200,0.0,0.0
2023-12-28 00:00:00-05:00,14.979999542236328,15.380000114440918,14.899999618530273,15.149999618530273,14.507135391235352,21671700,0.0,0.0
2023-12-29 00:00:00-05:00,15.0,15.149999618530273,14.75,14.789999961853027,14.162412643432617,12177900,0.0,0.0
2024-01-02 00:00:00-05:00,14.6899995803833,14.75,14.34000015258789,14.399999618530273,13.788961410522461,14285900,0.0,0.0
2024-01-03 00:00:00-05:00,14.130000114440918,14.319999694824219,13.779999732971191,14.1899995803833,13.587872505187988,14447400,0.0,0.0
2024-01-04 00:00:00-05:00,14.1899995803833,14.529999732971191,14.010000228881836,14.489999771118164,13.875142097473145,10727600,0.0,0.0
2024-01-05 00:00:00-05:00,14.390000343322754,15.039999961853027,14.3100004196167,14.649999618530273,14.02835464477539,12739800,0.0,0.0
2024-01-08 00:00:00-05:00,14.5600004196167,14.960000038146973,14.479999542236328,14.6899995803833,14.066656112670898,12360800,0.0,0.0
2024-01-09 00:00:00-05:00,14.529999732971191,14.5600004196167,14.1899995803833,14.229999542236328,13.626174926757812,10562000,0.0,0.0
2024-01-10 00:00:00-05:00,14.130000114440918,14.5600004196167,13.920000076293945,14.119999885559082,13.520843505859375,21357300,0.0,0.0
2024-01-11 00:00:00-05:00,13.880000114440918,13.899999618530273,13.15999984741211,13.350000381469727,12.783517837524414,19492100,0.0,0.0
2024-01-12 00:00:00-05:00,13.3100004196167,13.670000076293945,13.239999771118164,13.329999923706055,12.764366149902344,12371300,0.0,0.0
2024-01-16 00:00:00-05:00,13.1899995803833,13.510000228881836,13.119999885559082,13.229999542236328,12.668608665466309,11028800,0.0,0.0
2024-01-17 00:00:00-05:00,13.079999923706055,13.199999809265137,12.84000015258789,13.0,12.448369979858398,10282900,0.0,0.0
2024-01-18 00:00:00-05:00,13.140000343322754,13.1899995803833,12.90999984741211,13.109999656677246,12.55370044708252,7927900,0.0,0.0
2024-01-19 00:00:00-05:00,13.050000190734863,13.460000038146973,12.859999656677246,13.399999618530273,12.831395149230957,13799700,0.0,0.0
2024-01-22 00:00:00-05:00,13.430000305175781,14.050000190734863,13.40999984741211,13.75,13.166542053222656,11615900,0.0,0.0
2024-01-23 00:00:00-05:00,13.899999618530273,13.979999542236328,13.649999618530273,13.680000305175781,13.099513053894043,9361500,0.0,0.0
2024-01-24 00:00:00-05:00,13.819999694824219,13.829999923706055,13.079999923706055,13.359999656677246,12.793092727661133,17391900,0.0,0.0
2024-01-25 00:00:00-05:00,13.960000038146973,14.529999732971191,13.489999771118164,13.960000038146973,13.367633819580078,30678900,0.0,0.0
2024-01-26 00:00:00-05:00,13.979999542236328,14.010000228881836,13.729999542236328,13.800000190734863,13.214423179626465,8992600,0.0,0.0
2024-01-29 00:00:00-05:00,13.75,13.84000015258789,13.460000038146973,13.75,13.166542053222656,8470100,0.0,0.0
2024-01-30 00:00:00-05:00,13.550000190734863,13.90999984741211,13.489999771118164,13.680000305175781,13.099513053894043,8704100,0.0,0.0
2024-01-31 00:00:00-05:00,15.65999984741211,15.699999809265137,14.569999694824219,14.59000015258789,13.97089958190918,71655800,0.0,0.0
2024-02-01 00:00:00-05:00,14.899999618530273,15.0,14.430000305175781,14.680000305175781,14.05708122253418,16944300,0.0,0.0
2024-02-02 00:00:00-05:00,14.520000457763672,14.550000190734863,14.260000228881836,14.430000305175781,13.8176908493042,14524400,0.0,0.0
2024-02-05 00:00:00-05:00,14.350000381469727,14.380000114440918,13.890000343322754,14.020000457763672,13.42508602142334,13217600,0.0,0.0
2024-02-06 00:00:00-05:00,14.0,14.170000076293945,13.930000305175781,13.989999771118164,13.396358489990234,11769800,0.0,0.0
2024-02-07 00:00:00-05:00,13.899999618530273,13.90999984741211,12.800000190734863,12.850000381469727,12.304734230041504,27707100,0.0,0.0
2024-02-08 00:00:00-05:00,13.0,13.130000114440918,12.65999984741211,13.010000228881836,12.457944869995117,12737800,0.0,0.0
2024-02-09 00:00:00-05:00,13.0600004196167,13.170000076293945,12.84000015258789,12.899999618530273,12.35261058807373,9780300,0.0,0.0
2024-02-12 00:00:00-05:00,12.949999809265137,13.609999656677246,12.880000114440918,13.40999984741211,12.840970993041992,18549900,0.0,0.0
2024-02-13 00:00:00-05:00,13.100000381469727,13.149999618530273,12.770000457763672,13.0,12.448369979858398,15176500,0.0,0.0
2024-02-14 00:00:00-05:00,13.15999984741211,13.239999771118164,12.979999542236328,13.1899995803833,12.630305290222168,12184200,0.0,0.0
2024-02-15 00:00:00-05:00,12.65999984741211,13.119999885559082,12.350000381469727,12.59000015258789,12.055766105651855,20832800,0.0,0.0
2024-02-16 00:00:00-05:00,12.460000038146973,12.539999961853027,12.0,12.0,11.490801811218262,21617200,0.0,0.0
2024-02-20 00:00:00-05:00,11.9399995803833,12.15999984741211,11.84000015258789,11.949999809265137,11.442922592163086,13027000,0.0,0.0
2024-02-21 00:00:00-05:00,11.829999923706055,11.890000343322754,11.699999809265137,11.800000190734863,11.299288749694824,10259800,0.0,0.0
2024-02-22 00:00:00-05:00,11.920000076293945,11.9399995803833,11.6899995803833,11.710000038146973,11.213107109069824,11178600,0.0,0.0
2024-02-23 00:00:00-05:00,11.350000381469727,11.510000228881836,10.989999771118164,11.210000038146973,10.734325408935547,23106600,0.0,0.0
2024-02-26 00:00:00-05:00,11.199999809265137,11.390000343322754,11.020000457763672,11.09000015258789,10.619417190551758,19461400,0.0,0.0
2024-02-27 00:00:00-05:00,11.119999885559082,11.34000015258789,10.899999618530273,11.25,10.772625923156738,25111200,0.0,0.0
2024-02-28 00:00:00-05:00,11.079999923706055,11.369999885559082,10.930000305175781,11.0600004196167,10.590688705444336,28898500,0.0,0.0
2024-02-29 00:00:00-05:00,11.380000114440918,11.979999542236328,11.0,11.039999961853027,10.571538925170898,38591000,0.0,0.0
2024-03-01 00:00:00-05:00,11.050000190734863,11.069999694824219,10.8100004196167,10.949999809265137,10.485356330871582,15587000,0.0,0.0
2024-03-04 00:00:00-05:00,10.850000381469727,10.899999618530273,10.199999809265137,10.300000190734863,9.86293888092041,25771200,0.0,0.0
2024-03-05 00:00:00-05:00,10.25,10.390000343322754,10.15999984741211,10.210000038146973,9.776758193969727,11957200,0.0,0.0
2024-03-06 00:00:00-05:00,10.270000457763672,10.630000114440918,10.210000038146973,10.5,10.054450988769531,14075000,0.0,0.0
2024-03-07 00:00:00-05:00,10.529999732971191,10.989999771118164,10.520000457763672,10.800000190734863,10.341721534729004,15283600,0.0,0.0
2024-03-08 00:00:00-05:00,10.899999618530273,11.029999732971191,10.789999961853027,10.930000305175781,10.466205596923828,12173600,0.0,0.0
2024-03-11 00:00:00-04:00,10.920000076293945,11.6899995803833,10.850000381469727,11.619999885559082,11.12692642211914,18432600,0.0,0.0
2024-03-12 00:00:00-04:00,12.199999809265137,12.210000038146973,11.460000038146973,11.59000015258789,11.098198890686035,19020600,0.0,0.0
2024-03-13 00:00:00-04:00,11.550000190734863,11.880000114440918,11.550000190734863,11.680000305175781,11.184380531311035,9810100,0.0,0.0
2024-03-14 00:00:00-04:00,11.649999618530273,11.649999618530273,11.130000114440918,11.260000228881836,10.828557968139648,16119900,0.05,0.0
2024-03-15 00:00:00-04:00,11.260000228881836,11.369999885559082,11.140000343322754,11.210000038146973,10.780471801757812,35215200,0.0,0.0
2024-03-18 00:00:00-04:00,11.229999542236328,11.260000228881836,11.029999732971191,11.199999809265137,10.770856857299805,9527200,0.0,0.0
2024-03-19 00:00:00-04:00,11.100000381469727,11.369999885559082,11.079999923706055,11.1899995803833,10.761239051818848,10960200,0.0,0.0
2024-03-20 00:00:00-04:00,11.15999984741211,12.5600004196167,11.069999694824219,12.510000228881836,12.030662536621094,40555900,0.0,0.0
2024-03-21 00:00:00-04:00,12.569999694824219,12.710000038146973,11.770000457763672,11.819999694824219,11.36709976196289,25037500,0.0,0.0
2024-03-22 00:00:00-04:00,11.84000015258789,11.84000015258789,11.239999771118164,11.25,10.818940162658691,16685700,0.0,0.0
2024-03-25 00:00:00-04:00,11.350000381469727,11.470000267028809,11.1899995803833,11.449999809265137,11.011276245117188,9294800,0.0,0.0
2024-03-26 00:00:00-04:00,11.529999732971191,11.630000114440918,11.300000190734863,11.369999885559082,10.934342384338379,8956500,0.0,0.0
2024-03-27 00:00:00-04:00,11.390000343322754,11.739999771118164,11.279999732971191,11.699999809265137,11.251699447631836,17754500,0.0,0.0
2024-03-28 00:00:00-04:00,11.619999885559082,11.90999984741211,11.609999656677246,11.770000457763672,11.31901741027832,9850400,0.0,0.0
2024-04-01 00:00:00-04:00,11.8100004196167,11.84000015258789,11.5600004196167,11.75,11.299782752990723,9544600,0.0,0.0
2024-04-02 00:00:00-04:00,11.59000015258789,11.779999732971191,11.479999542236328,11.760000228881836,11.309398651123047,10179800,0.0,0.0
2024-04-03 00:00:00-04:00,11.859999656677246,13.800000190734863,11.319999694824219,13.520000457763672,13.00196361541748,63228800,0.0,0.0
2024-04-04 00:00:00-04:00,12.390000343322754,13.520000457763672,12.100000381469727,12.369999885559082,11.896025657653809,51854600,0.0,0.0
2024-04-05 00:00:00-04:00,12.510000228881836,12.789999961853027,11.680000305175781,11.970000267028809,11.511353492736816,51436900,0.0,0.0
2024-04-08 00:00:00-04:00,11.829999923706055,11.84000015258789,11.0600004196167,11.0600004196167,10.636219024658203,36881000,0.0,0.0
2024-04-09 00:00:00-04:00,11.010000228881836,11.25,10.890000343322754,10.970000267028809,10.549671173095703,17748200,0.0,0.0
2024-04-10 00:00:00-04:00,10.699999809265137,10.979999542236328,10.119999885559082,10.5,10.097679138183594,35124900,0.0,0.0
2024-04-11 00:00:00-04:00,10.600000381469727,11.380000114440918,10.579999923706055,11.270000457763672,10.838174819946289,27581200,0.0,0.0
2024-04-12 00:00:00-04:00,11.109999656677246,11.239999771118164,10.899999618530273,10.960000038146973,10.540053367614746,14768800,0.0,0.0
2024-04-15 00:00:00-04:00,10.930000305175781,11.09000015258789,10.75,10.899999618530273,10.482351303100586,18417000,0.0,0.0
2024-04-16 00:00:00-04:00,10.699999809265137,10.829999923706055,10.369999885559082,10.430000305175781,10.030360221862793,14883100,0.0,0.0
2024-04-17 00:00:00-04:00,10.5,10.899999618530273,10.489999771118164,10.8100004196167,10.395801544189453,11543100,0.0,0.0
2024-04-18 00:00:00-04:00,10.789999961853027,11.180000305175781,10.760000228881836,10.970000267028809,10.549671173095703,11669400,0.0,0.0
2024-04-19 00:00:00-04:00,11.9399995803833,12.579999923706055,11.670000076293945,12.4399995803833,11.963343620300293,45625400,0.0,0.0
2024-04-22 00:00:00-04:00,12.460000038146973,12.529999732971191,11.930000305175781,12.380000114440918,11.905643463134766,19616800,0.0,0.0
2024-04-23 00:00:00-04:00,12.210000038146973,12.979999542236328,12.199999809265137,12.739999771118164,12.251850128173828,15385700,0.0,0.0
2024-04-24 00:00:00-04:00,12.649999618530273,12.8100004196167,12.399999618530273,12.680000305175781,12.194148063659668,9629300,0.0,0.0
2024-04-25 00:00:00-04:00,12.529999732971191,12.729999542236328,12.079999923706055,12.180000305175781,11.713306427001953,18338200,0.0,0.0
2024-04-26 00:00:00-04:00,11.890000343322754,12.229999542236328,11.819999694824219,11.90999984741211,11.453652381896973,15347000,0.0,0.0
2024-04-29 00:00:00-04:00,12.5,12.75,12.15999984741211,12.25,11.780624389648438,26501600,0.0,0.0
2024-04-30 00:00:00-04:00,12.100000381469727,12.119999885559082,11.329999923706055,11.390000343322754,10.953577995300293,23834600,0.0,0.0
2024-05-01 00:00:00-04:00,11.470000267028809,12.319999694824219,11.460000038146973,12.260000228881836,11.790242195129395,18519500,0.0,0.0
2024-05-02 00:00:00-04:00,12.270000457763672,14.0,12.0600004196167,13.859999656677246,13.328932762145996,64803800,0.0,0.0
2024-05-03 00:00:00-04:00,14.350000381469727,14.539999961853027,12.859999656677246,12.890000343322754,12.396101951599121,67049300,0.0,0.0
2024-05-06 00:00:00-04:00,13.34000015258789,13.789999961853027,13.180000305175781,13.289999961853027,12.78077507019043,23587300,0.0,0.0
2024-05-07 00:00:00-04:00,13.25,13.359999656677246,12.84000015258789,12.890000343322754,12.396101951599121,15564800,0.0,0.0
2024-05-08 00:00:00-04:00,12.800000190734863,12.90999984741211,12.600000381469727,12.819999694824219,12.32878303527832,12066800,0.0,0.0
2024-05-09 00:00:00-04:00,12.819999694824219,13.109999656677246,12.699999809265137,13.079999923706055,12.57882022857666,10530600,0.0,0.0
2024-05-10 00:00:00-04:00,13.130000114440918,13.25,13.0,13.050000190734863,12.549971580505371,9494500,0.0,0.0
2024-05-13 00:00:00-04:00,13.050000190734863,13.399999618530273,12.979999542236328,13.010000228881836,12.511504173278809,8930600,0.0,0.0
2024-05-14 00:00:00-04:00,13.149999618530273,13.359999656677246,11.890000343322754,12.329999923706055,11.857560157775879,29621000,0.0,0.0
2024-05-15 00:00:00-04:00,12.319999694824219,12.670000076293945,12.319999694824219,12.5600004196167,12.07874584197998,12064600,0.0,0.0
2024-05-16 00:00:00-04:00,12.489999771118164,12.760000228881836,12.479999542236328,12.640000343322754,12.155682563781738,8150100,0.0,0.0
2024-05-17 00:00:00-04:00,12.579999923706055,12.600000381469727,12.020000457763672,12.020000457763672,11.559436798095703,17127600,0.0,0.0
2024-05-20 00:00:00-04:00,12.289999961853027,12.289999961853027,11.899999618530273,12.020000457763672,11.559436798095703,10345300,0.0,0.0
2024-05-21 00:00:00-04:00,11.90999984741211,12.279999732971191,11.899999618530273,12.100000381469727,11.636370658874512,11484900,0.0,0.0
2024-05-22 00:00:00-04:00,12.010000228881836,12.239999771118164,11.920000076293945,12.199999809265137,11.73254108428955,6800600,0.0,0.0
2024-05-23 00:00:00-04:00,12.130000114440918,12.15999984741211,11.649999618530273,11.789999961853027,11.338250160217285,12475700,0.0,0.0
2024-05-24 00:00:00-04:00,11.859999656677246,11.979999542236328,11.729999542236328,11.960000038146973,11.501736640930176,6795900,0.0,0.0
2024-05-28 00:00:00-04:00,11.84000015258789,12.050000190734863,11.779999732971191,12.010000228881836,11.549820899963379,8082900,0.0,0.0
2024-05-29 00:00:00-04:00,11.84000015258789,11.920000076293945,11.630000114440918,11.699999809265137,11.251699447631836,7820000,0.0,0.0
2024-05-30 00:00:00-04:00,11.670000076293945,12.119999885559082,11.369999885559082,11.819999694824219,11.36709976196289,25535200,0.0,0.0
2024-05-31 00:00:00-04:00,11.890000343322754,12.130000114440918,11.75,11.90999984741211,11.453652381896973,19774900,0.0,0.0
2024-06-03 00:00:00-04:00,12.850000381469727,13.050000190734863,12.680000305175781,12.800000190734863,12.309550285339355,34518500,0.0,0.0
2024-06-04 00:00:00-04:00,12.649999618530273,12.670000076293945,12.09000015258789,12.239999771118164,11.77100658416748,18380100,0.0,0.0
2024-06-05 00:00:00-04:00,12.289999961853027,12.369999885559082,11.989999771118164,12.079999923706055,11.61713695526123,10877700,0.0,0.0
2024-06-06 00:00:00-04:00,11.989999771118164,12.1899995803833,11.899999618530273,11.970000267028809,11.511353492736816,9480400,0.0,0.0
2024-06-07 00:00:00-04:00,11.899999618530273,12.199999809265137,11.890000343322754,12.010000228881836,11.549820899963379,10860800,0.0,0.0
2024-06-10 00:00:00-04:00,11.899999618530273,12.010000228881836,11.770000457763672,11.979999542236328,11.52096939086914,8942600,0.0,0.0
2024-06-11 00:00:00-04:00,11.880000114440918,12.399999618530273,10.649999618530273,11.039999961853027,10.616988182067871,36348700,0.0,0.0
2024-06-12 00:00:00-04:00,10.680000305175781,11.15999984741211,10.680000305175781,11.119999885559082,10.693923950195312,31180700,0.0,0.0
2024-06-13 00:00:00-04:00,10.979999542236328,10.979999542236328,10.229999542236328,10.350000381469727,9.953425407409668,30459800,0.0,0.0
2024-06-14 00:00:00-04:00,10.329999923706055,10.65999984741211,10.149999618530273,10.170000076293945,9.78032112121582,15167100,0.0,0.0
2024-06-17 00:00:00-04:00,10.109999656677246,10.15999984741211,9.8100004196167,9.829999923706055,9.500055313110352,15370600,0.05,0.0
2024-06-18 00:00:00-04:00,9.8100004196167,9.90999984741211,9.539999961853027,9.609999656677246,9.287439346313477,14859900,0.0,0.0
2024-06-20 00:00:00-04:00,9.609999656677246,10.09000015258789,9.59000015258789,10.0600004196167,9.722336769104004,22311000,0.0,0.0
2024-06-21 00:00:00-04:00,10.010000228881836,10.270000457763672,10.010000228881836,10.149999618530273,9.809314727783203,20933000,0.0,0.0
2024-06-24 00:00:00-04:00,10.130000114440918,10.380000114440918,10.0,10.289999961853027,9.944615364074707,9452400,0.0,0.0
2024-06-25 00:00:00-04:00,10.0600004196167,10.25,9.829999923706055,10.109999656677246,9.77065658569336,12852200,0.0,0.0
2024-06-26 00:00:00-04:00,10.050000190734863,10.100000381469727,9.869999885559082,9.970000267028809,9.635356903076172,9644000,0.0,0.0
2024-06-27 00:00:00-04:00,9.949999809265137,10.289999961853027,9.930000305175781,10.260000228881836,9.915624618530273,12023600,0.0,0.0
2024-06-28 00:00:00-04:00,10.270000457763672,10.479999542236328,10.220000267028809,10.390000343322754,10.041260719299316,14708800,0.0,0.0
2024-07-01 00:00:00-04:00,10.390000343322754,10.479999542236328,10.0600004196167,10.140000343322754,9.799650192260742,11285400,0.0,0.0
2024-07-02 00:00:00-04:00,10.5,10.75,10.3100004196167,10.720000267028809,10.360182762145996,20170500,0.0,0.0
2024-07-03 00:00:00-04:00,12.119999885559082,12.130000114440918,11.390000343322754,11.460000038146973,11.075345039367676,35905200,0.0,0.0
2024-07-05 00:00:00-04:00,11.449999809265137,11.859999656677246,11.350000381469727,11.8100004196167,11.413597106933594,20846500,0.0,0.0
2024-07-08 00:00:00-04:00,11.960000038146973,11.960000038146973,11.109999656677246,11.180000305175781,10.804742813110352,42675400,0.0,0.0
2024-07-09 00:00:00-04:00,11.0600004196167,11.5600004196167,11.050000190734863,11.529999732971191,11.142995834350586,22295800,0.0,0.0
2024-07-10 00:00:00-04:00,11.569999694824219,11.819999694824219,11.489999771118164,11.699999809265137,11.307289123535156,16335400,0.0,0.0
2024-07-11 00:00:00-04:00,11.789999961853027,11.880000114440918,11.640000343322754,11.729999542236328,11.336283683776855,9200700,0.0,0.0
2024-07-12 00:00:00-04:00,11.720000267028809,11.789999961853027,11.350000381469727,11.5600004196167,11.171988487243652,9730400,0.0,0.0
2024-07-15 00:00:00-04:00,11.630000114440918,11.640000343322754,11.420000076293945,11.579999923706055,11.191315650939941,6543700,0.0,0.0
2024-07-16 00:00:00-04:00,11.550000190734863,11.960000038146973,11.449999809265137,11.949999809265137,11.548898696899414,9595700,0.0,0.0
2024-07-17 00:00:00-04:00,11.819999694824219,11.970000267028809,11.800000190734863,11.869999885559082,11.471582412719727,7943300,0.0,0.0
2024-07-18 00:00:00-04:00,11.859999656677246,11.890000343322754,11.609999656677246,11.630000114440918,11.239638328552246,10673900,0.0,0.0
2024-07-19 00:00:00-04:00,11.649999618530273,11.649999618530273,11.4399995803833,11.520000457763672,11.133331298828125,6278100,0.0,0.0
2024-07-22 00:00:00-04:00,11.420000076293945,11.5600004196167,11.239999771118164,11.539999961853027,11.15265941619873,7978000,0.0,0.0
2024-07-23 00:00:00-04:00,11.449999809265137,11.789999961853027,11.420000076293945,11.739999771118164,11.345946311950684,6932100,0.0,0.0
2024-07-24 00:00:00-04:00,11.680000305175781,11.800000190734863,11.619999885559082,11.649999618530273,11.258966445922852,6750600,0.0,0.0
2024-07-25 00:00:00-04:00,11.600000381469727,11.729999542236328,11.449999809265137,11.460000038146973,11.075345039367676,9255800,0.0,0.0
2024-07-26 00:00:00-04:00,11.59000015258789,11.710000038146973,11.149999618530273,11.1899995803833,10.814408302307129,9816100,0.0,0.0
2024-07-29 00:00:00-04:00,11.199999809265137,11.279999732971191,11.029999732971191,11.0600004196167,10.688772201538086,8021000,0.0,0.0
2024-07-30 00:00:00-04:00,11.020000457763672,11.319999694824219,10.960000038146973,11.239999771118164,10.862728118896484,9522500,0.0,0.0
2024-07-31 00:00:00-04:00,11.350000381469727,11.699999809265137,11.260000228881836,11.420000076293945,11.036688804626465,15478600,0.0,0.0
2024-08-01 00:00:00-04:00,11.359999656677246,11.460000038146973,11.010000228881836,11.109999656677246,10.737092018127441,7553400,0.0,0.0
2024-08-02 00:00:00-04:00,11.0,11.130000114440918,10.75,11.0,10.630785942077637,8915000,0.0,0.0
2024-08-05 00:00:00-04:00,10.600000381469727,10.989999771118164,10.479999542236328,10.529999732971191,10.176559448242188,10478600,0.0,0.0
2024-08-06 00:00:00-04:00,10.539999961853027,10.819999694824219,10.449999809265137,10.449999809265137,10.099245071411133,10465900,0.0,0.0
2024-08-07 00:00:00-04:00,10.520000457763672,10.630000114440918,10.399999618530273,10.460000038146973,10.108909606933594,7896200,0.0,0.0
2024-08-08 00:00:00-04:00,10.399999618530273,10.449999809265137,10.109999656677246,10.210000038146973,9.867301940917969,14892300,0.0,0.0
2024-08-09 00:00:00-04:00,10.609999656677246,10.789999961853027,10.199999809265137,10.300000190734863,9.954279899597168,14193200,0.0,0.0
2024-08-12 00:00:00-04:00,10.289999961853027,10.40999984741211,10.180000305175781,10.319999694824219,9.97360897064209,6385100,0.0,0.0
2024-08-13 00:00:00-04:00,10.319999694824219,10.380000114440918,10.180000305175781,10.289999961853027,9.944615364074707,10119300,0.0,0.0
2024-08-14 00:00:00-04:00,10.300000190734863,10.329999923706055,10.180000305175781,10.229999542236328,9.886629104614258,7187100,0.0,0.0
2024-08-15 00:00:00-04:00,10.329999923706055,11.15999984741211,10.319999694824219,10.960000038146973,10.592127799987793,22511200,0.0,0.0
2024-08-16 00:00:00-04:00,10.989999771118164,11.050000190734863,10.8100004196167,11.0,10.630785942077637,9840300,0.0,0.0
2024-08-19 00:00:00-04:00,10.9399995803833,11.15999984741211,10.859999656677246,11.069999694824219,10.698434829711914,11324000,0.0,0.0
2024-08-20 00:00:00-04:00,10.720000267028809,11.09000015258789,10.6899995803833,10.9399995803833,10.572798728942871,12681800,0.0,0.0
2024-08-21 00:00:00-04:00,11.050000190734863,11.199999809265137,10.979999542236328,11.09000015258789,10.71776294708252,7176000,0.0,0.0
2024-08-22 00:00:00-04:00,11.210000038146973,11.300000190734863,11.050000190734863,11.180000305175781,10.804742813110352,7863300,0.0,0.0
2024-08-23 00:00:00-04:00,11.109999656677246,11.399999618530273,11.029999732971191,11.359999656677246,10.9787015914917,7642300,0.0,0.0
2024-08-26 00:00:00-04:00,11.380000114440918,11.460000038146973,11.279999732971191,11.329999923706055,10.949707984924316,9390300,0.0,0.0
2024-08-27 00:00:00-04:00,10.890000343322754,10.949999809265137,10.510000228881836,10.520000457763672,10.166894912719727,17312700,0.0,0.0
2024-08-28 00:00:00-04:00,10.5,10.789999961853027,10.489999771118164,10.699999809265137,10.340855598449707,9517700,0.0,0.0
2024-08-29 00:00:00-04:00,10.729999542236328,10.819999694824219,10.4399995803833,10.460000038146973,10.108909606933594,11261800,0.0,0.0
2024-08-30 00:00:00-04:00,10.5600004196167,10.600000381469727,10.270000457763672,10.470000267028809,10.118575096130371,18652600,0.0,0.0
2024-09-03 00:00:00-04:00,10.420000076293945,10.529999732971191,10.319999694824219,10.420000076293945,10.070252418518066,7184300,0.0,0.0
2024-09-04 00:00:00-04:00,10.460000038146973,10.5600004196167,10.420000076293945,10.460000038146973,10.108909606933594,7891100,0.0,0.0
2024-09-05 00:00:00-04:00,10.5,10.579999923706055,10.350000381469727,10.380000114440918,10.031594276428223,10023300,0.0,0.0
2024-09-06 00:00:00-04:00,10.390000343322754,10.420000076293945,10.079999923706055,10.09000015258789,9.751328468322754,8040200,0.0,0.0
2024-09-09 00:00:00-04:00,10.100000381469727,10.359999656677246,10.069999694824219,10.3100004196167,9.963944435119629,9985400,0.0,0.0
2024-09-10 00:00:00-04:00,10.329999923706055,10.350000381469727,10.010000228881836,10.09000015258789,9.751328468322754,8484900,0.0,0.0
2024-09-11 00:00:00-04:00,10.09000015258789,10.130000114440918,9.949999809265137,9.979999542236328,9.645020484924316,7634600,0.0,0.0
2024-09-12 00:00:00-04:00,10.050000190734863,10.279999732971191,9.979999542236328,10.260000228881836,9.915624618530273,7202800,0.0,0.0
2024-09-13 00:00:00-04:00,10.300000190734863,10.619999885559082,10.300000190734863,10.569999694824219,10.215217590332031,8732500,0.0,0.0
2024-09-16 00:00:00-04:00,10.59000015258789,10.65999984741211,10.359999656677246,10.420000076293945,10.118115425109863,6489100,0.05,0.0
2024-09-17 00:00:00-04:00,10.449999809265137,10.640000343322754,10.319999694824219,10.4399995803833,10.137535095214844,5793000,0.0,0.0
2024-09-18 00:00:00-04:00,10.489999771118164,10.760000228881836,10.470000267028809,10.5600004196167,10.254058837890625,7193200,0.0,0.0
2024-09-19 00:00:00-04:00,10.720000267028809,10.84000015258789,10.359999656677246,10.460000038146973,10.156956672668457,6670400,0.0,0.0
2024-09-20 00:00:00-04:00,10.430000305175781,10.460000038146973,10.279999732971191,10.369999885559082,10.069562911987305,33505500,0.0,0.0
2024-09-23 00:00:00-04:00,10.369999885559082,10.420000076293945,10.289999961853027,10.380000114440918,10.07927417755127,5902300,0.0,0.0
2024-09-24 00:00:00-04:00,10.420000076293945,10.550000190734863,10.34000015258789,10.550000190734863,10.244348526000977,4747500,0.0,0.0
2024-09-25 00:00:00-04:00,10.529999732971191,10.5600004196167,10.40999984741211,10.550000190734863,10.244348526000977,4942500,0.0,0.0
2024-09-26 00:00:00-04:00,10.600000381469727,10.670000076293945,10.510000228881836,10.65999984741211,10.351162910461426,4399000,0.0,0.0
2024-09-27 00:00:00-04:00,10.739999771118164,10.899999618530273,10.619999885559082,10.789999961853027,10.477395057678223,5269800,0.0,0.0
2024-09-30 00:00:00-04:00,10.699999809265137,10.760000228881836,10.550000190734863,10.619999885559082,10.312320709228516,7416200,0.0,0.0
2024-10-01 00:00:00-04:00,10.600000381469727,10.739999771118164,10.550000190734863,10.600000381469727,10.292901992797852,5953800,0.0,0.0
2024-10-02 00:00:00-04:00,10.600000381469727,10.630000114440918,10.420000076293945,10.430000305175781,10.127825736999512,5171000,0.0,0.0
2024-10-03 00:00:00-04:00,10.390000343322754,10.529999732971191,10.270000457763672,10.449999809265137,10.147245407104492,6605000,0.0,0.0
2024-10-04 00:00:00-04:00,10.510000228881836,10.5600004196167,10.390000343322754,10.520000457763672,10.215217590332031,5152100,0.0,0.0
2024-10-07 00:00:00-04:00,10.510000228881836,10.550000190734863,10.40999984741211,10.520000457763672,10.215217590332031,4937800,0.0,0.0
2024-10-08 00:00:00-04:00,10.460000038146973,10.520000457763672,10.420000076293945,10.5,10.195796966552734,4109100,0.0,0.0
2024-10-09 00:00:00-04:00,10.470000267028809,10.59000015258789,10.449999809265137,10.550000190734863,10.244348526000977,6750700,0.0,0.0
2024-10-10 00:00:00-04:00,10.510000228881836,10.550000190734863,10.319999694824219,10.34000015258789,10.040432929992676,4974400,0.0,0.0
2024-10-11 00:00:00-04:00,10.300000190734863,10.449999809265137,10.300000190734863,10.350000381469727,10.05014419555664,4382500,0.0,0.0
2024-10-14 00:00:00-04:00,10.350000381469727,10.430000305175781,10.329999923706055,10.369999885559082,10.069562911987305,3350500,0.0,0.0
2024-10-15 00:00:00-04:00,10.350000381469727,10.510000228881836,10.350000381469727,10.5,10.195796966552734,6693000,0.0,0.0
2024-10-16 00:00:00-04:00,10.479999542236328,10.600000381469727,10.479999542236328,10.520000457763672,10.215217590332031,4658600,0.0,0.0
2024-10-17 00:00:00-04:00,10.489999771118164,10.520000457763672,10.279999732971191,10.329999923706055,10.030722618103027,9025300,0.0,0.0
2024-10-18 00:00:00-04:00,10.460000038146973,10.520000457763672,10.40999984741211,10.449999809265137,10.147245407104492,4590700,0.0,0.0
2024-10-21 00:00:00-04:00,10.460000038146973,10.479999542236328,10.3100004196167,10.3100004196167,10.011301040649414,5225400,0.0,0.0
2024-10-22 00:00:00-04:00,10.300000190734863,10.380000114440918,10.270000457763672,10.270000457763672,9.972461700439453,5931500,0.0,0.0
2024-10-23 00:00:00-04:00,10.270000457763672,10.359999656677246,10.220000267028809,10.3100004196167,10.011301040649414,4890600,0.0,0.0
2024-10-24 00:00:00-04:00,10.3100004196167,10.34000015258789,10.239999771118164,10.300000190734863,10.001591682434082,3633000,0.0,0.0
2024-10-25 00:00:00-04:00,10.319999694824219,10.449999809265137,10.25,10.270000457763672,9.972461700439453,5719700,0.0,0.0
2024-10-28 00:00:00-04:00,10.34000015258789,10.5,10.289999961853027,10.430000305175781,10.127825736999512,5253800,0.0,0.0
2024-10-29 00:00:00-04:00,10.390000343322754,10.529999732971191,10.369999885559082,10.470000267028809,10.166666030883789,3973100,0.0,0.0
2024-10-30 00:00:00-04:00,10.399999618530273,10.670000076293945,10.390000343322754,10.65999984741211,10.351162910461426,5231700,0.0,0.0
2024-10-31 00:00:00-04:00,10.75,10.979999542236328,10.710000038146973,10.9399995803833,10.62304973602295,8559600,0.0,0.0
2024-11-01 00:00:00-04:00,10.90999984741211,11.0,10.720000267028809,10.979999542236328,10.661890029907227,6577400,0.0,0.0
2024-11-04 00:00:00-05:00,11.0,11.050000190734863,10.84000015258789,10.869999885559082,10.55507755279541,4809700,0.0,0.0
2024-11-05 00:00:00-05:00,10.890000343322754,11.140000343322754,10.829999923706055,11.09000015258789,10.768704414367676,6898200,0.0,0.0
2024-11-06 00:00:00-05:00,11.220000267028809,11.449999809265137,11.109999656677246,11.380000114440918,11.050302505493164,12576200,0.0,0.0
2024-11-07 00:00:00-05:00,11.369999885559082,11.550000190734863,11.270000457763672,11.529999732971191,11.195956230163574,10617900,0.0,0.0
2024-11-08 00:00:00-05:00,11.510000228881836,11.539999961853027,10.869999885559082,11.069999694824219,10.749283790588379,15682600,0.0,0.0
2024-11-11 00:00:00-05:00,11.15999984741211,11.59000015258789,11.100000381469727,11.550000190734863,11.215376853942871,14093800,0.0,0.0
2024-11-12 00:00:00-05:00,11.399999618530273,11.520000457763672,11.239999771118164,11.449999809265137,11.118274688720703,10026800,0.0,0.0
2024-11-13 00:00:00-05:00,11.5,11.510000228881836,11.140000343322754,11.15999984741211,10.836676597595215,12007300,0.0,0.0
2024-11-14 00:00:00-05:00,11.239999771118164,11.380000114440918,11.100000381469727,11.350000381469727,11.021172523498535,9294800,0.0,0.0
2024-11-15 00:00:00-05:00,11.239999771118164,11.380000114440918,10.800000190734863,10.84000015258789,10.525945663452148,14795800,0.0,0.0
2024-11-18 00:00:00-05:00,10.779999732971191,10.90999984741211,10.5600004196167,10.609999656677246,10.30260944366455,12238900,0.0,0.0
2024-11-19 00:00:00-05:00,10.510000228881836,10.550000190734863,10.270000457763672,10.329999923706055,10.030722618103027,16248600,0.0,0.0
2024-11-20 00:00:00-05:00,10.350000381469727,10.600000381469727,10.289999961853027,10.579999923706055,10.273478507995605,8702400,0.0,0.0
2024-11-21 00:00:00-05:00,10.529999732971191,11.119999885559082,10.529999732971191,11.09000015258789,10.768704414367676,11221100,0.0,0.0
2024-11-22 00:00:00-05:00,11.100000381469727,11.1899995803833,10.850000381469727,10.880000114440918,10.564788818359375,11242700,0.0,0.0
2024-11-25 00:00:00-05:00,10.800000190734863,11.25,10.779999732971191,11.119999885559082,10.797833442687988,55191500,0.0,0.0
2024-11-26 00:00:00-05:00,11.109999656677246,11.1899995803833,10.600000381469727,10.640000343322754,10.331741333007812,13048300,0.0,0.0
2024-11-27 00:00:00-05:00,10.609999656677246,10.869999885559082,10.579999923706055,10.770000457763672,10.457975387573242,11266300,0.0,0.0
2024-11-29 00:00:00-05:00,10.789999961853027,10.920000076293945,10.760000228881836,10.850000381469727,10.535656929016113,3651800,0.0,0.0
2024-12-02 00:00:00-05:00,10.880000114440918,11.0,10.75,10.979999542236328,10.661890029907227,6265800,0.0,0.0
2024-12-03 00:00:00-05:00,10.890000343322754,10.989999771118164,10.789999961853027,10.920000076293945,10.603628158569336,5923400,0.0,0.0
2024-12-04 00:00:00-05:00,10.84000015258789,11.100000381469727,10.84000015258789,11.020000457763672,10.700732231140137,8061700,0.0,0.0
2024-12-05 00:00:00-05:00,11.010000228881836,11.079999923706055,10.770000457763672,10.8100004196167,10.496816635131836,7051400,0.0,0.0
2024-12-06 00:00:00-05:00,10.850000381469727,10.989999771118164,10.680000305175781,10.989999771118164,10.671601295471191,7609400,0.0,0.0
2024-12-09 00:00:00-05:00,11.029999732971191,11.220000267028809,10.930000305175781,11.170000076293945,10.846385955810547,11064900,0.0,0.0
2024-12-10 00:00:00-05:00,11.09000015258789,11.279999732971191,11.020000457763672,11.199999809265137,10.875516891479492,8990300,0.0,0.0
2024-12-11 00:00:00-05:00,11.180000305175781,11.279999732971191,11.0600004196167,11.1899995803833,10.865806579589844,9915500,0.0,0.0
2024-12-12 00:00:00-05:00,11.270000457763672,11.6899995803833,11.140000343322754,11.630000114440918,11.293059349060059,11272600,0.0,0.0
2024-12-13 00:00:00-05:00,11.640000343322754,11.649999618530273,11.199999809265137,11.220000267028809,10.894937515258789,5618800,0.0,0.0
2024-12-16 00:00:00-05:00,11.180000305175781,11.239999771118164,10.960000038146973,10.979999542236328,10.709615707397461,8274700,0.05,0.0
2024-12-17 00:00:00-05:00,10.90999984741211,10.960000038146973,10.789999961853027,10.8100004196167,10.543803215026855,7242400,0.0,0.0
2024-12-18 00:00:00-05:00,10.850000381469727,11.050000190734863,10.640000343322754,10.680000305175781,10.417003631591797,12328500,0.0,0.0
2024-12-19 00:00:00-05:00,10.720000267028809,10.819999694824219,10.569999694824219,10.579999923706055,10.319465637207031,9067300,0.0,0.0
2024-12-20 00:00:00-05:00,10.59000015258789,10.880000114440918,10.479999542236328,10.65999984741211,10.39749813079834,18990900,0.0,0.0
2024-12-23 00:00:00-05:00,10.619999885559082,10.649999618530273,10.329999923706055,10.350000381469727,10.095131874084473,9671800,0.0,0.0
2024-12-24 00:00:00-05:00,10.380000114440918,10.449999809265137,10.3100004196167,10.420000076293945,10.163407325744629,4116200,0.0,0.0
2024-12-26 00:00:00-05:00,10.390000343322754,10.470000267028809,10.329999923706055,10.4399995803833,10.182913780212402,6849800,0.0,0.0
2024-12-27 00:00:00-05:00,10.390000343322754,10.550000190734863,10.319999694824219,10.399999618530273,10.143898963928223,5766200,0.0,0.0
2024-12-30 00:00:00-05:00,10.350000381469727,10.399999618530273,10.210000038146973,10.34000015258789,10.085376739501953,8242100,0.0,0.0
2024-12-31 00:00:00-05:00,10.34000015258789,10.5,10.329999923706055,10.460000038146973,10.202422142028809,9559000,0.0,0.0
2025-01-02 00:00:00-05:00,10.510000228881836,10.609999656677246,10.399999618530273,10.579999923706055,10.319465637207031,9216900,0.0,0.0
2025-01-03 00:00:00-05:00,10.600000381469727,10.75,10.520000457763672,10.670000076293945,10.407251358032227,5765700,0.0,0.0
2025-01-06 00:00:00-05:00,10.779999732971191,10.989999771118164,10.75,10.930000305175781,10.660847663879395,7853300,0.0,0.0
2025-01-07 00:00:00-05:00,11.0,11.050000190734863,10.84000015258789,10.890000343322754,10.621832847595215,6841200,0.0,0.0
2025-01-08 00:00:00-05:00,10.789999961853027,10.819999694824219,10.460000038146973,10.640000343322754,10.377988815307617,8025400,0.0,0.0
2025-01-10 00:00:00-05:00,10.529999732971191,10.630000114440918,10.460000038146973,10.479999542236328,10.221928596496582,10085800,0.0,0.0
2025-01-13 00:00:00-05:00,10.449999809265137,10.760000228881836,10.40999984741211,10.720000267028809,10.456018447875977,8253900,0.0,0.0
2025-01-14 00:00:00-05:00,10.710000038146973,10.760000228881836,10.569999694824219,10.670000076293945,10.407251358032227,6133200,0.0,0.0
2025-01-15 00:00:00-05:00,10.800000190734863,10.829999923706055,10.4399995803833,10.4399995803833,10.182913780212402,9453600,0.0,0.0
2025-01-16 00:00:00-05:00,10.4399995803833,10.470000267028809,10.15999984741211,10.15999984741211,9.909809112548828,14965800,0.0,0.0
2025-01-17 00:00:00-05:00,10.279999732971191,10.449999809265137,10.199999809265137,10.270000457763672,10.017101287841797,9459900,0.0,0.0
2025-01-21 00:00:00-05:00,10.289999961853027,10.510000228881836,10.25,10.479999542236328,10.221928596496582,7972400,0.0,0.0
2025-01-22 00:00:00-05:00,10.5,10.59000015258789,10.399999618530273,10.510000228881836,10.251190185546875,10114900,0.0,0.0
2025-01-23 00:00:00-05:00,10.5600004196167,10.880000114440918,10.5,10.869999885559082,10.602325439453125,8743400,0.0,0.0
2025-01-24 00:00:00-05:00,10.869999885559082,11.270000457763672,10.760000228881836,11.069999694824219,10.79740047454834,22305800,0.0,0.0
2025-01-27 00:00:00-05:00,11.050000190734863,11.1899995803833,10.899999618530273,11.15999984741211,10.885184288024902,7964000,0.0,0.0
2025-01-28 00:00:00-05:00,11.140000343322754,11.149999618530273,10.960000038146973,11.0600004196167,10.787646293640137,7049400,0.0,0.0
2025-01-29 00:00:00-05:00,11.039999961853027,11.180000305175781,11.0,11.09000015258789,10.81690788269043,12097100,0.0,0.0
2025-01-30 00:00:00-05:00,11.149999618530273,11.180000305175781,10.829999923706055,10.979999542236328,10.709615707397461,6086600,0.0,0.0
2025-01-31 00:00:00-05:00,10.9399995803833,11.020000457763672,10.819999694824219,10.880000114440918,10.612079620361328,6730700,0.0,0.0
2025-02-03 00:00:00-05:00,10.680000305175781,10.84000015258789,10.65999984741211,10.729999542236328,10.465773582458496,7747900,0.0,0.0
2025-02-04 00:00:00-05:00,10.770000457763672,10.979999542236328,10.699999809265137,10.920000076293945,10.651093482971191,5069800,0.0,0.0
2025-02-05 00:00:00-05:00,10.880000114440918,10.90999984741211,10.779999732971191,10.84000015258789,10.573062896728516,7610000,0.0,0.0
2025-02-06 00:00:00-05:00,10.960000038146973,10.989999771118164,10.729999542236328,10.84000015258789,10.573062896728516,6509000,0.0,0.0
2025-02-07 00:00:00-05:00,10.920000076293945,10.970000267028809,10.579999923706055,10.630000114440918,10.36823558807373,9713800,0.0,0.0
2025-02-10 00:00:00-05:00,10.649999618530273,10.680000305175781,10.529999732971191,10.550000190734863,10.290205001831055,6986900,0.0,0.0
2025-02-11 00:00:00-05:00,10.520000457763672,10.710000038146973,10.5,10.569999694824219,10.309713363647461,6600800,0.0,0.0
2025-02-12 00:00:00-05:00,10.510000228881836,10.6899995803833,10.489999771118164,10.640000343322754,10.377988815307617,7056800,0.0,0.0
2025-02-13 00:00:00-05:00,10.649999618530273,10.899999618530273,10.609999656677246,10.8100004196167,10.543803215026855,8157300,0.0,0.0
2025-02-14 00:00:00-05:00,10.890000343322754,11.34000015258789,10.84000015258789,11.300000190734863,11.021736145019531,15196900,0.0,0.0
2025-02-18 00:00:00-05:00,11.319999694824219,11.329999923706055,11.170000076293945,11.3100004196167,11.031489372253418,8662300,0.0,0.0
2025-02-19 00:00:00-05:00,11.319999694824219,11.569999694824219,11.289999961853027,11.4399995803833,11.158287048339844,12558300,0.0,0.0
2025-02-20 00:00:00-05:00,11.420000076293945,11.529999732971191,11.380000114440918,11.470000267028809,11.18755054473877,8716500,0.0,0.0
2025-02-21 00:00:00-05:00,11.529999732971191,11.630000114440918,11.460000038146973,11.489999771118164,11.207056999206543,10479100,0.0,0.0
2025-02-24 00:00:00-05:00,11.529999732971191,11.829999923706055,11.420000076293945,11.670000076293945,11.382625579833984,12170900,0.0,0.0
2025-02-25 00:00:00-05:00,11.699999809265137,11.869999885559082,11.489999771118164,11.5,11.216811180114746,6808500,0.0,0.0
2025-02-26 00:00:00-05:00,11.5,11.600000381469727,11.119999885559082,11.220000267028809,10.943706512451172,10721000,0.0,0.0
2025-02-27 00:00:00-05:00,10.949999809265137,11.390000343322754,10.84000015258789,11.239999771118164,10.963212966918945,13022700,0.0,0.0
2025-02-28 00:00:00-05:00,11.239999771118164,11.460000038146973,11.109999656677246,11.359999656677246,11.0802583694458,10644800,0.0,0.0
2025-03-03 00:00:00-05:00,11.369999885559082,11.460000038146973,11.279999732971191,11.3100004196167,11.031489372253418,7531500,0.0,0.0
2025-03-04 00:00:00-05:00,11.270000457763672,11.569999694824219,11.25,11.479999542236328,11.197303771972656,9896800,0.0,0.0
2025-03-05 00:00:00-05:00,11.550000190734863,11.600000381469727,11.420000076293945,11.510000228881836,11.22656536102295,7340600,0.0,0.0
2025-03-06 00:00:00-05:00,11.5,11.800000190734863,11.390000343322754,11.760000228881836,11.470409393310547,9580300,0.0,0.0
2025-03-07 00:00:00-05:00,11.739999771118164,12.539999961853027,11.670000076293945,12.140000343322754,11.841052055358887,23490100,0.0,0.0
2025-03-10 00:00:00-04:00,12.029999732971191,12.260000228881836,11.899999618530273,12.0,11.704499244689941,9701200,0.0,0.0
2025-03-11 00:00:00-04:00,11.960000038146973,12.010000228881836,11.449999809265137,11.470000267028809,11.18755054473877,9890300,0.0,0.0
2025-03-12 00:00:00-04:00,11.550000190734863,11.600000381469727,11.270000457763672,11.579999923706055,11.294840812683105,8263300,0.0,0.0
2025-03-13 00:00:00-04:00,11.5,11.739999771118164,11.460000038146973,11.640000343322754,11.353363990783691,8631100,0.0,0.0
2025-03-14 00:00:00-04:00,11.699999809265137,11.819999694824219,11.550000190734863,11.6899995803833,11.402132034301758,7311000,0.0,0.0
2025-03-17 00:00:00-04:00,11.739999771118164,11.800000190734863,11.640000343322754,11.680000305175781,11.441315650939941,4617800,0.05,0.0
2025-03-18 00:00:00-04:00,11.619999885559082,11.699999809265137,11.489999771118164,11.65999984741211,11.421724319458008,5674500,0.0,0.0
2025-03-19 00:00:00-04:00,11.65999984741211,11.779999732971191,11.649999618530273,11.739999771118164,11.500088691711426,4716900,0.0,0.0
2025-03-20 00:00:00-04:00,11.680000305175781,12.100000381469727,11.649999618530273,11.930000305175781,11.686205863952637,7015300,0.0,0.0
2025-03-21 00:00:00-04:00,11.920000076293945,12.0,11.760000228881836,11.859999656677246,11.617636680603027,14225600,0.0,0.0
2025-03-24 00:00:00-04:00,11.979999542236328,12.010000228881836,11.539999961853027,11.640000343322754,11.402132987976074,8707200,0.0,0.0
2025-03-25 00:00:00-04:00,11.6899995803833,11.6899995803833,11.5,11.609999656677246,11.372745513916016,5114600,0.0,0.0
2025-03-26 00:00:00-04:00,11.670000076293945,11.920000076293945,11.649999618530273,11.859999656677246,11.617636680603027,9531000,0.0,0.0
2025-03-27 00:00:00-04:00,11.899999618530273,11.899999618530273,11.640000343322754,11.680000305175781,11.441315650939941,4951500,0.0,0.0
2025-03-28 00:00:00-04:00,11.619999885559082,11.649999618530273,11.479999542236328,11.5600004196167,11.32376766204834,5616800,0.0,0.0
2025-03-31 00:00:00-04:00,11.479999542236328,11.989999771118164,11.449999809265137,11.960000038146973,11.715594291687012,27065100,0.0,0.0
2025-04-01 00:00:00-04:00,11.979999542236328,12.020000457763672,11.720000267028809,11.729999542236328,11.490293502807617,8941400,0.0,0.0
2025-04-02 00:00:00-04:00,11.609999656677246,12.0,11.430000305175781,11.899999618530273,11.656819343566895,9139800,0.0,0.0
2025-04-03 00:00:00-04:00,11.710000038146973,11.970000267028809,11.470000267028809,11.479999542236328,11.245401382446289,12422900,0.0,0.0
2025-04-04 00:00:00-04:00,11.289999961853027,11.329999923706055,10.869999885559082,11.069999694824219,10.843780517578125,12062000,0.0,0.0
2025-04-07 00:00:00-04:00,10.710000038146973,11.329999923706055,10.579999923706055,10.859999656677246,10.63807201385498,10078500,0.0,0.0
2025-04-08 00:00:00-04:00,11.140000343322754,11.140000343322754,10.59000015258789,10.649999618530273,10.432364463806152,9428100,0.0,0.0
2025-04-09 00:00:00-04:00,10.510000228881836,11.600000381469727,10.470000267028809,11.140000343322754,10.912351608276367,13870800,0.0,0.0
2025-04-10 00:00:00-04:00,11.130000114440918,11.140000343322754,10.779999732971191,10.920000076293945,10.696846008300781,9002300,0.0,0.0
2025-04-11 00:00:00-04:00,10.970000267028809,11.020000457763672,10.640000343322754,10.6899995803833,10.471546173095703,5527900,0.0,0.0
2025-04-14 00:00:00-04:00,10.75,10.899999618530273,10.529999732971191,10.6899995803833,10.471546173095703,7252100,0.0,0.0
2025-04-15 00:00:00-04:00,10.699999809265137,10.90999984741211,10.65999984741211,10.859999656677246,10.63807201385498,7281300,0.0,0.0
2025-04-16 00:00:00-04:00,10.8100004196167,10.880000114440918,10.619999885559082,10.710000038146973,10.491138458251953,6800400,0.0,0.0
2025-04-17 00:00:00-04:00,10.800000190734863,11.020000457763672,10.6899995803833,10.9399995803833,10.716436386108398,6698700,0.0,0.0
2025-04-21 00:00:00-04:00,10.850000381469727,10.930000305175781,10.729999542236328,10.760000228881836,10.540116310119629,8080100,0.0,0.0
2025-04-22 00:00:00-04:00,10.829999923706055,11.020000457763672,10.819999694824219,10.979999542236328,10.755620956420898,8037700,0.0,0.0
2025-04-23 00:00:00-04:00,11.109999656677246,11.279999732971191,11.0600004196167,11.199999809265137,10.971124649047852,7790600,0.0,0.0
2025-04-24 00:00:00-04:00,11.210000038146973,11.479999542236328,11.130000114440918,11.430000305175781,11.19642448425293,7738800,0.0,0.0
2025-04-25 00:00:00-04:00,11.430000305175781,11.75,11.420000076293945,11.729999542236328,11.490293502807617,9442400,0.0,0.0
2025-04-28 00:00:00-04:00,11.710000038146973,11.75,11.600000381469727,11.6899995803833,11.45111083984375,5973300,0.0,0.0
2025-04-29 00:00:00-04:00,11.649999618530273,11.779999732971191,11.569999694824219,11.75,11.50988483428955,6566200,0.0,0.0
2025-04-30 00:00:00-04:00,11.59000015258789,11.770000457763672,11.399999618530273,11.739999771118164,11.500088691711426,9558900,0.0,0.0
2025-05-01 00:00:00-04:00,11.739999771118164,11.739999771118164,11.59000015258789,11.649999618530273,11.4119291305542,6187900,0.0,0.0
2025-05-02 00:00:00-04:00,11.75,11.829999923706055,11.420000076293945,11.430000305175781,11.19642448425293,8118200,0.0,0.0
2025-05-05 00:00:00-04:00,11.199999809265137,11.399999618530273,11.15999984741211,11.25,11.020102500915527,8507100,0.0,0.0
2025-05-06 00:00:00-04:00,11.170000076293945,11.529999732971191,11.109999656677246,11.5,11.264994621276855,6553000,0.0,0.0
2025-05-07 00:00:00-04:00,11.5,11.729999542236328,11.460000038146973,11.569999694824219,11.333563804626465,6747000,0.0,0.0
2025-05-08 00:00:00-04:00,11.520000457763672,11.720000267028809,11.449999809265137,11.680000305175781,11.441315650939941,7212600,0.0,0.0
2025-05-09 00:00:00-04:00,11.819999694824219,12.039999961853027,11.729999542236328,11.9399995803833,11.696001052856445,10208500,0.0,0.0
2025-05-12 00:00:00-04:00,12.0600004196167,12.09000015258789,11.920000076293945,11.949999809265137,11.705798149108887,8104900,0.0,0.0
2025-05-13 00:00:00-04:00,11.970000267028809,12.050000190734863,11.90999984741211,11.989999771118164,11.744979858398438,5141100,0.0,0.0
2025-05-14 00:00:00-04:00,12.010000228881836,12.079999923706055,11.739999771118164,11.8100004196167,11.568659782409668,7454300,0.0,0.0
2025-05-15 00:00:00-04:00,11.819999694824219,11.899999618530273,11.760000228881836,11.899999618530273,11.656819343566895,5352400,0.0,0.0
2025-05-16 00:00:00-04:00,11.899999618530273,11.930000305175781,11.670000076293945,11.699999809265137,11.460906982421875,10259000,0.0,0.0
2025-05-19 00:00:00-04:00,11.760000228881836,11.869999885559082,11.619999885559082,11.779999732971191,11.539271354675293,6316300,0.0,0.0
2025-05-20 00:00:00-04:00,11.739999771118164,11.890000343322754,11.739999771118164,11.869999885559082,11.627431869506836,5254000,0.0,0.0
2025-05-21 00:00:00-04:00,11.850000381469727,12.029999732971191,11.800000190734863,11.890000343322754,11.647024154663086,9160700,0.0,0.0
2025-05-22 00:00:00-04:00,11.90999984741211,11.930000305175781,11.84000015258789,11.859999656677246,11.617636680603027,4032000,0.0,0.0
2025-05-23 00:00:00-04:00,11.829999923706055,12.029999732971191,11.789999961853027,11.970000267028809,11.72538948059082,4866700,0.0,0.0
2025-05-27 00:00:00-04:00,12.050000190734863,12.079999923706055,11.970000267028809,12.029999732971191,11.784163475036621,4326400,0.0,0.0
2025-05-28 00:00:00-04:00,12.0,12.130000114440918,11.960000038146973,12.09000015258789,11.842936515808105,6120100,0.0,0.0
2025-05-29 00:00:00-04:00,12.050000190734863,12.180000305175781,11.979999542236328,12.180000305175781,11.931099891662598,6924400,0.0,0.0
2025-05-30 00:00:00-04:00,12.15999984741211,12.229999542236328,12.010000228881836,12.100000381469727,11.85273265838623,9097500,0.0,0.0
2025-06-02 00:00:00-04:00,12.039999961853027,12.15999984741211,11.850000381469727,11.9399995803833,11.696001052856445,8611900,0.0,0.0
2025-06-03 00:00:00-04:00,11.949999809265137,12.100000381469727,11.880000114440918,12.010000228881836,11.764572143554688,5524700,0.0,0.0
2025-06-04 00:00:00-04:00,12.020000457763672,12.079999923706055,11.920000076293945,11.930000305175781,11.686205863952637,4624700,0.0,0.0
2025-06-05 00:00:00-04:00,11.960000038146973,12.140000343322754,11.869999885559082,11.899999618530273,11.656819343566895,6600700,0.0,0.0
2025-06-06 00:00:00-04:00,12.050000190734863,12.069999694824219,11.880000114440918,11.920000076293945,11.676410675048828,4884400,0.0,0.0
2025-06-09 00:00:00-04:00,11.90999984741211,12.020000457763672,11.880000114440918,12.0,11.754776000976562,4614200,0.0,0.0
2025-06-10 00:00:00-04:00,11.960000038146973,12.199999809265137,11.9399995803833,12.170000076293945,11.92130184173584,6573900,0.0,0.0
2025-06-11 00:00:00-04:00,12.1899995803833,12.289999961853027,12.140000343322754,12.239999771118164,11.989870071411133,6809900,0.0,0.0
2025-06-12 00:00:00-04:00,12.220000267028809,12.229999542236328,11.800000190734863,11.9399995803833,11.696001052856445,9140400,0.0,0.0
2025-06-13 00:00:00-04:00,11.890000343322754,11.960000038146973,11.779999732971191,11.890000343322754,11.647024154663086,5725100,0.0,0.0
2025-06-16 00:00:00-04:00,11.979999542236328,12.020000457763672,11.899999618530273,11.989999771118164,11.79457950592041,5138800,0.05,0.0
2025-06-17 00:00:00-04:00,11.9399995803833,12.010000228881836,11.850000381469727,11.970000267028809,11.774906158447266,10746300,0.0,0.0
2025-06-18 00:00:00-04:00,12.069999694824219,12.199999809265137,11.960000038146973,12.039999961853027,11.843764305114746,9770900,0.0,0.0
2025-06-20 00:00:00-04:00,12.109999656677246,12.369999885559082,12.0600004196167,12.350000381469727,12.148711204528809,27163800,0.0,0.0
2025-06-23 00:00:00-04:00,12.359999656677246,12.460000038146973,12.289999961853027,12.319999694824219,12.119200706481934,6341000,0.0,0.0
2025-06-24 00:00:00-04:00,12.319999694824219,12.449999809265137,12.210000038146973,12.210000038146973,12.010993957519531,4993100,0.0,0.0
2025-06-25 00:00:00-04:00,12.140000343322754,12.270000457763672,12.130000114440918,12.220000267028809,12.020831108093262,5850400,0.0,0.0
2025-06-26 00:00:00-04:00,12.289999961853027,12.380000114440918,12.25,12.319999694824219,12.119200706481934,5008500,0.0,0.0
2025-06-27 00:00:00-04:00,12.380000114440918,12.539999961853027,12.350000381469727,12.529999732971191,12.325778007507324,8020200,0.0,0.0
2025-06-30 00:00:00-04:00,12.550000190734863,12.920000076293945,12.550000190734863,12.899999618530273,12.68974781036377,12951100,0.0,0.0
2025-07-01 00:00:00-04:00,12.899999618530273,13.270000457763672,12.869999885559082,13.15999984741211,12.945509910583496,12925600,0.0,0.0
2025-07-02 00:00:00-04:00,13.239999771118164,13.289999961853027,12.819999694824219,12.84000015258789,12.630725860595703,10630400,0.0,0.0
2025-07-03 00:00:00-04:00,12.890000343322754,12.949999809265137,12.819999694824219,12.899999618530273,12.68974781036377,4141400,0.0,0.0
2025-07-07 00:00:00-04:00,12.890000343322754,12.890000343322754,12.520000457763672,12.529999732971191,12.325778007507324,9746000,0.0,0.0
2025-07-08 00:00:00-04:00,12.550000190734863,12.6899995803833,12.420000076293945,12.630000114440918,12.424149513244629,7522800,0.0,0.0
2025-07-09 00:00:00-04:00,12.729999542236328,12.850000381469727,12.579999923706055,12.609999656677246,12.404473304748535,7622500,0.0,0.0
2025-07-10 00:00:00-04:00,12.640000343322754,12.800000190734863,12.550000190734863,12.770000457763672,12.56186580657959,5848900,0.0,0.0
2025-07-11 00:00:00-04:00,12.6899995803833,12.760000228881836,12.569999694824219,12.75,12.542191505432129,4084500,0.0,0.0
2025-07-14 00:00:00-04:00,12.670000076293945,13.050000190734863,12.65999984741211,13.0,12.788117408752441,10525400,0.0,0.0
2025-07-15 00:00:00-04:00,13.069999694824219,13.069999694824219,12.930000305175781,12.960000038146973,12.748770713806152,9600400,0.0,0.0
2025-07-16 00:00:00-04:00,12.989999771118164,13.029999732971191,12.9399995803833,12.970000267028809,12.758607864379883,3037200,0.0,0.0
2025-07-17 00:00:00-04:00,12.9399995803833,13.010000228881836,12.90999984741211,12.9399995803833,12.729094505310059,5853100,0.0,0.0
2025-07-18 00:00:00-04:00,12.989999771118164,13.069999694824219,12.869999885559082,12.989999771118164,12.778280258178711,6848200,0.0,0.0
2025-07-21 00:00:00-04:00,13.029999732971191,13.119999885559082,12.960000038146973,13.029999732971191,12.817628860473633,4758000,0.0,0.0
2025-07-22 00:00:00-04:00,13.130000114440918,13.199999809265137,13.050000190734863,13.109999656677246,12.896324157714844,4139600,0.0,0.0
2025-07-23 00:00:00-04:00,13.170000076293945,13.239999771118164,13.109999656677246,13.199999809265137,12.984857559204102,4885900,0.0,0.0
2025-07-24 00:00:00-04:00,13.180000305175781,13.300000190734863,13.130000114440918,13.260000228881836,13.043879508972168,10758000,0.0,0.0
2025-07-25 00:00:00-04:00,13.479999542236328,13.59000015258789,12.869999885559082,13.050000190734863,12.837303161621094,25566700,0.0,0.0
2025-07-28 00:00:00-04:00,12.989999771118164,13.3100004196167,12.779999732971191,13.039999961853027,12.827465057373047,25205600,0.0,0.0
2025-07-29 00:00:00-04:00,13.050000190734863,13.319999694824219,13.039999961853027,13.25,13.034042358398438,28752100,0.0,0.0
2025-07-30 00:00:00-04:00,13.300000190734863,13.529999732971191,13.119999885559082,13.300000190734863,13.083229064941406,32766300,0.0,0.0
2025-07-31 00:00:00-04:00,12.0,12.609999656677246,11.539999961853027,12.569999694824219,12.365126609802246,12951500,0.0,0.0
2025-08-01 00:00:00-04:00,12.640000343322754,13.319999694824219,12.350000381469727,13.010000228881836,12.797955513000488,9689900,0.0,0.0
2025-08-04 00:00:00-04:00,13.010000228881836,13.050000190734863,12.300000190734863,12.3100004196167,12.10936450958252,6560500,0.0,0.0
2025-08-05 00:00:00-04:00,12.3100004196167,12.359999656677246,11.539999961853027,11.75,11.558491706848145,10124100,0.0,0.0
2025-08-06 00:00:00-04:00,11.609999656677246,11.649999618530273,10.869999885559082,11.039999961853027,10.860062599182129,75616700,0.0,0.0
2025-08-07 00:00:00-04:00,11.640000343322754,12.789999961853027,10.569999694824219,11.739999771118164,11.548653602600098,43086700,0.0,0.0
2025-08-08 00:00:00-04:00,11.420000076293945,11.859999656677246,10.380000114440918,10.510000228881836,10.338702201843262,39967400,0.0,0.0
2025-08-11 00:00:00-04:00,10.619999885559082,10.65999984741211,9.949999809265137,10.119999885559082,9.955057144165039,51349500,0.0,0.0
2025-08-12 00:00:00-04:00,10.229999542236328,11.300000190734863,10.140000343322754,10.970000267028809,10.791204452514648,30385100,0.0,0.0
2025-08-13 00:00:00-04:00,11.199999809265137,17.530000686645508,11.149999618530273,15.0,14.75551986694336,133664900,0.0,0.0
2025-08-14 00:00:00-04:00,14.899999618530273,14.9399995803833,13.670000076293945,14.380000114440918,14.145626068115234,26039900,0.0,0.0
2025-08-15 00:00:00-04:00,14.380000114440918,14.600000381469727,13.65999984741211,13.720000267028809,13.496383666992188,16703500,0.0,0.0
2025-08-18 00:00:00-04:00,13.720000267028809,13.899999618530273,13.229999542236328,13.5,13.279967308044434,11959400,0.0,0.0
2025-08-19 00:00:00-04:00,13.510000228881836,13.670000076293945,12.960000038146973,13.479999542236328,13.260293960571289,11058900,0.0,0.0
2025-08-20 00:00:00-04:00,13.5,14.0600004196167,13.319999694824219,13.979999542236328,13.752143859863281,9088500,0.0,0.0
2025-08-21 00:00:00-04:00,13.949999809265137,16.299999237060547,13.949999809265137,16.030000686645508,15.768733978271484,46431500,0.0,0.0
2025-08-22 00:00:00-04:00,15.569999694824219,16.639999389648438,15.25,16.0,15.739221572875977,14871600,0.0,0.0
2025-08-25 00:00:00-04:00,15.90999984741211,16.399999618530273,15.75,15.960000038146973,15.699872970581055,8131600,0.0,0.0
2025-08-26 00:00:00-04:00,15.710000038146973,15.90999984741211,15.149999618530273,15.84000015258789,15.581830024719238,14226800,0.0,0.0
2025-08-27 00:00:00-04:00,15.710000038146973,15.710000038146973,14.630000114440918,14.8100004196167,14.56861686706543,12166100,0.0,0.0
2025-08-28 00:00:00-04:00,14.770000457763672,15.029999732971191,14.420000076293945,14.6899995803833,14.450572967529297,5585000,0.0,0.0
2025-08-29 00:00:00-04:00,14.619999885559082,14.789999961853027,14.380000114440918,14.699999809265137,14.460409164428711,4862800,0.0,0.0
2025-09-02 00:00:00-04:00,14.539999961853027,14.65999984741211,14.1899995803833,14.460000038146973,14.224321365356445,5127200,0.0,0.0
2025-09-03 00:00:00-04:00,14.449999809265137,15.3100004196167,14.390000343322754,15.0600004196167,14.814542770385742,8362700,0.0,0.0
2025-09-04 00:00:00-04:00,14.920000076293945,15.039999961853027,14.40999984741211,14.739999771118164,14.499757766723633,5291800,0.0,0.0
2025-09-05 00:00:00-04:00,14.479999542236328,15.180000305175781,14.479999542236328,15.0,14.75551986694336,7422200,0.0,0.0
2025-09-08 00:00:00-04:00,15.069999694824219,15.239999771118164,14.75,15.1899995803833,14.942421913146973,6514800,0.0,0.0
2025-09-09 00:00:00-04:00,14.949999809265137,15.470000267028809,14.720000267028809,15.199999809265137,14.952260971069336,6071100,0.0,0.0
2025-09-10 00:00:00-04:00,15.300000190734863,15.789999961853027,14.829999923706055,15.109999656677246,14.863728523254395,6164300,0.0,0.0
2025-09-11 00:00:00-04:00,15.020000457763672,17.579999923706055,13.989999771118164,17.459999084472656,17.175424575805664,48508800,0.0,0.0
2025-09-12 00:00:00-04:00,17.459999084472656,18.8700008392334,16.899999618530273,18.790000915527344,18.48375129699707,32421300,0.0,0.0
2025-09-15 00:00:00-04:00,18.799999237060547,19.049999237060547,18.219999313354492,18.579999923706055,18.325937271118164,11157400,0.05,0.0
2025-09-16 00:00:00-04:00,18.59000015258789,18.6200008392334,17.450000762939453,17.530000686645508,17.290294647216797,9622700,0.0,0.0
2025-09-17 00:00:00-04:00,17.639999389648438,18.309999465942383,17.56999969482422,17.920000076293945,17.67496109008789,7332400,0.0,0.0
2025-09-18 00:00:00-04:00,18.0,18.149999618530273,17.65999984741211,17.8799991607666,17.63550567626953,5567000,0.0,0.0
2025-09-19 00:00:00-04:00,18.0,19.229999542236328,17.700000762939453,18.920000076293945,18.661287307739258,21734800,0.0,0.0
2025-09-22 00:00:00-04:00,18.920000076293945,19.299999237060547,18.479999542236328,18.610000610351562,18.355525970458984,13813100,0.0,0.0
2025-09-23 00:00:00-04:00,18.690000534057617,20.860000610351562,18.290000915527344,19.729999542236328,19.4602108001709,23432200,0.0,0.0
2025-09-24 00:00:00-04:00,19.579999923706055,20.049999237060547,19.0,19.1200008392334,18.85855484008789,11908400,0.0,0.0
2025-09-25 00:00:00-04:00,18.729999542236328,19.34000015258789,18.600000381469727,18.93000030517578,18.67115020751953,7548200,0.0,0.0
2025-09-26 00:00:00-04:00,18.90999984741211,19.139999389648438,18.68000030517578,18.920000076293945,18.661287307739258,4528900,0.0,0.0
2025-09-29 00:00:00-04:00,19.170000076293945,19.700000762939453,18.309999465942383,19.5,19.233356475830078,8183600,0.0,0.0
2025-09-30 00:00:00-04:00,19.309999465942383,20.09000015258789,18.8700008392334,18.920000076293945,18.661287307739258,11997100,0.0,0.0
2025-10-01 00:00:00-04:00,18.8799991607666,19.1299991607666,18.600000381469727,18.889999389648438,18.631694793701172,4903000,0.0,0.0
2025-10-02 00:00:00-04:00,18.90999984741211,19.149999618530273,18.610000610351562,18.6200008392334,18.365388870239258,4635400,0.0,0.0
2025-10-03 00:00:00-04:00,18.600000381469727,19.450000762939453,18.600000381469727,19.09000015258789,18.828962326049805,12239000,0.0,0.0
2025-10-06 00:00:00-04:00,19.139999389648438,19.219999313354492,18.68000030517578,19.1299991607666,18.86841583251953,10251200,0.0,0.0
2025-10-07 00:00:00-04:00,19.09000015258789,19.219999313354492,18.229999542236328,18.510000228881836,18.256893157958984,5035200,0.0,0.0
2025-10-08 00:00:00-04:00,18.3799991607666,18.8700008392334,18.139999389648438,18.5,18.24703025817871,8336300,0.0,0.0
2025-10-09 00:00:00-04:00,18.5,18.649999618530273,17.899999618530273,17.969999313354492,17.724275588989258,4697900,0.0,0.0
2025-10-10 00:00:00-04:00,18.100000381469727,18.100000381469727,16.889999389648438,17.0,16.767541885375977,6055600,0.0,0.0
2025-10-13 00:00:00-04:00,17.1299991607666,17.540000915527344,17.040000915527344,17.100000381469727,16.866174697875977,4426700,0.0,0.0
2025-10-14 00:00:00-04:00,16.959999084472656,17.440000534057617,16.6299991607666,17.290000915527344,17.05357551574707,4230800,0.0,0.0
2025-10-15 00:00:00-04:00,17.270000457763672,17.68000030517578,17.079999923706055,17.43000030517578,17.191661834716797,3790100,0.0,0.0
2025-10-16 00:00:00-04:00,17.350000381469727,17.43000030517578,16.760000228881836,16.899999618530273,16.668907165527344,4354500,0.0,0.0
2025-10-17 00:00:00-04:00,16.780000686645508,16.989999771118164,16.510000228881836,16.770000457763672,16.540687561035156,4216200,0.0,0.0
2025-10-20 00:00:00-04:00,16.93000030517578,17.09000015258789,16.649999618530273,16.989999771118164,16.757678985595703,2422000,0.0,0.0
2025-10-21 00:00:00-04:00,17.149999618530273,17.290000915527344,16.450000762939453,16.510000228881836,16.284242630004883,4350700,0.0,0.0
2025-10-22 00:00:00-04:00,16.469999313354492,16.729999542236328,16.280000686645508,16.56999969482422,16.343420028686523,2655200,0.0,0.0
2025-10-23 00:00:00-04:00,16.56999969482422,16.8700008392334,16.459999084472656,16.469999313354492,16.244787216186523,3585500,0.0,0.0
2025-10-24 00:00:00-04:00,16.690000534057617,16.889999389648438,16.579999923706055,16.719999313354492,16.491371154785156,2239000,0.0,0.0
2025-10-27 00:00:00-04:00,16.809999465942383,16.93000030517578,16.360000610351562,16.56999969482422,16.343420028686523,3798300,0.0,0.0
2025-10-28 00:00:00-04:00,16.559999465942383,16.559999465942383,16.110000610351562,16.209999084472656,15.98834228515625,3481800,0.0,0.0
2025-10-29 00:00:00-04:00,16.209999084472656,16.280000686645508,15.8100004196167,15.880000114440918,15.662856101989746,4414400,0.0,0.0
2025-10-30 00:00:00-04:00,15.789999961853027,15.859999656677246,15.369999885559082,15.460000038146973,15.2485990524292,4880200,0.0,0.0
2025-10-31 00:00:00-04:00,15.380000114440918,15.649999618530273,15.289999961853027,15.390000343322754,15.179556846618652,6730500,0.0,0.0
2025-11-03 00:00:00-05:00,15.359999656677246,15.470000267028809,14.869999885559082,15.420000076293945,15.209146499633789,6608200,0.0,0.0
2025-11-04 00:00:00-05:00,15.210000038146973,15.4399995803833,14.789999961853027,14.84000015258789,14.637077331542969,7350400,0.0,0.0
2025-11-05 00:00:00-05:00,14.850000381469727,15.34000015258789,14.829999923706055,15.09000015258789,14.883659362792969,6114600,0.0,0.0
2025-11-06 00:00:00-05:00,15.09000015258789,15.399999618530273,14.729999542236328,14.800000190734863,14.597624778747559,6506000,0.0,0.0
2025-11-07 00:00:00-05:00,14.65999984741211,15.279999732971191,14.649999618530273,15.100000381469727,14.893523216247559,9772900,0.0,0.0
2025-11-10 00:00:00-05:00,15.130000114440918,15.319999694824219,14.970000267028809,15.25,15.041470527648926,13006300,0.0,0.0
2025-11-11 00:00:00-05:00,16.209999084472656,17.15999984741211,16.010000228881836,16.739999771118164,16.511096954345703,15858700,0.0,0.0
2025-11-12 00:00:00-05:00,16.559999465942383,16.600000381469727,15.270000457763672,15.569999694824219,15.357094764709473,12218000,0.0,0.0
2025-11-13 00:00:00-05:00,15.479999542236328,15.789999961853027,15.289999961853027,15.369999885559082,15.159830093383789,5957600,0.0,0.0
2025-11-14 00:00:00-05:00,15.279999732971191,15.770000457763672,15.050000190734863,15.680000305175781,15.465591430664062,6226900,0.0,0.0
2025-11-17 00:00:00-05:00,15.720000267028809,15.930000305175781,15.600000381469727,15.729999542236328,15.514906883239746,7821900,0.0,0.0
2025-11-18 00:00:00-05:00,15.699999809265137,16.309999465942383,15.25,16.09000015258789,15.869985580444336,10117500,0.0,0.0
2025-11-19 00:00:00-05:00,15.979999542236328,16.149999618530273,15.449999809265137,15.470000267028809,15.258462905883789,7942600,0.0,0.0
2025-11-20 00:00:00-05:00,15.579999923706055,16.299999237060547,15.520000457763672,15.680000305175781,15.465591430664062,8946300,0.0,0.0
2025-11-21 00:00:00-05:00,15.699999809265137,16.040000915527344,15.460000038146973,15.890000343322754,15.672719955444336,5483100,0.0,0.0
2025-11-24 00:00:00-05:00,15.890000343322754,15.899999618530273,15.0,15.0600004196167,14.854068756103516,13558300,0.0,0.0
2025-11-25 00:00:00-05:00,15.149999618530273,15.670000076293945,15.100000381469727,15.640000343322754,15.426138877868652,4552500,0.0,0.0
2025-11-26 00:00:00-05:00,15.680000305175781,15.850000381469727,15.449999809265137,15.789999961853027,15.574087142944336,6666200,0.0,0.0
2025-11-28 00:00:00-05:00,15.800000190734863,16.030000686645508,15.489999771118164,16.020000457763672,15.800942420959473,2774900,0.0,0.0
2025-12-01 00:00:00-05:00,15.8100004196167,15.899999618530273,15.5,15.710000038146973,15.4951810836792,4571600,0.0,0.0
2025-12-02 00:00:00-05:00,15.710000038146973,16.049999237060547,15.5,15.819999694824219,15.603676795959473,6446300,0.0,0.0
2025-12-03 00:00:00-05:00,15.800000190734863,15.829999923706055,14.640000343322754,14.670000076293945,14.469402313232422,9614700,0.0,0.0
2025-12-04 00:00:00-05:00,14.630000114440918,14.90999984741211,14.25,14.819999694824219,14.617350578308105,7527200,0.0,0.0
2025-12-05 00:00:00-05:00,14.40999984741211,14.40999984741211,13.199999809265137,13.369999885559082,13.187177658081055,27103900,0.0,0.0
2025-12-08 00:00:00-05:00,14.079999923706055,14.760000228881836,13.529999732971191,14.569999694824219,14.370768547058105,39522900,0.0,0.0
2025-12-09 00:00:00-05:00,14.420000076293945,14.8100004196167,13.970000267028809,14.640000343322754,14.439812660217285,15404800,0.0,0.0
2025-12-10 00:00:00-05:00,14.680000305175781,15.300000190734863,14.550000190734863,14.720000267028809,14.518718719482422,14626200,0.0,0.0
2025-12-11 00:00:00-05:00,14.8100004196167,15.029999732971191,14.050000190734863,14.119999885559082,13.926922798156738,19132600,0.0,0.0
2025-12-12 00:00:00-05:00,14.09000015258789,14.239999771118164,13.710000038146973,13.739999771118164,13.552118301391602,10241500,0.0,0.0
2025-12-15 00:00:00-05:00,13.779999732971191,14.0,13.470000267028809,13.989999771118164,13.798699378967285,6609300,0.0,0.0
2025-12-16 00:00:00-05:00,13.859999656677246,13.979999542236328,13.510000228881836,13.850000381469727,13.660614967346191,7513000,0.0,0.0
2025-12-17 00:00:00-05:00,13.550000190734863,13.579999923706055,13.0600004196167,13.100000381469727,12.920869827270508,12883200,0.0,0.0
2025-12-18 00:00:00-05:00,13.109999656677246,13.239999771118164,12.949999809265137,13.010000228881836,12.881266593933105,7405300,0.05,0.0
2025-12-19 00:00:00-05:00,12.949999809265137,13.140000343322754,12.869999885559082,13.050000190734863,12.920869827270508,23333000,0.0,0.0
2025-12-22 00:00:00-05:00,13.479999542236328,14.100000381469727,13.4399995803833,13.609999656677246,13.475329399108887,11618000,0.0,0.0
2025-12-23 00:00:00-05:00,13.489999771118164,13.640000343322754,13.4399995803833,13.529999732971191,13.396120071411133,4407500,0.0,0.0
2025-12-24 00:00:00-05:00,13.489999771118164,13.75,13.359999656677246,13.739999771118164,13.604042053222656,2464100,0.0,0.0
2025-12-26 00:00:00-05:00,13.699999809265137,13.739999771118164,13.460000038146973,13.59000015258789,13.455526351928711,2886800,0.0,0.0
2025-12-29 00:00:00-05:00,13.5,13.5600004196167,13.420000076293945,13.5,13.366416931152344,4764400,0.0,0.0
2025-12-30 00:00:00-05:00,13.399999618530273,13.6899995803833,13.399999618530273,13.510000228881836,13.37631893157959,3937200,0.0,0.0
2025-12-31 00:00:00-05:00,13.390000343322754,13.510000228881836,13.34000015258789,13.399999618530273,13.267406463623047,5084300,0.0,0.0
2026-01-02 00:00:00-05:00,13.399999618530273,13.430000305175781,13.130000114440918,13.180000305175781,13.04958438873291,5927700,0.0,0.0
2026-01-05 00:00:00-05:00,13.130000114440918,13.170000076293945,12.890000343322754,12.979999542236328,12.8515625,7570600,0.0,0.0
2026-01-06 00:00:00-05:00,12.979999542236328,12.979999542236328,12.449999809265137,12.5,12.376312255859375,11137900,0.0,0.0
2026-01-07 00:00:00-05:00,12.5600004196167,12.600000381469727,12.229999542236328,12.369999885559082,12.247598648071289,6702800,0.0,0.0
2026-01-08 00:00:00-05:00,12.359999656677246,12.510000228881836,12.25,12.270000457763672,12.148588180541992,7859300,0.0,0.0
2026-01-09 00:00:00-05:00,12.289999961853027,12.319999694824219,12.020000457763672,12.0600004196167,11.940666198730469,7700100,0.0,0.0
2026-01-12 00:00:00-05:00,12.010000228881836,12.199999809265137,11.970000267028809,12.149999618530273,12.029775619506836,6919800,0.0,0.0
2026-01-13 00:00:00-05:00,12.130000114440918,12.220000267028809,12.039999961853027,12.140000343322754,12.019875526428223,7364500,0.0,0.0
2026-01-14 00:00:00-05:00,12.130000114440918,12.199999809265137,12.0,12.079999923706055,11.960468292236328,4829700,0.0,0.0
2026-01-15 00:00:00-05:00,12.069999694824219,12.119999885559082,11.770000457763672,11.829999923706055,11.712942123413086,6835800,0.0,0.0
2026-01-16 00:00:00-05:00,11.890000343322754,11.960000038146973,11.75,11.800000190734863,11.683238983154297,6144200,0.0,0.0
2026-01-20 00:00:00-05:00,11.529999732971191,11.819999694824219,11.449999809265137,11.550000190734863,11.435712814331055,11269900,0.0,0.0
2026-01-21 00:00:00-05:00,11.510000228881836,11.630000114440918,11.420000076293945,11.600000381469727,11.485218048095703,5892500,0.0,0.0
2026-01-22 00:00:00-05:00,11.710000038146973,11.9399995803833,11.649999618530273,11.779999732971191,11.663435935974121,7224800,0.0,0.0
2026-01-23 00:00:00-05:00,11.729999542236328,11.829999923706055,11.699999809265137,11.699999809265137,11.584228515625,4484100,0.0,0.0
2026-01-26 00:00:00-05:00,11.75,12.0,11.579999923706055,11.890000343322754,11.772348403930664,6274200,0.0,0.0
2026-01-27 00:00:00-05:00,11.90999984741211,11.960000038146973,11.460000038146973,11.550000190734863,11.435712814331055,5415900,0.0,0.0
2026-01-28 00:00:00-05:00,11.59000015258789,11.65999984741211,11.329999923706055,11.34000015258789,11.227790832519531,4473300,0.0,0.0
2026-01-29 00:00:00-05:00,11.34000015258789,11.34000015258789,10.960000038146973,11.260000228881836,11.148582458496094,7729500,0.0,0.0
2026-01-30 00:00:00-05:00,11.220000267028809,11.260000228881836,10.979999542236328,11.210000038146973,11.099077224731445,5752700,0.0,0.0
2026-02-02 00:00:00-05:00,11.100000381469727,11.229999542236328,11.029999732971191,11.180000305175781,11.069374084472656,5975900,0.0,0.0
2026-02-03 00:00:00-05:00,11.109999656677246,11.149999618530273,10.75,10.8100004196167,10.703035354614258,11221700,0.0,0.0
2026-02-04 00:00:00-05:00,10.800000190734863,10.979999542236328,10.649999618530273,10.75,10.643628120422363,11096000,0.0,0.0
2026-02-05 00:00:00-05:00,10.800000190734863,10.850000381469727,10.34000015258789,10.520000457763672,10.415904998779297,7618700,0.0,0.0
2026-02-06 00:00:00-05:00,10.600000381469727,10.779999732971191,10.449999809265137,10.5600004196167,10.455509185791016,7137200,0.0,0.0
2026-02-09 00:00:00-05:00,10.5,10.6899995803833,10.3100004196167,10.680000305175781,10.574321746826172,7458900,0.0,0.0
2026-02-10 00:00:00-05:00,10.770000457763672,10.930000305175781,10.699999809265137,10.84000015258789,10.732738494873047,8683400,0.0,0.0
2026-02-11 00:00:00-05:00,10.829999923706055,11.069999694824219,10.680000305175781,11.010000228881836,10.901056289672852,6938500,0.0,0.0
2026-02-12 00:00:00-05:00,11.0,11.020000457763672,10.149999618530273,10.25,10.148575782775879,10202100,0.0,0.0
2026-02-13 00:00:00-05:00,10.270000457763672,10.449999809265137,10.1899995803833,10.319999694824219,10.217883110046387,8460500,0.0,0.0
2026-02-17 00:00:00-05:00,10.619999885559082,11.329999923706055,10.619999885559082,10.829999923706055,10.722837448120117,13681700,0.0,0.0
2026-02-18 00:00:00-05:00,10.829999923706055,11.25,10.699999809265137,11.119999885559082,11.009966850280762,7349000,0.0,0.0
2026-02-19 00:00:00-05:00,11.079999923706055,11.130000114440918,10.779999732971191,10.9399995803833,10.831748008728027,6815200,0.0,0.0
2026-02-20 00:00:00-05:00,10.949999809265137,10.970000267028809,10.710000038146973,10.710000038146973,10.604024887084961,8880900,0.0,0.0
2026-02-23 00:00:00-05:00,10.729999542236328,10.739999771118164,10.399999618530273,10.5600004196167,10.455509185791016,9263800,0.0,0.0
2026-02-24 00:00:00-05:00,10.510000228881836,10.680000305175781,10.359999656677246,10.390000343322754,10.287191390991211,7891300,0.0,0.0
2026-02-25 00:00:00-05:00,10.399999618530273,10.550000190734863,10.149999618530273,10.15999984741211,10.059467315673828,13242200,0.0,0.0
2026-02-26 00:00:00-05:00,10.319999694824219,11.300000190734863,10.3100004196167,11.180000305175781,11.069374084472656,16079400,0.0,0.0
2026-02-27 00:00:00-05:00,11.210000038146973,14.0,10.979999542236328,13.510000228881836,13.37631893157959,91699600,0.0,0.0
2026-03-02 00:00:00-05:00,14.100000381469727,14.100000381469727,13.0600004196167,13.34000015258789,13.208001136779785,27383800,0.0,0.0
2026-03-03 00:00:00-05:00,12.850000381469727,13.119999885559082,12.25,12.449999809265137,12.32680606842041,22139400,0.0,0.0
2026-03-04 00:00:00-05:00,12.300000190734863,12.630000114440918,12.010000228881836,12.050000190734863,11.930765151977539,14241900,0.0,0.0
2026-03-05 00:00:00-05:00,12.0600004196167,12.510000228881836,11.710000038146973,11.739999771118164,11.623831748962402,17429400,0.0,0.0
2026-03-06 00:00:00-05:00,11.529999732971191,12.140000343322754,11.329999923706055,11.989999771118164,11.871358871459961,11347300,0.0,0.0
2026-03-09 00:00:00-04:00,11.489999771118164,11.600000381469727,11.020000457763672,11.1899995803833,11.07927417755127,13474600,0.0,0.0
2026-03-10 00:00:00-04:00,11.029999732971191,11.09000015258789,10.25,10.329999923706055,10.227785110473633,21087800,0.0,0.0
2026-03-11 00:00:00-04:00,10.380000114440918,10.420000076293945,9.90999984741211,9.9399995803833,9.841642379760742,12482400,0.0,0.0
2026-03-12 00:00:00-04:00,9.850000381469727,10.050000190734863,9.789999961853027,9.800000190734863,9.703028678894043,10735700,0.0,0.0
2026-03-13 00:00:00-04:00,9.850000381469727,9.989999771118164,9.539999961853027,9.720000267028809,9.623820304870605,16612900,0.0,0.0
2026-03-16 00:00:00-04:00,9.619999885559082,9.720000267028809,9.479999542236328,9.5,9.454632759094238,12748500,0.05,0.0
2026-03-17 00:00:00-04:00,9.520000457763672,9.699999809265137,9.220000267028809,9.229999542236328,9.185921669006348,11598900,0.0,0.0
2026-03-18 00:00:00-04:00,9.119999885559082,9.300000190734863,8.960000038146973,9.0,8.957019805908203,8799700,0.0,0.0
2026-03-19 00:00:00-04:00,8.890000343322754,9.0,8.619999885559082,8.960000038146973,8.917211532592773,10724900,0.0,0.0
2026-03-20 00:00:00-04:00,8.920000076293945,9.239999771118164,8.859999656677246,9.149999618530273,9.106303215026855,23898500,0.0,0.0
2026-03-23 00:00:00-04:00,9.239999771118164,9.420000076293945,9.039999961853027,9.140000343322754,9.096351623535156,9541000,0.0,0.0
2026-03-24 00:00:00-04:00,9.100000381469727,9.350000381469727,9.09000015258789,9.170000076293945,9.126208305358887,9786300,0.0,0.0
2026-03-25 00:00:00-04:00,9.199999809265137,9.319999694824219,9.069999694824219,9.229999542236328,9.185921669006348,9298800,0.0,0.0
2026-03-26 00:00:00-04:00,9.15999984741211,9.25,8.859999656677246,8.880000114440918,8.837593078613281,10668100,0.0,0.0
2026-03-27 00:00:00-04:00,8.880000114440918,9.020000457763672,8.649999618530273,8.789999961853027,8.74802303314209,9833500,0.0,0.0
2026-03-30 00:00:00-04:00,8.850000381469727,9.069999694824219,8.760000228881836,8.920000076293945,8.877402305603027,8343700,0.0,0.0
2026-03-31 00:00:00-04:00,8.899999618530273,9.25,8.710000038146973,9.020000457763672,8.976924896240234,27912700,0.0,0.0
2026-04-01 00:00:00-04:00,9.029999732971191,9.279999732971191,8.970000267028809,9.25,9.205826759338379,9585500,0.0,0.0
2026-04-02 00:00:00-04:00,9.020000457763672,9.710000038146973,9.020000457763672,9.520000457763672,9.47453784942627,12892300,0.0,0.0
2026-04-06 00:00:00-04:00,9.520000457763672,10.039999961853027,9.470000267028809,9.850000381469727,9.802961349487305,10663200,0.0,0.0
2026-04-07 00:00:00-04:00,9.760000228881836,11.149999618530273,9.760000228881836,10.899999618530273,10.847946166992188,37937400,0.0,0.0
2026-04-08 00:00:00-04:00,10.960000038146973,11.34000015258789,10.800000190734863,10.819999694824219,10.768328666687012,19513100,0.0,0.0
2026-04-09 00:00:00-04:00,10.779999732971191,10.960000038146973,10.430000305175781,10.850000381469727,10.798186302185059,13849800,0.0,0.0
2026-04-10 00:00:00-04:00,10.899999618530273,11.010000228881836,10.489999771118164,10.619999885559082,10.569283485412598,9474500,0.0,0.0
2026-04-13 00:00:00-04:00,10.529999732971191,10.760000228881836,10.319999694824219,10.729999542236328,10.67875862121582,11251900,0.0,0.0
2026-04-14 00:00:00-04:00,10.770000457763672,11.140000343322754,10.739999771118164,11.079999923706055,11.027087211608887,8876300,0.0,0.0
2026-04-15 00:00:00-04:00,11.100000381469727,11.779999732971191,11.050000190734863,11.670000076293945,11.614269256591797,11100600,0.0,0.0
2026-04-16 00:00:00-04:00,11.760000228881836,11.9399995803833,11.600000381469727,11.729999542236328,11.673982620239258,5981200,0.0,0.0
2026-04-17 00:00:00-04:00,11.789999961853027,11.970000267028809,11.609999656677246,11.739999771118164,11.683935165405273,7187800,0.0,0.0
2026-04-20 00:00:00-04:00,11.680000305175781,11.869999885559082,11.609999656677246,11.819999694824219,11.76355266571045,5952000,0.0,0.0
2026-04-21 00:00:00-04:00,11.859999656677246,11.920000076293945,11.609999656677246,11.609999656677246,11.554555892944336,8428900,0.0,0.0
2026-04-22 00:00:00-04:00,11.710000038146973,11.829999923706055,11.479999542236328,11.800000190734863,11.743648529052734,5347500,0.0,0.0
2026-04-23 00:00:00-04:00,11.800000190734863,11.819999694824219,11.0600004196167,11.270000457763672,11.216179847717285,8489700,0.0,0.0
2026-04-24 00:00:00-04:00,11.270000457763672,11.329999923706055,10.899999618530273,10.970000267028809,10.91761302947998,6288900,0.0,0.0
2026-04-27 00:00:00-04:00,11.020000457763672,11.1899995803833,10.569999694824219,10.59000015258789,10.539427757263184,9839300,0.0,0.0
2026-04-28 00:00:00-04:00,10.579999923706055,10.630000114440918,10.300000190734863,10.520000457763672,10.469761848449707,9172100,0.0,0.0
2026-04-29 00:00:00-04:00,10.550000190734863,10.550000190734863,10.210000038146973,10.34000015258789,10.290620803833008,5899600,0.0,0.0
2026-04-30 00:00:00-04:00,10.260000228881836,10.399999618530273,10.180000305175781,10.239999771118164,10.1910982131958,15083300,0.0,0.0
2026-05-01 00:00:00-04:00,10.779999732971191,11.25,10.710000038146973,11.09000015258789,11.037039756774902,12286000,0.0,0.0
2026-05-04 00:00:00-04:00,11.010000228881836,11.229999542236328,10.84000015258789,11.130000114440918,11.076848983764648,12353800,0.0,0.0
2026-05-05 00:00:00-04:00,10.829999923706055,10.960000038146973,10.170000076293945,10.65999984741211,10.609092712402344,12843600,0.0,0.0
2026-05-06 00:00:00-04:00,10.800000190734863,11.050000190734863,10.6899995803833,10.90999984741211,10.857898712158203,10000400,0.0,0.0
2026-05-07 00:00:00-04:00,10.859999656677246,11.0600004196167,10.670000076293945,10.760000228881836,10.70861530303955,13606400,0.0,0.0
2026-05-08 00:00:00-04:00,10.710000038146973,11.109999656677246,10.65999984741211,11.09000015258789,11.037039756774902,8164900,0.0,0.0
2026-05-11 00:00:00-04:00,11.149999618530273,11.170000076293945,10.729999542236328,10.899999618530273,10.847946166992188,13264200,0.0,0.0
2026-05-12 00:00:00-04:00,10.90999984741211,10.960000038146973,10.529999732971191,10.6899995803833,10.638949394226074,11018800,0.0,0.0
2026-05-13 00:00:00-04:00,10.609999656677246,10.649999618530273,10.390000343322754,10.470000267028809,10.420000076293945,10685900,0.0,0.0
2026-05-14 00:00:00-04:00,10.5,10.619999885559082,10.100000381469727,10.109999656677246,10.061718940734863,10650600,0.0,0.0
2026-05-15 00:00:00-04:00,10.029999732971191,10.140000343322754,9.8100004196167,9.890000343322754,9.84277057647705,14996600,0.0,0.0
2026-05-18 00:00:00-04:00,9.899999618530273,10.010000228881836,9.760000228881836,9.819999694824219,9.773103713989258,7559500,0.0,0.0
2026-05-19 00:00:00-04:00,9.8100004196167,9.960000038146973,9.710000038146973,9.899999618530273,9.85272216796875,9796300,0.0,0.0
2026-05-20 00:00:00-04:00,9.859999656677246,10.1899995803833,9.720000267028809,10.130000114440918,10.081624031066895,12427200,0.0,0.0
2026-05-21 00:00:00-04:00,10.069999694824219,10.369999885559082,9.930000305175781,10.279999732971191,10.230907440185547,5373000,0.0,0.0
2026-05-22 00:00:00-04:00,10.34000015258789,10.609999656677246,10.289999961853027,10.460000038146973,10.410048484802246,5042200,0.0,0.0
2026-05-26 00:00:00-04:00,10.40999984741211,10.539999961853027,10.300000190734863,10.369999885559082,10.320477485656738,4730400,0.0,0.0
2026-05-27 00:00:00-04:00,10.300000190734863,10.869999885559082,10.289999961853027,10.619999885559082,10.569283485412598,7290000,0.0,0.0
2026-05-28 00:00:00-04:00,10.5600004196167,10.84000015258789,10.430000305175781,10.8100004196167,10.758377075195312,5717000,0.0,0.0
2026-05-29 00:00:00-04:00,10.65999984741211,10.850000381469727,10.529999732971191,10.609999656677246,10.559330940246582,6996700,0.0,0.0
2026-06-01 00:00:00-04:00,10.600000381469727,11.170000076293945,10.449999809265137,10.979999542236328,10.92756462097168,7128000,0.0,0.0
2026-06-02 00:00:00-04:00,10.90999984741211,10.9399995803833,10.630000114440918,10.779999732971191,10.728519439697266,8088700,0.0,0.0
2026-06-03 00:00:00-04:00,10.779999732971191,10.779999732971191,10.399999618530273,10.449999809265137,10.40009593963623,6224000,0.0,0.0
2026-06-04 00:00:00-04:00,10.510000228881836,10.869999885559082,10.510000228881836,10.680000305175781,10.628997802734375,4881900,0.0,0.0
2026-06-05 00:00:00-04:00,10.649999618530273,10.720000267028809,9.8100004196167,10.220000267028809,10.171194076538086,14616000,0.0,0.0
2026-06-08 00:00:00-04:00,10.15999984741211,10.420000076293945,9.869999885559082,10.390000343322754,10.34038257598877,8844000,0.0,0.0
2026-06-09 00:00:00-04:00,10.399999618530273,10.510000228881836,10.220000267028809,10.239999771118164,10.1910982131958,8326800,0.0,0.0
2026-06-10 00:00:00-04:00,10.260000228881836,10.430000305175781,10.1899995803833,10.3100004196167,10.260765075683594,6066300,0.0,0.0
2026-06-11 00:00:00-04:00,10.25,10.760000228881836,10.079999923706055,10.489999771118164,10.43990421295166,6901400,0.0,0.0
2026-06-12 00:00:00-04:00,10.460000038146973,10.529999732971191,10.170000076293945,10.470000267028809,10.420000076293945,4767900,0.0,0.0
2026-06-15 00:00:00-04:00,10.850000381469727,10.970000267028809,10.369999885559082,10.489999771118164,10.489999771118164,10877700,0.05,0.0
2026-06-16 00:00:00-04:00,10.4399995803833,10.789999961853027,10.199999809265137,10.300000190734863,10.300000190734863,7950100,0.0,0.0
2026-06-17 00:00:00-04:00,10.1899995803833,10.289999961853027,9.90999984741211,9.979999542236328,9.979999542236328,9025100,0.0,0.0
2026-06-18 00:00:00-04:00,9.979999542236328,10.199999809265137,9.75,9.9399995803833,9.9399995803833,28105400,0.0,0.0
2026-06-22 00:00:00-04:00,9.880000114440918,10.100000381469727,9.75,9.890000343322754,9.890000343322754,8102900,0.0,0.0
2026-06-23 00:00:00-04:00,9.800000190734863,9.890000343322754,9.59000015258789,9.720000267028809,9.720000267028809,7896600,0.0,0.0
2026-06-24 00:00:00-04:00,9.6899995803833,9.880000114440918,9.640000343322754,9.75,9.75,5872000,0.0,0.0
2026-06-25 00:00:00-04:00,9.699999809265137,9.84000015258789,9.399999618530273,9.430000305175781,9.430000305175781,6645400,0.0,0.0
2026-06-26 00:00:00-04:00,9.359999656677246,9.829999923706055,9.350000381469727,9.640000343322754,9.640000343322754,7282800,0.0,0.0
2026-06-29 00:00:00-04:00,9.819999694824219,9.960000038146973,9.670000076293945,9.819999694824219,9.819999694824219,7001500,0.0,0.0
2026-06-30 00:00:00-04:00,9.800000190734863,10.010000228881836,9.609999656677246,9.859999656677246,9.859999656677246,14379400,0.0,0.0
2026-07-01 00:00:00-04:00,9.899999618530273,10.239999771118164,9.720000267028809,10.170000076293945,10.170000076293945,7970800,0.0,0.0
2026-07-02 00:00:00-04:00,10.229999542236328,10.390000343322754,10.09000015258789,10.390000343322754,10.390000343322754,5750500,0.0,0.0
2026-07-06 00:00:00-04:00,10.319999694824219,10.369999885559082,9.970000267028809,10.09000015258789,10.09000015258789,6825500,0.0,0.0
2026-07-07 00:00:00-04:00,10.140000343322754,10.220000267028809,9.930000305175781,9.9399995803833,9.9399995803833,4327400,0.0,0.0
2026-07-08 00:00:00-04:00,9.949999809265137,9.949999809265137,9.600000381469727,9.75,9.75,6541300,0.0,0.0
2026-07-09 00:00:00-04:00,9.25,9.420000076293945,8.84000015258789,9.329999923706055,9.329999923706055,18873900,0.0,0.0
2026-07-10 00:00:00-04:00,9.420000076293945,9.529999732971191,9.239999771118164,9.40999984741211,9.40999984741211,9351900,0.0,0.0
2026-07-13 00:00:00-04:00,9.460000038146973,9.800000190734863,9.380000114440918,9.550000190734863,9.550000190734863,10841700,0.0,0.0
2026-07-14 00:00:00-04:00,9.460000038146973,9.550000190734863,9.100000381469727,9.119999885559082,9.119999885559082,7986500,0.0,0.0
2026-07-15 00:00:00-04:00,9.220000267028809,9.350000381469727,9.069999694824219,9.25,9.25,6546200,0.0,0.0
2026-07-16 00:00:00-04:00,9.279999732971191,9.380000114440918,9.119999885559082,9.140000343322754,9.140000343322754,9007400,0.0,0.0
2026-07-17 00:00:00-04:00,9.0600004196167,9.130000114440918,8.6899995803833,8.75,8.75,12992400,0.0,0.0
2026-07-20 00:00:00-04:00,8.800000190734863,8.84000015258789,8.5600004196167,8.569999694824219,8.569999694824219,9185400,0.0,0.0
2026-07-21 00:00:00-04:00,8.510000228881836,8.649999618530273,8.40999984741211,8.529999732971191,8.529999732971191,9092300,0.0,0.0
2026-07-22 00:00:00-04:00,8.569999694824219,8.920000076293945,8.460000038146973,8.779999732971191,8.779999732971191,11617700,0.0,0.0
2026-07-23 00:00:00-04:00,8.670000076293945,8.729999542236328,8.460000038146973,8.489999771118164,8.489999771118164,6753000,0.0,0.0
2026-07-24 00:00:00-04:00,8.5,8.569999694824219,8.170000076293945,8.210000038146973,8.210000038146973,8476600,0.0,0.0
2026-07-27 00:00:00-04:00,8.199999809265137,8.239999771118164,7.860000133514404,8.029999732971191,8.029999732971191,18407200,0.0,0.0
2026-07-28 00:00:00-04:00,8.079999923706055,8.180000305175781,7.960000038146973,8.069999694824219,8.069999694824219,15794300,0.0,0.0
2026-07-29 00:00:00-04:00,8.109999656677246,8.130000114440918,7.820000171661377,7.949999809265137,7.949999809265137,14341900,0.0,0.0
2026-07-30 00:00:00-04:00,7.900000095367432,7.909999847412109,7.659999847412109,7.809999942779541,7.809999942779541,13565500,0.0,0.0
2026-07-31 00:00:00-04:00,7.800000190734863,8.0,7.619999885559082,7.960000038146973,7.960000038146973,15142300,0.0,0.0
2026-08-03 00:00:00-04:00,8.0,8.229999542236328,7.920000076293945,8.220000267028809,8.220000267028809,15180700,0.0,0.0
2026-08-04 00:00:00-04:00,8.229999542236328,8.520000457763672,8.210000038146973,8.380000114440918,8.380000114440918,16253300,0.0,0.0
2026-08-05 00:00:00-04:00,8.489999771118164,8.850000381469727,8.09000015258789,8.760000228881836,8.760000228881836,19256300,0.0,0.0
2026-08-06 00:00:00-04:00,8.920000076293945,9.260000228881836,8.710000038146973,9.0600004196167,9.0600004196167,13262500,0.0,0.0
2026-08-07 00:00:00-04:00,9.0600004196167,9.460000038146973,9.029999732971191,9.1899995803833,9.1899995803833,9326900,0.0,0.0
2026-08-10 00:00:00-04:00,9.130000114440918,9.300000190734863,9.0,9.270000457763672,9.270000457763672,9787600,0.0,0.0
2026-08-11 00:00:00-04:00,9.229999542236328,9.420000076293945,9.140000343322754,9.380000114440918,9.380000114440918,8369700,0.0,0.0
2026-08-12 00:00:00-04:00,9.329999923706055,10.0,9.3100004196167,9.5,9.5,15823200,0.0,0.0
2026-08-13 00:00:00-04:00,9.5,10.050000190734863,9.5,9.970000267028809,9.970000267028809,15035900,0.0,0.0
2026-08-14 00:00:00-04:00,9.989999771118164,10.319999694824219,9.970000267028809,10.140000343322754,10.140000343322754,10674800,0.0,0.0
