Date,Open,High,Low,Close,Adj Close,Volume,Dividends,Stock Splits
2015-01-02 00:00:00-05:00,19.799999237060547,20.18000030517578,19.770000457763672,19.899999618530273,15.663026809692383,2400400,0.0,0.0
2015-01-05 00:00:00-05:00,19.5,19.549999237060547,18.59000015258789,18.700000762939453,14.718524932861328,3476200,0.0,0.0
2015-01-06 00:00:00-05:00,18.709999084472656,18.770000457763672,18.049999237060547,18.15999984741211,14.293498039245605,4349400,0.0,0.0
2015-01-07 00:00:00-05:00,19.010000228881836,19.110000610351562,18.270000457763672,18.420000076293945,14.498141288757324,4147000,0.0,0.0
2015-01-08 00:00:00-05:00,18.540000915527344,19.25,18.350000381469727,19.059999465942383,15.001877784729004,4824100,0.0,0.0
2015-01-09 00:00:00-05:00,19.049999237060547,19.229999542236328,18.5,18.899999618530273,14.87594223022461,4113600,0.0,0.0
2015-01-12 00:00:00-05:00,18.790000915527344,18.969999313354492,17.81999969482422,18.170000076293945,14.301368713378906,4708800,0.0,0.0
2015-01-13 00:00:00-05:00,18.18000030517578,18.3799991607666,17.350000381469727,17.510000228881836,13.781890869140625,5688000,0.0,0.0
2015-01-14 00:00:00-05:00,17.0,17.260000228881836,16.809999465942383,17.25,13.577247619628906,5550000,0.0,0.0
2015-01-15 00:00:00-05:00,17.360000610351562,17.610000610351562,17.09000015258789,17.18000030517578,13.522154808044434,3808700,0.0,0.0
2015-01-16 00:00:00-05:00,17.18000030517578,17.399999618530273,17.1200008392334,17.350000381469727,13.655957221984863,3607900,0.0,0.0
2015-01-20 00:00:00-05:00,17.43000030517578,17.5,16.920000076293945,17.1299991607666,13.48279857635498,3620700,0.0,0.0
2015-01-21 00:00:00-05:00,17.110000610351562,17.469999313354492,16.979999542236328,17.299999237060547,13.61660385131836,4511600,0.0,0.0
2015-01-22 00:00:00-05:00,17.479999542236328,17.90999984741211,17.299999237060547,17.829999923706055,14.033759117126465,3072100,0.0,0.0
2015-01-23 00:00:00-05:00,17.729999542236328,17.809999465942383,17.020000457763672,17.020000457763672,13.396220207214355,3316700,0.0,0.0
2015-01-26 00:00:00-05:00,17.0,17.520000457763672,16.8799991607666,17.469999313354492,13.750407218933105,5108000,0.0,0.0
2015-01-27 00:00:00-05:00,17.25,17.8700008392334,17.110000610351562,17.670000076293945,13.907830238342285,3271900,0.0,0.0
2015-01-28 00:00:00-05:00,18.020000457763672,18.079999923706055,17.469999313354492,17.700000762939453,13.931437492370605,4575900,0.0,0.0
2015-01-29 00:00:00-05:00,16.8700008392334,17.600000381469727,16.510000228881836,16.93000030517578,13.325384140014648,7589400,0.0,0.0
2015-01-30 00:00:00-05:00,16.850000381469727,17.260000228881836,16.59000015258789,17.040000915527344,13.411961555480957,3987800,0.0,0.0
2015-02-02 00:00:00-05:00,17.049999237060547,17.190000534057617,16.719999313354492,17.139999389648438,13.490669250488281,3882200,0.0,0.0
2015-02-03 00:00:00-05:00,17.479999542236328,18.110000610351562,17.25,18.09000015258789,14.238404273986816,4678200,0.0,0.0
2015-02-04 00:00:00-05:00,17.90999984741211,18.1299991607666,17.610000610351562,18.010000228881836,14.175432205200195,4703800,0.0,0.0
2015-02-05 00:00:00-05:00,18.190000534057617,19.239999771118164,18.010000228881836,19.040000915527344,14.98613166809082,5885100,0.0,0.0
2015-02-06 00:00:00-05:00,19.0,19.360000610351562,18.90999984741211,19.010000228881836,14.962520599365234,5044900,0.0,0.0
2015-02-09 00:00:00-05:00,18.950000762939453,19.700000762939453,18.889999389648438,19.170000076293945,15.088451385498047,4143800,0.0,0.0
2015-02-10 00:00:00-05:00,19.229999542236328,19.229999542236328,18.649999618530273,19.110000610351562,15.041232109069824,2535100,0.0,0.0
2015-02-11 00:00:00-05:00,19.799999237060547,19.799999237060547,18.690000534057617,19.15999984741211,15.080588340759277,2997600,0.0,0.0
2015-02-12 00:00:00-05:00,19.329999923706055,19.950000762939453,19.329999923706055,19.81999969482422,15.600059509277344,5115100,0.0,0.0
2015-02-13 00:00:00-05:00,19.93000030517578,20.219999313354492,19.8700008392334,20.010000228881836,15.749608993530273,3595700,0.0,0.0
2015-02-17 00:00:00-05:00,20.020000457763672,20.030000686645508,19.6299991607666,19.719999313354492,15.521354675292969,2540000,0.0,0.0
2015-02-18 00:00:00-05:00,19.559999465942383,19.770000457763672,19.25,19.299999237060547,15.190779685974121,4585600,0.0,0.0
2015-02-19 00:00:00-05:00,19.239999771118164,19.280000686645508,18.920000076293945,19.239999771118164,15.14355182647705,2672400,0.0,0.0
2015-02-20 00:00:00-05:00,19.209999084472656,19.559999465942383,19.110000610351562,19.469999313354492,15.324580192565918,2412600,0.0,0.0
2015-02-23 00:00:00-05:00,19.149999618530273,19.5,18.899999618530273,19.479999542236328,15.3324556350708,3527600,0.0,0.0
2015-02-24 00:00:00-05:00,19.510000228881836,19.790000915527344,19.3700008392334,19.690000534057617,15.49774169921875,2253200,0.0,0.0
2015-02-25 00:00:00-05:00,19.549999237060547,19.649999618530273,18.8799991607666,18.899999618530273,14.87594223022461,4494800,0.0,0.0
2015-02-26 00:00:00-05:00,19.0,19.110000610351562,18.579999923706055,18.600000381469727,14.639820098876953,2480400,0.0,0.0
2015-02-27 00:00:00-05:00,18.540000915527344,18.760000228881836,18.170000076293945,18.219999313354492,14.340723037719727,4051300,0.0,0.0
2015-03-02 00:00:00-05:00,18.299999237060547,18.299999237060547,17.969999313354492,18.059999465942383,14.214786529541016,3320700,0.0,0.0
2015-03-03 00:00:00-05:00,17.969999313354492,18.3799991607666,17.899999618530273,18.110000610351562,14.254154205322266,3162300,0.0,0.0
2015-03-04 00:00:00-05:00,18.020000457763672,18.510000228881836,17.809999465942383,18.450000762939453,14.521754264831543,3855300,0.0,0.0
2015-03-05 00:00:00-05:00,18.489999771118164,18.829999923706055,18.190000534057617,18.760000228881836,14.765748977661133,4086600,0.0,0.0
2015-03-06 00:00:00-05:00,18.690000534057617,18.860000610351562,18.18000030517578,18.229999542236328,14.348594665527344,2242400,0.0,0.0
2015-03-09 00:00:00-04:00,18.290000915527344,18.34000015258789,17.780000686645508,17.8799991607666,14.073115348815918,3659300,0.0,0.0
2015-03-10 00:00:00-04:00,17.489999771118164,17.59000015258789,17.09000015258789,17.110000610351562,13.467059135437012,3382500,0.0,0.0
2015-03-11 00:00:00-04:00,17.270000457763672,17.719999313354492,17.190000534057617,17.610000610351562,13.860603332519531,3927100,0.0,0.0
2015-03-12 00:00:00-04:00,17.8700008392334,18.3799991607666,17.739999771118164,18.31999969482422,14.419427871704102,3935200,0.0,0.0
2015-03-13 00:00:00-04:00,18.579999923706055,18.579999923706055,17.950000762939453,18.280000686645508,14.387950897216797,2860500,0.0,0.0
2015-03-16 00:00:00-04:00,18.139999389648438,18.3799991607666,17.940000534057617,18.299999237060547,14.4036865234375,3359600,0.0,0.0
2015-03-17 00:00:00-04:00,18.139999389648438,18.719999313354492,18.139999389648438,18.6299991607666,14.663430213928223,3207500,0.0,0.0
2015-03-18 00:00:00-04:00,18.770000457763672,20.5,18.520000457763672,20.270000457763672,15.954256057739258,9411800,0.0,0.0
2015-03-19 00:00:00-04:00,20.0,20.0,19.25,19.770000457763672,15.560709953308105,5114000,0.0,0.0
2015-03-20 00:00:00-04:00,19.790000915527344,20.229999542236328,19.65999984741211,20.200000762939453,15.899155616760254,6260300,0.0,0.0
2015-03-23 00:00:00-04:00,20.049999237060547,20.540000915527344,19.989999771118164,20.399999618530273,16.056570053100586,3652400,0.0,0.0
2015-03-24 00:00:00-04:00,20.809999465942383,20.940000534057617,20.110000610351562,20.239999771118164,15.930642127990723,3996500,0.0,0.0
2015-03-25 00:00:00-04:00,20.780000686645508,20.93000030517578,20.329999923706055,20.34000015258789,16.009349822998047,4192000,0.0,0.0
2015-03-26 00:00:00-04:00,20.3700008392334,20.610000610351562,19.84000015258789,20.010000228881836,15.749608993530273,4150900,0.0,0.0
2015-03-27 00:00:00-04:00,19.889999389648438,19.889999389648438,19.450000762939453,19.5,15.454782485961914,3566200,0.138,0.0
2015-03-30 00:00:00-04:00,19.56999969482422,20.270000457763672,19.56999969482422,20.219999313354492,16.025421142578125,2622500,0.0,0.0
2015-03-31 00:00:00-04:00,20.020000457763672,20.15999984741211,19.760000228881836,20.100000381469727,15.930306434631348,3410100,0.0,0.0
2015-04-01 00:00:00-04:00,19.770000457763672,20.030000686645508,19.5,19.780000686645508,15.676691055297852,4472700,0.0,0.0
2015-04-02 00:00:00-04:00,19.770000457763672,20.520000457763672,19.600000381469727,20.43000030517578,16.191858291625977,2592300,0.0,0.0
2015-04-06 00:00:00-04:00,20.360000610351562,20.450000762939453,19.940000534057617,20.020000457763672,15.866904258728027,3809100,0.0,0.0
2015-04-07 00:00:00-04:00,19.989999771118164,20.540000915527344,19.93000030517578,20.31999969482422,16.10467529296875,3177000,0.0,0.0
2015-04-08 00:00:00-04:00,20.489999771118164,20.690000534057617,20.049999237060547,20.420000076293945,16.18392562866211,2650600,0.0,0.0
2015-04-09 00:00:00-04:00,20.3700008392334,20.790000915527344,20.290000915527344,20.700000762939453,16.40584373474121,3428800,0.0,0.0
2015-04-10 00:00:00-04:00,20.6299991607666,20.799999237060547,20.510000228881836,20.610000610351562,16.334516525268555,1617300,0.0,0.0
2015-04-13 00:00:00-04:00,20.559999465942383,20.690000534057617,20.31999969482422,20.530000686645508,16.271106719970703,2053500,0.0,0.0
2015-04-14 00:00:00-04:00,20.639999389648438,21.040000915527344,20.540000915527344,21.0,16.643617630004883,3409300,0.0,0.0
2015-04-15 00:00:00-04:00,21.110000610351562,21.520000457763672,21.059999465942383,21.239999771118164,16.83382225036621,5588700,0.0,0.0
2015-04-16 00:00:00-04:00,21.31999969482422,21.3799991607666,20.920000076293945,20.920000076293945,16.580204010009766,3920000,0.0,0.0
2015-04-17 00:00:00-04:00,20.559999465942383,20.649999618530273,20.200000762939453,20.440000534057617,16.19978141784668,3937800,0.0,0.0
2015-04-20 00:00:00-04:00,20.579999923706055,21.049999237060547,20.559999465942383,20.8799991607666,16.548503875732422,4529900,0.0,0.0
2015-04-21 00:00:00-04:00,20.920000076293945,21.65999984741211,20.579999923706055,21.280000686645508,16.86551856994629,6519000,0.0,0.0
2015-04-22 00:00:00-04:00,21.389999389648438,21.389999389648438,21.079999923706055,21.290000915527344,16.873445510864258,3280400,0.0,0.0
2015-04-23 00:00:00-04:00,21.270000457763672,22.149999618530273,20.010000228881836,21.979999542236328,17.42030906677246,5585900,0.0,0.0
2015-04-24 00:00:00-04:00,22.190000534057617,22.190000534057617,21.739999771118164,21.860000610351562,17.325199127197266,4167100,0.0,0.0
2015-04-27 00:00:00-04:00,21.950000762939453,22.290000915527344,21.790000915527344,21.860000610351562,17.325199127197266,2750300,0.0,0.0
2015-04-28 00:00:00-04:00,21.8799991607666,22.389999389648438,21.65999984741211,22.229999542236328,17.61844825744629,4331000,0.0,0.0
2015-04-29 00:00:00-04:00,21.940000534057617,22.149999618530273,21.68000030517578,21.979999542236328,17.42030906677246,3504600,0.0,0.0
2015-04-30 00:00:00-04:00,21.469999313354492,22.360000610351562,21.399999618530273,22.1299991607666,17.539188385009766,3719600,0.0,0.0
2015-05-01 00:00:00-04:00,22.360000610351562,22.399999618530273,21.799999237060547,22.06999969482422,17.491636276245117,2437500,0.0,0.0
2015-05-04 00:00:00-04:00,22.170000076293945,22.440000534057617,21.959999084472656,22.290000915527344,17.666004180908203,2619100,0.0,0.0
2015-05-05 00:00:00-04:00,22.219999313354492,22.600000381469727,21.799999237060547,22.010000228881836,17.444091796875,4405300,0.0,0.0
2015-05-06 00:00:00-04:00,22.149999618530273,22.200000762939453,21.549999237060547,21.690000534057617,17.19046974182129,2420300,0.0,0.0
2015-05-07 00:00:00-04:00,21.690000534057617,21.899999618530273,21.31999969482422,21.770000457763672,17.25387954711914,2185800,0.0,0.0
2015-05-08 00:00:00-04:00,22.020000457763672,22.25,21.93000030517578,22.040000915527344,17.467866897583008,1955800,0.0,0.0
2015-05-11 00:00:00-04:00,21.959999084472656,22.299999237060547,21.899999618530273,21.93000030517578,17.380685806274414,2322200,0.0,0.0
2015-05-12 00:00:00-04:00,21.8700008392334,21.989999771118164,21.59000015258789,21.6200008392334,17.134992599487305,2926400,0.0,0.0
2015-05-13 00:00:00-04:00,21.649999618530273,21.940000534057617,21.639999389648438,21.760000228881836,17.245946884155273,1760200,0.0,0.0
2015-05-14 00:00:00-04:00,22.0,22.100000381469727,21.780000686645508,21.799999237060547,17.27764892578125,2623300,0.0,0.0
2015-05-15 00:00:00-04:00,21.829999923706055,21.889999389648438,21.6200008392334,21.65999984741211,17.166696548461914,1685600,0.0,0.0
2015-05-18 00:00:00-04:00,21.559999465942383,21.709999084472656,21.420000076293945,21.690000534057617,17.19046974182129,1931800,0.0,0.0
2015-05-19 00:00:00-04:00,21.6299991607666,21.670000076293945,21.09000015258789,21.299999237060547,16.88137435913086,1585700,0.0,0.0
2015-05-20 00:00:00-04:00,21.360000610351562,21.479999542236328,21.09000015258789,21.34000015258789,16.913076400756836,1592900,0.0,0.0
2015-05-21 00:00:00-04:00,21.3700008392334,21.399999618530273,20.979999542236328,21.18000030517578,16.78626823425293,1704400,0.0,0.0
2015-05-22 00:00:00-04:00,21.15999984741211,21.969999313354492,20.8700008392334,21.75,17.238025665283203,3551000,0.0,0.0
2015-05-26 00:00:00-04:00,21.729999542236328,21.790000915527344,21.040000915527344,21.56999969482422,17.095367431640625,2770000,0.0,0.0
2015-05-27 00:00:00-04:00,21.610000610351562,22.110000610351562,21.469999313354492,21.889999389648438,17.348976135253906,2143600,0.0,0.0
2015-05-28 00:00:00-04:00,21.809999465942383,21.899999618530273,21.530000686645508,21.709999084472656,17.206315994262695,1714100,0.0,0.0
2015-05-29 00:00:00-04:00,21.65999984741211,22.049999237060547,21.549999237060547,21.809999465942383,17.285581588745117,1940700,0.0,0.0
2015-06-01 00:00:00-04:00,22.0,22.049999237060547,21.600000381469727,21.950000762939453,17.39653778076172,2492700,0.0,0.0
2015-06-02 00:00:00-04:00,21.90999984741211,22.690000534057617,21.90999984741211,22.420000076293945,17.76902961730957,2563700,0.0,0.0
2015-06-03 00:00:00-04:00,22.3700008392334,23.170000076293945,22.290000915527344,22.489999771118164,17.824512481689453,3347500,0.0,0.0
2015-06-04 00:00:00-04:00,22.389999389648438,22.549999237060547,22.049999237060547,22.200000762939453,17.59466552734375,1409400,0.0,0.0
2015-06-05 00:00:00-04:00,22.139999389648438,22.219999313354492,21.8700008392334,22.170000076293945,17.570894241333008,1713100,0.0,0.0
2015-06-08 00:00:00-04:00,22.209999084472656,22.239999771118164,21.690000534057617,21.799999237060547,17.27764892578125,1537700,0.0,0.0
2015-06-09 00:00:00-04:00,21.81999969482422,21.989999771118164,21.68000030517578,21.84000015258789,17.309354782104492,1727800,0.0,0.0
2015-06-10 00:00:00-04:00,22.020000457763672,22.18000030517578,21.829999923706055,21.920000076293945,17.372756958007812,2566400,0.0,0.0
2015-06-11 00:00:00-04:00,21.969999313354492,22.200000762939453,21.56999969482422,21.65999984741211,17.166696548461914,2554800,0.0,0.0
2015-06-12 00:00:00-04:00,21.549999237060547,21.84000015258789,21.350000381469727,21.770000457763672,17.25387954711914,2155300,0.0,0.0
2015-06-15 00:00:00-04:00,21.559999465942383,21.559999465942383,20.93000030517578,21.260000228881836,16.849672317504883,3289800,0.0,0.0
2015-06-16 00:00:00-04:00,21.170000076293945,21.549999237060547,21.040000915527344,21.3799991607666,16.94477653503418,1234800,0.0,0.0
2015-06-17 00:00:00-04:00,21.450000762939453,21.489999771118164,20.989999771118164,21.329999923706055,16.9051456451416,1118600,0.0,0.0
2015-06-18 00:00:00-04:00,21.219999313354492,21.59000015258789,20.969999313354492,21.459999084472656,17.008174896240234,1780500,0.0,0.0
2015-06-19 00:00:00-04:00,21.479999542236328,21.65999984741211,21.31999969482422,21.389999389648438,16.95270538330078,1441400,0.0,0.0
2015-06-22 00:00:00-04:00,21.8799991607666,22.18000030517578,21.520000457763672,21.739999771118164,17.2300968170166,3818500,0.0,0.0
2015-06-23 00:00:00-04:00,21.799999237060547,22.420000076293945,21.540000915527344,22.350000381469727,17.713558197021484,4576500,0.0,0.0
2015-06-24 00:00:00-04:00,22.34000015258789,22.610000610351562,22.079999923706055,22.299999237060547,17.673925399780273,2235100,0.0,0.0
2015-06-25 00:00:00-04:00,22.329999923706055,22.489999771118164,22.040000915527344,22.149999618530273,17.555044174194336,1681200,0.0,0.0
2015-06-26 00:00:00-04:00,22.110000610351562,22.350000381469727,21.799999237060547,22.049999237060547,17.58534812927246,3961100,0.138,0.0
2015-06-29 00:00:00-04:00,22.059999465942383,22.15999984741211,21.329999923706055,21.360000610351562,17.035057067871094,2070400,0.0,0.0
2015-06-30 00:00:00-04:00,21.520000457763672,21.639999389648438,20.6200008392334,20.719999313354492,16.524641036987305,3714900,0.0,0.0
2015-07-01 00:00:00-04:00,20.809999465942383,21.139999389648438,20.639999389648438,20.860000610351562,16.63629913330078,1997700,0.0,0.0
2015-07-02 00:00:00-04:00,20.809999465942383,20.940000534057617,20.229999542236328,20.450000762939453,16.309316635131836,2995300,0.0,0.0
2015-07-06 00:00:00-04:00,20.170000076293945,20.420000076293945,19.829999923706055,20.079999923706055,16.014238357543945,3310800,0.0,0.0
2015-07-07 00:00:00-04:00,19.899999618530273,20.209999084472656,18.950000762939453,20.18000030517578,16.09398651123047,8358200,0.0,0.0
2015-07-08 00:00:00-04:00,20.049999237060547,20.219999313354492,19.600000381469727,19.6299991607666,15.655346870422363,3442200,0.0,0.0
2015-07-09 00:00:00-04:00,19.81999969482422,20.020000457763672,19.290000915527344,19.3799991607666,15.45596981048584,3244300,0.0,0.0
2015-07-10 00:00:00-04:00,19.790000915527344,19.899999618530273,19.489999771118164,19.6200008392334,15.647375106811523,2036400,0.0,0.0
2015-07-13 00:00:00-04:00,19.799999237060547,20.239999771118164,19.559999465942383,20.040000915527344,15.982333183288574,2143000,0.0,0.0
2015-07-14 00:00:00-04:00,20.06999969482422,20.200000762939453,19.780000686645508,20.0,15.950425148010254,1597100,0.0,0.0
2015-07-15 00:00:00-04:00,19.889999389648438,20.1299991607666,19.510000228881836,19.719999313354492,15.727128028869629,2346400,0.0,0.0
2015-07-16 00:00:00-04:00,19.799999237060547,19.889999389648438,19.510000228881836,19.56999969482422,15.607498168945312,1872600,0.0,0.0
2015-07-17 00:00:00-04:00,19.6200008392334,19.729999542236328,19.1200008392334,19.170000076293945,15.288485527038574,2638700,0.0,0.0
2015-07-20 00:00:00-04:00,19.06999969482422,19.329999923706055,18.709999084472656,18.780000686645508,14.977452278137207,4577000,0.0,0.0
2015-07-21 00:00:00-04:00,19.0,20.6200008392334,18.93000030517578,19.389999389648438,15.463942527770996,9007800,0.0,0.0
2015-07-22 00:00:00-04:00,19.200000762939453,19.84000015258789,19.079999923706055,19.639999389648438,15.663322448730469,3155400,0.0,0.0
2015-07-23 00:00:00-04:00,19.860000610351562,20.030000686645508,19.489999771118164,19.579999923706055,15.615472793579102,2186900,0.0,0.0
2015-07-24 00:00:00-04:00,19.450000762939453,19.530000686645508,18.770000457763672,18.8700008392334,15.049236297607422,3904600,0.0,0.0
2015-07-27 00:00:00-04:00,18.729999542236328,19.25,18.540000915527344,19.040000915527344,15.184816360473633,4641500,0.0,0.0
2015-07-28 00:00:00-04:00,19.25,20.389999389648438,19.139999389648438,20.059999465942383,15.99828052520752,5671100,0.0,0.0
2015-07-29 00:00:00-04:00,20.06999969482422,20.690000534057617,19.889999389648438,20.649999618530273,16.468822479248047,4656700,0.0,0.0
2015-07-30 00:00:00-04:00,20.700000762939453,20.850000381469727,20.229999542236328,20.40999984741211,16.277414321899414,2682500,0.0,0.0
2015-07-31 00:00:00-04:00,20.479999542236328,20.639999389648438,19.90999984741211,20.030000686645508,15.974358558654785,2207700,0.0,0.0
2015-08-03 00:00:00-04:00,19.950000762939453,20.639999389648438,19.65999984741211,20.469999313354492,16.325265884399414,3261600,0.0,0.0
2015-08-04 00:00:00-04:00,20.559999465942383,20.8700008392334,20.139999389648438,20.850000381469727,16.628324508666992,2568800,0.0,0.0
2015-08-05 00:00:00-04:00,21.18000030517578,21.549999237060547,21.0,21.309999465942383,16.99517822265625,3120900,0.0,0.0
2015-08-06 00:00:00-04:00,21.299999237060547,21.709999084472656,21.110000610351562,21.25,16.94733238220215,2993500,0.0,0.0
2015-08-07 00:00:00-04:00,21.059999465942383,21.459999084472656,20.760000228881836,20.93000030517578,16.692127227783203,2512200,0.0,0.0
2015-08-10 00:00:00-04:00,20.950000762939453,21.729999542236328,20.729999542236328,21.670000076293945,17.28229522705078,2476900,0.0,0.0
2015-08-11 00:00:00-04:00,21.299999237060547,21.309999465942383,20.639999389648438,20.90999984741211,16.67617416381836,2495000,0.0,0.0
2015-08-12 00:00:00-04:00,20.68000030517578,20.68000030517578,19.809999465942383,20.280000686645508,16.17374038696289,3052900,0.0,0.0
2015-08-13 00:00:00-04:00,20.260000228881836,20.479999542236328,20.06999969482422,20.389999389648438,16.261465072631836,1329800,0.0,0.0
2015-08-14 00:00:00-04:00,20.40999984741211,20.959999084472656,20.299999237060547,20.899999618530273,16.668195724487305,2015000,0.0,0.0
2015-08-17 00:00:00-04:00,20.770000457763672,21.3799991607666,20.549999237060547,21.3700008392334,17.04303550720215,2395500,0.0,0.0
2015-08-18 00:00:00-04:00,21.260000228881836,21.450000762939453,20.969999313354492,21.059999465942383,16.795804977416992,1575300,0.0,0.0
2015-08-19 00:00:00-04:00,20.860000610351562,21.06999969482422,20.31999969482422,20.389999389648438,16.261465072631836,2343600,0.0,0.0
2015-08-20 00:00:00-04:00,20.350000381469727,21.020000457763672,19.59000015258789,19.739999771118164,15.743073463439941,3135900,0.0,0.0
2015-08-21 00:00:00-04:00,19.59000015258789,19.610000610351562,18.90999984741211,18.950000762939453,15.113036155700684,4512800,0.0,0.0
2015-08-24 00:00:00-04:00,18.549999237060547,19.1299991607666,17.649999618530273,18.270000457763672,14.570721626281738,4234800,0.0,0.0
2015-08-25 00:00:00-04:00,19.0,19.100000381469727,18.010000228881836,18.020000457763672,14.371338844299316,3107400,0.0,0.0
2015-08-26 00:00:00-04:00,18.190000534057617,18.360000610351562,17.8700008392334,18.299999237060547,14.594640731811523,2596800,0.0,0.0
2015-08-27 00:00:00-04:00,18.729999542236328,19.510000228881836,18.469999313354492,19.469999313354492,15.527749061584473,2548400,0.0,0.0
2015-08-28 00:00:00-04:00,19.280000686645508,20.040000915527344,19.100000381469727,19.610000610351562,15.639398574829102,3406800,0.0,0.0
2015-08-31 00:00:00-04:00,19.43000030517578,19.59000015258789,19.15999984741211,19.479999542236328,15.53571891784668,2401300,0.0,0.0
2015-09-01 00:00:00-04:00,18.93000030517578,19.360000610351562,18.649999618530273,18.799999237060547,14.993404388427734,2693900,0.0,0.0
2015-09-02 00:00:00-04:00,19.139999389648438,19.469999313354492,18.93000030517578,19.440000534057617,15.503823280334473,3060100,0.0,0.0
2015-09-03 00:00:00-04:00,19.530000686645508,20.149999618530273,19.059999465942383,19.229999542236328,15.336335182189941,3121400,0.0,0.0
2015-09-04 00:00:00-04:00,18.920000076293945,19.049999237060547,18.559999465942383,18.700000762939453,14.913651466369629,2983100,0.0,0.0
2015-09-08 00:00:00-04:00,19.110000610351562,19.639999389648438,18.760000228881836,19.6299991607666,15.655346870422363,3468600,0.0,0.0
2015-09-09 00:00:00-04:00,20.030000686645508,20.030000686645508,19.079999923706055,19.190000534057617,15.304438591003418,2645900,0.0,0.0
2015-09-10 00:00:00-04:00,19.110000610351562,19.299999237060547,18.799999237060547,19.030000686645508,15.176836967468262,2952300,0.0,0.0
2015-09-11 00:00:00-04:00,18.899999618530273,19.06999969482422,18.549999237060547,18.799999237060547,14.993404388427734,2456200,0.0,0.0
2015-09-14 00:00:00-04:00,18.690000534057617,18.709999084472656,17.969999313354492,18.100000381469727,14.435140609741211,3352900,0.0,0.0
2015-09-15 00:00:00-04:00,18.09000015258789,18.290000915527344,17.969999313354492,18.0,14.355386734008789,4025700,0.0,0.0
2015-09-16 00:00:00-04:00,18.079999923706055,18.479999542236328,17.8799991607666,18.190000534057617,14.506916999816895,3547800,0.0,0.0
2015-09-17 00:00:00-04:00,18.149999618530273,18.440000534057617,17.920000076293945,18.0,14.355386734008789,3730600,0.0,0.0
2015-09-18 00:00:00-04:00,17.799999237060547,18.040000915527344,17.510000228881836,17.889999389648438,14.267661094665527,4346800,0.0,0.0
2015-09-21 00:00:00-04:00,17.920000076293945,18.18000030517578,17.65999984741211,17.920000076293945,14.291583061218262,3641700,0.0,0.0
2015-09-22 00:00:00-04:00,17.450000762939453,17.690000534057617,17.020000457763672,17.329999923706055,13.821049690246582,4131400,0.0,0.0
2015-09-23 00:00:00-04:00,17.459999084472656,17.489999771118164,16.700000762939453,17.020000457763672,13.573817253112793,3950600,0.0,0.0
2015-09-24 00:00:00-04:00,16.959999084472656,17.719999313354492,16.860000610351562,17.579999923706055,14.020431518554688,4521500,0.0,0.0
2015-09-25 00:00:00-04:00,17.690000534057617,17.829999923706055,17.149999618530273,17.25,13.757246971130371,3018300,0.0,0.0
2015-09-28 00:00:00-04:00,16.850000381469727,16.989999771118164,16.520000457763672,16.690000534057617,13.417980194091797,3016400,0.138,0.0
2015-09-29 00:00:00-04:00,16.8700008392334,17.170000076293945,16.610000610351562,16.829999923706055,13.530533790588379,2850300,0.0,0.0
2015-09-30 00:00:00-04:00,17.110000610351562,17.270000457763672,16.8700008392334,17.18000030517578,13.811919212341309,2305400,0.0,0.0
2015-10-01 00:00:00-04:00,17.18000030517578,17.450000762939453,16.899999618530273,17.200000762939453,13.827994346618652,2284300,0.0,0.0
2015-10-02 00:00:00-04:00,16.979999542236328,17.850000381469727,16.8799991607666,17.799999237060547,14.310368537902832,3575700,0.0,0.0
2015-10-05 00:00:00-04:00,17.850000381469727,18.200000762939453,17.850000381469727,18.18000030517578,14.615865707397461,4829000,0.0,0.0
2015-10-06 00:00:00-04:00,18.239999771118164,18.600000381469727,18.139999389648438,18.170000076293945,14.607831001281738,3659000,0.0,0.0
2015-10-07 00:00:00-04:00,18.450000762939453,18.940000534057617,17.920000076293945,18.93000030517578,15.21883487701416,6377500,0.0,0.0
2015-10-08 00:00:00-04:00,18.760000228881836,19.290000915527344,18.6299991607666,19.079999923706055,15.33942985534668,3563800,0.0,0.0
2015-10-09 00:00:00-04:00,19.329999923706055,19.420000076293945,18.780000686645508,19.09000015258789,15.34747314453125,2693200,0.0,0.0
2015-10-12 00:00:00-04:00,19.100000381469727,19.100000381469727,18.770000457763672,19.079999923706055,15.33942985534668,1885100,0.0,0.0
2015-10-13 00:00:00-04:00,18.8700008392334,19.489999771118164,18.709999084472656,19.1200008392334,15.371589660644531,2610900,0.0,0.0
2015-10-14 00:00:00-04:00,19.540000915527344,19.709999084472656,18.989999771118164,19.149999618530273,15.395706176757812,2971700,0.0,0.0
2015-10-15 00:00:00-04:00,19.139999389648438,19.440000534057617,18.989999771118164,19.3700008392334,15.572571754455566,1851900,0.0,0.0
2015-10-16 00:00:00-04:00,19.34000015258789,19.469999313354492,18.8700008392334,18.940000534057617,15.226877212524414,3336300,0.0,0.0
2015-10-19 00:00:00-04:00,18.809999465942383,18.809999465942383,17.8700008392334,18.100000381469727,14.551552772521973,6564200,0.0,0.0
2015-10-20 00:00:00-04:00,17.610000610351562,18.549999237060547,17.610000610351562,17.850000381469727,14.350564956665039,5115700,0.0,0.0
2015-10-21 00:00:00-04:00,17.850000381469727,18.049999237060547,17.639999389648438,17.690000534057617,14.221929550170898,3588800,0.0,0.0
2015-10-22 00:00:00-04:00,17.799999237060547,18.59000015258789,17.56999969482422,18.459999084472656,14.840975761413574,2782200,0.0,0.0
2015-10-23 00:00:00-04:00,18.670000076293945,18.969999313354492,18.549999237060547,18.719999313354492,15.05000114440918,2106400,0.0,0.0
2015-10-26 00:00:00-04:00,18.719999313354492,18.719999313354492,18.200000762939453,18.270000457763672,14.688223838806152,2100500,0.0,0.0
2015-10-27 00:00:00-04:00,18.209999084472656,18.450000762939453,18.06999969482422,18.299999237060547,14.712342262268066,2250600,0.0,0.0
2015-10-28 00:00:00-04:00,18.299999237060547,18.75,18.059999465942383,18.65999984741211,15.001771926879883,3199800,0.0,0.0
2015-10-29 00:00:00-04:00,18.510000228881836,18.700000762939453,18.43000030517578,18.559999465942383,14.921372413635254,1444900,0.0,0.0
2015-10-30 00:00:00-04:00,18.690000534057617,18.739999771118164,18.43000030517578,18.469999313354492,14.849014282226562,1871200,0.0,0.0
2015-11-02 00:00:00-05:00,18.479999542236328,19.40999984741211,18.309999465942383,19.329999923706055,15.540414810180664,2875100,0.0,0.0
2015-11-03 00:00:00-05:00,19.139999389648438,19.40999984741211,18.420000076293945,18.610000610351562,14.961565017700195,4625000,0.0,0.0
2015-11-04 00:00:00-05:00,18.799999237060547,18.799999237060547,18.06999969482422,18.43000030517578,14.816855430603027,2749100,0.0,0.0
2015-11-05 00:00:00-05:00,18.350000381469727,18.75,18.139999389648438,18.3799991607666,14.776658058166504,1951900,0.0,0.0
2015-11-06 00:00:00-05:00,18.18000030517578,18.549999237060547,17.84000015258789,18.350000381469727,14.752535820007324,3029900,0.0,0.0
2015-11-09 00:00:00-05:00,18.350000381469727,18.40999984741211,17.610000610351562,17.729999542236328,14.2540864944458,2377800,0.0,0.0
2015-11-10 00:00:00-05:00,17.719999313354492,17.959999084472656,17.09000015258789,17.100000381469727,13.747600555419922,6406200,0.0,0.0
2015-11-11 00:00:00-05:00,17.260000228881836,17.299999237060547,16.610000610351562,17.229999542236328,13.852110862731934,3773000,0.0,0.0
2015-11-12 00:00:00-05:00,16.920000076293945,17.209999084472656,16.700000762939453,17.049999237060547,13.707402229309082,3508300,0.0,0.0
2015-11-13 00:00:00-05:00,17.100000381469727,17.43000030517578,17.020000457763672,17.25,13.86819076538086,2037300,0.0,0.0
2015-11-16 00:00:00-05:00,17.190000534057617,17.489999771118164,16.940000534057617,17.399999618530273,13.988790512084961,2166800,0.0,0.0
2015-11-17 00:00:00-05:00,17.360000610351562,17.520000457763672,17.079999923706055,17.270000457763672,13.884270668029785,2092800,0.0,0.0
2015-11-18 00:00:00-05:00,17.469999313354492,18.100000381469727,17.110000610351562,18.020000457763672,14.487235069274902,3121600,0.0,0.0
2015-11-19 00:00:00-05:00,17.780000686645508,18.200000762939453,17.3799991607666,17.8700008392334,14.366641998291016,1512000,0.0,0.0
2015-11-20 00:00:00-05:00,17.979999542236328,18.049999237060547,17.5,17.65999984741211,14.197816848754883,1942200,0.0,0.0
2015-11-23 00:00:00-05:00,17.6299991607666,17.940000534057617,17.360000610351562,17.3799991607666,13.97270393371582,1455000,0.0,0.0
2015-11-24 00:00:00-05:00,17.309999465942383,17.989999771118164,17.309999465942383,17.809999465942383,14.318405151367188,2263300,0.0,0.0
2015-11-25 00:00:00-05:00,17.809999465942383,17.8799991607666,17.360000610351562,17.3799991607666,13.97270393371582,1903300,0.0,0.0
2015-11-27 00:00:00-05:00,17.239999771118164,17.559999465942383,17.219999313354492,17.5,14.069181442260742,813900,0.0,0.0
2015-11-30 00:00:00-05:00,17.520000457763672,17.709999084472656,17.100000381469727,17.389999389648438,13.980744361877441,3169900,0.0,0.0
2015-12-01 00:00:00-05:00,17.40999984741211,17.56999969482422,17.280000686645508,17.520000457763672,14.085259437561035,1943200,0.0,0.0
2015-12-02 00:00:00-05:00,17.3799991607666,17.5,17.170000076293945,17.229999542236328,13.852110862731934,1959500,0.0,0.0
2015-12-03 00:00:00-05:00,17.350000381469727,17.3700008392334,16.760000228881836,16.93000030517578,13.61092758178711,2482100,0.0,0.0
2015-12-04 00:00:00-05:00,17.0,17.239999771118164,16.760000228881836,17.09000015258789,13.7395601272583,2791700,0.0,0.0
2015-12-07 00:00:00-05:00,16.93000030517578,16.969999313354492,16.3799991607666,16.690000534057617,13.417980194091797,3003900,0.0,0.0
2015-12-08 00:00:00-05:00,16.3799991607666,16.65999984741211,16.229999542236328,16.559999465942383,13.313462257385254,3231000,0.0,0.0
2015-12-09 00:00:00-05:00,16.649999618530273,17.079999923706055,16.540000915527344,16.59000015258789,13.337586402893066,4076900,0.0,0.0
2015-12-10 00:00:00-05:00,16.59000015258789,17.68000030517578,16.56999969482422,17.56999969482422,14.125459671020508,3487700,0.0,0.0
2015-12-11 00:00:00-05:00,17.209999084472656,17.5,17.059999465942383,17.209999084472656,13.83603286743164,2983500,0.0,0.0
2015-12-14 00:00:00-05:00,17.399999618530273,17.709999084472656,17.200000762939453,17.280000686645508,13.892312049865723,3115200,0.0,0.0
2015-12-15 00:00:00-05:00,17.40999984741211,17.469999313354492,16.75,16.940000534057617,13.618967056274414,3890200,0.0,0.0
2015-12-16 00:00:00-05:00,17.100000381469727,17.100000381469727,16.309999465942383,16.809999465942383,13.514451026916504,4148700,0.0,0.0
2015-12-17 00:00:00-05:00,16.790000915527344,17.329999923706055,16.3700008392334,17.010000228881836,13.67524242401123,5082300,0.0,0.0
2015-12-18 00:00:00-05:00,16.969999313354492,17.290000915527344,16.920000076293945,16.920000076293945,13.602888107299805,5605300,0.0,0.0
2015-12-21 00:00:00-05:00,17.139999389648438,17.3700008392334,16.950000762939453,17.280000686645508,13.892312049865723,2647900,0.0,0.0
2015-12-22 00:00:00-05:00,17.25,17.93000030517578,17.219999313354492,17.889999389648438,14.382723808288574,3765900,0.0,0.0
2015-12-23 00:00:00-05:00,18.110000610351562,18.709999084472656,17.899999618530273,18.1200008392334,14.567628860473633,3558200,0.0,0.0
2015-12-24 00:00:00-05:00,18.110000610351562,18.290000915527344,17.93000030517578,18.15999984741211,14.5997896194458,761400,0.0,0.0
2015-12-28 00:00:00-05:00,18.020000457763672,18.06999969482422,17.639999389648438,17.979999542236328,14.455079078674316,1810100,0.0,0.0
2015-12-29 00:00:00-05:00,17.940000534057617,18.329999923706055,17.799999237060547,18.09000015258789,14.656002044677734,1675900,0.138,0.0
2015-12-30 00:00:00-05:00,17.940000534057617,18.15999984741211,17.829999923706055,17.950000762939453,14.542579650878906,1310300,0.0,0.0
2015-12-31 00:00:00-05:00,17.889999389648438,18.110000610351562,17.75,17.8700008392334,14.477761268615723,1886600,0.0,0.0
2016-01-04 00:00:00-05:00,17.6200008392334,17.889999389648438,17.469999313354492,17.760000228881836,14.388639450073242,2732200,0.0,0.0
2016-01-05 00:00:00-05:00,17.790000915527344,17.989999771118164,17.610000610351562,17.799999237060547,14.421052932739258,2995000,0.0,0.0
2016-01-06 00:00:00-05:00,17.59000015258789,17.8700008392334,17.43000030517578,17.5,14.178000450134277,5010200,0.0,0.0
2016-01-07 00:00:00-05:00,17.139999389648438,17.510000228881836,16.889999389648438,17.18000030517578,13.918746948242188,5483200,0.0,0.0
2016-01-08 00:00:00-05:00,17.280000686645508,17.31999969482422,16.530000686645508,16.549999237060547,13.408336639404297,3625300,0.0,0.0
2016-01-11 00:00:00-05:00,16.6299991607666,16.770000457763672,16.09000015258789,16.260000228881836,13.173385620117188,3076800,0.0,0.0
2016-01-12 00:00:00-05:00,16.329999923706055,16.809999465942383,16.149999618530273,16.75,13.570372581481934,4423100,0.0,0.0
2016-01-13 00:00:00-05:00,16.93000030517578,17.06999969482422,16.25,16.40999984741211,13.29491138458252,4218000,0.0,0.0
2016-01-14 00:00:00-05:00,16.510000228881836,16.84000015258789,16.350000381469727,16.700000762939453,13.529860496520996,2914600,0.0,0.0
2016-01-15 00:00:00-05:00,16.219999313354492,16.3799991607666,15.720000267028809,15.949999809265137,12.922235488891602,4273000,0.0,0.0
2016-01-19 00:00:00-05:00,16.139999389648438,16.5,16.030000686645508,16.280000686645508,13.189593315124512,4281400,0.0,0.0
2016-01-20 00:00:00-05:00,15.979999542236328,16.139999389648438,15.319999694824219,15.880000114440918,12.865525245666504,4328000,0.0,0.0
2016-01-21 00:00:00-05:00,15.600000381469727,16.260000228881836,15.600000381469727,15.859999656677246,12.849316596984863,4076100,0.0,0.0
2016-01-22 00:00:00-05:00,16.219999313354492,16.260000228881836,15.739999771118164,16.200000762939453,13.124775886535645,4871200,0.0,0.0
2016-01-25 00:00:00-05:00,16.09000015258789,16.34000015258789,15.899999618530273,15.960000038146973,12.930334091186523,4900700,0.0,0.0
2016-01-26 00:00:00-05:00,16.200000762939453,17.110000610351562,16.149999618530273,16.93000030517578,13.716204643249512,7154100,0.0,0.0
2016-01-27 00:00:00-05:00,16.75,17.270000457763672,16.59000015258789,16.700000762939453,13.529860496520996,4785600,0.0,0.0
2016-01-28 00:00:00-05:00,16.940000534057617,17.479999542236328,16.68000030517578,17.420000076293945,14.113183975219727,3745900,0.0,0.0
2016-01-29 00:00:00-05:00,17.3799991607666,18.350000381469727,17.3799991607666,18.350000381469727,14.866640090942383,4697900,0.0,0.0
2016-02-01 00:00:00-05:00,18.280000686645508,18.280000686645508,17.700000762939453,17.969999313354492,14.558775901794434,3760600,0.0,0.0
2016-02-02 00:00:00-05:00,17.770000457763672,17.940000534057617,17.510000228881836,17.540000915527344,14.210408210754395,2612500,0.0,0.0
2016-02-03 00:00:00-05:00,17.799999237060547,18.690000534057617,17.59000015258789,18.6200008392334,15.085393905639648,4382600,0.0,0.0
2016-02-04 00:00:00-05:00,18.6200008392334,19.43000030517578,18.559999465942383,18.850000381469727,15.271733283996582,4277800,0.0,0.0
2016-02-05 00:00:00-05:00,17.510000228881836,19.200000762939453,17.510000228881836,18.15999984741211,14.712713241577148,3622100,0.0,0.0
2016-02-08 00:00:00-05:00,17.959999084472656,18.100000381469727,17.469999313354492,17.780000686645508,14.404850006103516,3010600,0.0,0.0
2016-02-09 00:00:00-05:00,17.479999542236328,17.690000534057617,17.100000381469727,17.34000015258789,14.048369407653809,4510100,0.0,0.0
2016-02-10 00:00:00-05:00,17.34000015258789,17.860000610351562,17.329999923706055,17.690000534057617,14.331929206848145,2887100,0.0,0.0
2016-02-11 00:00:00-05:00,17.360000610351562,17.850000381469727,17.139999389648438,17.639999389648438,14.291424751281738,2742800,0.0,0.0
2016-02-12 00:00:00-05:00,17.93000030517578,18.43000030517578,17.860000610351562,18.329999923706055,14.850443840026855,2972200,0.0,0.0
2016-02-16 00:00:00-05:00,18.59000015258789,18.770000457763672,18.200000762939453,18.56999969482422,15.044878959655762,2337300,0.0,0.0
2016-02-17 00:00:00-05:00,18.760000228881836,19.059999465942383,18.510000228881836,18.670000076293945,15.125904083251953,2878600,0.0,0.0
2016-02-18 00:00:00-05:00,18.68000030517578,18.68000030517578,17.81999969482422,17.889999389648438,14.493968963623047,4149900,0.0,0.0
2016-02-19 00:00:00-05:00,17.850000381469727,18.020000457763672,17.600000381469727,17.860000610351562,14.469664573669434,2330100,0.0,0.0
2016-02-22 00:00:00-05:00,18.219999313354492,18.510000228881836,18.15999984741211,18.360000610351562,14.874747276306152,2602100,0.0,0.0
2016-02-23 00:00:00-05:00,18.15999984741211,18.229999542236328,17.420000076293945,17.510000228881836,14.186101913452148,3583000,0.0,0.0
2016-02-24 00:00:00-05:00,17.260000228881836,17.84000015258789,16.889999389648438,17.739999771118164,14.372441291809082,5915800,0.0,0.0
2016-02-25 00:00:00-05:00,17.709999084472656,18.31999969482422,17.0,18.170000076293945,14.72081470489502,3747700,0.0,0.0
2016-02-26 00:00:00-05:00,18.309999465942383,18.489999771118164,17.899999618530273,18.110000610351562,14.672205924987793,2542600,0.0,0.0
2016-02-29 00:00:00-05:00,18.209999084472656,18.329999923706055,18.010000228881836,18.190000534057617,14.737018585205078,2943000,0.0,0.0
2016-03-01 00:00:00-05:00,18.510000228881836,19.3700008392334,18.270000457763672,19.309999465942383,15.64440631866455,3935600,0.0,0.0
2016-03-02 00:00:00-05:00,19.510000228881836,20.540000915527344,19.40999984741211,20.510000228881836,16.616621017456055,5915600,0.0,0.0
2016-03-03 00:00:00-05:00,20.440000534057617,20.780000686645508,20.040000915527344,20.110000610351562,16.292551040649414,4619000,0.0,0.0
2016-03-04 00:00:00-05:00,19.920000076293945,20.290000915527344,19.479999542236328,19.770000457763672,16.017087936401367,5724200,0.0,0.0
2016-03-07 00:00:00-05:00,19.860000610351562,20.690000534057617,19.389999389648438,20.670000076293945,16.74624252319336,3364800,0.0,0.0
2016-03-08 00:00:00-05:00,20.6299991607666,20.969999313354492,20.18000030517578,20.31999969482422,16.462684631347656,4700300,0.0,0.0
2016-03-09 00:00:00-05:00,20.479999542236328,20.649999618530273,20.020000457763672,20.3700008392334,16.503189086914062,3120100,0.0,0.0
2016-03-10 00:00:00-05:00,20.3799991607666,21.190000534057617,20.3700008392334,21.170000076293945,17.151330947875977,3449500,0.0,0.0
2016-03-11 00:00:00-05:00,21.420000076293945,21.56999969482422,20.8799991607666,21.200000762939453,17.175636291503906,2309300,0.0,0.0
2016-03-14 00:00:00-04:00,20.969999313354492,21.600000381469727,20.610000610351562,21.309999465942383,17.26475715637207,3833000,0.0,0.0
2016-03-15 00:00:00-04:00,21.079999923706055,21.309999465942383,20.799999237060547,20.920000076293945,16.94878387451172,3185700,0.0,0.0
2016-03-16 00:00:00-04:00,21.0,21.729999542236328,20.719999313354492,21.670000076293945,17.556413650512695,3810400,0.0,0.0
2016-03-17 00:00:00-04:00,21.770000457763672,22.190000534057617,21.40999984741211,22.059999465942383,17.87238311767578,3440400,0.0,0.0
2016-03-18 00:00:00-04:00,22.170000076293945,22.56999969482422,21.770000457763672,21.889999389648438,17.73464584350586,4382500,0.0,0.0
2016-03-21 00:00:00-04:00,21.920000076293945,22.170000076293945,21.59000015258789,22.09000015258789,17.89668846130371,2326500,0.0,0.0
2016-03-22 00:00:00-04:00,21.959999084472656,22.350000381469727,21.739999771118164,22.15999984741211,17.95340347290039,1788100,0.0,0.0
2016-03-23 00:00:00-04:00,22.1299991607666,22.399999618530273,21.790000915527344,21.90999984741211,17.7508544921875,3474300,0.0,0.0
2016-03-24 00:00:00-04:00,21.709999084472656,22.43000030517578,21.59000015258789,22.420000076293945,18.16403579711914,2936000,0.0,0.0
2016-03-28 00:00:00-04:00,22.420000076293945,22.469999313354492,22.09000015258789,22.329999923706055,18.091127395629883,1526700,0.0,0.0
2016-03-29 00:00:00-04:00,22.09000015258789,22.6200008392334,21.920000076293945,22.579999923706055,18.409088134765625,2635200,0.14,0.0
2016-03-30 00:00:00-04:00,22.790000915527344,22.920000076293945,22.479999542236328,22.829999923706055,18.6129093170166,2528200,0.0,0.0
2016-03-31 00:00:00-04:00,22.770000457763672,22.90999984741211,22.469999313354492,22.510000228881836,18.352018356323242,2276600,0.0,0.0
2016-04-01 00:00:00-04:00,22.1200008392334,23.0,21.56999969482422,23.0,18.75150489807129,3346500,0.0,0.0
2016-04-04 00:00:00-04:00,23.0,23.15999984741211,22.440000534057617,22.450000762939453,18.303104400634766,3020300,0.0,0.0
2016-04-05 00:00:00-04:00,22.450000762939453,22.760000228881836,22.299999237060547,22.559999465942383,18.392778396606445,4114400,0.0,0.0
2016-04-06 00:00:00-04:00,22.559999465942383,22.959999084472656,22.440000534057617,22.809999465942383,18.596599578857422,2852500,0.0,0.0
2016-04-07 00:00:00-04:00,22.639999389648438,22.700000762939453,22.190000534057617,22.3700008392334,18.23788070678711,2756600,0.0,0.0
2016-04-08 00:00:00-04:00,22.709999084472656,22.93000030517578,22.5,22.729999542236328,18.531375885009766,1995900,0.0,0.0
2016-04-11 00:00:00-04:00,22.899999618530273,23.420000076293945,22.739999771118164,22.979999542236328,18.735200881958008,4943300,0.0,0.0
2016-04-12 00:00:00-04:00,23.09000015258789,23.389999389648438,22.860000610351562,23.299999237060547,18.996091842651367,3287900,0.0,0.0
2016-04-13 00:00:00-04:00,23.5,23.8799991607666,23.5,23.670000076293945,19.297744750976562,2752700,0.0,0.0
2016-04-14 00:00:00-04:00,23.649999618530273,23.850000381469727,23.489999771118164,23.75,19.36296844482422,2656400,0.0,0.0
2016-04-15 00:00:00-04:00,23.690000534057617,24.209999084472656,23.489999771118164,24.200000762939453,19.729848861694336,3169000,0.0,0.0
2016-04-18 00:00:00-04:00,24.049999237060547,24.389999389648438,24.0,24.09000015258789,19.64016342163086,3982000,0.0,0.0
2016-04-19 00:00:00-04:00,24.389999389648438,24.600000381469727,24.260000228881836,24.549999237060547,20.015199661254883,3794700,0.0,0.0
2016-04-20 00:00:00-04:00,24.559999465942383,24.829999923706055,24.059999465942383,24.479999542236328,19.958120346069336,4515700,0.0,0.0
2016-04-21 00:00:00-04:00,24.729999542236328,25.0,24.420000076293945,24.639999389648438,20.088563919067383,5855300,0.0,0.0
2016-04-22 00:00:00-04:00,24.739999771118164,25.06999969482422,24.3799991607666,24.600000381469727,20.05595588684082,4391200,0.0,0.0
2016-04-25 00:00:00-04:00,24.43000030517578,24.68000030517578,24.040000915527344,24.18000030517578,19.713537216186523,3381600,0.0,0.0
2016-04-26 00:00:00-04:00,24.290000915527344,24.56999969482422,23.780000686645508,24.540000915527344,20.007036209106445,3355400,0.0,0.0
2016-04-27 00:00:00-04:00,24.18000030517578,25.06999969482422,24.030000686645508,25.06999969482422,20.439136505126953,3600100,0.0,0.0
2016-04-28 00:00:00-04:00,25.049999237060547,25.219999313354492,24.549999237060547,24.649999618530273,20.09671974182129,3294600,0.0,0.0
2016-04-29 00:00:00-04:00,24.68000030517578,25.229999542236328,24.3700008392334,25.209999084472656,20.553281784057617,6434100,0.0,0.0
2016-05-02 00:00:00-04:00,25.260000228881836,25.420000076293945,25.010000228881836,25.309999465942383,20.634803771972656,6342100,0.0,0.0
2016-05-03 00:00:00-04:00,24.920000076293945,24.920000076293945,24.270000457763672,24.649999618530273,20.09671974182129,5942900,0.0,0.0
2016-05-04 00:00:00-04:00,24.5,25.049999237060547,24.399999618530273,24.760000228881836,20.186405181884766,2691400,0.0,0.0
2016-05-05 00:00:00-04:00,24.940000534057617,25.110000610351562,24.579999923706055,24.850000381469727,20.25977897644043,3882800,0.0,0.0
2016-05-06 00:00:00-04:00,24.700000762939453,25.110000610351562,24.360000610351562,24.940000534057617,20.333158493041992,2345400,0.0,0.0
2016-05-09 00:00:00-04:00,24.649999618530273,24.649999618530273,23.489999771118164,23.549999237060547,19.199909210205078,7695300,0.0,0.0
2016-05-10 00:00:00-04:00,23.65999984741211,24.15999984741211,23.540000915527344,24.100000381469727,19.648319244384766,4745800,0.0,0.0
2016-05-11 00:00:00-04:00,24.1200008392334,24.469999313354492,24.040000915527344,24.239999771118164,19.762454986572266,2794900,0.0,0.0
2016-05-12 00:00:00-04:00,24.350000381469727,24.479999542236328,23.700000762939453,23.889999389648438,19.477108001708984,3915900,0.0,0.0
2016-05-13 00:00:00-04:00,23.860000610351562,24.200000762939453,23.600000381469727,24.030000686645508,19.591251373291016,5028900,0.0,0.0
2016-05-16 00:00:00-04:00,24.15999984741211,24.8700008392334,24.1299991607666,24.469999313354492,19.949970245361328,4285500,0.0,0.0
2016-05-17 00:00:00-04:00,24.420000076293945,24.530000686645508,23.770000457763672,23.84000015258789,19.43634605407715,3757800,0.0,0.0
2016-05-18 00:00:00-04:00,23.6200008392334,23.969999313354492,23.0,23.149999618530273,18.873804092407227,4723100,0.0,0.0
2016-05-19 00:00:00-04:00,22.860000610351562,23.850000381469727,22.6200008392334,23.700000762939453,19.322206497192383,3843000,0.0,0.0
2016-05-20 00:00:00-04:00,23.850000381469727,24.0,23.389999389648438,23.440000534057617,19.110233306884766,3320300,0.0,0.0
2016-05-23 00:00:00-04:00,23.389999389648438,24.1299991607666,23.309999465942383,23.979999542236328,19.55048179626465,2562100,0.0,0.0
2016-05-24 00:00:00-04:00,24.1299991607666,24.489999771118164,23.90999984741211,24.219999313354492,19.74614715576172,4446400,0.0,0.0
2016-05-25 00:00:00-04:00,24.25,24.760000228881836,24.010000228881836,24.600000381469727,20.05595588684082,3220400,0.0,0.0
2016-05-26 00:00:00-04:00,24.989999771118164,25.389999389648438,24.649999618530273,24.739999771118164,20.170101165771484,3642600,0.0,0.0
2016-05-27 00:00:00-04:00,24.639999389648438,24.799999237060547,24.18000030517578,24.649999618530273,20.09671974182129,2350000,0.0,0.0
2016-05-31 00:00:00-04:00,24.65999984741211,25.09000015258789,24.549999237060547,24.690000534057617,20.12933921813965,1867500,0.0,0.0
2016-06-01 00:00:00-04:00,24.43000030517578,24.739999771118164,24.280000686645508,24.670000076293945,20.113025665283203,1774000,0.0,0.0
2016-06-02 00:00:00-04:00,24.469999313354492,24.920000076293945,24.399999618530273,24.920000076293945,20.316848754882812,1834400,0.0,0.0
2016-06-03 00:00:00-04:00,25.0,25.31999969482422,24.700000762939453,25.270000457763672,20.602197647094727,3552500,0.0,0.0
2016-06-06 00:00:00-04:00,25.15999984741211,25.610000610351562,25.15999984741211,25.489999771118164,20.78156089782715,2201100,0.0,0.0
2016-06-07 00:00:00-04:00,25.3799991607666,25.65999984741211,25.209999084472656,25.530000686645508,20.814176559448242,2449600,0.0,0.0
2016-06-08 00:00:00-04:00,26.200000762939453,26.989999771118164,26.040000915527344,26.68000030517578,21.751752853393555,5184600,0.0,0.0
2016-06-09 00:00:00-04:00,26.3799991607666,26.43000030517578,25.760000228881836,26.200000762939453,21.360410690307617,4136300,0.0,0.0
2016-06-10 00:00:00-04:00,26.0,26.270000457763672,25.770000457763672,25.8799991607666,21.09952163696289,4455400,0.0,0.0
2016-06-13 00:00:00-04:00,26.049999237060547,26.200000762939453,25.56999969482422,25.610000610351562,20.87939453125,4525200,0.0,0.0
2016-06-14 00:00:00-04:00,25.540000915527344,25.8700008392334,25.15999984741211,25.25,20.585887908935547,3585700,0.0,0.0
2016-06-15 00:00:00-04:00,25.690000534057617,26.079999923706055,25.3799991607666,25.850000381469727,21.075057983398438,4117600,0.0,0.0
2016-06-16 00:00:00-04:00,25.700000762939453,25.959999084472656,25.459999084472656,25.940000534057617,21.1484375,2268800,0.0,0.0
2016-06-17 00:00:00-04:00,25.979999542236328,26.239999771118164,25.440000534057617,25.5,20.789709091186523,4067400,0.0,0.0
2016-06-20 00:00:00-04:00,25.829999923706055,26.329999923706055,25.600000381469727,26.239999771118164,21.39302635192871,2617900,0.0,0.0
2016-06-21 00:00:00-04:00,26.25,26.420000076293945,25.229999542236328,25.540000915527344,20.82231903076172,3964300,0.0,0.0
2016-06-22 00:00:00-04:00,25.760000228881836,25.790000915527344,25.100000381469727,25.209999084472656,20.553281784057617,3055100,0.0,0.0
2016-06-23 00:00:00-04:00,25.530000686645508,25.709999084472656,25.030000686645508,25.559999465942383,20.838632583618164,2957100,0.0,0.0
2016-06-24 00:00:00-04:00,24.450000762939453,24.920000076293945,23.799999237060547,24.110000610351562,19.656471252441406,7247500,0.0,0.0
2016-06-27 00:00:00-04:00,23.940000534057617,24.0,23.040000915527344,23.200000762939453,18.91456413269043,4953300,0.0,0.0
2016-06-28 00:00:00-04:00,23.350000381469727,23.610000610351562,22.969999313354492,23.469999313354492,19.250856399536133,6042600,0.14,0.0
2016-06-29 00:00:00-04:00,23.850000381469727,23.979999542236328,23.450000762939453,23.6200008392334,19.373889923095703,2913500,0.0,0.0
2016-06-30 00:00:00-04:00,23.90999984741211,24.5,23.760000228881836,24.5,20.0956974029541,4489100,0.0,0.0
2016-07-01 00:00:00-04:00,24.670000076293945,25.260000228881836,24.639999389648438,24.8799991607666,20.407390594482422,2777300,0.0,0.0
2016-07-05 00:00:00-04:00,25.200000762939453,25.200000762939453,24.540000915527344,24.850000381469727,20.382774353027344,3421600,0.0,0.0
2016-07-06 00:00:00-04:00,25.0,25.610000610351562,24.989999771118164,25.530000686645508,20.94054412841797,4147900,0.0,0.0
2016-07-07 00:00:00-04:00,25.6200008392334,26.09000015258789,25.479999542236328,25.84000015258789,21.194812774658203,3735400,0.0,0.0
2016-07-08 00:00:00-04:00,26.190000534057617,26.770000457763672,26.170000076293945,26.639999389648438,21.850990295410156,3114700,0.0,0.0
2016-07-11 00:00:00-04:00,26.56999969482422,26.979999542236328,26.520000457763672,26.90999984741211,22.072460174560547,2295600,0.0,0.0
2016-07-12 00:00:00-04:00,27.309999465942383,27.549999237060547,27.049999237060547,27.489999771118164,22.548192977905273,4795800,0.0,0.0
2016-07-13 00:00:00-04:00,27.6200008392334,27.690000534057617,27.149999618530273,27.459999084472656,22.523582458496094,2692200,0.0,0.0
2016-07-14 00:00:00-04:00,27.770000457763672,27.940000534057617,27.34000015258789,27.729999542236328,22.745046615600586,2461200,0.0,0.0
2016-07-15 00:00:00-04:00,27.639999389648438,27.860000610351562,27.56999969482422,27.850000381469727,22.843481063842773,2497400,0.0,0.0
2016-07-18 00:00:00-04:00,28.0,28.010000228881836,27.399999618530273,27.979999542236328,22.95010757446289,3964300,0.0,0.0
2016-07-19 00:00:00-04:00,27.100000381469727,27.479999542236328,26.280000686645508,26.850000381469727,22.023244857788086,6086800,0.0,0.0
2016-07-20 00:00:00-04:00,26.190000534057617,26.520000457763672,25.979999542236328,26.459999084472656,21.703350067138672,5345500,0.0,0.0
2016-07-21 00:00:00-04:00,26.559999465942383,26.65999984741211,25.81999969482422,26.09000015258789,21.399864196777344,4629200,0.0,0.0
2016-07-22 00:00:00-04:00,26.09000015258789,26.440000534057617,26.010000228881836,26.3700008392334,21.629531860351562,3100200,0.0,0.0
2016-07-25 00:00:00-04:00,26.389999389648438,26.690000534057617,26.260000228881836,26.360000610351562,21.621326446533203,2796600,0.0,0.0
2016-07-26 00:00:00-04:00,25.899999618530273,27.190000534057617,25.899999618530273,27.1200008392334,22.24470329284668,3759900,0.0,0.0
2016-07-27 00:00:00-04:00,27.299999237060547,27.440000534057617,26.56999969482422,26.739999771118164,21.933019638061523,2622800,0.0,0.0
2016-07-28 00:00:00-04:00,26.760000228881836,26.920000076293945,26.469999313354492,26.770000457763672,21.95762825012207,2411400,0.0,0.0
2016-07-29 00:00:00-04:00,26.770000457763672,27.010000228881836,26.530000686645508,26.81999969482422,21.998638153076172,2576200,0.0,0.0
2016-08-01 00:00:00-04:00,27.18000030517578,27.18000030517578,26.18000030517578,26.43000030517578,21.678749084472656,2697800,0.0,0.0
2016-08-02 00:00:00-04:00,26.479999542236328,26.510000228881836,26.059999465942383,26.3799991607666,21.63772964477539,2316300,0.0,0.0
2016-08-03 00:00:00-04:00,26.239999771118164,26.6200008392334,26.0,26.579999923706055,21.80177879333496,2140800,0.0,0.0
2016-08-04 00:00:00-04:00,26.440000534057617,26.520000457763672,25.979999542236328,26.15999984741211,21.457279205322266,1866600,0.0,0.0
2016-08-05 00:00:00-04:00,26.229999542236328,26.450000762939453,26.100000381469727,26.43000030517578,21.678749084472656,2033600,0.0,0.0
2016-08-08 00:00:00-04:00,26.440000534057617,26.610000610351562,26.25,26.520000457763672,21.75257110595703,1831900,0.0,0.0
2016-08-09 00:00:00-04:00,26.3700008392334,26.5,26.1200008392334,26.139999389648438,21.44088363647461,2513300,0.0,0.0
2016-08-10 00:00:00-04:00,26.209999084472656,26.360000610351562,25.75,25.790000915527344,21.153797149658203,2293500,0.0,0.0
2016-08-11 00:00:00-04:00,25.899999618530273,25.920000076293945,25.399999618530273,25.65999984741211,21.047168731689453,2699800,0.0,0.0
2016-08-12 00:00:00-04:00,25.610000610351562,25.75,25.260000228881836,25.290000915527344,20.743680953979492,2616600,0.0,0.0
2016-08-15 00:00:00-04:00,25.549999237060547,26.110000610351562,25.5,25.889999389648438,21.235815048217773,2338000,0.0,0.0
2016-08-16 00:00:00-04:00,25.989999771118164,26.09000015258789,25.530000686645508,25.549999237060547,20.95694351196289,1593800,0.0,0.0
2016-08-17 00:00:00-04:00,25.559999465942383,25.559999465942383,25.219999313354492,25.389999389648438,20.825706481933594,2467500,0.0,0.0
2016-08-18 00:00:00-04:00,25.530000686645508,25.700000762939453,25.239999771118164,25.700000762939453,21.079975128173828,1527100,0.0,0.0
2016-08-19 00:00:00-04:00,25.270000457763672,25.59000015258789,24.600000381469727,24.790000915527344,20.33357048034668,3866800,0.0,0.0
2016-08-22 00:00:00-04:00,24.90999984741211,25.149999618530273,24.700000762939453,25.049999237060547,20.546825408935547,2289100,0.0,0.0
2016-08-23 00:00:00-04:00,25.31999969482422,25.8799991607666,25.270000457763672,25.309999465942383,20.760080337524414,2192500,0.0,0.0
2016-08-24 00:00:00-04:00,25.219999313354492,25.219999313354492,24.40999984741211,24.68000030517578,20.24333953857422,2231900,0.0,0.0
2016-08-25 00:00:00-04:00,24.6299991607666,24.940000534057617,24.399999618530273,24.510000228881836,20.103904724121094,2877700,0.0,0.0
2016-08-26 00:00:00-04:00,24.790000915527344,25.270000457763672,24.530000686645508,24.6299991607666,20.202327728271484,2107000,0.0,0.0
2016-08-29 00:00:00-04:00,24.760000228881836,25.020000457763672,24.639999389648438,24.889999389648438,20.41558074951172,1142000,0.0,0.0
2016-08-30 00:00:00-04:00,26.0,26.0,24.56999969482422,24.709999084472656,20.2679500579834,1838300,0.0,0.0
2016-08-31 00:00:00-04:00,24.56999969482422,24.75,24.290000915527344,24.6200008392334,20.194128036499023,2529200,0.0,0.0
2016-09-01 00:00:00-04:00,24.709999084472656,24.799999237060547,24.209999084472656,24.709999084472656,20.2679500579834,2360500,0.0,0.0
2016-09-02 00:00:00-04:00,25.010000228881836,25.239999771118164,24.219999313354492,24.31999969482422,19.948057174682617,2448700,0.0,0.0
2016-09-06 00:00:00-04:00,24.489999771118164,24.969999313354492,24.149999618530273,24.969999313354492,20.4812068939209,3282600,0.0,0.0
2016-09-07 00:00:00-04:00,24.860000610351562,25.139999389648438,24.670000076293945,24.969999313354492,20.4812068939209,2004300,0.0,0.0
2016-09-08 00:00:00-04:00,24.989999771118164,25.110000610351562,24.719999313354492,24.81999969482422,20.358169555664062,2063600,0.0,0.0
2016-09-09 00:00:00-04:00,24.600000381469727,24.690000534057617,23.90999984741211,24.0,19.685579299926758,2819900,0.0,0.0
2016-09-12 00:00:00-04:00,23.739999771118164,24.309999465942383,23.549999237060547,24.1299991607666,19.792211532592773,3704900,0.0,0.0
2016-09-13 00:00:00-04:00,23.81999969482422,23.81999969482422,23.040000915527344,23.350000381469727,19.15243148803711,2816500,0.0,0.0
2016-09-14 00:00:00-04:00,23.239999771118164,23.299999237060547,22.790000915527344,23.239999771118164,19.062204360961914,3933200,0.0,0.0
2016-09-15 00:00:00-04:00,23.239999771118164,23.700000762939453,23.059999465942383,23.65999984741211,19.406700134277344,3711900,0.0,0.0
2016-09-16 00:00:00-04:00,23.59000015258789,23.809999465942383,23.450000762939453,23.489999771118164,19.267263412475586,4766600,0.0,0.0
2016-09-19 00:00:00-04:00,23.729999542236328,24.440000534057617,23.610000610351562,24.299999237060547,19.931650161743164,3925500,0.0,0.0
2016-09-20 00:00:00-04:00,23.979999542236328,24.299999237060547,23.350000381469727,24.209999084472656,19.857826232910156,5195900,0.0,0.0
2016-09-21 00:00:00-04:00,24.329999923706055,24.860000610351562,24.299999237060547,24.850000381469727,20.382774353027344,2980300,0.0,0.0
2016-09-22 00:00:00-04:00,25.1299991607666,25.43000030517578,24.700000762939453,24.719999313354492,20.276147842407227,3252600,0.0,0.0
2016-09-23 00:00:00-04:00,24.760000228881836,25.100000381469727,24.559999465942383,24.84000015258789,20.374576568603516,2276100,0.0,0.0
2016-09-26 00:00:00-04:00,24.829999923706055,25.040000915527344,24.6200008392334,24.90999984741211,20.431991577148438,2242900,0.0,0.0
2016-09-27 00:00:00-04:00,24.84000015258789,25.440000534057617,24.600000381469727,25.399999618530273,20.833908081054688,2863000,0.0,0.0
2016-09-28 00:00:00-04:00,25.389999389648438,25.610000610351562,25.059999465942383,25.56999969482422,21.08959197998047,2090800,0.14,0.0
2016-09-29 00:00:00-04:00,25.540000915527344,25.809999465942383,24.829999923706055,25.100000381469727,20.701948165893555,3179500,0.0,0.0
2016-09-30 00:00:00-04:00,25.280000686645508,25.31999969482422,24.729999542236328,24.989999771118164,20.611217498779297,3791400,0.0,0.0
2016-10-03 00:00:00-04:00,24.989999771118164,24.989999771118164,24.350000381469727,24.549999237060547,20.24831771850586,2329000,0.0,0.0
2016-10-04 00:00:00-04:00,24.3799991607666,24.56999969482422,23.860000610351562,23.899999618530273,19.71220588684082,3192400,0.0,0.0
2016-10-05 00:00:00-04:00,24.079999923706055,24.360000610351562,23.760000228881836,24.329999923706055,20.06686782836914,3497900,0.0,0.0
2016-10-06 00:00:00-04:00,24.110000610351562,24.399999618530273,24.110000610351562,24.229999542236328,19.984378814697266,2701500,0.0,0.0
2016-10-07 00:00:00-04:00,24.350000381469727,24.350000381469727,23.850000381469727,24.209999084472656,19.967885971069336,1871200,0.0,0.0
2016-10-10 00:00:00-04:00,24.309999465942383,24.790000915527344,24.309999465942383,24.489999771118164,20.198823928833008,1945800,0.0,0.0
2016-10-11 00:00:00-04:00,24.43000030517578,24.510000228881836,24.010000228881836,24.1299991607666,19.901906967163086,2437600,0.0,0.0
2016-10-12 00:00:00-04:00,24.190000534057617,24.440000534057617,24.010000228881836,24.260000228881836,20.00912857055664,1970600,0.0,0.0
2016-10-13 00:00:00-04:00,23.860000610351562,23.969999313354492,23.34000015258789,23.719999313354492,19.563751220703125,2358300,0.0,0.0
2016-10-14 00:00:00-04:00,23.860000610351562,24.09000015258789,23.670000076293945,23.729999542236328,19.571990966796875,2076700,0.0,0.0
2016-10-17 00:00:00-04:00,23.690000534057617,24.239999771118164,23.549999237060547,23.889999389648438,19.703962326049805,2213600,0.0,0.0
2016-10-18 00:00:00-04:00,24.239999771118164,24.34000015258789,23.520000457763672,24.229999542236328,19.984378814697266,4384100,0.0,0.0
2016-10-19 00:00:00-04:00,24.829999923706055,25.59000015258789,24.649999618530273,25.239999771118164,20.817415237426758,6277400,0.0,0.0
2016-10-20 00:00:00-04:00,24.0,26.760000228881836,24.0,26.549999237060547,21.897869110107422,8493500,0.0,0.0
2016-10-21 00:00:00-04:00,26.450000762939453,26.93000030517578,26.059999465942383,26.350000381469727,21.7329158782959,4938400,0.0,0.0
2016-10-24 00:00:00-04:00,26.829999923706055,26.8799991607666,25.969999313354492,26.030000686645508,21.468982696533203,3236200,0.0,0.0
2016-10-25 00:00:00-04:00,26.229999542236328,26.489999771118164,25.959999084472656,26.18000030517578,21.59270668029785,4607600,0.0,0.0
2016-10-26 00:00:00-04:00,26.559999465942383,26.90999984741211,26.389999389648438,26.579999923706055,21.9226131439209,2962000,0.0,0.0
2016-10-27 00:00:00-04:00,26.56999969482422,26.940000534057617,26.290000915527344,26.860000610351562,22.153549194335938,6107400,0.0,0.0
2016-10-28 00:00:00-04:00,26.709999084472656,27.309999465942383,26.520000457763672,26.829999923706055,22.128808975219727,7076300,0.0,0.0
2016-10-31 00:00:00-04:00,27.010000228881836,27.59000015258789,26.860000610351562,27.459999084472656,22.648414611816406,4133700,0.0,0.0
2016-11-01 00:00:00-04:00,27.719999313354492,27.940000534057617,26.670000076293945,27.010000228881836,22.277273178100586,3951900,0.0,0.0
2016-11-02 00:00:00-04:00,26.770000457763672,27.270000457763672,26.530000686645508,26.65999984741211,21.98859977722168,2916800,0.0,0.0
2016-11-03 00:00:00-04:00,26.670000076293945,27.5,26.670000076293945,27.350000381469727,22.557697296142578,3850400,0.0,0.0
2016-11-04 00:00:00-04:00,27.270000457763672,27.90999984741211,27.190000534057617,27.549999237060547,22.722646713256836,2792900,0.0,0.0
2016-11-07 00:00:00-05:00,27.959999084472656,28.540000915527344,27.8700008392334,28.440000534057617,23.45670509338379,3593700,0.0,0.0
2016-11-08 00:00:00-05:00,28.329999923706055,28.610000610351562,28.239999771118164,28.510000228881836,23.51443862915039,3121400,0.0,0.0
2016-11-09 00:00:00-05:00,31.450000762939453,32.08000183105469,30.5,31.350000381469727,25.8568172454834,10407800,0.0,0.0
2016-11-10 00:00:00-05:00,31.719999313354492,32.939998626708984,31.309999465942383,32.349998474121094,26.681591033935547,7271300,0.0,0.0
2016-11-11 00:00:00-05:00,32.20000076293945,32.380001068115234,31.280000686645508,32.279998779296875,26.623851776123047,5286300,0.0,0.0
2016-11-14 00:00:00-05:00,32.369998931884766,33.2599983215332,31.56999969482422,33.15999984741211,27.349666595458984,6811500,0.0,0.0
2016-11-15 00:00:00-05:00,32.66999816894531,33.36000061035156,31.84000015258789,33.349998474121094,27.506359100341797,6000800,0.0,0.0
2016-11-16 00:00:00-05:00,33.060001373291016,33.41999816894531,32.970001220703125,33.349998474121094,27.506359100341797,3094800,0.0,0.0
2016-11-17 00:00:00-05:00,33.400001525878906,33.599998474121094,33.04999923706055,33.380001068115234,27.531108856201172,3140700,0.0,0.0
2016-11-18 00:00:00-05:00,33.25,33.529998779296875,33.04999923706055,33.369998931884766,27.522859573364258,5175500,0.0,0.0
2016-11-21 00:00:00-05:00,33.59000015258789,34.0099983215332,33.59000015258789,33.95000076293945,28.001232147216797,3269800,0.0,0.0
2016-11-22 00:00:00-05:00,34.41999816894531,35.47999954223633,34.119998931884766,35.290000915527344,29.1064395904541,6894300,0.0,0.0
2016-11-23 00:00:00-05:00,34.880001068115234,35.7400016784668,34.84000015258789,35.7400016784668,29.47757911682129,4167300,0.0,0.0
2016-11-25 00:00:00-05:00,35.93000030517578,35.970001220703125,35.439998626708984,35.779998779296875,29.510583877563477,1397000,0.0,0.0
2016-11-28 00:00:00-05:00,35.790000915527344,35.90999984741211,35.22999954223633,35.47999954223633,29.263145446777344,4638500,0.0,0.0
2016-11-29 00:00:00-05:00,34.20000076293945,35.599998474121094,33.849998474121094,35.22999954223633,29.05695152282715,4899600,0.0,0.0
2016-11-30 00:00:00-05:00,35.709999084472656,36.43000030517578,35.380001068115234,35.47999954223633,29.263145446777344,2993500,0.0,0.0
2016-12-01 00:00:00-05:00,35.779998779296875,36.130001068115234,35.5099983215332,36.0099983215332,29.700267791748047,2847800,0.0,0.0
2016-12-02 00:00:00-05:00,35.88999938964844,36.709999084472656,35.61000061035156,36.68000030517578,30.25287437438965,3423300,0.0,0.0
2016-12-05 00:00:00-05:00,37.150001525878906,38.13999938964844,37.0,38.130001068115234,31.448801040649414,3989400,0.0,0.0
2016-12-06 00:00:00-05:00,37.70000076293945,38.88999938964844,37.68000030517578,38.86000061035156,32.0509033203125,5325000,0.0,0.0
2016-12-07 00:00:00-05:00,39.20000076293945,39.529998779296875,38.79999923706055,39.029998779296875,32.19110870361328,3571000,0.0,0.0
2016-12-08 00:00:00-05:00,39.41999816894531,40.16999816894531,38.7400016784668,38.77000045776367,31.97666358947754,4863900,0.0,0.0
2016-12-09 00:00:00-05:00,38.630001068115234,38.63999938964844,36.91999816894531,37.11000061035156,30.60753631591797,5724400,0.0,0.0
2016-12-12 00:00:00-05:00,37.20000076293945,37.38999938964844,36.66999816894531,36.97999954223633,30.500320434570312,4006000,0.0,0.0
2016-12-13 00:00:00-05:00,37.060001373291016,37.45000076293945,36.189998626708984,36.43000030517578,30.04668617248535,3924700,0.0,0.0
2016-12-14 00:00:00-05:00,36.33000183105469,37.75,36.22999954223633,36.869998931884766,30.409587860107422,4404600,0.0,0.0
2016-12-15 00:00:00-05:00,36.349998474121094,37.38999938964844,35.68000030517578,37.369998931884766,30.821979522705078,4619900,0.0,0.0
2016-12-16 00:00:00-05:00,37.33000183105469,37.93000030517578,36.619998931884766,36.68000030517578,30.25287437438965,5873400,0.0,0.0
2016-12-19 00:00:00-05:00,36.25,37.029998779296875,36.25,36.7400016784668,30.302356719970703,2045300,0.0,0.0
2016-12-20 00:00:00-05:00,36.91999816894531,37.72999954223633,36.56999969482422,37.58000183105469,30.995187759399414,3030100,0.0,0.0
2016-12-21 00:00:00-05:00,37.459999084472656,37.630001068115234,36.88999938964844,37.27000045776367,30.739501953125,1819900,0.0,0.0
2016-12-22 00:00:00-05:00,37.15999984741211,37.470001220703125,36.81999969482422,36.900001525878906,30.434328079223633,1858900,0.0,0.0
2016-12-23 00:00:00-05:00,36.81999969482422,37.029998779296875,36.599998474121094,36.970001220703125,30.4920711517334,1051600,0.0,0.0
2016-12-27 00:00:00-05:00,37.150001525878906,37.290000915527344,36.9900016784668,37.06999969482422,30.57453727722168,1317800,0.0,0.0
2016-12-28 00:00:00-05:00,37.2599983215332,37.470001220703125,36.349998474121094,36.40999984741211,30.14403533935547,1009000,0.14,0.0
2016-12-29 00:00:00-05:00,36.5099983215332,36.65999984741211,36.0,36.2599983215332,30.019847869873047,1444300,0.0,0.0
2016-12-30 00:00:00-05:00,36.29999923706055,36.41999816894531,35.529998779296875,35.58000183105469,29.456876754760742,1601400,0.0,0.0
2017-01-03 00:00:00-05:00,35.939998626708984,36.47999954223633,35.38999938964844,36.209999084472656,29.978450775146484,2551000,0.0,0.0
2017-01-04 00:00:00-05:00,36.36000061035156,37.849998474121094,36.279998779296875,37.779998779296875,31.278249740600586,3852700,0.0,0.0
2017-01-05 00:00:00-05:00,37.869998931884766,38.470001220703125,37.560001373291016,37.9900016784668,31.452119827270508,3516600,0.0,0.0
2017-01-06 00:00:00-05:00,37.939998626708984,38.16999816894531,36.77000045776367,36.77000045776367,30.44207000732422,2743600,0.0,0.0
2017-01-09 00:00:00-05:00,36.77000045776367,37.11000061035156,36.029998779296875,36.099998474121094,29.887371063232422,2120200,0.0,0.0
2017-01-10 00:00:00-05:00,36.849998474121094,37.279998779296875,36.380001068115234,37.130001068115234,30.74012565612793,3380900,0.0,0.0
2017-01-11 00:00:00-05:00,37.18000030517578,37.599998474121094,36.33000183105469,37.06999969482422,30.690448760986328,2950100,0.0,0.0
2017-01-12 00:00:00-05:00,36.18000030517578,36.599998474121094,35.5099983215332,35.7400016784668,29.589332580566406,3586100,0.0,0.0
2017-01-13 00:00:00-05:00,35.77000045776367,36.31999969482422,35.58000183105469,35.83000183105469,29.663846969604492,2467100,0.0,0.0
2017-01-17 00:00:00-05:00,35.779998779296875,36.0099983215332,35.369998931884766,35.61000061035156,29.481708526611328,2727100,0.0,0.0
2017-01-18 00:00:00-05:00,35.630001068115234,37.349998474121094,35.22999954223633,37.27000045776367,30.85603904724121,5721600,0.0,0.0
2017-01-19 00:00:00-05:00,37.25,37.279998779296875,35.5099983215332,35.790000915527344,29.63072967529297,2648800,0.0,0.0
2017-01-20 00:00:00-05:00,35.959999084472656,36.279998779296875,35.65999984741211,35.79999923706055,29.639009475708008,2457800,0.0,0.0
2017-01-23 00:00:00-05:00,35.90999984741211,36.099998474121094,34.869998931884766,35.5,29.390644073486328,5410800,0.0,0.0
2017-01-24 00:00:00-05:00,36.310001373291016,36.869998931884766,35.849998474121094,36.25,30.011566162109375,4775100,0.0,0.0
2017-01-25 00:00:00-05:00,35.54999923706055,35.9900016784668,33.33000183105469,33.86000061035156,28.03287696838379,11423300,0.0,0.0
2017-01-26 00:00:00-05:00,33.939998626708984,35.7400016784668,33.88999938964844,35.66999816894531,29.531375885009766,9597400,0.0,0.0
2017-01-27 00:00:00-05:00,35.720001220703125,36.529998779296875,35.630001068115234,36.22999954223633,29.995010375976562,5447900,0.0,0.0
2017-01-30 00:00:00-05:00,36.029998779296875,36.04999923706055,34.34000015258789,35.15999984741211,29.109148025512695,4855500,0.0,0.0
2017-01-31 00:00:00-05:00,35.22999954223633,35.29999923706055,33.36000061035156,33.810001373291016,27.991474151611328,6307700,0.0,0.0
2017-02-01 00:00:00-05:00,34.22999954223633,34.65999984741211,32.810001373291016,33.470001220703125,27.709991455078125,5118200,0.0,0.0
2017-02-02 00:00:00-05:00,33.540000915527344,34.16999816894531,33.25,34.099998474121094,28.2315731048584,4645500,0.0,0.0
2017-02-03 00:00:00-05:00,33.9900016784668,34.0099983215332,33.349998474121094,33.869998931884766,28.041154861450195,3255900,0.0,0.0
2017-02-06 00:00:00-05:00,34.130001068115234,34.2599983215332,33.72999954223633,33.93000030517578,28.090822219848633,2741900,0.0,0.0
2017-02-07 00:00:00-05:00,34.33000183105469,34.56999969482422,33.59000015258789,33.65999984741211,27.86728858947754,3343800,0.0,0.0
2017-02-08 00:00:00-05:00,33.810001373291016,34.529998779296875,33.40999984741211,34.5099983215332,28.57101058959961,3441000,0.0,0.0
2017-02-09 00:00:00-05:00,35.61000061035156,36.5,34.68000030517578,36.47999954223633,30.20197868347168,6230400,0.0,0.0
2017-02-10 00:00:00-05:00,36.849998474121094,37.029998779296875,36.47999954223633,36.56999969482422,30.27649688720703,5956700,0.0,0.0
2017-02-13 00:00:00-05:00,37.630001068115234,38.25,37.31999969482422,37.709999084472656,31.220308303833008,3732100,0.0,0.0
2017-02-14 00:00:00-05:00,37.709999084472656,37.84000015258789,37.11000061035156,37.810001373291016,31.303096771240234,3640800,0.0,0.0
2017-02-15 00:00:00-05:00,37.869998931884766,38.2400016784668,37.45000076293945,37.529998779296875,31.071279525756836,3395400,0.0,0.0
2017-02-16 00:00:00-05:00,37.529998779296875,37.75,36.869998931884766,37.380001068115234,30.94709587097168,2027700,0.0,0.0
2017-02-17 00:00:00-05:00,37.310001373291016,37.5,36.83000183105469,37.15999984741211,30.764949798583984,1994700,0.0,0.0
2017-02-21 00:00:00-05:00,37.90999984741211,38.0,37.38999938964844,37.59000015258789,31.12095832824707,2516400,0.0,0.0
2017-02-22 00:00:00-05:00,37.33000183105469,37.459999084472656,36.959999084472656,37.369998931884766,30.93881607055664,2158500,0.0,0.0
2017-02-23 00:00:00-05:00,37.560001373291016,37.7400016784668,35.15999984741211,35.52000045776367,29.407194137573242,4115000,0.0,0.0
2017-02-24 00:00:00-05:00,34.9900016784668,35.84000015258789,34.83000183105469,35.59000015258789,29.46514129638672,2012900,0.0,0.0
2017-02-27 00:00:00-05:00,35.66999816894531,36.849998474121094,35.040000915527344,36.70000076293945,30.384113311767578,3342400,0.0,0.0
2017-02-28 00:00:00-05:00,36.72999954223633,37.400001525878906,36.43000030517578,36.599998474121094,30.301328659057617,3738900,0.0,0.0
2017-03-01 00:00:00-05:00,37.36000061035156,38.130001068115234,37.25,37.650001525878906,31.170635223388672,4298500,0.0,0.0
2017-03-02 00:00:00-05:00,37.34000015258789,37.45000076293945,36.15999984741211,36.18000030517578,29.9536075592041,2506800,0.0,0.0
2017-03-03 00:00:00-05:00,36.279998779296875,36.61000061035156,35.810001373291016,36.15999984741211,29.937063217163086,2180600,0.0,0.0
2017-03-06 00:00:00-05:00,35.77000045776367,35.900001525878906,35.36000061035156,35.65999984741211,29.523115158081055,3009600,0.0,0.0
2017-03-07 00:00:00-05:00,35.540000915527344,35.90999984741211,34.0099983215332,34.099998474121094,28.2315731048584,4943800,0.0,0.0
2017-03-08 00:00:00-05:00,34.209999084472656,34.68000030517578,34.029998779296875,34.5,28.562726974487305,3938600,0.0,0.0
2017-03-09 00:00:00-05:00,34.310001373291016,35.02000045776367,33.970001220703125,34.04999923706055,28.190168380737305,2648800,0.0,0.0
2017-03-10 00:00:00-05:00,34.33000183105469,34.68000030517578,33.900001525878906,33.97999954223633,28.132217407226562,2106100,0.0,0.0
2017-03-13 00:00:00-04:00,34.40999984741211,34.779998779296875,33.970001220703125,34.400001525878906,28.479944229125977,2221200,0.0,0.0
2017-03-14 00:00:00-04:00,33.869998931884766,34.7400016784668,33.650001525878906,34.650001525878906,28.686912536621094,2887800,0.0,0.0
2017-03-15 00:00:00-04:00,34.91999816894531,35.70000076293945,34.47999954223633,35.650001525878906,29.514827728271484,2650800,0.0,0.0
2017-03-16 00:00:00-04:00,37.16999816894531,37.16999816894531,35.20000076293945,35.43000030517578,29.33268165588379,3537200,0.0,0.0
2017-03-17 00:00:00-04:00,36.119998931884766,37.29999923706055,36.02000045776367,36.34000015258789,30.086076736450195,4930100,0.0,0.0
2017-03-20 00:00:00-04:00,36.380001068115234,36.59000015258789,35.849998474121094,36.40999984741211,30.14403533935547,1683800,0.0,0.0
2017-03-21 00:00:00-04:00,36.34000015258789,36.47999954223633,33.900001525878906,33.95000076293945,28.107379913330078,6053400,0.0,0.0
2017-03-22 00:00:00-04:00,34.31999969482422,35.029998779296875,33.97999954223633,34.79999923706055,28.81110382080078,2540800,0.0,0.0
2017-03-23 00:00:00-04:00,34.709999084472656,35.11000061035156,34.029998779296875,34.5099983215332,28.57101058959961,2650400,0.0,0.0
2017-03-24 00:00:00-04:00,34.61000061035156,34.79999923706055,33.66999816894531,33.88999938964844,28.057706832885742,2601600,0.0,0.0
2017-03-27 00:00:00-04:00,32.91999816894531,33.91999816894531,32.54999923706055,33.72999954223633,27.925241470336914,3501900,0.0,0.0
2017-03-28 00:00:00-04:00,33.75,34.79999923706055,33.75,34.68000030517578,28.711753845214844,2327100,0.0,0.0
2017-03-29 00:00:00-04:00,34.45000076293945,34.720001220703125,34.130001068115234,34.34000015258789,28.557899475097656,1740400,0.155,0.0
2017-03-30 00:00:00-04:00,34.29999923706055,34.93000030517578,34.29999923706055,34.54999923706055,28.73253631591797,1548900,0.0,0.0
2017-03-31 00:00:00-04:00,34.63999938964844,35.04999923706055,34.09000015258789,34.7599983215332,28.90718650817871,2201000,0.0,0.0
2017-04-03 00:00:00-04:00,34.810001373291016,35.310001373291016,34.47999954223633,35.029998779296875,29.131723403930664,2160200,0.0,0.0
2017-04-04 00:00:00-04:00,34.83000183105469,35.540000915527344,34.779998779296875,35.310001373291016,29.36458396911621,1837700,0.0,0.0
2017-04-05 00:00:00-04:00,35.59000015258789,36.08000183105469,34.040000915527344,34.099998474121094,28.358314514160156,3161900,0.0,0.0
2017-04-06 00:00:00-04:00,34.130001068115234,34.790000915527344,33.86000061035156,34.4900016784668,28.682645797729492,1790900,0.0,0.0
2017-04-07 00:00:00-04:00,34.08000183105469,35.529998779296875,34.0099983215332,35.2400016784668,29.306360244750977,3902800,0.0,0.0
2017-04-10 00:00:00-04:00,34.970001220703125,35.2400016784668,34.34000015258789,34.75,28.898868560791016,1955800,0.0,0.0
2017-04-11 00:00:00-04:00,34.650001525878906,35.33000183105469,34.15999984741211,35.18000030517578,29.256460189819336,2282700,0.0,0.0
2017-04-12 00:00:00-04:00,34.349998474121094,34.66999816894531,33.61000061035156,33.84000015258789,28.14209747314453,2800600,0.0,0.0
2017-04-13 00:00:00-04:00,33.900001525878906,33.959999084472656,32.90999984741211,32.90999984741211,27.368684768676758,3145700,0.0,0.0
2017-04-17 00:00:00-04:00,32.90999984741211,33.2400016784668,32.34000015258789,32.7400016784668,27.227312088012695,3199500,0.0,0.0
2017-04-18 00:00:00-04:00,32.31999969482422,33.220001220703125,32.150001525878906,32.66999816894531,27.169097900390625,2362100,0.0,0.0
2017-04-19 00:00:00-04:00,32.9900016784668,33.4900016784668,32.58000183105469,32.70000076293945,27.194040298461914,3368900,0.0,0.0
2017-04-20 00:00:00-04:00,33.47999954223633,35.11000061035156,33.09000015258789,34.90999984741211,29.031923294067383,6564300,0.0,0.0
2017-04-21 00:00:00-04:00,35.25,35.459999084472656,34.84000015258789,35.369998931884766,29.414480209350586,4053200,0.0,0.0
2017-04-24 00:00:00-04:00,36.33000183105469,36.900001525878906,35.720001220703125,36.61000061035156,30.445695877075195,4405900,0.0,0.0
2017-04-25 00:00:00-04:00,36.95000076293945,37.189998626708984,36.06999969482422,36.34000015258789,30.22113800048828,3354400,0.0,0.0
2017-04-26 00:00:00-04:00,35.20000076293945,36.88999938964844,35.119998931884766,36.59000015258789,30.429058074951172,3778100,0.0,0.0
2017-04-27 00:00:00-04:00,36.47999954223633,36.599998474121094,35.959999084472656,36.279998779296875,30.171247482299805,2610500,0.0,0.0
2017-04-28 00:00:00-04:00,36.439998626708984,36.63999938964844,36.09000015258789,36.13999938964844,30.054828643798828,1812300,0.0,0.0
2017-05-01 00:00:00-04:00,36.369998931884766,37.52000045776367,36.08000183105469,36.79999923706055,30.60369300842285,3532400,0.0,0.0
2017-05-02 00:00:00-04:00,36.70000076293945,37.43000030517578,36.400001525878906,36.97999954223633,30.753385543823242,3249800,0.0,0.0
2017-05-03 00:00:00-04:00,36.72999954223633,36.86000061035156,35.529998779296875,35.68000030517578,29.672273635864258,2929500,0.0,0.0
2017-05-04 00:00:00-04:00,35.5,36.209999084472656,35.130001068115234,35.869998931884766,29.83028221130371,2349800,0.0,0.0
2017-05-05 00:00:00-04:00,36.099998474121094,36.20000076293945,35.25,35.81999969482422,29.788711547851562,1989500,0.0,0.0
2017-05-08 00:00:00-04:00,35.61000061035156,35.81999969482422,35.27000045776367,35.68000030517578,29.672273635864258,1474100,0.0,0.0
2017-05-09 00:00:00-04:00,35.77000045776367,35.84000015258789,34.90999984741211,35.029998779296875,29.131723403930664,1880300,0.0,0.0
2017-05-10 00:00:00-04:00,35.15999984741211,35.22999954223633,34.38999938964844,34.52000045776367,28.707603454589844,3840000,0.0,0.0
2017-05-11 00:00:00-04:00,34.56999969482422,34.599998474121094,33.720001220703125,34.119998931884766,28.37494659423828,3468800,0.0,0.0
2017-05-12 00:00:00-04:00,33.75,34.16999816894531,33.720001220703125,34.13999938964844,28.391582489013672,1771500,0.0,0.0
2017-05-15 00:00:00-04:00,34.54999923706055,34.63999938964844,34.11000061035156,34.54999923706055,28.73253631591797,3948100,0.0,0.0
2017-05-16 00:00:00-04:00,34.75,35.459999084472656,34.220001220703125,35.09000015258789,29.181617736816406,2442200,0.0,0.0
2017-05-17 00:00:00-04:00,34.0099983215332,34.65999984741211,33.459999084472656,33.88999938964844,28.183673858642578,3174900,0.0,0.0
2017-05-18 00:00:00-04:00,33.599998474121094,34.099998474121094,33.34000015258789,33.86000061035156,28.15872573852539,2690300,0.0,0.0
2017-05-19 00:00:00-04:00,34.08000183105469,34.599998474121094,33.939998626708984,34.220001220703125,28.45810890197754,2509000,0.0,0.0
2017-05-22 00:00:00-04:00,34.41999816894531,34.56999969482422,33.650001525878906,33.970001220703125,28.250205993652344,2712300,0.0,0.0
2017-05-23 00:00:00-04:00,33.810001373291016,35.529998779296875,33.709999084472656,35.279998779296875,29.339624404907227,3809500,0.0,0.0
2017-05-24 00:00:00-04:00,35.86000061035156,36.77000045776367,34.77000045776367,34.9900016784668,29.098461151123047,3323300,0.0,0.0
2017-05-25 00:00:00-04:00,35.20000076293945,35.400001525878906,34.02000045776367,34.439998626708984,28.64105796813965,2905500,0.0,0.0
2017-05-26 00:00:00-04:00,34.5,34.5099983215332,33.619998931884766,33.709999084472656,28.03397560119629,3611200,0.0,0.0
2017-05-30 00:00:00-04:00,33.47999954223633,34.34000015258789,33.369998931884766,34.279998779296875,28.50800323486328,3638800,0.0,0.0
2017-05-31 00:00:00-04:00,34.189998626708984,34.45000076293945,32.93000030517578,33.9900016784668,28.26683807373047,15925000,0.0,0.0
2017-06-01 00:00:00-04:00,34.31999969482422,34.529998779296875,33.65999984741211,34.33000183105469,28.549591064453125,2933600,0.0,0.0
2017-06-02 00:00:00-04:00,34.22999954223633,34.5099983215332,34.0,34.36000061035156,28.574533462524414,2530000,0.0,0.0
2017-06-05 00:00:00-04:00,34.33000183105469,34.83000183105469,34.27000045776367,34.47999954223633,28.674335479736328,1815100,0.0,0.0
2017-06-06 00:00:00-04:00,34.31999969482422,34.470001220703125,33.95000076293945,34.189998626708984,28.433162689208984,2284700,0.0,0.0
2017-06-07 00:00:00-04:00,34.18000030517578,34.63999938964844,33.4900016784668,33.939998626708984,28.225250244140625,2562400,0.0,0.0
2017-06-08 00:00:00-04:00,33.91999816894531,36.0,33.61000061035156,35.709999084472656,29.697223663330078,3572800,0.0,0.0
2017-06-09 00:00:00-04:00,36.38999938964844,36.4900016784668,35.38999938964844,36.029998779296875,29.963348388671875,2563400,0.0,0.0
2017-06-12 00:00:00-04:00,35.88999938964844,36.5099983215332,35.58000183105469,35.93000030517578,29.88018226623535,2417600,0.0,0.0
2017-06-13 00:00:00-04:00,35.90999984741211,36.529998779296875,35.52000045776367,35.689998626708984,29.680593490600586,2730600,0.0,0.0
2017-06-14 00:00:00-04:00,35.66999816894531,35.84000015258789,34.18000030517578,34.630001068115234,28.7990779876709,3950600,0.0,0.0
2017-06-15 00:00:00-04:00,33.970001220703125,34.56999969482422,32.709999084472656,32.849998474121094,27.318790435791016,4557800,0.0,0.0
2017-06-16 00:00:00-04:00,32.869998931884766,33.41999816894531,32.310001373291016,33.18000030517578,27.593225479125977,5442800,0.0,0.0
2017-06-19 00:00:00-04:00,33.630001068115234,34.47999954223633,32.79999923706055,32.86000061035156,27.327098846435547,5886500,0.0,0.0
2017-06-20 00:00:00-04:00,32.54999923706055,33.2400016784668,32.25,32.90999984741211,27.368684768676758,3274100,0.0,0.0
2017-06-21 00:00:00-04:00,33.029998779296875,33.72999954223633,32.790000915527344,33.25,27.651439666748047,2882300,0.0,0.0
2017-06-22 00:00:00-04:00,33.400001525878906,33.7400016784668,33.0099983215332,33.5099983215332,27.86765480041504,1905100,0.0,0.0
2017-06-23 00:00:00-04:00,33.79999923706055,34.220001220703125,33.11000061035156,33.43000030517578,27.801124572753906,4252400,0.0,0.0
2017-06-26 00:00:00-04:00,33.540000915527344,33.970001220703125,32.97999954223633,33.4900016784668,27.851028442382812,1588400,0.0,0.0
2017-06-27 00:00:00-04:00,33.70000076293945,34.16999816894531,33.189998626708984,33.20000076293945,27.609853744506836,2405200,0.0,0.0
2017-06-28 00:00:00-04:00,33.5099983215332,35.0,33.5099983215332,34.939998626708984,29.19317054748535,3205900,0.155,0.0
2017-06-29 00:00:00-04:00,35.20000076293945,35.59000015258789,34.9900016784668,35.36000061035156,29.54408836364746,2832200,0.0,0.0
2017-06-30 00:00:00-04:00,35.61000061035156,36.4900016784668,35.36000061035156,35.810001373291016,29.920076370239258,4126700,0.0,0.0
2017-07-03 00:00:00-04:00,36.18000030517578,36.47999954223633,35.70000076293945,36.290000915527344,30.32112693786621,1325600,0.0,0.0
2017-07-05 00:00:00-04:00,36.20000076293945,36.709999084472656,35.650001525878906,36.47999954223633,30.47987174987793,3485100,0.0,0.0
2017-07-06 00:00:00-04:00,36.40999984741211,37.380001068115234,36.040000915527344,36.86000061035156,30.79737663269043,4093900,0.0,0.0
2017-07-07 00:00:00-04:00,36.68000030517578,36.84000015258789,35.40999984741211,35.91999816894531,30.01198387145996,4157100,0.0,0.0
2017-07-10 00:00:00-04:00,35.70000076293945,36.779998779296875,35.470001220703125,36.349998474121094,30.371259689331055,2887500,0.0,0.0
2017-07-11 00:00:00-04:00,36.34000015258789,36.58000183105469,35.810001373291016,36.02000045776367,30.095535278320312,2365000,0.0,0.0
2017-07-12 00:00:00-04:00,36.2400016784668,36.439998626708984,35.77000045776367,35.9900016784668,30.070466995239258,2973600,0.0,0.0
2017-07-13 00:00:00-04:00,36.08000183105469,36.95000076293945,35.720001220703125,36.79999923706055,30.74724578857422,3022600,0.0,0.0
2017-07-14 00:00:00-04:00,37.0099983215332,37.04999923706055,36.31999969482422,36.560001373291016,30.546730041503906,1844600,0.0,0.0
2017-07-17 00:00:00-04:00,36.560001373291016,36.959999084472656,36.20000076293945,36.689998626708984,30.655332565307617,1719000,0.0,0.0
2017-07-18 00:00:00-04:00,36.61000061035156,36.72999954223633,35.720001220703125,36.5,30.496580123901367,2243400,0.0,0.0
2017-07-19 00:00:00-04:00,36.65999984741211,37.529998779296875,35.939998626708984,37.4900016784668,31.323760986328125,3208400,0.0,0.0
2017-07-20 00:00:00-04:00,36.36000061035156,37.79999923706055,36.16999816894531,37.689998626708984,31.490859985351562,4523100,0.0,0.0
2017-07-21 00:00:00-04:00,37.630001068115234,38.08000183105469,37.459999084472656,37.5099983215332,31.34047508239746,2629600,0.0,0.0
2017-07-24 00:00:00-04:00,37.5099983215332,37.779998779296875,36.939998626708984,37.52000045776367,31.34882926940918,2209300,0.0,0.0
2017-07-25 00:00:00-04:00,38.119998931884766,38.70000076293945,37.959999084472656,38.09000015258789,31.8250732421875,2926400,0.0,0.0
2017-07-26 00:00:00-04:00,38.119998931884766,38.189998626708984,35.849998474121094,36.34000015258789,30.36290740966797,4310700,0.0,0.0
2017-07-27 00:00:00-04:00,36.47999954223633,36.849998474121094,36.06999969482422,36.52000045776367,30.5132999420166,2072400,0.0,0.0
2017-07-28 00:00:00-04:00,36.290000915527344,36.4900016784668,34.86000061035156,35.150001525878906,29.368635177612305,3337300,0.0,0.0
2017-07-31 00:00:00-04:00,35.54999923706055,35.68000030517578,34.91999816894531,35.40999984741211,29.585866928100586,2346600,0.0,0.0
2017-08-01 00:00:00-04:00,35.529998779296875,35.540000915527344,34.7599983215332,34.86000061035156,29.126338958740234,2409700,0.0,0.0
2017-08-02 00:00:00-04:00,34.63999938964844,35.13999938964844,34.2599983215332,34.810001373291016,29.084556579589844,2250400,0.0,0.0
2017-08-03 00:00:00-04:00,34.779998779296875,35.189998626708984,34.599998474121094,34.90999984741211,29.168109893798828,1257100,0.0,0.0
2017-08-04 00:00:00-04:00,35.09000015258789,35.369998931884766,34.93000030517578,35.27000045776367,29.468900680541992,1422300,0.0,0.0
2017-08-07 00:00:00-04:00,35.4900016784668,36.13999938964844,35.16999816894531,35.84000015258789,29.94513702392578,1939600,0.0,0.0
2017-08-08 00:00:00-04:00,35.83000183105469,36.33000183105469,35.209999084472656,36.02000045776367,30.095535278320312,3050300,0.0,0.0
2017-08-09 00:00:00-04:00,35.88999938964844,36.0,35.47999954223633,35.5099983215332,29.66942024230957,1666900,0.0,0.0
2017-08-10 00:00:00-04:00,35.220001220703125,35.83000183105469,35.20000076293945,35.470001220703125,29.635997772216797,2004200,0.0,0.0
2017-08-11 00:00:00-04:00,35.2599983215332,35.52000045776367,34.4900016784668,34.540000915527344,28.85896110534668,2276800,0.0,0.0
2017-08-14 00:00:00-04:00,34.599998474121094,35.5099983215332,34.41999816894531,35.43000030517578,29.602582931518555,3516500,0.0,0.0
2017-08-15 00:00:00-04:00,35.29999923706055,35.93000030517578,35.15999984741211,35.5099983215332,29.66942024230957,1332600,0.0,0.0
2017-08-16 00:00:00-04:00,35.75,36.40999984741211,35.75,36.119998931884766,30.17908477783203,2031600,0.0,0.0
2017-08-17 00:00:00-04:00,35.81999969482422,36.040000915527344,34.47999954223633,34.54999923706055,28.8673152923584,2391000,0.0,0.0
2017-08-18 00:00:00-04:00,34.66999816894531,34.66999816894531,34.16999816894531,34.290000915527344,28.650081634521484,2381300,0.0,0.0
2017-08-21 00:00:00-04:00,34.349998474121094,34.400001525878906,33.70000076293945,33.72999954223633,28.18218231201172,3282400,0.0,0.0
2017-08-22 00:00:00-04:00,33.720001220703125,34.16999816894531,33.529998779296875,33.95000076293945,28.36600685119629,5426400,0.0,0.0
2017-08-23 00:00:00-04:00,33.779998779296875,34.650001525878906,33.54999923706055,34.41999816894531,28.75870132446289,3085300,0.0,0.0
2017-08-24 00:00:00-04:00,34.40999984741211,34.63999938964844,34.099998474121094,34.119998931884766,28.508037567138672,2296400,0.0,0.0
2017-08-25 00:00:00-04:00,34.31999969482422,34.810001373291016,34.2599983215332,34.650001525878906,28.950870513916016,1851700,0.0,0.0
2017-08-28 00:00:00-04:00,34.650001525878906,34.720001220703125,34.279998779296875,34.47999954223633,28.808828353881836,1292800,0.0,0.0
2017-08-29 00:00:00-04:00,34.18000030517578,34.90999984741211,33.79999923706055,34.5099983215332,28.833898544311523,2927700,0.0,0.0
2017-08-30 00:00:00-04:00,34.45000076293945,35.0,34.18000030517578,34.83000183105469,29.10127830505371,1260000,0.0,0.0
2017-08-31 00:00:00-04:00,34.959999084472656,35.27000045776367,34.290000915527344,34.45000076293945,28.783763885498047,2614200,0.0,0.0
2017-09-01 00:00:00-04:00,34.619998931884766,35.099998474121094,34.619998931884766,34.77000045776367,29.051136016845703,1493100,0.0,0.0
2017-09-05 00:00:00-04:00,35.040000915527344,35.540000915527344,33.77000045776367,34.189998626708984,28.5665283203125,4183600,0.0,0.0
2017-09-06 00:00:00-04:00,34.25,34.869998931884766,33.959999084472656,34.15999984741211,28.54146957397461,2704500,0.0,0.0
2017-09-07 00:00:00-04:00,34.15999984741211,34.40999984741211,33.31999969482422,34.0,28.407779693603516,3206400,0.0,0.0
2017-09-08 00:00:00-04:00,33.88999938964844,34.36000061035156,33.2400016784668,34.209999084472656,28.58324432373047,3624100,0.0,0.0
2017-09-11 00:00:00-04:00,34.38999938964844,34.560001373291016,33.31999969482422,33.400001525878906,27.906465530395508,2580500,0.0,0.0
2017-09-12 00:00:00-04:00,32.91999816894531,33.31999969482422,32.20000076293945,33.2599983215332,27.789491653442383,3637200,0.0,0.0
2017-09-13 00:00:00-04:00,33.130001068115234,33.88999938964844,33.02000045776367,33.84000015258789,28.274089813232422,3514400,0.0,0.0
2017-09-14 00:00:00-04:00,33.630001068115234,34.41999816894531,33.22999954223633,33.38999938964844,27.898109436035156,4713800,0.0,0.0
2017-09-15 00:00:00-04:00,33.36000061035156,33.959999084472656,33.09000015258789,33.34000015258789,27.8563289642334,4430100,0.0,0.0
2017-09-18 00:00:00-04:00,33.40999984741211,33.959999084472656,33.36000061035156,33.79999923706055,28.240680694580078,2611200,0.0,0.0
2017-09-19 00:00:00-04:00,33.79999923706055,33.97999954223633,33.20000076293945,33.83000183105469,28.2657413482666,2122200,0.0,0.0
2017-09-20 00:00:00-04:00,33.95000076293945,34.380001068115234,33.77000045776367,34.08000183105469,28.474618911743164,3491000,0.0,0.0
2017-09-21 00:00:00-04:00,33.939998626708984,34.18000030517578,33.09000015258789,33.33000183105469,27.847984313964844,1911800,0.0,0.0
2017-09-22 00:00:00-04:00,33.0099983215332,33.279998779296875,32.65999984741211,33.22999954223633,27.76443099975586,1425900,0.0,0.0
2017-09-25 00:00:00-04:00,33.099998474121094,33.20000076293945,32.36000061035156,33.13999938964844,27.689231872558594,2812800,0.0,0.0
2017-09-26 00:00:00-04:00,33.18000030517578,33.65999984741211,33.11000061035156,33.22999954223633,27.76443099975586,1863700,0.0,0.0
2017-09-27 00:00:00-04:00,33.41999816894531,34.11000061035156,33.02000045776367,34.099998474121094,28.491329193115234,2369200,0.0,0.0
2017-09-28 00:00:00-04:00,33.790000915527344,34.720001220703125,33.68000030517578,34.58000183105469,29.02430534362793,4125700,0.155,0.0
2017-09-29 00:00:00-04:00,34.709999084472656,34.779998779296875,34.34000015258789,34.470001220703125,28.93198585510254,2120200,0.0,0.0
2017-10-02 00:00:00-04:00,33.810001373291016,35.029998779296875,33.56999969482422,34.810001373291016,29.217363357543945,1901700,0.0,0.0
2017-10-03 00:00:00-04:00,34.959999084472656,35.11000061035156,34.15999984741211,34.86000061035156,29.259336471557617,5964600,0.0,0.0
2017-10-04 00:00:00-04:00,35.09000015258789,35.75,35.02000045776367,35.63999938964844,29.914012908935547,2564600,0.0,0.0
2017-10-05 00:00:00-04:00,35.83000183105469,36.25,35.45000076293945,35.90999984741211,30.140626907348633,2923200,0.0,0.0
2017-10-06 00:00:00-04:00,35.79999923706055,36.2599983215332,35.40999984741211,36.16999816894531,30.358856201171875,4131900,0.0,0.0
2017-10-09 00:00:00-04:00,36.04999923706055,36.15999984741211,35.400001525878906,35.5099983215332,29.80489730834961,2671600,0.0,0.0
2017-10-10 00:00:00-04:00,35.95000076293945,36.349998474121094,35.59000015258789,35.630001068115234,29.905624389648438,2057000,0.0,0.0
2017-10-11 00:00:00-04:00,35.63999938964844,36.459999084472656,35.63999938964844,35.97999954223633,30.19938087463379,3000800,0.0,0.0
2017-10-12 00:00:00-04:00,35.95000076293945,36.439998626708984,35.810001373291016,36.2400016784668,30.41761016845703,2305000,0.0,0.0
2017-10-13 00:00:00-04:00,37.0,37.13999938964844,36.5,36.91999816894531,30.988353729248047,2783100,0.0,0.0
2017-10-16 00:00:00-04:00,37.06999969482422,37.15999984741211,36.060001373291016,36.16999816894531,30.358856201171875,2584100,0.0,0.0
2017-10-17 00:00:00-04:00,36.310001373291016,36.68000030517578,36.06999969482422,36.16999816894531,30.358856201171875,1911900,0.0,0.0
2017-10-18 00:00:00-04:00,36.15999984741211,36.61000061035156,36.15999984741211,36.439998626708984,30.585472106933594,3342100,0.0,0.0
2017-10-19 00:00:00-04:00,36.2599983215332,37.91999816894531,35.47999954223633,37.779998779296875,31.71019744873047,4709800,0.0,0.0
2017-10-20 00:00:00-04:00,38.2400016784668,39.0,37.93000030517578,38.900001525878906,32.65025329589844,4085800,0.0,0.0
2017-10-23 00:00:00-04:00,38.959999084472656,39.33000183105469,38.41999816894531,38.83000183105469,32.59150314331055,2628700,0.0,0.0
2017-10-24 00:00:00-04:00,39.22999954223633,39.75,38.939998626708984,39.54999923706055,33.19582748413086,2373200,0.0,0.0
2017-10-25 00:00:00-04:00,39.400001525878906,39.400001525878906,38.59000015258789,38.72999954223633,32.5075569152832,2799800,0.0,0.0
2017-10-26 00:00:00-04:00,38.9900016784668,39.150001525878906,38.54999923706055,38.88999938964844,32.64186477661133,1696900,0.0,0.0
2017-10-27 00:00:00-04:00,38.75,38.93000030517578,38.36000061035156,38.66999816894531,32.45720672607422,2189100,0.0,0.0
2017-10-30 00:00:00-04:00,38.47999954223633,38.54999923706055,37.61000061035156,37.7400016784668,31.676618576049805,2356700,0.0,0.0
2017-10-31 00:00:00-04:00,37.54999923706055,37.630001068115234,37.08000183105469,37.209999084472656,31.231773376464844,2826100,0.0,0.0
2017-11-01 00:00:00-04:00,38.130001068115234,38.869998931884766,37.61000061035156,37.97999954223633,31.87806510925293,3819300,0.0,0.0
2017-11-02 00:00:00-04:00,38.0,38.43000030517578,37.459999084472656,37.5,31.47517967224121,2261300,0.0,0.0
2017-11-03 00:00:00-04:00,37.5,37.65999984741211,37.06999969482422,37.5099983215332,31.483579635620117,2284100,0.0,0.0
2017-11-06 00:00:00-05:00,37.720001220703125,38.099998474121094,37.459999084472656,37.61000061035156,31.56751251220703,2083300,0.0,0.0
2017-11-07 00:00:00-05:00,37.709999084472656,37.709999084472656,37.15999984741211,37.38999938964844,31.38284683227539,1141400,0.0,0.0
2017-11-08 00:00:00-05:00,37.2400016784668,37.869998931884766,37.0,37.77000045776367,31.701805114746094,1982000,0.0,0.0
2017-11-09 00:00:00-05:00,37.27000045776367,37.52000045776367,36.77000045776367,37.189998626708984,31.214982986450195,2461100,0.0,0.0
2017-11-10 00:00:00-05:00,37.29999923706055,37.709999084472656,36.97999954223633,37.22999954223633,31.248552322387695,3209800,0.0,0.0
2017-11-13 00:00:00-05:00,36.880001068115234,37.61000061035156,36.869998931884766,37.349998474121094,31.349281311035156,1439600,0.0,0.0
2017-11-14 00:00:00-05:00,37.099998474121094,37.2400016784668,36.2599983215332,36.54999923706055,30.67780113220215,2477000,0.0,0.0
2017-11-15 00:00:00-05:00,36.2400016784668,37.150001525878906,35.79999923706055,37.02000045776367,31.072298049926758,2661100,0.0,0.0
2017-11-16 00:00:00-05:00,37.15999984741211,37.2400016784668,36.70000076293945,36.95000076293945,31.0135440826416,1374800,0.0,0.0
2017-11-17 00:00:00-05:00,36.90999984741211,37.060001373291016,36.599998474121094,36.849998474121094,30.92961883544922,1116200,0.0,0.0
2017-11-20 00:00:00-05:00,36.93000030517578,37.400001525878906,36.439998626708984,37.33000183105469,31.33248519897461,1386000,0.0,0.0
2017-11-21 00:00:00-05:00,37.70000076293945,37.849998474121094,37.45000076293945,37.5,31.47517967224121,858500,0.0,0.0
2017-11-22 00:00:00-05:00,37.61000061035156,38.0,37.470001220703125,37.720001220703125,31.65983009338379,1193800,0.0,0.0
2017-11-24 00:00:00-05:00,37.83000183105469,37.9900016784668,37.47999954223633,37.4900016784668,31.4667911529541,741700,0.0,0.0
2017-11-27 00:00:00-05:00,37.54999923706055,37.560001373291016,36.66999816894531,37.36000061035156,31.357669830322266,2366400,0.0,0.0
2017-11-28 00:00:00-05:00,37.380001068115234,37.43000030517578,36.560001373291016,37.15999984741211,31.18981170654297,3865100,0.0,0.0
2017-11-29 00:00:00-05:00,37.209999084472656,38.630001068115234,37.209999084472656,37.869998931884766,31.78574562072754,3032400,0.0,0.0
2017-11-30 00:00:00-05:00,37.91999816894531,38.849998474121094,37.75,38.5,32.31452178955078,2858200,0.0,0.0
2017-12-01 00:00:00-05:00,38.61000061035156,39.08000183105469,37.45000076293945,38.31999969482422,32.163429260253906,3084000,0.0,0.0
2017-12-04 00:00:00-05:00,38.619998931884766,40.40999984741211,38.619998931884766,39.790000915527344,33.39725875854492,5236900,0.0,0.0
2017-12-05 00:00:00-05:00,38.529998779296875,39.22999954223633,38.29999923706055,38.72999954223633,32.5075569152832,2505000,0.0,0.0
2017-12-06 00:00:00-05:00,38.86000061035156,40.18000030517578,38.86000061035156,39.209999084472656,32.91044235229492,2135300,0.0,0.0
2017-12-07 00:00:00-05:00,39.33000183105469,39.84000015258789,39.15999984741211,39.7400016784668,33.35529708862305,2434200,0.0,0.0
2017-12-08 00:00:00-05:00,39.970001220703125,41.099998474121094,39.81999969482422,40.70000076293945,34.161075592041016,3470400,0.0,0.0
2017-12-11 00:00:00-05:00,41.09000015258789,41.09000015258789,40.08000183105469,40.70000076293945,34.161075592041016,2507500,0.0,0.0
2017-12-12 00:00:00-05:00,40.61000061035156,40.95000076293945,40.310001373291016,40.63999938964844,34.11069869995117,2117600,0.0,0.0
2017-12-13 00:00:00-05:00,40.58000183105469,41.27000045776367,40.209999084472656,41.18000030517578,34.56394958496094,2507900,0.0,0.0
2017-12-14 00:00:00-05:00,40.70000076293945,41.65999984741211,39.83000183105469,39.84000015258789,33.43922805786133,2553400,0.0,0.0
2017-12-15 00:00:00-05:00,40.0099983215332,40.41999816894531,39.4900016784668,39.849998474121094,33.4476203918457,5505900,0.0,0.0
2017-12-18 00:00:00-05:00,39.560001373291016,41.0,39.5099983215332,40.880001068115234,34.31214141845703,2743700,0.0,0.0
2017-12-19 00:00:00-05:00,40.9900016784668,41.81999969482422,40.709999084472656,41.400001525878906,34.74860763549805,3002100,0.0,0.0
2017-12-20 00:00:00-05:00,42.0,43.560001373291016,41.900001525878906,43.310001373291016,36.35173797607422,4019800,0.0,0.0
2017-12-21 00:00:00-05:00,43.54999923706055,43.70000076293945,43.220001220703125,43.459999084472656,36.477638244628906,2227800,0.0,0.0
2017-12-22 00:00:00-05:00,43.650001525878906,43.650001525878906,42.790000915527344,43.2599983215332,36.30976104736328,1276200,0.0,0.0
2017-12-26 00:00:00-05:00,43.47999954223633,43.84000015258789,43.18000030517578,43.68000030517578,36.66229248046875,943700,0.0,0.0
2017-12-27 00:00:00-05:00,43.68000030517578,43.68000030517578,43.130001068115234,43.189998626708984,36.251014709472656,1028900,0.0,0.0
2017-12-28 00:00:00-05:00,43.310001373291016,43.869998931884766,42.9900016784668,43.81999969482422,36.91226577758789,1359500,0.155,0.0
2017-12-29 00:00:00-05:00,43.84000015258789,43.88999938964844,43.11000061035156,43.130001068115234,36.3310432434082,1800200,0.0,0.0
2018-01-02 00:00:00-05:00,43.31999969482422,44.91999816894531,43.31999969482422,44.86000061035156,37.788326263427734,2868500,0.0,0.0
2018-01-03 00:00:00-05:00,44.849998474121094,45.849998474121094,44.470001220703125,45.61000061035156,38.42009353637695,4304900,0.0,0.0
2018-01-04 00:00:00-05:00,45.79999923706055,46.31999969482422,45.5,45.95000076293945,38.70649719238281,1959500,0.0,0.0
2018-01-05 00:00:00-05:00,46.13999938964844,46.150001525878906,45.41999816894531,45.599998474121094,38.41166687011719,2236400,0.0,0.0
2018-01-08 00:00:00-05:00,45.880001068115234,46.119998931884766,45.619998931884766,45.970001220703125,38.72333908081055,1926400,0.0,0.0
2018-01-09 00:00:00-05:00,45.90999984741211,46.18000030517578,45.04999923706055,45.11000061035156,37.9989128112793,3128200,0.0,0.0
2018-01-10 00:00:00-05:00,44.470001220703125,46.11000061035156,44.36000061035156,46.04999923706055,38.790733337402344,1709500,0.0,0.0
2018-01-11 00:00:00-05:00,46.33000183105469,47.18000030517578,46.08000183105469,47.119998931884766,39.69204330444336,1838400,0.0,0.0
2018-01-12 00:00:00-05:00,47.369998931884766,47.38999938964844,46.650001525878906,47.0099983215332,39.599395751953125,1887200,0.0,0.0
2018-01-16 00:00:00-05:00,47.20000076293945,47.849998474121094,46.060001373291016,46.47999954223633,39.152950286865234,1679200,0.0,0.0
2018-01-17 00:00:00-05:00,46.529998779296875,47.06999969482422,46.16999816894531,46.779998779296875,39.40564727783203,1464400,0.0,0.0
2018-01-18 00:00:00-05:00,46.45000076293945,46.70000076293945,45.75,46.2599983215332,38.967628479003906,1673600,0.0,0.0
2018-01-19 00:00:00-05:00,46.27000045776367,46.5,45.56999969482422,46.41999816894531,39.10239791870117,2122200,0.0,0.0
2018-01-22 00:00:00-05:00,46.29999923706055,46.70000076293945,45.68000030517578,46.56999969482422,39.22875213623047,2533700,0.0,0.0
2018-01-23 00:00:00-05:00,47.36000061035156,47.63999938964844,45.599998474121094,46.36000061035156,39.05186080932617,4104900,0.0,0.0
2018-01-24 00:00:00-05:00,46.849998474121094,47.06999969482422,46.150001525878906,46.959999084472656,39.55728530883789,3296400,0.0,0.0
2018-01-25 00:00:00-05:00,47.2400016784668,47.400001525878906,46.119998931884766,46.349998474121094,39.043434143066406,3512100,0.0,0.0
2018-01-26 00:00:00-05:00,46.459999084472656,48.13999938964844,46.06999969482422,47.4900016784668,40.00373077392578,3410800,0.0,0.0
2018-01-29 00:00:00-05:00,47.439998626708984,48.279998779296875,47.15999984741211,47.31999969482422,39.86052322387695,2056200,0.0,0.0
2018-01-30 00:00:00-05:00,46.790000915527344,47.540000915527344,45.90999984741211,46.779998779296875,39.40564727783203,2293000,0.0,0.0
2018-01-31 00:00:00-05:00,46.81999969482422,47.349998474121094,45.11000061035156,45.400001525878906,38.24320983886719,2848900,0.0,0.0
2018-02-01 00:00:00-05:00,45.13999938964844,46.099998474121094,45.099998474121094,45.560001373291016,38.37798309326172,2015700,0.0,0.0
2018-02-02 00:00:00-05:00,44.959999084472656,45.0099983215332,43.70000076293945,44.150001525878906,37.19025421142578,2213300,0.0,0.0
2018-02-05 00:00:00-05:00,43.560001373291016,45.47999954223633,42.88999938964844,43.22999954223633,36.415260314941406,3043800,0.0,0.0
2018-02-06 00:00:00-05:00,42.36000061035156,44.58000183105469,41.130001068115234,44.290000915527344,37.30817413330078,2292100,0.0,0.0
2018-02-07 00:00:00-05:00,43.95000076293945,44.869998931884766,43.75,44.36000061035156,37.36713790893555,3056800,0.0,0.0
2018-02-08 00:00:00-05:00,44.15999984741211,44.31999969482422,42.75,42.779998779296875,36.03621292114258,2755600,0.0,0.0
2018-02-09 00:00:00-05:00,43.349998474121094,43.86000061035156,41.93000030517578,43.56999969482422,36.701683044433594,2681300,0.0,0.0
2018-02-12 00:00:00-05:00,43.790000915527344,45.08000183105469,43.70000076293945,44.720001220703125,37.67039489746094,1406000,0.0,0.0
2018-02-13 00:00:00-05:00,44.29999923706055,45.5099983215332,44.040000915527344,44.86000061035156,37.788326263427734,2869100,0.0,0.0
2018-02-14 00:00:00-05:00,44.310001373291016,46.880001068115234,44.18000030517578,46.790000915527344,39.41408157348633,2773100,0.0,0.0
2018-02-15 00:00:00-05:00,47.08000183105469,47.33000183105469,45.91999816894531,47.13999938964844,39.70891189575195,2306400,0.0,0.0
2018-02-16 00:00:00-05:00,47.13999938964844,49.66999816894531,46.560001373291016,49.400001525878906,41.61265182495117,6323600,0.0,0.0
2018-02-20 00:00:00-05:00,48.79999923706055,50.70000076293945,48.5099983215332,48.86000061035156,41.157779693603516,3803600,0.0,0.0
2018-02-21 00:00:00-05:00,48.93000030517578,49.40999984741211,48.09000015258789,48.13999938964844,40.551265716552734,2541300,0.0,0.0
2018-02-22 00:00:00-05:00,48.72999954223633,48.7599983215332,47.869998931884766,48.0,40.4333381652832,1657100,0.0,0.0
2018-02-23 00:00:00-05:00,49.34000015258789,49.34000015258789,47.22999954223633,47.470001220703125,39.986881256103516,2299400,0.0,0.0
2018-02-26 00:00:00-05:00,48.349998474121094,48.9900016784668,47.15999984741211,48.02000045776367,40.45018005371094,3547100,0.0,0.0
2018-02-27 00:00:00-05:00,47.88999938964844,48.310001373291016,47.36000061035156,47.5099983215332,40.02056884765625,2815000,0.0,0.0
2018-02-28 00:00:00-05:00,47.65999984741211,48.06999969482422,46.22999954223633,46.25,38.95920944213867,2988900,0.0,0.0
2018-03-01 00:00:00-05:00,47.68000030517578,48.59000015258789,46.61000061035156,48.099998474121094,40.51756286621094,4357300,0.0,0.0
2018-03-02 00:00:00-05:00,47.88999938964844,48.52000045776367,47.11000061035156,48.33000183105469,40.7113151550293,3318500,0.0,0.0
2018-03-05 00:00:00-05:00,48.060001373291016,48.66999816894531,47.27000045776367,47.310001373291016,39.852108001708984,2616200,0.0,0.0
2018-03-06 00:00:00-05:00,47.47999954223633,47.7599983215332,46.29999923706055,46.970001220703125,39.565711975097656,5227000,0.0,0.0
2018-03-07 00:00:00-05:00,47.08000183105469,48.11000061035156,46.88999938964844,47.33000183105469,39.868953704833984,2994200,0.0,0.0
2018-03-08 00:00:00-05:00,47.5,47.5,45.52000045776367,46.0,38.74860763549805,2804200,0.0,0.0
2018-03-09 00:00:00-05:00,46.81999969482422,47.209999084472656,45.36000061035156,46.34000015258789,39.035011291503906,2434900,0.0,0.0
2018-03-12 00:00:00-04:00,46.529998779296875,47.369998931884766,46.31999969482422,46.97999954223633,39.574119567871094,2421700,0.0,0.0
2018-03-13 00:00:00-04:00,46.529998779296875,47.369998931884766,46.31999969482422,47.2400016784668,39.793128967285156,5238100,0.0,0.0
2018-03-14 00:00:00-04:00,47.689998626708984,48.04999923706055,46.880001068115234,47.06999969482422,39.64994430541992,2575600,0.0,0.0
2018-03-15 00:00:00-04:00,47.099998474121094,47.52000045776367,46.060001373291016,46.43000030517578,39.1108283996582,2889500,0.0,0.0
2018-03-16 00:00:00-04:00,46.63999938964844,47.13999938964844,45.52000045776367,46.95000076293945,39.548858642578125,3159200,0.0,0.0
2018-03-19 00:00:00-04:00,46.529998779296875,46.779998779296875,45.18000030517578,45.689998626708984,38.48748016357422,2382100,0.0,0.0
2018-03-20 00:00:00-04:00,46.0099983215332,46.27000045776367,45.20000076293945,45.43000030517578,38.268463134765625,2056800,0.0,0.0
2018-03-21 00:00:00-04:00,45.619998931884766,46.66999816894531,45.310001373291016,46.400001525878906,39.0855598449707,1467800,0.0,0.0
2018-03-22 00:00:00-04:00,45.93000030517578,45.959999084472656,42.880001068115234,42.91999816894531,36.154136657714844,2911000,0.0,0.0
2018-03-23 00:00:00-04:00,43.0,43.720001220703125,42.209999084472656,42.33000183105469,35.65714645385742,2783600,0.0,0.0
2018-03-26 00:00:00-04:00,43.09000015258789,43.720001220703125,42.52000045776367,43.540000915527344,36.676395416259766,2126700,0.0,0.0
2018-03-27 00:00:00-04:00,44.06999969482422,44.43000030517578,42.709999084472656,43.029998779296875,36.24680709838867,2588700,0.0,0.0
2018-03-28 00:00:00-04:00,43.0,43.04999923706055,42.11000061035156,42.70000076293945,36.12666702270508,1632600,0.188,0.0
2018-03-29 00:00:00-04:00,43.13999938964844,44.5099983215332,42.810001373291016,44.220001220703125,37.41266632080078,2305000,0.0,0.0
2018-04-02 00:00:00-04:00,44.060001373291016,44.2400016784668,42.63999938964844,42.84000015258789,36.2451057434082,2028100,0.0,0.0
2018-04-03 00:00:00-04:00,43.31999969482422,44.27000045776367,43.31999969482422,44.060001373291016,37.27729797363281,2059300,0.0,0.0
2018-04-04 00:00:00-04:00,43.18000030517578,44.540000915527344,42.86000061035156,44.439998626708984,37.59880065917969,2272600,0.0,0.0
2018-04-05 00:00:00-04:00,44.709999084472656,45.880001068115234,44.709999084472656,45.540000915527344,38.52947235107422,2034100,0.0,0.0
2018-04-06 00:00:00-04:00,44.7599983215332,45.150001525878906,42.939998626708984,43.47999954223633,36.78657150268555,2517300,0.0,0.0
2018-04-09 00:00:00-04:00,43.75,44.349998474121094,43.540000915527344,43.68000030517578,36.955806732177734,2160700,0.0,0.0
2018-04-10 00:00:00-04:00,44.75,45.310001373291016,44.20000076293945,45.150001525878906,38.199501037597656,2113700,0.0,0.0
2018-04-11 00:00:00-04:00,45.0,45.31999969482422,43.790000915527344,43.959999084472656,37.19269943237305,2569500,0.0,0.0
2018-04-12 00:00:00-04:00,44.38999938964844,45.25,44.15999984741211,45.09000015258789,38.14874267578125,1741100,0.0,0.0
2018-04-13 00:00:00-04:00,45.13999938964844,45.70000076293945,44.25,44.58000183105469,37.717247009277344,2185600,0.0,0.0
2018-04-16 00:00:00-04:00,44.900001525878906,45.13999938964844,44.47999954223633,45.0,38.07257843017578,1429700,0.0,0.0
2018-04-17 00:00:00-04:00,45.59000015258789,46.529998779296875,45.33000183105469,46.34000015258789,39.206302642822266,2051200,0.0,0.0
2018-04-18 00:00:00-04:00,46.869998931884766,48.22999954223633,46.849998474121094,47.29999923706055,40.01852035522461,3693200,0.0,0.0
2018-04-19 00:00:00-04:00,46.0,47.59000015258789,45.439998626708984,47.150001525878906,39.89162063598633,3937700,0.0,0.0
2018-04-20 00:00:00-04:00,47.34000015258789,47.34000015258789,45.779998779296875,46.68000030517578,39.49397277832031,2167500,0.0,0.0
2018-04-23 00:00:00-04:00,46.40999984741211,46.83000183105469,45.560001373291016,45.72999954223633,38.69021224975586,2042200,0.0,0.0
2018-04-24 00:00:00-04:00,46.189998626708984,47.040000915527344,45.060001373291016,45.7400016784668,38.69866943359375,2569500,0.0,0.0
2018-04-25 00:00:00-04:00,45.630001068115234,46.93000030517578,45.290000915527344,46.349998474121094,39.21476364135742,1813100,0.0,0.0
2018-04-26 00:00:00-04:00,46.540000915527344,47.16999816894531,45.77000045776367,47.09000015258789,39.84086227416992,1796300,0.0,0.0
2018-04-27 00:00:00-04:00,46.88999938964844,46.91999816894531,45.0,45.56999969482422,38.554847717285156,3000700,0.0,0.0
2018-04-30 00:00:00-04:00,45.59000015258789,45.97999954223633,44.459999084472656,44.810001373291016,37.91184616088867,2136200,0.0,0.0
2018-05-01 00:00:00-04:00,44.619998931884766,44.619998931884766,43.189998626708984,44.119998931884766,37.32805252075195,3009300,0.0,0.0
2018-05-02 00:00:00-04:00,44.36000061035156,45.290000915527344,44.36000061035156,44.70000076293945,37.81877136230469,2099300,0.0,0.0
2018-05-03 00:00:00-04:00,44.59000015258789,45.40999984741211,44.40999984741211,44.720001220703125,37.835697174072266,1693400,0.0,0.0
2018-05-04 00:00:00-04:00,44.5099983215332,46.52000045776367,44.0,46.18000030517578,39.07094192504883,1722800,0.0,0.0
2018-05-07 00:00:00-04:00,46.220001220703125,46.540000915527344,45.95000076293945,46.400001525878906,39.25707244873047,1120900,0.0,0.0
2018-05-08 00:00:00-04:00,46.380001068115234,46.869998931884766,46.13999938964844,46.5,39.34168243408203,1260000,0.0,0.0
2018-05-09 00:00:00-04:00,46.75,47.13999938964844,46.529998779296875,46.91999816894531,39.697017669677734,1468400,0.0,0.0
2018-05-10 00:00:00-04:00,46.95000076293945,48.349998474121094,46.84000015258789,47.779998779296875,40.42463684082031,2259800,0.0,0.0
2018-05-11 00:00:00-04:00,48.06999969482422,48.83000183105469,47.779998779296875,48.22999954223633,40.805355072021484,2104800,0.0,0.0
2018-05-14 00:00:00-04:00,48.5,48.72999954223633,48.13999938964844,48.560001373291016,41.08455276489258,1158100,0.0,0.0
2018-05-15 00:00:00-04:00,48.20000076293945,49.52000045776367,47.79999923706055,49.45000076293945,41.83755111694336,2732200,0.0,0.0
2018-05-16 00:00:00-04:00,49.22999954223633,51.70000076293945,49.22999954223633,50.939998626708984,43.09817886352539,3190600,0.0,0.0
2018-05-17 00:00:00-04:00,51.20000076293945,52.099998474121094,51.0099983215332,51.380001068115234,43.47044372558594,2329900,0.0,0.0
2018-05-18 00:00:00-04:00,51.15999984741211,51.45000076293945,50.630001068115234,50.86000061035156,43.030494689941406,2257400,0.0,0.0
2018-05-21 00:00:00-04:00,51.0,51.0,50.029998779296875,50.459999084472656,42.69206237792969,1826700,0.0,0.0
2018-05-22 00:00:00-04:00,50.7599983215332,51.349998474121094,50.349998474121094,50.41999816894531,42.6582145690918,1316800,0.0,0.0
2018-05-23 00:00:00-04:00,50.13999938964844,50.58000183105469,49.470001220703125,49.77000045776367,42.10829162597656,1715000,0.0,0.0
2018-05-24 00:00:00-04:00,50.029998779296875,50.310001373291016,49.47999954223633,49.790000915527344,42.12521743774414,1926900,0.0,0.0
2018-05-25 00:00:00-04:00,49.68000030517578,49.849998474121094,49.04999923706055,49.439998626708984,41.8290901184082,1596400,0.0,0.0
2018-05-29 00:00:00-04:00,48.93000030517578,49.599998474121094,48.45000076293945,48.65999984741211,41.16917037963867,1495400,0.0,0.0
2018-05-30 00:00:00-04:00,49.18000030517578,50.27000045776367,49.18000030517578,49.88999938964844,42.209815979003906,1677200,0.0,0.0
2018-05-31 00:00:00-04:00,51.0,51.689998626708984,49.20000076293945,49.43000030517578,41.820621490478516,2456100,0.0,0.0
2018-06-01 00:00:00-04:00,50.130001068115234,50.7400016784668,49.84000015258789,49.970001220703125,42.277496337890625,2002600,0.0,0.0
2018-06-04 00:00:00-04:00,50.36000061035156,50.79999923706055,49.5,49.79999923706055,42.133663177490234,2056300,0.0,0.0
2018-06-05 00:00:00-04:00,49.58000183105469,50.34000015258789,49.2400016784668,50.130001068115234,42.41286849975586,1937300,0.0,0.0
2018-06-06 00:00:00-04:00,50.220001220703125,50.77000045776367,49.65999984741211,50.7599983215332,42.94588088989258,1794600,0.0,0.0
2018-06-07 00:00:00-04:00,50.75,51.08000183105469,50.060001373291016,50.27000045776367,42.531314849853516,2261500,0.0,0.0
2018-06-08 00:00:00-04:00,50.279998779296875,50.79999923706055,49.88999938964844,50.7400016784668,42.92896270751953,1175700,0.0,0.0
2018-06-11 00:00:00-04:00,50.900001525878906,51.31999969482422,50.119998931884766,50.16999816894531,42.44670867919922,1632500,0.0,0.0
2018-06-12 00:00:00-04:00,50.279998779296875,50.66999816894531,49.470001220703125,49.779998779296875,42.11674499511719,2021500,0.0,0.0
2018-06-13 00:00:00-04:00,49.86000061035156,49.90999984741211,49.119998931884766,49.18000030517578,41.60910415649414,2136000,0.0,0.0
2018-06-14 00:00:00-04:00,49.18000030517578,49.33000183105469,48.220001220703125,49.0099983215332,41.46527862548828,2863600,0.0,0.0
2018-06-15 00:00:00-04:00,49.45000076293945,49.59000015258789,46.22999954223633,46.7599983215332,39.561668395996094,7536000,0.0,0.0
2018-06-18 00:00:00-04:00,46.41999816894531,47.880001068115234,46.38999938964844,47.47999954223633,40.17080307006836,3042200,0.0,0.0
2018-06-19 00:00:00-04:00,46.7599983215332,46.779998779296875,45.33000183105469,46.47999954223633,39.32475662231445,3031700,0.0,0.0
2018-06-20 00:00:00-04:00,46.70000076293945,47.06999969482422,46.02000045776367,46.95000076293945,39.72240447998047,1412600,0.0,0.0
2018-06-21 00:00:00-04:00,46.970001220703125,46.970001220703125,46.099998474121094,46.5099983215332,39.35014343261719,1605700,0.0,0.0
2018-06-22 00:00:00-04:00,46.90999984741211,48.029998779296875,46.90999984741211,47.900001525878906,40.52615737915039,3335800,0.0,0.0
2018-06-25 00:00:00-04:00,47.65999984741211,47.900001525878906,45.529998779296875,46.52000045776367,39.35860061645508,3073800,0.0,0.0
2018-06-26 00:00:00-04:00,46.650001525878906,47.130001068115234,45.880001068115234,46.900001525878906,39.68009948730469,2793100,0.0,0.0
2018-06-27 00:00:00-04:00,47.130001068115234,47.150001525878906,45.689998626708984,45.7400016784668,38.69866943359375,1205600,0.0,0.0
2018-06-28 00:00:00-04:00,45.54999923706055,46.06999969482422,44.7599983215332,45.88999938964844,38.98582458496094,1382300,0.188,0.0
2018-06-29 00:00:00-04:00,46.189998626708984,46.720001220703125,45.90999984741211,45.95000076293945,39.03679656982422,1494700,0.0,0.0
2018-07-02 00:00:00-04:00,45.91999816894531,46.40999984741211,45.47999954223633,46.15999984741211,39.21520233154297,1398800,0.0,0.0
2018-07-03 00:00:00-04:00,46.400001525878906,46.65999984741211,45.09000015258789,45.220001220703125,38.416622161865234,951900,0.0,0.0
2018-07-05 00:00:00-04:00,45.97999954223633,46.75,45.65999984741211,46.689998626708984,39.66546630859375,1762600,0.0,0.0
2018-07-06 00:00:00-04:00,46.310001373291016,46.779998779296875,45.650001525878906,46.38999938964844,39.41059494018555,1376700,0.0,0.0
2018-07-09 00:00:00-04:00,46.47999954223633,46.880001068115234,46.25,46.810001373291016,39.76741409301758,981100,0.0,0.0
2018-07-10 00:00:00-04:00,47.060001373291016,47.70000076293945,46.77000045776367,47.40999984741211,40.27714920043945,1489000,0.0,0.0
2018-07-11 00:00:00-04:00,46.790000915527344,47.0099983215332,46.220001220703125,46.7400016784668,39.707942962646484,1440100,0.0,0.0
2018-07-12 00:00:00-04:00,47.209999084472656,47.29999923706055,46.4900016784668,46.79999923706055,39.758907318115234,1096100,0.0,0.0
2018-07-13 00:00:00-04:00,46.779998779296875,47.45000076293945,46.689998626708984,47.27000045776367,40.158199310302734,1036900,0.0,0.0
2018-07-16 00:00:00-04:00,47.099998474121094,47.63999938964844,46.720001220703125,46.849998474121094,39.801387786865234,1246800,0.0,0.0
2018-07-17 00:00:00-04:00,46.779998779296875,47.369998931884766,46.54999923706055,46.79999923706055,39.758907318115234,1341700,0.0,0.0
2018-07-18 00:00:00-04:00,47.11000061035156,48.0,47.06999969482422,47.90999984741211,40.701908111572266,1064100,0.0,0.0
2018-07-19 00:00:00-04:00,47.72999954223633,47.72999954223633,46.619998931884766,46.65999984741211,39.63998031616211,1764800,0.0,0.0
2018-07-20 00:00:00-04:00,46.540000915527344,47.13999938964844,46.33000183105469,46.959999084472656,39.89483642578125,1337500,0.0,0.0
2018-07-23 00:00:00-04:00,47.290000915527344,48.029998779296875,47.060001373291016,47.790000915527344,40.59996795654297,2027500,0.0,0.0
2018-07-24 00:00:00-04:00,49.060001373291016,49.70000076293945,47.20000076293945,49.119998931884766,41.72986602783203,3112800,0.0,0.0
2018-07-25 00:00:00-04:00,49.15999984741211,49.63999938964844,48.95000076293945,49.599998474121094,42.13764572143555,2201200,0.0,0.0
2018-07-26 00:00:00-04:00,49.18000030517578,49.54999923706055,47.04999923706055,48.43000030517578,41.1436882019043,2917800,0.0,0.0
2018-07-27 00:00:00-04:00,48.72999954223633,48.849998474121094,47.900001525878906,47.9900016784668,40.76987838745117,1209400,0.0,0.0
2018-07-30 00:00:00-04:00,48.25,48.63999938964844,47.439998626708984,47.560001373291016,40.40456771850586,1711500,0.0,0.0
2018-07-31 00:00:00-04:00,47.650001525878906,47.97999954223633,46.58000183105469,47.09000015258789,40.00527572631836,2402600,0.0,0.0
2018-08-01 00:00:00-04:00,47.209999084472656,47.63999938964844,45.7400016784668,45.81999969482422,38.92634963989258,1616500,0.0,0.0
2018-08-02 00:00:00-04:00,45.189998626708984,45.470001220703125,44.47999954223633,44.619998931884766,37.90690231323242,2318200,0.0,0.0
2018-08-03 00:00:00-04:00,44.7400016784668,44.790000915527344,43.7599983215332,44.2400016784668,37.58407974243164,2211700,0.0,0.0
2018-08-06 00:00:00-04:00,44.130001068115234,44.619998931884766,43.93000030517578,44.369998931884766,37.69451141357422,1519200,0.0,0.0
2018-08-07 00:00:00-04:00,44.810001373291016,45.630001068115234,44.68000030517578,45.11000061035156,38.323177337646484,1928700,0.0,0.0
2018-08-08 00:00:00-04:00,45.02000045776367,45.220001220703125,44.43000030517578,44.90999984741211,38.15326690673828,1302000,0.0,0.0
2018-08-09 00:00:00-04:00,44.869998931884766,44.869998931884766,44.09000015258789,44.29999923706055,37.63505172729492,1236400,0.0,0.0
2018-08-10 00:00:00-04:00,43.650001525878906,44.52000045776367,43.04999923706055,43.61000061035156,37.048851013183594,2817100,0.0,0.0
2018-08-13 00:00:00-04:00,43.77000045776367,44.11000061035156,43.43000030517578,43.68000030517578,37.10832214355469,1789300,0.0,0.0
2018-08-14 00:00:00-04:00,43.900001525878906,44.0099983215332,43.400001525878906,43.599998474121094,37.040340423583984,2446600,0.0,0.0
2018-08-15 00:00:00-04:00,43.0,43.119998931884766,41.79999923706055,42.540000915527344,36.13984298706055,2521300,0.0,0.0
2018-08-16 00:00:00-04:00,42.959999084472656,43.790000915527344,42.7599983215332,43.38999938964844,36.8619499206543,1229300,0.0,0.0
2018-08-17 00:00:00-04:00,43.27000045776367,43.88999938964844,42.2400016784668,43.72999954223633,37.15079116821289,1564100,0.0,0.0
2018-08-20 00:00:00-04:00,43.970001220703125,45.04999923706055,43.970001220703125,44.869998931884766,38.11928176879883,3067700,0.0,0.0
2018-08-21 00:00:00-04:00,44.86000061035156,45.540000915527344,44.86000061035156,45.099998474121094,38.31467056274414,2075200,0.0,0.0
2018-08-22 00:00:00-04:00,45.15999984741211,45.560001373291016,44.650001525878906,45.290000915527344,38.47610092163086,1443300,0.0,0.0
2018-08-23 00:00:00-04:00,45.189998626708984,45.290000915527344,44.0099983215332,44.06999969482422,37.439632415771484,1773000,0.0,0.0
2018-08-24 00:00:00-04:00,44.470001220703125,44.79999923706055,44.36000061035156,44.75,38.01734161376953,850900,0.0,0.0
2018-08-27 00:00:00-04:00,45.689998626708984,46.11000061035156,45.029998779296875,45.900001525878906,38.99431610107422,1764800,0.0,0.0
2018-08-28 00:00:00-04:00,46.11000061035156,46.380001068115234,45.470001220703125,45.790000915527344,38.9008674621582,1391300,0.0,0.0
2018-08-29 00:00:00-04:00,45.869998931884766,46.529998779296875,45.369998931884766,46.29999923706055,39.334144592285156,1117900,0.0,0.0
2018-08-30 00:00:00-04:00,45.90999984741211,46.04999923706055,45.130001068115234,45.630001068115234,38.76493835449219,1082600,0.0,0.0
2018-08-31 00:00:00-04:00,45.45000076293945,46.040000915527344,45.13999938964844,45.72999954223633,38.84989929199219,1669000,0.0,0.0
2018-09-04 00:00:00-04:00,45.349998474121094,46.29999923706055,44.849998474121094,45.54999923706055,38.69697952270508,2070600,0.0,0.0
2018-09-05 00:00:00-04:00,45.459999084472656,46.86000061035156,45.38999938964844,46.79999923706055,39.758907318115234,2174500,0.0,0.0
2018-09-06 00:00:00-04:00,46.810001373291016,47.59000015258789,46.72999954223633,47.36000061035156,40.234657287597656,2196000,0.0,0.0
2018-09-07 00:00:00-04:00,47.25,47.5,46.29999923706055,46.709999084472656,39.68244934082031,1916300,0.0,0.0
2018-09-10 00:00:00-04:00,46.869998931884766,47.02000045776367,46.119998931884766,46.189998626708984,39.24068069458008,1143000,0.0,0.0
2018-09-11 00:00:00-04:00,45.650001525878906,46.439998626708984,45.0099983215332,46.189998626708984,39.24068069458008,1540000,0.0,0.0
2018-09-12 00:00:00-04:00,46.189998626708984,47.36000061035156,46.189998626708984,47.06999969482422,39.98828887939453,1110300,0.0,0.0
2018-09-13 00:00:00-04:00,47.4900016784668,47.720001220703125,46.869998931884766,47.04999923706055,39.97129440307617,1231200,0.0,0.0
2018-09-14 00:00:00-04:00,46.529998779296875,47.04999923706055,46.15999984741211,46.81999969482422,39.77589797973633,1632400,0.0,0.0
2018-09-17 00:00:00-04:00,46.959999084472656,47.689998626708984,46.959999084472656,47.209999084472656,40.10722732543945,1333000,0.0,0.0
2018-09-18 00:00:00-04:00,47.27000045776367,47.869998931884766,46.84000015258789,46.90999984741211,39.852359771728516,1650200,0.0,0.0
2018-09-19 00:00:00-04:00,47.22999954223633,48.060001373291016,47.130001068115234,47.20000076293945,40.09872817993164,1952100,0.0,0.0
2018-09-20 00:00:00-04:00,47.7400016784668,48.16999816894531,45.90999984741211,46.349998474121094,39.37662124633789,3518500,0.0,0.0
2018-09-21 00:00:00-04:00,46.380001068115234,46.52000045776367,45.15999984741211,45.599998474121094,38.73945236206055,7007100,0.0,0.0
2018-09-24 00:00:00-04:00,45.72999954223633,46.790000915527344,45.38999938964844,45.45000076293945,38.612030029296875,2402600,0.0,0.0
2018-09-25 00:00:00-04:00,45.810001373291016,46.369998931884766,45.5099983215332,46.0,39.07926559448242,1896400,0.0,0.0
2018-09-26 00:00:00-04:00,45.91999816894531,46.099998474121094,45.5,45.58000183105469,38.72245788574219,2422300,0.0,0.0
2018-09-27 00:00:00-04:00,45.65999984741211,45.84000015258789,45.150001525878906,45.529998779296875,38.84018325805664,1783500,0.188,0.0
2018-09-28 00:00:00-04:00,45.529998779296875,45.869998931884766,45.189998626708984,45.189998626708984,38.550140380859375,3001000,0.0,0.0
2018-10-01 00:00:00-04:00,45.52000045776367,46.130001068115234,45.119998931884766,45.689998626708984,38.976680755615234,1812000,0.0,0.0
2018-10-02 00:00:00-04:00,45.45000076293945,46.16999816894531,45.189998626708984,46.0099983215332,39.24966049194336,2558400,0.0,0.0
2018-10-03 00:00:00-04:00,46.2599983215332,46.33000183105469,45.86000061035156,46.18000030517578,39.39467239379883,2573700,0.0,0.0
2018-10-04 00:00:00-04:00,46.31999969482422,46.560001373291016,45.25,45.75,39.02786636352539,2112100,0.0,0.0
2018-10-05 00:00:00-04:00,45.45000076293945,46.02000045776367,44.83000183105469,45.40999984741211,38.73781967163086,2652600,0.0,0.0
2018-10-08 00:00:00-04:00,45.349998474121094,45.349998474121094,44.68000030517578,45.13999938964844,38.50749206542969,1975900,0.0,0.0
2018-10-09 00:00:00-04:00,45.11000061035156,45.29999923706055,44.779998779296875,44.83000183105469,38.2430419921875,2003800,0.0,0.0
2018-10-10 00:00:00-04:00,44.65999984741211,44.83000183105469,43.2400016784668,43.36000061035156,36.98902130126953,4166700,0.0,0.0
2018-10-11 00:00:00-04:00,43.29999923706055,43.779998779296875,42.31999969482422,42.33000183105469,36.11035919189453,3504100,0.0,0.0
2018-10-12 00:00:00-04:00,43.0,43.5,41.88999938964844,42.38999938964844,36.16155242919922,3135300,0.0,0.0
2018-10-15 00:00:00-04:00,41.68000030517578,42.220001220703125,40.56999969482422,40.66999816894531,34.69427490234375,5138900,0.0,0.0
2018-10-16 00:00:00-04:00,40.880001068115234,41.08000183105469,39.83000183105469,40.2599983215332,34.344520568847656,6193500,0.0,0.0
2018-10-17 00:00:00-04:00,40.47999954223633,40.689998626708984,39.7599983215332,40.54999923706055,34.5919075012207,4284100,0.0,0.0
2018-10-18 00:00:00-04:00,41.25,41.900001525878906,40.25,41.31999969482422,35.2487678527832,6867700,0.0,0.0
2018-10-19 00:00:00-04:00,41.470001220703125,41.75,40.47999954223633,41.029998779296875,35.001380920410156,3153700,0.0,0.0
2018-10-22 00:00:00-04:00,41.16999816894531,41.849998474121094,40.86000061035156,41.5,35.402320861816406,3255600,0.0,0.0
2018-10-23 00:00:00-04:00,40.560001373291016,40.86000061035156,39.959999084472656,40.68000030517578,34.70280838012695,4479600,0.0,0.0
2018-10-24 00:00:00-04:00,40.540000915527344,40.709999084472656,38.52000045776367,38.59000015258789,32.91989517211914,3019000,0.0,0.0
2018-10-25 00:00:00-04:00,38.90999984741211,39.83000183105469,38.81999969482422,39.560001373291016,33.747371673583984,2882800,0.0,0.0
2018-10-26 00:00:00-04:00,38.91999816894531,39.18000030517578,38.119998931884766,38.369998931884766,32.73221969604492,2775100,0.0,0.0
2018-10-29 00:00:00-04:00,38.95000076293945,39.34000015258789,38.33000183105469,38.59000015258789,32.91989517211914,2693800,0.0,0.0
2018-10-30 00:00:00-04:00,38.70000076293945,39.29999923706055,38.349998474121094,39.0,33.26966094970703,2987600,0.0,0.0
2018-10-31 00:00:00-04:00,39.400001525878906,40.06999969482422,39.04999923706055,39.599998474121094,33.781494140625,2799300,0.0,0.0
2018-11-01 00:00:00-04:00,39.880001068115234,40.880001068115234,39.63999938964844,40.470001220703125,34.52366638183594,2355300,0.0,0.0
2018-11-02 00:00:00-04:00,40.7599983215332,41.290000915527344,40.18000030517578,40.86000061035156,34.85635757446289,2168600,0.0,0.0
2018-11-05 00:00:00-05:00,40.7400016784668,41.38999938964844,40.7400016784668,40.84000015258789,34.83929443359375,1506400,0.0,0.0
2018-11-06 00:00:00-05:00,40.849998474121094,41.29999923706055,40.849998474121094,41.22999954223633,35.171993255615234,1351800,0.0,0.0
2018-11-07 00:00:00-05:00,41.65999984741211,42.0,41.52000045776367,41.689998626708984,35.56441116333008,1578400,0.0,0.0
2018-11-08 00:00:00-05:00,41.470001220703125,41.86000061035156,40.939998626708984,41.06999969482422,35.03550338745117,1152600,0.0,0.0
2018-11-09 00:00:00-05:00,40.75,41.02000045776367,39.97999954223633,40.279998779296875,34.3615837097168,1629300,0.0,0.0
2018-11-12 00:00:00-05:00,40.11000061035156,40.380001068115234,39.20000076293945,39.90999984741211,34.04594039916992,1920300,0.0,0.0
2018-11-13 00:00:00-05:00,39.86000061035156,40.849998474121094,39.83000183105469,40.279998779296875,34.3615837097168,1757500,0.0,0.0
2018-11-14 00:00:00-05:00,40.560001373291016,40.9900016784668,39.11000061035156,39.2400016784668,33.474395751953125,1502000,0.0,0.0
2018-11-15 00:00:00-05:00,38.9900016784668,40.2599983215332,38.88999938964844,40.0,34.12273406982422,1645000,0.0,0.0
2018-11-16 00:00:00-05:00,39.709999084472656,40.2400016784668,39.599998474121094,39.689998626708984,33.85826110839844,1311100,0.0,0.0
2018-11-19 00:00:00-05:00,39.630001068115234,39.93000030517578,39.099998474121094,39.75,33.909454345703125,2170800,0.0,0.0
2018-11-20 00:00:00-05:00,38.97999954223633,39.27000045776367,37.5,37.959999084472656,32.382469177246094,2106400,0.0,0.0
2018-11-21 00:00:00-05:00,38.18000030517578,38.880001068115234,37.790000915527344,38.47999954223633,32.826053619384766,1420900,0.0,0.0
2018-11-23 00:00:00-05:00,37.68000030517578,38.2400016784668,36.34000015258789,37.439998626708984,31.93886375427246,716600,0.0,0.0
2018-11-26 00:00:00-05:00,37.58000183105469,38.04999923706055,36.90999984741211,37.0,31.563518524169922,2405400,0.0,0.0
2018-11-27 00:00:00-05:00,36.400001525878906,36.66999816894531,33.400001525878906,33.689998626708984,28.739858627319336,6133800,0.0,0.0
2018-11-28 00:00:00-05:00,33.849998474121094,35.04999923706055,33.380001068115234,35.04999923706055,29.900033950805664,6274100,0.0,0.0
2018-11-29 00:00:00-05:00,35.209999084472656,35.4900016784668,34.459999084472656,34.97999954223633,29.8403263092041,4786000,0.0,0.0
2018-11-30 00:00:00-05:00,34.75,35.279998779296875,34.31999969482422,35.20000076293945,30.027992248535156,2748700,0.0,0.0
2018-12-03 00:00:00-05:00,36.36000061035156,36.779998779296875,35.380001068115234,35.68000030517578,30.437467575073242,2992500,0.0,0.0
2018-12-04 00:00:00-05:00,35.56999969482422,36.15999984741211,34.68000030517578,34.720001220703125,29.6185245513916,2887500,0.0,0.0
2018-12-06 00:00:00-05:00,33.63999938964844,34.16999816894531,33.0099983215332,33.13999938964844,28.270673751831055,3834000,0.0,0.0
2018-12-07 00:00:00-05:00,33.310001373291016,34.150001525878906,32.25,32.310001373291016,27.56262969970703,4614100,0.0,0.0
2018-12-10 00:00:00-05:00,32.18000030517578,32.2400016784668,30.6200008392334,31.809999465942383,27.13609504699707,2895200,0.0,0.0
2018-12-11 00:00:00-05:00,32.25,32.43000030517578,31.219999313354492,31.260000228881836,26.666908264160156,3156900,0.0,0.0
2018-12-12 00:00:00-05:00,31.729999542236328,32.58000183105469,31.489999771118164,32.0,27.298179626464844,3998500,0.0,0.0
2018-12-13 00:00:00-05:00,31.950000762939453,32.880001068115234,31.950000762939453,32.380001068115234,27.62234878540039,2271100,0.0,0.0
2018-12-14 00:00:00-05:00,31.8700008392334,33.22999954223633,31.56999969482422,32.20000076293945,27.46879005432129,2989500,0.0,0.0
2018-12-17 00:00:00-05:00,32.20000076293945,32.630001068115234,31.190000534057617,31.389999389648438,26.77780532836914,2736000,0.0,0.0
2018-12-18 00:00:00-05:00,31.290000915527344,32.25,31.290000915527344,31.8799991607666,27.19580841064453,3977900,0.0,0.0
2018-12-19 00:00:00-05:00,31.93000030517578,32.5099983215332,30.6200008392334,30.969999313354492,26.41951560974121,4201100,0.0,0.0
2018-12-20 00:00:00-05:00,30.920000076293945,31.389999389648438,29.709999084472656,30.09000015258789,25.6688175201416,3707800,0.0,0.0
2018-12-21 00:00:00-05:00,30.110000610351562,30.889999389648438,29.979999542236328,30.1200008392334,25.694414138793945,4023800,0.0,0.0
2018-12-24 00:00:00-05:00,29.75,30.149999618530273,29.040000915527344,29.049999237060547,24.781627655029297,887800,0.0,0.0
2018-12-26 00:00:00-05:00,29.170000076293945,30.170000076293945,29.0,30.1200008392334,25.694414138793945,4391200,0.0,0.0
2018-12-27 00:00:00-05:00,29.489999771118164,29.969999313354492,28.90999984741211,29.959999084472656,25.557918548583984,4865700,0.0,0.0
2018-12-28 00:00:00-05:00,29.84000015258789,30.399999618530273,29.690000534057617,29.8700008392334,25.642044067382812,1705500,0.188,0.0
2018-12-31 00:00:00-05:00,29.860000610351562,30.1299991607666,29.420000076293945,30.040000915527344,25.787986755371094,1885900,0.0,0.0
2019-01-02 00:00:00-05:00,29.15999984741211,30.610000610351562,29.15999984741211,30.450000762939453,26.139951705932617,2086800,0.0,0.0
2019-01-03 00:00:00-05:00,30.229999542236328,30.600000381469727,29.690000534057617,29.959999084472656,25.719308853149414,1762000,0.0,0.0
2019-01-04 00:00:00-05:00,30.649999618530273,31.700000762939453,30.649999618530273,31.540000915527344,27.075672149658203,2256500,0.0,0.0
2019-01-07 00:00:00-05:00,31.799999237060547,32.47999954223633,31.5,31.8700008392334,27.35895347595215,3250100,0.0,0.0
2019-01-08 00:00:00-05:00,32.88999938964844,33.400001525878906,32.4900016784668,32.93000030517578,28.268924713134766,3829200,0.0,0.0
2019-01-09 00:00:00-05:00,33.25,33.52000045776367,32.189998626708984,33.099998474121094,28.414857864379883,2490400,0.0,0.0
2019-01-10 00:00:00-05:00,32.72999954223633,33.45000076293945,32.61000061035156,33.400001525878906,28.672395706176758,1868300,0.0,0.0
2019-01-11 00:00:00-05:00,33.16999816894531,33.59000015258789,32.84000015258789,33.4900016784668,28.749656677246094,1462500,0.0,0.0
2019-01-14 00:00:00-05:00,33.20000076293945,33.47999954223633,32.880001068115234,33.02000045776367,28.346179962158203,1235700,0.0,0.0
2019-01-15 00:00:00-05:00,33.09000015258789,33.279998779296875,32.439998626708984,32.77000045776367,28.131568908691406,1222900,0.0,0.0
2019-01-16 00:00:00-05:00,32.90999984741211,33.54999923706055,32.63999938964844,33.349998474121094,28.629474639892578,1824500,0.0,0.0
2019-01-17 00:00:00-05:00,33.310001373291016,34.04999923706055,33.060001373291016,33.619998931884766,28.861255645751953,2590200,0.0,0.0
2019-01-18 00:00:00-05:00,34.0,34.560001373291016,33.59000015258789,34.29999923706055,29.44499397277832,2810000,0.0,0.0
2019-01-22 00:00:00-05:00,34.02000045776367,35.43000030517578,33.06999969482422,34.90999984741211,29.968660354614258,4664100,0.0,0.0
2019-01-23 00:00:00-05:00,35.18000030517578,35.349998474121094,34.06999969482422,34.81999969482422,29.891399383544922,2262400,0.0,0.0
2019-01-24 00:00:00-05:00,34.869998931884766,34.9900016784668,34.349998474121094,34.709999084472656,29.796964645385742,2325200,0.0,0.0
2019-01-25 00:00:00-05:00,35.34000015258789,35.779998779296875,35.08000183105469,35.439998626708984,30.423641204833984,2341300,0.0,0.0
2019-01-28 00:00:00-05:00,35.08000183105469,35.619998931884766,34.84000015258789,35.54999923706055,30.518070220947266,1785200,0.0,0.0
2019-01-29 00:00:00-05:00,36.060001373291016,36.45000076293945,35.7400016784668,35.88999938964844,30.809940338134766,3064200,0.0,0.0
2019-01-30 00:00:00-05:00,36.34000015258789,37.13999938964844,35.68000030517578,36.86000061035156,31.642648696899414,2346300,0.0,0.0
2019-01-31 00:00:00-05:00,36.0099983215332,36.93000030517578,35.880001068115234,36.59000015258789,31.410860061645508,2859500,0.0,0.0
2019-02-01 00:00:00-05:00,36.54999923706055,37.16999816894531,36.38999938964844,37.150001525878906,31.891605377197266,1869400,0.0,0.0
2019-02-04 00:00:00-05:00,36.959999084472656,37.59000015258789,36.75,37.5099983215332,32.20064163208008,1953100,0.0,0.0
2019-02-05 00:00:00-05:00,37.38999938964844,37.45000076293945,36.810001373291016,36.849998474121094,31.634065628051758,1700600,0.0,0.0
2019-02-06 00:00:00-05:00,36.810001373291016,37.34000015258789,36.7400016784668,36.959999084472656,31.728496551513672,2459600,0.0,0.0
2019-02-07 00:00:00-05:00,36.70000076293945,36.91999816894531,35.72999954223633,36.0,30.90437126159668,2016600,0.0,0.0
2019-02-08 00:00:00-05:00,35.779998779296875,36.119998931884766,35.540000915527344,35.7599983215332,30.69834327697754,1914600,0.0,0.0
2019-02-11 00:00:00-05:00,35.88999938964844,36.279998779296875,35.72999954223633,36.20000076293945,31.07606315612793,1553400,0.0,0.0
2019-02-12 00:00:00-05:00,36.54999923706055,37.290000915527344,36.41999816894531,37.0,31.762836456298828,2076100,0.0,0.0
2019-02-13 00:00:00-05:00,37.25,37.470001220703125,36.630001068115234,36.88999938964844,31.66840171813965,1239200,0.0,0.0
2019-02-14 00:00:00-05:00,36.720001220703125,37.16999816894531,36.720001220703125,36.7599983215332,31.556800842285156,2001000,0.0,0.0
2019-02-15 00:00:00-05:00,37.11000061035156,37.439998626708984,36.689998626708984,37.09000015258789,31.840099334716797,2877700,0.0,0.0
2019-02-19 00:00:00-05:00,36.83000183105469,37.40999984741211,36.810001373291016,37.2599983215332,31.98601531982422,1994200,0.0,0.0
2019-02-20 00:00:00-05:00,37.72999954223633,39.13999938964844,37.56999969482422,39.040000915527344,33.51408004760742,3795000,0.0,0.0
2019-02-21 00:00:00-05:00,38.939998626708984,39.150001525878906,38.290000915527344,38.59000015258789,33.12777328491211,2655600,0.0,0.0
2019-02-22 00:00:00-05:00,38.75,39.20000076293945,38.54999923706055,39.060001373291016,33.53125,1955200,0.0,0.0
2019-02-25 00:00:00-05:00,39.2599983215332,39.349998474121094,38.56999969482422,38.849998474121094,33.35096740722656,1548300,0.0,0.0
2019-02-26 00:00:00-05:00,38.630001068115234,38.90999984741211,38.310001373291016,38.31999969482422,32.89600372314453,1782500,0.0,0.0
2019-02-27 00:00:00-05:00,38.2400016784668,38.40999984741211,37.720001220703125,37.95000076293945,32.57836151123047,2184100,0.0,0.0
2019-02-28 00:00:00-05:00,37.880001068115234,37.900001525878906,37.31999969482422,37.31999969482422,32.037540435791016,1732000,0.0,0.0
2019-03-01 00:00:00-05:00,37.41999816894531,38.349998474121094,37.27000045776367,37.869998931884766,32.50968933105469,1611200,0.0,0.0
2019-03-04 00:00:00-05:00,37.88999938964844,38.16999816894531,37.40999984741211,37.970001220703125,32.59553909301758,1452900,0.0,0.0
2019-03-05 00:00:00-05:00,37.939998626708984,38.099998474121094,37.54999923706055,37.709999084472656,32.372344970703125,1213100,0.0,0.0
2019-03-06 00:00:00-05:00,37.7599983215332,37.849998474121094,36.619998931884766,36.63999938964844,31.453786849975586,1599500,0.0,0.0
2019-03-07 00:00:00-05:00,36.58000183105469,36.599998474121094,35.91999816894531,36.029998779296875,30.930131912231445,1970700,0.0,0.0
2019-03-08 00:00:00-05:00,35.59000015258789,35.61000061035156,34.560001373291016,34.65999984741211,29.754039764404297,2537200,0.0,0.0
2019-03-11 00:00:00-04:00,34.5,35.72999954223633,34.4900016784668,35.66999816894531,30.621082305908203,2182200,0.0,0.0
2019-03-12 00:00:00-04:00,35.790000915527344,36.52000045776367,35.790000915527344,36.349998474121094,31.20484161376953,2037300,0.0,0.0
2019-03-13 00:00:00-04:00,36.47999954223633,36.650001525878906,36.220001220703125,36.5,31.333599090576172,1949900,0.0,0.0
2019-03-14 00:00:00-04:00,36.34000015258789,36.34000015258789,35.09000015258789,35.119998931884766,30.148929595947266,2237900,0.0,0.0
2019-03-15 00:00:00-04:00,35.0,35.84000015258789,34.86000061035156,35.119998931884766,30.148929595947266,3268600,0.0,0.0
2019-03-18 00:00:00-04:00,35.22999954223633,35.97999954223633,34.779998779296875,34.95000076293945,30.003000259399414,3375400,0.0,0.0
2019-03-19 00:00:00-04:00,35.119998931884766,35.84000015258789,35.0,35.459999084472656,30.440811157226562,2562300,0.0,0.0
2019-03-20 00:00:00-04:00,35.4900016784668,35.61000061035156,34.40999984741211,35.18000030517578,30.200439453125,2705000,0.0,0.0
2019-03-21 00:00:00-04:00,35.0099983215332,36.08000183105469,34.91999816894531,35.79999923706055,30.73268699645996,1632800,0.0,0.0
2019-03-22 00:00:00-04:00,35.459999084472656,35.619998931884766,33.88999938964844,33.970001220703125,29.161710739135742,1882500,0.0,0.0
2019-03-25 00:00:00-04:00,34.040000915527344,34.31999969482422,33.61000061035156,34.029998779296875,29.213214874267578,1198500,0.0,0.0
2019-03-26 00:00:00-04:00,34.189998626708984,34.52000045776367,33.869998931884766,34.209999084472656,29.36775016784668,1040800,0.0,0.0
2019-03-27 00:00:00-04:00,34.25,34.68000030517578,34.09000015258789,34.63999938964844,29.73687171936035,1422600,0.0,0.0
2019-03-28 00:00:00-04:00,34.47999954223633,34.72999954223633,34.22999954223633,34.66999816894531,29.97027587890625,1644000,0.24,0.0
2019-03-29 00:00:00-04:00,34.95000076293945,35.59000015258789,34.95000076293945,35.27000045776367,30.48894500732422,1845000,0.0,0.0
2019-04-01 00:00:00-04:00,35.66999816894531,35.9900016784668,35.4900016784668,35.66999816894531,30.834726333618164,1607600,0.0,0.0
2019-04-02 00:00:00-04:00,35.83000183105469,35.90999984741211,35.08000183105469,35.38999938964844,30.592674255371094,2140200,0.0,0.0
2019-04-03 00:00:00-04:00,35.810001373291016,36.13999938964844,35.310001373291016,35.43000030517578,30.627254486083984,2254100,0.0,0.0
2019-04-04 00:00:00-04:00,35.29999923706055,35.540000915527344,35.040000915527344,35.22999954223633,30.454370498657227,2344100,0.0,0.0
2019-04-05 00:00:00-04:00,35.310001373291016,35.88999938964844,35.2400016784668,35.810001373291016,30.955745697021484,2021000,0.0,0.0
2019-04-08 00:00:00-04:00,35.650001525878906,35.900001525878906,35.15999984741211,35.84000015258789,30.98168182373047,1476600,0.0,0.0
2019-04-09 00:00:00-04:00,35.52000045776367,35.529998779296875,34.599998474121094,34.68000030517578,29.978927612304688,1496000,0.0,0.0
2019-04-10 00:00:00-04:00,34.7599983215332,34.97999954223633,34.349998474121094,34.66999816894531,29.97027587890625,1138200,0.0,0.0
2019-04-11 00:00:00-04:00,34.470001220703125,34.529998779296875,33.529998779296875,33.79999923706055,29.218204498291016,2278300,0.0,0.0
2019-04-12 00:00:00-04:00,34.09000015258789,34.31999969482422,33.52000045776367,33.869998931884766,29.27872085571289,1937200,0.0,0.0
2019-04-15 00:00:00-04:00,33.9900016784668,34.279998779296875,33.58000183105469,33.65999984741211,29.09718132019043,1979200,0.0,0.0
2019-04-16 00:00:00-04:00,33.70000076293945,34.119998931884766,33.66999816894531,34.060001373291016,29.44296646118164,1704200,0.0,0.0
2019-04-17 00:00:00-04:00,34.400001525878906,34.9900016784668,34.119998931884766,34.15999984741211,29.529409408569336,2129500,0.0,0.0
2019-04-18 00:00:00-04:00,34.2599983215332,34.31999969482422,33.31999969482422,33.959999084472656,29.356521606445312,2278900,0.0,0.0
2019-04-22 00:00:00-04:00,33.689998626708984,33.95000076293945,32.20000076293945,32.279998779296875,27.904254913330078,3862300,0.0,0.0
2019-04-23 00:00:00-04:00,32.16999816894531,33.130001068115234,32.16999816894531,32.81999969482422,28.37105941772461,3593500,0.0,0.0
2019-04-24 00:00:00-04:00,32.900001525878906,32.959999084472656,31.979999542236328,32.47999954223633,28.077144622802734,3041000,0.0,0.0
2019-04-25 00:00:00-04:00,32.52000045776367,32.56999969482422,31.459999084472656,31.59000015258789,27.30778694152832,2576800,0.0,0.0
2019-04-26 00:00:00-04:00,31.59000015258789,31.829999923706055,31.329999923706055,31.579999923706055,27.299142837524414,2086500,0.0,0.0
2019-04-29 00:00:00-04:00,31.530000686645508,32.09000015258789,31.360000610351562,31.979999542236328,27.644922256469727,1866100,0.0,0.0
2019-04-30 00:00:00-04:00,31.969999313354492,32.09000015258789,31.530000686645508,31.68000030517578,27.385589599609375,1870700,0.0,0.0
2019-05-01 00:00:00-04:00,31.719999313354492,31.860000610351562,31.219999313354492,31.489999771118164,27.221345901489258,2501600,0.0,0.0
2019-05-02 00:00:00-04:00,31.219999313354492,31.940000534057617,31.149999618530273,31.729999542236328,27.428808212280273,1584900,0.0,0.0
2019-05-03 00:00:00-04:00,32.15999984741211,33.33000183105469,31.940000534057617,33.099998474121094,28.613096237182617,2331600,0.0,0.0
2019-05-06 00:00:00-04:00,32.290000915527344,32.810001373291016,32.04999923706055,32.59000015258789,28.17223358154297,1989600,0.0,0.0
2019-05-07 00:00:00-04:00,32.119998931884766,32.34000015258789,31.579999923706055,32.189998626708984,27.826457977294922,2099800,0.0,0.0
2019-05-08 00:00:00-04:00,32.34000015258789,33.220001220703125,32.11000061035156,32.619998931884766,28.19817352294922,2307700,0.0,0.0
2019-05-09 00:00:00-04:00,32.209999084472656,32.720001220703125,30.65999984741211,32.41999816894531,28.025279998779297,1788100,0.0,0.0
2019-05-10 00:00:00-04:00,32.22999954223633,32.689998626708984,31.93000030517578,32.40999984741211,28.016632080078125,1473200,0.0,0.0
2019-05-13 00:00:00-04:00,31.65999984741211,31.81999969482422,30.6299991607666,30.920000076293945,26.72861099243164,1600100,0.0,0.0
2019-05-14 00:00:00-04:00,31.079999923706055,31.520000457763672,30.809999465942383,31.280000686645508,27.039810180664062,1914700,0.0,0.0
2019-05-15 00:00:00-04:00,30.610000610351562,31.139999389648438,30.510000228881836,31.079999923706055,26.866926193237305,1514300,0.0,0.0
2019-05-16 00:00:00-04:00,31.100000381469727,31.479999542236328,30.850000381469727,30.920000076293945,26.72861099243164,1511700,0.0,0.0
2019-05-17 00:00:00-04:00,30.639999389648438,30.65999984741211,29.84000015258789,30.020000457763672,25.950611114501953,1742200,0.0,0.0
2019-05-20 00:00:00-04:00,29.760000228881836,29.959999084472656,29.399999618530273,29.639999389648438,25.622121810913086,2069500,0.0,0.0
2019-05-21 00:00:00-04:00,29.709999084472656,30.719999313354492,29.709999084472656,30.329999923706055,26.218589782714844,1698000,0.0,0.0
2019-05-22 00:00:00-04:00,30.25,30.260000228881836,29.010000228881836,29.049999237060547,25.112098693847656,3686400,0.0,0.0
2019-05-23 00:00:00-04:00,27.850000381469727,28.299999237060547,27.010000228881836,27.200000762939453,23.512880325317383,4052400,0.0,0.0
2019-05-24 00:00:00-04:00,27.489999771118164,27.540000915527344,26.860000610351562,27.149999618530273,23.469655990600586,3112100,0.0,0.0
2019-05-28 00:00:00-04:00,27.260000228881836,27.389999389648438,26.700000762939453,27.209999084472656,23.521520614624023,3427100,0.0,0.0
2019-05-29 00:00:00-04:00,26.959999084472656,26.979999542236328,26.420000076293945,26.719999313354492,23.097946166992188,2714700,0.0,0.0
2019-05-30 00:00:00-04:00,26.280000686645508,26.579999923706055,25.489999771118164,25.56999969482422,22.103836059570312,2581400,0.0,0.0
2019-05-31 00:00:00-04:00,25.399999618530273,25.700000762939453,25.030000686645508,25.149999618530273,21.740772247314453,4074100,0.0,0.0
2019-06-03 00:00:00-04:00,25.1200008392334,26.260000228881836,25.079999923706055,26.209999084472656,22.657073974609375,4124600,0.0,0.0
2019-06-04 00:00:00-04:00,26.639999389648438,26.920000076293945,26.270000457763672,26.5,22.907766342163086,3800500,0.0,0.0
2019-06-05 00:00:00-04:00,26.59000015258789,26.65999984741211,26.06999969482422,26.200000762939453,22.64842987060547,3620600,0.0,0.0
2019-06-06 00:00:00-04:00,26.139999389648438,26.3700008392334,25.739999771118164,26.0,22.47554588317871,3195700,0.0,0.0
2019-06-07 00:00:00-04:00,26.030000686645508,26.149999618530273,25.579999923706055,25.93000030517578,22.415037155151367,2912100,0.0,0.0
2019-06-10 00:00:00-04:00,26.239999771118164,26.530000686645508,26.020000457763672,26.059999465942383,22.52741241455078,3910100,0.0,0.0
2019-06-11 00:00:00-04:00,26.770000457763672,26.8799991607666,26.389999389648438,26.6299991607666,23.020143508911133,3108100,0.0,0.0
2019-06-12 00:00:00-04:00,26.440000534057617,26.5,25.979999542236328,26.030000686645508,22.501483917236328,2344800,0.0,0.0
2019-06-13 00:00:00-04:00,26.15999984741211,26.90999984741211,26.030000686645508,26.670000076293945,23.054723739624023,2593700,0.0,0.0
2019-06-14 00:00:00-04:00,26.43000030517578,26.729999542236328,26.1200008392334,26.43000030517578,22.847257614135742,1858800,0.0,0.0
2019-06-17 00:00:00-04:00,26.219999313354492,26.729999542236328,25.850000381469727,26.229999542236328,22.674362182617188,2998400,0.0,0.0
2019-06-18 00:00:00-04:00,26.8700008392334,28.90999984741211,26.729999542236328,28.600000381469727,24.723100662231445,5634500,0.0,0.0
2019-06-19 00:00:00-04:00,29.309999465942383,30.170000076293945,29.06999969482422,29.709999084472656,25.682632446289062,8080700,0.0,0.0
2019-06-20 00:00:00-04:00,30.100000381469727,30.559999465942383,28.979999542236328,29.079999923706055,25.13803482055664,3994000,0.0,0.0
2019-06-21 00:00:00-04:00,29.059999465942383,29.479999542236328,28.850000381469727,29.15999984741211,25.20719337463379,6496000,0.0,0.0
2019-06-24 00:00:00-04:00,29.09000015258789,29.200000762939453,28.579999923706055,29.149999618530273,25.198545455932617,2503200,0.0,0.0
2019-06-25 00:00:00-04:00,29.290000915527344,30.399999618530273,29.18000030517578,29.8700008392334,25.82094383239746,3250900,0.0,0.0
2019-06-26 00:00:00-04:00,30.040000915527344,30.65999984741211,29.260000228881836,30.530000686645508,26.391477584838867,3723100,0.0,0.0
2019-06-27 00:00:00-04:00,30.520000457763672,30.84000015258789,30.010000228881836,30.360000610351562,26.452468872070312,2210100,0.24,0.0
2019-06-28 00:00:00-04:00,30.5,30.760000228881836,30.059999465942383,30.200000762939453,26.313060760498047,4600800,0.0,0.0
2019-07-01 00:00:00-04:00,30.989999771118164,30.989999771118164,30.34000015258789,30.68000030517578,26.731285095214844,2407000,0.0,0.0
2019-07-02 00:00:00-04:00,30.489999771118164,30.56999969482422,30.100000381469727,30.149999618530273,26.269495010375977,2224500,0.0,0.0
2019-07-03 00:00:00-04:00,30.149999618530273,30.489999771118164,29.850000381469727,30.1299991607666,26.2520694732666,1470400,0.0,0.0
2019-07-05 00:00:00-04:00,29.760000228881836,30.649999618530273,29.700000762939453,30.600000381469727,26.66158103942871,2059000,0.0,0.0
2019-07-08 00:00:00-04:00,30.290000915527344,30.8700008392334,29.40999984741211,29.649999618530273,25.833850860595703,2813700,0.0,0.0
2019-07-09 00:00:00-04:00,29.450000762939453,29.850000381469727,28.860000610351562,29.829999923706055,25.99068260192871,2732500,0.0,0.0
2019-07-10 00:00:00-04:00,30.170000076293945,30.389999389648438,29.1200008392334,29.170000076293945,25.415634155273438,2570100,0.0,0.0
2019-07-11 00:00:00-04:00,29.18000030517578,29.520000457763672,29.09000015258789,29.329999923706055,25.55503273010254,1521800,0.0,0.0
2019-07-12 00:00:00-04:00,29.489999771118164,30.209999084472656,29.3799991607666,30.110000610351562,26.234642028808594,1826800,0.0,0.0
2019-07-15 00:00:00-04:00,30.25,30.510000228881836,29.90999984741211,30.450000762939453,26.5308895111084,2358600,0.0,0.0
2019-07-16 00:00:00-04:00,30.559999465942383,31.860000610351562,30.450000762939453,31.149999618530273,27.140789031982422,3704300,0.0,0.0
2019-07-17 00:00:00-04:00,31.010000228881836,31.09000015258789,30.469999313354492,30.68000030517578,26.731285095214844,2256400,0.0,0.0
2019-07-18 00:00:00-04:00,30.639999389648438,30.860000610351562,30.5,30.709999084472656,26.75741958618164,2281900,0.0,0.0
2019-07-19 00:00:00-04:00,31.020000457763672,31.809999465942383,30.75,31.469999313354492,27.419607162475586,2336000,0.0,0.0
2019-07-22 00:00:00-04:00,31.809999465942383,32.04999923706055,31.020000457763672,31.540000915527344,27.4805908203125,2975200,0.0,0.0
2019-07-23 00:00:00-04:00,31.5,32.43000030517578,31.40999984741211,32.099998474121094,27.96851921081543,4482000,0.0,0.0
2019-07-24 00:00:00-04:00,31.34000015258789,32.209999084472656,31.34000015258789,32.0,27.881389617919922,2650700,0.0,0.0
2019-07-25 00:00:00-04:00,32.09000015258789,32.279998779296875,31.850000381469727,32.22999954223633,28.081787109375,2033400,0.0,0.0
2019-07-26 00:00:00-04:00,32.25,32.650001525878906,32.09000015258789,32.599998474121094,28.40416145324707,2366300,0.0,0.0
2019-07-29 00:00:00-04:00,32.560001373291016,32.86000061035156,32.18000030517578,32.61000061035156,28.412878036499023,2681700,0.0,0.0
2019-07-30 00:00:00-04:00,32.290000915527344,32.869998931884766,31.959999084472656,32.86000061035156,28.63070297241211,1985300,0.0,0.0
2019-07-31 00:00:00-04:00,32.79999923706055,32.970001220703125,31.40999984741211,31.510000228881836,27.45445442199707,2685700,0.0,0.0
2019-08-01 00:00:00-04:00,31.34000015258789,31.68000030517578,30.110000610351562,30.309999465942383,26.408906936645508,2979800,0.0,0.0
2019-08-02 00:00:00-04:00,30.09000015258789,30.360000610351562,29.219999313354492,29.649999618530273,25.833850860595703,2116600,0.0,0.0
2019-08-05 00:00:00-04:00,28.959999084472656,29.040000915527344,28.43000030517578,28.8700008392334,25.154247283935547,2993500,0.0,0.0
2019-08-06 00:00:00-04:00,28.989999771118164,29.170000076293945,28.350000381469727,29.100000381469727,25.35463523864746,2101900,0.0,0.0
2019-08-07 00:00:00-04:00,28.510000228881836,29.020000457763672,28.110000610351562,28.93000030517578,25.206512451171875,1937600,0.0,0.0
2019-08-08 00:00:00-04:00,29.040000915527344,29.459999084472656,28.780000686645508,29.309999465942383,25.53761100769043,2357700,0.0,0.0
2019-08-09 00:00:00-04:00,29.030000686645508,29.139999389648438,27.940000534057617,28.190000534057617,24.5617618560791,1819800,0.0,0.0
2019-08-12 00:00:00-04:00,27.93000030517578,28.040000915527344,27.34000015258789,27.3799991607666,23.85601806640625,1681700,0.0,0.0
2019-08-13 00:00:00-04:00,27.399999618530273,28.65999984741211,27.31999969482422,27.8799991607666,24.29166030883789,2583700,0.0,0.0
2019-08-14 00:00:00-04:00,27.18000030517578,27.360000610351562,26.6299991607666,26.65999984741211,23.228681564331055,2451200,0.0,0.0
2019-08-15 00:00:00-04:00,26.760000228881836,26.799999237060547,26.229999542236328,26.520000457763672,23.106700897216797,1943600,0.0,0.0
2019-08-16 00:00:00-04:00,26.610000610351562,27.56999969482422,26.549999237060547,27.299999237060547,23.78630828857422,2218000,0.0,0.0
2019-08-19 00:00:00-04:00,27.799999237060547,28.350000381469727,27.799999237060547,28.270000457763672,24.631465911865234,1510900,0.0,0.0
2019-08-20 00:00:00-04:00,28.110000610351562,28.329999923706055,27.75,27.889999389648438,24.300371170043945,1737200,0.0,0.0
2019-08-21 00:00:00-04:00,28.280000686645508,28.280000686645508,27.790000915527344,27.809999465942383,24.23066520690918,1537900,0.0,0.0
2019-08-22 00:00:00-04:00,27.889999389648438,28.469999313354492,27.399999618530273,27.459999084472656,23.925718307495117,1445700,0.0,0.0
2019-08-23 00:00:00-04:00,27.260000228881836,27.440000534057617,26.350000381469727,26.540000915527344,23.124128341674805,1942000,0.0,0.0
2019-08-26 00:00:00-04:00,26.350000381469727,26.899999618530273,26.290000915527344,26.6200008392334,23.193832397460938,1716400,0.0,0.0
2019-08-27 00:00:00-04:00,26.739999771118164,26.739999771118164,25.760000228881836,25.899999618530273,22.566503524780273,2013200,0.0,0.0
2019-08-28 00:00:00-04:00,25.93000030517578,27.09000015258789,25.690000534057617,26.549999237060547,23.13283920288086,1653600,0.0,0.0
2019-08-29 00:00:00-04:00,26.979999542236328,27.56999969482422,26.90999984741211,26.93000030517578,23.463932037353516,1949800,0.0,0.0
2019-08-30 00:00:00-04:00,27.280000686645508,27.520000457763672,26.790000915527344,27.0,23.52492332458496,1909900,0.0,0.0
2019-09-03 00:00:00-04:00,26.649999618530273,26.920000076293945,26.290000915527344,26.65999984741211,23.228681564331055,2039200,0.0,0.0
2019-09-04 00:00:00-04:00,27.09000015258789,27.25,26.719999313354492,27.06999969482422,23.58591651916504,1927400,0.0,0.0
2019-09-05 00:00:00-04:00,27.43000030517578,28.190000534057617,27.34000015258789,28.049999237060547,24.439783096313477,2060100,0.0,0.0
2019-09-06 00:00:00-04:00,27.81999969482422,27.90999984741211,27.200000762939453,27.389999389648438,23.864727020263672,1871600,0.0,0.0
2019-09-09 00:00:00-04:00,27.600000381469727,29.1299991607666,27.489999771118164,28.969999313354492,25.241371154785156,3113400,0.0,0.0
2019-09-10 00:00:00-04:00,29.170000076293945,30.81999969482422,28.899999618530273,30.780000686645508,26.818416595458984,3720300,0.0,0.0
2019-09-11 00:00:00-04:00,30.700000762939453,31.940000534057617,30.0,31.81999969482422,27.724557876586914,3432700,0.0,0.0
2019-09-12 00:00:00-04:00,31.729999542236328,32.20000076293945,30.729999542236328,31.90999984741211,27.802974700927734,2655800,0.0,0.0
2019-09-13 00:00:00-04:00,32.36000061035156,32.470001220703125,31.549999237060547,31.6200008392334,27.55030059814453,2654700,0.0,0.0
2019-09-16 00:00:00-04:00,31.270000457763672,32.06999969482422,31.049999237060547,31.790000915527344,27.69841957092285,2390100,0.0,0.0
2019-09-17 00:00:00-04:00,31.290000915527344,31.290000915527344,30.68000030517578,30.959999084472656,26.975244522094727,2217400,0.0,0.0
2019-09-18 00:00:00-04:00,30.579999923706055,31.329999923706055,30.040000915527344,30.520000457763672,26.59187126159668,2594900,0.0,0.0
2019-09-19 00:00:00-04:00,30.0,31.100000381469727,29.639999389648438,30.670000076293945,26.72256851196289,2877200,0.0,0.0
2019-09-20 00:00:00-04:00,30.719999313354492,30.979999542236328,29.540000915527344,30.350000381469727,26.443756103515625,3649200,0.0,0.0
2019-09-23 00:00:00-04:00,29.709999084472656,30.700000762939453,29.510000228881836,30.479999542236328,26.557025909423828,1873200,0.0,0.0
2019-09-24 00:00:00-04:00,30.479999542236328,30.549999237060547,29.329999923706055,29.540000915527344,25.738012313842773,1986100,0.0,0.0
2019-09-25 00:00:00-04:00,29.3700008392334,30.450000762939453,29.309999465942383,30.31999969482422,26.417612075805664,2133500,0.0,0.0
2019-09-26 00:00:00-04:00,30.139999389648438,30.489999771118164,29.030000686645508,29.110000610351562,25.363353729248047,2120600,0.0,0.0
2019-09-27 00:00:00-04:00,29.139999389648438,29.68000030517578,28.889999389648438,29.3799991607666,25.811405181884766,2115100,0.24,0.0
2019-09-30 00:00:00-04:00,29.260000228881836,29.969999313354492,29.09000015258789,29.799999237060547,26.18039321899414,1234500,0.0,0.0
2019-10-01 00:00:00-04:00,30.100000381469727,31.06999969482422,28.950000762939453,29.020000457763672,25.495132446289062,2582200,0.0,0.0
2019-10-02 00:00:00-04:00,28.739999771118164,28.739999771118164,27.860000610351562,28.059999465942383,24.6517391204834,1851300,0.0,0.0
2019-10-03 00:00:00-04:00,27.950000762939453,28.600000381469727,27.600000381469727,28.260000228881836,24.827442169189453,1259800,0.0,0.0
2019-10-04 00:00:00-04:00,28.31999969482422,28.690000534057617,28.100000381469727,28.670000076293945,25.18764305114746,1089000,0.0,0.0
2019-10-07 00:00:00-04:00,28.6200008392334,28.940000534057617,28.209999084472656,28.299999237060547,24.862590789794922,1336000,0.0,0.0
2019-10-08 00:00:00-04:00,27.899999618530273,28.149999618530273,27.59000015258789,27.6200008392334,24.26517677307129,2035900,0.0,0.0
2019-10-09 00:00:00-04:00,28.06999969482422,28.280000686645508,27.530000686645508,28.139999389648438,24.722023010253906,1424200,0.0,0.0
2019-10-10 00:00:00-04:00,28.479999542236328,29.25,28.469999313354492,29.18000030517578,25.635700225830078,1911800,0.0,0.0
2019-10-11 00:00:00-04:00,29.959999084472656,30.799999237060547,29.809999465942383,30.3799991607666,26.68994140625,2109000,0.0,0.0
2019-10-14 00:00:00-04:00,30.049999237060547,30.1299991607666,29.5,29.639999389648438,26.039825439453125,1386800,0.0,0.0
2019-10-15 00:00:00-04:00,29.709999084472656,30.459999084472656,29.34000015258789,30.079999923706055,26.426382064819336,2577100,0.0,0.0
2019-10-16 00:00:00-04:00,29.90999984741211,30.229999542236328,28.360000610351562,28.84000015258789,25.33699607849121,4260900,0.0,0.0
2019-10-17 00:00:00-04:00,28.979999542236328,29.209999084472656,28.0,28.709999084472656,25.222780227661133,3039300,0.0,0.0
2019-10-18 00:00:00-04:00,28.920000076293945,29.110000610351562,28.510000228881836,28.709999084472656,25.222780227661133,2319400,0.0,0.0
2019-10-21 00:00:00-04:00,29.399999618530273,29.899999618530273,28.530000686645508,28.6200008392334,25.143720626831055,2521700,0.0,0.0
2019-10-22 00:00:00-04:00,28.739999771118164,30.020000457763672,28.350000381469727,29.969999313354492,26.32973861694336,2819800,0.0,0.0
2019-10-23 00:00:00-04:00,29.950000762939453,30.1299991607666,29.469999313354492,29.799999237060547,26.18039321899414,1605700,0.0,0.0
2019-10-24 00:00:00-04:00,30.15999984741211,30.34000015258789,29.639999389648438,30.290000915527344,26.610872268676758,1856800,0.0,0.0
2019-10-25 00:00:00-04:00,30.389999389648438,30.899999618530273,30.239999771118164,30.649999618530273,26.92714500427246,2075800,0.0,0.0
2019-10-28 00:00:00-04:00,30.920000076293945,31.489999771118164,30.850000381469727,30.950000762939453,27.19070816040039,1570700,0.0,0.0
2019-10-29 00:00:00-04:00,30.780000686645508,31.229999542236328,30.56999969482422,30.860000610351562,27.11163902282715,1376800,0.0,0.0
2019-10-30 00:00:00-04:00,30.709999084472656,30.809999465942383,30.239999771118164,30.770000457763672,27.032569885253906,1193000,0.0,0.0
2019-10-31 00:00:00-04:00,30.489999771118164,30.59000015258789,30.040000915527344,30.360000610351562,26.672374725341797,2111900,0.0,0.0
2019-11-01 00:00:00-04:00,31.1299991607666,31.8700008392334,30.920000076293945,31.600000381469727,27.761754989624023,2138600,0.0,0.0
2019-11-04 00:00:00-05:00,31.8700008392334,32.25,31.469999313354492,31.59000015258789,27.752967834472656,1691200,0.0,0.0
2019-11-05 00:00:00-05:00,31.850000381469727,32.15999984741211,31.309999465942383,31.43000030517578,27.612403869628906,1818000,0.0,0.0
2019-11-06 00:00:00-05:00,31.309999465942383,31.350000381469727,30.780000686645508,30.84000015258789,27.09406852722168,1319100,0.0,0.0
2019-11-07 00:00:00-05:00,31.260000228881836,31.75,31.030000686645508,31.6200008392334,27.77932357788086,1751200,0.0,0.0
2019-11-08 00:00:00-05:00,31.440000534057617,31.75,31.110000610351562,31.6200008392334,27.77932357788086,1255200,0.0,0.0
2019-11-11 00:00:00-05:00,31.31999969482422,32.2400016784668,30.959999084472656,32.220001220703125,28.306446075439453,2087900,0.0,0.0
2019-11-12 00:00:00-05:00,32.16999816894531,32.66999816894531,32.04999923706055,32.25,28.33280372619629,2883800,0.0,0.0
2019-11-13 00:00:00-05:00,31.969999313354492,32.38999938964844,31.34000015258789,31.350000381469727,27.54212188720703,1758500,0.0,0.0
2019-11-14 00:00:00-05:00,31.309999465942383,31.68000030517578,31.040000915527344,31.329999923706055,27.52454948425293,1454100,0.0,0.0
2019-11-15 00:00:00-05:00,31.59000015258789,32.209999084472656,31.329999923706055,31.81999969482422,27.955034255981445,1813800,0.0,0.0
2019-11-18 00:00:00-05:00,31.579999923706055,31.959999084472656,31.270000457763672,31.889999389648438,28.016536712646484,1793800,0.0,0.0
2019-11-19 00:00:00-05:00,32.290000915527344,32.38999938964844,31.3799991607666,31.459999084472656,27.638761520385742,1722100,0.0,0.0
2019-11-20 00:00:00-05:00,31.40999984741211,32.09000015258789,31.229999542236328,31.5,27.67390251159668,2113500,0.0,0.0
2019-11-21 00:00:00-05:00,31.6299991607666,31.959999084472656,31.25,31.790000915527344,27.92868423461914,1567700,0.0,0.0
2019-11-22 00:00:00-05:00,32.0099983215332,32.63999938964844,32.0099983215332,32.599998474121094,28.640291213989258,1546400,0.0,0.0
2019-11-25 00:00:00-05:00,32.650001525878906,33.599998474121094,32.560001373291016,33.349998474121094,29.2991943359375,2882600,0.0,0.0
2019-11-26 00:00:00-05:00,33.43000030517578,33.720001220703125,33.220001220703125,33.689998626708984,29.59789276123047,2876200,0.0,0.0
2019-11-27 00:00:00-05:00,33.91999816894531,34.0,33.45000076293945,33.970001220703125,29.84389305114746,1474100,0.0,0.0
2019-11-29 00:00:00-05:00,33.95000076293945,34.45000076293945,33.70000076293945,33.72999954223633,29.633037567138672,1441700,0.0,0.0
2019-12-02 00:00:00-05:00,33.91999816894531,34.540000915527344,33.91999816894531,34.150001525878906,30.00202178955078,1933500,0.0,0.0
2019-12-03 00:00:00-05:00,33.97999954223633,33.97999954223633,33.209999084472656,33.7599983215332,29.65939712524414,2548100,0.0,0.0
2019-12-04 00:00:00-05:00,34.040000915527344,34.41999816894531,33.709999084472656,34.040000915527344,29.90538787841797,1690400,0.0,0.0
2019-12-05 00:00:00-05:00,34.08000183105469,34.54999923706055,33.81999969482422,34.43000030517578,30.248023986816406,1478400,0.0,0.0
2019-12-06 00:00:00-05:00,34.95000076293945,35.31999969482422,34.689998626708984,35.099998474121094,30.836639404296875,1997000,0.0,0.0
2019-12-09 00:00:00-05:00,35.77000045776367,35.779998779296875,35.060001373291016,35.06999969482422,30.810272216796875,1926900,0.0,0.0
2019-12-10 00:00:00-05:00,34.79999923706055,35.34000015258789,34.779998779296875,34.880001068115234,30.64335823059082,2297700,0.0,0.0
2019-12-11 00:00:00-05:00,34.779998779296875,35.08000183105469,34.630001068115234,34.7400016784668,30.52036476135254,1460100,0.0,0.0
2019-12-12 00:00:00-05:00,34.290000915527344,35.36000061035156,34.04999923706055,35.06999969482422,30.810272216796875,1853900,0.0,0.0
2019-12-13 00:00:00-05:00,34.869998931884766,35.380001068115234,34.52000045776367,34.68000030517578,30.467660903930664,1973700,0.0,0.0
2019-12-16 00:00:00-05:00,35.04999923706055,35.20000076293945,33.77000045776367,33.970001220703125,29.84389305114746,2617000,0.0,0.0
2019-12-17 00:00:00-05:00,34.02000045776367,35.02000045776367,33.90999984741211,34.88999938964844,30.65214729309082,2366500,0.0,0.0
2019-12-18 00:00:00-05:00,34.56999969482422,34.900001525878906,34.130001068115234,34.84000015258789,30.608211517333984,2078100,0.0,0.0
2019-12-19 00:00:00-05:00,34.81999969482422,35.0,34.47999954223633,34.59000015258789,30.388582229614258,1590700,0.0,0.0
2019-12-20 00:00:00-05:00,34.77000045776367,35.209999084472656,34.380001068115234,34.93000030517578,30.687274932861328,5091000,0.0,0.0
2019-12-23 00:00:00-05:00,34.849998474121094,34.959999084472656,34.25,34.400001525878906,30.22166633605957,1865900,0.0,0.0
2019-12-24 00:00:00-05:00,34.540000915527344,34.869998931884766,34.43000030517578,34.630001068115234,30.423725128173828,831500,0.0,0.0
2019-12-26 00:00:00-05:00,34.66999816894531,34.939998626708984,34.380001068115234,34.689998626708984,30.47642707824707,572200,0.0,0.0
2019-12-27 00:00:00-05:00,34.86000061035156,34.86000061035156,34.459999084472656,34.529998779296875,30.33587074279785,896000,0.0,0.0
2019-12-30 00:00:00-05:00,34.400001525878906,34.709999084472656,33.97999954223633,34.060001373291016,30.13239288330078,959100,0.24,0.0
2019-12-31 00:00:00-05:00,34.04999923706055,34.400001525878906,33.97999954223633,34.040000915527344,30.114700317382812,1670900,0.0,0.0
2020-01-02 00:00:00-05:00,34.400001525878906,34.40999984741211,33.560001373291016,33.79999923706055,29.902374267578125,1260000,0.0,0.0
2020-01-03 00:00:00-05:00,33.29999923706055,33.4900016784668,32.959999084472656,33.20000076293945,29.371562957763672,1420000,0.0,0.0
2020-01-06 00:00:00-05:00,33.09000015258789,33.4900016784668,33.0,33.099998474121094,29.28308868408203,3186000,0.0,0.0
2020-01-07 00:00:00-05:00,33.09000015258789,34.2400016784668,33.060001373291016,33.83000183105469,29.92890739440918,2388700,0.0,0.0
2020-01-08 00:00:00-05:00,33.66999816894531,34.33000183105469,33.619998931884766,33.86000061035156,29.95545196533203,2027000,0.0,0.0
2020-01-09 00:00:00-05:00,34.02000045776367,34.02000045776367,33.22999954223633,33.540000915527344,29.67235565185547,2029600,0.0,0.0
2020-01-10 00:00:00-05:00,33.560001373291016,33.619998931884766,32.630001068115234,32.689998626708984,28.920372009277344,1641300,0.0,0.0
2020-01-13 00:00:00-05:00,32.83000183105469,33.70000076293945,32.779998779296875,33.25,29.415794372558594,1449200,0.0,0.0
2020-01-14 00:00:00-05:00,33.189998626708984,33.7400016784668,33.13999938964844,33.61000061035156,29.734281539916992,1228700,0.0,0.0
2020-01-15 00:00:00-05:00,33.470001220703125,33.709999084472656,32.84000015258789,33.029998779296875,29.221160888671875,1508100,0.0,0.0
2020-01-16 00:00:00-05:00,33.36000061035156,33.400001525878906,32.709999084472656,32.959999084472656,29.15923500061035,1153200,0.0,0.0
2020-01-17 00:00:00-05:00,33.22999954223633,33.599998474121094,32.650001525878906,33.209999084472656,29.38040542602539,1901100,0.0,0.0
2020-01-21 00:00:00-05:00,33.45000076293945,33.45000076293945,31.780000686645508,31.920000076293945,28.239164352416992,2261800,0.0,0.0
2020-01-22 00:00:00-05:00,32.189998626708984,32.439998626708984,31.770000457763672,32.06999969482422,28.371870040893555,2088800,0.0,0.0
2020-01-23 00:00:00-05:00,32.849998474121094,33.0,30.469999313354492,31.6299991607666,27.982601165771484,4800000,0.0,0.0
2020-01-24 00:00:00-05:00,31.34000015258789,31.34000015258789,30.31999969482422,30.75,27.20408821105957,2819700,0.0,0.0
2020-01-27 00:00:00-05:00,30.049999237060547,30.59000015258789,29.68000030517578,30.34000015258789,26.841358184814453,2772200,0.0,0.0
2020-01-28 00:00:00-05:00,30.780000686645508,30.989999771118164,30.200000762939453,30.700000762939453,27.15985107421875,2434500,0.0,0.0
2020-01-29 00:00:00-05:00,30.690000534057617,31.010000228881836,30.209999084472656,30.270000457763672,26.77943229675293,2335600,0.0,0.0
2020-01-30 00:00:00-05:00,30.25,30.450000762939453,29.639999389648438,30.450000762939453,26.938676834106445,1823100,0.0,0.0
2020-01-31 00:00:00-05:00,30.190000534057617,30.31999969482422,29.770000457763672,29.8799991607666,26.434410095214844,2680400,0.0,0.0
2020-02-03 00:00:00-05:00,30.18000030517578,30.40999984741211,29.969999313354492,30.010000228881836,26.549421310424805,1354900,0.0,0.0
2020-02-04 00:00:00-05:00,30.729999542236328,30.850000381469727,29.799999237060547,29.940000534057617,26.48748779296875,2222500,0.0,0.0
2020-02-05 00:00:00-05:00,30.360000610351562,30.459999084472656,29.709999084472656,30.1200008392334,26.646724700927734,2153000,0.0,0.0
2020-02-06 00:00:00-05:00,30.440000534057617,30.579999923706055,29.3700008392334,29.450000762939453,26.053991317749023,2767700,0.0,0.0
2020-02-07 00:00:00-05:00,29.139999389648438,29.350000381469727,28.90999984741211,29.020000457763672,25.673580169677734,2522900,0.0,0.0
2020-02-10 00:00:00-05:00,28.829999923706055,29.389999389648438,28.75,29.110000610351562,25.753202438354492,1358900,0.0,0.0
2020-02-11 00:00:00-05:00,29.329999923706055,30.030000686645508,29.299999237060547,29.68000030517578,26.257471084594727,1320000,0.0,0.0
2020-02-12 00:00:00-05:00,29.969999313354492,30.1200008392334,29.290000915527344,29.399999618530273,26.009756088256836,2014300,0.0,0.0
2020-02-13 00:00:00-05:00,29.209999084472656,29.559999465942383,29.020000457763672,29.110000610351562,25.753202438354492,1068100,0.0,0.0
2020-02-14 00:00:00-05:00,29.239999771118164,29.459999084472656,28.270000457763672,28.440000534057617,25.160457611083984,1921900,0.0,0.0
2020-02-18 00:00:00-05:00,28.299999237060547,28.90999984741211,28.170000076293945,28.719999313354492,25.40816879272461,2323400,0.0,0.0
2020-02-19 00:00:00-05:00,28.8700008392334,29.40999984741211,28.790000915527344,29.1299991607666,25.770891189575195,2585300,0.0,0.0
2020-02-20 00:00:00-05:00,29.190000534057617,29.43000030517578,28.899999618530273,29.350000381469727,25.96552085876465,1610800,0.0,0.0
2020-02-21 00:00:00-05:00,29.020000457763672,29.790000915527344,28.790000915527344,29.690000534057617,26.266315460205078,2080400,0.0,0.0
2020-02-24 00:00:00-05:00,28.25,29.670000076293945,28.209999084472656,29.31999969482422,25.938982009887695,3556600,0.0,0.0
2020-02-25 00:00:00-05:00,29.399999618530273,29.530000686645508,28.0,28.049999237060547,24.815431594848633,2543700,0.0,0.0
2020-02-26 00:00:00-05:00,28.219999313354492,28.600000381469727,27.84000015258789,27.860000610351562,24.647342681884766,1517200,0.0,0.0
2020-02-27 00:00:00-05:00,27.350000381469727,27.959999084472656,26.399999618530273,26.889999389648438,23.789196014404297,2435900,0.0,0.0
2020-02-28 00:00:00-05:00,25.920000076293945,26.81999969482422,25.670000076293945,26.6299991607666,23.559175491333008,4167600,0.0,0.0
2020-03-02 00:00:00-05:00,26.610000610351562,27.299999237060547,25.780000686645508,27.290000915527344,24.14307403564453,4749600,0.0,0.0
2020-03-03 00:00:00-05:00,27.31999969482422,27.989999771118164,26.389999389648438,26.65999984741211,23.58572006225586,2462500,0.0,0.0
2020-03-04 00:00:00-05:00,27.350000381469727,27.40999984741211,26.559999465942383,27.350000381469727,24.19615364074707,2428500,0.0,0.0
2020-03-05 00:00:00-05:00,26.530000686645508,26.68000030517578,25.350000381469727,25.649999618530273,22.692182540893555,2618600,0.0,0.0
2020-03-06 00:00:00-05:00,24.81999969482422,25.829999923706055,24.700000762939453,24.950000762939453,22.072904586791992,3440600,0.0,0.0
2020-03-09 00:00:00-04:00,23.239999771118164,23.520000457763672,20.299999237060547,21.190000534057617,18.746492385864258,3395400,0.0,0.0
2020-03-10 00:00:00-04:00,22.229999542236328,22.700000762939453,20.709999084472656,22.59000015258789,19.98504638671875,4710300,0.0,0.0
2020-03-11 00:00:00-04:00,21.93000030517578,21.989999771118164,20.719999313354492,21.149999618530273,18.71109962463379,3388800,0.0,0.0
2020-03-12 00:00:00-04:00,19.600000381469727,20.520000457763672,18.68000030517578,18.739999771118164,16.579008102416992,4486900,0.0,0.0
2020-03-13 00:00:00-04:00,20.1299991607666,21.8799991607666,20.020000457763672,21.850000381469727,19.330379486083984,3953400,0.0,0.0
2020-03-16 00:00:00-04:00,19.09000015258789,20.600000381469727,17.65999984741211,17.8799991607666,15.818180084228516,3109400,0.0,0.0
2020-03-17 00:00:00-04:00,18.1200008392334,18.43000030517578,17.260000228881836,17.479999542236328,15.464302062988281,3872300,0.0,0.0
2020-03-18 00:00:00-04:00,16.219999313354492,16.559999465942383,14.979999542236328,15.5,13.712626457214355,3615600,0.0,0.0
2020-03-19 00:00:00-04:00,15.180000305175781,19.25,15.010000228881836,18.510000228881836,16.375534057617188,4946900,0.0,0.0
2020-03-20 00:00:00-04:00,18.690000534057617,20.219999313354492,18.450000762939453,18.809999465942383,16.640939712524414,4331400,0.0,0.0
2020-03-23 00:00:00-04:00,18.850000381469727,19.190000534057617,17.260000228881836,17.889999389648438,15.827019691467285,3626400,0.0,0.0
2020-03-24 00:00:00-04:00,19.420000076293945,21.389999389648438,19.229999542236328,20.8700008392334,18.463390350341797,5303300,0.0,0.0
2020-03-25 00:00:00-04:00,21.1200008392334,21.3700008392334,19.100000381469727,19.670000076293945,17.401769638061523,4224100,0.0,0.0
2020-03-26 00:00:00-04:00,20.020000457763672,21.190000534057617,18.950000762939453,20.600000381469727,18.224529266357422,3594100,0.0,0.0
2020-03-27 00:00:00-04:00,19.549999237060547,20.950000762939453,19.420000076293945,20.290000915527344,17.950275421142578,2740800,0.0,0.0
2020-03-30 00:00:00-04:00,19.989999771118164,21.959999084472656,19.25,21.829999923706055,19.553607940673828,2876800,0.25,0.0
2020-03-31 00:00:00-04:00,21.90999984741211,23.030000686645508,21.459999084472656,22.540000915527344,20.189577102661133,3515600,0.0,0.0
2020-04-01 00:00:00-04:00,21.610000610351562,22.5,21.40999984741211,21.940000534057617,19.652143478393555,5077200,0.0,0.0
2020-04-02 00:00:00-04:00,21.8700008392334,22.450000762939453,20.520000457763672,21.290000915527344,19.06992530822754,2417600,0.0,0.0
2020-04-03 00:00:00-04:00,21.229999542236328,21.989999771118164,20.700000762939453,20.979999542236328,18.7922420501709,2075100,0.0,0.0
2020-04-06 00:00:00-04:00,22.270000457763672,23.0,21.959999084472656,22.600000381469727,20.243324279785156,2181600,0.0,0.0
2020-04-07 00:00:00-04:00,23.8700008392334,24.389999389648438,22.690000534057617,22.790000915527344,20.41350746154785,2721000,0.0,0.0
2020-04-08 00:00:00-04:00,23.350000381469727,23.829999923706055,22.84000015258789,23.5,21.04946517944336,1285000,0.0,0.0
2020-04-09 00:00:00-04:00,24.200000762939453,24.65999984741211,23.559999465942383,23.959999084472656,21.46150016784668,1666900,0.0,0.0
2020-04-13 00:00:00-04:00,23.969999313354492,24.170000076293945,23.030000686645508,23.670000076293945,21.201745986938477,1739400,0.0,0.0
2020-04-14 00:00:00-04:00,24.270000457763672,24.530000686645508,23.06999969482422,23.219999313354492,20.798662185668945,1352900,0.0,0.0
2020-04-15 00:00:00-04:00,22.059999465942383,22.079999923706055,21.209999084472656,21.850000381469727,19.571529388427734,1624500,0.0,0.0
2020-04-16 00:00:00-04:00,22.020000457763672,22.440000534057617,21.56999969482422,22.260000228881836,19.93877601623535,2218700,0.0,0.0
2020-04-17 00:00:00-04:00,23.100000381469727,23.59000015258789,22.579999923706055,23.469999313354492,21.022600173950195,1784200,0.0,0.0
2020-04-20 00:00:00-04:00,22.559999465942383,23.170000076293945,22.09000015258789,22.56999969482422,20.216447830200195,2179000,0.0,0.0
2020-04-21 00:00:00-04:00,21.559999465942383,22.799999237060547,20.579999923706055,22.219999313354492,19.902944564819336,4935700,0.0,0.0
2020-04-22 00:00:00-04:00,23.1200008392334,23.25,22.209999084472656,22.84000015258789,20.45829200744629,2573500,0.0,0.0
2020-04-23 00:00:00-04:00,23.149999618530273,24.34000015258789,22.90999984741211,24.06999969482422,21.560029983520508,2379100,0.0,0.0
2020-04-24 00:00:00-04:00,24.329999923706055,24.75,23.489999771118164,23.540000915527344,21.085296630859375,2002700,0.0,0.0
2020-04-27 00:00:00-04:00,23.700000762939453,25.209999084472656,23.649999618530273,24.93000030517578,22.330352783203125,1663000,0.0,0.0
2020-04-28 00:00:00-04:00,25.56999969482422,25.860000610351562,24.200000762939453,24.719999313354492,22.14224624633789,1744100,0.0,0.0
2020-04-29 00:00:00-04:00,25.559999465942383,26.1200008392334,25.329999923706055,25.889999389648438,23.190244674682617,2510000,0.0,0.0
2020-04-30 00:00:00-04:00,25.15999984741211,25.309999465942383,24.170000076293945,24.270000457763672,21.73917579650879,2197000,0.0,0.0
2020-05-01 00:00:00-04:00,23.81999969482422,25.0,23.700000762939453,24.40999984741211,21.864580154418945,2194100,0.0,0.0
2020-05-04 00:00:00-04:00,23.940000534057617,24.760000228881836,23.899999618530273,24.31999969482422,21.783958435058594,2255100,0.0,0.0
2020-05-05 00:00:00-04:00,24.729999542236328,25.239999771118164,24.1200008392334,24.149999618530273,21.631689071655273,1365500,0.0,0.0
2020-05-06 00:00:00-04:00,23.610000610351562,24.360000610351562,23.510000228881836,23.8799991607666,21.389842987060547,2083000,0.0,0.0
2020-05-07 00:00:00-04:00,24.329999923706055,24.790000915527344,23.989999771118164,24.1299991607666,21.61377716064453,1660900,0.0,0.0
2020-05-08 00:00:00-04:00,24.68000030517578,25.469999313354492,24.56999969482422,25.3700008392334,22.72447395324707,1326700,0.0,0.0
2020-05-11 00:00:00-04:00,24.530000686645508,24.729999542236328,24.209999084472656,24.299999237060547,21.766048431396484,1667000,0.0,0.0
2020-05-12 00:00:00-04:00,24.360000610351562,24.65999984741211,23.229999542236328,23.239999771118164,20.816579818725586,1714400,0.0,0.0
2020-05-13 00:00:00-04:00,22.75,23.139999389648438,21.600000381469727,22.149999618530273,19.840246200561523,2150000,0.0,0.0
2020-05-14 00:00:00-04:00,21.5,22.280000686645508,20.969999313354492,22.25,19.929819107055664,1933800,0.0,0.0
2020-05-15 00:00:00-04:00,22.15999984741211,22.65999984741211,21.809999465942383,22.520000457763672,20.171661376953125,1584300,0.0,0.0
2020-05-18 00:00:00-04:00,23.65999984741211,24.700000762939453,23.59000015258789,24.360000610351562,21.819793701171875,2292400,0.0,0.0
2020-05-19 00:00:00-04:00,24.350000381469727,25.040000915527344,24.020000457763672,24.190000534057617,21.667526245117188,1490900,0.0,0.0
2020-05-20 00:00:00-04:00,24.329999923706055,25.25,24.329999923706055,24.6200008392334,22.05268096923828,2024100,0.0,0.0
2020-05-21 00:00:00-04:00,24.600000381469727,25.110000610351562,24.56999969482422,24.760000228881836,22.178081512451172,1811600,0.0,0.0
2020-05-22 00:00:00-04:00,24.950000762939453,24.950000762939453,23.889999389648438,24.43000030517578,21.882488250732422,1646200,0.0,0.0
2020-05-26 00:00:00-04:00,25.5,26.100000381469727,25.3799991607666,25.770000457763672,23.082763671875,2225400,0.0,0.0
2020-05-27 00:00:00-04:00,26.389999389648438,27.59000015258789,26.350000381469727,27.3700008392334,24.515914916992188,2318200,0.0,0.0
2020-05-28 00:00:00-04:00,27.40999984741211,27.729999542236328,26.790000915527344,26.959999084472656,24.14866828918457,2501100,0.0,0.0
2020-05-29 00:00:00-04:00,26.610000610351562,26.799999237060547,25.68000030517578,26.559999465942383,23.790382385253906,4397800,0.0,0.0
2020-06-01 00:00:00-04:00,26.600000381469727,27.139999389648438,26.34000015258789,26.860000610351562,24.059093475341797,1336800,0.0,0.0
2020-06-02 00:00:00-04:00,27.260000228881836,27.530000686645508,27.06999969482422,27.200000762939453,24.363649368286133,1256100,0.0,0.0
2020-06-03 00:00:00-04:00,27.729999542236328,28.229999542236328,27.489999771118164,27.889999389648438,24.981691360473633,3567700,0.0,0.0
2020-06-04 00:00:00-04:00,27.59000015258789,28.170000076293945,27.329999923706055,28.15999984741211,25.22353172302246,2683300,0.0,0.0
2020-06-05 00:00:00-04:00,29.5,29.979999542236328,28.90999984741211,29.139999389648438,26.10133934020996,2078200,0.0,0.0
2020-06-08 00:00:00-04:00,29.31999969482422,29.799999237060547,29.200000762939453,29.579999923706055,26.49545669555664,1777500,0.0,0.0
2020-06-09 00:00:00-04:00,28.889999389648438,29.540000915527344,28.540000915527344,29.360000610351562,26.298402786254883,2218900,0.0,0.0
2020-06-10 00:00:00-04:00,29.469999313354492,29.6200008392334,28.40999984741211,28.81999969482422,25.814706802368164,2175200,0.0,0.0
2020-06-11 00:00:00-04:00,27.1299991607666,28.0,25.489999771118164,25.59000015258789,22.921533584594727,1988600,0.0,0.0
2020-06-12 00:00:00-04:00,26.75,27.06999969482422,25.760000228881836,26.420000076293945,23.664981842041016,1821700,0.0,0.0
2020-06-15 00:00:00-04:00,25.440000534057617,27.18000030517578,25.31999969482422,26.729999542236328,23.94265365600586,1548900,0.0,0.0
2020-06-16 00:00:00-04:00,28.110000610351562,28.760000228881836,27.579999923706055,28.1299991607666,25.196657180786133,1850900,0.0,0.0
2020-06-17 00:00:00-04:00,27.8799991607666,28.09000015258789,27.290000915527344,27.3799991607666,24.52486801147461,1288700,0.0,0.0
2020-06-18 00:00:00-04:00,27.270000457763672,27.520000457763672,26.670000076293945,26.770000457763672,23.97848129272461,1901500,0.0,0.0
2020-06-19 00:00:00-04:00,27.389999389648438,27.68000030517578,26.479999542236328,27.170000076293945,24.336769104003906,4270800,0.0,0.0
2020-06-22 00:00:00-04:00,27.170000076293945,27.540000915527344,26.93000030517578,27.219999313354492,24.38155746459961,1992400,0.0,0.0
2020-06-23 00:00:00-04:00,27.90999984741211,27.950000762939453,27.229999542236328,27.239999771118164,24.399465560913086,1891700,0.0,0.0
2020-06-24 00:00:00-04:00,26.950000762939453,26.950000762939453,25.799999237060547,25.8700008392334,23.172330856323242,1826600,0.0,0.0
2020-06-25 00:00:00-04:00,25.68000030517578,26.709999084472656,25.350000381469727,26.700000762939453,23.91578483581543,2201700,0.0,0.0
2020-06-26 00:00:00-04:00,26.3700008392334,26.459999084472656,25.350000381469727,25.420000076293945,22.769254684448242,3092400,0.0,0.0
2020-06-29 00:00:00-04:00,25.530000686645508,26.020000457763672,25.479999542236328,25.739999771118164,23.284889221191406,1687200,0.25,0.0
2020-06-30 00:00:00-04:00,25.700000762939453,26.360000610351562,25.540000915527344,26.09000015258789,23.60150146484375,1579600,0.0,0.0
2020-07-01 00:00:00-04:00,26.170000076293945,26.219999313354492,25.200000762939453,25.520000457763672,23.08587074279785,1389900,0.0,0.0
2020-07-02 00:00:00-04:00,26.059999465942383,26.639999389648438,25.799999237060547,25.969999313354492,23.492952346801758,1204700,0.0,0.0
2020-07-06 00:00:00-04:00,26.690000534057617,26.739999771118164,25.440000534057617,25.950000762939453,23.474857330322266,1902600,0.0,0.0
2020-07-07 00:00:00-04:00,25.600000381469727,25.93000030517578,25.420000076293945,25.59000015258789,23.149200439453125,1583500,0.0,0.0
2020-07-08 00:00:00-04:00,25.639999389648438,25.690000534057617,24.65999984741211,24.899999618530273,22.525012969970703,1774100,0.0,0.0
2020-07-09 00:00:00-04:00,24.84000015258789,24.989999771118164,24.0,24.510000228881836,22.172212600708008,1345700,0.0,0.0
2020-07-10 00:00:00-04:00,24.600000381469727,25.81999969482422,24.489999771118164,25.799999237060547,23.33916473388672,1996800,0.0,0.0
2020-07-13 00:00:00-04:00,26.15999984741211,26.34000015258789,25.459999084472656,25.559999465942383,23.122060775756836,1620600,0.0,0.0
2020-07-14 00:00:00-04:00,25.559999465942383,26.559999465942383,25.299999237060547,26.469999313354492,23.94526481628418,2432400,0.0,0.0
2020-07-15 00:00:00-04:00,26.920000076293945,27.25,26.190000534057617,27.010000228881836,24.433753967285156,1749500,0.0,0.0
2020-07-16 00:00:00-04:00,26.81999969482422,27.290000915527344,26.59000015258789,27.030000686645508,24.451852798461914,2143500,0.0,0.0
2020-07-17 00:00:00-04:00,27.1200008392334,27.420000076293945,26.700000762939453,26.809999465942383,24.252836227416992,1012900,0.0,0.0
2020-07-20 00:00:00-04:00,26.450000762939453,26.739999771118164,26.1200008392334,26.479999542236328,23.954303741455078,1979100,0.0,0.0
2020-07-21 00:00:00-04:00,26.709999084472656,27.31999969482422,26.3700008392334,27.059999465942383,24.478984832763672,2489600,0.0,0.0
2020-07-22 00:00:00-04:00,26.969999313354492,27.920000076293945,26.829999923706055,27.719999313354492,25.076038360595703,2331200,0.0,0.0
2020-07-23 00:00:00-04:00,27.860000610351562,28.350000381469727,27.34000015258789,27.559999465942383,24.931297302246094,2259000,0.0,0.0
2020-07-24 00:00:00-04:00,27.6299991607666,27.959999084472656,27.290000915527344,27.829999923706055,25.175540924072266,1465300,0.0,0.0
2020-07-27 00:00:00-04:00,27.770000457763672,28.399999618530273,27.3799991607666,28.3700008392334,25.66403579711914,1633500,0.0,0.0
2020-07-28 00:00:00-04:00,28.280000686645508,28.280000686645508,27.299999237060547,27.329999923706055,24.723234176635742,1004300,0.0,0.0
2020-07-29 00:00:00-04:00,27.59000015258789,28.06999969482422,27.3700008392334,27.989999771118164,25.32027816772461,1031400,0.0,0.0
2020-07-30 00:00:00-04:00,27.469999313354492,27.75,27.079999923706055,27.56999969482422,24.940340042114258,1335700,0.0,0.0
2020-07-31 00:00:00-04:00,27.389999389648438,27.43000030517578,26.809999465942383,27.40999984741211,24.795602798461914,1372200,0.0,0.0
2020-08-03 00:00:00-04:00,27.549999237060547,28.280000686645508,27.40999984741211,28.139999389648438,25.455974578857422,1332300,0.0,0.0
2020-08-04 00:00:00-04:00,28.15999984741211,28.219999313354492,27.760000228881836,27.90999984741211,25.247913360595703,1454000,0.0,0.0
2020-08-05 00:00:00-04:00,28.299999237060547,28.81999969482422,28.059999465942383,28.15999984741211,25.474063873291016,1162200,0.0,0.0
2020-08-06 00:00:00-04:00,28.09000015258789,28.229999542236328,27.899999618530273,27.989999771118164,25.32027816772461,679600,0.0,0.0
2020-08-07 00:00:00-04:00,27.639999389648438,28.520000457763672,27.420000076293945,28.489999771118164,25.77259063720703,1319000,0.0,0.0
2020-08-10 00:00:00-04:00,28.829999923706055,30.219999313354492,28.65999984741211,30.190000534057617,27.31043815612793,1929600,0.0,0.0
2020-08-11 00:00:00-04:00,31.040000915527344,31.09000015258789,30.219999313354492,30.309999465942383,27.418996810913086,2120500,0.0,0.0
2020-08-12 00:00:00-04:00,30.780000686645508,30.889999389648438,30.31999969482422,30.68000030517578,27.753713607788086,1482100,0.0,0.0
2020-08-13 00:00:00-04:00,30.290000915527344,30.729999542236328,30.1299991607666,30.559999465942383,27.645151138305664,1345800,0.0,0.0
2020-08-14 00:00:00-04:00,30.389999389648438,31.110000610351562,30.329999923706055,30.950000762939453,27.99795150756836,1423200,0.0,0.0
2020-08-17 00:00:00-04:00,31.0,31.469999313354492,30.84000015258789,30.8799991607666,27.934627532958984,1295200,0.0,0.0
2020-08-18 00:00:00-04:00,31.34000015258789,31.360000610351562,30.260000228881836,30.389999389648438,27.491371154785156,1385200,0.0,0.0
2020-08-19 00:00:00-04:00,30.469999313354492,30.770000457763672,30.079999923706055,30.170000076293945,27.29235076904297,1095500,0.0,0.0
2020-08-20 00:00:00-04:00,29.780000686645508,30.329999923706055,29.540000915527344,30.18000030517578,27.301395416259766,1399700,0.0,0.0
2020-08-21 00:00:00-04:00,29.829999923706055,30.0,29.420000076293945,29.59000015258789,26.767667770385742,1057100,0.0,0.0
2020-08-24 00:00:00-04:00,29.8799991607666,30.31999969482422,29.790000915527344,30.299999237060547,27.409948348999023,937100,0.0,0.0
2020-08-25 00:00:00-04:00,30.139999389648438,30.260000228881836,29.510000228881836,29.84000015258789,26.993824005126953,946700,0.0,0.0
2020-08-26 00:00:00-04:00,29.899999618530273,30.110000610351562,29.440000534057617,29.729999542236328,26.89432144165039,922000,0.0,0.0
2020-08-27 00:00:00-04:00,29.950000762939453,30.239999771118164,29.489999771118164,29.790000915527344,26.948598861694336,1001800,0.0,0.0
2020-08-28 00:00:00-04:00,30.049999237060547,30.399999618530273,29.899999618530273,30.200000762939453,27.319486618041992,1344400,0.0,0.0
2020-08-31 00:00:00-04:00,30.280000686645508,30.520000457763672,29.479999542236328,29.520000457763672,26.704347610473633,1730300,0.0,0.0
2020-09-01 00:00:00-04:00,29.479999542236328,30.139999389648438,29.170000076293945,30.100000381469727,27.22902488708496,1798000,0.0,0.0
2020-09-02 00:00:00-04:00,30.110000610351562,30.8700008392334,29.8799991607666,30.770000457763672,27.83511734008789,2664100,0.0,0.0
2020-09-03 00:00:00-04:00,30.799999237060547,31.149999618530273,30.100000381469727,30.309999465942383,27.418996810913086,1330000,0.0,0.0
2020-09-04 00:00:00-04:00,30.829999923706055,31.040000915527344,30.239999771118164,30.65999984741211,27.73561668395996,1143600,0.0,0.0
2020-09-08 00:00:00-04:00,30.059999465942383,30.229999542236328,29.110000610351562,29.3799991607666,26.57769775390625,1862800,0.0,0.0
2020-09-09 00:00:00-04:00,29.649999618530273,29.770000457763672,28.690000534057617,29.34000015258789,26.54151725769043,2346900,0.0,0.0
2020-09-10 00:00:00-04:00,29.610000610351562,29.610000610351562,28.81999969482422,29.059999465942383,26.288223266601562,1458100,0.0,0.0
2020-09-11 00:00:00-04:00,29.209999084472656,29.850000381469727,29.010000228881836,29.329999923706055,26.532472610473633,1390700,0.0,0.0
2020-09-14 00:00:00-04:00,29.5,30.219999313354492,29.34000015258789,30.09000015258789,27.219980239868164,1520200,0.0,0.0
2020-09-15 00:00:00-04:00,30.299999237060547,30.649999618530273,30.079999923706055,30.3700008392334,27.47327995300293,1608400,0.0,0.0
2020-09-16 00:00:00-04:00,30.6299991607666,30.799999237060547,30.0,30.459999084472656,27.554689407348633,1988300,0.0,0.0
2020-09-17 00:00:00-04:00,30.100000381469727,31.540000915527344,29.860000610351562,31.260000228881836,28.278385162353516,1864000,0.0,0.0
2020-09-18 00:00:00-04:00,31.479999542236328,32.54999923706055,31.15999984741211,32.029998779296875,28.97494125366211,6479400,0.0,0.0
2020-09-21 00:00:00-04:00,31.170000076293945,31.329999923706055,28.760000228881836,29.350000381469727,26.550559997558594,1977200,0.0,0.0
2020-09-22 00:00:00-04:00,29.59000015258789,29.780000686645508,29.15999984741211,29.389999389648438,26.586740493774414,1609100,0.0,0.0
2020-09-23 00:00:00-04:00,29.31999969482422,30.1200008392334,28.969999313354492,29.0,26.233945846557617,1115300,0.0,0.0
2020-09-24 00:00:00-04:00,28.8799991607666,29.469999313354492,28.40999984741211,28.8700008392334,26.116344451904297,1557800,0.0,0.0
2020-09-25 00:00:00-04:00,28.510000228881836,29.010000228881836,28.389999389648438,28.860000610351562,26.1072998046875,1509800,0.0,0.0
2020-09-28 00:00:00-04:00,29.59000015258789,30.389999389648438,29.3700008392334,29.979999542236328,27.120471954345703,2347300,0.0,0.0
2020-09-29 00:00:00-04:00,29.239999771118164,29.700000762939453,28.530000686645508,28.65999984741211,26.144386291503906,1555600,0.25,0.0
2020-09-30 00:00:00-04:00,28.8700008392334,29.139999389648438,28.360000610351562,28.6299991607666,26.117021560668945,1865400,0.0,0.0
2020-10-01 00:00:00-04:00,28.68000030517578,29.309999465942383,28.68000030517578,29.09000015258789,26.536649703979492,1363600,0.0,0.0
2020-10-02 00:00:00-04:00,28.420000076293945,30.0,28.309999465942383,29.700000762939453,27.093103408813477,1774700,0.0,0.0
2020-10-05 00:00:00-04:00,30.0,31.170000076293945,29.700000762939453,30.989999771118164,28.269874572753906,1669100,0.0,0.0
2020-10-06 00:00:00-04:00,31.489999771118164,31.700000762939453,30.6299991607666,30.8700008392334,28.160409927368164,2023600,0.0,0.0
2020-10-07 00:00:00-04:00,31.420000076293945,32.150001525878906,31.299999237060547,31.940000534057617,29.136491775512695,1483500,0.0,0.0
2020-10-08 00:00:00-04:00,32.20000076293945,32.939998626708984,31.899999618530273,32.84000015258789,29.957490921020508,2339800,0.0,0.0
2020-10-09 00:00:00-04:00,33.13999938964844,33.27000045776367,32.04999923706055,32.58000183105469,29.720317840576172,2175200,0.0,0.0
2020-10-12 00:00:00-04:00,32.58000183105469,33.369998931884766,32.47999954223633,33.209999084472656,30.295013427734375,1999800,0.0,0.0
2020-10-13 00:00:00-04:00,32.9900016784668,33.130001068115234,32.61000061035156,32.709999084472656,29.83890724182129,1916700,0.0,0.0
2020-10-14 00:00:00-04:00,32.709999084472656,33.43000030517578,32.70000076293945,33.2599983215332,30.34063148498535,2428500,0.0,0.0
2020-10-15 00:00:00-04:00,32.65999984741211,33.400001525878906,32.27000045776367,33.38999938964844,30.45921516418457,1952000,0.0,0.0
2020-10-16 00:00:00-04:00,33.400001525878906,33.75,33.119998931884766,33.38999938964844,30.45921516418457,1433800,0.0,0.0
2020-10-19 00:00:00-04:00,33.689998626708984,34.36000061035156,33.08000183105469,33.119998931884766,30.21291732788086,1562400,0.0,0.0
2020-10-20 00:00:00-04:00,32.209999084472656,33.650001525878906,31.559999465942383,31.8799991607666,29.081756591796875,3864300,0.0,0.0
2020-10-21 00:00:00-04:00,32.2400016784668,32.27000045776367,31.170000076293945,31.190000534057617,28.452320098876953,3168000,0.0,0.0
2020-10-22 00:00:00-04:00,31.549999237060547,32.31999969482422,31.350000381469727,32.13999938964844,29.318931579589844,2453500,0.0,0.0
2020-10-23 00:00:00-04:00,32.4900016784668,32.68000030517578,32.04999923706055,32.58000183105469,29.720317840576172,1460400,0.0,0.0
2020-10-26 00:00:00-04:00,32.209999084472656,32.209999084472656,31.170000076293945,31.350000381469727,28.59827995300293,1259700,0.0,0.0
2020-10-27 00:00:00-04:00,31.420000076293945,31.68000030517578,31.15999984741211,31.399999618530273,28.643888473510742,1294900,0.0,0.0
2020-10-28 00:00:00-04:00,30.719999313354492,30.920000076293945,30.260000228881836,30.56999969482422,27.886741638183594,1747600,0.0,0.0
2020-10-29 00:00:00-04:00,30.440000534057617,31.989999771118164,30.280000686645508,31.6200008392334,28.84457778930664,2305900,0.0,0.0
2020-10-30 00:00:00-04:00,31.399999618530273,31.799999237060547,31.010000228881836,31.479999542236328,28.716861724853516,2052500,0.0,0.0
2020-11-02 00:00:00-05:00,32.150001525878906,32.150001525878906,31.489999771118164,31.889999389648438,29.090877532958984,1498000,0.0,0.0
2020-11-03 00:00:00-05:00,32.459999084472656,32.56999969482422,31.90999984741211,32.31999969482422,29.483131408691406,1720500,0.0,0.0
2020-11-04 00:00:00-05:00,32.18000030517578,32.18000030517578,30.600000381469727,30.760000228881836,28.06006622314453,2483000,0.0,0.0
2020-11-05 00:00:00-05:00,31.15999984741211,32.810001373291016,31.100000381469727,32.25,29.419281005859375,1527800,0.0,0.0
2020-11-06 00:00:00-05:00,32.83000183105469,32.91999816894531,31.989999771118164,32.040000915527344,29.22771453857422,1842300,0.0,0.0
2020-11-09 00:00:00-05:00,33.900001525878906,34.939998626708984,33.150001525878906,33.349998474121094,30.4227294921875,1956600,0.0,0.0
2020-11-10 00:00:00-05:00,33.7599983215332,34.61000061035156,33.36000061035156,33.90999984741211,30.93358039855957,2233400,0.0,0.0
2020-11-11 00:00:00-05:00,33.97999954223633,34.040000915527344,33.41999816894531,33.84000015258789,30.869720458984375,1429300,0.0,0.0
2020-11-12 00:00:00-05:00,33.41999816894531,33.709999084472656,32.630001068115234,33.11000061035156,30.203792572021484,1169000,0.0,0.0
2020-11-13 00:00:00-05:00,33.4900016784668,34.79999923706055,33.4900016784668,34.619998931884766,31.581260681152344,1934900,0.0,0.0
2020-11-16 00:00:00-05:00,35.2599983215332,37.34000015258789,35.2599983215332,36.90999984741211,33.67026138305664,3321700,0.0,0.0
2020-11-17 00:00:00-05:00,36.15999984741211,37.060001373291016,35.97999954223633,36.56999969482422,33.36009979248047,1825300,0.0,0.0
2020-11-18 00:00:00-05:00,36.790000915527344,37.02000045776367,35.619998931884766,35.630001068115234,32.50261306762695,1611700,0.0,0.0
2020-11-19 00:00:00-05:00,35.560001373291016,36.18000030517578,35.36000061035156,35.81999969482422,32.67593002319336,1186700,0.0,0.0
2020-11-20 00:00:00-05:00,35.61000061035156,35.9900016784668,35.18000030517578,35.25,32.15595245361328,1948000,0.0,0.0
2020-11-23 00:00:00-05:00,35.869998931884766,36.470001220703125,35.52000045776367,36.2599983215332,33.077301025390625,1543200,0.0,0.0
2020-11-24 00:00:00-05:00,36.72999954223633,38.63999938964844,36.61000061035156,38.630001068115234,35.23928451538086,2376900,0.0,0.0
2020-11-25 00:00:00-05:00,38.380001068115234,38.400001525878906,37.2400016784668,37.880001068115234,34.555110931396484,1654400,0.0,0.0
2020-11-27 00:00:00-05:00,37.810001373291016,38.040000915527344,37.2599983215332,37.650001525878906,34.345306396484375,579700,0.0,0.0
2020-11-30 00:00:00-05:00,37.58000183105469,37.58000183105469,36.150001525878906,36.209999084472656,33.03169631958008,3729700,0.0,0.0
2020-12-01 00:00:00-05:00,37.220001220703125,37.7599983215332,36.93000030517578,37.34000015258789,34.06250762939453,1688400,0.0,0.0
2020-12-02 00:00:00-05:00,37.27000045776367,37.54999923706055,36.93000030517578,37.15999984741211,33.89830780029297,1348700,0.0,0.0
2020-12-03 00:00:00-05:00,37.16999816894531,37.7400016784668,36.7400016784668,37.61000061035156,34.308807373046875,1478900,0.0,0.0
2020-12-04 00:00:00-05:00,37.95000076293945,39.09000015258789,37.599998474121094,38.84000015258789,35.430850982666016,1968500,0.0,0.0
2020-12-07 00:00:00-05:00,38.45000076293945,38.84000015258789,38.119998931884766,38.41999816894531,35.04771423339844,1318900,0.0,0.0
2020-12-08 00:00:00-05:00,38.0099983215332,39.09000015258789,38.0099983215332,38.400001525878906,35.02947235107422,1198900,0.0,0.0
2020-12-09 00:00:00-05:00,39.65999984741211,39.689998626708984,38.38999938964844,38.779998779296875,35.37611389160156,1343600,0.0,0.0
2020-12-10 00:00:00-05:00,38.45000076293945,40.220001220703125,38.31999969482422,39.61000061035156,36.133262634277344,4076700,0.0,0.0
2020-12-11 00:00:00-05:00,40.16999816894531,40.16999816894531,38.470001220703125,39.130001068115234,35.69538879394531,1975600,0.0,0.0
2020-12-14 00:00:00-05:00,40.0,40.0,37.90999984741211,37.939998626708984,34.60984420776367,1509100,0.0,0.0
2020-12-15 00:00:00-05:00,38.349998474121094,38.790000915527344,37.619998931884766,38.619998931884766,35.230159759521484,1312800,0.0,0.0
2020-12-16 00:00:00-05:00,38.97999954223633,38.9900016784668,37.7599983215332,38.31999969482422,34.95649337768555,1169800,0.0,0.0
2020-12-17 00:00:00-05:00,38.54999923706055,38.630001068115234,37.220001220703125,37.59000015258789,34.290557861328125,2800800,0.0,0.0
2020-12-18 00:00:00-05:00,37.599998474121094,37.779998779296875,36.0099983215332,36.119998931884766,32.94960403442383,4437100,0.0,0.0
2020-12-21 00:00:00-05:00,35.540000915527344,37.0099983215332,35.5,36.95000076293945,33.706748962402344,1613200,0.0,0.0
2020-12-22 00:00:00-05:00,37.0099983215332,37.16999816894531,35.959999084472656,36.34000015258789,33.15028762817383,1480700,0.0,0.0
2020-12-23 00:00:00-05:00,36.47999954223633,36.90999984741211,36.20000076293945,36.369998931884766,33.177650451660156,1218200,0.0,0.0
2020-12-24 00:00:00-05:00,36.63999938964844,36.79999923706055,35.900001525878906,36.380001068115234,33.18677520751953,534200,0.0,0.0
2020-12-28 00:00:00-05:00,36.56999969482422,36.83000183105469,35.93000030517578,35.97999954223633,32.82187271118164,971700,0.0,0.0
2020-12-29 00:00:00-05:00,36.119998931884766,36.95000076293945,36.0099983215332,36.369998931884766,33.177650451660156,1524300,0.0,0.0
2020-12-30 00:00:00-05:00,36.220001220703125,36.959999084472656,36.220001220703125,36.59000015258789,33.609371185302734,914200,0.25,0.0
2020-12-31 00:00:00-05:00,36.58000183105469,37.150001525878906,36.150001525878906,36.869998931884766,33.86655044555664,1002300,0.0,0.0
2021-01-04 00:00:00-05:00,37.65999984741211,38.11000061035156,36.4900016784668,36.619998931884766,33.63691711425781,1372500,0.0,0.0
2021-01-05 00:00:00-05:00,36.720001220703125,38.45000076293945,36.66999816894531,37.95000076293945,34.85858154296875,1202000,0.0,0.0
2021-01-06 00:00:00-05:00,38.9900016784668,41.45000076293945,38.86000061035156,40.630001068115234,37.32027053833008,3851800,0.0,0.0
2021-01-07 00:00:00-05:00,41.29999923706055,41.599998474121094,39.75,39.849998474121094,36.60380554199219,2211600,0.0,0.0
2021-01-08 00:00:00-05:00,40.13999938964844,40.189998626708984,38.72999954223633,39.4900016784668,36.273128509521484,2200900,0.0,0.0
2021-01-11 00:00:00-05:00,38.970001220703125,40.459999084472656,38.58000183105469,40.0099983215332,36.75077438354492,1402000,0.0,0.0
2021-01-12 00:00:00-05:00,40.2400016784668,42.099998474121094,39.720001220703125,41.779998779296875,38.376583099365234,2090200,0.0,0.0
2021-01-13 00:00:00-05:00,41.70000076293945,41.70000076293945,40.470001220703125,40.72999954223633,37.412113189697266,1869600,0.0,0.0
2021-01-14 00:00:00-05:00,41.18000030517578,41.59000015258789,40.27000045776367,40.380001068115234,37.09062576293945,1852400,0.0,0.0
2021-01-15 00:00:00-05:00,39.65999984741211,39.81999969482422,38.380001068115234,39.20000076293945,36.00675582885742,2376500,0.0,0.0
2021-01-19 00:00:00-05:00,39.7400016784668,40.220001220703125,39.33000183105469,39.72999954223633,36.49357223510742,2201900,0.0,0.0
2021-01-20 00:00:00-05:00,40.08000183105469,40.31999969482422,39.459999084472656,40.18000030517578,36.90692138671875,2114500,0.0,0.0
2021-01-21 00:00:00-05:00,40.209999084472656,40.4900016784668,38.720001220703125,38.7400016784668,35.5842399597168,1816300,0.0,0.0
2021-01-22 00:00:00-05:00,38.279998779296875,38.83000183105469,37.900001525878906,38.70000076293945,35.5474853515625,1765300,0.0,0.0
2021-01-25 00:00:00-05:00,39.25,39.25,37.93000030517578,38.439998626708984,35.30866622924805,2370600,0.0,0.0
2021-01-26 00:00:00-05:00,38.95000076293945,39.2599983215332,36.130001068115234,36.61000061035156,33.62773132324219,4228300,0.0,0.0
2021-01-27 00:00:00-05:00,35.90999984741211,35.95000076293945,34.54999923706055,35.279998779296875,32.40607452392578,2946100,0.0,0.0
2021-01-28 00:00:00-05:00,35.79999923706055,35.88999938964844,33.91999816894531,35.15999984741211,32.29585647583008,3024700,0.0,0.0
2021-01-29 00:00:00-05:00,36.0,36.0,33.77000045776367,34.27000045776367,31.478347778320312,3428600,0.0,0.0
2021-02-01 00:00:00-05:00,34.970001220703125,35.279998779296875,33.95000076293945,34.91999816894531,32.075401306152344,2017800,0.0,0.0
2021-02-02 00:00:00-05:00,35.18000030517578,35.45000076293945,34.70000076293945,35.33000183105469,32.452003479003906,1821300,0.0,0.0
2021-02-03 00:00:00-05:00,36.66999816894531,37.0,36.209999084472656,36.86000061035156,33.85736846923828,1856500,0.0,0.0
2021-02-04 00:00:00-05:00,36.849998474121094,37.45000076293945,36.439998626708984,37.16999816894531,34.14211654663086,1761000,0.0,0.0
2021-02-05 00:00:00-05:00,37.63999938964844,38.369998931884766,37.52000045776367,37.630001068115234,34.56464767456055,1733100,0.0,0.0
2021-02-08 00:00:00-05:00,38.2599983215332,39.150001525878906,38.130001068115234,38.400001525878906,35.27191925048828,1955000,0.0,0.0
2021-02-09 00:00:00-05:00,39.220001220703125,39.220001220703125,38.11000061035156,38.439998626708984,35.30866622924805,1717600,0.0,0.0
2021-02-10 00:00:00-05:00,38.7599983215332,38.900001525878906,37.689998626708984,38.400001525878906,35.27191925048828,1588600,0.0,0.0
2021-02-11 00:00:00-05:00,38.43000030517578,38.86000061035156,37.779998779296875,38.779998779296875,35.62096405029297,1466500,0.0,0.0
2021-02-12 00:00:00-05:00,38.560001373291016,39.41999816894531,38.400001525878906,39.33000183105469,36.126163482666016,1069400,0.0,0.0
2021-02-16 00:00:00-05:00,39.61000061035156,41.400001525878906,39.61000061035156,41.189998626708984,37.834651947021484,2514700,0.0,0.0
2021-02-17 00:00:00-05:00,41.349998474121094,41.52000045776367,40.560001373291016,40.709999084472656,37.393741607666016,1329200,0.0,0.0
2021-02-18 00:00:00-05:00,40.540000915527344,40.540000915527344,39.279998779296875,39.70000076293945,36.46602249145508,1168500,0.0,0.0
2021-02-19 00:00:00-05:00,40.06999969482422,41.060001373291016,40.0099983215332,40.84000015258789,37.51315689086914,1267000,0.0,0.0
2021-02-22 00:00:00-05:00,40.630001068115234,42.7599983215332,40.41999816894531,42.040000915527344,38.61540603637695,1360300,0.0,0.0
2021-02-23 00:00:00-05:00,41.810001373291016,42.869998931884766,41.22999954223633,42.83000183105469,39.34105682373047,1716300,0.0,0.0
2021-02-24 00:00:00-05:00,42.90999984741211,43.9900016784668,42.90999984741211,43.86000061035156,40.28714370727539,1498800,0.0,0.0
2021-02-25 00:00:00-05:00,44.56999969482422,44.56999969482422,42.06999969482422,42.06999969482422,38.64295959472656,1791900,0.0,0.0
2021-02-26 00:00:00-05:00,41.709999084472656,42.25,40.61000061035156,41.58000183105469,38.19289016723633,1896500,0.0,0.0
2021-03-01 00:00:00-05:00,42.9900016784668,44.09000015258789,42.5099983215332,44.0099983215332,40.4249267578125,1464600,0.0,0.0
2021-03-02 00:00:00-05:00,44.02000045776367,44.4900016784668,43.65999984741211,43.810001373291016,40.2412109375,1649500,0.0,0.0
2021-03-03 00:00:00-05:00,43.91999816894531,45.2400016784668,43.36000061035156,44.70000076293945,41.05872344970703,1866500,0.0,0.0
2021-03-04 00:00:00-05:00,44.34000015258789,44.7599983215332,42.2400016784668,43.209999084472656,39.69009017944336,4165500,0.0,0.0
2021-03-05 00:00:00-05:00,44.220001220703125,46.040000915527344,42.77000045776367,45.720001220703125,41.99562454223633,2972500,0.0,0.0
2021-03-08 00:00:00-05:00,45.7599983215332,48.43000030517578,45.65999984741211,48.06999969482422,44.154197692871094,2657800,0.0,0.0
2021-03-09 00:00:00-05:00,47.869998931884766,48.0,46.45000076293945,47.38999938964844,43.52959442138672,2147400,0.0,0.0
2021-03-10 00:00:00-05:00,46.7599983215332,49.349998474121094,46.59000015258789,48.790000915527344,44.8155517578125,2381300,0.0,0.0
2021-03-11 00:00:00-05:00,49.790000915527344,49.81999969482422,47.81999969482422,48.709999084472656,44.742061614990234,2902800,0.0,0.0
2021-03-12 00:00:00-05:00,49.09000015258789,49.900001525878906,48.72999954223633,49.189998626708984,45.182952880859375,2259000,0.0,0.0
2021-03-15 00:00:00-04:00,49.5,49.56999969482422,47.470001220703125,48.54999923706055,44.595088958740234,1731900,0.0,0.0
2021-03-16 00:00:00-04:00,48.86000061035156,48.869998931884766,46.81999969482422,46.83000183105469,43.01521301269531,3685100,0.0,0.0
2021-03-17 00:00:00-04:00,46.56999969482422,48.16999816894531,46.5,47.970001220703125,44.06235122680664,2549400,0.0,0.0
2021-03-18 00:00:00-04:00,48.040000915527344,49.22999954223633,47.2599983215332,47.349998474121094,43.49285125732422,3032700,0.0,0.0
2021-03-19 00:00:00-04:00,47.16999816894531,47.7400016784668,45.56999969482422,47.189998626708984,43.345882415771484,7075200,0.0,0.0
2021-03-22 00:00:00-04:00,47.529998779296875,47.529998779296875,46.150001525878906,47.029998779296875,43.198917388916016,2206800,0.0,0.0
2021-03-23 00:00:00-04:00,46.13999938964844,46.709999084472656,44.439998626708984,44.79999923706055,41.150569915771484,3148800,0.0,0.0
2021-03-24 00:00:00-04:00,45.81999969482422,47.5,45.689998626708984,46.06999969482422,42.31712341308594,2375100,0.0,0.0
2021-03-25 00:00:00-04:00,45.810001373291016,47.900001525878906,45.25,47.529998779296875,43.65819549560547,2082200,0.0,0.0
2021-03-26 00:00:00-04:00,48.5099983215332,50.380001068115234,47.900001525878906,50.349998474121094,46.248470306396484,2458500,0.0,0.0
2021-03-29 00:00:00-04:00,50.709999084472656,52.0,49.59000015258789,49.720001220703125,45.6697883605957,3330100,0.0,0.0
2021-03-30 00:00:00-04:00,49.75,51.439998626708984,49.279998779296875,51.279998779296875,47.35032653808594,3260100,0.26,0.0
2021-03-31 00:00:00-04:00,51.56999969482422,52.22999954223633,50.470001220703125,50.7599983215332,46.87017059326172,3659800,0.0,0.0
2021-04-01 00:00:00-04:00,50.400001525878906,51.06999969482422,49.380001068115234,50.970001220703125,47.06406784057617,1950500,0.0,0.0
2021-04-05 00:00:00-04:00,51.91999816894531,52.59000015258789,51.13999938964844,51.81999969482422,47.848934173583984,1902800,0.0,0.0
2021-04-06 00:00:00-04:00,51.47999954223633,52.04999923706055,50.88999938964844,51.25,47.3226203918457,1907500,0.0,0.0
2021-04-07 00:00:00-04:00,51.709999084472656,52.02000045776367,50.939998626708984,51.08000183105469,47.165653228759766,1365600,0.0,0.0
2021-04-08 00:00:00-04:00,51.0,51.150001525878906,49.59000015258789,50.779998779296875,46.888641357421875,1353600,0.0,0.0
2021-04-09 00:00:00-04:00,51.33000183105469,52.08000183105469,50.83000183105469,51.189998626708984,47.26721954345703,1659200,0.0,0.0
2021-04-12 00:00:00-04:00,51.2599983215332,51.970001220703125,50.91999816894531,51.83000183105469,47.858184814453125,1413400,0.0,0.0
2021-04-13 00:00:00-04:00,51.529998779296875,51.790000915527344,49.91999816894531,50.41999816894531,46.55622863769531,1570700,0.0,0.0
2021-04-14 00:00:00-04:00,50.36000061035156,52.130001068115234,50.36000061035156,50.81999969482422,46.92557144165039,2086800,0.0,0.0
2021-04-15 00:00:00-04:00,51.36000061035156,51.54999923706055,50.130001068115234,50.88999938964844,46.99020004272461,1934000,0.0,0.0
2021-04-16 00:00:00-04:00,51.7599983215332,51.7599983215332,50.470001220703125,51.5,47.553462982177734,1783600,0.0,0.0
2021-04-19 00:00:00-04:00,51.90999984741211,52.720001220703125,50.45000076293945,51.189998626708984,47.26721954345703,2374000,0.0,0.0
2021-04-20 00:00:00-04:00,51.290000915527344,51.91999816894531,49.7400016784668,50.119998931884766,46.27920913696289,3471400,0.0,0.0
2021-04-21 00:00:00-04:00,49.75,51.40999984741211,49.529998779296875,51.18000030517578,47.25798416137695,2405200,0.0,0.0
2021-04-22 00:00:00-04:00,50.77000045776367,51.06999969482422,49.560001373291016,50.33000183105469,46.47311019897461,2050700,0.0,0.0
2021-04-23 00:00:00-04:00,51.0,52.150001525878906,50.459999084472656,51.88999938964844,47.91356658935547,1671600,0.0,0.0
2021-04-26 00:00:00-04:00,52.5,54.70000076293945,52.25,54.65999984741211,50.47129821777344,4767100,0.0,0.0
2021-04-27 00:00:00-04:00,54.7400016784668,55.18000030517578,54.099998474121094,55.02000045776367,50.8037223815918,2622000,0.0,0.0
2021-04-28 00:00:00-04:00,55.20000076293945,55.72999954223633,54.45000076293945,55.130001068115234,50.9052848815918,1584000,0.0,0.0
2021-04-29 00:00:00-04:00,55.58000183105469,55.93000030517578,54.36000061035156,55.279998779296875,51.04379653930664,1681900,0.0,0.0
2021-04-30 00:00:00-04:00,54.459999084472656,55.61000061035156,54.20000076293945,54.220001220703125,50.06502914428711,2551400,0.0,0.0
2021-05-03 00:00:00-04:00,55.18000030517578,57.08000183105469,54.540000915527344,56.70000076293945,52.3549690246582,2338600,0.0,0.0
2021-05-04 00:00:00-04:00,56.68000030517578,59.58000183105469,56.52000045776367,59.40999984741211,54.857303619384766,3425200,0.0,0.0
2021-05-05 00:00:00-04:00,59.54999923706055,60.72999954223633,58.52000045776367,59.959999084472656,55.36515426635742,2662300,0.0,0.0
2021-05-06 00:00:00-04:00,60.58000183105469,61.65999984741211,59.630001068115234,61.650001525878906,56.92564392089844,2518800,0.0,0.0
2021-05-07 00:00:00-04:00,61.84000015258789,63.720001220703125,60.880001068115234,63.36000061035156,58.50460433959961,2882300,0.0,0.0
2021-05-10 00:00:00-04:00,64.91000366210938,66.2699966430664,63.79999923706055,63.97999954223633,59.07710266113281,3576600,0.0,0.0
2021-05-11 00:00:00-04:00,62.650001525878906,65.31999969482422,62.2599983215332,64.33999633789062,59.40950393676758,3157800,0.0,0.0
2021-05-12 00:00:00-04:00,64.33000183105469,64.87000274658203,60.400001525878906,60.849998474121094,56.18696212768555,3339400,0.0,0.0
2021-05-13 00:00:00-04:00,60.880001068115234,64.37000274658203,60.630001068115234,63.66999816894531,58.79084777832031,3144300,0.0,0.0
2021-05-14 00:00:00-04:00,63.38999938964844,64.19999694824219,62.709999084472656,63.7599983215332,58.873958587646484,3472700,0.0,0.0
2021-05-17 00:00:00-04:00,63.380001068115234,64.7699966430664,63.36000061035156,64.54000091552734,59.594173431396484,2917200,0.0,0.0
2021-05-18 00:00:00-04:00,64.37000274658203,64.91000366210938,63.20000076293945,63.290000915527344,58.439971923828125,1884600,0.0,0.0
2021-05-19 00:00:00-04:00,61.25,62.34000015258789,59.91999816894531,62.209999084472656,57.4427375793457,2622300,0.0,0.0
2021-05-20 00:00:00-04:00,62.099998474121094,62.20000076293945,60.52000045776367,61.95000076293945,57.202659606933594,2605000,0.0,0.0
2021-05-21 00:00:00-04:00,62.31999969482422,63.029998779296875,61.310001373291016,61.540000915527344,56.824073791503906,2222700,0.0,0.0
2021-05-24 00:00:00-04:00,61.529998779296875,62.400001525878906,61.02000045776367,62.060001373291016,57.304237365722656,2207700,0.0,0.0
2021-05-25 00:00:00-04:00,62.279998779296875,62.45000076293945,60.060001373291016,60.18000030517578,55.568302154541016,2829300,0.0,0.0
2021-05-26 00:00:00-04:00,60.18000030517578,61.20000076293945,59.470001220703125,60.93000030517578,56.26082992553711,2454000,0.0,0.0
2021-05-27 00:00:00-04:00,62.5099983215332,62.93000030517578,61.68000030517578,61.959999084472656,57.21188735961914,3964700,0.0,0.0
2021-05-28 00:00:00-04:00,61.95000076293945,62.599998474121094,60.900001525878906,62.43000030517578,57.64588165283203,1952700,0.0,0.0
2021-06-01 00:00:00-04:00,65.5,65.66999816894531,63.16999816894531,64.5,59.5572509765625,2692900,0.0,0.0
2021-06-02 00:00:00-04:00,64.5,64.5,63.11000061035156,63.75,58.864715576171875,2042600,0.0,0.0
2021-06-03 00:00:00-04:00,63.02000045776367,64.69000244140625,62.290000915527344,64.22000122070312,59.298709869384766,2017500,0.0,0.0
2021-06-04 00:00:00-04:00,64.91000366210938,65.33000183105469,64.08000183105469,64.86000061035156,59.88966369628906,1278700,0.0,0.0
2021-06-07 00:00:00-04:00,64.73999786376953,65.11000061035156,62.880001068115234,64.19000244140625,59.2710075378418,2076700,0.0,0.0
2021-06-08 00:00:00-04:00,64.33000183105469,66.7300033569336,63.630001068115234,66.51000213623047,61.4132194519043,2784100,0.0,0.0
2021-06-09 00:00:00-04:00,66.22000122070312,66.87999725341797,64.47000122070312,64.51000213623047,59.56648254394531,3258200,0.0,0.0
2021-06-10 00:00:00-04:00,65.72000122070312,65.87999725341797,63.91999816894531,64.36000061035156,59.4279670715332,1772800,0.0,0.0
2021-06-11 00:00:00-04:00,65.16000366210938,65.79000091552734,64.19000244140625,65.01000213623047,60.028160095214844,1526400,0.0,0.0
2021-06-14 00:00:00-04:00,64.69999694824219,64.80999755859375,62.90999984741211,63.130001068115234,58.292232513427734,2109800,0.0,0.0
2021-06-15 00:00:00-04:00,62.84000015258789,63.36000061035156,61.369998931884766,63.18000030517578,58.3383903503418,2200200,0.0,0.0
2021-06-16 00:00:00-04:00,62.95000076293945,62.95000076293945,60.41999816894531,62.209999084472656,57.4427375793457,2772500,0.0,0.0
2021-06-17 00:00:00-04:00,62.540000915527344,62.79999923706055,57.849998474121094,59.130001068115234,54.598758697509766,3091300,0.0,0.0
2021-06-18 00:00:00-04:00,58.0099983215332,59.400001525878906,57.599998474121094,57.83000183105469,53.398380279541016,3604200,0.0,0.0
2021-06-21 00:00:00-04:00,58.939998626708984,60.43000030517578,58.470001220703125,60.040000915527344,55.439029693603516,2151200,0.0,0.0
2021-06-22 00:00:00-04:00,60.0099983215332,60.650001525878906,59.20000076293945,60.13999938964844,55.53136444091797,1434300,0.0,0.0
2021-06-23 00:00:00-04:00,61.189998626708984,61.56999969482422,59.47999954223633,59.689998626708984,55.115848541259766,1892700,0.0,0.0
2021-06-24 00:00:00-04:00,60.08000183105469,61.400001525878906,59.130001068115234,60.97999954223633,56.30698776245117,1975700,0.0,0.0
2021-06-25 00:00:00-04:00,61.040000915527344,61.119998931884766,60.040000915527344,60.2400016784668,55.623695373535156,2771900,0.0,0.0
2021-06-28 00:00:00-04:00,60.880001068115234,60.91999816894531,58.20000076293945,58.630001068115234,54.137081146240234,2200600,0.0,0.0
2021-06-29 00:00:00-04:00,58.72999954223633,59.869998931884766,58.349998474121094,58.75,54.4895133972168,1692300,0.26,0.0
2021-06-30 00:00:00-04:00,58.630001068115234,59.91999816894531,58.54999923706055,59.599998474121094,55.27787780761719,1647200,0.0,0.0
2021-07-01 00:00:00-04:00,60.43000030517578,61.369998931884766,59.599998474121094,60.90999984741211,56.49287414550781,1875500,0.0,0.0
2021-07-02 00:00:00-04:00,61.040000915527344,61.650001525878906,60.220001220703125,60.720001220703125,56.31665802001953,1441100,0.0,0.0
2021-07-06 00:00:00-04:00,61.040000915527344,61.08000183105469,57.650001525878906,58.220001220703125,53.99795150756836,2368900,0.0,0.0
2021-07-07 00:00:00-04:00,59.43000030517578,61.7400016784668,59.11000061035156,61.220001220703125,56.780399322509766,2857500,0.0,0.0
2021-07-08 00:00:00-04:00,59.290000915527344,60.709999084472656,58.34000015258789,59.959999084472656,55.61176681518555,1781200,0.0,0.0
2021-07-09 00:00:00-04:00,61.25,62.470001220703125,60.68000030517578,61.5,57.04010009765625,1873500,0.0,0.0
2021-07-12 00:00:00-04:00,60.900001525878906,63.18000030517578,60.40999984741211,62.849998474121094,58.29219436645508,1880000,0.0,0.0
2021-07-13 00:00:00-04:00,62.63999938964844,62.7400016784668,60.97999954223633,61.16999816894531,56.7340202331543,1104500,0.0,0.0
2021-07-14 00:00:00-04:00,62.150001525878906,62.58000183105469,60.7400016784668,61.20000076293945,56.76184844970703,1110000,0.0,0.0
2021-07-15 00:00:00-04:00,60.65999984741211,62.97999954223633,60.63999938964844,61.619998931884766,57.15138244628906,1577600,0.0,0.0
2021-07-16 00:00:00-04:00,61.790000915527344,62.029998779296875,59.75,59.880001068115234,55.53757858276367,1843900,0.0,0.0
2021-07-19 00:00:00-04:00,58.0,58.529998779296875,56.59000015258789,57.88999938964844,53.6918830871582,2733600,0.0,0.0
2021-07-20 00:00:00-04:00,56.220001220703125,59.65999984741211,54.900001525878906,59.11000061035156,54.82341003417969,3345400,0.0,0.0
2021-07-21 00:00:00-04:00,59.9900016784668,60.709999084472656,59.18000030517578,59.45000076293945,55.13874435424805,1753300,0.0,0.0
2021-07-22 00:00:00-04:00,59.369998931884766,59.58000183105469,58.0099983215332,59.150001525878906,54.860504150390625,2019500,0.0,0.0
2021-07-23 00:00:00-04:00,59.63999938964844,59.90999984741211,58.279998779296875,59.08000183105469,54.79558563232422,2006700,0.0,0.0
2021-07-26 00:00:00-04:00,59.34000015258789,61.189998626708984,59.0099983215332,61.060001373291016,56.63200378417969,2428700,0.0,0.0
2021-07-27 00:00:00-04:00,60.290000915527344,61.66999816894531,59.040000915527344,61.09000015258789,56.65982437133789,1859300,0.0,0.0
2021-07-28 00:00:00-04:00,61.59000015258789,61.7400016784668,59.33000183105469,61.2599983215332,56.8174934387207,1613700,0.0,0.0
2021-07-29 00:00:00-04:00,62.33000183105469,65.31999969482422,62.22999954223633,64.6500015258789,59.96166229248047,4044900,0.0,0.0
2021-07-30 00:00:00-04:00,64.19999694824219,65.7300033569336,63.810001373291016,64.44999694824219,59.776153564453125,1971200,0.0,0.0
2021-08-02 00:00:00-04:00,64.94000244140625,65.72000122070312,62.83000183105469,62.90999984741211,58.347835540771484,2029800,0.0,0.0
2021-08-03 00:00:00-04:00,63.13999938964844,64.86000061035156,62.31999969482422,64.6500015258789,59.96166229248047,1900900,0.0,0.0
2021-08-04 00:00:00-04:00,64.05999755859375,64.62000274658203,62.95000076293945,62.970001220703125,58.403480529785156,1447100,0.0,0.0
2021-08-05 00:00:00-04:00,62.900001525878906,63.689998626708984,61.43000030517578,61.619998931884766,57.15138244628906,2082500,0.0,0.0
2021-08-06 00:00:00-04:00,62.540000915527344,63.41999816894531,61.70000076293945,62.84000015258789,58.28291320800781,1441800,0.0,0.0
2021-08-09 00:00:00-04:00,62.459999084472656,64.43000030517578,62.02000045776367,64.4000015258789,59.72978973388672,1635900,0.0,0.0
2021-08-10 00:00:00-04:00,64.69000244140625,68.62999725341797,64.58999633789062,68.29000091552734,63.33768844604492,3360900,0.0,0.0
2021-08-11 00:00:00-04:00,69.66999816894531,71.58000183105469,68.19000244140625,71.5199966430664,66.33344268798828,3334500,0.0,0.0
2021-08-12 00:00:00-04:00,71.05000305175781,73.22000122070312,69.94000244140625,72.94000244140625,67.6504898071289,2705900,0.0,0.0
2021-08-13 00:00:00-04:00,72.8499984741211,74.37000274658203,72.33000183105469,73.12000274658203,67.81742858886719,2018800,0.0,0.0
2021-08-16 00:00:00-04:00,71.16000366210938,71.9800033569336,69.3499984741211,71.66999816894531,66.47257995605469,1821500,0.0,0.0
2021-08-17 00:00:00-04:00,71.0999984741211,71.30999755859375,67.41999816894531,68.87000274658203,63.875614166259766,2227300,0.0,0.0
2021-08-18 00:00:00-04:00,68.16999816894531,70.7699966430664,67.9000015258789,69.23999786376953,64.21879577636719,1570000,0.0,0.0
2021-08-19 00:00:00-04:00,66.95999908447266,67.48999786376953,65.29000091552734,67.16000366210938,62.28962707519531,2341300,0.0,0.0
2021-08-20 00:00:00-04:00,67.51000213623047,68.30000305175781,66.08999633789062,66.9800033569336,62.12269592285156,1257700,0.0,0.0
2021-08-23 00:00:00-04:00,68.05000305175781,69.70999908447266,67.66999816894531,68.95999908447266,63.959110260009766,1606700,0.0,0.0
2021-08-24 00:00:00-04:00,70.5,71.6500015258789,70.0199966430664,71.19000244140625,66.02737426757812,1372200,0.0,0.0
2021-08-25 00:00:00-04:00,70.94000244140625,72.0999984741211,70.27999877929688,70.5,65.38742065429688,1143200,0.0,0.0
2021-08-26 00:00:00-04:00,70.41999816894531,70.97000122070312,69.0199966430664,69.12999725341797,64.11678314208984,1626800,0.0,0.0
2021-08-27 00:00:00-04:00,69.7699966430664,71.4800033569336,69.68000030517578,70.91000366210938,65.7676773071289,1642100,0.0,0.0
2021-08-30 00:00:00-04:00,71.25,71.5199966430664,70.20999908447266,70.23999786376953,65.14627075195312,1306600,0.0,0.0
2021-08-31 00:00:00-04:00,70.22000122070312,70.29000091552734,66.93000030517578,67.48999786376953,62.595706939697266,3256500,0.0,0.0
2021-09-01 00:00:00-04:00,67.2699966430664,67.66000366210938,65.0199966430664,67.04000091552734,62.178340911865234,2192100,0.0,0.0
2021-09-02 00:00:00-04:00,67.36000061035156,67.87999725341797,66.72000122070312,67.41999816894531,62.53078842163086,1806700,0.0,0.0
2021-09-03 00:00:00-04:00,67.68000030517578,67.88999938964844,66.4800033569336,66.7699966430664,61.92792510986328,1236800,0.0,0.0
2021-09-07 00:00:00-04:00,66.51000213623047,67.11000061035156,65.86000061035156,66.47000122070312,61.649662017822266,1763400,0.0,0.0
2021-09-08 00:00:00-04:00,66.12999725341797,66.37999725341797,64.66000366210938,65.86000061035156,61.083927154541016,1304900,0.0,0.0
2021-09-09 00:00:00-04:00,65.72000122070312,66.73999786376953,64.9800033569336,65.94999694824219,61.16738510131836,1708900,0.0,0.0
2021-09-10 00:00:00-04:00,66.48999786376953,68.18000030517578,65.66000366210938,65.80000305175781,61.02827453613281,1662300,0.0,0.0
2021-09-13 00:00:00-04:00,66.87999725341797,66.87999725341797,62.52000045776367,63.869998931884766,59.23822021484375,2346700,0.0,0.0
2021-09-14 00:00:00-04:00,64.22000122070312,64.22000122070312,61.900001525878906,61.970001220703125,57.47600173950195,1657700,0.0,0.0
2021-09-15 00:00:00-04:00,64.0999984741211,65.12999725341797,63.36000061035156,65.04000091552734,60.323360443115234,2571800,0.0,0.0
2021-09-16 00:00:00-04:00,63.88999938964844,65.11000061035156,63.15999984741211,63.709999084472656,59.08982849121094,2109900,0.0,0.0
2021-09-17 00:00:00-04:00,63.0,63.119998931884766,61.47999954223633,61.95000076293945,57.45745849609375,5457000,0.0,0.0
2021-09-20 00:00:00-04:00,58.209999084472656,59.189998626708984,56.880001068115234,58.119998931884766,53.90520095825195,4300900,0.0,0.0
2021-09-21 00:00:00-04:00,58.630001068115234,58.84000015258789,55.869998931884766,57.75,53.562034606933594,3216900,0.0,0.0
2021-09-22 00:00:00-04:00,59.18000030517578,60.380001068115234,58.13999938964844,58.189998626708984,53.970123291015625,2376100,0.0,0.0
2021-09-23 00:00:00-04:00,58.86000061035156,60.45000076293945,58.5,59.16999816894531,54.87906265258789,2412100,0.0,0.0
2021-09-24 00:00:00-04:00,59.0,60.709999084472656,58.869998931884766,59.84000015258789,55.50047302246094,1817700,0.0,0.0
2021-09-27 00:00:00-04:00,60.09000015258789,61.869998931884766,60.09000015258789,61.790000915527344,57.30906295776367,1869700,0.0,0.0
2021-09-28 00:00:00-04:00,61.27000045776367,62.43000030517578,60.02000045776367,61.84000015258789,57.35544204711914,1800800,0.0,0.0
2021-09-29 00:00:00-04:00,62.2599983215332,62.810001373291016,59.5,59.54999923706055,55.46469497680664,1750200,0.26,0.0
2021-09-30 00:00:00-04:00,60.08000183105469,60.72999954223633,58.33000183105469,58.47999954223633,54.46811294555664,1819200,0.0,0.0
2021-10-01 00:00:00-04:00,58.349998474121094,58.709999084472656,56.529998779296875,58.290000915527344,54.2911376953125,1601600,0.0,0.0
2021-10-04 00:00:00-04:00,58.31999969482422,59.75,58.22999954223633,58.5099983215332,54.49605178833008,1911700,0.0,0.0
2021-10-05 00:00:00-04:00,58.34000015258789,59.88999938964844,57.79999923706055,59.349998474121094,55.278411865234375,1847500,0.0,0.0
2021-10-06 00:00:00-04:00,58.380001068115234,58.959999084472656,57.02000045776367,57.540000915527344,53.592594146728516,1751000,0.0,0.0
2021-10-07 00:00:00-04:00,58.779998779296875,60.52000045776367,58.5,59.439998626708984,55.36224365234375,1564300,0.0,0.0
2021-10-08 00:00:00-04:00,59.61000061035156,60.220001220703125,58.93000030517578,59.09000015258789,55.036258697509766,1619700,0.0,0.0
2021-10-11 00:00:00-04:00,60.790000915527344,62.2599983215332,60.650001525878906,60.720001220703125,56.554439544677734,1800700,0.0,0.0
2021-10-12 00:00:00-04:00,60.7599983215332,61.7400016784668,60.40999984741211,61.63999938964844,57.411312103271484,1765900,0.0,0.0
2021-10-13 00:00:00-04:00,61.58000183105469,62.119998931884766,60.150001525878906,61.029998779296875,56.84316635131836,1279800,0.0,0.0
2021-10-14 00:00:00-04:00,62.220001220703125,62.7599983215332,61.5,61.66999816894531,57.43925094604492,1577300,0.0,0.0
2021-10-15 00:00:00-04:00,62.95000076293945,63.310001373291016,61.81999969482422,61.880001068115234,57.634857177734375,1884100,0.0,0.0
2021-10-18 00:00:00-04:00,59.43000030517578,62.599998474121094,59.310001373291016,62.41999816894531,58.13780975341797,2941600,0.0,0.0
2021-10-19 00:00:00-04:00,62.369998931884766,64.55000305175781,60.72999954223633,63.5,59.14371871948242,4486000,0.0,0.0
2021-10-20 00:00:00-04:00,63.400001525878906,66.22000122070312,63.220001220703125,65.05999755859375,60.59669876098633,2547800,0.0,0.0
2021-10-21 00:00:00-04:00,63.77000045776367,63.9900016784668,61.54999923706055,63.06999969482422,58.74321746826172,2378100,0.0,0.0
2021-10-22 00:00:00-04:00,63.9900016784668,64.44999694824219,62.540000915527344,63.5,59.14371871948242,1397000,0.0,0.0
2021-10-25 00:00:00-04:00,64.37999725341797,67.72000122070312,63.880001068115234,67.08999633789062,62.4874382019043,2539800,0.0,0.0
2021-10-26 00:00:00-04:00,67.29000091552734,68.91000366210938,66.12999725341797,67.27999877929688,62.66441345214844,1915200,0.0,0.0
2021-10-27 00:00:00-04:00,66.37000274658203,67.75,64.51000213623047,64.55999755859375,60.1309928894043,1855300,0.0,0.0
2021-10-28 00:00:00-04:00,65.11000061035156,66.2699966430664,64.9000015258789,65.48999786376953,60.997196197509766,1361600,0.0,0.0
2021-10-29 00:00:00-04:00,66.06999969482422,67.66000366210938,65.73999786376953,66.08000183105469,61.54673767089844,1914800,0.0,0.0
2021-11-01 00:00:00-04:00,66.95999908447266,66.98999786376953,63.709999084472656,64.20999908447266,59.80500030517578,2360800,0.0,0.0
2021-11-02 00:00:00-04:00,63.79999923706055,63.79999923706055,62.22999954223633,62.7400016784668,58.435855865478516,1935800,0.0,0.0
2021-11-03 00:00:00-04:00,63.029998779296875,64.02999877929688,62.5,63.599998474121094,59.236854553222656,1410700,0.0,0.0
2021-11-04 00:00:00-04:00,64.01000213623047,65.75,63.90999984741211,64.27999877929688,59.870208740234375,1301400,0.0,0.0
2021-11-05 00:00:00-04:00,64.80999755859375,66.05999755859375,64.41999816894531,65.04000091552734,60.57806396484375,1618100,0.0,0.0
2021-11-08 00:00:00-05:00,67.5,68.47000122070312,66.25,66.86000061035156,62.2732048034668,1657600,0.0,0.0
2021-11-09 00:00:00-05:00,66.26000213623047,67.19999694824219,64.86000061035156,65.7300033569336,61.220733642578125,1552600,0.0,0.0
2021-11-10 00:00:00-05:00,65.33000183105469,66.20999908447266,64.16999816894531,64.69000244140625,60.252079010009766,1265800,0.0,0.0
2021-11-11 00:00:00-05:00,65.77999877929688,67.7699966430664,65.3499984741211,66.25,61.705055236816406,1577600,0.0,0.0
2021-11-12 00:00:00-05:00,65.7300033569336,66.97000122070312,65.7300033569336,66.16000366210938,61.621238708496094,1010400,0.0,0.0
2021-11-15 00:00:00-05:00,66.01000213623047,66.05000305175781,64.30999755859375,65.4800033569336,60.987884521484375,1649800,0.0,0.0
2021-11-16 00:00:00-05:00,65.4800033569336,65.91999816894531,63.650001525878906,65.36000061035156,60.87611389160156,1612500,0.0,0.0
2021-11-17 00:00:00-05:00,64.31999969482422,65.19999694824219,62.95000076293945,62.959999084472656,58.64076232910156,2014400,0.0,0.0
2021-11-18 00:00:00-05:00,62.599998474121094,63.959999084472656,62.5099983215332,63.61000061035156,59.24616622924805,1189400,0.0,0.0
2021-11-19 00:00:00-05:00,63.0,64.12999725341797,62.61000061035156,63.11000061035156,58.78046798706055,1441100,0.0,0.0
2021-11-22 00:00:00-05:00,64.06999969482422,69.0199966430664,63.959999084472656,67.02999877929688,62.431541442871094,2452100,0.0,0.0
2021-11-23 00:00:00-05:00,67.69000244140625,68.63999938964844,66.30000305175781,67.48999786376953,62.85999298095703,1717200,0.0,0.0
2021-11-24 00:00:00-05:00,67.04000091552734,67.6500015258789,65.08999633789062,65.1500015258789,60.68052291870117,1374200,0.0,0.0
2021-11-26 00:00:00-05:00,62.5,64.56999969482422,60.88999938964844,63.5099983215332,59.15303039550781,1578000,0.0,0.0
2021-11-29 00:00:00-05:00,63.560001373291016,64.36000061035156,61.119998931884766,61.400001525878906,57.18778991699219,1774200,0.0,0.0
2021-11-30 00:00:00-05:00,61.0,61.470001220703125,59.400001525878906,59.79999923706055,55.697547912597656,3431000,0.0,0.0
2021-12-01 00:00:00-05:00,61.599998474121094,62.47999954223633,59.060001373291016,59.09000015258789,55.036258697509766,1990100,0.0,0.0
2021-12-02 00:00:00-05:00,59.88999938964844,60.93000030517578,58.91999816894531,59.599998474121094,55.51128005981445,1736700,0.0,0.0
2021-12-03 00:00:00-05:00,59.95000076293945,61.459999084472656,58.88999938964844,59.369998931884766,55.29704284667969,1720900,0.0,0.0
2021-12-06 00:00:00-05:00,59.79999923706055,61.099998474121094,59.560001373291016,60.0,55.88383102416992,1670900,0.0,0.0
2021-12-07 00:00:00-05:00,61.41999816894531,63.400001525878906,60.97999954223633,62.189998626708984,57.923583984375,2075900,0.0,0.0
2021-12-08 00:00:00-05:00,62.439998626708984,62.66999816894531,60.83000183105469,61.25,57.04806900024414,1392800,0.0,0.0
2021-12-09 00:00:00-05:00,60.38999938964844,61.220001220703125,59.599998474121094,61.060001373291016,56.87110900878906,1466300,0.0,0.0
2021-12-10 00:00:00-05:00,61.630001068115234,61.84000015258789,59.27000045776367,60.06999969482422,55.94902801513672,1686600,0.0,0.0
2021-12-13 00:00:00-05:00,60.369998931884766,60.61000061035156,58.38999938964844,59.79999923706055,55.697547912597656,1792500,0.0,0.0
2021-12-14 00:00:00-05:00,59.93000030517578,62.58000183105469,59.709999084472656,61.380001068115234,57.169158935546875,2515600,0.0,0.0
2021-12-15 00:00:00-05:00,60.34000015258789,60.34000015258789,56.91999816894531,58.81999969482422,54.7847785949707,2498200,0.0,0.0
2021-12-16 00:00:00-05:00,59.599998474121094,63.11000061035156,59.529998779296875,62.400001525878906,58.119178771972656,2467300,0.0,0.0
2021-12-17 00:00:00-05:00,61.7599983215332,63.84000015258789,60.61000061035156,62.34000015258789,58.06330871582031,5060400,0.0,0.0
2021-12-20 00:00:00-05:00,60.869998931884766,61.33000183105469,58.90999984741211,59.31999969482422,55.250484466552734,1993500,0.0,0.0
2021-12-21 00:00:00-05:00,60.34000015258789,61.380001068115234,59.849998474121094,61.08000183105469,56.88973617553711,1213400,0.0,0.0
2021-12-22 00:00:00-05:00,61.13999938964844,62.08000183105469,60.70000076293945,61.45000076293945,57.23435592651367,1037800,0.0,0.0
2021-12-23 00:00:00-05:00,61.90999984741211,61.90999984741211,60.75,61.650001525878906,57.420631408691406,1034000,0.0,0.0
2021-12-27 00:00:00-05:00,61.880001068115234,62.779998779296875,61.099998474121094,62.7400016784668,58.435855865478516,680400,0.0,0.0
2021-12-28 00:00:00-05:00,61.880001068115234,62.90999984741211,61.47999954223633,62.29999923706055,58.026039123535156,815400,0.0,0.0
2021-12-29 00:00:00-05:00,62.29999923706055,62.83000183105469,61.58000183105469,62.369998931884766,58.09123992919922,1183600,0.0,0.0
2021-12-30 00:00:00-05:00,62.310001373291016,62.95000076293945,61.79999923706055,61.880001068115234,57.87611389160156,651000,0.26,0.0
2021-12-31 00:00:00-05:00,62.130001068115234,62.25,61.47999954223633,62.06999969482422,58.053829193115234,645000,0.0,0.0
2022-01-03 00:00:00-05:00,62.33000183105469,63.209999084472656,61.31999969482422,61.65999984741211,57.67036819458008,1580500,0.0,0.0
2022-01-04 00:00:00-05:00,62.29999923706055,63.810001373291016,62.0099983215332,63.52000045776367,59.41001510620117,1721300,0.0,0.0
2022-01-05 00:00:00-05:00,64.18000030517578,68.16999816894531,63.84000015258789,65.95999908447266,61.6921272277832,2296800,0.0,0.0
2022-01-06 00:00:00-05:00,66.88999938964844,66.91999816894531,63.66999816894531,64.05000305175781,59.90571594238281,1573000,0.0,0.0
2022-01-07 00:00:00-05:00,64.4000015258789,64.91000366210938,61.45000076293945,62.310001373291016,58.27830123901367,1943900,0.0,0.0
2022-01-10 00:00:00-05:00,62.84000015258789,63.279998779296875,59.709999084472656,60.59000015258789,56.669593811035156,2027900,0.0,0.0
2022-01-11 00:00:00-05:00,59.09000015258789,60.9900016784668,58.18000030517578,60.970001220703125,57.02500534057617,1995200,0.0,0.0
2022-01-12 00:00:00-05:00,62.209999084472656,63.84000015258789,62.0,63.599998474121094,59.48482894897461,1713900,0.0,0.0
2022-01-13 00:00:00-05:00,63.31999969482422,64.19999694824219,62.349998474121094,62.81999969482422,58.755306243896484,1364000,0.0,0.0
2022-01-14 00:00:00-05:00,62.41999816894531,63.04999923706055,61.47999954223633,62.209999084472656,58.18476867675781,1285000,0.0,0.0
2022-01-18 00:00:00-05:00,61.619998931884766,61.689998626708984,59.70000076293945,59.900001525878906,56.02423858642578,1480200,0.0,0.0
2022-01-19 00:00:00-05:00,61.5,62.34000015258789,58.52000045776367,58.959999084472656,55.145050048828125,1986100,0.0,0.0
2022-01-20 00:00:00-05:00,59.529998779296875,61.65999984741211,56.91999816894531,56.959999084472656,53.27446365356445,3288600,0.0,0.0
2022-01-21 00:00:00-05:00,56.33000183105469,56.33000183105469,52.33000183105469,52.45000076293945,49.0562858581543,4178300,0.0,0.0
2022-01-24 00:00:00-05:00,50.91999816894531,55.060001373291016,50.540000915527344,54.70000076293945,51.16069412231445,5799500,0.0,0.0
2022-01-25 00:00:00-05:00,51.47999954223633,55.43000030517578,51.439998626708984,54.119998931884766,50.61821746826172,5980100,0.0,0.0
2022-01-26 00:00:00-05:00,55.2400016784668,55.630001068115234,52.2599983215332,53.119998931884766,49.682926177978516,3589100,0.0,0.0
2022-01-27 00:00:00-05:00,54.310001373291016,56.5,54.0,54.34000015258789,50.82398986816406,3554100,0.0,0.0
2022-01-28 00:00:00-05:00,54.439998626708984,54.93000030517578,52.81999969482422,54.91999816894531,51.36646270751953,2155400,0.0,0.0
2022-01-31 00:00:00-05:00,54.5,56.560001373291016,54.45000076293945,55.52000045776367,51.92763137817383,2874400,0.0,0.0
2022-02-01 00:00:00-05:00,56.630001068115234,57.880001068115234,56.45000076293945,57.61000061035156,53.882408142089844,2214000,0.0,0.0
2022-02-02 00:00:00-05:00,57.47999954223633,59.849998474121094,56.5,59.16999816894531,55.34147262573242,2097800,0.0,0.0
2022-02-03 00:00:00-05:00,58.470001220703125,60.5,57.83000183105469,58.869998931884766,55.060874938964844,1933000,0.0,0.0
2022-02-04 00:00:00-05:00,58.400001525878906,59.810001373291016,58.2400016784668,58.939998626708984,55.1263542175293,1342900,0.0,0.0
2022-02-07 00:00:00-05:00,59.619998931884766,59.86000061035156,56.86000061035156,58.33000183105469,54.555816650390625,1596500,0.0,0.0
2022-02-08 00:00:00-05:00,58.9900016784668,61.13999938964844,58.54999923706055,60.599998474121094,56.6789436340332,2545000,0.0,0.0
2022-02-09 00:00:00-05:00,60.7599983215332,62.779998779296875,60.119998931884766,62.54999923706055,58.502769470214844,1790500,0.0,0.0
2022-02-10 00:00:00-05:00,61.70000076293945,62.90999984741211,60.95000076293945,61.34000015258789,57.37105941772461,1904800,0.0,0.0
2022-02-11 00:00:00-05:00,60.79999923706055,62.13999938964844,59.95000076293945,60.709999084472656,56.781829833984375,2474400,0.0,0.0
2022-02-14 00:00:00-05:00,60.810001373291016,61.93000030517578,60.25,61.61000061035156,57.623592376708984,2237600,0.0,0.0
2022-02-15 00:00:00-05:00,61.63999938964844,64.12999725341797,60.349998474121094,63.779998779296875,59.653175354003906,2147200,0.0,0.0
2022-02-16 00:00:00-05:00,63.779998779296875,65.69999694824219,63.310001373291016,64.29000091552734,60.13018035888672,1752400,0.0,0.0
2022-02-17 00:00:00-05:00,63.810001373291016,64.55000305175781,62.95000076293945,63.2400016784668,59.14812469482422,1328000,0.0,0.0
2022-02-18 00:00:00-05:00,63.619998931884766,64.80999755859375,63.349998474121094,63.95000076293945,59.812198638916016,1951100,0.0,0.0
2022-02-22 00:00:00-05:00,64.2300033569336,65.44000244140625,62.86000061035156,63.040000915527344,58.961063385009766,2124800,0.0,0.0
2022-02-23 00:00:00-05:00,63.22999954223633,64.2699966430664,61.9900016784668,62.15999984741211,58.13800811767578,1627100,0.0,0.0
2022-02-24 00:00:00-05:00,60.18000030517578,63.459999084472656,59.040000915527344,63.2599983215332,59.16682815551758,2504600,0.0,0.0
2022-02-25 00:00:00-05:00,63.630001068115234,69.12999725341797,63.439998626708984,69.01000213623047,64.54479217529297,2896500,0.0,0.0
2022-02-28 00:00:00-05:00,67.70999908447266,71.94000244140625,67.56999969482422,70.58000183105469,66.01319122314453,4829900,0.0,0.0
2022-03-01 00:00:00-05:00,72.0,75.41000366210938,70.22000122070312,72.16999816894531,67.50032806396484,3488800,0.0,0.0
2022-03-02 00:00:00-05:00,73.41000366210938,75.75,72.0199966430664,75.2300033569336,70.36233520507812,2633800,0.0,0.0
2022-03-03 00:00:00-05:00,75.7300033569336,77.41000366210938,74.63999938964844,77.08999633789062,72.10196685791016,3043700,0.0,0.0
2022-03-04 00:00:00-05:00,75.72000122070312,77.56999969482422,75.12999725341797,77.37999725341797,72.37321472167969,2338400,0.0,0.0
2022-03-07 00:00:00-05:00,77.13999938964844,77.45999908447266,71.77999877929688,72.37999725341797,67.69672393798828,3616900,0.0,0.0
2022-03-08 00:00:00-05:00,71.63999938964844,72.41000366210938,68.80999755859375,69.97000122070312,65.44266510009766,2732300,0.0,0.0
2022-03-09 00:00:00-05:00,70.26000213623047,73.29000091552734,70.05000305175781,71.94999694824219,67.29454803466797,2111800,0.0,0.0
2022-03-10 00:00:00-05:00,71.91000366210938,73.8499984741211,71.13999938964844,72.38999938964844,67.7060775756836,2306600,0.0,0.0
2022-03-11 00:00:00-05:00,72.37999725341797,74.4000015258789,71.5999984741211,72.12000274658203,67.45355224609375,2302500,0.0,0.0
2022-03-14 00:00:00-04:00,71.9000015258789,72.27999877929688,69.44000244140625,71.48999786376953,66.86430358886719,2421700,0.0,0.0
2022-03-15 00:00:00-04:00,70.86000061035156,73.22000122070312,69.52999877929688,73.11000061035156,68.3794937133789,2046600,0.0,0.0
2022-03-16 00:00:00-04:00,74.23999786376953,76.05999755859375,72.19999694824219,75.01000213623047,70.15657043457031,2765800,0.0,0.0
2022-03-17 00:00:00-04:00,76.19999694824219,81.2300033569336,75.13999938964844,81.05999755859375,75.81510925292969,3773300,0.0,0.0
2022-03-18 00:00:00-04:00,79.68000030517578,84.37000274658203,79.0199966430664,84.20999908447266,78.76129150390625,7039900,0.0,0.0
2022-03-21 00:00:00-04:00,85.55000305175781,87.30999755859375,83.08999633789062,85.18000030517578,79.66851043701172,2831000,0.0,0.0
2022-03-22 00:00:00-04:00,86.01000213623047,86.97000122070312,83.12999725341797,84.19999694824219,78.75191497802734,2058400,0.0,0.0
2022-03-23 00:00:00-04:00,84.06999969482422,86.12000274658203,83.4000015258789,85.45999908447266,79.93040466308594,2040800,0.0,0.0
2022-03-24 00:00:00-04:00,85.97000122070312,88.68000030517578,85.97000122070312,88.66000366210938,82.92334747314453,2064500,0.0,0.0
2022-03-25 00:00:00-04:00,87.97000122070312,89.69000244140625,86.70999908447266,89.48999786376953,83.69964599609375,1761600,0.0,0.0
2022-03-28 00:00:00-04:00,88.38999938964844,88.68000030517578,85.69000244140625,87.16999816894531,81.52974700927734,1680500,0.0,0.0
2022-03-29 00:00:00-04:00,84.62000274658203,85.13999938964844,81.2699966430664,84.16000366210938,78.71453094482422,2818400,0.0,0.0
2022-03-30 00:00:00-04:00,85.5199966430664,86.30999755859375,83.02999877929688,83.63999938964844,78.54547119140625,1817200,0.34,0.0
2022-03-31 00:00:00-04:00,84.23999786376953,86.20999908447266,83.20999908447266,83.43000030517578,78.34828186035156,2172900,0.0,0.0
2022-04-01 00:00:00-04:00,84.98999786376953,86.29000091552734,83.69000244140625,84.98999786376953,79.8132553100586,2030600,0.0,0.0
2022-04-04 00:00:00-04:00,84.52999877929688,85.19000244140625,82.83999633789062,83.5999984741211,78.5079116821289,1630700,0.0,0.0
2022-04-05 00:00:00-04:00,83.62999725341797,85.08999633789062,82.05999755859375,82.54000091552734,77.51248931884766,1589100,0.0,0.0
2022-04-06 00:00:00-04:00,82.54000091552734,83.5199966430664,79.69000244140625,82.16999816894531,77.16502380371094,2276800,0.0,0.0
2022-04-07 00:00:00-04:00,81.5199966430664,84.12999725341797,80.87999725341797,83.63999938964844,78.54547119140625,1348200,0.0,0.0
2022-04-08 00:00:00-04:00,84.16999816894531,84.69000244140625,82.80999755859375,83.19999694824219,78.13227844238281,1452500,0.0,0.0
2022-04-11 00:00:00-04:00,83.23999786376953,84.95999908447266,82.44999694824219,83.6500015258789,78.55487060546875,1471800,0.0,0.0
2022-04-12 00:00:00-04:00,85.01000213623047,87.52999877929688,84.0999984741211,84.63999938964844,79.48457336425781,1976500,0.0,0.0
2022-04-13 00:00:00-04:00,85.44000244140625,87.41000366210938,84.19000244140625,87.33999633789062,82.02010345458984,1232500,0.0,0.0
2022-04-14 00:00:00-04:00,87.36000061035156,89.12000274658203,87.33999633789062,88.31999969482422,82.94041442871094,1657500,0.0,0.0
2022-04-18 00:00:00-04:00,88.3499984741211,91.79000091552734,88.33000183105469,90.51000213623047,84.99703979492188,1686100,0.0,0.0
2022-04-19 00:00:00-04:00,90.81999969482422,92.1500015258789,89.16999816894531,91.9800033569336,86.37748718261719,2125000,0.0,0.0
2022-04-20 00:00:00-04:00,91.76000213623047,93.16000366210938,90.44000244140625,91.48999786376953,85.91735076904297,1859500,0.0,0.0
2022-04-21 00:00:00-04:00,93.36000061035156,100.37000274658203,92.37000274658203,93.23999786376953,87.56074523925781,4200100,0.0,0.0
2022-04-22 00:00:00-04:00,93.38999938964844,95.87999725341797,89.02999877929688,89.61000061035156,84.15184783935547,2645500,0.0,0.0
2022-04-25 00:00:00-04:00,87.0,90.13999938964844,84.7300033569336,89.33000183105469,83.88890075683594,2766600,0.0,0.0
2022-04-26 00:00:00-04:00,88.88999938964844,89.87000274658203,87.38999938964844,87.54000091552734,82.20793151855469,2182700,0.0,0.0
2022-04-27 00:00:00-04:00,90.11000061035156,90.4000015258789,87.36000061035156,88.12000274658203,82.75262451171875,2442900,0.0,0.0
2022-04-28 00:00:00-04:00,88.66000366210938,89.94999694824219,86.48999786376953,89.6500015258789,84.18942260742188,2572800,0.0,0.0
2022-04-29 00:00:00-04:00,89.93000030517578,91.8499984741211,85.38999938964844,85.75,80.52696990966797,2544000,0.0,0.0
2022-05-02 00:00:00-04:00,85.26000213623047,85.58999633789062,80.62999725341797,83.62999725341797,78.53608703613281,3195000,0.0,0.0
2022-05-03 00:00:00-04:00,83.54000091552734,86.68000030517578,82.11000061035156,86.36000061035156,81.09980773925781,2520400,0.0,0.0
2022-05-04 00:00:00-04:00,86.41000366210938,89.52999877929688,83.8499984741211,89.51000213623047,84.05794525146484,2301200,0.0,0.0
2022-05-05 00:00:00-04:00,88.87000274658203,89.7300033569336,80.5,81.41000366210938,76.4513168334961,2777600,0.0,0.0
2022-05-06 00:00:00-04:00,81.01000213623047,81.26000213623047,77.54000091552734,79.66000366210938,74.80789947509766,2459000,0.0,0.0
2022-05-09 00:00:00-04:00,77.5999984741211,78.9800033569336,76.08000183105469,77.22000122070312,72.51652526855469,3183900,0.0,0.0
2022-05-10 00:00:00-04:00,78.4000015258789,78.93000030517578,75.8499984741211,77.05000305175781,72.35687255859375,2437200,0.0,0.0
2022-05-11 00:00:00-04:00,77.52999877929688,79.08000183105469,75.0999984741211,75.37000274658203,70.7791976928711,2028700,0.0,0.0
2022-05-12 00:00:00-04:00,73.91000366210938,76.7699966430664,73.31999969482422,74.73999786376953,70.18759155273438,2197500,0.0,0.0
2022-05-13 00:00:00-04:00,75.69999694824219,77.93000030517578,73.87999725341797,74.12999725341797,69.61473083496094,2355800,0.0,0.0
2022-05-16 00:00:00-04:00,75.22000122070312,76.41999816894531,73.44999694824219,75.11000061035156,70.53504180908203,2013600,0.0,0.0
2022-05-17 00:00:00-04:00,77.38999938964844,78.62000274658203,76.0999984741211,78.44999694824219,73.67160034179688,2128100,0.0,0.0
2022-05-18 00:00:00-04:00,77.29000091552734,78.44999694824219,75.44000244140625,75.88999938964844,71.26753997802734,2221400,0.0,0.0
2022-05-19 00:00:00-04:00,75.62000274658203,77.3499984741211,74.69000244140625,75.75,71.13606262207031,2066300,0.0,0.0
2022-05-20 00:00:00-04:00,77.08000183105469,77.91000366210938,74.18000030517578,75.91000366210938,71.28633117675781,2356900,0.0,0.0
2022-05-23 00:00:00-04:00,77.70999908447266,78.94000244140625,76.04000091552734,78.12999725341797,73.37108612060547,1517300,0.0,0.0
2022-05-24 00:00:00-04:00,76.55999755859375,78.55999755859375,76.05000305175781,78.0999984741211,73.3429183959961,1657800,0.0,0.0
2022-05-25 00:00:00-04:00,76.87999725341797,81.04000091552734,76.08000183105469,80.63999938964844,75.72821044921875,2063400,0.0,0.0
2022-05-26 00:00:00-04:00,80.6500015258789,84.88999938964844,80.6500015258789,84.38999938964844,79.24979400634766,1495400,0.0,0.0
2022-05-27 00:00:00-04:00,84.86000061035156,87.95999908447266,84.80999755859375,87.79000091552734,82.44270324707031,1675600,0.0,0.0
2022-05-31 00:00:00-04:00,85.62000274658203,87.22000122070312,83.80000305175781,85.37999725341797,80.17950439453125,5473500,0.0,0.0
2022-06-01 00:00:00-04:00,85.18000030517578,85.80999755859375,81.55000305175781,83.97000122070312,78.85538482666016,2425200,0.0,0.0
2022-06-02 00:00:00-04:00,85.26000213623047,86.94000244140625,83.81999969482422,84.9800033569336,79.80387878417969,1418900,0.0,0.0
2022-06-03 00:00:00-04:00,83.94999694824219,84.54000091552734,82.7699966430664,82.94000244140625,77.88810729980469,1382700,0.0,0.0
2022-06-06 00:00:00-04:00,83.88999938964844,83.91000366210938,81.94000244140625,82.36000061035156,77.34343719482422,1355600,0.0,0.0
2022-06-07 00:00:00-04:00,82.01000213623047,85.94999694824219,81.93000030517578,85.81999969482422,80.59270477294922,1601600,0.0,0.0
2022-06-08 00:00:00-04:00,84.08000183105469,85.5199966430664,80.55000305175781,81.3499984741211,76.39495849609375,1816600,0.0,0.0
2022-06-09 00:00:00-04:00,80.83000183105469,80.94000244140625,76.69000244140625,76.79000091552734,72.11271667480469,2173600,0.0,0.0
2022-06-10 00:00:00-04:00,75.0,76.4800033569336,74.05000305175781,74.12999725341797,69.61473083496094,1657800,0.0,0.0
2022-06-13 00:00:00-04:00,71.55999755859375,72.05999755859375,69.37000274658203,70.58000183105469,66.28097534179688,2300000,0.0,0.0
2022-06-14 00:00:00-04:00,70.51000213623047,71.9800033569336,69.61000061035156,71.0199966430664,66.69416046142578,1939600,0.0,0.0
2022-06-15 00:00:00-04:00,72.43000030517578,74.75,70.7699966430664,72.05000305175781,67.66143798828125,2770000,0.0,0.0
2022-06-16 00:00:00-04:00,70.31999969482422,72.05999755859375,69.22000122070312,69.87000274658203,65.61421966552734,3019700,0.0,0.0
2022-06-17 00:00:00-04:00,71.19999694824219,72.69999694824219,69.44000244140625,71.86000061035156,67.48300170898438,7480100,0.0,0.0
2022-06-21 00:00:00-04:00,74.0199966430664,75.19000244140625,70.56999969482422,70.7300033569336,66.42183685302734,2630700,0.0,0.0
2022-06-22 00:00:00-04:00,68.06999969482422,68.86000061035156,66.93000030517578,67.4000015258789,63.29465866088867,2194800,0.0,0.0
2022-06-23 00:00:00-04:00,67.80999755859375,68.04000091552734,64.37999725341797,65.9800033569336,61.961158752441406,1844000,0.0,0.0
2022-06-24 00:00:00-04:00,67.08999633789062,69.11000061035156,66.5,68.88999938964844,64.69390106201172,2643400,0.0,0.0
2022-06-27 00:00:00-04:00,70.0,70.62000274658203,68.33000183105469,69.29000091552734,65.06952667236328,1309900,0.0,0.0
2022-06-28 00:00:00-04:00,69.66999816894531,70.44000244140625,67.04000091552734,67.36000061035156,63.257102966308594,1639600,0.0,0.0
2022-06-29 00:00:00-04:00,67.30000305175781,68.0,65.44000244140625,66.83000183105469,63.07776641845703,1288700,0.34,0.0
2022-06-30 00:00:00-04:00,65.5,67.25,64.44000244140625,66.1500015258789,62.435943603515625,1633600,0.0,0.0
2022-07-01 00:00:00-04:00,65.29000091552734,67.19999694824219,64.16000366210938,66.2300033569336,62.511470794677734,1591400,0.0,0.0
2022-07-05 00:00:00-04:00,63.93000030517578,64.52999877929688,62.779998779296875,64.5,60.878597259521484,1755900,0.0,0.0
2022-07-06 00:00:00-04:00,63.880001068115234,64.83000183105469,62.439998626708984,64.41000366210938,60.793643951416016,1557400,0.0,0.0
2022-07-07 00:00:00-04:00,67.08999633789062,67.52999877929688,65.54000091552734,66.58000183105469,62.84180450439453,1983300,0.0,0.0
2022-07-08 00:00:00-04:00,67.30999755859375,67.30999755859375,65.26000213623047,66.16000366210938,62.44538116455078,1148500,0.0,0.0
2022-07-11 00:00:00-04:00,65.44000244140625,67.30000305175781,65.11000061035156,65.88999938964844,62.19054412841797,1197000,0.0,0.0
2022-07-12 00:00:00-04:00,65.4800033569336,67.66999816894531,65.3499984741211,65.69999694824219,62.01121139526367,1499900,0.0,0.0
2022-07-13 00:00:00-04:00,65.56999969482422,67.44999694824219,64.77999877929688,67.26000213623047,63.48363494873047,1405400,0.0,0.0
2022-07-14 00:00:00-04:00,64.9000015258789,66.08000183105469,63.81999969482422,65.93000030517578,62.228302001953125,1316600,0.0,0.0
2022-07-15 00:00:00-04:00,66.45999908447266,67.08000183105469,65.2300033569336,67.05999755859375,63.29484939575195,1032200,0.0,0.0
2022-07-18 00:00:00-04:00,68.1500015258789,69.33000183105469,67.3499984741211,67.70999908447266,63.908363342285156,1136300,0.0,0.0
2022-07-19 00:00:00-04:00,65.56999969482422,66.88999938964844,64.2300033569336,66.62000274658203,62.879554748535156,2908800,0.0,0.0
2022-07-20 00:00:00-04:00,67.22000122070312,68.12000274658203,66.06999969482422,68.0999984741211,64.2764663696289,2683500,0.0,0.0
2022-07-21 00:00:00-04:00,68.94000244140625,70.77999877929688,68.25,70.7300033569336,66.75879669189453,3149900,0.0,0.0
2022-07-22 00:00:00-04:00,71.13999938964844,71.94000244140625,65.88999938964844,66.5999984741211,62.860679626464844,2375900,0.0,0.0
2022-07-25 00:00:00-04:00,67.98999786376953,70.16999816894531,67.41000366210938,70.0,66.06978607177734,1962300,0.0,0.0
2022-07-26 00:00:00-04:00,70.01000213623047,70.83999633789062,69.08999633789062,70.4800033569336,66.52284240722656,1703300,0.0,0.0
2022-07-27 00:00:00-04:00,70.87999725341797,73.37999725341797,69.4800033569336,72.83000183105469,68.74088287353516,2010000,0.0,0.0
2022-07-28 00:00:00-04:00,73.23999786376953,74.80000305175781,72.08000183105469,74.16999816894531,70.00566101074219,1940400,0.0,0.0
2022-07-29 00:00:00-04:00,74.87999725341797,78.06999969482422,74.51000213623047,77.87999725341797,73.50736236572266,1746100,0.0,0.0
2022-08-01 00:00:00-04:00,77.02999877929688,78.29000091552734,75.66999816894531,77.37999725341797,73.03543090820312,1252900,0.0,0.0
2022-08-02 00:00:00-04:00,76.66999816894531,78.12999725341797,74.58999633789062,76.55000305175781,72.25202941894531,1996500,0.0,0.0
2022-08-03 00:00:00-04:00,76.37000274658203,77.27999877929688,75.30000305175781,76.36000061035156,72.07270812988281,1435800,0.0,0.0
2022-08-04 00:00:00-04:00,76.70999908447266,78.5999984741211,75.2300033569336,77.4800033569336,73.12980651855469,1627100,0.0,0.0
2022-08-05 00:00:00-04:00,76.31999969482422,79.81999969482422,75.86000061035156,78.77999877929688,74.35682678222656,1025500,0.0,0.0
2022-08-08 00:00:00-04:00,79.30000305175781,80.7699966430664,78.41000366210938,78.75,74.32852172851562,1271200,0.0,0.0
2022-08-09 00:00:00-04:00,78.80999755859375,81.27999877929688,78.38999938964844,81.13999938964844,76.58432006835938,1653400,0.0,0.0
2022-08-10 00:00:00-04:00,82.22000122070312,83.25,81.25,83.01000213623047,78.3493423461914,1329400,0.0,0.0
2022-08-11 00:00:00-04:00,83.73999786376953,85.94000244140625,83.37000274658203,83.48999786376953,78.8023681640625,1363300,0.0,0.0
2022-08-12 00:00:00-04:00,83.38999938964844,85.05999755859375,82.7699966430664,84.61000061035156,79.8594970703125,1100000,0.0,0.0
2022-08-15 00:00:00-04:00,83.45999908447266,83.91999816894531,81.43000030517578,83.55000305175781,78.85901641845703,1373400,0.0,0.0
2022-08-16 00:00:00-04:00,84.3499984741211,85.38999938964844,83.9000015258789,84.6500015258789,79.89725494384766,1178900,0.0,0.0
2022-08-17 00:00:00-04:00,82.73999786376953,83.80999755859375,82.06999969482422,83.04000091552734,78.37763214111328,1221400,0.0,0.0
2022-08-18 00:00:00-04:00,84.12999725341797,85.05000305175781,84.08999633789062,84.43000030517578,79.68960571289062,1031700,0.0,0.0
2022-08-19 00:00:00-04:00,83.26000213623047,83.26000213623047,81.05000305175781,81.80000305175781,77.2072525024414,1471000,0.0,0.0
2022-08-22 00:00:00-04:00,80.4000015258789,81.36000061035156,79.88999938964844,80.25,75.74429321289062,1208500,0.0,0.0
2022-08-23 00:00:00-04:00,81.11000061035156,82.83000183105469,80.73999786376953,81.02999877929688,76.48049926757812,1157600,0.0,0.0
2022-08-24 00:00:00-04:00,80.22000122070312,82.0,79.11000061035156,81.38999938964844,76.82025909423828,1133300,0.0,0.0
2022-08-25 00:00:00-04:00,82.16000366210938,86.93000030517578,82.16000366210938,86.76000213623047,81.88878631591797,3186100,0.0,0.0
2022-08-26 00:00:00-04:00,87.02999877929688,88.62000274658203,85.54000091552734,86.87000274658203,81.99261474609375,2524800,0.0,0.0
2022-08-29 00:00:00-04:00,85.91999816894531,87.58999633789062,84.70999908447266,86.23999786376953,81.3979721069336,1510700,0.0,0.0
2022-08-30 00:00:00-04:00,85.8499984741211,85.8499984741211,80.5999984741211,81.41999816894531,76.84860229492188,2220800,0.0,0.0
2022-08-31 00:00:00-04:00,81.02999877929688,81.68000030517578,79.4800033569336,80.72000122070312,76.18790435791016,2358900,0.0,0.0
2022-09-01 00:00:00-04:00,78.80999755859375,78.80999755859375,75.13999938964844,77.33999633789062,72.9976806640625,2262800,0.0,0.0
2022-09-02 00:00:00-04:00,78.9800033569336,80.1500015258789,77.79000091552734,77.94000244140625,73.5639877319336,1568900,0.0,0.0
2022-09-06 00:00:00-04:00,78.19999694824219,80.02999877929688,77.7699966430664,79.36000061035156,74.90425109863281,1427600,0.0,0.0
2022-09-07 00:00:00-04:00,78.80000305175781,80.04000091552734,77.5999984741211,79.69999694824219,75.22517395019531,1113000,0.0,0.0
2022-09-08 00:00:00-04:00,79.63999938964844,83.12000274658203,79.19999694824219,82.98999786376953,78.33045196533203,1456800,0.0,0.0
2022-09-09 00:00:00-04:00,84.43000030517578,86.94999694824219,84.16000366210938,86.5199966430664,81.66226196289062,1665400,0.0,0.0
2022-09-12 00:00:00-04:00,86.5999984741211,87.29000091552734,83.22000122070312,83.48999786376953,78.8023681640625,1668800,0.0,0.0
2022-09-13 00:00:00-04:00,81.4000015258789,83.27999877929688,80.79000091552734,81.91000366210938,77.31108093261719,2175000,0.0,0.0
2022-09-14 00:00:00-04:00,79.4800033569336,79.63999938964844,73.4000015258789,74.55000305175781,70.36431884765625,3194100,0.0,0.0
2022-09-15 00:00:00-04:00,77.80999755859375,77.86000061035156,75.06999969482422,76.2300033569336,71.94999694824219,2786300,0.0,0.0
2022-09-16 00:00:00-04:00,75.33000183105469,75.87000274658203,74.2300033569336,75.0199966430664,70.80792999267578,4150800,0.0,0.0
2022-09-19 00:00:00-04:00,74.3499984741211,77.43000030517578,73.7300033569336,77.19000244140625,72.85609436035156,1466700,0.0,0.0
2022-09-20 00:00:00-04:00,75.33999633789062,76.08999633789062,74.79000091552734,75.8499984741211,71.5913314819336,1511700,0.0,0.0
2022-09-21 00:00:00-04:00,76.93000030517578,77.56999969482422,74.19999694824219,74.19999694824219,70.03396606445312,1226200,0.0,0.0
2022-09-22 00:00:00-04:00,75.16999816894531,75.91000366210938,72.30000305175781,72.55999755859375,68.48604583740234,1259100,0.0,0.0
2022-09-23 00:00:00-04:00,70.33000183105469,70.95999908447266,69.12000274658203,70.19000244140625,66.24913024902344,1908600,0.0,0.0
2022-09-26 00:00:00-04:00,69.80000305175781,71.5999984741211,69.44999694824219,69.68000030517578,65.76774597167969,1534000,0.0,0.0
2022-09-27 00:00:00-04:00,71.18000030517578,72.0999984741211,69.94000244140625,70.76000213623047,66.78711700439453,1654100,0.0,0.0
2022-09-28 00:00:00-04:00,70.16999816894531,72.98999786376953,69.83000183105469,72.63999938964844,68.56155395507812,1467100,0.0,0.0
2022-09-29 00:00:00-04:00,72.66000366210938,72.66000366210938,69.83000183105469,70.70999908447266,67.05376434326172,1592800,0.34,0.0
2022-09-30 00:00:00-04:00,70.76000213623047,72.52999877929688,70.05000305175781,70.94999694824219,67.28135681152344,1377000,0.0,0.0
2022-10-03 00:00:00-04:00,72.05999755859375,75.94000244140625,72.05999755859375,75.38999938964844,71.49176788330078,1337300,0.0,0.0
2022-10-04 00:00:00-04:00,76.0999984741211,78.12000274658203,75.93000030517578,78.0199966430664,73.98578643798828,1428900,0.0,0.0
2022-10-05 00:00:00-04:00,77.12000274658203,78.43000030517578,76.55000305175781,77.83000183105469,73.80563354492188,1248000,0.0,0.0
2022-10-06 00:00:00-04:00,78.31999969482422,79.56999969482422,76.87000274658203,77.13999938964844,73.15129089355469,2077200,0.0,0.0
2022-10-07 00:00:00-04:00,77.04000091552734,77.5,75.38999938964844,75.88999938964844,71.96592712402344,1143900,0.0,0.0
2022-10-10 00:00:00-04:00,77.1500015258789,78.23999786376953,76.5999984741211,77.72000122070312,73.70130920410156,1082900,0.0,0.0
2022-10-11 00:00:00-04:00,76.58999633789062,80.63999938964844,76.3499984741211,79.11000061035156,75.01941680908203,1874100,0.0,0.0
2022-10-12 00:00:00-04:00,79.12000274658203,79.97000122070312,78.02999877929688,78.87000274658203,74.79183959960938,1182800,0.0,0.0
2022-10-13 00:00:00-04:00,76.68000030517578,81.81999969482422,75.7699966430664,81.0199966430664,76.83067321777344,1787100,0.0,0.0
2022-10-14 00:00:00-04:00,80.88999938964844,81.08000183105469,77.54000091552734,78.05999755859375,74.0237045288086,1217400,0.0,0.0
2022-10-17 00:00:00-04:00,79.02999877929688,81.33000183105469,78.97000122070312,80.0199966430664,75.88238525390625,1404700,0.0,0.0
2022-10-18 00:00:00-04:00,81.4800033569336,82.9800033569336,80.66000366210938,81.73999786376953,77.5134506225586,1176800,0.0,0.0
2022-10-19 00:00:00-04:00,81.7300033569336,82.86000061035156,80.16000366210938,80.68000030517578,76.50825500488281,1616600,0.0,0.0
2022-10-20 00:00:00-04:00,80.66999816894531,87.19000244140625,80.0,85.6500015258789,81.22127532958984,2643900,0.0,0.0
2022-10-21 00:00:00-04:00,86.16999816894531,93.29000091552734,86.08000183105469,92.91999816894531,88.1153564453125,3819600,0.0,0.0
2022-10-24 00:00:00-04:00,92.73999786376953,96.4800033569336,92.55000305175781,96.26000213623047,91.28265380859375,3290000,0.0,0.0
2022-10-25 00:00:00-04:00,94.87999725341797,97.87999725341797,94.31999969482422,97.70999908447266,92.65767669677734,2244300,0.0,0.0
2022-10-26 00:00:00-04:00,97.97000122070312,100.38999938964844,96.41999816894531,98.04000091552734,92.97061920166016,2136900,0.0,0.0
2022-10-27 00:00:00-04:00,98.02999877929688,98.73999786376953,96.0999984741211,97.47000122070312,92.43009185791016,2182700,0.0,0.0
2022-10-28 00:00:00-04:00,95.98999786376953,97.22000122070312,94.06999969482422,94.43000030517578,89.54727935791016,2383300,0.0,0.0
2022-10-31 00:00:00-04:00,93.66999816894531,95.29000091552734,92.87000274658203,94.05000305175781,89.18692779541016,1677900,0.0,0.0
2022-11-01 00:00:00-04:00,96.37000274658203,97.0199966430664,92.87000274658203,96.70999908447266,91.70938110351562,1599400,0.0,0.0
2022-11-02 00:00:00-04:00,95.83999633789062,96.04000091552734,92.19000244140625,92.36000061035156,87.58432006835938,1609600,0.0,0.0
2022-11-03 00:00:00-04:00,91.87999725341797,93.31999969482422,91.13999938964844,91.55000305175781,86.81620025634766,1064600,0.0,0.0
2022-11-04 00:00:00-04:00,95.58000183105469,96.33999633789062,92.86000061035156,95.4000015258789,90.46712493896484,1396300,0.0,0.0
2022-11-07 00:00:00-05:00,95.93000030517578,97.37999725341797,94.91000366210938,95.95999908447266,90.99815368652344,1031600,0.0,0.0
2022-11-08 00:00:00-05:00,96.23999786376953,98.25,95.54000091552734,96.7699966430664,91.76627349853516,1322000,0.0,0.0
2022-11-09 00:00:00-05:00,95.45999908447266,96.56999969482422,91.56999969482422,92.05000305175781,87.29034423828125,1392800,0.0,0.0
2022-11-10 00:00:00-05:00,95.0,96.5,93.4000015258789,96.33999633789062,91.35851287841797,1577200,0.0,0.0
2022-11-11 00:00:00-05:00,100.0,101.91000366210938,96.27999877929688,96.73999786376953,91.73783111572266,1940800,0.0,0.0
2022-11-14 00:00:00-05:00,96.2699966430664,102.97000122070312,95.37999725341797,100.4000015258789,95.2085952758789,1591300,0.0,0.0
2022-11-15 00:00:00-05:00,100.83999633789062,103.0,99.6500015258789,100.4800033569336,95.28445434570312,1843500,0.0,0.0
2022-11-16 00:00:00-05:00,98.66999816894531,100.20999908447266,97.80000305175781,99.30000305175781,94.16548156738281,1032800,0.0,0.0
2022-11-17 00:00:00-05:00,96.70999908447266,101.16999816894531,96.13999938964844,101.01000213623047,95.78705596923828,1285300,0.0,0.0
2022-11-18 00:00:00-05:00,100.91999816894531,101.19999694824219,98.37999725341797,100.63999938964844,95.4361801147461,1051800,0.0,0.0
2022-11-21 00:00:00-05:00,100.33999633789062,104.0,99.7699966430664,103.0199966430664,97.69310760498047,1868500,0.0,0.0
2022-11-22 00:00:00-05:00,103.94999694824219,106.77999877929688,103.29000091552734,106.44000244140625,100.93626403808594,1789300,0.0,0.0
2022-11-23 00:00:00-05:00,105.22000122070312,105.98999786376953,103.4800033569336,103.94999694824219,98.57500457763672,1360000,0.0,0.0
2022-11-25 00:00:00-05:00,103.86000061035156,105.37000274658203,103.36000061035156,103.9800033569336,98.60345458984375,503200,0.0,0.0
2022-11-28 00:00:00-05:00,102.58000183105469,104.77999877929688,101.7699966430664,102.87999725341797,97.56035614013672,1366400,0.0,0.0
2022-11-29 00:00:00-05:00,104.61000061035156,105.19999694824219,102.05000305175781,102.63999938964844,97.33277130126953,1106900,0.0,0.0
2022-11-30 00:00:00-05:00,103.62000274658203,104.02999877929688,100.6500015258789,103.93000030517578,98.55603790283203,2930100,0.0,0.0
2022-12-01 00:00:00-05:00,103.9000015258789,105.45999908447266,102.66000366210938,105.12999725341797,99.69400024414062,1577200,0.0,0.0
2022-12-02 00:00:00-05:00,104.29000091552734,109.62999725341797,103.7699966430664,109.55000305175781,103.88545989990234,2283300,0.0,0.0
2022-12-05 00:00:00-05:00,107.7699966430664,109.44000244140625,105.68000030517578,106.73999786376953,101.22075653076172,2425800,0.0,0.0
2022-12-06 00:00:00-05:00,104.19999694824219,108.94000244140625,104.19999694824219,108.2699966430664,102.67164611816406,2060900,0.0,0.0
2022-12-07 00:00:00-05:00,107.31999969482422,110.3499984741211,106.88999938964844,107.5999984741211,102.03628540039062,1943300,0.0,0.0
2022-12-08 00:00:00-05:00,109.5199966430664,110.73999786376953,108.69999694824219,110.04000091552734,104.35013580322266,2120900,0.0,0.0
2022-12-09 00:00:00-05:00,109.72000122070312,111.19000244140625,108.26000213623047,108.41000366210938,102.80440521240234,1333700,0.0,0.0
2022-12-12 00:00:00-05:00,107.8499984741211,109.94000244140625,106.43000030517578,109.76000213623047,104.0846176147461,1548600,0.0,0.0
2022-12-13 00:00:00-05:00,112.48999786376953,113.12000274658203,109.75,110.37999725341797,104.67253112792969,1809300,0.0,0.0
2022-12-14 00:00:00-05:00,110.04000091552734,110.12999725341797,107.26000213623047,108.66000366210938,103.0414810180664,1639500,0.0,0.0
2022-12-15 00:00:00-05:00,106.41000366210938,106.44000244140625,100.45999908447266,101.91999816894531,96.64999389648438,2638400,0.0,0.0
2022-12-16 00:00:00-05:00,100.31999969482422,103.62000274658203,97.3499984741211,101.0199966430664,95.79652404785156,5312300,0.0,0.0
2022-12-19 00:00:00-05:00,102.4000015258789,104.37000274658203,100.27999877929688,101.54000091552734,96.28965759277344,1982800,0.0,0.0
2022-12-20 00:00:00-05:00,101.6500015258789,105.37000274658203,101.6500015258789,103.19999694824219,97.86380004882812,2462800,0.0,0.0
2022-12-21 00:00:00-05:00,104.08999633789062,107.91000366210938,102.91000366210938,104.81999969482422,99.4000244140625,38999600,0.0,0.0
2022-12-22 00:00:00-05:00,104.6500015258789,104.76000213623047,99.12999725341797,102.8499984741211,97.53190612792969,2710300,0.0,0.0
2022-12-23 00:00:00-05:00,103.5999984741211,104.0999984741211,101.26000213623047,102.58999633789062,97.28533172607422,1423500,0.0,0.0
2022-12-27 00:00:00-05:00,103.0999984741211,104.13999938964844,102.31999969482422,102.9000015258789,97.5793228149414,1144700,0.0,0.0
2022-12-28 00:00:00-05:00,103.01000213623047,103.20999908447266,99.80000305175781,99.88999938964844,94.72493743896484,1137600,0.0,0.0
2022-12-29 00:00:00-05:00,100.0,100.4000015258789,97.94999694824219,98.41000366210938,93.64021301269531,1438300,0.34,0.0
2022-12-30 00:00:00-05:00,98.0999984741211,98.33000183105469,96.70999908447266,97.69999694824219,92.96461486816406,1390400,0.0,0.0
2023-01-03 00:00:00-05:00,97.80000305175781,98.19000244140625,95.0,95.16999816894531,90.55724334716797,2063700,0.0,0.0
2023-01-04 00:00:00-05:00,94.94000244140625,99.33999633789062,94.87000274658203,98.70999908447266,93.92566680908203,2393300,0.0,0.0
2023-01-05 00:00:00-05:00,98.33000183105469,100.29000091552734,96.0199966430664,98.79000091552734,94.00178527832031,2111500,0.0,0.0
2023-01-06 00:00:00-05:00,100.16000366210938,104.62000274658203,99.69999694824219,102.69000244140625,97.71276092529297,1566800,0.0,0.0
2023-01-09 00:00:00-05:00,103.22000122070312,104.37000274658203,101.31999969482422,101.37999725341797,96.46625518798828,1432300,0.0,0.0
2023-01-10 00:00:00-05:00,101.5,107.12999725341797,101.5,106.86000061035156,101.68064880371094,1523000,0.0,0.0
2023-01-11 00:00:00-05:00,106.91000366210938,110.2300033569336,106.91000366210938,110.0,104.66845703125,1657400,0.0,0.0
2023-01-12 00:00:00-05:00,110.44999694824219,111.19999694824219,108.66000366210938,110.37000274658203,105.02053833007812,963100,0.0,0.0
2023-01-13 00:00:00-05:00,109.79000091552734,112.4000015258789,109.37000274658203,111.5199966430664,106.11477661132812,1287300,0.0,0.0
2023-01-17 00:00:00-05:00,111.3499984741211,113.70999908447266,109.2300033569336,110.19000244140625,104.84925842285156,1557700,0.0,0.0
2023-01-18 00:00:00-05:00,110.75,113.45999908447266,108.11000061035156,108.22000122070312,102.97472381591797,1545600,0.0,0.0
2023-01-19 00:00:00-05:00,107.9000015258789,108.8499984741211,105.94999694824219,107.33000183105469,102.12786865234375,1430800,0.0,0.0
2023-01-20 00:00:00-05:00,107.30999755859375,108.19999694824219,106.01000213623047,108.0199966430664,102.78440856933594,1289600,0.0,0.0
2023-01-23 00:00:00-05:00,107.87000274658203,110.19999694824219,106.91000366210938,107.69000244140625,102.47042846679688,1184400,0.0,0.0
2023-01-24 00:00:00-05:00,107.29000091552734,108.43000030517578,105.0199966430664,108.02999877929688,102.7939453125,1441300,0.0,0.0
2023-01-25 00:00:00-05:00,107.06999969482422,111.20999908447266,107.06999969482422,110.41000366210938,105.05859375,1954700,0.0,0.0
2023-01-26 00:00:00-05:00,113.12000274658203,121.76000213623047,111.86000061035156,121.44000244140625,115.55396270751953,3732000,0.0,0.0
2023-01-27 00:00:00-05:00,120.1500015258789,123.69000244140625,117.56999969482422,118.93000030517578,113.1656265258789,2658000,0.0,0.0
2023-01-30 00:00:00-05:00,117.81999969482422,121.22000122070312,117.63999938964844,119.08999633789062,113.31787109375,1830300,0.0,0.0
2023-01-31 00:00:00-05:00,118.16999816894531,120.68000030517578,116.97000122070312,120.63999938964844,114.79273986816406,2011700,0.0,0.0
2023-02-01 00:00:00-05:00,120.63999938964844,126.05000305175781,119.55999755859375,125.31999969482422,119.24591827392578,1733300,0.0,0.0
2023-02-02 00:00:00-05:00,125.30999755859375,125.91999816894531,122.55999755859375,125.8499984741211,119.7502212524414,1704100,0.0,0.0
2023-02-03 00:00:00-05:00,126.05999755859375,132.5,125.86000061035156,128.17999267578125,121.96730041503906,2223700,0.0,0.0
2023-02-06 00:00:00-05:00,127.62999725341797,128.1699981689453,122.47000122070312,123.51000213623047,117.52364349365234,1741800,0.0,0.0
2023-02-07 00:00:00-05:00,123.5999984741211,125.16000366210938,121.26000213623047,123.19999694824219,117.2286605834961,1455600,0.0,0.0
2023-02-08 00:00:00-05:00,122.37000274658203,125.51000213623047,121.88999938964844,124.02999877929688,118.01842498779297,1304500,0.0,0.0
2023-02-09 00:00:00-05:00,124.6500015258789,125.72000122070312,120.68000030517578,121.3499984741211,115.46833801269531,1406200,0.0,0.0
2023-02-10 00:00:00-05:00,120.58000183105469,123.02999877929688,119.7300033569336,122.31999969482422,116.39131927490234,1206600,0.0,0.0
2023-02-13 00:00:00-05:00,122.18000030517578,124.52999877929688,121.06999969482422,123.75,117.75200653076172,1270400,0.0,0.0
2023-02-14 00:00:00-05:00,123.1500015258789,127.19000244140625,122.7300033569336,126.5,120.36872100830078,1264600,0.0,0.0
2023-02-15 00:00:00-05:00,125.12000274658203,125.75,121.56999969482422,125.68000030517578,119.5884780883789,1403000,0.0,0.0
2023-02-16 00:00:00-05:00,125.5,128.4199981689453,125.04000091552734,126.18000030517578,120.06422424316406,1040800,0.0,0.0
2023-02-17 00:00:00-05:00,125.58999633789062,126.0999984741211,123.87000274658203,124.97000122070312,118.91287994384766,1296700,0.0,0.0
2023-02-21 00:00:00-05:00,124.11000061035156,126.77999877929688,121.20999908447266,121.77999877929688,115.87748718261719,1303300,0.0,0.0
2023-02-22 00:00:00-05:00,121.73999786376953,122.55000305175781,120.08000183105469,120.44000244140625,114.60244750976562,1418400,0.0,0.0
2023-02-23 00:00:00-05:00,121.16000366210938,121.83999633789062,116.98999786376953,119.01000213623047,113.24174499511719,1374300,0.0,0.0
2023-02-24 00:00:00-05:00,116.9800033569336,118.5199966430664,115.33999633789062,118.5,112.7564697265625,1563400,0.0,0.0
2023-02-27 00:00:00-05:00,120.83999633789062,123.05999755859375,119.43000030517578,121.33999633789062,115.45882415771484,1769300,0.0,0.0
2023-02-28 00:00:00-05:00,121.83000183105469,127.72000122070312,120.66000366210938,126.11000061035156,119.99761962890625,3346300,0.0,0.0
2023-03-01 00:00:00-05:00,126.8499984741211,130.57000732421875,126.47000122070312,129.1199951171875,122.86173248291016,1871000,0.0,0.0
2023-03-02 00:00:00-05:00,128.38999938964844,133.30999755859375,127.81999969482422,132.88999938964844,126.44900512695312,1628400,0.0,0.0
2023-03-03 00:00:00-05:00,133.0399932861328,136.4499969482422,132.27000427246094,136.05999755859375,129.46536254882812,1775900,0.0,0.0
2023-03-06 00:00:00-05:00,135.5,136.4600067138672,130.4600067138672,131.97999572753906,125.58312225341797,1993800,0.0,0.0
2023-03-07 00:00:00-05:00,131.42999267578125,133.32000732421875,130.63999938964844,130.99000549316406,124.64109802246094,1270000,0.0,0.0
2023-03-08 00:00:00-05:00,130.6999969482422,132.72999572753906,129.50999450683594,132.61000061035156,126.18256378173828,1320800,0.0,0.0
2023-03-09 00:00:00-05:00,131.6999969482422,133.64999389648438,127.7699966430664,128.19000244140625,121.97681427001953,1334200,0.0,0.0
2023-03-10 00:00:00-05:00,128.0800018310547,128.0800018310547,119.4800033569336,120.36000061035156,114.52631378173828,2180600,0.0,0.0
2023-03-13 00:00:00-04:00,118.06999969482422,118.83000183105469,115.08000183105469,117.08000183105469,111.40530395507812,2346700,0.0,0.0
2023-03-14 00:00:00-04:00,118.7300033569336,120.81999969482422,114.76000213623047,116.29000091552734,110.6535873413086,2141500,0.0,0.0
2023-03-15 00:00:00-04:00,112.62999725341797,112.95999908447266,99.94999694824219,101.75,96.81834411621094,6186700,0.0,0.0
2023-03-16 00:00:00-04:00,100.01000213623047,106.79000091552734,99.52999877929688,106.2699966430664,101.1192398071289,3746500,0.0,0.0
2023-03-17 00:00:00-04:00,105.45999908447266,105.87999725341797,103.0999984741211,103.91000366210938,98.87362670898438,6183000,0.0,0.0
2023-03-20 00:00:00-04:00,104.98999786376953,108.51000213623047,103.31999969482422,107.66999816894531,102.45137023925781,3283400,0.0,0.0
2023-03-21 00:00:00-04:00,110.12000274658203,112.5,109.08999633789062,111.05000305175781,105.66754913330078,2978800,0.0,0.0
2023-03-22 00:00:00-04:00,110.0,111.08999633789062,107.08000183105469,107.2699966430664,102.07077026367188,1387200,0.0,0.0
2023-03-23 00:00:00-04:00,107.6500015258789,111.05000305175781,105.94999694824219,107.5,102.28964233398438,1414500,0.0,0.0
2023-03-24 00:00:00-04:00,104.97000122070312,109.77999877929688,103.3499984741211,108.38999938964844,103.1364974975586,1539300,0.0,0.0
2023-03-27 00:00:00-04:00,109.91999816894531,111.4000015258789,108.4800033569336,110.69000244140625,105.32501983642578,1927300,0.0,0.0
2023-03-28 00:00:00-04:00,110.58000183105469,111.68000030517578,108.91000366210938,109.2300033569336,103.93577575683594,1168900,0.0,0.0
2023-03-29 00:00:00-04:00,110.9000015258789,111.19999694824219,108.30000305175781,110.45999908447266,105.10615539550781,1421200,0.0,0.0
2023-03-30 00:00:00-04:00,111.9000015258789,113.02999877929688,110.94999694824219,111.3499984741211,106.36225891113281,943000,0.425,0.0
2023-03-31 00:00:00-04:00,112.13999938964844,113.47000122070312,111.12000274658203,113.05999755859375,107.99565124511719,1433500,0.0,0.0
2023-04-03 00:00:00-04:00,113.06999969482422,114.05999755859375,111.19000244140625,113.16999816894531,108.10073852539062,1508800,0.0,0.0
2023-04-04 00:00:00-04:00,112.33000183105469,113.12999725341797,101.93000030517578,103.29000091552734,98.66328430175781,2820000,0.0,0.0
2023-04-05 00:00:00-04:00,100.7300033569336,104.6500015258789,100.62000274658203,103.22000122070312,98.596435546875,2424500,0.0,0.0
2023-04-06 00:00:00-04:00,103.16999816894531,104.23999786376953,101.19000244140625,103.43000030517578,98.7970199584961,1669400,0.0,0.0
2023-04-10 00:00:00-04:00,104.0,107.98999786376953,104.0,106.31999969482422,101.55757141113281,1512200,0.0,0.0
2023-04-11 00:00:00-04:00,107.91999816894531,108.47000122070312,106.86000061035156,108.01000213623047,103.17186737060547,1615700,0.0,0.0
2023-04-12 00:00:00-04:00,108.36000061035156,109.3499984741211,106.44000244140625,106.56999969482422,101.79637908935547,2082700,0.0,0.0
2023-04-13 00:00:00-04:00,106.79000091552734,106.91999816894531,104.37000274658203,105.19999694824219,100.48774719238281,2006000,0.0,0.0
2023-04-14 00:00:00-04:00,105.06999969482422,105.83000183105469,103.4800033569336,104.45999908447266,99.78089141845703,1118500,0.0,0.0
2023-04-17 00:00:00-04:00,105.23999786376953,106.29000091552734,104.52999877929688,106.04000091552734,101.29010772705078,1249900,0.0,0.0
2023-04-18 00:00:00-04:00,106.33000183105469,108.25,106.33000183105469,107.48999786376953,102.67516326904297,1491800,0.0,0.0
2023-04-19 00:00:00-04:00,107.04000091552734,107.44999694824219,104.16999816894531,106.22000122070312,101.46204376220703,1404900,0.0,0.0
2023-04-20 00:00:00-04:00,103.0199966430664,115.12000274658203,103.0199966430664,111.45999908447266,106.46733093261719,3647300,0.0,0.0
2023-04-21 00:00:00-04:00,110.43000030517578,110.5999984741211,106.52999877929688,110.05000305175781,105.12049102783203,1820500,0.0,0.0
2023-04-24 00:00:00-04:00,109.72000122070312,110.69000244140625,108.51000213623047,109.04000091552734,104.15573120117188,1448200,0.0,0.0
2023-04-25 00:00:00-04:00,107.06999969482422,107.58000183105469,103.97000122070312,104.0,99.34148406982422,1788900,0.0,0.0
2023-04-26 00:00:00-04:00,103.94000244140625,104.72000122070312,101.7300033569336,102.16000366210938,97.58391571044922,1621800,0.0,0.0
2023-04-27 00:00:00-04:00,102.76000213623047,104.66000366210938,101.37999725341797,104.37000274658203,99.69493103027344,1375200,0.0,0.0
2023-04-28 00:00:00-04:00,103.37999725341797,104.05000305175781,102.38999938964844,103.94999694824219,99.29370880126953,1246900,0.0,0.0
2023-05-01 00:00:00-04:00,103.9000015258789,105.38999938964844,103.5,104.43000030517578,99.75223541259766,1393400,0.0,0.0
2023-05-02 00:00:00-04:00,103.7699966430664,104.12000274658203,100.33999633789062,103.13999938964844,98.52001953125,1455200,0.0,0.0
2023-05-03 00:00:00-04:00,103.87000274658203,105.8499984741211,101.94000244140625,102.05999755859375,97.48839569091797,1266200,0.0,0.0
2023-05-04 00:00:00-04:00,101.43000030517578,102.0,95.88999938964844,96.37000274658203,92.05326843261719,1913500,0.0,0.0
2023-05-05 00:00:00-04:00,98.0,101.13999938964844,97.93000030517578,98.19999694824219,93.8012924194336,1813900,0.0,0.0
2023-05-08 00:00:00-04:00,100.44999694824219,101.26000213623047,97.41999816894531,97.87999725341797,93.49561309814453,1501300,0.0,0.0
2023-05-09 00:00:00-04:00,96.98999786376953,98.44000244140625,96.30000305175781,97.5199966430664,93.1517562866211,1310400,0.0,0.0
2023-05-10 00:00:00-04:00,99.5199966430664,100.36000061035156,94.72000122070312,96.4800033569336,92.15834045410156,1831400,0.0,0.0
2023-05-11 00:00:00-04:00,94.30000305175781,97.31999969482422,93.75,96.98999786376953,92.6454849243164,1607100,0.0,0.0
2023-05-12 00:00:00-04:00,98.1500015258789,98.5,96.5,97.19999694824219,92.8460922241211,1312500,0.0,0.0
2023-05-15 00:00:00-04:00,97.87000274658203,98.45999908447266,97.05999755859375,98.0199966430664,93.62934112548828,936600,0.0,0.0
2023-05-16 00:00:00-04:00,97.33000183105469,98.01000213623047,95.27999877929688,95.4800033569336,91.20313262939453,1397400,0.0,0.0
2023-05-17 00:00:00-04:00,97.33000183105469,97.73999786376953,96.41000366210938,96.6500015258789,92.32071685791016,1814600,0.0,0.0
2023-05-18 00:00:00-04:00,95.55999755859375,98.02999877929688,94.87999725341797,97.80999755859375,93.42874908447266,1633600,0.0,0.0
2023-05-19 00:00:00-04:00,98.83000183105469,99.20999908447266,96.3499984741211,97.05999755859375,92.71234893798828,1295400,0.0,0.0
2023-05-22 00:00:00-04:00,97.70999908447266,98.30999755859375,96.56999969482422,97.19000244140625,92.83653259277344,1499100,0.0,0.0
2023-05-23 00:00:00-04:00,94.97000122070312,96.05999755859375,91.94000244140625,95.83999633789062,91.54700469970703,2341300,0.0,0.0
2023-05-24 00:00:00-04:00,94.94999694824219,94.98999786376953,92.73999786376953,93.25,89.07302856445312,1352400,0.0,0.0
2023-05-25 00:00:00-04:00,93.04000091552734,95.08000183105469,92.83000183105469,94.7300033569336,90.48672485351562,1353800,0.0,0.0
2023-05-26 00:00:00-04:00,96.04000091552734,96.41000366210938,94.20999908447266,95.6500015258789,91.36551666259766,1285400,0.0,0.0
2023-05-30 00:00:00-04:00,95.0999984741211,95.54000091552734,92.12999725341797,93.02999877929688,88.86286926269531,1454400,0.0,0.0
2023-05-31 00:00:00-04:00,91.69999694824219,92.66999816894531,90.55000305175781,91.9000015258789,87.78350067138672,3453600,0.0,0.0
2023-06-01 00:00:00-04:00,92.05000305175781,93.30999755859375,90.87999725341797,92.16999816894531,88.04139709472656,1626400,0.0,0.0
2023-06-02 00:00:00-04:00,95.1500015258789,98.1500015258789,94.79000091552734,97.70999908447266,93.33324432373047,1770100,0.0,0.0
2023-06-05 00:00:00-04:00,98.04000091552734,99.08999633789062,95.54000091552734,97.68000030517578,93.30458068847656,1497500,0.0,0.0
2023-06-06 00:00:00-04:00,96.69999694824219,99.5,96.69999694824219,99.30000305175781,94.8520278930664,1061500,0.0,0.0
2023-06-07 00:00:00-04:00,99.30000305175781,101.87999725341797,99.30000305175781,101.37000274658203,96.82929992675781,1171000,0.0,0.0
2023-06-08 00:00:00-04:00,102.0,102.79000091552734,99.26000213623047,100.36000061035156,95.8645248413086,986500,0.0,0.0
2023-06-09 00:00:00-04:00,100.41999816894531,101.43000030517578,98.62000274658203,99.22000122070312,94.77558898925781,1554200,0.0,0.0
2023-06-12 00:00:00-04:00,98.41000366210938,102.30000305175781,97.83999633789062,101.05000305175781,96.52362823486328,1569400,0.0,0.0
2023-06-13 00:00:00-04:00,103.37000274658203,107.26000213623047,102.76000213623047,107.0999984741211,102.30261993408203,1921900,0.0,0.0
2023-06-14 00:00:00-04:00,109.12000274658203,109.56999969482422,104.01000213623047,104.69000244140625,100.0005874633789,2031600,0.0,0.0
2023-06-15 00:00:00-04:00,103.7699966430664,106.02999877929688,103.76000213623047,105.95999908447266,101.21369171142578,1220600,0.0,0.0
2023-06-16 00:00:00-04:00,103.41000366210938,104.12999725341797,100.81999969482422,102.52999877929688,97.93733978271484,7402500,0.0,0.0
2023-06-20 00:00:00-04:00,101.0999984741211,101.63999938964844,99.68000030517578,100.9800033569336,96.45677185058594,1614800,0.0,0.0
2023-06-21 00:00:00-04:00,100.05000305175781,103.4800033569336,100.05000305175781,102.11000061035156,97.53616333007812,1314600,0.0,0.0
2023-06-22 00:00:00-04:00,102.11000061035156,103.19000244140625,100.58000183105469,102.41999816894531,97.83226013183594,1171200,0.0,0.0
2023-06-23 00:00:00-04:00,101.08999633789062,103.9800033569336,100.43000030517578,102.68000030517578,98.08061218261719,2668700,0.0,0.0
2023-06-26 00:00:00-04:00,103.45999908447266,106.19000244140625,103.3499984741211,103.72000122070312,99.07403564453125,1105900,0.0,0.0
2023-06-27 00:00:00-04:00,104.77999877929688,107.58999633789062,104.22000122070312,106.7300033569336,101.94920349121094,1449800,0.0,0.0
2023-06-28 00:00:00-04:00,106.1500015258789,107.13999938964844,104.5999984741211,106.97000122070312,102.17845153808594,1283400,0.0,0.0
2023-06-29 00:00:00-04:00,106.72000122070312,109.48999786376953,106.38999938964844,109.13999938964844,104.6670913696289,1095100,0.425,0.0
2023-06-30 00:00:00-04:00,109.68000030517578,109.81999969482422,107.55999755859375,108.93000030517578,104.4656982421875,1048500,0.0,0.0
2023-07-03 00:00:00-04:00,108.93000030517578,111.70999908447266,108.41999816894531,110.77999877929688,106.23988342285156,765600,0.0,0.0
2023-07-05 00:00:00-04:00,106.29000091552734,108.91999816894531,104.66000366210938,105.25,100.9365234375,1772100,0.0,0.0
2023-07-06 00:00:00-04:00,103.73999786376953,105.69000244140625,101.80999755859375,104.0199966430664,99.75692749023438,1657800,0.0,0.0
2023-07-07 00:00:00-04:00,105.08000183105469,106.94000244140625,104.16999816894531,105.16000366210938,100.85022735595703,1592900,0.0,0.0
2023-07-10 00:00:00-04:00,103.5,106.30000305175781,103.01000213623047,105.20999908447266,100.89815521240234,917400,0.0,0.0
2023-07-11 00:00:00-04:00,105.36000061035156,107.25,105.36000061035156,106.80000305175781,102.42298889160156,1029000,0.0,0.0
2023-07-12 00:00:00-04:00,109.0,109.2699966430664,106.88999938964844,106.95999908447266,102.5764389038086,1052200,0.0,0.0
2023-07-13 00:00:00-04:00,107.37000274658203,108.55000305175781,106.56999969482422,107.88999938964844,103.46834564208984,912600,0.0,0.0
2023-07-14 00:00:00-04:00,107.83000183105469,107.83000183105469,104.91999816894531,106.36000061035156,102.00103759765625,823700,0.0,0.0
2023-07-17 00:00:00-04:00,105.86000061035156,107.5,105.86000061035156,106.94000244140625,102.55726623535156,922900,0.0,0.0
2023-07-18 00:00:00-04:00,106.62000274658203,108.87000274658203,106.31999969482422,108.72000122070312,104.26431274414062,983200,0.0,0.0
2023-07-19 00:00:00-04:00,108.38999938964844,108.38999938964844,104.69999694824219,105.30000305175781,100.98448944091797,1661400,0.0,0.0
2023-07-20 00:00:00-04:00,105.30000305175781,105.38999938964844,100.12000274658203,102.16999816894531,97.98274993896484,2119700,0.0,0.0
2023-07-21 00:00:00-04:00,102.80000305175781,103.4800033569336,100.16999816894531,100.30000305175781,96.18939971923828,1289500,0.0,0.0
2023-07-24 00:00:00-04:00,101.06999969482422,103.37999725341797,100.52999877929688,101.9800033569336,97.800537109375,1329000,0.0,0.0
2023-07-25 00:00:00-04:00,102.95999908447266,105.7300033569336,102.27999877929688,105.12000274658203,100.81184387207031,1146700,0.0,0.0
2023-07-26 00:00:00-04:00,104.05999755859375,105.3499984741211,102.33999633789062,103.76000213623047,99.50759887695312,1021500,0.0,0.0
2023-07-27 00:00:00-04:00,103.95999908447266,104.30999755859375,102.05000305175781,102.48999786376953,98.28964233398438,1179800,0.0,0.0
2023-07-28 00:00:00-04:00,103.61000061035156,104.0,101.83000183105469,103.80999755859375,99.55553436279297,902100,0.0,0.0
2023-07-31 00:00:00-04:00,104.2300033569336,106.80999755859375,104.2300033569336,106.58000183105469,102.2120132446289,1276800,0.0,0.0
2023-08-01 00:00:00-04:00,103.98999786376953,107.88999938964844,103.80999755859375,107.0,102.61480712890625,1384300,0.0,0.0
2023-08-02 00:00:00-04:00,105.86000061035156,107.05999755859375,105.05000305175781,105.36000061035156,101.04202270507812,1298400,0.0,0.0
2023-08-03 00:00:00-04:00,105.0,107.9000015258789,103.7300033569336,105.44000244140625,101.11873626708984,1345600,0.0,0.0
2023-08-04 00:00:00-04:00,105.5199966430664,106.93000030517578,103.6500015258789,103.79000091552734,99.53636169433594,1236500,0.0,0.0
2023-08-07 00:00:00-04:00,103.83999633789062,105.61000061035156,103.83999633789062,104.45999908447266,100.17890930175781,748600,0.0,0.0
2023-08-08 00:00:00-04:00,102.68000030517578,104.16000366210938,101.0999984741211,103.94999694824219,99.68978881835938,899400,0.0,0.0
2023-08-09 00:00:00-04:00,105.19000244140625,105.19000244140625,103.37999725341797,104.56999969482422,100.28438568115234,1251800,0.0,0.0
2023-08-10 00:00:00-04:00,105.30999755859375,105.91000366210938,101.36000061035156,102.08999633789062,97.90603637695312,1113400,0.0,0.0
2023-08-11 00:00:00-04:00,101.93000030517578,102.8499984741211,101.5,102.30000305175781,98.107421875,871800,0.0,0.0
2023-08-14 00:00:00-04:00,104.44000244140625,109.23999786376953,102.44000244140625,107.6500015258789,103.2381591796875,2683700,0.0,0.0
2023-08-15 00:00:00-04:00,106.5,107.0,103.88999938964844,104.20999908447266,99.93914794921875,1183500,0.0,0.0
2023-08-16 00:00:00-04:00,103.52999877929688,107.25,103.33000183105469,105.86000061035156,101.52152252197266,1286200,0.0,0.0
2023-08-17 00:00:00-04:00,107.94000244140625,109.33999633789062,105.30000305175781,105.44000244140625,101.11873626708984,1587100,0.0,0.0
2023-08-18 00:00:00-04:00,104.02999877929688,106.02999877929688,103.9000015258789,105.23999786376953,100.92694854736328,995100,0.0,0.0
2023-08-21 00:00:00-04:00,105.0199966430664,105.9000015258789,103.44999694824219,103.86000061035156,99.60350036621094,785800,0.0,0.0
2023-08-22 00:00:00-04:00,104.37000274658203,106.23999786376953,104.20999908447266,104.8499984741211,100.55290985107422,878900,0.0,0.0
2023-08-23 00:00:00-04:00,104.8499984741211,104.9000015258789,102.73999786376953,102.88999938964844,98.6732406616211,1716300,0.0,0.0
2023-08-24 00:00:00-04:00,102.19999694824219,102.36000061035156,99.91999816894531,101.05000305175781,96.90865325927734,1648500,0.0,0.0
2023-08-25 00:00:00-04:00,102.01000213623047,102.52999877929688,100.12999725341797,101.76000213623047,97.58956146240234,998400,0.0,0.0
2023-08-28 00:00:00-04:00,102.08000183105469,103.12000274658203,101.33000183105469,102.12000274658203,97.934814453125,708600,0.0,0.0
2023-08-29 00:00:00-04:00,101.73999786376953,107.55999755859375,101.6500015258789,106.56999969482422,102.20242309570312,1359200,0.0,0.0
2023-08-30 00:00:00-04:00,106.70999908447266,107.08000183105469,105.5999984741211,106.41999816894531,102.05856323242188,699900,0.0,0.0
2023-08-31 00:00:00-04:00,106.41999816894531,107.33000183105469,105.73999786376953,106.58999633789062,102.22159576416016,1217100,0.0,0.0
2023-09-01 00:00:00-04:00,107.95999908447266,108.26000213623047,106.12999725341797,107.30000305175781,102.90251159667969,697200,0.0,0.0
2023-09-05 00:00:00-04:00,107.16999816894531,107.25,104.94000244140625,105.58000183105469,101.25301361083984,713100,0.0,0.0
2023-09-06 00:00:00-04:00,105.31999969482422,106.66999816894531,103.0,103.98999786376953,99.72816467285156,989400,0.0,0.0
2023-09-07 00:00:00-04:00,103.19000244140625,105.29000091552734,102.26000213623047,105.05999755859375,100.75431060791016,1033500,0.0,0.0
2023-09-08 00:00:00-04:00,103.79000091552734,104.69999694824219,102.04000091552734,102.94000244140625,98.72119903564453,989200,0.0,0.0
2023-09-11 00:00:00-04:00,104.33999633789062,104.79000091552734,100.16000366210938,100.33999633789062,96.22776794433594,1372900,0.0,0.0
2023-09-12 00:00:00-04:00,99.95999908447266,101.1500015258789,98.37999725341797,100.18000030517578,96.07431030273438,863800,0.0,0.0
2023-09-13 00:00:00-04:00,100.52999877929688,100.73999786376953,97.69999694824219,98.6500015258789,94.60700988769531,1128100,0.0,0.0
2023-09-14 00:00:00-04:00,100.4800033569336,102.73999786376953,100.01000213623047,102.52999877929688,98.32801055908203,1845800,0.0,0.0
2023-09-15 00:00:00-04:00,101.88999938964844,101.91000366210938,98.41000366210938,98.70999908447266,94.66455078125,4207200,0.0,0.0
2023-09-18 00:00:00-04:00,96.38999938964844,99.77999877929688,95.52999877929688,98.11000061035156,94.08914184570312,1664200,0.0,0.0
2023-09-19 00:00:00-04:00,98.02999877929688,100.37999725341797,98.02999877929688,99.29000091552734,95.22077941894531,1383300,0.0,0.0
2023-09-20 00:00:00-04:00,100.30999755859375,102.2300033569336,100.02999877929688,100.25,96.14143371582031,1332300,0.0,0.0
2023-09-21 00:00:00-04:00,99.36000061035156,100.44999694824219,99.13999938964844,99.54000091552734,95.46054077148438,1473700,0.0,0.0
2023-09-22 00:00:00-04:00,99.93000030517578,102.86000061035156,99.88999938964844,101.0999984741211,96.95659637451172,1629300,0.0,0.0
2023-09-25 00:00:00-04:00,101.7300033569336,105.05000305175781,101.44000244140625,104.38999938964844,100.11175537109375,1482400,0.0,0.0
2023-09-26 00:00:00-04:00,104.38999938964844,105.31999969482422,102.33000183105469,102.81999969482422,98.60611724853516,1613100,0.0,0.0
2023-09-27 00:00:00-04:00,103.95999908447266,106.4800033569336,103.73999786376953,106.44000244140625,102.0777587890625,1963100,0.0,0.0
2023-09-28 00:00:00-04:00,106.6500015258789,107.20999908447266,105.37999725341797,105.94999694824219,102.01517486572266,1295800,0.425,0.0
2023-09-29 00:00:00-04:00,107.0,107.66999816894531,105.94000244140625,107.22000122070312,103.23800659179688,1472800,0.0,0.0
2023-10-02 00:00:00-04:00,107.44999694824219,107.95999908447266,105.27999877929688,106.30999755859375,102.3617935180664,1239800,0.0,0.0
2023-10-03 00:00:00-04:00,105.45999908447266,106.86000061035156,104.83000183105469,106.20999908447266,102.26551055908203,1220600,0.0,0.0
2023-10-04 00:00:00-04:00,106.05999755859375,108.0999984741211,105.51000213623047,106.55999755859375,102.60250854492188,1218500,0.0,0.0
2023-10-05 00:00:00-04:00,105.72000122070312,107.56999969482422,105.5,106.97000122070312,102.99728393554688,1080200,0.0,0.0
2023-10-06 00:00:00-04:00,107.81999969482422,109.33000183105469,106.58000183105469,108.25,104.22975158691406,1111500,0.0,0.0
2023-10-09 00:00:00-04:00,107.87999725341797,109.2699966430664,106.2300033569336,108.7300033569336,104.69193267822266,807100,0.0,0.0
2023-10-10 00:00:00-04:00,109.19999694824219,111.43000030517578,109.19999694824219,109.76000213623047,105.68367767333984,1055200,0.0,0.0
2023-10-11 00:00:00-04:00,109.7699966430664,111.12999725341797,109.1500015258789,110.48999786376953,106.38655853271484,912500,0.0,0.0
2023-10-12 00:00:00-04:00,109.31999969482422,109.51000213623047,104.68000030517578,105.81999969482422,101.8899917602539,1273800,0.0,0.0
2023-10-13 00:00:00-04:00,105.5,107.06999969482422,104.87999725341797,105.91000366210938,101.97665405273438,902200,0.0,0.0
2023-10-16 00:00:00-04:00,107.31999969482422,107.88999938964844,104.5199966430664,104.72000122070312,100.83085632324219,997600,0.0,0.0
2023-10-17 00:00:00-04:00,103.5999984741211,107.23999786376953,103.51000213623047,106.77999877929688,102.81433868408203,1049400,0.0,0.0
2023-10-18 00:00:00-04:00,105.26000213623047,105.47000122070312,102.93000030517578,103.41000366210938,99.56949615478516,1275700,0.0,0.0
2023-10-19 00:00:00-04:00,104.80999755859375,108.19999694824219,98.25,99.19999694824219,95.51585388183594,3598700,0.0,0.0
2023-10-20 00:00:00-04:00,98.7699966430664,101.91000366210938,98.56999969482422,98.94999694824219,95.27513885498047,2007600,0.0,0.0
2023-10-23 00:00:00-04:00,98.61000061035156,101.11000061035156,98.31999969482422,98.75,95.08256530761719,1366000,0.0,0.0
2023-10-24 00:00:00-04:00,99.55999755859375,102.58999633789062,98.73999786376953,101.62000274658203,97.84598541259766,2302200,0.0,0.0
2023-10-25 00:00:00-04:00,101.37000274658203,101.69999694824219,99.01000213623047,99.83999633789062,96.13208770751953,1157300,0.0,0.0
2023-10-26 00:00:00-04:00,100.19999694824219,103.86000061035156,100.19999694824219,102.36000061035156,98.5584945678711,1641100,0.0,0.0
2023-10-27 00:00:00-04:00,102.83999633789062,104.55999755859375,101.66000366210938,104.11000061035156,100.24348449707031,1488800,0.0,0.0
2023-10-30 00:00:00-04:00,104.73999786376953,105.27999877929688,102.87000274658203,104.58999633789062,100.7056655883789,1323800,0.0,0.0
2023-10-31 00:00:00-04:00,104.8499984741211,107.05999755859375,104.08000183105469,106.51000213623047,102.55438232421875,1680900,0.0,0.0
2023-11-01 00:00:00-04:00,107.05000305175781,109.3499984741211,105.62999725341797,109.0199966430664,104.97114562988281,1553200,0.0,0.0
2023-11-02 00:00:00-04:00,110.0,111.87000274658203,109.83999633789062,111.54000091552734,107.3975601196289,1152800,0.0,0.0
2023-11-03 00:00:00-04:00,113.80999755859375,114.18000030517578,111.83999633789062,111.87000274658203,107.71531677246094,1146400,0.0,0.0
2023-11-06 00:00:00-05:00,112.83999633789062,113.51000213623047,111.41000366210938,111.80999755859375,107.65753936767578,951100,0.0,0.0
2023-11-07 00:00:00-05:00,111.41999816894531,111.41999816894531,109.45999908447266,110.25,106.15545654296875,1204300,0.0,0.0
2023-11-08 00:00:00-05:00,110.44999694824219,110.72000122070312,108.80000305175781,109.16999816894531,105.11558532714844,1168300,0.0,0.0
2023-11-09 00:00:00-05:00,110.0,110.41999816894531,108.26000213623047,108.69999694824219,104.66304016113281,892800,0.0,0.0
2023-11-10 00:00:00-05:00,109.37000274658203,109.88999938964844,108.12000274658203,109.0199966430664,104.97114562988281,1058500,0.0,0.0
2023-11-13 00:00:00-05:00,108.66000366210938,109.0199966430664,107.37999725341797,107.44000244140625,103.44984436035156,1380300,0.0,0.0
2023-11-14 00:00:00-05:00,108.87000274658203,111.19000244140625,108.16999816894531,110.75,106.63690185546875,1328400,0.0,0.0
2023-11-15 00:00:00-05:00,111.16999816894531,111.93000030517578,110.83999633789062,111.26000213623047,107.1279525756836,839600,0.0,0.0
2023-11-16 00:00:00-05:00,110.62999725341797,111.12999725341797,108.19000244140625,109.87999725341797,105.79920959472656,841400,0.0,0.0
2023-11-17 00:00:00-05:00,110.25,112.08999633789062,110.25,110.93000030517578,106.81022644042969,1046100,0.0,0.0
2023-11-20 00:00:00-05:00,111.41999816894531,112.63999938964844,111.27999877929688,111.86000061035156,107.70568084716797,866000,0.0,0.0
2023-11-21 00:00:00-05:00,111.69000244140625,113.55999755859375,111.51000213623047,112.66000366210938,108.47598266601562,934400,0.0,0.0
2023-11-22 00:00:00-05:00,112.58000183105469,113.05999755859375,111.7300033569336,112.69999694824219,108.51447296142578,633700,0.0,0.0
2023-11-24 00:00:00-05:00,112.58999633789062,112.97000122070312,111.13999938964844,111.5,107.35905456542969,410900,0.0,0.0
2023-11-27 00:00:00-05:00,111.9800033569336,115.45999908447266,111.87999725341797,115.25,110.96977233886719,1213500,0.0,0.0
2023-11-28 00:00:00-05:00,115.05000305175781,116.58999633789062,113.87999725341797,114.2300033569336,109.9876708984375,1245900,0.0,0.0
2023-11-29 00:00:00-05:00,114.30999755859375,115.55999755859375,113.48999786376953,115.48999786376953,111.20085906982422,936500,0.0,0.0
2023-11-30 00:00:00-05:00,115.8499984741211,119.55000305175781,115.37000274658203,119.12999725341797,114.70568084716797,3283200,0.0,0.0
2023-12-01 00:00:00-05:00,120.0,120.5999984741211,118.87999725341797,119.75,115.30265808105469,1196700,0.0,0.0
2023-12-04 00:00:00-05:00,118.0199966430664,120.30000305175781,117.5,118.7699966430664,114.35903930664062,1221400,0.0,0.0
2023-12-05 00:00:00-05:00,118.25,118.44999694824219,115.43000030517578,116.61000061035156,112.2792739868164,1375400,0.0,0.0
2023-12-06 00:00:00-05:00,116.02999877929688,117.95999908447266,113.61000061035156,113.68000030517578,109.45807647705078,1337100,0.0,0.0
2023-12-07 00:00:00-05:00,113.68000030517578,114.45999908447266,112.33999633789062,114.41000366210938,110.16098022460938,1347800,0.0,0.0
2023-12-08 00:00:00-05:00,114.05000305175781,115.56999969482422,113.08000183105469,113.16000366210938,108.95740509033203,971600,0.0,0.0
2023-12-11 00:00:00-05:00,112.06999969482422,114.94999694824219,111.80000305175781,114.7699966430664,110.50760650634766,1383000,0.0,0.0
2023-12-12 00:00:00-05:00,115.0,115.0,111.93000030517578,113.79000091552734,109.56400299072266,1217000,0.0,0.0
2023-12-13 00:00:00-05:00,113.98999786376953,116.44000244140625,111.62999725341797,115.36000061035156,111.07569885253906,1632200,0.0,0.0
2023-12-14 00:00:00-05:00,115.98999786376953,119.31999969482422,115.88999938964844,119.12999725341797,114.70568084716797,2265700,0.0,0.0
2023-12-15 00:00:00-05:00,120.19999694824219,127.76000213623047,119.19000244140625,124.5199966430664,119.8955078125,6018500,0.0,0.0
2023-12-18 00:00:00-05:00,128.5,128.57000732421875,121.86000061035156,122.12999725341797,117.5942611694336,2169700,0.0,0.0
2023-12-19 00:00:00-05:00,122.37000274658203,123.81999969482422,121.1500015258789,123.31999969482422,118.74007415771484,1463300,0.0,0.0
2023-12-20 00:00:00-05:00,122.16999816894531,123.93000030517578,120.18000030517578,120.2699966430664,115.80335235595703,868300,0.0,0.0
2023-12-21 00:00:00-05:00,120.91000366210938,121.44000244140625,120.0199966430664,120.19000244140625,115.72632598876953,746000,0.0,0.0
2023-12-22 00:00:00-05:00,120.61000061035156,122.33000183105469,120.12999725341797,121.83999633789062,117.31503295898438,679400,0.0,0.0
2023-12-26 00:00:00-05:00,122.05000305175781,122.47000122070312,121.20999908447266,121.25,116.7469482421875,347400,0.0,0.0
2023-12-27 00:00:00-05:00,121.3499984741211,122.2300033569336,120.69999694824219,120.9000015258789,116.40994262695312,751900,0.0,0.0
2023-12-28 00:00:00-05:00,120.41999816894531,120.66999816894531,118.7300033569336,119.08000183105469,115.06201171875,574300,0.425,0.0
2023-12-29 00:00:00-05:00,118.8499984741211,119.05000305175781,117.69000244140625,118.0999984741211,114.11507415771484,769600,0.0,0.0
2024-01-02 00:00:00-05:00,117.83000183105469,120.52999877929688,117.75,118.91000366210938,114.89775848388672,966000,0.0,0.0
2024-01-03 00:00:00-05:00,117.86000061035156,121.41000366210938,116.43000030517578,119.11000061035156,115.09100341796875,1234200,0.0,0.0
2024-01-04 00:00:00-05:00,118.7300033569336,119.8499984741211,116.33999633789062,116.45999908447266,112.5304183959961,1304300,0.0,0.0
2024-01-05 00:00:00-05:00,115.93000030517578,117.97000122070312,115.37000274658203,116.22000122070312,112.29852294921875,1484900,0.0,0.0
2024-01-08 00:00:00-05:00,115.37000274658203,117.29000091552734,113.55000305175781,117.04000091552734,113.0908432006836,1146600,0.0,0.0
2024-01-09 00:00:00-05:00,116.48999786376953,116.48999786376953,112.76000213623047,113.01000213623047,109.19683837890625,1325000,0.0,0.0
2024-01-10 00:00:00-05:00,113.08999633789062,113.73999786376953,112.33000183105469,112.83999633789062,109.03256225585938,1157300,0.0,0.0
2024-01-11 00:00:00-05:00,112.75,113.68000030517578,111.06999969482422,113.12000274658203,109.3031234741211,1115000,0.0,0.0
2024-01-12 00:00:00-05:00,113.29000091552734,115.05000305175781,112.43000030517578,113.22000122070312,109.39974212646484,782500,0.0,0.0
2024-01-16 00:00:00-05:00,112.93000030517578,113.37999725341797,111.5,111.5999984741211,107.83440399169922,1144500,0.0,0.0
2024-01-17 00:00:00-05:00,110.45999908447266,113.16999816894531,109.66000366210938,112.3499984741211,108.55908966064453,1265700,0.0,0.0
2024-01-18 00:00:00-05:00,112.80999755859375,113.88999938964844,111.55000305175781,112.69000244140625,108.88763427734375,1007400,0.0,0.0
2024-01-19 00:00:00-05:00,112.45999908447266,113.22000122070312,111.33000183105469,112.86000061035156,109.05189514160156,956600,0.0,0.0
2024-01-22 00:00:00-05:00,112.19999694824219,115.55000305175781,112.19999694824219,115.43000030517578,111.5351791381836,1967400,0.0,0.0
2024-01-23 00:00:00-05:00,116.37999725341797,117.7300033569336,115.48999786376953,116.13999938964844,112.2212142944336,1971000,0.0,0.0
2024-01-24 00:00:00-05:00,110.08000183105469,118.55999755859375,110.0,116.54000091552734,112.60772705078125,2578200,0.0,0.0
2024-01-25 00:00:00-05:00,117.37999725341797,118.1500015258789,114.76000213623047,115.9000015258789,111.98931884765625,1268000,0.0,0.0
2024-01-26 00:00:00-05:00,116.37000274658203,117.93000030517578,115.33999633789062,116.0,112.0859375,996100,0.0,0.0
2024-01-29 00:00:00-05:00,115.56999969482422,116.93000030517578,112.83999633789062,116.86000061035156,112.91692352294922,1736000,0.0,0.0
2024-01-30 00:00:00-05:00,115.79000091552734,122.87999725341797,115.76000213623047,122.44999694824219,118.31831359863281,1620300,0.0,0.0
2024-01-31 00:00:00-05:00,122.66999816894531,122.87999725341797,120.41000366210938,120.69000244140625,116.6176986694336,1657000,0.0,0.0
2024-02-01 00:00:00-05:00,121.93000030517578,122.8499984741211,118.56999969482422,119.79000091552734,115.74805450439453,1470100,0.0,0.0
2024-02-02 00:00:00-05:00,119.37999725341797,121.27999877929688,118.94999694824219,120.16000366210938,116.10558319091797,1210000,0.0,0.0
2024-02-05 00:00:00-05:00,118.80999755859375,121.83999633789062,118.11000061035156,121.48999786376953,117.39070129394531,1277300,0.0,0.0
2024-02-06 00:00:00-05:00,121.66999816894531,122.31999969482422,120.02999877929688,120.16999816894531,116.11522674560547,1187200,0.0,0.0
2024-02-07 00:00:00-05:00,120.22000122070312,125.4800033569336,120.1500015258789,124.55999755859375,120.35710906982422,1466500,0.0,0.0
2024-02-08 00:00:00-05:00,124.6500015258789,125.75,123.54000091552734,124.83999633789062,120.6276626586914,846900,0.0,0.0
2024-02-09 00:00:00-05:00,125.0,125.66000366210938,124.20999908447266,124.98999786376953,120.7726058959961,1153400,0.0,0.0
2024-02-12 00:00:00-05:00,125.25,126.1500015258789,123.5999984741211,123.80999755859375,119.63240814208984,973100,0.0,0.0
2024-02-13 00:00:00-05:00,121.61000061035156,122.1500015258789,117.43000030517578,118.37000274658203,114.3759765625,1245700,0.0,0.0
2024-02-14 00:00:00-05:00,118.98999786376953,120.97000122070312,118.16999816894531,119.73999786376953,115.69974517822266,906500,0.0,0.0
2024-02-15 00:00:00-05:00,120.04000091552734,124.3499984741211,120.04000091552734,124.11000061035156,119.92229461669922,1319200,0.0,0.0
2024-02-16 00:00:00-05:00,124.47000122070312,126.0,123.22000122070312,123.33999633789062,119.17826843261719,895900,0.0,0.0
2024-02-20 00:00:00-05:00,121.73999786376953,123.62999725341797,120.94999694824219,122.61000061035156,118.472900390625,1014200,0.0,0.0
2024-02-21 00:00:00-05:00,121.79000091552734,122.45999908447266,120.66000366210938,122.05000305175781,117.93180847167969,851400,0.0,0.0
2024-02-22 00:00:00-05:00,121.91999816894531,125.05000305175781,121.91999816894531,124.77999877929688,120.56968688964844,797600,0.0,0.0
2024-02-23 00:00:00-05:00,125.5199966430664,127.81999969482422,124.55000305175781,127.01000213623047,122.72444152832031,752700,0.0,0.0
2024-02-26 00:00:00-05:00,127.5999984741211,131.22000122070312,127.0199966430664,131.07000732421875,126.64746856689453,998300,0.0,0.0
2024-02-27 00:00:00-05:00,130.86000061035156,133.64999389648438,130.77000427246094,132.97000122070312,128.4833221435547,1222600,0.0,0.0
2024-02-28 00:00:00-05:00,131.61000061035156,133.16000366210938,130.82000732421875,132.49000549316406,128.01953125,1174600,0.0,0.0
2024-02-29 00:00:00-05:00,133.1300048828125,134.3699951171875,132.05999755859375,133.82000732421875,129.3046417236328,2134800,0.0,0.0
2024-03-01 00:00:00-05:00,134.27999877929688,137.6999969482422,132.36000061035156,133.7100067138672,129.19837951660156,1508200,0.0,0.0
2024-03-04 00:00:00-05:00,133.47000122070312,134.86000061035156,128.52999877929688,130.24000549316406,125.84545135498047,1349300,0.0,0.0
2024-03-05 00:00:00-05:00,129.14999389648438,130.4499969482422,127.13999938964844,128.5,124.16415405273438,1120500,0.0,0.0
2024-03-06 00:00:00-05:00,131.05999755859375,132.2899932861328,129.69000244140625,129.9600067138672,125.57489776611328,897600,0.0,0.0
2024-03-07 00:00:00-05:00,130.9199981689453,133.32000732421875,130.9199981689453,132.41000366210938,127.9422378540039,703600,0.0,0.0
2024-03-08 00:00:00-05:00,132.88999938964844,135.24000549316406,131.22000122070312,131.47999572753906,127.04362487792969,873200,0.0,0.0
2024-03-11 00:00:00-04:00,130.25,130.4199981689453,127.2300033569336,129.9199981689453,125.53626251220703,810100,0.0,0.0
2024-03-12 00:00:00-04:00,131.0500030517578,131.5399932861328,128.0,131.33999633789062,126.90833282470703,1091600,0.0,0.0
2024-03-13 00:00:00-04:00,131.66000366210938,134.5399932861328,131.60000610351562,133.9499969482422,129.43026733398438,1155400,0.0,0.0
2024-03-14 00:00:00-04:00,133.9499969482422,135.1999969482422,131.0500030517578,132.16000366210938,127.70069122314453,967600,0.0,0.0
2024-03-15 00:00:00-04:00,132.3000030517578,138.9499969482422,131.6199951171875,137.89999389648438,133.24700927734375,3864600,0.0,0.0
2024-03-18 00:00:00-04:00,138.4600067138672,140.35000610351562,137.72999572753906,139.97000122070312,135.2471466064453,1110400,0.0,0.0
2024-03-19 00:00:00-04:00,140.0,141.25999450683594,139.72999572753906,140.8800048828125,136.12643432617188,1229500,0.0,0.0
2024-03-20 00:00:00-04:00,141.17999267578125,143.41000366210938,140.3000030517578,142.72000122070312,137.9043731689453,991000,0.0,0.0
2024-03-21 00:00:00-04:00,143.8000030517578,144.41000366210938,141.25999450683594,143.86000061035156,139.00588989257812,961700,0.0,0.0
2024-03-22 00:00:00-04:00,143.14999389648438,145.47999572753906,143.14999389648438,144.00999450683594,139.15081787109375,767200,0.0,0.0
2024-03-25 00:00:00-04:00,145.52000427246094,148.33999633789062,144.05999755859375,144.14999389648438,139.28607177734375,985300,0.0,0.0
2024-03-26 00:00:00-04:00,144.60000610351562,145.82000732421875,144.1699981689453,144.8300018310547,139.9431610107422,1063700,0.0,0.0
2024-03-27 00:00:00-04:00,146.22000122070312,147.13999938964844,144.80999755859375,146.99000549316406,142.4828338623047,992200,0.46,0.0
2024-03-28 00:00:00-04:00,147.38999938964844,148.74000549316406,146.6300048828125,148.22999572753906,143.68479919433594,956800,0.0,0.0
2024-04-01 00:00:00-04:00,149.0,151.33999633789062,148.0500030517578,149.25999450683594,144.6832275390625,873800,0.0,0.0
2024-04-02 00:00:00-04:00,149.00999450683594,149.33999633789062,145.97999572753906,147.89999389648438,143.36492919921875,917300,0.0,0.0
2024-04-03 00:00:00-04:00,147.75999450683594,150.5,147.3699951171875,147.72999572753906,143.2001495361328,902800,0.0,0.0
2024-04-04 00:00:00-04:00,148.60000610351562,149.77999877929688,146.07000732421875,146.7100067138672,142.21141052246094,768000,0.0,0.0
2024-04-05 00:00:00-04:00,146.14999389648438,147.66000366210938,145.6300048828125,147.27000427246094,142.75424194335938,638500,0.0,0.0
2024-04-08 00:00:00-04:00,147.9199981689453,148.8800048828125,146.13999938964844,147.85000610351562,143.31646728515625,619700,0.0,0.0
2024-04-09 00:00:00-04:00,148.8800048828125,149.6199951171875,144.50999450683594,146.72999572753906,142.23080444335938,823000,0.0,0.0
2024-04-10 00:00:00-04:00,145.0399932861328,146.02999877929688,143.50999450683594,144.64999389648438,140.2145538330078,1133900,0.0,0.0
2024-04-11 00:00:00-04:00,144.52999877929688,145.6199951171875,142.5,144.22999572753906,139.8074493408203,1024400,0.0,0.0
2024-04-12 00:00:00-04:00,144.2899932861328,145.30999755859375,140.0,140.6300048828125,136.31785583496094,1278200,0.0,0.0
2024-04-15 00:00:00-04:00,142.2899932861328,143.0399932861328,140.75,140.97000122070312,136.64739990234375,975800,0.0,0.0
2024-04-16 00:00:00-04:00,139.61000061035156,140.22999572753906,137.4600067138672,139.77000427246094,135.48422241210938,1020100,0.0,0.0
2024-04-17 00:00:00-04:00,142.17999267578125,142.17999267578125,138.6999969482422,138.92999267578125,134.6699676513672,997300,0.0,0.0
2024-04-18 00:00:00-04:00,140.0,140.0,135.25999450683594,136.07000732421875,131.89768981933594,1332800,0.0,0.0
2024-04-19 00:00:00-04:00,136.47999572753906,137.97999572753906,135.64999389648438,136.89999389648438,132.70220947265625,983200,0.0,0.0
2024-04-22 00:00:00-04:00,136.92999267578125,138.63999938964844,135.41000366210938,137.3000030517578,133.08995056152344,822600,0.0,0.0
2024-04-23 00:00:00-04:00,133.52999877929688,135.77999877929688,130.75999450683594,134.16000366210938,130.04624938964844,2123800,0.0,0.0
2024-04-24 00:00:00-04:00,141.05999755859375,144.91000366210938,128.75,129.9199981689453,125.9362564086914,2557000,0.0,0.0
2024-04-25 00:00:00-04:00,129.16000366210938,133.1999969482422,127.05000305175781,133.02999877929688,128.95089721679688,1447800,0.0,0.0
2024-04-26 00:00:00-04:00,133.0,136.27999877929688,133.0,134.0399932861328,129.92990112304688,1054000,0.0,0.0
2024-04-29 00:00:00-04:00,134.10000610351562,135.19000244140625,133.2899932861328,135.07000732421875,130.9283447265625,975300,0.0,0.0
2024-04-30 00:00:00-04:00,133.47999572753906,133.5,129.3300018310547,130.1199951171875,126.13011932373047,1378600,0.0,0.0
2024-05-01 00:00:00-04:00,131.32000732421875,132.77999877929688,128.89999389648438,129.64999389648438,125.67449951171875,940800,0.0,0.0
2024-05-02 00:00:00-04:00,130.27000427246094,131.19000244140625,128.88999938964844,130.7899932861328,126.77953338623047,1149600,0.0,0.0
2024-05-03 00:00:00-04:00,131.7899932861328,135.80999755859375,131.7899932861328,135.47000122070312,131.31607055664062,1220700,0.0,0.0
2024-05-06 00:00:00-04:00,136.16000366210938,137.05999755859375,130.30999755859375,132.60000610351562,128.53407287597656,1818300,0.0,0.0
2024-05-07 00:00:00-04:00,132.60000610351562,133.47999572753906,131.75999450683594,132.7100067138672,128.6407012939453,1054500,0.0,0.0
2024-05-08 00:00:00-04:00,132.0500030517578,132.6199951171875,130.77000427246094,130.82000732421875,126.80863952636719,1147900,0.0,0.0
2024-05-09 00:00:00-04:00,131.36000061035156,135.1999969482422,131.10000610351562,134.83999633789062,130.70538330078125,883800,0.0,0.0
2024-05-10 00:00:00-04:00,135.11000061035156,135.55999755859375,133.5399932861328,135.17999267578125,131.0349578857422,792400,0.0,0.0
2024-05-13 00:00:00-04:00,135.52000427246094,135.97000122070312,134.47999572753906,134.85000610351562,130.71510314941406,977100,0.0,0.0
2024-05-14 00:00:00-04:00,135.14999389648438,136.3699951171875,134.8000030517578,135.07000732421875,130.9283447265625,600700,0.0,0.0
2024-05-15 00:00:00-04:00,135.57000732421875,137.7899932861328,135.4499969482422,136.92999267578125,132.73130798339844,1146700,0.0,0.0
2024-05-16 00:00:00-04:00,136.82000732421875,137.2100067138672,134.80999755859375,134.9499969482422,130.81201171875,1027300,0.0,0.0
2024-05-17 00:00:00-04:00,135.39999389648438,135.39999389648438,133.5800018310547,133.92999267578125,129.82330322265625,831900,0.0,0.0
2024-05-20 00:00:00-04:00,134.22000122070312,134.69000244140625,131.17999267578125,133.0800018310547,128.9993438720703,1123700,0.0,0.0
2024-05-21 00:00:00-04:00,133.25999450683594,134.49000549316406,132.17999267578125,134.35000610351562,130.23040771484375,772400,0.0,0.0
2024-05-22 00:00:00-04:00,132.5399932861328,133.74000549316406,131.44000244140625,132.72999572753906,128.6600799560547,984000,0.0,0.0
2024-05-23 00:00:00-04:00,133.47000122070312,134.00999450683594,132.5,133.57000732421875,129.47433471679688,1174100,0.0,0.0
2024-05-24 00:00:00-04:00,134.30999755859375,134.49000549316406,132.3800048828125,133.33999633789062,129.2513885498047,628900,0.0,0.0
2024-05-28 00:00:00-04:00,133.69000244140625,135.49000549316406,132.75,134.27999877929688,130.1625518798828,1403100,0.0,0.0
2024-05-29 00:00:00-04:00,133.05999755859375,135.9199981689453,131.44000244140625,131.72999572753906,127.69073486328125,928100,0.0,0.0
2024-05-30 00:00:00-04:00,131.16000366210938,134.52000427246094,131.0,133.5,129.40647888183594,787800,0.0,0.0
2024-05-31 00:00:00-04:00,133.75,133.92999267578125,131.17999267578125,133.8699951171875,129.76513671875,2501300,0.0,0.0
2024-06-03 00:00:00-04:00,134.0,134.55999755859375,131.49000549316406,132.61000061035156,128.54376220703125,743400,0.0,0.0
2024-06-04 00:00:00-04:00,130.8300018310547,130.9499969482422,127.11000061035156,127.23999786376953,123.33842468261719,1032600,0.0,0.0
2024-06-05 00:00:00-04:00,126.63999938964844,128.5500030517578,126.41999816894531,127.16000366210938,123.2608871459961,1254000,0.0,0.0
2024-06-06 00:00:00-04:00,126.72000122070312,128.4600067138672,126.37999725341797,128.35000610351562,124.4144058227539,1066400,0.0,0.0
2024-06-07 00:00:00-04:00,126.80000305175781,127.72000122070312,124.66000366210938,125.5199966430664,121.6711654663086,1308500,0.0,0.0
2024-06-10 00:00:00-04:00,125.01000213623047,125.19999694824219,122.36000061035156,123.66999816894531,119.87789916992188,1518100,0.0,0.0
2024-06-11 00:00:00-04:00,122.61000061035156,122.61000061035156,120.05000305175781,121.52999877929688,117.80351257324219,1436200,0.0,0.0
2024-06-12 00:00:00-04:00,123.1500015258789,123.5199966430664,120.36000061035156,120.77999877929688,117.07649993896484,1110100,0.0,0.0
2024-06-13 00:00:00-04:00,120.79000091552734,121.87000274658203,119.05999755859375,121.41999816894531,117.6968765258789,985200,0.0,0.0
2024-06-14 00:00:00-04:00,118.9800033569336,121.61000061035156,118.36000061035156,120.69000244140625,116.98927307128906,1211200,0.0,0.0
2024-06-17 00:00:00-04:00,120.4000015258789,126.79000091552734,120.33999633789062,126.55000305175781,122.66958618164062,2237200,0.0,0.0
2024-06-18 00:00:00-04:00,126.4800033569336,128.3699951171875,123.4000015258789,125.0,121.16710662841797,1637300,0.0,0.0
2024-06-20 00:00:00-04:00,125.0199966430664,127.05000305175781,124.4800033569336,125.68000030517578,121.82626342773438,1244700,0.0,0.0
2024-06-21 00:00:00-04:00,125.76000213623047,128.82000732421875,124.30000305175781,128.17999267578125,124.24960327148438,4311900,0.0,0.0
2024-06-24 00:00:00-04:00,127.4000015258789,128.92999267578125,125.72000122070312,126.33999633789062,122.46602630615234,1746600,0.0,0.0
2024-06-25 00:00:00-04:00,127.25,127.25,123.29000091552734,123.58999633789062,119.80035400390625,1503000,0.0,0.0
2024-06-26 00:00:00-04:00,122.88999938964844,125.06999969482422,122.4800033569336,124.77999877929688,120.95384979248047,1501300,0.0,0.0
2024-06-27 00:00:00-04:00,124.77999877929688,126.33999633789062,124.3499984741211,125.05000305175781,121.21558380126953,1042200,0.0,0.0
2024-06-28 00:00:00-04:00,126.61000061035156,130.60000610351562,126.58000183105469,129.5,125.99259185791016,2428800,0.46,0.0
2024-07-01 00:00:00-04:00,130.02000427246094,130.60000610351562,127.4000015258789,129.14999389648438,125.65206909179688,1278400,0.0,0.0
2024-07-02 00:00:00-04:00,128.99000549316406,130.25999450683594,127.2300033569336,128.3000030517578,124.82508850097656,1212600,0.0,0.0
2024-07-03 00:00:00-04:00,128.72000122070312,129.83999633789062,127.06999969482422,127.12999725341797,123.68677520751953,737300,0.0,0.0
2024-07-05 00:00:00-04:00,126.70999908447266,126.97000122070312,123.77999877929688,124.41999816894531,121.05017852783203,1426900,0.0,0.0
2024-07-08 00:00:00-04:00,124.2699966430664,125.62999725341797,123.5999984741211,124.2699966430664,120.90423583984375,996800,0.0,0.0
2024-07-09 00:00:00-04:00,122.9800033569336,125.25,122.93000030517578,124.25,120.88478088378906,938000,0.0,0.0
2024-07-10 00:00:00-04:00,124.86000061035156,127.87000274658203,124.4800033569336,127.27999877929688,123.83271026611328,1678700,0.0,0.0
2024-07-11 00:00:00-04:00,127.55000305175781,130.3000030517578,127.04000091552734,129.77000427246094,126.25528717041016,1359500,0.0,0.0
2024-07-12 00:00:00-04:00,130.27999877929688,130.75,129.10000610351562,129.22000122070312,125.72017669677734,1085000,0.0,0.0
2024-07-15 00:00:00-04:00,131.5800018310547,137.27000427246094,131.16000366210938,131.91000366210938,128.3373260498047,2048900,0.0,0.0
2024-07-16 00:00:00-04:00,130.1999969482422,133.00999450683594,128.63999938964844,132.7100067138672,129.11566162109375,1055900,0.0,0.0
2024-07-17 00:00:00-04:00,132.8000030517578,133.24000549316406,129.9199981689453,130.07000732421875,126.54717254638672,1496300,0.0,0.0
2024-07-18 00:00:00-04:00,127.45999908447266,133.4199981689453,127.1500015258789,129.1300048828125,125.63262176513672,2301900,0.0,0.0
2024-07-19 00:00:00-04:00,129.1699981689453,129.75999450683594,126.91000366210938,128.44000244140625,124.9613037109375,1226000,0.0,0.0
2024-07-22 00:00:00-04:00,128.33999633789062,128.4600067138672,125.5,127.7699966430664,124.30943298339844,1141600,0.0,0.0
2024-07-23 00:00:00-04:00,126.61000061035156,127.48999786376953,125.3499984741211,126.62000274658203,123.19060516357422,1361700,0.0,0.0
2024-07-24 00:00:00-04:00,126.94000244140625,127.44000244140625,123.16000366210938,123.29000091552734,119.9507827758789,1068000,0.0,0.0
2024-07-25 00:00:00-04:00,125.01000213623047,128.6699981689453,123.76000213623047,127.5999984741211,124.14404296875,1594200,0.0,0.0
2024-07-26 00:00:00-04:00,128.17999267578125,131.82000732421875,127.80000305175781,130.5399932861328,127.00443267822266,1064700,0.0,0.0
2024-07-29 00:00:00-04:00,130.8800048828125,131.36000061035156,129.05999755859375,130.52000427246094,126.98497009277344,1077000,0.0,0.0
2024-07-30 00:00:00-04:00,130.7899932861328,131.47999572753906,128.82000732421875,128.85000610351562,125.36019897460938,866500,0.0,0.0
2024-07-31 00:00:00-04:00,129.9600067138672,135.32000732421875,129.67999267578125,133.22000122070312,129.61184692382812,1394800,0.0,0.0
2024-08-01 00:00:00-04:00,132.55999755859375,133.9600067138672,124.63999938964844,126.3499984741211,122.92790985107422,1473900,0.0,0.0
2024-08-02 00:00:00-04:00,123.02999877929688,123.79000091552734,119.87999725341797,121.27999877929688,117.9952163696289,1342100,0.0,0.0
2024-08-05 00:00:00-04:00,117.76000213623047,123.55000305175781,115.0,121.41000366210938,118.1217041015625,1469800,0.0,0.0
2024-08-06 00:00:00-04:00,121.62000274658203,124.19000244140625,121.37000274658203,122.37999725341797,119.0654296875,943300,0.0,0.0
2024-08-07 00:00:00-04:00,124.19000244140625,126.19000244140625,119.05999755859375,119.12000274658203,115.89372253417969,1168800,0.0,0.0
2024-08-08 00:00:00-04:00,119.91999816894531,121.37999725341797,119.66000366210938,120.20999908447266,116.95419311523438,704900,0.0,0.0
2024-08-09 00:00:00-04:00,120.20999908447266,120.37000274658203,118.87999725341797,119.43000030517578,116.1953353881836,803600,0.0,0.0
2024-08-12 00:00:00-04:00,118.83000183105469,119.66999816894531,115.75,115.97000122070312,112.82903289794922,1323700,0.0,0.0
2024-08-13 00:00:00-04:00,116.36000061035156,117.43000030517578,115.0199966430664,117.2699966430664,114.09382629394531,1220300,0.0,0.0
2024-08-14 00:00:00-04:00,116.30999755859375,117.08999633789062,113.3499984741211,115.05000305175781,111.93395233154297,1401700,0.0,0.0
2024-08-15 00:00:00-04:00,117.16999816894531,120.0,116.83000183105469,118.05000305175781,114.85269927978516,1603500,0.0,0.0
2024-08-16 00:00:00-04:00,115.5199966430664,118.5199966430664,115.41999816894531,116.69999694824219,113.53926849365234,1115500,0.0,0.0
2024-08-19 00:00:00-04:00,117.08000183105469,118.33000183105469,115.4800033569336,116.05999755859375,112.9166030883789,939800,0.0,0.0
2024-08-20 00:00:00-04:00,116.19999694824219,117.0,115.33000183105469,115.94999694824219,112.80957794189453,752700,0.0,0.0
2024-08-21 00:00:00-04:00,117.54000091552734,119.30999755859375,117.05000305175781,119.05000305175781,115.82563018798828,1184600,0.0,0.0
2024-08-22 00:00:00-04:00,118.4800033569336,119.68000030517578,118.2300033569336,118.94000244140625,115.71859741210938,873700,0.0,0.0
2024-08-23 00:00:00-04:00,119.23999786376953,120.98999786376953,118.62000274658203,120.87999725341797,117.60604095458984,703100,0.0,0.0
2024-08-26 00:00:00-04:00,122.19000244140625,124.12999725341797,121.94000244140625,122.7300033569336,119.40594482421875,1015500,0.0,0.0
2024-08-27 00:00:00-04:00,122.19000244140625,122.61000061035156,120.55000305175781,121.41000366210938,118.1217041015625,743700,0.0,0.0
2024-08-28 00:00:00-04:00,118.88999938964844,119.55000305175781,117.61000061035156,118.02999877929688,114.83323669433594,1203600,0.0,0.0
2024-08-29 00:00:00-04:00,118.47000122070312,120.56999969482422,117.27999877929688,118.80000305175781,115.58238220214844,1017500,0.0,0.0
2024-08-30 00:00:00-04:00,119.12999725341797,120.20999908447266,117.87999725341797,119.51000213623047,116.27315521240234,1174200,0.0,0.0
2024-09-03 00:00:00-04:00,118.05000305175781,118.1500015258789,113.23999786376953,113.95999908447266,110.87348175048828,1714700,0.0,0.0
2024-09-04 00:00:00-04:00,113.97000122070312,115.3499984741211,112.30999755859375,113.12000274658203,110.05623626708984,1142400,0.0,0.0
2024-09-05 00:00:00-04:00,113.30000305175781,114.22000122070312,110.97000122070312,111.31999969482422,108.30496978759766,1429300,0.0,0.0
2024-09-06 00:00:00-04:00,111.08999633789062,112.94000244140625,110.08999633789062,111.0,107.99364471435547,1482000,0.0,0.0
2024-09-09 00:00:00-04:00,112.77999877929688,113.51000213623047,110.69000244140625,110.73999786376953,107.74068450927734,1877300,0.0,0.0
2024-09-10 00:00:00-04:00,110.55000305175781,110.94000244140625,108.06999969482422,108.73999786376953,105.79485321044922,1796400,0.0,0.0
2024-09-11 00:00:00-04:00,108.54000091552734,108.83000183105469,104.5999984741211,108.0999984741211,105.17218780517578,1798100,0.0,0.0
2024-09-12 00:00:00-04:00,109.08000183105469,110.66000366210938,107.83999633789062,110.54000091552734,107.54611206054688,1330600,0.0,0.0
2024-09-13 00:00:00-04:00,111.62999725341797,114.13999938964844,111.30000305175781,112.83999633789062,109.7838134765625,1031500,0.0,0.0
2024-09-16 00:00:00-04:00,113.11000061035156,113.38999938964844,110.80999755859375,111.01000213623047,108.00337219238281,1449100,0.0,0.0
2024-09-17 00:00:00-04:00,111.83000183105469,116.20999908447266,110.9000015258789,114.48999786376953,111.38912963867188,2082900,0.0,0.0
2024-09-18 00:00:00-04:00,114.41999816894531,117.44000244140625,113.41000366210938,115.12000274658203,112.0020751953125,1476500,0.0,0.0
2024-09-19 00:00:00-04:00,118.77999877929688,120.16000366210938,117.2300033569336,120.08999633789062,116.83745574951172,1674100,0.0,0.0
2024-09-20 00:00:00-04:00,116.62000274658203,119.98999786376953,116.62000274658203,119.83000183105469,116.58448791503906,6833800,0.0,0.0
2024-09-23 00:00:00-04:00,120.0,121.58000183105469,119.62000274658203,120.95999908447266,117.68389892578125,1395800,0.0,0.0
2024-09-24 00:00:00-04:00,123.25,125.80999755859375,123.12999725341797,124.66999816894531,121.29339599609375,1646200,0.0,0.0
2024-09-25 00:00:00-04:00,124.5999984741211,124.7300033569336,122.94000244140625,123.33999633789062,119.99942779541016,1023000,0.0,0.0
2024-09-26 00:00:00-04:00,126.30999755859375,127.08000183105469,124.77999877929688,125.23999786376953,121.84796142578125,1253100,0.0,0.0
2024-09-27 00:00:00-04:00,126.13999938964844,128.0,125.76000213623047,125.9800033569336,122.56792449951172,957400,0.0,0.0
2024-09-30 00:00:00-04:00,125.83000183105469,126.72000122070312,124.55000305175781,126.08000183105469,123.11476135253906,882200,0.46,0.0
2024-10-01 00:00:00-04:00,126.04000091552734,129.5,126.04000091552734,129.22999572753906,126.19068145751953,1120400,0.0,0.0
2024-10-02 00:00:00-04:00,129.57000732421875,130.6699981689453,127.22000122070312,127.5999984741211,124.5989990234375,1160000,0.0,0.0
2024-10-03 00:00:00-04:00,126.52999877929688,127.94000244140625,125.30000305175781,127.54000091552734,124.54041290283203,897800,0.0,0.0
2024-10-04 00:00:00-04:00,130.1699981689453,130.77999877929688,127.66000366210938,128.22000122070312,125.20442962646484,800400,0.0,0.0
2024-10-07 00:00:00-04:00,127.4000015258789,130.19000244140625,127.30999755859375,130.07000732421875,127.01093292236328,906600,0.0,0.0
2024-10-08 00:00:00-04:00,127.16999816894531,127.77999877929688,125.36000061035156,127.02999877929688,124.04241180419922,1053100,0.0,0.0
2024-10-09 00:00:00-04:00,126.23999786376953,130.4600067138672,126.23999786376953,130.17999267578125,127.11833190917969,1345300,0.0,0.0
2024-10-10 00:00:00-04:00,128.64999389648438,129.75,128.0399932861328,128.4600067138672,125.43878936767578,949800,0.0,0.0
2024-10-11 00:00:00-04:00,128.44000244140625,130.69000244140625,128.44000244140625,129.86000061035156,126.80586242675781,720900,0.0,0.0
2024-10-14 00:00:00-04:00,128.3300018310547,130.27000427246094,127.69000244140625,130.17999267578125,127.11833190917969,644900,0.0,0.0
2024-10-15 00:00:00-04:00,128.85000610351562,131.4199981689453,128.3300018310547,128.4600067138672,125.43878936767578,1294400,0.0,0.0
2024-10-16 00:00:00-04:00,128.6300048828125,130.02000427246094,128.02999877929688,129.86000061035156,126.80586242675781,1090100,0.0,0.0
2024-10-17 00:00:00-04:00,135.99000549316406,138.72000122070312,133.83999633789062,135.0500030517578,131.87379455566406,2783900,0.0,0.0
2024-10-18 00:00:00-04:00,136.77000427246094,137.86000061035156,135.4600067138672,136.57000732421875,133.35804748535156,1521200,0.0,0.0
2024-10-21 00:00:00-04:00,136.99000549316406,137.00999450683594,132.6300048828125,133.4499969482422,130.31141662597656,1241800,0.0,0.0
2024-10-22 00:00:00-04:00,132.74000549316406,132.74000549316406,128.1300048828125,131.8000030517578,128.7002410888672,1316500,0.0,0.0
2024-10-23 00:00:00-04:00,131.9600067138672,133.24000549316406,128.47000122070312,128.63999938964844,125.61454010009766,1049900,0.0,0.0
2024-10-24 00:00:00-04:00,128.72000122070312,130.77000427246094,127.4000015258789,130.33999633789062,127.27457427978516,1148800,0.0,0.0
2024-10-25 00:00:00-04:00,130.9199981689453,131.63999938964844,128.82000732421875,129.5800018310547,126.53243255615234,916200,0.0,0.0
2024-10-28 00:00:00-04:00,131.50999450683594,135.99000549316406,130.58999633789062,135.72000122070312,132.5280303955078,1132500,0.0,0.0
2024-10-29 00:00:00-04:00,135.6999969482422,136.02999877929688,133.77999877929688,135.16000366210938,131.98121643066406,873000,0.0,0.0
2024-10-30 00:00:00-04:00,134.27000427246094,135.80999755859375,132.3800048828125,132.77000427246094,129.6474151611328,1135700,0.0,0.0
2024-10-31 00:00:00-04:00,132.52999877929688,133.7899932861328,130.4199981689453,130.5,127.4308090209961,1007000,0.0,0.0
2024-11-01 00:00:00-04:00,130.67999267578125,133.99000549316406,130.36000061035156,133.64999389648438,130.5067138671875,1033300,0.0,0.0
2024-11-04 00:00:00-05:00,133.5,135.0500030517578,132.64999389648438,133.5800018310547,130.43836975097656,1071100,0.0,0.0
2024-11-05 00:00:00-05:00,133.0800018310547,135.75,131.80999755859375,135.64999389648438,132.45965576171875,926500,0.0,0.0
2024-11-06 00:00:00-05:00,148.5,155.55999755859375,146.97999572753906,154.32000732421875,150.6905975341797,4338000,0.0,0.0
2024-11-07 00:00:00-05:00,154.8699951171875,155.11000061035156,147.41000366210938,147.9499969482422,144.47039794921875,1779000,0.0,0.0
2024-11-08 00:00:00-05:00,147.50999450683594,149.67999267578125,146.1300048828125,148.5500030517578,145.05630493164062,1073800,0.0,0.0
2024-11-11 00:00:00-05:00,150.0500030517578,151.0,147.5500030517578,147.8000030517578,144.3239288330078,772800,0.0,0.0
2024-11-12 00:00:00-05:00,146.0,146.69000244140625,143.13999938964844,144.35000610351562,140.955078125,863300,0.0,0.0
2024-11-13 00:00:00-05:00,143.86000061035156,144.8699951171875,141.6699981689453,141.89999389648438,138.5626678466797,1159400,0.0,0.0
2024-11-14 00:00:00-05:00,141.07000732421875,142.42999267578125,136.72000122070312,137.80999755859375,134.56887817382812,1634300,0.0,0.0
2024-11-15 00:00:00-05:00,139.07000732421875,140.47000122070312,138.1999969482422,139.41000366210938,136.1312713623047,1297800,0.0,0.0
2024-11-18 00:00:00-05:00,138.38999938964844,141.47999572753906,138.07000732421875,140.69000244140625,137.38113403320312,1104800,0.0,0.0
2024-11-19 00:00:00-05:00,139.22000122070312,140.5,138.77000427246094,140.24000549316406,136.94174194335938,1574200,0.0,0.0
2024-11-20 00:00:00-05:00,141.63999938964844,144.9499969482422,141.25999450683594,144.0399932861328,140.65234375,2190300,0.0,0.0
2024-11-21 00:00:00-05:00,143.72000122070312,147.17999267578125,143.17999267578125,144.9600067138672,141.55075073242188,1672600,0.0,0.0
2024-11-22 00:00:00-05:00,144.0800018310547,146.33999633789062,142.52000427246094,143.57000732421875,140.19342041015625,1714000,0.0,0.0
2024-11-25 00:00:00-05:00,144.22999572753906,146.6300048828125,143.6300048828125,144.97999572753906,141.57025146484375,1928300,0.0,0.0
2024-11-26 00:00:00-05:00,146.0,148.80999755859375,143.2100067138672,143.6300048828125,140.25201416015625,969000,0.0,0.0
2024-11-27 00:00:00-05:00,144.5,145.42999267578125,142.50999450683594,143.8300018310547,140.44729614257812,1054200,0.0,0.0
2024-11-29 00:00:00-05:00,144.36000061035156,146.0800018310547,144.1300048828125,145.27000427246094,141.8534393310547,552200,0.0,0.0
2024-12-02 00:00:00-05:00,145.24000549316406,146.0500030517578,144.47999572753906,144.80999755859375,141.4042510986328,1040300,0.0,0.0
2024-12-03 00:00:00-05:00,145.75999450683594,145.85000610351562,142.47000122070312,143.1999969482422,139.8321075439453,1632900,0.0,0.0
2024-12-04 00:00:00-05:00,143.3699951171875,143.67999267578125,140.69000244140625,141.3800048828125,138.054931640625,1099800,0.0,0.0
2024-12-05 00:00:00-05:00,141.17999267578125,141.17999267578125,137.75,138.6999969482422,135.43797302246094,1445200,0.0,0.0
2024-12-06 00:00:00-05:00,139.0,139.07000732421875,136.72000122070312,136.89999389648438,133.68028259277344,1273900,0.0,0.0
2024-12-09 00:00:00-05:00,137.8000030517578,139.4499969482422,137.22999572753906,138.25,134.99853515625,1300800,0.0,0.0
2024-12-10 00:00:00-05:00,137.77000427246094,137.77000427246094,134.39999389648438,135.2899932861328,132.10813903808594,1547400,0.0,0.0
2024-12-11 00:00:00-05:00,135.6999969482422,135.6999969482422,133.4499969482422,133.5500030517578,130.4090576171875,1488900,0.0,0.0
2024-12-12 00:00:00-05:00,130.86000061035156,131.8000030517578,126.62999725341797,126.91000366210938,123.92523193359375,1776000,0.0,0.0
2024-12-13 00:00:00-05:00,126.37999725341797,126.43000030517578,121.93000030517578,122.37000274658203,119.49201202392578,1651100,0.0,0.0
2024-12-16 00:00:00-05:00,120.76000213623047,123.9000015258789,120.25,121.70999908447266,118.8475341796875,2320200,0.0,0.0
2024-12-17 00:00:00-05:00,121.29000091552734,121.58999633789062,118.0199966430664,118.58000183105469,115.79114532470703,1562500,0.0,0.0
2024-12-18 00:00:00-05:00,118.58000183105469,120.80999755859375,116.66000366210938,116.76000213623047,114.01395416259766,1944800,0.0,0.0
2024-12-19 00:00:00-05:00,117.20999908447266,119.13999938964844,114.79000091552734,115.29000091552734,112.57852935791016,1847700,0.0,0.0
2024-12-20 00:00:00-05:00,114.45999908447266,116.8499984741211,114.02999877929688,115.69000244140625,112.96912384033203,4410500,0.0,0.0
2024-12-23 00:00:00-05:00,115.5,116.37999725341797,114.37999725341797,115.75,113.02769470214844,1278200,0.0,0.0
2024-12-24 00:00:00-05:00,115.12000274658203,117.4800033569336,115.08000183105469,117.05999755859375,114.30690002441406,512700,0.0,0.0
2024-12-26 00:00:00-05:00,116.04000091552734,117.4800033569336,115.5,117.08999633789062,114.33618927001953,756900,0.0,0.0
2024-12-27 00:00:00-05:00,116.33999633789062,118.30000305175781,115.27999877929688,115.7699966430664,113.04723358154297,782500,0.0,0.0
2024-12-30 00:00:00-05:00,115.0,115.0,113.7300033569336,113.80000305175781,111.12356567382812,893700,0.0,0.0
2024-12-31 00:00:00-05:00,113.62000274658203,115.06999969482422,113.4000015258789,114.06999969482422,111.83928680419922,860500,0.46,0.0
2025-01-02 00:00:00-05:00,114.97000122070312,115.86000061035156,111.73999786376953,111.93000030517578,109.74114227294922,1193700,0.0,0.0
2025-01-03 00:00:00-05:00,113.30999755859375,113.81999969482422,110.91000366210938,113.1500015258789,110.9372787475586,2229400,0.0,0.0
2025-01-06 00:00:00-05:00,114.54000091552734,119.94999694824219,114.54000091552734,118.63999938964844,116.3199234008789,2176700,0.0,0.0
2025-01-07 00:00:00-05:00,119.0999984741211,121.33999633789062,118.7300033569336,119.80999755859375,117.46704864501953,1961300,0.0,0.0
2025-01-08 00:00:00-05:00,119.25,119.98999786376953,115.43000030517578,116.4800033569336,114.20216369628906,1528600,0.0,0.0
2025-01-10 00:00:00-05:00,115.06999969482422,117.33000183105469,114.80999755859375,116.33000183105469,114.05509948730469,1744300,0.0,0.0
2025-01-13 00:00:00-05:00,116.2300033569336,123.80999755859375,115.37000274658203,123.2699966430664,120.85939025878906,2704200,0.0,0.0
2025-01-14 00:00:00-05:00,123.36000061035156,124.25,121.70999908447266,123.5199966430664,121.1044921875,1382300,0.0,0.0
2025-01-15 00:00:00-05:00,126.0,126.95999908447266,123.95999908447266,125.13999938964844,122.69281768798828,1361100,0.0,0.0
2025-01-16 00:00:00-05:00,124.51000213623047,125.69000244140625,124.31999969482422,125.0,122.55554962158203,875200,0.0,0.0
2025-01-17 00:00:00-05:00,125.97000122070312,127.70999908447266,125.55999755859375,125.83000183105469,123.36931610107422,1359800,0.0,0.0
2025-01-21 00:00:00-05:00,127.87999725341797,128.5,124.3499984741211,124.69000244140625,122.25162506103516,1925900,0.0,0.0
2025-01-22 00:00:00-05:00,125.36000061035156,125.9000015258789,122.58999633789062,122.88999938964844,120.48680114746094,1874600,0.0,0.0
2025-01-23 00:00:00-05:00,121.0,125.06999969482422,117.68000030517578,122.37000274658203,119.97698974609375,2357900,0.0,0.0
2025-01-24 00:00:00-05:00,126.69999694824219,126.69999694824219,122.16000366210938,122.3499984741211,119.95736694335938,1632800,0.0,0.0
2025-01-27 00:00:00-05:00,121.91000366210938,123.0,121.16999816894531,122.01000213623047,119.6240234375,1443200,0.0,0.0
2025-01-28 00:00:00-05:00,122.75,127.26000213623047,120.66000366210938,127.05000305175781,124.5654525756836,2133900,0.0,0.0
2025-01-29 00:00:00-05:00,127.23999786376953,129.4199981689453,126.69999694824219,129.1699981689453,126.64399719238281,1455200,0.0,0.0
2025-01-30 00:00:00-05:00,129.83999633789062,130.8000030517578,128.22999572753906,130.7100067138672,128.15390014648438,1842900,0.0,0.0
2025-01-31 00:00:00-05:00,130.08999633789062,131.4499969482422,127.0999984741211,128.1999969482422,125.69297790527344,2064600,0.0,0.0
2025-02-03 00:00:00-05:00,128.55999755859375,129.80999755859375,125.41000366210938,127.91999816894531,125.41844940185547,2160900,0.0,0.0
2025-02-04 00:00:00-05:00,125.2699966430664,126.80000305175781,124.0,126.37999725341797,123.90855407714844,1929800,0.0,0.0
2025-02-05 00:00:00-05:00,126.48999786376953,129.55999755859375,125.98999786376953,129.4199981689453,126.88912200927734,1618200,0.0,0.0
2025-02-06 00:00:00-05:00,131.1199951171875,132.17999267578125,127.08999633789062,128.9600067138672,126.43810272216797,1621400,0.0,0.0
2025-02-07 00:00:00-05:00,129.74000549316406,131.02999877929688,126.13999938964844,126.70999908447266,124.23212432861328,1441200,0.0,0.0
2025-02-10 00:00:00-05:00,133.72000122070312,135.0,131.83999633789062,132.8699951171875,130.2716522216797,2796700,0.0,0.0
2025-02-11 00:00:00-05:00,134.44000244140625,137.3000030517578,133.1999969482422,134.86000061035156,132.2227325439453,2616400,0.0,0.0
2025-02-12 00:00:00-05:00,133.77999877929688,134.6999969482422,132.17999267578125,132.3000030517578,129.71279907226562,2213700,0.0,0.0
2025-02-13 00:00:00-05:00,132.89999389648438,133.6999969482422,129.3800048828125,132.8800048828125,130.2814483642578,1898700,0.0,0.0
2025-02-14 00:00:00-05:00,133.30999755859375,136.22999572753906,132.82000732421875,135.8300018310547,133.17376708984375,1608300,0.0,0.0
2025-02-18 00:00:00-05:00,136.5800018310547,139.64999389648438,135.1300048828125,139.05999755859375,136.34059143066406,1798500,0.0,0.0
2025-02-19 00:00:00-05:00,137.42999267578125,138.5500030517578,136.22000122070312,136.75999450683594,134.0855712890625,1486600,0.0,0.0
2025-02-20 00:00:00-05:00,137.08999633789062,139.1999969482422,134.97999572753906,135.07000732421875,132.4286346435547,1341700,0.0,0.0
2025-02-21 00:00:00-05:00,135.86000061035156,135.86000061035156,130.1199951171875,130.7100067138672,128.15390014648438,1398700,0.0,0.0
2025-02-24 00:00:00-05:00,134.67999267578125,134.94000244140625,131.25,133.14999389648438,130.54617309570312,1905500,0.0,0.0
2025-02-25 00:00:00-05:00,132.99000549316406,134.38999938964844,131.05999755859375,133.47999572753906,130.86972045898438,1293400,0.0,0.0
2025-02-26 00:00:00-05:00,134.2100067138672,137.32000732421875,132.85000610351562,133.47999572753906,130.86972045898438,1106500,0.0,0.0
2025-02-27 00:00:00-05:00,134.6999969482422,136.3800048828125,133.1300048828125,133.32000732421875,130.71286010742188,1198200,0.0,0.0
2025-02-28 00:00:00-05:00,133.75,135.27000427246094,130.86000061035156,135.07000732421875,132.4286346435547,1695800,0.0,0.0
2025-03-03 00:00:00-05:00,136.77999877929688,137.8300018310547,129.55999755859375,130.5,127.94799041748047,1926100,0.0,0.0
2025-03-04 00:00:00-05:00,128.58999633789062,129.30999755859375,124.0,126.37000274658203,123.89875793457031,2001500,0.0,0.0
2025-03-05 00:00:00-05:00,126.91999816894531,129.2899932861328,125.33000183105469,127.72000122070312,125.22235870361328,2523700,0.0,0.0
2025-03-06 00:00:00-05:00,126.27999877929688,127.68000030517578,124.12999725341797,125.25,122.8006591796875,1991600,0.0,0.0
2025-03-07 00:00:00-05:00,127.05999755859375,127.87000274658203,123.0199966430664,125.02999877929688,122.5849609375,2180600,0.0,0.0
2025-03-10 00:00:00-04:00,122.37000274658203,123.20999908447266,116.98999786376953,119.4000015258789,117.0650634765625,2729100,0.0,0.0
2025-03-11 00:00:00-04:00,119.5999984741211,123.38999938964844,119.36000061035156,120.76000213623047,118.39846801757812,2392500,0.0,0.0
2025-03-12 00:00:00-04:00,123.22000122070312,126.38999938964844,121.80999755859375,123.52999877929688,121.11429595947266,2126100,0.0,0.0
2025-03-13 00:00:00-04:00,123.41999816894531,126.87999725341797,122.3499984741211,123.25,120.83976745605469,2038500,0.0,0.0
2025-03-14 00:00:00-04:00,125.94000244140625,127.5199966430664,124.75,127.13999938964844,124.65370178222656,1562800,0.0,0.0
2025-03-17 00:00:00-04:00,125.8499984741211,125.94999694824219,122.41000366210938,124.94000244140625,122.4967269897461,1983700,0.0,0.0
2025-03-18 00:00:00-04:00,124.94000244140625,127.27999877929688,124.18000030517578,127.08999633789062,124.60467529296875,1914500,0.0,0.0
2025-03-19 00:00:00-04:00,127.31999969482422,128.69000244140625,126.27999877929688,128.52000427246094,126.0067138671875,1979700,0.0,0.0
2025-03-20 00:00:00-04:00,128.0,128.5399932861328,126.5999984741211,126.63999938964844,124.16348266601562,1763100,0.0,0.0
2025-03-21 00:00:00-04:00,124.19999694824219,124.69999694824219,121.06999969482422,122.66999816894531,120.2711181640625,6338100,0.0,0.0
2025-03-24 00:00:00-04:00,125.5999984741211,127.87999725341797,125.19999694824219,126.66000366210938,124.18309783935547,2214300,0.0,0.0
2025-03-25 00:00:00-04:00,127.31999969482422,128.75,126.66000366210938,128.0,125.49688720703125,1435400,0.0,0.0
2025-03-26 00:00:00-04:00,128.0399932861328,130.11000061035156,127.8499984741211,128.33999633789062,125.8302230834961,1243400,0.0,0.0
2025-03-27 00:00:00-04:00,127.62999725341797,129.74000549316406,126.54000091552734,127.98999786376953,125.48707580566406,1367500,0.0,0.0
2025-03-28 00:00:00-04:00,128.07000732421875,128.74000549316406,123.27999877929688,123.97000122070312,121.54570007324219,2337300,0.0,0.0
2025-03-31 00:00:00-04:00,123.51000213623047,125.5999984741211,121.23999786376953,125.08000183105469,123.13060760498047,1771900,0.5,0.0
2025-04-01 00:00:00-04:00,124.0999984741211,125.19999694824219,122.5,124.0,122.06743621826172,1217800,0.0,0.0
2025-04-02 00:00:00-04:00,122.97000122070312,127.56999969482422,122.36000061035156,127.36000061035156,125.37506866455078,1263400,0.0,0.0
2025-04-03 00:00:00-04:00,121.6500015258789,122.05999755859375,115.91000366210938,116.05999755859375,114.25116729736328,1878200,0.0,0.0
2025-04-04 00:00:00-04:00,111.16000366210938,113.3499984741211,105.63999938964844,109.20999908447266,107.5079345703125,2180800,0.0,0.0
2025-04-07 00:00:00-04:00,106.1500015258789,114.97000122070312,103.16999816894531,111.04000091552734,109.30941772460938,2910800,0.0,0.0
2025-04-08 00:00:00-04:00,114.95999908447266,117.76000213623047,108.2699966430664,110.2300033569336,108.51203155517578,3012600,0.0,0.0
2025-04-09 00:00:00-04:00,108.73999786376953,123.37999725341797,108.73999786376953,122.6500015258789,120.73847198486328,3412500,0.0,0.0
2025-04-10 00:00:00-04:00,118.69999694824219,119.19000244140625,112.5999984741211,117.48999786376953,115.65888977050781,2123000,0.0,0.0
2025-04-11 00:00:00-04:00,117.20999908447266,121.19999694824219,116.29000091552734,120.41000366210938,118.53338623046875,1674100,0.0,0.0
2025-04-14 00:00:00-04:00,122.22000122070312,122.87999725341797,118.55000305175781,118.75,116.89924621582031,1521900,0.0,0.0
2025-04-15 00:00:00-04:00,118.66000366210938,120.41000366210938,117.6500015258789,118.23999786376953,116.39720153808594,1073000,0.0,0.0
2025-04-16 00:00:00-04:00,117.43000030517578,119.77999877929688,115.9800033569336,117.20999908447266,115.38324737548828,1123500,0.0,0.0
2025-04-17 00:00:00-04:00,118.31999969482422,120.12999725341797,117.7300033569336,118.29000091552734,116.44641876220703,1049800,0.0,0.0
2025-04-21 00:00:00-04:00,117.7699966430664,118.05999755859375,112.72000122070312,113.55000305175781,111.7802963256836,1230200,0.0,0.0
2025-04-22 00:00:00-04:00,115.38999938964844,117.66000366210938,114.76000213623047,117.38999938964844,115.5604476928711,1655200,0.0,0.0
2025-04-23 00:00:00-04:00,120.86000061035156,127.25,119.5,122.48999786376953,120.5809555053711,2021400,0.0,0.0
2025-04-24 00:00:00-04:00,121.73999786376953,127.8499984741211,121.69000244140625,127.37999725341797,125.3947525024414,1352300,0.0,0.0
2025-04-25 00:00:00-04:00,125.87000274658203,127.7699966430664,125.76000213623047,127.33999633789062,125.35536193847656,775000,0.0,0.0
2025-04-28 00:00:00-04:00,127.66000366210938,129.32000732421875,126.12999725341797,127.94000244140625,125.94601440429688,884700,0.0,0.0
2025-04-29 00:00:00-04:00,128.1999969482422,129.6300048828125,125.4800033569336,129.27999877929688,127.26514434814453,1307100,0.0,0.0
2025-04-30 00:00:00-04:00,124.9800033569336,130.17999267578125,124.7300033569336,129.7100067138672,127.6884536743164,1502300,0.0,0.0
2025-05-01 00:00:00-04:00,129.42999267578125,132.88999938964844,129.25999450683594,130.2899932861328,128.2593994140625,1274200,0.0,0.0
2025-05-02 00:00:00-04:00,132.32000732421875,135.25,131.49000549316406,134.94000244140625,132.83694458007812,1021000,0.0,0.0
2025-05-05 00:00:00-04:00,133.82000732421875,135.3000030517578,133.08999633789062,133.1199951171875,131.04530334472656,814700,0.0,0.0
2025-05-06 00:00:00-04:00,132.47000122070312,133.13999938964844,131.07000732421875,131.1699981689453,129.1256866455078,905900,0.0,0.0
2025-05-07 00:00:00-04:00,131.35000610351562,131.97999572753906,129.39999389648438,130.6999969482422,128.66299438476562,1549300,0.0,0.0
2025-05-08 00:00:00-04:00,132.22999572753906,132.22999572753906,129.2899932861328,129.6300048828125,127.60966491699219,1303500,0.0,0.0
2025-05-09 00:00:00-04:00,130.07000732421875,131.0399932861328,128.50999450683594,130.50999450683594,128.4759521484375,753900,0.0,0.0
2025-05-12 00:00:00-04:00,136.10000610351562,138.17999267578125,134.41000366210938,136.52999877929688,134.40213012695312,1562900,0.0,0.0
2025-05-13 00:00:00-04:00,137.7100067138672,137.7100067138672,135.3000030517578,135.4199981689453,133.3094482421875,1588300,0.0,0.0
2025-05-14 00:00:00-04:00,134.82000732421875,135.8000030517578,133.5,133.72000122070312,131.6359405517578,1116700,0.0,0.0
2025-05-15 00:00:00-04:00,132.50999450683594,134.17999267578125,132.25999450683594,133.8000030517578,131.71469116210938,816700,0.0,0.0
2025-05-16 00:00:00-04:00,133.8000030517578,135.16000366210938,132.3300018310547,134.77999877929688,132.67941284179688,1096100,0.0,0.0
2025-05-19 00:00:00-04:00,133.14999389648438,136.47999572753906,132.00999450683594,136.05999755859375,133.939453125,1297300,0.0,0.0
2025-05-20 00:00:00-04:00,136.0399932861328,136.05999755859375,134.57000732421875,135.3800048828125,133.27008056640625,913700,0.0,0.0
2025-05-21 00:00:00-04:00,133.75999450683594,135.5800018310547,132.1699981689453,132.2100067138672,130.14947509765625,1536100,0.0,0.0
2025-05-22 00:00:00-04:00,131.67999267578125,131.77999877929688,129.5,129.88999938964844,127.86563110351562,1424500,0.0,0.0
2025-05-23 00:00:00-04:00,127.69000244140625,129.1199951171875,124.44999694824219,125.31999969482422,123.36685943603516,3180500,0.0,0.0
2025-05-27 00:00:00-04:00,126.38999938964844,128.7899932861328,125.19000244140625,128.74000549316406,126.73355865478516,2231500,0.0,0.0
2025-05-28 00:00:00-04:00,129.0,129.10000610351562,126.62999725341797,126.72000122070312,124.74504089355469,1215900,0.0,0.0
2025-05-29 00:00:00-04:00,127.30999755859375,127.30999755859375,123.4800033569336,125.1500015258789,123.19950866699219,1161600,0.0,0.0
2025-05-30 00:00:00-04:00,124.56999969482422,124.81999969482422,121.41000366210938,123.06999969482422,121.15192413330078,2196500,0.0,0.0
2025-06-02 00:00:00-04:00,135.60000610351562,142.4199981689453,134.13999938964844,135.7100067138672,133.59494018554688,3317800,0.0,0.0
2025-06-03 00:00:00-04:00,135.0500030517578,137.11000061035156,130.97000122070312,136.83999633789062,134.70730590820312,1961100,0.0,0.0
2025-06-04 00:00:00-04:00,136.83999633789062,137.27999877929688,134.88999938964844,134.97000122070312,132.86643981933594,1191400,0.0,0.0
2025-06-05 00:00:00-04:00,135.25,135.75,131.67999267578125,132.10000610351562,130.0412139892578,1284200,0.0,0.0
2025-06-06 00:00:00-04:00,133.5800018310547,135.0,133.07000732421875,133.55999755859375,131.47842407226562,1018700,0.0,0.0
2025-06-09 00:00:00-04:00,134.10000610351562,135.5800018310547,133.50999450683594,133.6300048828125,131.54734802246094,1146800,0.0,0.0
2025-06-10 00:00:00-04:00,133.8800048828125,135.19000244140625,133.3300018310547,133.80999755859375,131.72454833984375,1027600,0.0,0.0
2025-06-11 00:00:00-04:00,131.89999389648438,131.89999389648438,127.61000061035156,130.02999877929688,128.00343322753906,1888100,0.0,0.0
2025-06-12 00:00:00-04:00,129.61000061035156,132.22999572753906,129.0399932861328,131.85000610351562,129.7950897216797,1068100,0.0,0.0
2025-06-13 00:00:00-04:00,130.00999450683594,133.50999450683594,130.00999450683594,133.47999572753906,131.39967346191406,1258600,0.0,0.0
2025-06-16 00:00:00-04:00,134.27000427246094,134.99000549316406,131.47999572753906,132.1199951171875,130.06088256835938,1228800,0.0,0.0
2025-06-17 00:00:00-04:00,131.5800018310547,134.41000366210938,130.5500030517578,133.16000366210938,131.08468627929688,1098300,0.0,0.0
2025-06-18 00:00:00-04:00,131.3000030517578,134.16000366210938,129.72000122070312,130.11000061035156,128.08221435546875,1927300,0.0,0.0
2025-06-20 00:00:00-04:00,131.42999267578125,131.6699981689453,124.55999755859375,125.9000015258789,123.93781280517578,4349300,0.0,0.0
2025-06-23 00:00:00-04:00,125.6500015258789,127.70999908447266,124.80000305175781,127.43000030517578,125.4439697265625,1240500,0.0,0.0
2025-06-24 00:00:00-04:00,128.24000549316406,129.5399932861328,127.94000244140625,128.22000122070312,126.22166442871094,971800,0.0,0.0
2025-06-25 00:00:00-04:00,128.32000732421875,129.10000610351562,127.22000122070312,128.47999572753906,126.47760772705078,967800,0.0,0.0
2025-06-26 00:00:00-04:00,129.7899932861328,132.3000030517578,129.0,131.5,129.45053100585938,1251900,0.0,0.0
2025-06-27 00:00:00-04:00,131.22000122070312,132.2100067138672,130.4499969482422,131.2100067138672,129.16506958007812,1876700,0.0,0.0
2025-06-30 00:00:00-04:00,130.41000366210938,130.7100067138672,127.93000030517578,128.00999450683594,126.4969711303711,1288500,0.5,0.0
2025-07-01 00:00:00-04:00,127.80999755859375,131.9199981689453,126.30999755859375,130.16000366210938,128.62156677246094,2002400,0.0,0.0
2025-07-02 00:00:00-04:00,131.61000061035156,134.33999633789062,130.92999267578125,134.05999755859375,132.4754638671875,1652100,0.0,0.0
2025-07-03 00:00:00-04:00,134.9199981689453,135.2100067138672,132.97000122070312,133.24000549316406,131.66517639160156,1496100,0.0,0.0
2025-07-07 00:00:00-04:00,132.63999938964844,134.94000244140625,132.1300048828125,133.49000549316406,131.91220092773438,953600,0.0,0.0
2025-07-08 00:00:00-04:00,134.27999877929688,137.42999267578125,133.3300018310547,136.0399932861328,134.4320526123047,1033200,0.0,0.0
2025-07-09 00:00:00-04:00,136.11000061035156,136.5399932861328,134.77999877929688,136.0800018310547,134.4716033935547,983900,0.0,0.0
2025-07-10 00:00:00-04:00,137.52000427246094,139.57000732421875,136.69000244140625,137.3699951171875,135.74635314941406,1242000,0.0,0.0
2025-07-11 00:00:00-04:00,136.97000122070312,137.9199981689453,134.16000366210938,135.07000732421875,133.47354125976562,822400,0.0,0.0
2025-07-14 00:00:00-04:00,134.49000549316406,134.6999969482422,133.1199951171875,133.22000122070312,131.64540100097656,755300,0.0,0.0
2025-07-15 00:00:00-04:00,133.7100067138672,133.7100067138672,128.69000244140625,128.86000061035156,127.33692169189453,963100,0.0,0.0
2025-07-16 00:00:00-04:00,129.0,129.30999755859375,126.16999816894531,127.47000122070312,125.9633560180664,1288900,0.0,0.0
2025-07-17 00:00:00-04:00,127.20999908447266,131.32000732421875,127.20999908447266,131.14999389648438,129.59986877441406,1515000,0.0,0.0
2025-07-18 00:00:00-04:00,131.5800018310547,132.08999633789062,130.5399932861328,131.6300048828125,130.07420349121094,929000,0.0,0.0
2025-07-21 00:00:00-04:00,133.55999755859375,135.8000030517578,133.0,134.52999877929688,132.9398956298828,1639600,0.0,0.0
2025-07-22 00:00:00-04:00,128.0800018310547,134.66000366210938,127.5999984741211,132.24000549316406,130.677001953125,2726600,0.0,0.0
2025-07-23 00:00:00-04:00,133.39999389648438,133.47000122070312,130.63999938964844,130.72000122070312,129.1749267578125,1216600,0.0,0.0
2025-07-24 00:00:00-04:00,129.61000061035156,130.02000427246094,126.47000122070312,126.83000183105469,125.33091735839844,1298700,0.0,0.0
2025-07-25 00:00:00-04:00,127.41000366210938,131.00999450683594,126.16000366210938,130.8300018310547,129.28363037109375,1033600,0.0,0.0
2025-07-28 00:00:00-04:00,130.30999755859375,131.41000366210938,129.55999755859375,130.22999572753906,128.69073486328125,1066000,0.0,0.0
2025-07-29 00:00:00-04:00,129.5800018310547,129.8000030517578,126.44999694824219,127.5199966430664,126.01277160644531,1486700,0.0,0.0
2025-07-30 00:00:00-04:00,127.37999725341797,129.14999389648438,126.20999908447266,127.44999694824219,125.94358825683594,1251700,0.0,0.0
2025-07-31 00:00:00-04:00,126.66000366210938,129.05999755859375,125.30000305175781,127.55999755859375,126.05229949951172,1367100,0.0,0.0
2025-08-01 00:00:00-04:00,125.11000061035156,125.19000244140625,121.66000366210938,122.37000274658203,120.92364501953125,1623300,0.0,0.0
2025-08-04 00:00:00-04:00,122.30000305175781,122.94000244140625,120.87000274658203,121.36000061035156,119.92557525634766,1007100,0.0,0.0
2025-08-05 00:00:00-04:00,121.54000091552734,124.16000366210938,121.4000015258789,123.52999877929688,122.0699234008789,1115000,0.0,0.0
2025-08-06 00:00:00-04:00,122.88999938964844,123.91999816894531,121.93000030517578,122.2300033569336,120.7853012084961,969600,0.0,0.0
2025-08-07 00:00:00-04:00,124.37000274658203,125.06999969482422,121.37000274658203,122.06999969482422,120.62718200683594,909200,0.0,0.0
2025-08-08 00:00:00-04:00,122.93000030517578,123.87000274658203,122.16000366210938,123.0199966430664,121.56594848632812,891400,0.0,0.0
2025-08-11 00:00:00-04:00,122.8499984741211,123.2300033569336,119.88999938964844,122.41000366210938,120.96317291259766,1380600,0.0,0.0
2025-08-12 00:00:00-04:00,123.37999725341797,126.6500015258789,121.68000030517578,125.5999984741211,124.11546325683594,2069500,0.0,0.0
2025-08-13 00:00:00-04:00,126.01000213623047,129.85000610351562,125.7699966430664,129.24000549316406,127.71244049072266,1725100,0.0,0.0
2025-08-14 00:00:00-04:00,128.3800048828125,129.6199951171875,125.73999786376953,127.4800033569336,125.97323608398438,1048900,0.0,0.0
2025-08-15 00:00:00-04:00,130.4499969482422,131.00999450683594,126.31999969482422,126.41999816894531,124.92577362060547,1017000,0.0,0.0
2025-08-18 00:00:00-04:00,126.31999969482422,126.94000244140625,125.1500015258789,125.91000366210938,124.42179107666016,910200,0.0,0.0
2025-08-19 00:00:00-04:00,126.7300033569336,128.42999267578125,125.97000122070312,128.22000122070312,126.70449829101562,1572800,0.0,0.0
2025-08-20 00:00:00-04:00,127.95999908447266,128.7100067138672,125.26000213623047,125.44999694824219,123.96722412109375,1218700,0.0,0.0
2025-08-21 00:00:00-04:00,125.02999877929688,126.48999786376953,124.7699966430664,125.76000213623047,124.27357482910156,1550900,0.0,0.0
2025-08-22 00:00:00-04:00,127.19999694824219,132.83999633789062,126.2300033569336,132.67999267578125,131.1117706298828,2463500,0.0,0.0
2025-08-25 00:00:00-04:00,132.5800018310547,134.3000030517578,132.0500030517578,133.27999877929688,131.70468139648438,941300,0.0,0.0
2025-08-26 00:00:00-04:00,132.50999450683594,133.50999450683594,131.14999389648438,131.72999572753906,130.17300415039062,1405700,0.0,0.0
2025-08-27 00:00:00-04:00,131.1699981689453,133.07000732421875,130.9499969482422,132.6999969482422,131.13153076171875,568000,0.0,0.0
2025-08-28 00:00:00-04:00,133.16000366210938,133.16000366210938,130.2899932861328,131.57000732421875,130.01490783691406,727500,0.0,0.0
2025-08-29 00:00:00-04:00,131.44000244140625,132.7100067138672,130.5399932861328,130.9199981689453,129.37257385253906,815100,0.0,0.0
2025-09-02 00:00:00-04:00,129.13999938964844,130.02999877929688,127.43000030517578,129.02000427246094,127.49504089355469,1302200,0.0,0.0
2025-09-03 00:00:00-04:00,129.0,129.85000610351562,126.87999725341797,129.58999633789062,128.05828857421875,1149100,0.0,0.0
2025-09-04 00:00:00-04:00,129.42999267578125,130.94000244140625,127.44000244140625,130.86000061035156,129.31329345703125,947000,0.0,0.0
2025-09-05 00:00:00-04:00,131.6999969482422,136.10000610351562,131.42999267578125,134.6300048828125,133.0387420654297,1290100,0.0,0.0
2025-09-08 00:00:00-04:00,134.47999572753906,135.55999755859375,132.69000244140625,134.5399932861328,132.9497833251953,1385200,0.0,0.0
2025-09-09 00:00:00-04:00,134.72999572753906,135.47999572753906,129.97000122070312,130.2899932861328,128.75003051757812,1327900,0.0,0.0
2025-09-10 00:00:00-04:00,130.19000244140625,133.42999267578125,129.92999267578125,132.72000122070312,131.15130615234375,890500,0.0,0.0
2025-09-11 00:00:00-04:00,132.72000122070312,136.44000244140625,132.02000427246094,133.99000549316406,132.4062957763672,1324700,0.0,0.0
2025-09-12 00:00:00-04:00,133.6300048828125,133.97999572753906,130.5800018310547,130.64999389648438,129.10577392578125,718900,0.0,0.0
2025-09-15 00:00:00-04:00,130.75,132.2100067138672,129.41000366210938,131.5800018310547,130.02476501464844,1083200,0.0,0.0
2025-09-16 00:00:00-04:00,138.35000610351562,141.89999389648438,135.42999267578125,139.6699981689453,138.0191650390625,2346100,0.0,0.0
2025-09-17 00:00:00-04:00,139.5,140.99000549316406,135.91000366210938,136.85000610351562,135.2324981689453,1546900,0.0,0.0
2025-09-18 00:00:00-04:00,136.16000366210938,141.25,135.25,139.83999633789062,138.18714904785156,1515300,0.0,0.0
2025-09-19 00:00:00-04:00,140.67999267578125,141.08999633789062,138.38999938964844,139.27000427246094,137.6239013671875,2810400,0.0,0.0
2025-09-22 00:00:00-04:00,140.8000030517578,140.8000030517578,136.8699951171875,139.07000732421875,137.42626953125,1859600,0.0,0.0
2025-09-23 00:00:00-04:00,139.13999938964844,139.85000610351562,135.57000732421875,136.69000244140625,135.0743865966797,1491800,0.0,0.0
2025-09-24 00:00:00-04:00,136.50999450683594,137.75,136.10000610351562,136.3699951171875,134.75816345214844,905400,0.0,0.0
2025-09-25 00:00:00-04:00,135.75999450683594,138.25,134.8699951171875,136.08999633789062,134.48147583007812,929200,0.0,0.0
2025-09-26 00:00:00-04:00,137.07000732421875,140.1300048828125,136.6199951171875,139.6300048828125,137.97962951660156,1455300,0.0,0.0
2025-09-29 00:00:00-04:00,140.2100067138672,140.47000122070312,137.82000732421875,138.8800048828125,137.23851013183594,1058000,0.0,0.0
2025-09-30 00:00:00-04:00,138.08999633789062,139.7100067138672,137.60000610351562,139.42999267578125,138.2798309326172,1199000,0.5,0.0
2025-10-01 00:00:00-04:00,138.99000549316406,141.74000549316406,138.10000610351562,141.0,139.83688354492188,1125700,0.0,0.0
2025-10-02 00:00:00-04:00,140.9499969482422,145.0399932861328,140.77000427246094,144.38999938964844,143.1989288330078,1304300,0.0,0.0
2025-10-03 00:00:00-04:00,144.97000122070312,147.0,144.32000732421875,145.08999633789062,143.8931427001953,1286800,0.0,0.0
2025-10-06 00:00:00-04:00,145.1999969482422,145.92999267578125,141.49000549316406,141.6300048828125,140.46170043945312,1441600,0.0,0.0
2025-10-07 00:00:00-04:00,142.6300048828125,144.0399932861328,141.41000366210938,142.72999572753906,141.5526123046875,909000,0.0,0.0
2025-10-08 00:00:00-04:00,143.5399932861328,146.75,142.27999877929688,146.5500030517578,145.3411102294922,683600,0.0,0.0
2025-10-09 00:00:00-04:00,147.27999877929688,149.47000122070312,146.55999755859375,147.77999877929688,146.56097412109375,1195900,0.0,0.0
2025-10-10 00:00:00-04:00,147.57000732421875,148.3699951171875,141.14999389648438,141.22999572753906,140.0649871826172,1238600,0.0,0.0
2025-10-13 00:00:00-04:00,144.41000366210938,147.1199951171875,143.30999755859375,145.5399932861328,144.3394317626953,881200,0.0,0.0
2025-10-14 00:00:00-04:00,143.4199981689453,148.5399932861328,142.47999572753906,146.97999572753906,145.76754760742188,935900,0.0,0.0
2025-10-15 00:00:00-04:00,147.97000122070312,148.97000122070312,145.0399932861328,146.0500030517578,144.84523010253906,781100,0.0,0.0
2025-10-16 00:00:00-04:00,146.8000030517578,148.0,140.8699951171875,142.64999389648438,141.4732666015625,1126300,0.0,0.0
2025-10-17 00:00:00-04:00,141.6699981689453,144.38999938964844,141.4499969482422,142.75,141.57244873046875,1062900,0.0,0.0
2025-10-20 00:00:00-04:00,147.00999450683594,147.32000732421875,144.77999877929688,146.27999877929688,145.0733184814453,1628100,0.0,0.0
2025-10-21 00:00:00-04:00,146.11000061035156,156.24000549316406,146.11000061035156,153.82000732421875,152.55113220214844,2893900,0.0,0.0
2025-10-22 00:00:00-04:00,152.88999938964844,154.82000732421875,148.4199981689453,148.55999755859375,147.3345184326172,1471200,0.0,0.0
2025-10-23 00:00:00-04:00,148.58999633789062,152.0800018310547,148.1300048828125,150.72000122070312,149.47669982910156,1036000,0.0,0.0
2025-10-24 00:00:00-04:00,152.25999450683594,153.99000549316406,151.86000061035156,152.9499969482422,151.6883087158203,1521300,0.0,0.0
2025-10-27 00:00:00-04:00,153.7100067138672,158.5,151.63999938964844,158.02000427246094,156.71649169921875,1776400,0.0,0.0
2025-10-28 00:00:00-04:00,158.02000427246094,163.10000610351562,157.2899932861328,161.07000732421875,159.7413330078125,1534500,0.0,0.0
2025-10-29 00:00:00-04:00,161.5500030517578,164.72999572753906,159.39999389648438,163.47000122070312,162.12152099609375,1080700,0.0,0.0
2025-10-30 00:00:00-04:00,162.6699981689453,163.25,158.00999450683594,158.17999267578125,156.8751678466797,1269000,0.0,0.0
2025-10-31 00:00:00-04:00,156.57000732421875,159.85000610351562,155.88999938964844,156.8000030517578,155.50656127929688,1355700,0.0,0.0
2025-11-03 00:00:00-05:00,156.0800018310547,156.61000061035156,153.13999938964844,155.97000122070312,154.6833953857422,1340400,0.0,0.0
2025-11-04 00:00:00-05:00,152.0,154.75,151.1699981689453,151.6199951171875,150.36927795410156,1311900,0.0,0.0
2025-11-05 00:00:00-05:00,151.63999938964844,154.86000061035156,150.02999877929688,154.1300048828125,152.85858154296875,1149000,0.0,0.0
2025-11-06 00:00:00-05:00,154.8800048828125,156.63999938964844,151.8800048828125,152.9199981689453,151.65855407714844,1304700,0.0,0.0
2025-11-07 00:00:00-05:00,152.39999389648438,153.5500030517578,150.2899932861328,151.94000244140625,150.6866455078125,1086100,0.0,0.0
2025-11-10 00:00:00-05:00,153.0,153.89999389648438,150.22000122070312,152.42999267578125,151.17259216308594,1268200,0.0,0.0
2025-11-11 00:00:00-05:00,152.50999450683594,154.25999450683594,151.97999572753906,152.3800048828125,151.12303161621094,905700,0.0,0.0
2025-11-12 00:00:00-05:00,153.6999969482422,159.8300018310547,153.27999877929688,157.85000610351562,156.54788208007812,1640400,0.0,0.0
2025-11-13 00:00:00-05:00,158.0,158.85000610351562,151.80999755859375,154.58999633789062,153.31478881835938,1337000,0.0,0.0
2025-11-14 00:00:00-05:00,151.60000610351562,157.0,151.2100067138672,155.41000366210938,154.1280059814453,1058000,0.0,0.0
2025-11-17 00:00:00-05:00,154.99000549316406,158.8800048828125,154.13999938964844,155.07000732421875,153.79083251953125,1079500,0.0,0.0
2025-11-18 00:00:00-05:00,153.47999572753906,156.77000427246094,153.0500030517578,154.61000061035156,153.33462524414062,1179000,0.0,0.0
2025-11-19 00:00:00-05:00,155.0,156.36000061035156,153.36000061035156,155.4600067138672,154.1776123046875,873000,0.0,0.0
2025-11-20 00:00:00-05:00,156.36000061035156,159.72999572753906,152.77000427246094,153.11000061035156,151.84698486328125,888000,0.0,0.0
2025-11-21 00:00:00-05:00,153.22999572753906,159.42999267578125,152.5399932861328,158.16000366210938,156.85533142089844,981200,0.0,0.0
2025-11-24 00:00:00-05:00,159.17999267578125,161.7899932861328,156.91000366210938,161.19000244140625,159.86033630371094,1731200,0.0,0.0
2025-11-25 00:00:00-05:00,162.63999938964844,166.4199981689453,161.6300048828125,164.25,162.8950958251953,1167600,0.0,0.0
2025-11-26 00:00:00-05:00,164.1999969482422,167.07000732421875,163.75,166.6199951171875,165.24554443359375,841600,0.0,0.0
2025-11-28 00:00:00-05:00,167.44000244140625,168.36000061035156,166.0500030517578,167.8300018310547,166.44557189941406,641500,0.0,0.0
2025-12-01 00:00:00-05:00,166.10000610351562,169.49000549316406,166.10000610351562,167.6199951171875,166.23728942871094,942500,0.0,0.0
2025-12-02 00:00:00-05:00,168.32000732421875,169.32000732421875,166.52000427246094,167.6300048828125,166.24722290039062,1092600,0.0,0.0
2025-12-03 00:00:00-05:00,167.4600067138672,172.94000244140625,167.19000244140625,171.5,170.0852813720703,1453500,0.0,0.0
2025-12-04 00:00:00-05:00,170.50999450683594,170.6699981689453,166.4499969482422,168.11000061035156,166.72325134277344,1726100,0.0,0.0
2025-12-05 00:00:00-05:00,168.1999969482422,168.1999969482422,163.8699951171875,165.22000122070312,163.85708618164062,1444100,0.0,0.0
2025-12-08 00:00:00-05:00,165.35000610351562,167.88999938964844,164.57000732421875,166.13999938964844,164.76951599121094,848000,0.0,0.0
2025-12-09 00:00:00-05:00,165.13999938964844,167.0500030517578,164.38999938964844,165.42999267578125,164.0653533935547,754200,0.0,0.0
2025-12-10 00:00:00-05:00,165.44000244140625,172.63999938964844,165.41000366210938,171.22999572753906,169.81752014160156,1368000,0.0,0.0
2025-12-11 00:00:00-05:00,171.22999572753906,173.86000061035156,170.8300018310547,173.00999450683594,171.58282470703125,1058200,0.0,0.0
2025-12-12 00:00:00-05:00,173.42999267578125,174.30999755859375,170.44000244140625,171.97000122070312,170.55140686035156,1289900,0.0,0.0
2025-12-15 00:00:00-05:00,171.47999572753906,171.75,166.0800018310547,168.9499969482422,167.5563201904297,1837700,0.0,0.0
2025-12-16 00:00:00-05:00,168.19000244140625,169.58999633789062,167.36000061035156,169.1300048828125,167.73484802246094,1131200,0.0,0.0
2025-12-17 00:00:00-05:00,166.5,172.9499969482422,165.8000030517578,172.74000549316406,171.3150634765625,2096600,0.0,0.0
2025-12-18 00:00:00-05:00,172.8800048828125,176.6199951171875,172.57000732421875,174.5800018310547,173.13987731933594,1950800,0.0,0.0
2025-12-19 00:00:00-05:00,174.5800018310547,176.97999572753906,173.1999969482422,174.27999877929688,172.84234619140625,3313800,0.0,0.0
2025-12-22 00:00:00-05:00,174.52000427246094,175.9499969482422,172.74000549316406,175.75999450683594,174.3101348876953,977200,0.0,0.0
2025-12-23 00:00:00-05:00,175.8699951171875,178.36000061035156,175.2100067138672,177.1999969482422,175.73826599121094,941300,0.0,0.0
2025-12-24 00:00:00-05:00,177.3300018310547,178.05999755859375,173.99000549316406,175.3800048828125,173.9333038330078,778800,0.0,0.0
2025-12-26 00:00:00-05:00,175.80999755859375,176.0,174.5500030517578,175.4600067138672,174.01263427734375,472300,0.0,0.0
2025-12-29 00:00:00-05:00,173.92999267578125,174.24000549316406,172.25,172.8800048828125,171.4539031982422,727100,0.0,0.0
2025-12-30 00:00:00-05:00,173.5800018310547,173.64999389648438,170.86000061035156,171.02999877929688,169.61917114257812,746000,0.0,0.0
2025-12-31 00:00:00-05:00,170.41000366210938,171.77000427246094,168.47999572753906,169.4499969482422,168.54493713378906,693900,0.5,0.0
2026-01-02 00:00:00-05:00,171.6300048828125,176.58999633789062,171.14999389648438,176.05999755859375,175.11962890625,929700,0.0,0.0
2026-01-05 00:00:00-05:00,176.3300018310547,177.5,170.1300048828125,171.8300018310547,170.9122314453125,1774900,0.0,0.0
2026-01-06 00:00:00-05:00,172.4199981689453,174.0500030517578,168.6699981689453,172.74000549316406,171.81736755371094,1674300,0.0,0.0
2026-01-07 00:00:00-05:00,172.3000030517578,172.5,167.16000366210938,167.8300018310547,166.93359375,1430000,0.0,0.0
2026-01-08 00:00:00-05:00,167.22000122070312,173.10000610351562,166.16000366210938,172.16000366210938,171.24046325683594,1040200,0.0,0.0
2026-01-09 00:00:00-05:00,170.33999633789062,172.42999267578125,168.0,169.27000427246094,168.36590576171875,1153200,0.0,0.0
2026-01-12 00:00:00-05:00,169.19000244140625,170.7899932861328,166.52999877929688,169.35000610351562,168.4454803466797,1088500,0.0,0.0
2026-01-13 00:00:00-05:00,170.1300048828125,172.1300048828125,169.1699981689453,169.83999633789062,168.93284606933594,1023700,0.0,0.0
2026-01-14 00:00:00-05:00,169.25999450683594,173.0500030517578,169.1300048828125,170.8000030517578,169.8877410888672,1511200,0.0,0.0
2026-01-15 00:00:00-05:00,171.77999877929688,175.6300048828125,170.39999389648438,175.11000061035156,174.17471313476562,1921200,0.0,0.0
2026-01-16 00:00:00-05:00,174.64999389648438,175.3000030517578,171.77000427246094,173.5800018310547,172.65289306640625,1022000,0.0,0.0
2026-01-20 00:00:00-05:00,173.0,173.44000244140625,170.85000610351562,171.80999755859375,170.892333984375,979100,0.0,0.0
2026-01-21 00:00:00-05:00,173.6999969482422,180.57000732421875,173.64999389648438,179.8300018310547,178.8695068359375,1134500,0.0,0.0
2026-01-22 00:00:00-05:00,181.82000732421875,182.80999755859375,177.80999755859375,178.80999755859375,177.85494995117188,1305400,0.0,0.0
2026-01-23 00:00:00-05:00,178.69000244140625,181.91000366210938,177.77000427246094,181.32000732421875,180.35154724121094,1405400,0.0,0.0
2026-01-26 00:00:00-05:00,184.39999389648438,185.55999755859375,173.0800018310547,173.32000732421875,172.39427185058594,2190800,0.0,0.0
2026-01-27 00:00:00-05:00,173.4199981689453,177.52999877929688,170.1999969482422,175.64999389648438,174.71182250976562,1677500,0.0,0.0
2026-01-28 00:00:00-05:00,176.22999572753906,176.5500030517578,173.14999389648438,174.3800048828125,173.4486083984375,1286900,0.0,0.0
2026-01-29 00:00:00-05:00,177.02999877929688,182.25999450683594,175.80999755859375,181.97000122070312,180.99806213378906,1578900,0.0,0.0
2026-01-30 00:00:00-05:00,180.02000427246094,183.9499969482422,178.63999938964844,179.57000732421875,178.6108856201172,1392700,0.0,0.0
2026-02-02 00:00:00-05:00,178.6300048828125,186.6199951171875,178.1699981689453,186.5500030517578,185.55360412597656,1676400,0.0,0.0
2026-02-03 00:00:00-05:00,187.8699951171875,195.17999267578125,187.25,192.9499969482422,191.91941833496094,1691500,0.0,0.0
2026-02-04 00:00:00-05:00,193.22999572753906,199.10000610351562,191.97000122070312,198.8800048828125,197.81776428222656,1780900,0.0,0.0
2026-02-05 00:00:00-05:00,195.44000244140625,199.60000610351562,190.8000030517578,193.02000427246094,191.9890594482422,1898900,0.0,0.0
2026-02-06 00:00:00-05:00,195.75,202.86000061035156,195.05999755859375,202.38999938964844,201.3090057373047,1290600,0.0,0.0
2026-02-09 00:00:00-05:00,200.88999938964844,203.97999572753906,197.02999877929688,202.75,201.66708374023438,1190800,0.0,0.0
2026-02-10 00:00:00-05:00,202.5800018310547,203.47999572753906,198.4600067138672,201.1199951171875,200.04579162597656,918500,0.0,0.0
2026-02-11 00:00:00-05:00,205.02000427246094,208.47000122070312,203.80999755859375,205.77999877929688,204.68089294433594,1232500,0.0,0.0
2026-02-12 00:00:00-05:00,205.63999938964844,207.97999572753906,195.10000610351562,199.50999450683594,198.4443817138672,1481800,0.0,0.0
2026-02-13 00:00:00-05:00,189.0,194.27999877929688,185.0,191.67999267578125,190.65618896484375,2643700,0.0,0.0
2026-02-17 00:00:00-05:00,190.8000030517578,192.5500030517578,186.7100067138672,191.9199981689453,190.89492797851562,1119800,0.0,0.0
2026-02-18 00:00:00-05:00,194.05999755859375,195.66000366210938,190.00999450683594,192.74000549316406,191.71054077148438,1137300,0.0,0.0
2026-02-19 00:00:00-05:00,190.52000427246094,193.55999755859375,189.7100067138672,190.5800018310547,189.5620880126953,990100,0.0,0.0
2026-02-20 00:00:00-05:00,190.6999969482422,193.42999267578125,187.05999755859375,193.38999938964844,192.35707092285156,1318700,0.0,0.0
2026-02-23 00:00:00-05:00,193.38999938964844,196.35000610351562,190.3300018310547,196.00999450683594,194.96307373046875,1221400,0.0,0.0
2026-02-24 00:00:00-05:00,195.94000244140625,196.14999389648438,190.6999969482422,190.8699951171875,189.8505401611328,1142200,0.0,0.0
2026-02-25 00:00:00-05:00,193.47000122070312,193.92999267578125,190.33999633789062,191.52999877929688,190.5070037841797,1219100,0.0,0.0
2026-02-26 00:00:00-05:00,191.14999389648438,193.0800018310547,188.5,192.52000427246094,191.49172973632812,804100,0.0,0.0
2026-02-27 00:00:00-05:00,191.13999938964844,193.22000122070312,188.0500030517578,193.1300048828125,192.0984649658203,1320900,0.0,0.0
2026-03-02 00:00:00-05:00,193.13999938964844,201.75999450683594,190.3800048828125,201.50999450683594,200.43370056152344,1412900,0.0,0.0
2026-03-03 00:00:00-05:00,196.02000427246094,197.52000427246094,187.99000549316406,197.4499969482422,196.3953857421875,1057400,0.0,0.0
2026-03-04 00:00:00-05:00,198.69000244140625,199.8000030517578,193.86000061035156,193.91000366210938,192.87429809570312,1001900,0.0,0.0
2026-03-05 00:00:00-05:00,192.10000610351562,193.7899932861328,187.22999572753906,189.97999572753906,188.9652862548828,1228200,0.0,0.0
2026-03-06 00:00:00-05:00,185.8300018310547,186.33999633789062,180.3000030517578,181.61000061035156,180.63999938964844,1239900,0.0,0.0
2026-03-09 00:00:00-04:00,179.25,183.8800048828125,175.00999450683594,182.36000061035156,181.385986328125,1285700,0.0,0.0
2026-03-10 00:00:00-04:00,181.72000122070312,184.07000732421875,179.92999267578125,182.19000244140625,181.21690368652344,794200,0.0,0.0
2026-03-11 00:00:00-04:00,182.83999633789062,185.2899932861328,180.72999572753906,184.25999450683594,183.2758331298828,612800,0.0,0.0
2026-03-12 00:00:00-04:00,181.22000122070312,181.5,174.55999755859375,175.10000610351562,174.16476440429688,1234800,0.0,0.0
2026-03-13 00:00:00-04:00,176.08999633789062,176.8000030517578,169.8699951171875,170.60000610351562,169.68881225585938,1317800,0.0,0.0
2026-03-16 00:00:00-04:00,172.85000610351562,174.63999938964844,171.1699981689453,174.27999877929688,173.34913635253906,1028000,0.0,0.0
2026-03-17 00:00:00-04:00,174.3800048828125,175.5500030517578,171.41000366210938,172.6300048828125,171.7079620361328,1342900,0.0,0.0
2026-03-18 00:00:00-04:00,171.3800048828125,174.24000549316406,168.42999267578125,168.75,167.8486785888672,1249900,0.0,0.0
2026-03-19 00:00:00-04:00,164.6300048828125,170.6699981689453,162.16000366210938,167.55999755859375,166.66502380371094,1604500,0.0,0.0
2026-03-20 00:00:00-04:00,167.80999755859375,168.5,163.19000244140625,163.9499969482422,163.07431030273438,2094100,0.0,0.0
2026-03-23 00:00:00-04:00,169.74000549316406,170.91000366210938,166.1199951171875,166.63999938964844,165.7499542236328,1890200,0.0,0.0
2026-03-24 00:00:00-04:00,166.6300048828125,170.41000366210938,164.5,169.6999969482422,168.79359436035156,1275300,0.0,0.0
2026-03-25 00:00:00-04:00,172.52000427246094,174.86000061035156,172.2899932861328,173.47000122070312,172.54347229003906,1198900,0.0,0.0
2026-03-26 00:00:00-04:00,171.44000244140625,175.05999755859375,171.44000244140625,174.4199981689453,173.48838806152344,1035200,0.0,0.0
2026-03-27 00:00:00-04:00,173.32000732421875,174.38999938964844,169.91000366210938,170.97000122070312,170.05682373046875,980100,0.0,0.0
2026-03-30 00:00:00-04:00,172.63999938964844,175.50999450683594,171.05999755859375,171.77999877929688,170.8625030517578,919400,0.0,0.0
2026-03-31 00:00:00-04:00,173.0,180.47999572753906,171.36000061035156,180.0,179.5926971435547,1651300,0.53,0.0
2026-04-01 00:00:00-04:00,181.97000122070312,184.94000244140625,181.1999969482422,182.85000610351562,182.43624877929688,1036700,0.0,0.0
2026-04-02 00:00:00-04:00,179.27000427246094,184.25,177.8000030517578,180.1999969482422,179.792236328125,937600,0.0,0.0
2026-04-06 00:00:00-04:00,178.63999938964844,180.75,174.22000122070312,176.52999877929688,176.1305389404297,686800,0.0,0.0
2026-04-07 00:00:00-04:00,175.9600067138672,179.27000427246094,174.83999633789062,177.19000244140625,176.78904724121094,1036000,0.0,0.0
2026-04-08 00:00:00-04:00,184.1300048828125,187.83999633789062,183.64999389648438,187.55999755859375,187.1355743408203,802400,0.0,0.0
2026-04-09 00:00:00-04:00,186.7100067138672,190.32000732421875,186.3800048828125,190.0,189.570068359375,899000,0.0,0.0
2026-04-10 00:00:00-04:00,192.5500030517578,194.58999633789062,190.3300018310547,190.57000732421875,190.13877868652344,817600,0.0,0.0
2026-04-13 00:00:00-04:00,189.3800048828125,195.5500030517578,189.30999755859375,195.47000122070312,195.02767944335938,924400,0.0,0.0
2026-04-14 00:00:00-04:00,195.30999755859375,197.8300018310547,194.52000427246094,195.3000030517578,194.8580780029297,962500,0.0,0.0
2026-04-15 00:00:00-04:00,194.1300048828125,195.77999877929688,191.14999389648438,194.11000061035156,193.67076110839844,1126700,0.0,0.0
2026-04-16 00:00:00-04:00,194.11000061035156,197.75,194.11000061035156,195.75,195.3070526123047,783500,0.0,0.0
2026-04-17 00:00:00-04:00,196.0500030517578,202.58999633789062,196.02000427246094,200.32000732421875,199.86671447753906,1207100,0.0,0.0
2026-04-20 00:00:00-04:00,200.97000122070312,211.75,199.91000366210938,209.35000610351562,208.87628173828125,2212700,0.0,0.0
2026-04-21 00:00:00-04:00,211.99000549316406,225.83999633789062,211.1300048828125,220.2100067138672,219.7117156982422,2451300,0.0,0.0
2026-04-22 00:00:00-04:00,224.16000366210938,228.19000244140625,222.4600067138672,227.4600067138672,226.94529724121094,1756500,0.0,0.0
2026-04-23 00:00:00-04:00,228.14999389648438,229.0,222.0,225.0500030517578,224.54075622558594,1712400,0.0,0.0
2026-04-24 00:00:00-04:00,225.1300048828125,228.07000732421875,220.66000366210938,226.7899932861328,226.2768096923828,1181600,0.0,0.0
2026-04-27 00:00:00-04:00,225.8000030517578,227.57000732421875,223.24000549316406,225.0399932861328,224.53076171875,892300,0.0,0.0
2026-04-28 00:00:00-04:00,224.86000061035156,228.1699981689453,220.80999755859375,226.9600067138672,226.44644165039062,1190100,0.0,0.0
2026-04-29 00:00:00-04:00,227.00999450683594,228.9600067138672,223.3000030517578,224.3699951171875,223.86228942871094,864500,0.0,0.0
2026-04-30 00:00:00-04:00,224.55999755859375,229.77999877929688,222.1300048828125,228.66000366210938,228.142578125,1098600,0.0,0.0
2026-05-01 00:00:00-04:00,228.5800018310547,230.94000244140625,225.89999389648438,229.27000427246094,228.75120544433594,941200,0.0,0.0
2026-05-04 00:00:00-04:00,229.11000061035156,229.94000244140625,226.25,229.82000732421875,229.29995727539062,796600,0.0,0.0
2026-05-05 00:00:00-04:00,232.42999267578125,238.74000549316406,231.0,237.4600067138672,236.92266845703125,1127600,0.0,0.0
2026-05-06 00:00:00-04:00,240.44000244140625,243.72999572753906,238.08999633789062,241.85000610351562,241.302734375,971900,0.0,0.0
2026-05-07 00:00:00-04:00,242.99000549316406,242.99000549316406,231.5399932861328,232.9199981689453,232.3929443359375,1142200,0.0,0.0
2026-05-08 00:00:00-04:00,234.5500030517578,237.33999633789062,232.0500030517578,235.10000610351562,234.56800842285156,895900,0.0,0.0
2026-05-11 00:00:00-04:00,235.5500030517578,238.25999450683594,234.4199981689453,235.97000122070312,235.43603515625,755800,0.0,0.0
2026-05-12 00:00:00-04:00,234.32000732421875,235.14999389648438,230.25999450683594,232.8000030517578,232.27320861816406,954300,0.0,0.0
2026-05-13 00:00:00-04:00,233.6199951171875,238.07000732421875,233.10000610351562,237.0800018310547,236.5435333251953,1191100,0.0,0.0
2026-05-14 00:00:00-04:00,238.7899932861328,238.85000610351562,232.38999938964844,234.67999267578125,234.14895629882812,937200,0.0,0.0
2026-05-15 00:00:00-04:00,230.0500030517578,231.3300018310547,226.75,229.33999633789062,228.821044921875,1020000,0.0,0.0
2026-05-18 00:00:00-04:00,229.32000732421875,230.08999633789062,225.91000366210938,228.5800018310547,228.06275939941406,758500,0.0,0.0
2026-05-19 00:00:00-04:00,223.27999877929688,224.55999755859375,219.02999877929688,223.3699951171875,222.8645477294922,1251200,0.0,0.0
2026-05-20 00:00:00-04:00,224.52000427246094,228.49000549316406,222.33999633789062,228.3000030517578,227.7834014892578,933700,0.0,0.0
2026-05-21 00:00:00-04:00,228.0500030517578,232.8000030517578,227.10000610351562,231.83999633789062,231.3153839111328,798600,0.0,0.0
2026-05-22 00:00:00-04:00,233.94000244140625,242.9499969482422,233.16000366210938,240.02999877929688,239.48684692382812,1187600,0.0,0.0
2026-05-26 00:00:00-04:00,241.67999267578125,250.67999267578125,240.72999572753906,250.49000549316406,249.92318725585938,1069300,0.0,0.0
2026-05-27 00:00:00-04:00,250.49000549316406,259.9100036621094,248.19000244140625,258.2200012207031,257.63568115234375,1282200,0.0,0.0
2026-05-28 00:00:00-04:00,257.010009765625,261.8399963378906,250.50999450683594,260.75,260.15997314453125,1256300,0.0,0.0
2026-05-29 00:00:00-04:00,260.489990234375,263.0899963378906,257.9599914550781,260.1499938964844,259.5613098144531,2119300,0.0,0.0
2026-06-01 00:00:00-04:00,257.3299865722656,262.239990234375,255.1999969482422,261.5899963378906,260.9980773925781,901400,0.0,0.0
2026-06-02 00:00:00-04:00,263.32000732421875,273.54998779296875,260.3299865722656,271.4100036621094,270.79583740234375,1089500,0.0,0.0
2026-06-03 00:00:00-04:00,271.7300109863281,277.7900085449219,267.3399963378906,275.1300048828125,274.5074462890625,1052300,0.0,0.0
2026-06-04 00:00:00-04:00,274.5799865722656,280.489990234375,270.010009765625,276.8500061035156,276.2235412597656,890000,0.0,0.0
2026-06-05 00:00:00-04:00,273.8900146484375,276.17999267578125,265.6199951171875,268.5,267.8924255371094,1120200,0.0,0.0
2026-06-08 00:00:00-04:00,270.010009765625,270.489990234375,265.42999267578125,267.20001220703125,266.59539794921875,1115700,0.0,0.0
2026-06-09 00:00:00-04:00,273.0,273.0,259.5199890136719,269.79998779296875,269.1894836425781,870300,0.0,0.0
2026-06-10 00:00:00-04:00,270.30999755859375,274.69000244140625,267.4599914550781,268.3399963378906,267.7327880859375,1225600,0.0,0.0
2026-06-11 00:00:00-04:00,271.989990234375,281.5899963378906,270.5299987792969,279.54998779296875,278.91741943359375,805100,0.0,0.0
2026-06-12 00:00:00-04:00,283.739990234375,285.8800048828125,279.6499938964844,282.760009765625,282.12017822265625,799500,0.0,0.0
2026-06-15 00:00:00-04:00,288.0299987792969,288.739990234375,270.510009765625,272.19000244140625,271.5740966796875,1614100,0.0,0.0
2026-06-16 00:00:00-04:00,273.8500061035156,278.9700012207031,272.20001220703125,274.2900085449219,273.6693420410156,1239400,0.0,0.0
2026-06-17 00:00:00-04:00,272.3299865722656,276.3900146484375,265.20001220703125,270.1300048828125,269.51873779296875,1146200,0.0,0.0
2026-06-18 00:00:00-04:00,261.8999938964844,261.989990234375,248.0500030517578,249.91000366210938,249.34449768066406,4526400,0.0,0.0
2026-06-22 00:00:00-04:00,250.36000061035156,253.5,249.27999877929688,250.97999572753906,250.4120635986328,1510800,0.0,0.0
2026-06-23 00:00:00-04:00,246.25,248.72000122070312,242.67999267578125,243.69000244140625,243.13858032226562,1678200,0.0,0.0
2026-06-24 00:00:00-04:00,243.61000061035156,245.1699981689453,239.52000427246094,241.42999267578125,240.88368225097656,976800,0.0,0.0
2026-06-25 00:00:00-04:00,243.52999877929688,251.1999969482422,241.1300048828125,251.0,250.43202209472656,1121400,0.0,0.0
2026-06-26 00:00:00-04:00,245.38999938964844,249.27000427246094,241.8699951171875,245.49000549316406,244.93450927734375,1667800,0.0,0.0
2026-06-29 00:00:00-04:00,244.17999267578125,246.91000366210938,231.49000549316406,234.22000122070312,233.69000244140625,1246900,0.0,0.0
2026-06-30 00:00:00-04:00,235.5399932861328,236.1199951171875,228.97000122070312,229.4600067138672,229.4600067138672,1404600,0.53,0.0
2026-07-01 00:00:00-04:00,226.11000061035156,226.86000061035156,218.72999572753906,221.75999450683594,221.75999450683594,1392800,0.0,0.0
2026-07-02 00:00:00-04:00,220.60000610351562,224.39999389648438,216.36000061035156,220.38999938964844,220.38999938964844,1611300,0.0,0.0
2026-07-06 00:00:00-04:00,220.38999938964844,227.4499969482422,219.19000244140625,227.07000732421875,227.07000732421875,994300,0.0,0.0
2026-07-07 00:00:00-04:00,226.39999389648438,230.0,223.60000610351562,229.6199951171875,229.6199951171875,1244900,0.0,0.0
2026-07-08 00:00:00-04:00,227.4499969482422,231.99000549316406,226.3000030517578,228.75999450683594,228.75999450683594,985200,0.0,0.0
2026-07-09 00:00:00-04:00,230.02999877929688,230.5,221.52000427246094,222.05999755859375,222.05999755859375,934000,0.0,0.0
2026-07-10 00:00:00-04:00,222.05999755859375,229.24000549316406,222.05999755859375,228.4199981689453,228.4199981689453,1145100,0.0,0.0
2026-07-13 00:00:00-04:00,229.17999267578125,237.13999938964844,229.17999267578125,234.13999938964844,234.13999938964844,1117200,0.0,0.0
2026-07-14 00:00:00-04:00,236.72000122070312,238.64999389648438,231.08999633789062,233.35000610351562,233.35000610351562,954300,0.0,0.0
2026-07-15 00:00:00-04:00,233.80999755859375,236.9499969482422,230.61000061035156,235.55999755859375,235.55999755859375,810100,0.0,0.0
2026-07-16 00:00:00-04:00,234.11000061035156,237.77999877929688,233.47999572753906,234.97999572753906,234.97999572753906,1286900,0.0,0.0
2026-07-17 00:00:00-04:00,232.6999969482422,236.3300018310547,229.6300048828125,235.50999450683594,235.50999450683594,812100,0.0,0.0
2026-07-20 00:00:00-04:00,235.88999938964844,237.3699951171875,228.77000427246094,230.49000549316406,230.49000549316406,1770200,0.0,0.0
2026-07-21 00:00:00-04:00,239.07000732421875,239.99000549316406,231.9600067138672,233.52000427246094,233.52000427246094,1818100,0.0,0.0
2026-07-22 00:00:00-04:00,235.8300018310547,241.5500030517578,234.94000244140625,238.63999938964844,238.63999938964844,1291100,0.0,0.0
2026-07-23 00:00:00-04:00,240.47000122070312,246.42999267578125,238.19000244140625,240.57000732421875,240.57000732421875,1190700,0.0,0.0
2026-07-24 00:00:00-04:00,240.94000244140625,247.67999267578125,239.2100067138672,247.11000061035156,247.11000061035156,862800,0.0,0.0
2026-07-27 00:00:00-04:00,246.49000549316406,250.83999633789062,244.8800048828125,250.27000427246094,250.27000427246094,1412600,0.0,0.0
2026-07-28 00:00:00-04:00,250.3000030517578,261.3999938964844,250.0,259.739990234375,259.739990234375,1497800,0.0,0.0
2026-07-29 00:00:00-04:00,265.19000244140625,265.54998779296875,250.9199981689453,252.33999633789062,252.33999633789062,1327800,0.0,0.0
2026-07-30 00:00:00-04:00,255.0800018310547,255.30999755859375,248.02999877929688,252.5,252.5,920000,0.0,0.0
2026-07-31 00:00:00-04:00,255.22999572753906,255.22999572753906,250.3000030517578,251.25999450683594,251.25999450683594,902400,0.0,0.0
2026-08-03 00:00:00-04:00,255.72000122070312,258.5299987792969,245.1199951171875,258.3800048828125,258.3800048828125,1037700,0.0,0.0
2026-08-04 00:00:00-04:00,264.0,267.2099914550781,253.60000610351562,265.1000061035156,265.1000061035156,1659400,0.0,0.0
2026-08-05 00:00:00-04:00,267.69000244140625,273.3599853515625,264.5,265.9599914550781,265.9599914550781,1104300,0.0,0.0
2026-08-06 00:00:00-04:00,266.1300048828125,266.6099853515625,260.9200134277344,261.4800109863281,261.4800109863281,902900,0.0,0.0
2026-08-07 00:00:00-04:00,261.3699951171875,262.760009765625,255.8000030517578,262.45001220703125,262.45001220703125,995000,0.0,0.0
2026-08-10 00:00:00-04:00,262.7099914550781,269.17999267578125,261.70001220703125,268.6000061035156,268.6000061035156,1229700,0.0,0.0
2026-08-11 00:00:00-04:00,267.8900146484375,271.0,263.0400085449219,263.69000244140625,263.69000244140625,925800,0.0,0.0
2026-08-12 00:00:00-04:00,264.8800048828125,264.8800048828125,260.239990234375,263.17999267578125,263.17999267578125,706000,0.0,0.0
2026-08-13 00:00:00-04:00,264.8500061035156,264.8500061035156,259.5,260.5299987792969,260.5299987792969,607800,0.0,0.0
2026-08-14 00:00:00-04:00,262.1400146484375,263.2300109863281,255.11000061035156,255.77000427246094,255.77000427246094,891000,0.0,0.0
